t_s,wall_time_s,debug_age_s,cmd_age_s,odom_age_s,control_error_age_s,mode,mode_code,raw_valid,cmd_published,lane_state,confidence,fps_est,epsilon_x_mm,e_x_f_mm,e_x_used_mm,theta_raw_rad,theta_f_rad,theta_used_rad,de_x_f,dtheta_f,k_lat_used,k_theta_used,kd_lat,kd_theta,p_lat,p_theta,d_lat,d_theta,v_des,v_ref,v_cmd_internal,cmd_v_topic,odom_v,omega_raw,omega_des,omega_ref,omega_cmd_internal,cmd_omega_topic,odom_omega,omega_limit,curve_confirmed,curve_evidence,center_zone,near_zone,large_error,slow_factor,kappa_m,L_d_m,v_left_est,v_right_est,delta_v_cmd,odom_x,odom_y,odom_yaw,linear_tracking_error,angular_tracking_error
0.4193887710571289,1784883157.1576843,nan,nan,nan,nan,,0,0,0,,nan,nan,nan,nan,nan,nan,nan,nan,nan,nan,nan,nan,nan,nan,nan,nan,nan,nan,nan,nan,nan,nan,nan,nan,nan,nan,nan,nan,nan,nan,0,nan,0,0,0,nan,nan,nan,nan,nan,nan,nan,nan,nan,nan,nan
1.327282190322876,1784883158.0655773,nan,nan,nan,nan,,0,0,0,,nan,nan,nan,nan,nan,nan,nan,nan,nan,nan,nan,nan,nan,nan,nan,nan,nan,nan,nan,nan,nan,nan,nan,nan,nan,nan,nan,nan,nan,nan,0,nan,0,0,0,nan,nan,nan,nan,nan,nan,nan,nan,nan,nan,nan
1.6663448810577393,1784883158.4046397,nan,6.532669067382812e-05,nan,nan,,0,0,0,,nan,nan,nan,nan,nan,nan,nan,nan,nan,nan,nan,nan,nan,nan,nan,nan,nan,nan,nan,nan,nan,0.07950377420056552,nan,nan,nan,nan,nan,-0.21378601134810413,nan,nan,0,nan,0,0,0,nan,nan,nan,nan,nan,nan,nan,nan,nan,nan,nan
2.070154905319214,1784883158.8084497,nan,0.40387582778930664,nan,nan,,0,0,0,,nan,nan,nan,nan,nan,nan,nan,nan,nan,nan,nan,nan,nan,nan,nan,nan,nan,nan,nan,nan,nan,0.07950377420056552,nan,nan,nan,nan,nan,-0.21378601134810413,nan,nan,0,nan,0,0,0,nan,nan,nan,nan,nan,nan,nan,nan,nan,nan,nan
2.406770706176758,1784883159.1450658,nan,0.7404913902282715,nan,nan,,0,0,0,,nan,nan,nan,nan,nan,nan,nan,nan,nan,nan,nan,nan,nan,nan,nan,nan,nan,nan,nan,nan,nan,0.07950377420056552,nan,nan,nan,nan,nan,-0.21378601134810413,nan,nan,0,nan,0,0,0,nan,nan,nan,nan,nan,nan,nan,nan,nan,nan,nan
2.7545437812805176,1784883159.492839,nan,8.177757263183594e-05,nan,nan,,0,0,0,,nan,nan,nan,nan,nan,nan,nan,nan,nan,nan,nan,nan,nan,nan,nan,nan,nan,nan,nan,nan,nan,0.07950377420056552,nan,nan,nan,nan,nan,-0.21378601134810413,nan,nan,0,nan,0,0,0,nan,nan,nan,nan,nan,nan,nan,nan,nan,nan,nan
3.0990684032440186,1784883159.8373635,nan,0.3446052074432373,3.6716461181640625e-05,nan,,0,0,0,,nan,nan,nan,nan,nan,nan,nan,nan,nan,nan,nan,nan,nan,nan,nan,nan,nan,nan,nan,nan,nan,0.07950377420056552,0.07612499594688416,nan,nan,nan,nan,-0.21378601134810413,-0.28369566798210144,nan,0,nan,0,0,0,nan,nan,nan,nan,nan,nan,10.252338409423828,-3.321143627166748,-0.656131455795244,0.0033787782536813665,0.06990965663399731
3.4224603176116943,1784883160.1607556,9.512901306152344e-05,0.6679983139038086,0.32343029975891113,nan,curve_pd,1,1,1,FOLLOW_MAIN,1.0,4.2303922153281315,37.4,37.247682471992384,37.247682471992384,0.27,0.26865289000196485,0.26865289000196485,0.0007243903057046521,0.004770839449058074,0.58,0.72,0.01,0.05,-0.02160365583375558,-0.1934300808014147,-7.243903057046521e-06,-0.00023854197245290373,0.07961800695635289,0.07961800695635289,0.07961800695635289,0.07950377420056552,0.07612499594688416,-0.21527952251068022,-0.21527952251068022,-0.21527952251068022,-0.21527952251068022,-0.21378601134810413,-0.28369566798210144,0.38,1,1.0,0,0,0,0.838084283751083,-0.08011825878678802,nan,0.09414937472582381,0.06508663918688197,-0.029062735538941842,10.252338409423828,-3.321143627166748,-0.656131455795244,0.0033787782536813665,0.06990965663399731
3.868039846420288,1784883160.6063347,6.318092346191406e-05,0.44199681282043457,0.4383828639984131,nan,curve_pd,1,1,1,FOLLOW_MAIN,1.0,10.07272826926129,-21.400000000000002,22.07464977247527,22.07464977247527,-0.153,0.15916888179418046,0.15916888179418046,-0.045106426870167464,-0.25584538199600804,0.58,0.72,0.01,0.05,-0.012803296868035656,-0.11460159489180992,0.00045106426870167467,0.012792269099800403,0.08339548233390741,0.03606202951637938,0.03606202951637938,0.07961800695635289,0.0833749994635582,-0.1141615583913435,-0.1141615583913435,-0.1247685707502806,-0.1247685707502806,-0.21527952251068022,-0.22065217792987823,0.38,1,1.0,0,0,0,0.8778471824621833,-0.7796460723904887,nan,0.04448390804202332,0.02764015099073544,-0.016843757051287878,10.257623672485352,-3.3252127170562744,-0.673783509703425,-0.003756992507205306,0.005372655419198014
4.234563112258911,1784883160.972858,0.3666341304779053,8.368492126464844e-05,0.8049538135528564,nan,curve_pd,1,1,1,FOLLOW_MAIN,1.0,10.07272826926129,-21.400000000000002,22.07464977247527,22.07464977247527,-0.153,0.15916888179418046,0.15916888179418046,-0.045106426870167464,-0.25584538199600804,0.58,0.72,0.01,0.05,-0.012803296868035656,-0.11460159489180992,0.00045106426870167467,0.012792269099800403,0.08339548233390741,0.03606202951637938,0.03606202951637938,0.061572788799763654,0.0833749994635582,-0.1141615583913435,-0.1141615583913435,-0.1247685707502806,-0.1247685707502806,0.13450123804863137,-0.22065217792987823,0.38,1,1.0,0,0,0,0.8778471824621833,-0.7796460723904887,nan,0.04448390804202332,0.02764015099073544,-0.016843757051287878,10.257623672485352,-3.3252127170562744,-0.673783509703425,-0.021802210663794543,0.3551534159785096
4.656137466430664,1784883161.3944325,0.7881615161895752,0.4216117858886719,4.4345855712890625e-05,nan,curve_pd,1,1,1,FOLLOW_MAIN,1.0,10.07272826926129,-21.400000000000002,22.07464977247527,22.07464977247527,-0.153,0.15916888179418046,0.15916888179418046,-0.045106426870167464,-0.25584538199600804,0.58,0.72,0.01,0.05,-0.012803296868035656,-0.11460159489180992,0.00045106426870167467,0.012792269099800403,0.08339548233390741,0.03606202951637938,0.03606202951637938,0.061572788799763654,0.0253749992698431,-0.1141615583913435,-0.1141615583913435,-0.1247685707502806,-0.1247685707502806,0.13450123804863137,-0.09456521272659302,0.38,1,1.0,0,0,0,0.8778471824621833,-0.7796460723904887,nan,0.04448390804202332,0.02764015099073544,-0.016843757051287878,10.384256362915039,-3.523165225982666,-1.4479571561824538,0.03619778952992055,0.2290664507752244
5.029889106750488,1784883161.7681847,1.1619138717651367,0.7953639030456543,0.3737974166870117,6.413459777832031e-05,curve_pd,1,1,1,FOLLOW_MAIN,1.0,10.07272826926129,-21.400000000000002,22.07464977247527,22.07464977247527,-0.153,0.15916888179418046,0.15916888179418046,-0.045106426870167464,-0.25584538199600804,0.58,0.72,0.01,0.05,-0.012803296868035656,-0.11460159489180992,0.00045106426870167467,0.012792269099800403,0.08339548233390741,0.03606202951637938,0.03606202951637938,0.061572788799763654,0.0253749992698431,-0.1141615583913435,-0.1141615583913435,-0.1247685707502806,-0.1247685707502806,0.13450123804863137,-0.09456521272659302,0.38,1,1.0,0,0,0,0.8778471824621833,-0.7796460723904887,nan,0.04448390804202332,0.02764015099073544,-0.016843757051287878,10.384256362915039,-3.523165225982666,-1.4479571561824538,0.03619778952992055,0.2290664507752244
5.347076177597046,1784883162.085371,6.961822509765625e-05,1.1125495433807373,0.6909825801849365,0.317249059677124,curve_pd,1,1,1,FOLLOW_MAIN,1.0,5.487374129363269,-135.6,-135.52383382026383,-135.52383382026383,-0.231,-0.23315749709502767,-0.23315749709502767,-0.022713538342870338,0.12513595354118975,0.58,0.72,0.01,0.05,0.07860382361575302,0.16787339790841993,0.0002271353834287034,-0.006256797677059488,0.07590747776196001,0.07590747776196001,0.07590747776196001,0.061572788799763654,0.0253749992698431,0.24044755923054215,0.24044755923054215,0.24044755923054215,0.24044755923054215,0.13450123804863137,-0.09456521272659302,0.38,1,2.0,0,0,0,0.7990260817048421,-0.03595382107029853,nan,0.059677267513898416,0.0921376880100216,0.03246042049612319,10.384256362915039,-3.523165225982666,-1.4479571561824538,0.03619778952992055,0.2290664507752244
5.699617624282837,1784883162.437913,0.3526113033294678,0.34915685653686523,6.175041198730469e-05,0.3422236442565918,curve_pd,1,1,1,FOLLOW_MAIN,1.0,5.487374129363269,-135.6,-135.52383382026383,-135.52383382026383,-0.231,-0.23315749709502767,-0.23315749709502767,-0.022713538342870338,0.12513595354118975,0.58,0.72,0.01,0.05,0.07860382361575302,0.16787339790841993,0.0002271353834287034,-0.006256797677059488,0.07590747776196001,0.07590747776196001,0.07590747776196001,0.07596556490662733,0.10875000059604645,0.24044755923054215,0.24044755923054215,0.24044755923054215,0.24044755923054215,0.24170215250079255,-1.6196914032207133e-08,0.38,1,2.0,0,0,0,0.7990260817048421,-0.03595382107029853,nan,0.059677267513898416,0.0921376880100216,0.03246042049612319,10.389927864074707,-3.566516637802124,-1.4415580957116425,-0.03278443568941912,0.24170216869770658
6.015599727630615,1784883162.7538948,8.440017700195312e-05,0.6651391983032227,0.31604456901550293,0.6582067012786865,curve_pd,1,1,1,FOLLOW_MAIN,1.0,5.7698354757076835,-135.6,-135.5752428622103,-135.5752428622103,-0.231,-0.2317012751991427,-0.2317012751991427,-0.01357717178143763,0.07784356440973086,0.58,0.72,0.01,0.05,0.07863364086008198,0.16682491814338274,0.0001357717178143763,-0.0038921782204865436,0.07596556490662733,0.07596556490662733,0.07596556490662733,0.07596556490662733,0.10875000059604645,0.24170215250079255,0.24170215250079255,0.24170215250079255,0.24170215250079255,0.24170215250079255,-1.6196914032207133e-08,0.38,1,2.0,0,0,0,0.7996375253329192,-0.03595359893674142,nan,0.05965066961282383,0.09228046020043082,0.03262979058760699,10.389927864074707,-3.566516637802124,-1.4415580957116425,-0.03278443568941912,0.24170216869770658
6.323004961013794,1784883163.0613,0.30748939514160156,0.28989505767822266,3.886222839355469e-05,0.2933356761932373,curve_pd,1,1,1,FOLLOW_MAIN,1.0,5.7698354757076835,-135.6,-135.5752428622103,-135.5752428622103,-0.231,-0.2317012751991427,-0.2317012751991427,-0.01357717178143763,0.07784356440973086,0.58,0.72,0.01,0.05,0.07863364086008198,0.16682491814338274,0.0001357717178143763,-0.0038921782204865436,0.07596556490662733,0.07596556490662733,0.07596556490662733,0.07596556490662733,0.06162499636411667,0.24170215250079255,0.24170215250079255,0.24170215250079255,0.24170215250079255,0.24170215250079255,0.031521737575531006,0.38,1,2.0,0,0,0,0.7996375253329192,-0.03595359893674142,nan,0.05965066961282383,0.09228046020043082,0.03262979058760699,10.392759323120117,-3.5877230167388916,-1.4314710650874578,0.01434056854251066,0.21018041492526154
6.701328754425049,1784883163.4396238,0.6858136653900146,6.890296936035156e-05,0.37836337089538574,0.6716599464416504,curve_pd,1,1,1,FOLLOW_MAIN,1.0,5.7698354757076835,-135.6,-135.5752428622103,-135.5752428622103,-0.231,-0.2317012751991427,-0.2317012751991427,-0.01357717178143763,0.07784356440973086,0.58,0.72,0.01,0.05,0.07863364086008198,0.16682491814338274,0.0001357717178143763,-0.0038921782204865436,0.07596556490662733,0.07596556490662733,0.07596556490662733,0.07596556490662733,0.06162499636411667,0.24170215250079255,0.24170215250079255,0.24170215250079255,0.24170215250079255,0.24170215250079255,0.031521737575531006,0.38,1,2.0,0,0,0,0.7996375253329192,-0.03595359893674142,nan,0.05965066961282383,0.09228046020043082,0.03262979058760699,10.392759323120117,-3.5877230167388916,-1.4314710650874578,0.01434056854251066,0.21018041492526154
7.033769607543945,1784883163.7720644,8.630752563476562e-05,0.33250927925109863,0.7108035087585449,1.0041003227233887,curve_pd,1,1,1,FOLLOW_MAIN,1.0,5.392339416275475,-135.6,-135.5999460778244,-135.5999460778244,-0.231,-0.23100152740937854,-0.23100152740937854,-0.0007873695999197685,0.004742414175718792,0.58,0.72,0.01,0.05,0.07864796872513814,0.16632109973475254,7.873695999197685e-06,-0.00023712070878593961,0.0759934926522394,0.0336763349758537,0.0336763349758537,0.07596556490662733,0.06162499636411667,0.24473982144710396,0.24473982144710396,0.24473982144710396,0.24473982144710396,0.24170215250079255,0.031521737575531006,0.38,1,2.0,0,0,0,0.7999315016025199,-0.035953589922361265,nan,0.01715639702817418,0.05019627292353322,0.03303987589535905,10.392759323120117,-3.5877230167388916,-1.4314710650874578,0.01434056854251066,0.21018041492526154
7.360973834991455,1784883164.099269,0.32729101181030273,3.6716461181640625e-05,0.32039809226989746,0.3170804977416992,curve_pd,1,1,1,FOLLOW_MAIN,1.0,5.392339416275475,-135.6,-135.5999460778244,-135.5999460778244,-0.231,-0.23100152740937854,-0.23100152740937854,-0.0007873695999197685,0.004742414175718792,0.58,0.72,0.01,0.05,0.07864796872513814,0.16632109973475254,7.873695999197685e-06,-0.00023712070878593961,0.0759934926522394,0.0336763349758537,0.0336763349758537,0.03681600425577084,0.07249999791383743,0.24473982144710396,0.24473982144710396,0.24473982144710396,0.24473982144710396,0.24473982144710396,0.0630434900522232,0.38,1,2.0,0,0,0,0.7999315016025199,-0.035953589922361265,nan,0.01715639702817418,0.05019627292353322,0.03303987589535905,10.39525032043457,-3.604694366455078,-1.4112341148535772,-0.03568399365806659,0.18169633139488076
7.689988374710083,1784883164.4282835,0.6563055515289307,0.3106117248535156,4.410743713378906e-05,0.3222081661224365,curve_pd,1,1,1,FOLLOW_MAIN,1.0,5.392339416275475,-135.6,-135.5999460778244,-135.5999460778244,-0.231,-0.23100152740937854,-0.23100152740937854,-0.0007873695999197685,0.004742414175718792,0.58,0.72,0.01,0.05,0.07864796872513814,0.16632109973475254,7.873695999197685e-06,-0.00023712070878593961,0.0759934926522394,0.0336763349758537,0.0336763349758537,0.01975921423989348,0.02174999937415123,0.24473982144710396,0.24473982144710396,0.24473982144710396,0.24473982144710396,0.2449287360556924,0.18913042545318604,0.38,1,2.0,0,0,0,0.7999315016025199,-0.035953589922361265,nan,0.01715639702817418,0.05019627292353322,0.03303987589535905,10.412808418273926,-3.681675672531128,-1.1925994598727203,-0.001990785134257749,0.05579831060250637
8.045957803726196,1784883164.784253,6.437301635742188e-05,0.3523259162902832,0.34176158905029297,0.34545230865478516,curve_pd,1,1,1,FOLLOW_MAIN,1.0,4.763505477796496,-135.6,-135.5999999692129,-135.5999999692129,-0.231,-0.23100000087208186,-0.23100000087208186,-2.4147292115002358e-05,0.00014578349686731758,0.58,0.72,0.01,0.05,0.07864799998214346,0.16632000062789892,2.414729211500236e-07,-7.289174843365879e-06,0.07599355358928289,0.07031836383970222,0.07031836383970222,0.026437960960029157,0.036249998956918716,0.24496095290812017,0.24496095290812017,0.24496095290812017,0.24496095290812017,0.24494431165743744,0.31521737575531006,0.38,1,2.0,0,0,0,0.7999321430450831,-0.035953589922361084,nan,0.05378349951840411,0.08685322816100033,0.03306972864259622,10.416102409362793,-3.6894118785858154,-1.119468806941965,-0.00981203799688956,-0.07027306409787262
8.437050580978394,1784883165.1753457,0.3911571502685547,0.38773298263549805,3.695487976074219e-05,0.7365446090698242,curve_pd,1,1,1,FOLLOW_MAIN,1.0,4.763505477796496,-135.6,-135.5999999692129,-135.5999999692129,-0.231,-0.23100000087208186,-0.23100000087208186,-2.4147292115002358e-05,0.00014578349686731758,0.58,0.72,0.01,0.05,0.07864799998214346,0.16632000062789892,2.414729211500236e-07,-7.289174843365879e-06,0.07599355358928289,0.07031836383970222,0.07031836383970222,0.07353659023990622,0.036249998956918716,0.24496095290812017,0.24496095290812017,0.24496095290812017,0.24496095290812017,0.24496095290812017,0.31521737575531006,0.38,1,2.0,0,0,0,0.7999321430450831,-0.035953589922361084,nan,0.05378349951840411,0.08685322816100033,0.03306972864259622,10.425686836242676,-3.7060189247131348,-0.952561052670108,0.0372865912829875,-0.07025642284718989
8.739012241363525,1784883165.4773076,0.6931192874908447,0.6896953582763672,0.301999568939209,5.7697296142578125e-05,curve_pd,1,1,1,FOLLOW_MAIN,1.0,4.763505477796496,-135.6,-135.5999999692129,-135.5999999692129,-0.231,-0.23100000087208186,-0.23100000087208186,-2.4147292115002358e-05,0.00014578349686731758,0.58,0.72,0.01,0.05,0.07864799998214346,0.16632000062789892,2.414729211500236e-07,-7.289174843365879e-06,0.07599355358928289,0.07031836383970222,0.07031836383970222,0.07353659023990622,0.036249998956918716,0.24496095290812017,0.24496095290812017,0.24496095290812017,0.24496095290812017,0.24496095290812017,0.31521737575531006,0.38,1,2.0,0,0,0,0.7999321430450831,-0.035953589922361084,nan,0.05378349951840411,0.08685322816100033,0.03306972864259622,10.425686836242676,-3.7060189247131348,-0.952561052670108,0.0372865912829875,-0.07025642284718989
9.093106269836426,1784883165.8314016,0.3502674102783203,0.3468356132507324,0.3317859172821045,0.35415148735046387,curve_pd,1,1,1,FOLLOW_MAIN,1.0,6.111747246157735,-137.20000000000002,-135.59999999957492,-135.59999999957492,-0.775,-0.23100000001204057,-0.23100000001204057,-3.272769898865246e-06,1.9759368904795463e-05,0.58,0.72,0.01,0.05,0.07864799999975344,0.1663200000086692,3.272769898865246e-08,-9.879684452397731e-07,0.065,0.065,0.065,0.065,0.04712499678134918,0.2449670447676764,0.2449670447676764,0.2449670447676764,0.2449670447676764,0.2449670447676764,0.34673914313316345,0.38,1,3.0,0,0,0,0.6723541959517271,5.0,nan,0.04846472447818184,0.08153527552181816,0.03307055104363632,10.434348106384277,-3.7170910835266113,-0.8353635742776331,0.01787500321865082,-0.10177209836548706
9.426669597625732,1784883166.1649647,0.6838314533233643,6.461143493652344e-05,0.6653501987457275,0.6877155303955078,curve_pd,1,1,1,FOLLOW_MAIN,1.0,6.111747246157735,-137.20000000000002,-135.59999999957492,-135.59999999957492,-0.775,-0.23100000001204057,-0.23100000001204057,-3.272769898865246e-06,1.9759368904795463e-05,0.58,0.72,0.01,0.05,0.07864799999975344,0.1663200000086692,3.272769898865246e-08,-9.879684452397731e-07,0.065,0.065,0.065,0.065,0.04712499678134918,0.2449670447676764,0.2449670447676764,0.2449670447676764,0.2449670447676764,0.2449670447676764,0.34673914313316345,0.38,1,3.0,0,0,0,0.6723541959517271,5.0,nan,0.04846472447818184,0.08153527552181816,0.03307055104363632,10.434348106384277,-3.7170910835266113,-0.8353635742776331,0.01787500321865082,-0.10177209836548706
9.773950338363647,1784883166.5122457,1.0311124324798584,0.34734582901000977,0.34355902671813965,1.0349969863891602,curve_pd,1,1,1,FOLLOW_MAIN,1.0,6.111747246157735,-137.20000000000002,-135.59999999957492,-135.59999999957492,-0.775,-0.23100000001204057,-0.23100000001204057,-3.272769898865246e-06,1.9759368904795463e-05,0.58,0.72,0.01,0.05,0.07864799999975344,0.1663200000086692,3.272769898865246e-08,-9.879684452397731e-07,0.065,0.065,0.065,0.065,0.11962499469518661,0.2449670447676764,0.2449670447676764,0.2449670447676764,0.2449670447676764,0.2449670447676764,0.22065219283103943,0.38,1,3.0,0,0,0,0.6723541959517271,5.0,nan,0.04846472447818184,0.08153527552181816,0.03307055104363632,10.445744514465332,-3.729687452316284,-0.8040310681039368,-0.05462499469518661,0.02431485193663696
10.131096363067627,1784883166.8693912,1.3882570266723633,2.86102294921875e-05,0.7007029056549072,0.34508776664733887,curve_pd,1,1,1,FOLLOW_MAIN,1.0,6.111747246157735,-137.20000000000002,-135.59999999957492,-135.59999999957492,-0.775,-0.23100000001204057,-0.23100000001204057,-3.272769898865246e-06,1.9759368904795463e-05,0.58,0.72,0.01,0.05,0.07864799999975344,0.1663200000086692,3.272769898865246e-08,-9.879684452397731e-07,0.065,0.065,0.065,0.07,0.11962499469518661,0.2449670447676764,0.2449670447676764,0.2449670447676764,0.2449670447676764,0.38,0.22065219283103943,0.38,1,3.0,0,0,0,0.6723541959517271,5.0,nan,0.04846472447818184,0.08153527552181816,0.03307055104363632,10.445744514465332,-3.729687452316284,-0.8040310681039368,-0.04962499469518661,0.15934780716896058
10.449180364608765,1784883167.1874754,1.7063407897949219,0.318112850189209,3.5762786865234375e-05,0.6631720066070557,curve_pd,1,1,1,FOLLOW_MAIN,1.0,6.111747246157735,-137.20000000000002,-135.59999999957492,-135.59999999957492,-0.775,-0.23100000001204057,-0.23100000001204057,-3.272769898865246e-06,1.9759368904795463e-05,0.58,0.72,0.01,0.05,0.07864799999975344,0.1663200000086692,3.272769898865246e-08,-9.879684452397731e-07,0.065,0.065,0.065,0.07,0.07249999791383743,0.2449670447676764,0.2449670447676764,0.2449670447676764,0.2449670447676764,0.38,0.31521737575531006,0.38,1,3.0,0,0,0,0.6723541959517271,5.0,nan,0.04846472447818184,0.08153527552181816,0.03307055104363632,10.502696990966797,-3.7748303413391113,-0.4155566296497269,-0.002499997913837426,0.06478262424468995
10.787914514541626,1784883167.5262096,5.14984130859375e-05,0.3300321102142334,0.3227877616882324,0.33376383781433105,large_error_pd,2,1,1,FOLLOW_MAIN,1.0,6.97041817836853,-72.60000000000001,-117.39643343894284,-117.39643343894284,-0.47800000000000004,-0.694679094569742,-0.694679094569742,0.03228056611264804,0.05404733076702323,0.65,0.72,0.01,0.05,0.07630768173531284,0.5001689480902142,-0.0003228056611264804,-0.0027023665383511617,0.07,0.0373445475200424,0.0373445475200424,0.015,0.09787499904632568,0.5734514576260493,0.38,0.38,0.38,0.328,0.15760867297649384,0.38,1,3.0,0,0,1,0.570443582769739,2.774,nan,0.011694547520042394,0.0629945475200424,0.0513,10.527802467346191,-3.785698175430298,-0.38179653823475107,-0.08287499904632568,0.17039132702350618
11.133452892303467,1784883167.8717477,0.34559035301208496,0.342160701751709,3.457069396972656e-05,0.33478808403015137,large_error_pd,2,1,1,FOLLOW_MAIN,1.0,6.97041817836853,-72.60000000000001,-117.39643343894284,-117.39643343894284,-0.47800000000000004,-0.694679094569742,-0.694679094569742,0.03228056611264804,0.05404733076702323,0.65,0.72,0.01,0.05,0.07630768173531284,0.5001689480902142,-0.0003228056611264804,-0.0027023665383511617,0.07,0.0373445475200424,0.0373445475200424,0.0373445475200424,0.057999998331069946,0.5734514576260493,0.38,0.38,0.38,0.38,0.4413043260574341,0.38,1,3.0,0,0,1,0.570443582769739,2.774,nan,0.011694547520042394,0.0629945475200424,0.0513,10.539669036865234,-3.7903060913085938,-0.3152224450683419,-0.02065545081102755,-0.06130432605743408
11.465816020965576,1784883168.2041113,0.677954912185669,0.674525260925293,6.723403930664062e-05,0.6671528816223145,large_error_pd,2,1,1,FOLLOW_MAIN,1.0,6.97041817836853,-72.60000000000001,-117.39643343894284,-117.39643343894284,-0.47800000000000004,-0.694679094569742,-0.694679094569742,0.03228056611264804,0.05404733076702323,0.65,0.72,0.01,0.05,0.07630768173531284,0.5001689480902142,-0.0003228056611264804,-0.0027023665383511617,0.07,0.0373445475200424,0.0373445475200424,0.0373445475200424,0.0507499985396862,0.5734514576260493,0.38,0.38,0.38,0.38,0.4413043260574341,0.38,1,3.0,0,0,1,0.570443582769739,2.774,nan,0.011694547520042394,0.0629945475200424,0.0513,10.543722152709961,-3.7916276454925537,-0.2781526307344718,-0.013405451019643806,-0.06130432605743408
11.857815980911255,1784883168.596111,1.0699536800384521,1.0665249824523926,7.152557373046875e-05,1.0591528415679932,large_error_pd,2,1,1,FOLLOW_MAIN,1.0,6.97041817836853,-72.60000000000001,-117.39643343894284,-117.39643343894284,-0.47800000000000004,-0.694679094569742,-0.694679094569742,0.03228056611264804,0.05404733076702323,0.65,0.72,0.01,0.05,0.07630768173531284,0.5001689480902142,-0.0003228056611264804,-0.0027023665383511617,0.07,0.0373445475200424,0.0373445475200424,0.0373445475200424,0.03987500071525574,0.5734514576260493,0.38,0.38,0.38,0.38,0.34673914313316345,0.38,1,3.0,0,0,1,0.570443582769739,2.774,nan,0.011694547520042394,0.0629945475200424,0.0513,10.550652503967285,-3.7934908866882324,-0.21573943270823304,-0.0025304531952133405,0.03326085686683655
12.16390323638916,1784883168.9021983,1.3760404586791992,2.7418136596679688e-05,0.30615735054016113,1.3652381896972656,large_error_pd,2,1,1,FOLLOW_MAIN,1.0,6.97041817836853,-72.60000000000001,-117.39643343894284,-117.39643343894284,-0.47800000000000004,-0.694679094569742,-0.694679094569742,0.03228056611264804,0.05404733076702323,0.65,0.72,0.01,0.05,0.07630768173531284,0.5001689480902142,-0.0003228056611264804,-0.0027023665383511617,0.07,0.0373445475200424,0.0373445475200424,0.040608462880190925,0.03987500071525574,0.5734514576260493,0.38,0.38,0.38,0.38,0.34673914313316345,0.38,1,3.0,0,0,1,0.570443582769739,2.774,nan,0.011694547520042394,0.0629945475200424,0.0513,10.550652503967285,-3.7934908866882324,-0.21573943270823304,0.0007334621649351877,0.03326085686683655
12.4975106716156,1784883169.2358055,6.914138793945312e-05,0.3336348533630371,0.32176923751831055,1.6988458633422852,large_error_pd,2,1,1,FOLLOW_MAIN,1.0,4.463928271724904,-46.1,-72.8075350578981,-72.8075350578981,-0.318,-0.47808819008923625,-0.47808819008923625,0.07765813199543233,0.35998138805708396,0.65,0.72,0.01,0.05,0.04732489778763376,0.3442234968642501,-0.0007765813199543233,-0.017999069402854197,0.07,0.07,0.07,0.040608462880190925,0.032624997198581696,0.37277274392907533,0.37277274392907533,0.37277274392907533,0.37277274392907533,0.38,0.28369560837745667,0.38,1,3.0,0,0,1,0.6830523473456803,1.922,nan,0.04483783978478742,0.0951621602152126,0.05032432043042517,10.560198783874512,-3.7953174114227295,-0.13119809969757235,0.00798346568160923,0.09630439162254334
12.880385875701904,1784883169.6186812,0.38294506072998047,0.37950563430786133,4.57763671875e-05,2.081721544265747,large_error_pd,2,1,1,FOLLOW_MAIN,1.0,4.463928271724904,-46.1,-72.8075350578981,-72.8075350578981,-0.318,-0.47808819008923625,-0.47808819008923625,0.07765813199543233,0.35998138805708396,0.65,0.72,0.01,0.05,0.04732489778763376,0.3442234968642501,-0.0007765813199543233,-0.017999069402854197,0.07,0.07,0.07,0.07,0.04712499678134918,0.37277274392907533,0.37277274392907533,0.37277274392907533,0.37277274392907533,0.37277274392907533,0.4097825586795807,0.38,1,3.0,0,0,1,0.6830523473456803,1.922,nan,0.04483783978478742,0.0951621602152126,0.05032432043042517,10.583452224731445,-3.7964470386505127,0.07151824896026182,0.022875003218650825,-0.037009814750505354
13.198935270309448,1784883169.93723,0.7014937400817871,0.6980545520782471,0.31859469413757324,3.409385681152344e-05,large_error_pd,2,1,1,FOLLOW_MAIN,1.0,4.463928271724904,-46.1,-72.8075350578981,-72.8075350578981,-0.318,-0.47808819008923625,-0.47808819008923625,0.07765813199543233,0.35998138805708396,0.65,0.72,0.01,0.05,0.04732489778763376,0.3442234968642501,-0.0007765813199543233,-0.017999069402854197,0.07,0.07,0.07,0.07,0.04712499678134918,0.37277274392907533,0.37277274392907533,0.37277274392907533,0.37277274392907533,0.37277274392907533,0.4097825586795807,0.38,1,3.0,0,0,1,0.6830523473456803,1.922,nan,0.04483783978478742,0.0951621602152126,0.05032432043042517,10.583452224731445,-3.7964470386505127,0.07151824896026182,0.022875003218650825,-0.037009814750505354
13.518291711807251,1784883170.2565866,5.555152893066406e-05,1.0174109935760498,0.3042278289794922,0.31939005851745605,curve_pd,1,1,1,FOLLOW_MAIN,1.0,3.1201665501700253,-33.2,-46.85089996842161,-46.85089996842161,-0.233,-0.32250098508237773,-0.32250098508237773,0.05677584647451024,0.32039285741433765,0.58,0.72,0.01,0.05,0.02717352198168453,0.23220070925931197,-0.0005677584647451024,-0.016019642870716885,0.0720161730745872,0.028917847199772948,0.028917847199772948,0.07,0.054375000298023224,0.24278682990553452,0.24278682990553452,0.2581424315300971,0.2581424315300971,0.37277274392907533,0.4728260934352875,0.38,1,2.0,0,0,0,0.7580649797324969,1.9089999999999998,nan,0.011493233071491395,0.0463424613280545,0.03484922825656311,10.649239540100098,-3.7773139476776123,0.5307596438619028,0.015624999701976783,-0.10005334950621214
13.904096126556396,1784883170.642391,5.435943603515625e-05,0.38242292404174805,0.36315488815307617,0.7051949501037598,curve_pd,1,1,1,FOLLOW_MAIN,1.0,3.1201665501700253,-33.2,-46.85089996842161,-46.85089996842161,-0.233,-0.32250098508237773,-0.32250098508237773,0.05677584647451024,0.32039285741433765,0.58,0.72,0.01,0.05,0.02717352198168453,0.23220070925931197,-0.0005677584647451024,-0.016019642870716885,0.0720161730745872,0.03212568847986404,0.03212568847986404,0.028917847199772948,0.028999999165534973,0.24278682990553452,0.24278682990553452,0.2437071457696872,0.2437071457696872,0.2581424315300971,0.25217390060424805,0.38,1,2.0,0,0,0,0.7580649797324969,1.9089999999999998,nan,0.01567545614041015,0.04857592081931793,0.03290046467890778,10.678801536560059,-3.7551989555358887,0.7621610909365892,-8.215196576202496e-05,0.005968530925849036
14.209847927093506,1784883170.948143,0.30580663681030273,3.2901763916015625e-05,0.6689069271087646,1.0109467506408691,curve_pd,1,1,1,FOLLOW_MAIN,1.0,3.1201665501700253,-33.2,-46.85089996842161,-46.85089996842161,-0.233,-0.32250098508237773,-0.32250098508237773,0.05677584647451024,0.32039285741433765,0.58,0.72,0.01,0.05,0.02717352198168453,0.23220070925931197,-0.0005677584647451024,-0.016019642870716885,0.0720161730745872,0.03212568847986404,0.03212568847986404,0.0,0.028999999165534973,0.24278682990553452,0.24278682990553452,0.2437071457696872,0.2437071457696872,0.19170714576968717,0.25217390060424805,0.38,1,2.0,0,0,0,0.7580649797324969,1.9089999999999998,nan,0.01567545614041015,0.04857592081931793,0.03290046467890778,10.678801536560059,-3.7551989555358887,0.7621610909365892,-0.028999999165534973,-0.060466754834560876
14.553869485855103,1784883171.2921643,5.7220458984375e-05,0.3440539836883545,0.32204675674438477,0.3371281623840332,curve_pd,1,1,1,FOLLOW_MAIN,1.0,5.578314912691885,7.1000000000000005,-18.099345420048664,-18.099345420048664,0.012,-0.13027877506544683,-0.13027877506544683,0.06195056855467145,0.3214444938176962,0.58,0.72,0.01,0.05,0.010497620343628226,0.09380071804712171,-0.0006195056855467146,-0.01607222469088481,0.0870731994932779,0.007137438080098946,0.007137438080098946,0.0,0.032625000923871994,0.08760660801431841,0.08760660801431841,0.1595886744092419,0.1595886744092419,0.19170714576968717,0.28369566798210144,0.38,1,0.0,0,0,0,0.9165599946660831,0.0801395753209263,nan,-0.0036347974425248834,0.017909673602722775,0.02154447104524766,10.68681812286377,-3.7469358444213867,0.8623054621627686,-0.032625000923871994,-0.09198852221241427
14.958003997802734,1784883171.6962988,4.7206878662109375e-05,0.40064001083374023,0.377030611038208,0.39209437370300293,center_cruise,3,1,1,FOLLOW_MAIN,1.0,5.251715439708805,7.1000000000000005,6.662504715984815,0.0,0.012,0.009529844840451008,0.0,0.017104589936147933,0.206375340914982,0.0,0.0,0.01,0.05,0.0,0.0,0.0,0.0,0.165,0.052214071680151394,0.052214071680151394,0.02654893904022174,0.010874999687075615,0.0,0.0,0.08188278520938154,0.08188278520938154,0.11396420100929361,0.09456521272659302,0.012,0,0.0,1,1,0,0.9873735628174333,0.08004743126214046,nan,0.04668698367851814,0.05774115968178465,0.011054176003266511,10.690768241882324,-3.7421417236328125,0.9163330215871838,0.015673939353146125,0.01939898828270059
15.363418817520142,1784883172.1017137,0.40546226501464844,3.24249267578125e-05,0.7824459075927734,0.7975099086761475,center_cruise,3,1,1,FOLLOW_MAIN,1.0,5.251715439708805,7.1000000000000005,6.662504715984815,0.0,0.012,0.009529844840451008,0.0,0.017104589936147933,0.206375340914982,0.0,0.0,0.01,0.05,0.0,0.0,0.0,0.0,0.165,0.052214071680151394,0.052214071680151394,0.10370093584019924,0.010874999687075615,0.0,0.0,0.08188278520938154,0.08188278520938154,0.017524205009321725,0.09456521272659302,0.012,0,0.0,1,1,0,0.9873735628174333,0.08004743126214046,nan,0.04668698367851814,0.05774115968178465,0.011054176003266511,10.690768241882324,-3.7421417236328125,0.9163330215871838,0.09282593615312362,-0.07704100771727129
15.74329686164856,1784883172.4815922,0.7853405475616455,0.3799104690551758,3.814697265625e-05,1.1773879528045654,center_cruise,3,1,1,FOLLOW_MAIN,1.0,5.251715439708805,7.1000000000000005,6.662504715984815,0.0,0.012,0.009529844840451008,0.0,0.017104589936147933,0.206375340914982,0.0,0.0,0.01,0.05,0.0,0.0,0.0,0.0,0.165,0.052214071680151394,0.052214071680151394,0.10370093584019924,0.09062500298023224,0.0,0.0,0.08188278520938154,0.08188278520938154,0.017524205009321725,0.09456519782543182,0.012,0,0.0,1,1,0,0.9873735628174333,0.08004743126214046,nan,0.04668698367851814,0.05774115968178465,0.011054176003266511,10.731948852539062,-3.667745590209961,1.1191428877848122,0.013075932859966999,-0.0770409928161101
16.108958959579468,1784883172.847254,1.1510024070739746,0.745572566986084,0.36570072174072266,3.719329833984375e-05,center_cruise,3,1,1,FOLLOW_MAIN,1.0,5.251715439708805,7.1000000000000005,6.662504715984815,0.0,0.012,0.009529844840451008,0.0,0.017104589936147933,0.206375340914982,0.0,0.0,0.01,0.05,0.0,0.0,0.0,0.0,0.165,0.052214071680151394,0.052214071680151394,0.10370093584019924,0.09062500298023224,0.0,0.0,0.08188278520938154,0.08188278520938154,0.017524205009321725,0.09456519782543182,0.012,0,0.0,1,1,0,0.9873735628174333,0.08004743126214046,nan,0.04668698367851814,0.05774115968178465,0.011054176003266511,10.731948852539062,-3.667745590209961,1.1191428877848122,0.013075932859966999,-0.0770409928161101
16.422396898269653,1784883173.160692,8.726119995117188e-05,1.0590109825134277,0.6791388988494873,0.3134753704071045,center_cruise,3,1,1,FOLLOW_MAIN,1.0,5.086161548608576,7.1000000000000005,7.099999186675511,0.0,0.012,0.011999995407864367,0.0,3.620608398018583e-05,0.00043684431795797124,0.0,0.0,0.01,0.05,0.0,0.0,0.0,0.0,0.16275716955547442,0.16275716955547442,0.16275716955547442,0.10370093584019924,0.09062500298023224,0.0,0.0,0.0,0.0,0.017524205009321725,0.09456519782543182,0.012,0,0.0,1,1,0,0.9857311232917539,0.08004740264743271,nan,0.16275716955547442,0.16275716955547442,0.0,10.731948852539062,-3.667745590209961,1.1191428877848122,0.013075932859966999,-0.0770409928161101
16.775116443634033,1784883173.5134113,5.5789947509765625e-05,0.3493030071258545,0.3311786651611328,0.3424537181854248,center_cruise,3,1,1,FOLLOW_MAIN,1.0,5.079405888484217,7.1000000000000005,7.099999996043322,0.0,0.012,0.011999999977660075,0.0,3.015871371293348e-06,3.6387980345032945e-05,0.0,0.0,0.01,0.05,0.0,0.0,0.0,0.0,0.16254098843149495,0.16254098843149495,0.16254098843149495,0.16275716955547442,0.17399999499320984,0.0,0.0,0.0,0.0,0.0,0.0,0.012,0,0.0,1,1,0,0.9857311202557562,0.08004740264743201,nan,0.16254098843149495,0.16254098843149495,0.0,10.775398254394531,-3.5738067626953125,1.148489819861079,-0.011242825437735415,0.0
17.134016275405884,1784883173.872311,0.35895562171936035,0.3555939197540283,3.5762786865234375e-05,0.7013535499572754,center_cruise,3,1,1,FOLLOW_MAIN,1.0,5.079405888484217,7.1000000000000005,7.099999996043322,0.0,0.012,0.011999999977660075,0.0,3.015871371293348e-06,3.6387980345032945e-05,0.0,0.0,0.01,0.05,0.0,0.0,0.0,0.0,0.16254098843149495,0.16254098843149495,0.16254098843149495,0.16254098843149495,0.1522499918937683,0.0,0.0,0.0,0.0,0.0,3.2393828064414265e-08,0.012,0,0.0,1,1,0,0.9857311202557562,0.08004740264743201,nan,0.16254098843149495,0.16254098843149495,0.0,10.810784339904785,-3.493802070617676,1.1579779435654842,0.010290996537726638,-3.2393828064414265e-08
17.43856930732727,1784883174.1768646,0.6635088920593262,0.6601471900939941,0.30458950996398926,5.1021575927734375e-05,center_cruise,3,1,1,FOLLOW_MAIN,1.0,5.079405888484217,7.1000000000000005,7.099999996043322,0.0,0.012,0.011999999977660075,0.0,3.015871371293348e-06,3.6387980345032945e-05,0.0,0.0,0.01,0.05,0.0,0.0,0.0,0.0,0.16254098843149495,0.16254098843149495,0.16254098843149495,0.16254098843149495,0.1522499918937683,0.0,0.0,0.0,0.0,0.0,3.2393828064414265e-08,0.012,0,0.0,1,1,0,0.9857311202557562,0.08004740264743201,nan,0.16254098843149495,0.16254098843149495,0.0,10.810784339904785,-3.493802070617676,1.1579779435654842,0.010290996537726638,-3.2393828064414265e-08
17.891778707504272,1784883174.630074,0.44846534729003906,0.42264389991760254,0.00010561943054199219,0.4532628059387207,center_cruise,3,1,1,FOLLOW_MAIN,1.0,5.6540442765953856,7.1000000000000005,7.09999999955632,0.0,0.012,0.011999999997494919,0.0,1.086320818056028e-06,1.3106998180386897e-05,0.0,0.0,0.01,0.05,0.0,0.0,0.0,0.0,0.165,0.165,0.165,0.165,0.1667499989271164,0.0,0.0,0.0,0.0,0.0,0.0,0.012,0,0.0,1,1,0,0.9857311202425787,0.08004740264743139,nan,0.165,0.165,0.0,10.863659858703613,-3.371866464614868,1.161823607734408,-0.0017499989271163863,0.0
18.23192262649536,1784883174.9702175,5.435943603515625e-05,0.7627856731414795,0.34024763107299805,0.7934038639068604,center_cruise,3,1,1,FOLLOW_MAIN,1.0,5.013760569522349,7.1000000000000005,7.099999999999541,0.0,0.012,0.01199999999999741,0.0,4.392794697008039e-08,5.300124157017493e-07,0.0,0.0,0.01,0.05,0.0,0.0,0.0,0.0,0.16044033822471518,0.16044033822471518,0.16044033822471518,0.165,0.1667499989271164,0.0,0.0,0.0,0.0,0.0,0.0,0.012,0,0.0,1,1,0,0.9857311202409162,0.0800474026474296,nan,0.16044033822471518,0.16044033822471518,0.0,10.863659858703613,-3.371866464614868,1.161823607734408,-0.0017499989271163863,0.0
18.557520866394043,1784883175.295816,0.3256540298461914,7.05718994140625e-05,0.6658473014831543,1.1190040111541748,center_cruise,3,1,1,FOLLOW_MAIN,1.0,5.013760569522349,7.1000000000000005,7.099999999999541,0.0,0.012,0.01199999999999741,0.0,4.392794697008039e-08,5.300124157017493e-07,0.0,0.0,0.01,0.05,0.0,0.0,0.0,0.0,0.16044033822471518,0.16044033822471518,0.16044033822471518,0.165,0.1667499989271164,0.0,0.0,0.0,0.0,0.0,0.0,0.012,0,0.0,1,1,0,0.9857311202409162,0.0800474026474296,nan,0.16044033822471518,0.16044033822471518,0.0,10.863659858703613,-3.371866464614868,1.161823607734408,-0.0017499989271163863,0.0
18.91210913658142,1784883175.6504045,0.3440394401550293,4.076957702636719e-05,0.35103821754455566,0.3477182388305664,center_cruise,3,1,1,FOLLOW_MAIN,1.0,6.271057688698017,7.1000000000000005,7.0999999999997545,0.0,0.012,0.011999999999998616,0.0,3.278867832461882e-08,3.956116277943823e-07,0.0,0.0,0.01,0.05,0.0,0.0,0.0,0.0,0.165,0.165,0.165,0.16323494262133867,0.17037498950958252,0.0,0.0,0.0,0.0,0.0,0.03152172267436981,0.012,0,0.0,1,1,0,0.9857311202409155,0.0800474026474292,nan,0.165,0.165,0.0,10.899761199951172,-3.2876410484313965,1.1694835425191021,-0.007140046888243851,-0.03152172267436981
19.239710569381714,1784883175.9780054,0.6716406345367432,0.32764196395874023,7.748603820800781e-05,0.6753194332122803,center_cruise,3,1,1,FOLLOW_MAIN,1.0,6.271057688698017,7.1000000000000005,7.0999999999997545,0.0,0.012,0.011999999999998616,0.0,3.278867832461882e-08,3.956116277943823e-07,0.0,0.0,0.01,0.05,0.0,0.0,0.0,0.0,0.165,0.165,0.165,0.16323494262133867,0.15950000286102295,0.0,0.0,0.0,0.0,0.0,0.0,0.012,0,0.0,1,1,0,0.9857311202409155,0.0800474026474292,nan,0.165,0.165,0.0,10.939498901367188,-3.193613290786743,1.171942469132527,0.0037349397603157197,0.0
19.60385775566101,1784883176.3421526,0.36040592193603516,0.3569192886352539,3.600120544433594e-05,1.039466142654419,center_cruise,3,1,1,FOLLOW_MAIN,1.0,5.750542719852074,11.9,7.099999999999999,0.0,0.085,0.03739263515430938,0.03739263515430938,3.067965851109963e-09,0.09358872201814566,0.0,0.0,0.01,0.05,0.0,0.0,0.0,0.0,0.165,0.165,0.165,0.165,0.17037498950958252,0.0,0.0,0.0,0.0,0.0,-0.03152172267436981,0.012,0,0.0,1,1,0,0.9585594019192453,-0.47965129281537094,nan,0.165,0.165,0.0,10.96027660369873,-3.1440327167510986,1.1772378823495553,-0.005374989509582512,0.03152172267436981
19.937639713287354,1784883176.6759346,0.6941876411437988,0.6907012462615967,0.3338181972503662,4.0531158447265625e-05,center_cruise,3,1,1,FOLLOW_MAIN,1.0,5.750542719852074,11.9,7.099999999999999,0.0,0.085,0.03739263515430938,0.03739263515430938,3.067965851109963e-09,0.09358872201814566,0.0,0.0,0.01,0.05,0.0,0.0,0.0,0.0,0.165,0.165,0.165,0.165,0.17037498950958252,0.0,0.0,0.0,0.0,0.0,-0.03152172267436981,0.012,0,0.0,1,1,0,0.9585594019192453,-0.47965129281537094,nan,0.165,0.165,0.0,10.96027660369873,-3.1440327167510986,1.1772378823495553,-0.005374989509582512,0.03152172267436981
20.24973177909851,1784883176.9880269,5.793571472167969e-05,1.002793788909912,0.6459109783172607,0.3121333122253418,near_center_pd,4,1,1,FOLLOW_MAIN,1.0,4.715139803544289,58.0,57.933275471094916,57.933275471094916,0.097,0.09697646802140233,0.09697646802140233,0.017495464002968957,0.010902533602625454,0.2,0.24,0.01,0.05,-0.011586655094218985,-0.023274352325136558,-0.00017495464002968957,-0.0005451266801312728,0.15,0.15,0.15,0.165,0.17037498950958252,-0.0355810887395165,-0.0355810887395165,-0.0355810887395165,-0.0355810887395165,0.0,-0.03152172267436981,0.065,0,0.0,0,1,0,0.8879406132108423,0.7131447142746776,nan,0.15240172348991735,0.14759827651008264,-0.004803446979834702,10.96027660369873,-3.1440327167510986,1.1772378823495553,-0.005374989509582512,0.03152172267436981
20.59376835823059,1784883177.3320634,9.822845458984375e-05,0.3407440185546875,0.32178425788879395,0.3334228992462158,near_center_pd,4,1,1,FOLLOW_MAIN,1.0,5.654535925587107,58.0,57.991776637236455,57.991776637236455,0.097,0.09699709983720038,0.09699709983720038,0.006696305439505439,0.00414302989778598,0.2,0.24,0.01,0.05,-0.011598355327447291,-0.023279303960928092,-6.696305439505438e-05,-0.00020715149488929898,0.15,0.15,0.15,0.15,0.13774999976158142,-0.03515177383765974,-0.03515177383765974,-0.03515177383765974,-0.03515177383765974,-0.03537332143616192,0.06304344534873962,0.065,0,0.0,0,1,0,0.8878941691641083,0.7131449544301253,nan,0.15237274473404203,0.14762725526595796,-0.004745489468084063,11.023066520690918,-2.979095697402954,1.2356480101766962,0.012250000238418574,-0.09841676678490155
20.937487840652466,1784883177.675783,7.05718994140625e-05,0.33669400215148926,0.33316588401794434,0.32973337173461914,near_center_pd,4,1,1,FOLLOW_MAIN,1.0,5.654535925587107,58.0,57.991776637236455,57.991776637236455,0.097,0.09699709983720038,0.09699709983720038,0.006696305439505439,0.00414302989778598,0.2,0.24,0.01,0.05,-0.011598355327447291,-0.023279303960928092,-6.696305439505438e-05,-0.00020715149488929898,0.15,0.15,0.15,0.15,0.14499999582767487,-0.03515177383765974,-0.03515177383765974,-0.03515177383765974,-0.03515177383765974,-0.03515177383765974,-6.478765612882853e-08,0.065,0,0.0,0,1,0,0.8878941691641083,0.7131449544301253,nan,0.15237274473404203,0.14762725526595796,-0.004745489468084063,11.026834487915039,-2.968277931213379,1.2356480101766962,0.005000004172325129,-0.03515170905000361
21.278087377548218,1784883178.0163822,0.3406703472137451,0.3368806838989258,4.76837158203125e-05,0.6703248023986816,near_center_pd,4,1,1,FOLLOW_MAIN,1.0,5.654535925587107,58.0,57.991776637236455,57.991776637236455,0.097,0.09699709983720038,0.09699709983720038,0.006696305439505439,0.00414302989778598,0.2,0.24,0.01,0.05,-0.011598355327447291,-0.023279303960928092,-6.696305439505438e-05,-0.00020715149488929898,0.15,0.15,0.15,0.15,0.14862500131130219,-0.03515177383765974,-0.03515177383765974,-0.03515177383765974,-0.03515177383765974,-0.03515177383765974,-0.15760870277881622,0.065,0,0.0,0,1,0,0.8878941691641083,0.7131449544301253,nan,0.15237274473404203,0.14762725526595796,-0.004745489468084063,11.030695915222168,-2.9571897983551025,1.2231967890712583,0.0013749986886978094,0.12245692894115648
21.640392541885376,1784883178.3786874,6.151199340820312e-05,0.6991853713989258,0.3623526096343994,1.0326294898986816,near_center_pd,4,1,1,FOLLOW_MAIN,1.0,5.287433603462152,23.1,57.99998706072937,57.99998706072937,0.164,0.09699999543666107,0.09699999543666107,0.00033226048347336,0.0002048057909341784,0.2,0.24,0.01,0.05,-0.011599997412145874,-0.023279998904798656,-3.3226048347336e-06,-1.024028954670892e-05,0.15,0.10363741472014225,0.10363741472014225,0.15,0.14862500131130219,-0.03489355921132597,-0.03489355921132597,-0.010796768400177827,-0.010796768400177827,-0.03515177383765974,-0.15760870277881622,0.065,0,0.0,0,1,0,0.9103282880468153,0.0,nan,0.10436619658715425,0.10290863285313025,-0.0014575637340240033,11.030695915222168,-2.9571897983551025,1.2231967890712583,0.0013749986886978094,0.12245692894115648
22.018437385559082,1784883178.7567327,0.37810730934143066,4.839897155761719e-05,0.7403993606567383,1.4106767177581787,near_center_pd,4,1,1,FOLLOW_MAIN,1.0,5.287433603462152,23.1,57.99998706072937,57.99998706072937,0.164,0.09699999543666107,0.09699999543666107,0.00033226048347336,0.0002048057909341784,0.2,0.24,0.01,0.05,-0.011599997412145874,-0.023279998904798656,-3.3226048347336e-06,-1.024028954670892e-05,0.15,0.10363741472014225,0.10363741472014225,0.10971736742681021,0.14862500131130219,-0.03489355921132597,-0.03489355921132597,-0.010796768400177827,-0.010796768400177827,-0.08179727907913603,-0.15760870277881622,0.065,0,0.0,0,1,0,0.9103282880468153,0.0,nan,0.10436619658715425,0.10290863285313025,-0.0014575637340240033,11.030695915222168,-2.9571897983551025,1.2231967890712583,-0.03890763388449198,0.07581142369968019
22.403908491134644,1784883179.1422033,0.763577938079834,0.38551855087280273,3.7670135498046875e-05,1.7961459159851074,near_center_pd,4,1,1,FOLLOW_MAIN,1.0,5.287433603462152,23.1,57.99998706072937,57.99998706072937,0.164,0.09699999543666107,0.09699999543666107,0.00033226048347336,0.0002048057909341784,0.2,0.24,0.01,0.05,-0.011599997412145874,-0.023279998904798656,-3.3226048347336e-06,-1.024028954670892e-05,0.15,0.10363741472014225,0.10363741472014225,0.10971736742681021,0.12325000017881393,-0.03489355921132597,-0.03489355921132597,-0.010796768400177827,-0.010796768400177827,-0.08179727907913603,-0.0630435049533844,0.065,0,0.0,0,1,0,0.9103282880468153,0.0,nan,0.10436619658715425,0.10290863285313025,-0.0014575637340240033,11.12449836730957,-2.7018673419952393,1.194543666744288,-0.013532632752003726,-0.018753774125751632
22.93143892288208,1784883179.669734,1.2911081314086914,0.9130487442016602,0.5275681018829346,5.316734313964844e-05,near_center_pd,4,1,1,FOLLOW_MAIN,1.0,5.287433603462152,23.1,57.99998706072937,57.99998706072937,0.164,0.09699999543666107,0.09699999543666107,0.00033226048347336,0.0002048057909341784,0.2,0.24,0.01,0.05,-0.011599997412145874,-0.023279998904798656,-3.3226048347336e-06,-1.024028954670892e-05,0.15,0.10363741472014225,0.10363741472014225,0.10971736742681021,0.12325000017881393,-0.03489355921132597,-0.03489355921132597,-0.010796768400177827,-0.010796768400177827,-0.08179727907913603,-0.0630435049533844,0.065,0,0.0,0,1,0,0.9103282880468153,0.0,nan,0.10436619658715425,0.10290863285313025,-0.0014575637340240033,11.12449836730957,-2.7018673419952393,1.194543666744288,-0.013532632752003726,-0.018753774125751632
23.335183143615723,1784883180.073478,5.173683166503906e-05,1.3167922496795654,0.9313113689422607,0.4037961959838867,mid_pd_tracking,5,1,1,FOLLOW_MAIN,1.0,5.895538648421473,63.70000000000001,63.69998056319119,63.69998056319119,0.106,0.10599998845570431,0.10599998845570431,0.00010888041345636963,0.0001068990612748385,0.42,0.52,0.01,0.05,-0.0267539918365403,-0.055119993996966245,-1.0888041345636964e-06,-5.344953063741925e-06,0.1095796445075191,0.1095796445075191,0.1095796445075191,0.10971736742681021,0.12325000017881393,-0.08188041959070486,-0.08188041959070486,-0.08188041959070486,-0.08188041959070486,-0.08179727907913603,-0.0630435049533844,0.24,0,1.0,0,0,0,0.8766371560601528,0.822060722541484,nan,0.11510657282989167,0.10405271618514653,-0.011053856644745147,11.12449836730957,-2.7018673419952393,1.194543666744288,-0.013532632752003726,-0.018753774125751632
23.850227117538452,1784883180.5885224,0.5150973796844482,9.369850158691406e-05,1.4463577270507812,0.9188430309295654,mid_pd_tracking,5,1,1,FOLLOW_MAIN,1.0,5.895538648421473,63.70000000000001,63.69998056319119,63.69998056319119,0.106,0.10599998845570431,0.10599998845570431,0.00010888041345636963,0.0001068990612748385,0.42,0.52,0.01,0.05,-0.0267539918365403,-0.055119993996966245,-1.0888041345636964e-06,-5.344953063741925e-06,0.1095796445075191,0.1095796445075191,0.1095796445075191,0.11110005661154854,0.12325000017881393,-0.08188041959070486,-0.08188041959070486,-0.08188041959070486,-0.08188041959070486,-0.08187553265653864,-0.0630435049533844,0.24,0,1.0,0,0,0,0.8766371560601528,0.822060722541484,nan,0.11510657282989167,0.10405271618514653,-0.011053856644745147,11.12449836730957,-2.7018673419952393,1.194543666744288,-0.012149943567265398,-0.018832027703154244
24.488855838775635,1784883181.227151,1.1537251472473145,0.6387283802032471,7.891654968261719e-05,1.5574774742126465,mid_pd_tracking,5,1,1,FOLLOW_MAIN,1.0,5.895538648421473,63.70000000000001,63.69998056319119,63.69998056319119,0.106,0.10599998845570431,0.10599998845570431,0.00010888041345636963,0.0001068990612748385,0.42,0.52,0.01,0.05,-0.0267539918365403,-0.055119993996966245,-1.0888041345636964e-06,-5.344953063741925e-06,0.1095796445075191,0.1095796445075191,0.1095796445075191,0.11110005661154854,0.10512500256299973,-0.08188041959070486,-0.08188041959070486,-0.08188041959070486,-0.08188041959070486,-0.08187553265653864,-0.09456521272659302,0.24,0,1.0,0,0,0,0.8766371560601528,0.822060722541484,nan,0.11510657282989167,0.10405271618514653,-0.011053856644745147,11.210909843444824,-2.513793468475342,1.0625937738189473,0.005975054048548811,0.012689680070054374
24.91366982460022,1784883181.6519647,1.5785386562347412,1.0635349750518799,0.42488574981689453,3.886222839355469e-05,mid_pd_tracking,5,1,1,FOLLOW_MAIN,1.0,5.895538648421473,63.70000000000001,63.69998056319119,63.69998056319119,0.106,0.10599998845570431,0.10599998845570431,0.00010888041345636963,0.0001068990612748385,0.42,0.52,0.01,0.05,-0.0267539918365403,-0.055119993996966245,-1.0888041345636964e-06,-5.344953063741925e-06,0.1095796445075191,0.1095796445075191,0.1095796445075191,0.11110005661154854,0.10512500256299973,-0.08188041959070486,-0.08188041959070486,-0.08188041959070486,-0.08188041959070486,-0.08187553265653864,-0.09456521272659302,0.24,0,1.0,0,0,0,0.8766371560601528,0.822060722541484,nan,0.11510657282989167,0.10405271618514653,-0.011053856644745147,11.210909843444824,-2.513793468475342,1.0625937738189473,0.005975054048548811,0.012689680070054374
25.264744520187378,1784883182.0030396,8.869171142578125e-05,1.4146101474761963,0.7759604454040527,0.35111355781555176,near_center_pd,4,1,1,FOLLOW_MAIN,1.0,5.687925445828063,64.0,9.790009948922307,0.0,0.429,0.06766351918525608,0.06766351918525608,-0.045017570229997445,-0.016843513133659442,0.2,0.24,0.01,0.05,-0.0,-0.01623924460446146,0.00045017570229997445,0.0008421756566829721,0.15,0.15,0.15,0.11110005661154854,0.10512500256299973,-0.014946893245478512,-0.014946893245478512,-0.014946893245478512,-0.014946893245478512,-0.08187553265653864,-0.09456521272659302,0.065,0,0.0,0,1,0,0.9568889418220377,0.0,nan,0.1510089152940698,0.1489910847059302,-0.002017830588139591,11.210909843444824,-2.513793468475342,1.0625937738189473,0.005975054048548811,0.012689680070054374
25.65372633934021,1784883182.392024,0.38907718658447266,0.00026345252990722656,1.1649515628814697,0.7401061058044434,near_center_pd,4,1,1,FOLLOW_MAIN,1.0,5.687925445828063,64.0,9.790009948922307,0.0,0.429,0.06766351918525608,0.06766351918525608,-0.045017570229997445,-0.016843513133659442,0.2,0.24,0.01,0.05,-0.0,-0.01623924460446146,0.00045017570229997445,0.0008421756566829721,0.15,0.15,0.15,0.07397153733523791,0.10512500256299973,-0.014946893245478512,-0.014946893245478512,-0.014946893245478512,-0.014946893245478512,-0.2597494910056141,-0.09456521272659302,0.065,0,0.0,0,1,0,0.9568889418220377,0.0,nan,0.1510089152940698,0.1489910847059302,-0.002017830588139591,11.210909843444824,-2.513793468475342,1.0625937738189473,-0.031153465227761815,-0.1651842782790211
26.24728512763977,1784883182.9855804,0.9826304912567139,0.5938160419464111,6.103515625e-05,1.3336553573608398,near_center_pd,4,1,1,FOLLOW_MAIN,1.0,5.687925445828063,64.0,9.790009948922307,0.0,0.429,0.06766351918525608,0.06766351918525608,-0.045017570229997445,-0.016843513133659442,0.2,0.24,0.01,0.05,-0.0,-0.01623924460446146,0.00045017570229997445,0.0008421756566829721,0.15,0.15,0.15,0.07397153733523791,0.11600000411272049,-0.014946893245478512,-0.014946893245478512,-0.014946893245478512,-0.014946893245478512,-0.2597494910056141,-0.12608696520328522,0.065,0,0.0,0,1,0,0.9568889418220377,0.0,nan,0.1510089152940698,0.1489910847059302,-0.002017830588139591,11.236489295959473,-2.4695332050323486,1.0172341315657374,-0.04202846677748258,-0.1336625258023289
26.755114316940308,1784883183.4934096,1.4904587268829346,1.101644515991211,0.5078897476196289,5.14984130859375e-05,near_center_pd,4,1,1,FOLLOW_MAIN,1.0,5.687925445828063,64.0,9.790009948922307,0.0,0.429,0.06766351918525608,0.06766351918525608,-0.045017570229997445,-0.016843513133659442,0.2,0.24,0.01,0.05,-0.0,-0.01623924460446146,0.00045017570229997445,0.0008421756566829721,0.15,0.15,0.15,0.07397153733523791,0.11600000411272049,-0.014946893245478512,-0.014946893245478512,-0.014946893245478512,-0.014946893245478512,-0.2597494910056141,-0.12608696520328522,0.065,0,0.0,0,1,0,0.9568889418220377,0.0,nan,0.1510089152940698,0.1489910847059302,-0.002017830588139591,11.236489295959473,-2.4695332050323486,1.0172341315657374,-0.04202846677748258,-0.1336625258023289
27.24108910560608,1784883183.9793847,1.9764342308044434,6.175041198730469e-05,0.9938650131225586,0.48602747917175293,near_center_pd,4,1,1,FOLLOW_MAIN,1.0,5.687925445828063,64.0,9.790009948922307,0.0,0.429,0.06766351918525608,0.06766351918525608,-0.045017570229997445,-0.016843513133659442,0.2,0.24,0.01,0.05,-0.0,-0.01623924460446146,0.00045017570229997445,0.0008421756566829721,0.15,0.15,0.15,0.0745780402417245,0.11600000411272049,-0.014946893245478512,-0.014946893245478512,-0.014946893245478512,-0.014946893245478512,-0.3092793985781575,-0.12608696520328522,0.065,0,0.0,0,1,0,0.9568889418220377,0.0,nan,0.1510089152940698,0.1489910847059302,-0.002017830588139591,11.236489295959473,-2.4695332050323486,1.0172341315657374,-0.04142196387099599,-0.1831924333748723
27.73127269744873,1784883184.4695675,2.466616630554199,0.49024462699890137,3.933906555175781e-05,0.9762086868286133,near_center_pd,4,1,1,FOLLOW_MAIN,1.0,5.687925445828063,64.0,9.790009948922307,0.0,0.429,0.06766351918525608,0.06766351918525608,-0.045017570229997445,-0.016843513133659442,0.2,0.24,0.01,0.05,-0.0,-0.01623924460446146,0.00045017570229997445,0.0008421756566829721,0.15,0.15,0.15,0.0745780402417245,0.13049998879432678,-0.014946893245478512,-0.014946893245478512,-0.014946893245478512,-0.014946893245478512,-0.3092793985781575,-0.12608695030212402,0.065,0,0.0,0,1,0,0.9568889418220377,0.0,nan,0.1510089152940698,0.1489910847059302,-0.002017830588139591,11.245956420898438,-2.454728364944458,0.9812992692230125,-0.05592194855260228,-0.18319244827603348
28.275086879730225,1784883185.013382,3.0104310512542725,1.0340588092803955,0.5438535213470459,4.220008850097656e-05,near_center_pd,4,1,1,FOLLOW_MAIN,1.0,5.687925445828063,64.0,9.790009948922307,0.0,0.429,0.06766351918525608,0.06766351918525608,-0.045017570229997445,-0.016843513133659442,0.2,0.24,0.01,0.05,-0.0,-0.01623924460446146,0.00045017570229997445,0.0008421756566829721,0.15,0.15,0.15,0.0745780402417245,0.13049998879432678,-0.014946893245478512,-0.014946893245478512,-0.014946893245478512,-0.014946893245478512,-0.3092793985781575,-0.12608695030212402,0.065,0,0.0,0,1,0,0.9568889418220377,0.0,nan,0.1510089152940698,0.1489910847059302,-0.002017830588139591,11.245956420898438,-2.454728364944458,0.9812992692230125,-0.05592194855260228,-0.18319244827603348
28.8105251789093,1784883185.5488207,0.00010943412780761719,1.5694975852966309,1.0792930126190186,0.5354816913604736,curve_pd,1,1,1,FOLLOW_MAIN,1.0,7.423871924460729,10.200000000000001,36.10542563130538,36.10542563130538,0.073,0.2495721924161276,0.2495721924161276,-0.02226558996841605,-0.11182515972509416,0.58,0.72,0.01,0.05,-0.02094114686615712,-0.17969197853961186,0.00022265589968416052,0.005591257986254709,0.0763021897464443,0.02619832557989637,0.02619832557989637,0.0745780402417245,0.13049998879432678,-0.19481921151983012,-0.19481921151983012,-0.19481921151983012,-0.19481921151983012,-0.3092793985781575,-0.12608695030212402,0.38,1,2.0,0,0,0,0.8031809446994137,1.618192879546568,nan,0.0393486223574849,0.013048028802307834,-0.026300593555177068,11.245956420898438,-2.454728364944458,0.9812992692230125,-0.05592194855260228,-0.18319244827603348
29.347625494003296,1784883186.0859206,0.5372095108032227,5.221366882324219e-05,1.6163928508758545,1.0725817680358887,curve_pd,1,1,1,FOLLOW_MAIN,1.0,7.423871924460729,10.200000000000001,36.10542563130538,36.10542563130538,0.073,0.2495721924161276,0.2495721924161276,-0.02226558996841605,-0.11182515972509416,0.58,0.72,0.01,0.05,-0.02094114686615712,-0.17969197853961186,0.00022265589968416052,0.005591257986254709,0.0763021897464443,0.02619832557989637,0.02619832557989637,0.029413506059934185,0.13049998879432678,-0.19481921151983012,-0.19481921151983012,-0.19481921151983012,-0.19481921151983012,-0.19481921151983012,-0.12608695030212402,0.38,1,2.0,0,0,0,0.8031809446994137,1.618192879546568,nan,0.0393486223574849,0.013048028802307834,-0.026300593555177068,11.245956420898438,-2.454728364944458,0.9812992692230125,-0.1010864827343926,-0.06873226121770609
29.8568217754364,1784883186.5951169,1.0464057922363281,0.5092482566833496,4.124641418457031e-05,1.581777572631836,curve_pd,1,1,1,FOLLOW_MAIN,1.0,7.423871924460729,10.200000000000001,36.10542563130538,36.10542563130538,0.073,0.2495721924161276,0.2495721924161276,-0.02226558996841605,-0.11182515972509416,0.58,0.72,0.01,0.05,-0.02094114686615712,-0.17969197853961186,0.00022265589968416052,0.005591257986254709,0.0763021897464443,0.02619832557989637,0.02619832557989637,0.029413506059934185,0.07249999791383743,-0.19481921151983012,-0.19481921151983012,-0.19481921151983012,-0.19481921151983012,-0.19481921151983012,-0.31521740555763245,0.38,1,2.0,0,0,0,0.8031809446994137,1.618192879546568,nan,0.0393486223574849,0.013048028802307834,-0.026300593555177068,11.398754119873047,-2.2920637130737305,0.4212830721492135,-0.043086491853903244,0.12039819403780233
30.326066255569458,1784883187.0643613,1.5156500339508057,0.9784927368164062,0.4692859649658203,4.315376281738281e-05,curve_pd,1,1,1,FOLLOW_MAIN,1.0,7.423871924460729,10.200000000000001,36.10542563130538,36.10542563130538,0.073,0.2495721924161276,0.2495721924161276,-0.02226558996841605,-0.11182515972509416,0.58,0.72,0.01,0.05,-0.02094114686615712,-0.17969197853961186,0.00022265589968416052,0.005591257986254709,0.0763021897464443,0.02619832557989637,0.02619832557989637,0.029413506059934185,0.07249999791383743,-0.19481921151983012,-0.19481921151983012,-0.19481921151983012,-0.19481921151983012,-0.19481921151983012,-0.31521740555763245,0.38,1,2.0,0,0,0,0.8031809446994137,1.618192879546568,nan,0.0393486223574849,0.013048028802307834,-0.026300593555177068,11.398754119873047,-2.2920637130737305,0.4212830721492135,-0.043086491853903244,0.12039819403780233
30.79838228225708,1784883187.5366771,1.9879658222198486,3.24249267578125e-05,0.9416015148162842,0.47235870361328125,curve_pd,1,1,1,FOLLOW_MAIN,1.0,7.423871924460729,10.200000000000001,36.10542563130538,36.10542563130538,0.073,0.2495721924161276,0.2495721924161276,-0.02226558996841605,-0.11182515972509416,0.58,0.72,0.01,0.05,-0.02094114686615712,-0.17969197853961186,0.00022265589968416052,0.005591257986254709,0.0763021897464443,0.02619832557989637,0.02619832557989637,0.004035692000179551,0.07249999791383743,-0.19481921151983012,-0.19481921151983012,-0.19481921151983012,-0.19481921151983012,-0.12465859751902214,-0.31521740555763245,0.38,1,2.0,0,0,0,0.8031809446994137,1.618192879546568,nan,0.0393486223574849,0.013048028802307834,-0.026300593555177068,11.398754119873047,-2.2920637130737305,0.4212830721492135,-0.06846430591365787,0.1905588080386103
31.272084712982178,1784883188.0103796,2.4616684913635254,0.47373509407043457,4.57763671875e-05,0.946061372756958,curve_pd,1,1,1,FOLLOW_MAIN,1.0,7.423871924460729,10.200000000000001,36.10542563130538,36.10542563130538,0.073,0.2495721924161276,0.2495721924161276,-0.02226558996841605,-0.11182515972509416,0.58,0.72,0.01,0.05,-0.02094114686615712,-0.17969197853961186,0.00022265589968416052,0.005591257986254709,0.0763021897464443,0.02619832557989637,0.02619832557989637,0.004035692000179551,0.07612499594688416,-0.19481921151983012,-0.19481921151983012,-0.19481921151983012,-0.19481921151983012,-0.12465859751902214,-0.28369566798210144,0.38,1,2.0,0,0,0,0.8031809446994137,1.618192879546568,nan,0.0393486223574849,0.013048028802307834,-0.026300593555177068,11.404172897338867,-2.28963565826416,0.39915496168147685,-0.0720893039467046,0.1590370704630793
31.766440868377686,1784883188.5047357,2.9560251235961914,0.9680917263031006,6.29425048828125e-05,1.4404175281524658,curve_pd,1,1,1,FOLLOW_MAIN,1.0,7.423871924460729,10.200000000000001,36.10542563130538,36.10542563130538,0.073,0.2495721924161276,0.2495721924161276,-0.02226558996841605,-0.11182515972509416,0.58,0.72,0.01,0.05,-0.02094114686615712,-0.17969197853961186,0.00022265589968416052,0.005591257986254709,0.0763021897464443,0.02619832557989637,0.02619832557989637,0.004035692000179551,0.07249999791383743,-0.19481921151983012,-0.19481921151983012,-0.19481921151983012,-0.19481921151983012,-0.12465859751902214,-0.31521740555763245,0.38,1,2.0,0,0,0,0.8031809446994137,1.618192879546568,nan,0.0393486223574849,0.013048028802307834,-0.026300593555177068,11.40985107421875,-2.287240743637085,0.37236146236551615,-0.06846430591365787,0.1905588080386103
32.25077676773071,1784883188.9890718,3.4403605461120605,1.4524273872375488,3.933906555175781e-05,1.9247534275054932,curve_pd,1,1,1,FOLLOW_MAIN,1.0,7.423871924460729,10.200000000000001,36.10542563130538,36.10542563130538,0.073,0.2495721924161276,0.2495721924161276,-0.02226558996841605,-0.11182515972509416,0.58,0.72,0.01,0.05,-0.02094114686615712,-0.17969197853961186,0.00022265589968416052,0.005591257986254709,0.0763021897464443,0.02619832557989637,0.02619832557989637,0.004035692000179551,0.08699999749660492,-0.19481921151983012,-0.19481921151983012,-0.19481921151983012,-0.19481921151983012,-0.12465859751902214,-0.12608695030212402,0.38,1,2.0,0,0,0,0.8031809446994137,1.618192879546568,nan,0.0393486223574849,0.013048028802307834,-0.026300593555177068,11.416496276855469,-2.2846453189849854,0.36202221600864243,-0.08296430549642536,0.0014283527831018827
32.76037621498108,1784883189.498671,0.00011563301086425781,1.9620270729064941,0.5096390247344971,2.4343535900115967,mid_pd_tracking,5,1,1,FOLLOW_MAIN,1.0,10.06075580070557,15.100000000000001,16.638995472341385,16.638995472341385,0.109,0.11917203052741834,0.11917203052741834,-0.018658481998844116,-0.12684462184644277,0.42,0.52,0.01,0.05,-0.006988378098383381,-0.06196945587425754,0.00018658481998844116,0.006342231092322139,0.11162010556977481,0.051945493279781665,0.051945493279781665,0.004035692000179551,0.08699999749660492,-0.06242901806033034,-0.06242901806033034,-0.06242901806033034,-0.06242901806033034,-0.12465859751902214,-0.12608695030212402,0.24,0,1.0,0,0,0,0.8929608445581985,1.0291609293004358,nan,0.056159451998853964,0.04773153456070937,-0.008427917438144597,11.416496276855469,-2.2846453189849854,0.36202221600864243,-0.08296430549642536,0.0014283527831018827
33.3323278427124,1784883190.070623,0.5720667839050293,3.457069396972656e-05,1.0815904140472412,3.0063042640686035,mid_pd_tracking,5,1,1,FOLLOW_MAIN,1.0,10.06075580070557,15.100000000000001,16.638995472341385,16.638995472341385,0.109,0.11917203052741834,0.11917203052741834,-0.018658481998844116,-0.12684462184644277,0.42,0.52,0.01,0.05,-0.006988378098383381,-0.06196945587425754,0.00018658481998844116,0.006342231092322139,0.11162010556977481,0.051945493279781665,0.051945493279781665,0.0,0.08699999749660492,-0.06242901806033034,-0.06242901806033034,-0.06242901806033034,-0.06242901806033034,0.0,-0.12608695030212402,0.24,0,1.0,0,0,0,0.8929608445581985,1.0291609293004358,nan,0.056159451998853964,0.04773153456070937,-0.008427917438144597,11.416496276855469,-2.2846453189849854,0.36202221600864243,-0.08699999749660492,0.12608695030212402
33.87902355194092,1784883190.6173186,1.118762731552124,0.5467305183410645,4.1484832763671875e-05,3.5530004501342773,mid_pd_tracking,5,1,1,FOLLOW_MAIN,1.0,10.06075580070557,15.100000000000001,16.638995472341385,16.638995472341385,0.109,0.11917203052741834,0.11917203052741834,-0.018658481998844116,-0.12684462184644277,0.42,0.52,0.01,0.05,-0.006988378098383381,-0.06196945587425754,0.00018658481998844116,0.006342231092322139,0.11162010556977481,0.051945493279781665,0.051945493279781665,0.0,0.0,-0.06242901806033034,-0.06242901806033034,-0.06242901806033034,-0.06242901806033034,0.0,0.0,0.24,0,1.0,0,0,0,0.8929608445581985,1.0291609293004358,nan,0.056159451998853964,0.04773153456070937,-0.008427917438144597,11.56290054321289,-2.277724504470825,-0.43377514627251906,0.0,0.0
34.36848592758179,1784883191.106781,1.608224868774414,1.0361928939819336,0.4895038604736328,4.506111145019531e-05,mid_pd_tracking,5,1,1,FOLLOW_MAIN,1.0,10.06075580070557,15.100000000000001,16.638995472341385,16.638995472341385,0.109,0.11917203052741834,0.11917203052741834,-0.018658481998844116,-0.12684462184644277,0.42,0.52,0.01,0.05,-0.006988378098383381,-0.06196945587425754,0.00018658481998844116,0.006342231092322139,0.11162010556977481,0.051945493279781665,0.051945493279781665,0.0,0.0,-0.06242901806033034,-0.06242901806033034,-0.06242901806033034,-0.06242901806033034,0.0,0.0,0.24,0,1.0,0,0,0,0.8929608445581985,1.0291609293004358,nan,0.056159451998853964,0.04773153456070937,-0.008427917438144597,11.56290054321289,-2.277724504470825,-0.43377514627251906,0.0,0.0
34.92841458320618,1784883191.6667097,5.14984130859375e-05,1.5961215496063232,1.0494322776794434,0.5599734783172607,near_center_pd,4,1,1,FOLLOW_MAIN,1.0,8.189124273698972,17.1,15.487112848620088,15.487112848620088,0.124,0.11155863242256892,0.11155863242256892,-0.012629220520281455,-0.08532214802557055,0.2,0.24,0.01,0.05,-0.003097422569724018,-0.02677407178141654,0.00012629220520281456,0.004266107401278528,0.15,0.07406608767982106,0.07406608767982106,0.0,0.0,-0.025479094744659217,-0.025479094744659217,-0.05804653426054857,-0.05804653426054857,0.0,0.0,0.065,0,1.0,0,1,0,0.8963307483312238,1.0642162438052554,nan,0.0779842287424081,0.07014794661723403,-0.007836282125174066,11.56290054321289,-2.277724504470825,-0.43377514627251906,0.0,0.0
35.60901498794556,1784883192.34731,0.680652379989624,4.649162292480469e-05,1.7300338745117188,1.2405753135681152,near_center_pd,4,1,1,FOLLOW_MAIN,1.0,8.189124273698972,17.1,15.487112848620088,15.487112848620088,0.124,0.11155863242256892,0.11155863242256892,-0.012629220520281455,-0.08532214802557055,0.2,0.24,0.01,0.05,-0.003097422569724018,-0.02677407178141654,0.00012629220520281456,0.004266107401278528,0.15,0.07406608767982106,0.07406608767982106,0.0,0.0,-0.025479094744659217,-0.025479094744659217,-0.05804653426054857,-0.05804653426054857,0.0,0.0,0.065,0,1.0,0,1,0,0.8963307483312238,1.0642162438052554,nan,0.0779842287424081,0.07014794661723403,-0.007836282125174066,11.56290054321289,-2.277724504470825,-0.43377514627251906,0.0,0.0
36.21722602844238,1784883192.955521,1.2888636589050293,0.6082577705383301,9.226799011230469e-05,1.8487868309020996,near_center_pd,4,1,1,FOLLOW_MAIN,1.0,8.189124273698972,17.1,15.487112848620088,15.487112848620088,0.124,0.11155863242256892,0.11155863242256892,-0.012629220520281455,-0.08532214802557055,0.2,0.24,0.01,0.05,-0.003097422569724018,-0.02677407178141654,0.00012629220520281456,0.004266107401278528,0.15,0.07406608767982106,0.07406608767982106,0.0,0.0,-0.025479094744659217,-0.025479094744659217,-0.05804653426054857,-0.05804653426054857,0.0,0.0,0.065,0,1.0,0,1,0,0.8963307483312238,1.0642162438052554,nan,0.0779842287424081,0.07014794661723403,-0.007836282125174066,11.563183784484863,-2.277855634689331,-0.43106429309776545,0.0,0.0
36.87724566459656,1784883193.615541,1.9488835334777832,1.268277645111084,0.6601123809814453,5.054473876953125e-05,near_center_pd,4,1,1,FOLLOW_MAIN,1.0,8.189124273698972,17.1,15.487112848620088,15.487112848620088,0.124,0.11155863242256892,0.11155863242256892,-0.012629220520281455,-0.08532214802557055,0.2,0.24,0.01,0.05,-0.003097422569724018,-0.02677407178141654,0.00012629220520281456,0.004266107401278528,0.15,0.07406608767982106,0.07406608767982106,0.0,0.0,-0.025479094744659217,-0.025479094744659217,-0.05804653426054857,-0.05804653426054857,0.0,0.0,0.065,0,1.0,0,1,0,0.8963307483312238,1.0642162438052554,nan,0.0779842287424081,0.07014794661723403,-0.007836282125174066,11.563183784484863,-2.277855634689331,-0.43106429309776545,0.0,0.0
37.497796058654785,1784883194.2360911,2.5694332122802734,1.8888275623321533,5.078315734863281e-05,0.6205997467041016,near_center_pd,4,1,1,FOLLOW_MAIN,1.0,8.189124273698972,17.1,15.487112848620088,15.487112848620088,0.124,0.11155863242256892,0.11155863242256892,-0.012629220520281455,-0.08532214802557055,0.2,0.24,0.01,0.05,-0.003097422569724018,-0.02677407178141654,0.00012629220520281456,0.004266107401278528,0.15,0.07406608767982106,0.07406608767982106,0.0,0.0,-0.025479094744659217,-0.025479094744659217,-0.05804653426054857,-0.05804653426054857,0.0,0.0,0.065,0,1.0,0,1,0,0.8963307483312238,1.0642162438052554,nan,0.0779842287424081,0.07014794661723403,-0.007836282125174066,11.563183784484863,-2.277855634689331,-0.43106429309776545,0.0,0.0
38.03309416770935,1784883194.7713892,3.1047310829162598,2.4241254329681396,0.5353493690490723,5.602836608886719e-05,near_center_pd,4,1,1,FOLLOW_MAIN,1.0,8.189124273698972,17.1,15.487112848620088,15.487112848620088,0.124,0.11155863242256892,0.11155863242256892,-0.012629220520281455,-0.08532214802557055,0.2,0.24,0.01,0.05,-0.003097422569724018,-0.02677407178141654,0.00012629220520281456,0.004266107401278528,0.15,0.07406608767982106,0.07406608767982106,0.0,0.0,-0.025479094744659217,-0.025479094744659217,-0.05804653426054857,-0.05804653426054857,0.0,0.0,0.065,0,1.0,0,1,0,0.8963307483312238,1.0642162438052554,nan,0.0779842287424081,0.07014794661723403,-0.007836282125174066,11.563183784484863,-2.277855634689331,-0.43106429309776545,0.0,0.0
38.566707372665405,1784883195.3050025,3.6383445262908936,2.9577383995056152,5.793571472167969e-05,0.5336682796478271,near_center_pd,4,1,1,FOLLOW_MAIN,1.0,8.189124273698972,17.1,15.487112848620088,15.487112848620088,0.124,0.11155863242256892,0.11155863242256892,-0.012629220520281455,-0.08532214802557055,0.2,0.24,0.01,0.05,-0.003097422569724018,-0.02677407178141654,0.00012629220520281456,0.004266107401278528,0.15,0.07406608767982106,0.07406608767982106,0.0,0.0,-0.025479094744659217,-0.025479094744659217,-0.05804653426054857,-0.05804653426054857,0.0,0.0,0.065,0,1.0,0,1,0,0.8963307483312238,1.0642162438052554,nan,0.0779842287424081,0.07014794661723403,-0.007836282125174066,11.563183784484863,-2.277855634689331,-0.43106429309776545,0.0,0.0
39.075385093688965,1784883195.81368,4.147021770477295,3.4664158821105957,0.5087356567382812,4.7206878662109375e-05,near_center_pd,4,1,1,FOLLOW_MAIN,1.0,8.189124273698972,17.1,15.487112848620088,15.487112848620088,0.124,0.11155863242256892,0.11155863242256892,-0.012629220520281455,-0.08532214802557055,0.2,0.24,0.01,0.05,-0.003097422569724018,-0.02677407178141654,0.00012629220520281456,0.004266107401278528,0.15,0.07406608767982106,0.07406608767982106,0.0,0.0,-0.025479094744659217,-0.025479094744659217,-0.05804653426054857,-0.05804653426054857,0.0,0.0,0.065,0,1.0,0,1,0,0.8963307483312238,1.0642162438052554,nan,0.0779842287424081,0.07014794661723403,-0.007836282125174066,11.563183784484863,-2.277855634689331,-0.43106429309776545,0.0,0.0
39.617350816726685,1784883196.3556461,4.688988924026489,4.008383750915527,0.00013184547424316406,0.542015790939331,near_center_pd,4,1,1,FOLLOW_MAIN,1.0,8.189124273698972,17.1,15.487112848620088,15.487112848620088,0.124,0.11155863242256892,0.11155863242256892,-0.012629220520281455,-0.08532214802557055,0.2,0.24,0.01,0.05,-0.003097422569724018,-0.02677407178141654,0.00012629220520281456,0.004266107401278528,0.15,0.07406608767982106,0.07406608767982106,0.0,0.0,-0.025479094744659217,-0.025479094744659217,-0.05804653426054857,-0.05804653426054857,0.0,0.0,0.065,0,1.0,0,1,0,0.8963307483312238,1.0642162438052554,nan,0.0779842287424081,0.07014794661723403,-0.007836282125174066,11.563183784484863,-2.277855634689331,-0.43106429309776545,0.0,0.0
40.25036406517029,1784883196.9886591,5.322000503540039,4.64139461517334,0.6331419944763184,4.1961669921875e-05,near_center_pd,4,1,1,FOLLOW_MAIN,1.0,8.189124273698972,17.1,15.487112848620088,15.487112848620088,0.124,0.11155863242256892,0.11155863242256892,-0.012629220520281455,-0.08532214802557055,0.2,0.24,0.01,0.05,-0.003097422569724018,-0.02677407178141654,0.00012629220520281456,0.004266107401278528,0.15,0.07406608767982106,0.07406608767982106,0.0,0.0,-0.025479094744659217,-0.025479094744659217,-0.05804653426054857,-0.05804653426054857,0.0,0.0,0.065,0,1.0,0,1,0,0.8963307483312238,1.0642162438052554,nan,0.0779842287424081,0.07014794661723403,-0.007836282125174066,11.563183784484863,-2.277855634689331,-0.43106429309776545,0.0,0.0
40.924402713775635,1784883197.6626976,5.996039152145386,5.3154332637786865,5.936622619628906e-05,0.6740806102752686,near_center_pd,4,1,1,FOLLOW_MAIN,1.0,8.189124273698972,17.1,15.487112848620088,15.487112848620088,0.124,0.11155863242256892,0.11155863242256892,-0.012629220520281455,-0.08532214802557055,0.2,0.24,0.01,0.05,-0.003097422569724018,-0.02677407178141654,0.00012629220520281456,0.004266107401278528,0.15,0.07406608767982106,0.07406608767982106,0.0,0.0,-0.025479094744659217,-0.025479094744659217,-0.05804653426054857,-0.05804653426054857,0.0,0.0,0.065,0,1.0,0,1,0,0.8963307483312238,1.0642162438052554,nan,0.0779842287424081,0.07014794661723403,-0.007836282125174066,11.563183784484863,-2.277855634689331,-0.43106429309776545,0.0,0.0
41.53958797454834,1784883198.277883,6.61122465133667,5.930618762969971,0.6152448654174805,3.9577484130859375e-05,near_center_pd,4,1,1,FOLLOW_MAIN,1.0,8.189124273698972,17.1,15.487112848620088,15.487112848620088,0.124,0.11155863242256892,0.11155863242256892,-0.012629220520281455,-0.08532214802557055,0.2,0.24,0.01,0.05,-0.003097422569724018,-0.02677407178141654,0.00012629220520281456,0.004266107401278528,0.15,0.07406608767982106,0.07406608767982106,0.0,0.0,-0.025479094744659217,-0.025479094744659217,-0.05804653426054857,-0.05804653426054857,0.0,0.0,0.065,0,1.0,0,1,0,0.8963307483312238,1.0642162438052554,nan,0.0779842287424081,0.07014794661723403,-0.007836282125174066,11.563183784484863,-2.277855634689331,-0.43106429309776545,0.0,0.0
41.89219117164612,1784883198.630486,6.963827610015869,6.283221483230591,3.361701965332031e-05,0.3526427745819092,near_center_pd,4,1,1,FOLLOW_MAIN,1.0,8.189124273698972,17.1,15.487112848620088,15.487112848620088,0.124,0.11155863242256892,0.11155863242256892,-0.012629220520281455,-0.08532214802557055,0.2,0.24,0.01,0.05,-0.003097422569724018,-0.02677407178141654,0.00012629220520281456,0.004266107401278528,0.15,0.07406608767982106,0.07406608767982106,0.0,0.0,-0.025479094744659217,-0.025479094744659217,-0.05804653426054857,-0.05804653426054857,0.0,0.0,0.065,0,1.0,0,1,0,0.8963307483312238,1.0642162438052554,nan,0.0779842287424081,0.07014794661723403,-0.007836282125174066,11.563183784484863,-2.277855634689331,-0.43106429309776545,0.0,0.0
42.34434771537781,1784883199.0826428,7.415984392166138,6.7353785037994385,0.4521903991699219,6.628036499023438e-05,near_center_pd,4,1,1,FOLLOW_MAIN,1.0,8.189124273698972,17.1,15.487112848620088,15.487112848620088,0.124,0.11155863242256892,0.11155863242256892,-0.012629220520281455,-0.08532214802557055,0.2,0.24,0.01,0.05,-0.003097422569724018,-0.02677407178141654,0.00012629220520281456,0.004266107401278528,0.15,0.07406608767982106,0.07406608767982106,0.0,0.0,-0.025479094744659217,-0.025479094744659217,-0.05804653426054857,-0.05804653426054857,0.0,0.0,0.065,0,1.0,0,1,0,0.8963307483312238,1.0642162438052554,nan,0.0779842287424081,0.07014794661723403,-0.007836282125174066,11.563183784484863,-2.277855634689331,-0.43106429309776545,0.0,0.0
42.920804023742676,1784883199.6590989,7.992441654205322,7.311835527420044,6.151199340820312e-05,0.5765230655670166,near_center_pd,4,1,1,FOLLOW_MAIN,1.0,8.189124273698972,17.1,15.487112848620088,15.487112848620088,0.124,0.11155863242256892,0.11155863242256892,-0.012629220520281455,-0.08532214802557055,0.2,0.24,0.01,0.05,-0.003097422569724018,-0.02677407178141654,0.00012629220520281456,0.004266107401278528,0.15,0.07406608767982106,0.07406608767982106,0.0,0.0,-0.025479094744659217,-0.025479094744659217,-0.05804653426054857,-0.05804653426054857,0.0,0.0,0.065,0,1.0,0,1,0,0.8963307483312238,1.0642162438052554,nan,0.0779842287424081,0.07014794661723403,-0.007836282125174066,11.563183784484863,-2.277855634689331,-0.43106429309776545,0.0,0.0
43.4941201210022,1784883200.232415,8.565756559371948,7.885150909423828,0.5733771324157715,3.790855407714844e-05,near_center_pd,4,1,1,FOLLOW_MAIN,1.0,8.189124273698972,17.1,15.487112848620088,15.487112848620088,0.124,0.11155863242256892,0.11155863242256892,-0.012629220520281455,-0.08532214802557055,0.2,0.24,0.01,0.05,-0.003097422569724018,-0.02677407178141654,0.00012629220520281456,0.004266107401278528,0.15,0.07406608767982106,0.07406608767982106,0.0,0.0,-0.025479094744659217,-0.025479094744659217,-0.05804653426054857,-0.05804653426054857,0.0,0.0,0.065,0,1.0,0,1,0,0.8963307483312238,1.0642162438052554,nan,0.0779842287424081,0.07014794661723403,-0.007836282125174066,11.563183784484863,-2.277855634689331,-0.43106429309776545,0.0,0.0
43.84495687484741,1784883200.5832522,8.916594505310059,8.23598837852478,5.7697296142578125e-05,0.3508751392364502,near_center_pd,4,1,1,FOLLOW_MAIN,1.0,8.189124273698972,17.1,15.487112848620088,15.487112848620088,0.124,0.11155863242256892,0.11155863242256892,-0.012629220520281455,-0.08532214802557055,0.2,0.24,0.01,0.05,-0.003097422569724018,-0.02677407178141654,0.00012629220520281456,0.004266107401278528,0.15,0.07406608767982106,0.07406608767982106,0.0,0.0,-0.025479094744659217,-0.025479094744659217,-0.05804653426054857,-0.05804653426054857,0.0,0.0,0.065,0,1.0,0,1,0,0.8963307483312238,1.0642162438052554,nan,0.0779842287424081,0.07014794661723403,-0.007836282125174066,11.563183784484863,-2.277855634689331,-0.43106429309776545,0.0,0.0
44.42760872840881,1784883201.1659038,9.499245882034302,8.818639755249023,4.9114227294921875e-05,0.9335265159606934,near_center_pd,4,1,1,FOLLOW_MAIN,1.0,8.189124273698972,17.1,15.487112848620088,15.487112848620088,0.124,0.11155863242256892,0.11155863242256892,-0.012629220520281455,-0.08532214802557055,0.2,0.24,0.01,0.05,-0.003097422569724018,-0.02677407178141654,0.00012629220520281456,0.004266107401278528,0.15,0.07406608767982106,0.07406608767982106,0.0,0.0,-0.025479094744659217,-0.025479094744659217,-0.05804653426054857,-0.05804653426054857,0.0,0.0,0.065,0,1.0,0,1,0,0.8963307483312238,1.0642162438052554,nan,0.0779842287424081,0.07014794661723403,-0.007836282125174066,11.563183784484863,-2.277855634689331,-0.43106429309776545,0.0,0.0
44.96670436859131,1784883201.7049994,10.038341760635376,9.357736110687256,0.5391459465026855,6.151199340820312e-05,near_center_pd,4,1,1,FOLLOW_MAIN,1.0,8.189124273698972,17.1,15.487112848620088,15.487112848620088,0.124,0.11155863242256892,0.11155863242256892,-0.012629220520281455,-0.08532214802557055,0.2,0.24,0.01,0.05,-0.003097422569724018,-0.02677407178141654,0.00012629220520281456,0.004266107401278528,0.15,0.07406608767982106,0.07406608767982106,0.0,0.0,-0.025479094744659217,-0.025479094744659217,-0.05804653426054857,-0.05804653426054857,0.0,0.0,0.065,0,1.0,0,1,0,0.8963307483312238,1.0642162438052554,nan,0.0779842287424081,0.07014794661723403,-0.007836282125174066,11.563183784484863,-2.277855634689331,-0.43106429309776545,0.0,0.0
45.30842685699463,1784883202.046722,10.380064010620117,9.699458122253418,4.0531158447265625e-05,0.3417832851409912,near_center_pd,4,1,1,FOLLOW_MAIN,1.0,8.189124273698972,17.1,15.487112848620088,15.487112848620088,0.124,0.11155863242256892,0.11155863242256892,-0.012629220520281455,-0.08532214802557055,0.2,0.24,0.01,0.05,-0.003097422569724018,-0.02677407178141654,0.00012629220520281456,0.004266107401278528,0.15,0.07406608767982106,0.07406608767982106,0.0,0.0,-0.025479094744659217,-0.025479094744659217,-0.05804653426054857,-0.05804653426054857,0.0,0.0,0.065,0,1.0,0,1,0,0.8963307483312238,1.0642162438052554,nan,0.0779842287424081,0.07014794661723403,-0.007836282125174066,11.563183784484863,-2.277855634689331,-0.43106429309776545,0.0,0.0
45.72677254676819,1784883202.4650676,10.798409223556519,10.11780309677124,0.41838574409484863,3.886222839355469e-05,near_center_pd,4,1,1,FOLLOW_MAIN,1.0,8.189124273698972,17.1,15.487112848620088,15.487112848620088,0.124,0.11155863242256892,0.11155863242256892,-0.012629220520281455,-0.08532214802557055,0.2,0.24,0.01,0.05,-0.003097422569724018,-0.02677407178141654,0.00012629220520281456,0.004266107401278528,0.15,0.07406608767982106,0.07406608767982106,0.0,0.0,-0.025479094744659217,-0.025479094744659217,-0.05804653426054857,-0.05804653426054857,0.0,0.0,0.065,0,1.0,0,1,0,0.8963307483312238,1.0642162438052554,nan,0.0779842287424081,0.07014794661723403,-0.007836282125174066,11.563183784484863,-2.277855634689331,-0.43106429309776545,0.0,0.0
46.232211112976074,1784883202.970506,11.303848266601562,10.623242139816284,3.981590270996094e-05,0.5054779052734375,near_center_pd,4,1,1,FOLLOW_MAIN,1.0,8.189124273698972,17.1,15.487112848620088,15.487112848620088,0.124,0.11155863242256892,0.11155863242256892,-0.012629220520281455,-0.08532214802557055,0.2,0.24,0.01,0.05,-0.003097422569724018,-0.02677407178141654,0.00012629220520281456,0.004266107401278528,0.15,0.07406608767982106,0.07406608767982106,0.0,0.0,-0.025479094744659217,-0.025479094744659217,-0.05804653426054857,-0.05804653426054857,0.0,0.0,0.065,0,1.0,0,1,0,0.8963307483312238,1.0642162438052554,nan,0.0779842287424081,0.07014794661723403,-0.007836282125174066,11.563183784484863,-2.277855634689331,-0.43106429309776545,0.0,0.0
46.61574983596802,1784883203.354045,11.687386512756348,11.006780624389648,0.3835785388946533,4.57763671875e-05,near_center_pd,4,1,1,FOLLOW_MAIN,1.0,8.189124273698972,17.1,15.487112848620088,15.487112848620088,0.124,0.11155863242256892,0.11155863242256892,-0.012629220520281455,-0.08532214802557055,0.2,0.24,0.01,0.05,-0.003097422569724018,-0.02677407178141654,0.00012629220520281456,0.004266107401278528,0.15,0.07406608767982106,0.07406608767982106,0.0,0.0,-0.025479094744659217,-0.025479094744659217,-0.05804653426054857,-0.05804653426054857,0.0,0.0,0.065,0,1.0,0,1,0,0.8963307483312238,1.0642162438052554,nan,0.0779842287424081,0.07014794661723403,-0.007836282125174066,11.563183784484863,-2.277855634689331,-0.43106429309776545,0.0,0.0
46.94486975669861,1784883203.683165,12.016506910324097,11.335901021957397,4.3392181396484375e-05,0.3291659355163574,near_center_pd,4,1,1,FOLLOW_MAIN,1.0,8.189124273698972,17.1,15.487112848620088,15.487112848620088,0.124,0.11155863242256892,0.11155863242256892,-0.012629220520281455,-0.08532214802557055,0.2,0.24,0.01,0.05,-0.003097422569724018,-0.02677407178141654,0.00012629220520281456,0.004266107401278528,0.15,0.07406608767982106,0.07406608767982106,0.0,0.0,-0.025479094744659217,-0.025479094744659217,-0.05804653426054857,-0.05804653426054857,0.0,0.0,0.065,0,1.0,0,1,0,0.8963307483312238,1.0642162438052554,nan,0.0779842287424081,0.07014794661723403,-0.007836282125174066,11.563183784484863,-2.277855634689331,-0.43106429309776545,0.0,0.0
47.32156229019165,1784883204.0598574,12.393199682235718,11.71259355545044,8.511543273925781e-05,0.7058582305908203,near_center_pd,4,1,1,FOLLOW_MAIN,1.0,8.189124273698972,17.1,15.487112848620088,15.487112848620088,0.124,0.11155863242256892,0.11155863242256892,-0.012629220520281455,-0.08532214802557055,0.2,0.24,0.01,0.05,-0.003097422569724018,-0.02677407178141654,0.00012629220520281456,0.004266107401278528,0.15,0.07406608767982106,0.07406608767982106,0.0,0.0,-0.025479094744659217,-0.025479094744659217,-0.05804653426054857,-0.05804653426054857,0.0,0.0,0.065,0,1.0,0,1,0,0.8963307483312238,1.0642162438052554,nan,0.0779842287424081,0.07014794661723403,-0.007836282125174066,11.563183784484863,-2.277855634689331,-0.43106429309776545,0.0,0.0
47.8263840675354,1784883204.5646791,12.89802074432373,12.217414855957031,3.790855407714844e-05,1.2106797695159912,near_center_pd,4,1,1,FOLLOW_MAIN,1.0,8.189124273698972,17.1,15.487112848620088,15.487112848620088,0.124,0.11155863242256892,0.11155863242256892,-0.012629220520281455,-0.08532214802557055,0.2,0.24,0.01,0.05,-0.003097422569724018,-0.02677407178141654,0.00012629220520281456,0.004266107401278528,0.15,0.07406608767982106,0.07406608767982106,0.0,0.0,-0.025479094744659217,-0.025479094744659217,-0.05804653426054857,-0.05804653426054857,0.0,0.0,0.065,0,1.0,0,1,0,0.8963307483312238,1.0642162438052554,nan,0.0779842287424081,0.07014794661723403,-0.007836282125174066,11.563183784484863,-2.277855634689331,-0.43106429309776545,0.0,0.0
48.146326541900635,1784883204.8846214,13.217962741851807,12.537356615066528,0.3199799060821533,3.4332275390625e-05,near_center_pd,4,1,1,FOLLOW_MAIN,1.0,8.189124273698972,17.1,15.487112848620088,15.487112848620088,0.124,0.11155863242256892,0.11155863242256892,-0.012629220520281455,-0.08532214802557055,0.2,0.24,0.01,0.05,-0.003097422569724018,-0.02677407178141654,0.00012629220520281456,0.004266107401278528,0.15,0.07406608767982106,0.07406608767982106,0.0,0.0,-0.025479094744659217,-0.025479094744659217,-0.05804653426054857,-0.05804653426054857,0.0,0.0,0.065,0,1.0,0,1,0,0.8963307483312238,1.0642162438052554,nan,0.0779842287424081,0.07014794661723403,-0.007836282125174066,11.563183784484863,-2.277855634689331,-0.43106429309776545,0.0,0.0
48.48441028594971,1784883205.2227051,13.556046724319458,12.875440835952759,3.1948089599609375e-05,0.3381185531616211,near_center_pd,4,1,1,FOLLOW_MAIN,1.0,8.189124273698972,17.1,15.487112848620088,15.487112848620088,0.124,0.11155863242256892,0.11155863242256892,-0.012629220520281455,-0.08532214802557055,0.2,0.24,0.01,0.05,-0.003097422569724018,-0.02677407178141654,0.00012629220520281456,0.004266107401278528,0.15,0.07406608767982106,0.07406608767982106,0.0,0.0,-0.025479094744659217,-0.025479094744659217,-0.05804653426054857,-0.05804653426054857,0.0,0.0,0.065,0,1.0,0,1,0,0.8963307483312238,1.0642162438052554,nan,0.0779842287424081,0.07014794661723403,-0.007836282125174066,11.563183784484863,-2.277855634689331,-0.43106429309776545,0.0,0.0
48.8433301448822,1784883205.5816255,13.91496729850769,13.234361171722412,3.8623809814453125e-05,0.3555562496185303,near_center_pd,4,1,1,FOLLOW_MAIN,1.0,8.189124273698972,17.1,15.487112848620088,15.487112848620088,0.124,0.11155863242256892,0.11155863242256892,-0.012629220520281455,-0.08532214802557055,0.2,0.24,0.01,0.05,-0.003097422569724018,-0.02677407178141654,0.00012629220520281456,0.004266107401278528,0.15,0.07406608767982106,0.07406608767982106,0.0,0.0,-0.025479094744659217,-0.025479094744659217,-0.05804653426054857,-0.05804653426054857,0.0,0.0,0.065,0,1.0,0,1,0,0.8963307483312238,1.0642162438052554,nan,0.0779842287424081,0.07014794661723403,-0.007836282125174066,11.563183784484863,-2.277855634689331,-0.43106429309776545,0.0,0.0
49.33744192123413,1784883206.0757368,14.409078598022461,13.728472709655762,0.49415040016174316,5.7697296142578125e-05,near_center_pd,4,1,1,FOLLOW_MAIN,1.0,8.189124273698972,17.1,15.487112848620088,15.487112848620088,0.124,0.11155863242256892,0.11155863242256892,-0.012629220520281455,-0.08532214802557055,0.2,0.24,0.01,0.05,-0.003097422569724018,-0.02677407178141654,0.00012629220520281456,0.004266107401278528,0.15,0.07406608767982106,0.07406608767982106,0.0,0.0,-0.025479094744659217,-0.025479094744659217,-0.05804653426054857,-0.05804653426054857,0.0,0.0,0.065,0,1.0,0,1,0,0.8963307483312238,1.0642162438052554,nan,0.0779842287424081,0.07014794661723403,-0.007836282125174066,11.563183784484863,-2.277855634689331,-0.43106429309776545,0.0,0.0
49.9228081703186,1784883206.6611032,14.994445085525513,14.313839197158813,4.601478576660156e-05,0.5854241847991943,near_center_pd,4,1,1,FOLLOW_MAIN,1.0,8.189124273698972,17.1,15.487112848620088,15.487112848620088,0.124,0.11155863242256892,0.11155863242256892,-0.012629220520281455,-0.08532214802557055,0.2,0.24,0.01,0.05,-0.003097422569724018,-0.02677407178141654,0.00012629220520281456,0.004266107401278528,0.15,0.07406608767982106,0.07406608767982106,0.0,0.0,-0.025479094744659217,-0.025479094744659217,-0.05804653426054857,-0.05804653426054857,0.0,0.0,0.065,0,1.0,0,1,0,0.8963307483312238,1.0642162438052554,nan,0.0779842287424081,0.07014794661723403,-0.007836282125174066,11.563183784484863,-2.277855634689331,-0.43106429309776545,0.0,0.0
50.68576002120972,1784883207.4240553,15.757397174835205,15.076791286468506,6.67572021484375e-05,1.3483762741088867,near_center_pd,4,1,1,FOLLOW_MAIN,1.0,8.189124273698972,17.1,15.487112848620088,15.487112848620088,0.124,0.11155863242256892,0.11155863242256892,-0.012629220520281455,-0.08532214802557055,0.2,0.24,0.01,0.05,-0.003097422569724018,-0.02677407178141654,0.00012629220520281456,0.004266107401278528,0.15,0.07406608767982106,0.07406608767982106,0.0,0.0,-0.025479094744659217,-0.025479094744659217,-0.05804653426054857,-0.05804653426054857,0.0,0.0,0.065,0,1.0,0,1,0,0.8963307483312238,1.0642162438052554,nan,0.0779842287424081,0.07014794661723403,-0.007836282125174066,11.563183784484863,-2.277855634689331,-0.43106429309776545,0.0,0.0
51.20109248161316,1784883207.9393873,16.27272915840149,15.592123031616211,0.5153987407684326,3.457069396972656e-05,near_center_pd,4,1,1,FOLLOW_MAIN,1.0,8.189124273698972,17.1,15.487112848620088,15.487112848620088,0.124,0.11155863242256892,0.11155863242256892,-0.012629220520281455,-0.08532214802557055,0.2,0.24,0.01,0.05,-0.003097422569724018,-0.02677407178141654,0.00012629220520281456,0.004266107401278528,0.15,0.07406608767982106,0.07406608767982106,0.0,0.0,-0.025479094744659217,-0.025479094744659217,-0.05804653426054857,-0.05804653426054857,0.0,0.0,0.065,0,1.0,0,1,0,0.8963307483312238,1.0642162438052554,nan,0.0779842287424081,0.07014794661723403,-0.007836282125174066,11.563183784484863,-2.277855634689331,-0.43106429309776545,0.0,0.0
51.59428381919861,1784883208.3325787,16.66592025756836,15.985314130783081,3.528594970703125e-05,0.39322566986083984,near_center_pd,4,1,1,FOLLOW_MAIN,1.0,8.189124273698972,17.1,15.487112848620088,15.487112848620088,0.124,0.11155863242256892,0.11155863242256892,-0.012629220520281455,-0.08532214802557055,0.2,0.24,0.01,0.05,-0.003097422569724018,-0.02677407178141654,0.00012629220520281456,0.004266107401278528,0.15,0.07406608767982106,0.07406608767982106,0.0,0.0,-0.025479094744659217,-0.025479094744659217,-0.05804653426054857,-0.05804653426054857,0.0,0.0,0.065,0,1.0,0,1,0,0.8963307483312238,1.0642162438052554,nan,0.0779842287424081,0.07014794661723403,-0.007836282125174066,11.563183784484863,-2.277855634689331,-0.43106429309776545,0.0,0.0
52.12322497367859,1784883208.86152,17.19486165046692,16.514256238937378,0.5289778709411621,5.888938903808594e-05,near_center_pd,4,1,1,FOLLOW_MAIN,1.0,8.189124273698972,17.1,15.487112848620088,15.487112848620088,0.124,0.11155863242256892,0.11155863242256892,-0.012629220520281455,-0.08532214802557055,0.2,0.24,0.01,0.05,-0.003097422569724018,-0.02677407178141654,0.00012629220520281456,0.004266107401278528,0.15,0.07406608767982106,0.07406608767982106,0.0,0.0,-0.025479094744659217,-0.025479094744659217,-0.05804653426054857,-0.05804653426054857,0.0,0.0,0.065,0,1.0,0,1,0,0.8963307483312238,1.0642162438052554,nan,0.0779842287424081,0.07014794661723403,-0.007836282125174066,11.563183784484863,-2.277855634689331,-0.43106429309776545,0.0,0.0
52.49101114273071,1784883209.2293065,17.5626482963562,16.882042169570923,4.100799560546875e-05,0.3678443431854248,near_center_pd,4,1,1,FOLLOW_MAIN,1.0,8.189124273698972,17.1,15.487112848620088,15.487112848620088,0.124,0.11155863242256892,0.11155863242256892,-0.012629220520281455,-0.08532214802557055,0.2,0.24,0.01,0.05,-0.003097422569724018,-0.02677407178141654,0.00012629220520281456,0.004266107401278528,0.15,0.07406608767982106,0.07406608767982106,0.0,0.0,-0.025479094744659217,-0.025479094744659217,-0.05804653426054857,-0.05804653426054857,0.0,0.0,0.065,0,1.0,0,1,0,0.8963307483312238,1.0642162438052554,nan,0.0779842287424081,0.07014794661723403,-0.007836282125174066,11.563183784484863,-2.277855634689331,-0.43106429309776545,0.0,0.0
52.896175384521484,1784883209.6344702,17.967811584472656,17.287205457687378,0.40520429611206055,3.647804260253906e-05,near_center_pd,4,1,1,FOLLOW_MAIN,1.0,8.189124273698972,17.1,15.487112848620088,15.487112848620088,0.124,0.11155863242256892,0.11155863242256892,-0.012629220520281455,-0.08532214802557055,0.2,0.24,0.01,0.05,-0.003097422569724018,-0.02677407178141654,0.00012629220520281456,0.004266107401278528,0.15,0.07406608767982106,0.07406608767982106,0.0,0.0,-0.025479094744659217,-0.025479094744659217,-0.05804653426054857,-0.05804653426054857,0.0,0.0,0.065,0,1.0,0,1,0,0.8963307483312238,1.0642162438052554,nan,0.0779842287424081,0.07014794661723403,-0.007836282125174066,11.563183784484863,-2.277855634689331,-0.43106429309776545,0.0,0.0
53.40492129325867,1784883210.1432166,18.476558923721313,17.795953273773193,6.556510925292969e-05,0.5087845325469971,near_center_pd,4,1,1,FOLLOW_MAIN,1.0,8.189124273698972,17.1,15.487112848620088,15.487112848620088,0.124,0.11155863242256892,0.11155863242256892,-0.012629220520281455,-0.08532214802557055,0.2,0.24,0.01,0.05,-0.003097422569724018,-0.02677407178141654,0.00012629220520281456,0.004266107401278528,0.15,0.07406608767982106,0.07406608767982106,0.0,0.0,-0.025479094744659217,-0.025479094744659217,-0.05804653426054857,-0.05804653426054857,0.0,0.0,0.065,0,1.0,0,1,0,0.8963307483312238,1.0642162438052554,nan,0.0779842287424081,0.07014794661723403,-0.007836282125174066,11.563183784484863,-2.277855634689331,-0.43106429309776545,0.0,0.0
53.73904371261597,1784883210.4773386,18.810680150985718,18.13007402420044,0.3341860771179199,3.457069396972656e-05,near_center_pd,4,1,1,FOLLOW_MAIN,1.0,8.189124273698972,17.1,15.487112848620088,15.487112848620088,0.124,0.11155863242256892,0.11155863242256892,-0.012629220520281455,-0.08532214802557055,0.2,0.24,0.01,0.05,-0.003097422569724018,-0.02677407178141654,0.00012629220520281456,0.004266107401278528,0.15,0.07406608767982106,0.07406608767982106,0.0,0.0,-0.025479094744659217,-0.025479094744659217,-0.05804653426054857,-0.05804653426054857,0.0,0.0,0.065,0,1.0,0,1,0,0.8963307483312238,1.0642162438052554,nan,0.0779842287424081,0.07014794661723403,-0.007836282125174066,11.563183784484863,-2.277855634689331,-0.43106429309776545,0.0,0.0
54.09393572807312,1784883210.8322308,19.16557264328003,18.48496651649475,3.3855438232421875e-05,0.35492682456970215,near_center_pd,4,1,1,FOLLOW_MAIN,1.0,8.189124273698972,17.1,15.487112848620088,15.487112848620088,0.124,0.11155863242256892,0.11155863242256892,-0.012629220520281455,-0.08532214802557055,0.2,0.24,0.01,0.05,-0.003097422569724018,-0.02677407178141654,0.00012629220520281456,0.004266107401278528,0.15,0.07406608767982106,0.07406608767982106,0.0,0.0,-0.025479094744659217,-0.025479094744659217,-0.05804653426054857,-0.05804653426054857,0.0,0.0,0.065,0,1.0,0,1,0,0.8963307483312238,1.0642162438052554,nan,0.0779842287424081,0.07014794661723403,-0.007836282125174066,11.563183784484863,-2.277855634689331,-0.43106429309776545,0.0,0.0
54.45396661758423,1784883211.1922615,19.5256028175354,18.8449969291687,0.3600645065307617,3.457069396972656e-05,near_center_pd,4,1,1,FOLLOW_MAIN,1.0,8.189124273698972,17.1,15.487112848620088,15.487112848620088,0.124,0.11155863242256892,0.11155863242256892,-0.012629220520281455,-0.08532214802557055,0.2,0.24,0.01,0.05,-0.003097422569724018,-0.02677407178141654,0.00012629220520281456,0.004266107401278528,0.15,0.07406608767982106,0.07406608767982106,0.0,0.0,-0.025479094744659217,-0.025479094744659217,-0.05804653426054857,-0.05804653426054857,0.0,0.0,0.065,0,1.0,0,1,0,0.8963307483312238,1.0642162438052554,nan,0.0779842287424081,0.07014794661723403,-0.007836282125174066,11.563183784484863,-2.277855634689331,-0.43106429309776545,0.0,0.0
54.78775453567505,1784883211.5260496,19.85939121246338,19.1787850856781,4.172325134277344e-05,0.33382272720336914,near_center_pd,4,1,1,FOLLOW_MAIN,1.0,8.189124273698972,17.1,15.487112848620088,15.487112848620088,0.124,0.11155863242256892,0.11155863242256892,-0.012629220520281455,-0.08532214802557055,0.2,0.24,0.01,0.05,-0.003097422569724018,-0.02677407178141654,0.00012629220520281456,0.004266107401278528,0.15,0.07406608767982106,0.07406608767982106,0.0,0.0,-0.025479094744659217,-0.025479094744659217,-0.05804653426054857,-0.05804653426054857,0.0,0.0,0.065,0,1.0,0,1,0,0.8963307483312238,1.0642162438052554,nan,0.0779842287424081,0.07014794661723403,-0.007836282125174066,11.563183784484863,-2.277855634689331,-0.43106429309776545,0.0,0.0
55.133084297180176,1784883211.8713796,20.204721212387085,19.524115324020386,3.719329833984375e-05,0.6791527271270752,near_center_pd,4,1,1,FOLLOW_MAIN,1.0,8.189124273698972,17.1,15.487112848620088,15.487112848620088,0.124,0.11155863242256892,0.11155863242256892,-0.012629220520281455,-0.08532214802557055,0.2,0.24,0.01,0.05,-0.003097422569724018,-0.02677407178141654,0.00012629220520281456,0.004266107401278528,0.15,0.07406608767982106,0.07406608767982106,0.0,0.0,-0.025479094744659217,-0.025479094744659217,-0.05804653426054857,-0.05804653426054857,0.0,0.0,0.065,0,1.0,0,1,0,0.8963307483312238,1.0642162438052554,nan,0.0779842287424081,0.07014794661723403,-0.007836282125174066,11.563183784484863,-2.277855634689331,-0.43106429309776545,0.0,0.0
55.47046113014221,1784883212.2087562,20.54209804534912,19.861492395401,0.3374145030975342,4.6253204345703125e-05,near_center_pd,4,1,1,FOLLOW_MAIN,1.0,8.189124273698972,17.1,15.487112848620088,15.487112848620088,0.124,0.11155863242256892,0.11155863242256892,-0.012629220520281455,-0.08532214802557055,0.2,0.24,0.01,0.05,-0.003097422569724018,-0.02677407178141654,0.00012629220520281456,0.004266107401278528,0.15,0.07406608767982106,0.07406608767982106,0.0,0.0,-0.025479094744659217,-0.025479094744659217,-0.05804653426054857,-0.05804653426054857,0.0,0.0,0.065,0,1.0,0,1,0,0.8963307483312238,1.0642162438052554,nan,0.0779842287424081,0.07014794661723403,-0.007836282125174066,11.563183784484863,-2.277855634689331,-0.43106429309776545,0.0,0.0
55.78887128829956,1784883212.5271661,20.86050796508789,20.179901838302612,3.218650817871094e-05,0.31845521926879883,near_center_pd,4,1,1,FOLLOW_MAIN,1.0,8.189124273698972,17.1,15.487112848620088,15.487112848620088,0.124,0.11155863242256892,0.11155863242256892,-0.012629220520281455,-0.08532214802557055,0.2,0.24,0.01,0.05,-0.003097422569724018,-0.02677407178141654,0.00012629220520281456,0.004266107401278528,0.15,0.07406608767982106,0.07406608767982106,0.0,0.0,-0.025479094744659217,-0.025479094744659217,-0.05804653426054857,-0.05804653426054857,0.0,0.0,0.065,0,1.0,0,1,0,0.8963307483312238,1.0642162438052554,nan,0.0779842287424081,0.07014794661723403,-0.007836282125174066,11.563183784484863,-2.277855634689331,-0.43106429309776545,0.0,0.0
56.11429238319397,1784883212.8525872,21.18592858314514,20.505322694778442,3.4332275390625e-05,0.3220202922821045,near_center_pd,4,1,1,FOLLOW_MAIN,1.0,8.189124273698972,17.1,15.487112848620088,15.487112848620088,0.124,0.11155863242256892,0.11155863242256892,-0.012629220520281455,-0.08532214802557055,0.2,0.24,0.01,0.05,-0.003097422569724018,-0.02677407178141654,0.00012629220520281456,0.004266107401278528,0.15,0.07406608767982106,0.07406608767982106,0.0,0.0,-0.025479094744659217,-0.025479094744659217,-0.05804653426054857,-0.05804653426054857,0.0,0.0,0.065,0,1.0,0,1,0,0.8963307483312238,1.0642162438052554,nan,0.0779842287424081,0.07014794661723403,-0.007836282125174066,11.563183784484863,-2.277855634689331,-0.43106429309776545,0.0,0.0
56.461400508880615,1784883213.1996953,21.533037185668945,20.852431297302246,4.2438507080078125e-05,0.3296518325805664,near_center_pd,4,1,1,FOLLOW_MAIN,1.0,8.189124273698972,17.1,15.487112848620088,15.487112848620088,0.124,0.11155863242256892,0.11155863242256892,-0.012629220520281455,-0.08532214802557055,0.2,0.24,0.01,0.05,-0.003097422569724018,-0.02677407178141654,0.00012629220520281456,0.004266107401278528,0.15,0.07406608767982106,0.07406608767982106,0.0,0.0,-0.025479094744659217,-0.025479094744659217,-0.05804653426054857,-0.05804653426054857,0.0,0.0,0.065,0,1.0,0,1,0,0.8963307483312238,1.0642162438052554,nan,0.0779842287424081,0.07014794661723403,-0.007836282125174066,11.563183784484863,-2.277855634689331,-0.43106429309776545,0.0,0.0
56.82108688354492,1784883213.559382,21.89272403717041,21.212117910385132,3.314018249511719e-05,0.34847283363342285,near_center_pd,4,1,1,FOLLOW_MAIN,1.0,8.189124273698972,17.1,15.487112848620088,15.487112848620088,0.124,0.11155863242256892,0.11155863242256892,-0.012629220520281455,-0.08532214802557055,0.2,0.24,0.01,0.05,-0.003097422569724018,-0.02677407178141654,0.00012629220520281456,0.004266107401278528,0.15,0.07406608767982106,0.07406608767982106,0.0,0.0,-0.025479094744659217,-0.025479094744659217,-0.05804653426054857,-0.05804653426054857,0.0,0.0,0.065,0,1.0,0,1,0,0.8963307483312238,1.0642162438052554,nan,0.0779842287424081,0.07014794661723403,-0.007836282125174066,11.563183784484863,-2.277855634689331,-0.43106429309776545,0.0,0.0
57.129042625427246,1784883213.8673375,22.200678825378418,21.52007269859314,0.30798840522766113,5.030632019042969e-05,near_center_pd,4,1,1,FOLLOW_MAIN,1.0,8.189124273698972,17.1,15.487112848620088,15.487112848620088,0.124,0.11155863242256892,0.11155863242256892,-0.012629220520281455,-0.08532214802557055,0.2,0.24,0.01,0.05,-0.003097422569724018,-0.02677407178141654,0.00012629220520281456,0.004266107401278528,0.15,0.07406608767982106,0.07406608767982106,0.0,0.0,-0.025479094744659217,-0.025479094744659217,-0.05804653426054857,-0.05804653426054857,0.0,0.0,0.065,0,1.0,0,1,0,0.8963307483312238,1.0642162438052554,nan,0.0779842287424081,0.07014794661723403,-0.007836282125174066,11.563183784484863,-2.277855634689331,-0.43106429309776545,0.0,0.0
57.47997975349426,1784883214.2182748,22.551616430282593,21.871010303497314,3.337860107421875e-05,0.35098767280578613,near_center_pd,4,1,1,FOLLOW_MAIN,1.0,8.189124273698972,17.1,15.487112848620088,15.487112848620088,0.124,0.11155863242256892,0.11155863242256892,-0.012629220520281455,-0.08532214802557055,0.2,0.24,0.01,0.05,-0.003097422569724018,-0.02677407178141654,0.00012629220520281456,0.004266107401278528,0.15,0.07406608767982106,0.07406608767982106,0.0,0.0,-0.025479094744659217,-0.025479094744659217,-0.05804653426054857,-0.05804653426054857,0.0,0.0,0.065,0,1.0,0,1,0,0.8963307483312238,1.0642162438052554,nan,0.0779842287424081,0.07014794661723403,-0.007836282125174066,11.563183784484863,-2.277855634689331,-0.43106429309776545,0.0,0.0
57.880455493927,1784883214.6187508,22.95209240913391,22.271486282348633,3.24249267578125e-05,0.3967902660369873,near_center_pd,4,1,1,FOLLOW_MAIN,1.0,8.189124273698972,17.1,15.487112848620088,15.487112848620088,0.124,0.11155863242256892,0.11155863242256892,-0.012629220520281455,-0.08532214802557055,0.2,0.24,0.01,0.05,-0.003097422569724018,-0.02677407178141654,0.00012629220520281456,0.004266107401278528,0.15,0.07406608767982106,0.07406608767982106,0.0,0.0,-0.025479094744659217,-0.025479094744659217,-0.05804653426054857,-0.05804653426054857,0.0,0.0,0.065,0,1.0,0,1,0,0.8963307483312238,1.0642162438052554,nan,0.0779842287424081,0.07014794661723403,-0.007836282125174066,11.563183784484863,-2.277855634689331,-0.43106429309776545,0.0,0.0
58.20219087600708,1784883214.940486,23.27382755279541,22.59322190284729,3.647804260253906e-05,0.7185261249542236,near_center_pd,4,1,1,FOLLOW_MAIN,1.0,8.189124273698972,17.1,15.487112848620088,15.487112848620088,0.124,0.11155863242256892,0.11155863242256892,-0.012629220520281455,-0.08532214802557055,0.2,0.24,0.01,0.05,-0.003097422569724018,-0.02677407178141654,0.00012629220520281456,0.004266107401278528,0.15,0.07406608767982106,0.07406608767982106,0.0,0.0,-0.025479094744659217,-0.025479094744659217,-0.05804653426054857,-0.05804653426054857,0.0,0.0,0.065,0,1.0,0,1,0,0.8963307483312238,1.0642162438052554,nan,0.0779842287424081,0.07014794661723403,-0.007836282125174066,11.563183784484863,-2.277855634689331,-0.43106429309776545,0.0,0.0
58.56826162338257,1784883215.3065567,23.639898538589478,22.95929217338562,3.3855438232421875e-05,0.362642765045166,near_center_pd,4,1,1,FOLLOW_MAIN,1.0,8.189124273698972,17.1,15.487112848620088,15.487112848620088,0.124,0.11155863242256892,0.11155863242256892,-0.012629220520281455,-0.08532214802557055,0.2,0.24,0.01,0.05,-0.003097422569724018,-0.02677407178141654,0.00012629220520281456,0.004266107401278528,0.15,0.07406608767982106,0.07406608767982106,0.0,0.0,-0.025479094744659217,-0.025479094744659217,-0.05804653426054857,-0.05804653426054857,0.0,0.0,0.065,0,1.0,0,1,0,0.8963307483312238,1.0642162438052554,nan,0.0779842287424081,0.07014794661723403,-0.007836282125174066,11.563183784484863,-2.277855634689331,-0.43106429309776545,0.0,0.0
58.929516315460205,1784883215.6678114,24.001152753829956,23.320546627044678,0.36128854751586914,4.553794860839844e-05,near_center_pd,4,1,1,FOLLOW_MAIN,1.0,8.189124273698972,17.1,15.487112848620088,15.487112848620088,0.124,0.11155863242256892,0.11155863242256892,-0.012629220520281455,-0.08532214802557055,0.2,0.24,0.01,0.05,-0.003097422569724018,-0.02677407178141654,0.00012629220520281456,0.004266107401278528,0.15,0.07406608767982106,0.07406608767982106,0.0,0.0,-0.025479094744659217,-0.025479094744659217,-0.05804653426054857,-0.05804653426054857,0.0,0.0,0.065,0,1.0,0,1,0,0.8963307483312238,1.0642162438052554,nan,0.0779842287424081,0.07014794661723403,-0.007836282125174066,11.563183784484863,-2.277855634689331,-0.43106429309776545,0.0,0.0
59.2412531375885,1784883215.979548,24.312889575958252,23.632283449172974,3.218650817871094e-05,0.3117821216583252,near_center_pd,4,1,1,FOLLOW_MAIN,1.0,8.189124273698972,17.1,15.487112848620088,15.487112848620088,0.124,0.11155863242256892,0.11155863242256892,-0.012629220520281455,-0.08532214802557055,0.2,0.24,0.01,0.05,-0.003097422569724018,-0.02677407178141654,0.00012629220520281456,0.004266107401278528,0.15,0.07406608767982106,0.07406608767982106,0.0,0.0,-0.025479094744659217,-0.025479094744659217,-0.05804653426054857,-0.05804653426054857,0.0,0.0,0.065,0,1.0,0,1,0,0.8963307483312238,1.0642162438052554,nan,0.0779842287424081,0.07014794661723403,-0.007836282125174066,11.563183784484863,-2.277855634689331,-0.43106429309776545,0.0,0.0
59.607176780700684,1784883216.3454719,24.678813457489014,23.998207330703735,3.528594970703125e-05,0.3624534606933594,near_center_pd,4,1,1,FOLLOW_MAIN,1.0,8.189124273698972,17.1,15.487112848620088,15.487112848620088,0.124,0.11155863242256892,0.11155863242256892,-0.012629220520281455,-0.08532214802557055,0.2,0.24,0.01,0.05,-0.003097422569724018,-0.02677407178141654,0.00012629220520281456,0.004266107401278528,0.15,0.07406608767982106,0.07406608767982106,0.0,0.0,-0.025479094744659217,-0.025479094744659217,-0.05804653426054857,-0.05804653426054857,0.0,0.0,0.065,0,1.0,0,1,0,0.8963307483312238,1.0642162438052554,nan,0.0779842287424081,0.07014794661723403,-0.007836282125174066,11.563183784484863,-2.277855634689331,-0.43106429309776545,0.0,0.0
59.94465255737305,1784883216.6829476,25.016289234161377,24.3356831073761,0.3375110626220703,3.838539123535156e-05,near_center_pd,4,1,1,FOLLOW_MAIN,1.0,8.189124273698972,17.1,15.487112848620088,15.487112848620088,0.124,0.11155863242256892,0.11155863242256892,-0.012629220520281455,-0.08532214802557055,0.2,0.24,0.01,0.05,-0.003097422569724018,-0.02677407178141654,0.00012629220520281456,0.004266107401278528,0.15,0.07406608767982106,0.07406608767982106,0.0,0.0,-0.025479094744659217,-0.025479094744659217,-0.05804653426054857,-0.05804653426054857,0.0,0.0,0.065,0,1.0,0,1,0,0.8963307483312238,1.0642162438052554,nan,0.0779842287424081,0.07014794661723403,-0.007836282125174066,11.563183784484863,-2.277855634689331,-0.43106429309776545,0.0,0.0
60.33338737487793,1784883217.0716825,25.40502429008484,24.72441816329956,6.723403930664062e-05,0.38877320289611816,near_center_pd,4,1,1,FOLLOW_MAIN,1.0,8.189124273698972,17.1,15.487112848620088,15.487112848620088,0.124,0.11155863242256892,0.11155863242256892,-0.012629220520281455,-0.08532214802557055,0.2,0.24,0.01,0.05,-0.003097422569724018,-0.02677407178141654,0.00012629220520281456,0.004266107401278528,0.15,0.07406608767982106,0.07406608767982106,0.0,0.0,-0.025479094744659217,-0.025479094744659217,-0.05804653426054857,-0.05804653426054857,0.0,0.0,0.065,0,1.0,0,1,0,0.8963307483312238,1.0642162438052554,nan,0.0779842287424081,0.07014794661723403,-0.007836282125174066,11.563183784484863,-2.277855634689331,-0.43106429309776545,0.0,0.0
60.66366410255432,1784883217.4019592,25.735300540924072,25.054694414138794,0.33034372329711914,3.266334533691406e-05,near_center_pd,4,1,1,FOLLOW_MAIN,1.0,8.189124273698972,17.1,15.487112848620088,15.487112848620088,0.124,0.11155863242256892,0.11155863242256892,-0.012629220520281455,-0.08532214802557055,0.2,0.24,0.01,0.05,-0.003097422569724018,-0.02677407178141654,0.00012629220520281456,0.004266107401278528,0.15,0.07406608767982106,0.07406608767982106,0.0,0.0,-0.025479094744659217,-0.025479094744659217,-0.05804653426054857,-0.05804653426054857,0.0,0.0,0.065,0,1.0,0,1,0,0.8963307483312238,1.0642162438052554,nan,0.0779842287424081,0.07014794661723403,-0.007836282125174066,11.563183784484863,-2.277855634689331,-0.43106429309776545,0.0,0.0
61.02918601036072,1784883217.7674809,26.100822687149048,25.42021656036377,4.1961669921875e-05,0.3655545711517334,near_center_pd,4,1,1,FOLLOW_MAIN,1.0,8.189124273698972,17.1,15.487112848620088,15.487112848620088,0.124,0.11155863242256892,0.11155863242256892,-0.012629220520281455,-0.08532214802557055,0.2,0.24,0.01,0.05,-0.003097422569724018,-0.02677407178141654,0.00012629220520281456,0.004266107401278528,0.15,0.07406608767982106,0.07406608767982106,0.0,0.0,-0.025479094744659217,-0.025479094744659217,-0.05804653426054857,-0.05804653426054857,0.0,0.0,0.065,0,1.0,0,1,0,0.8963307483312238,1.0642162438052554,nan,0.0779842287424081,0.07014794661723403,-0.007836282125174066,11.563183784484863,-2.277855634689331,-0.43106429309776545,0.0,0.0
61.47054481506348,1784883218.2088397,26.54218101501465,25.86157536506653,0.44140100479125977,4.1484832763671875e-05,near_center_pd,4,1,1,FOLLOW_MAIN,1.0,8.189124273698972,17.1,15.487112848620088,15.487112848620088,0.124,0.11155863242256892,0.11155863242256892,-0.012629220520281455,-0.08532214802557055,0.2,0.24,0.01,0.05,-0.003097422569724018,-0.02677407178141654,0.00012629220520281456,0.004266107401278528,0.15,0.07406608767982106,0.07406608767982106,0.0,0.0,-0.025479094744659217,-0.025479094744659217,-0.05804653426054857,-0.05804653426054857,0.0,0.0,0.065,0,1.0,0,1,0,0.8963307483312238,1.0642162438052554,nan,0.0779842287424081,0.07014794661723403,-0.007836282125174066,11.563183784484863,-2.277855634689331,-0.43106429309776545,0.0,0.0
61.80344772338867,1784883218.5417426,26.875084161758423,26.194478511810303,3.2901763916015625e-05,0.3329439163208008,near_center_pd,4,1,1,FOLLOW_MAIN,1.0,8.189124273698972,17.1,15.487112848620088,15.487112848620088,0.124,0.11155863242256892,0.11155863242256892,-0.012629220520281455,-0.08532214802557055,0.2,0.24,0.01,0.05,-0.003097422569724018,-0.02677407178141654,0.00012629220520281456,0.004266107401278528,0.15,0.07406608767982106,0.07406608767982106,0.0,0.0,-0.025479094744659217,-0.025479094744659217,-0.05804653426054857,-0.05804653426054857,0.0,0.0,0.065,0,1.0,0,1,0,0.8963307483312238,1.0642162438052554,nan,0.0779842287424081,0.07014794661723403,-0.007836282125174066,11.563183784484863,-2.277855634689331,-0.43106429309776545,0.0,0.0
62.28702759742737,1784883219.0253227,27.358664512634277,26.678059101104736,4.76837158203125e-05,0.4801168441772461,near_center_pd,4,1,1,FOLLOW_MAIN,1.0,8.189124273698972,17.1,15.487112848620088,15.487112848620088,0.124,0.11155863242256892,0.11155863242256892,-0.012629220520281455,-0.08532214802557055,0.2,0.24,0.01,0.05,-0.003097422569724018,-0.02677407178141654,0.00012629220520281456,0.004266107401278528,0.15,0.07406608767982106,0.07406608767982106,0.0,0.0,-0.025479094744659217,-0.025479094744659217,-0.05804653426054857,-0.05804653426054857,0.0,0.0,0.065,0,1.0,0,1,0,0.8963307483312238,1.0642162438052554,nan,0.0779842287424081,0.07014794661723403,-0.007836282125174066,11.563183784484863,-2.277855634689331,-0.43106429309776545,0.0,0.0
62.66285967826843,1784883219.4011545,27.734496116638184,27.053903102874756,0.37589216232299805,4.7206878662109375e-05,near_center_pd,4,1,1,FOLLOW_MAIN,1.0,8.189124273698972,17.1,15.487112848620088,15.487112848620088,0.124,0.11155863242256892,0.11155863242256892,-0.012629220520281455,-0.08532214802557055,0.2,0.24,0.01,0.05,-0.003097422569724018,-0.02677407178141654,0.00012629220520281456,0.004266107401278528,0.15,0.07406608767982106,0.07406608767982106,0.0,0.0,-0.025479094744659217,-0.025479094744659217,-0.05804653426054857,-0.05804653426054857,0.0,0.0,0.065,0,1.0,0,1,0,0.8963307483312238,1.0642162438052554,nan,0.0779842287424081,0.07014794661723403,-0.007836282125174066,11.563183784484863,-2.277855634689331,-0.43106429309776545,0.0,0.0
62.99621915817261,1784883219.7345142,28.067855834960938,27.38724970817566,3.337860107421875e-05,0.3333930969238281,near_center_pd,4,1,1,FOLLOW_MAIN,1.0,8.189124273698972,17.1,15.487112848620088,15.487112848620088,0.124,0.11155863242256892,0.11155863242256892,-0.012629220520281455,-0.08532214802557055,0.2,0.24,0.01,0.05,-0.003097422569724018,-0.02677407178141654,0.00012629220520281456,0.004266107401278528,0.15,0.07406608767982106,0.07406608767982106,0.0,0.0,-0.025479094744659217,-0.025479094744659217,-0.05804653426054857,-0.05804653426054857,0.0,0.0,0.065,0,1.0,0,1,0,0.8963307483312238,1.0642162438052554,nan,0.0779842287424081,0.07014794661723403,-0.007836282125174066,11.563183784484863,-2.277855634689331,-0.43106429309776545,0.0,0.0
63.30202007293701,1784883220.040315,28.373656511306763,27.693050384521484,0.3058342933654785,3.3855438232421875e-05,near_center_pd,4,1,1,FOLLOW_MAIN,1.0,8.189124273698972,17.1,15.487112848620088,15.487112848620088,0.124,0.11155863242256892,0.11155863242256892,-0.012629220520281455,-0.08532214802557055,0.2,0.24,0.01,0.05,-0.003097422569724018,-0.02677407178141654,0.00012629220520281456,0.004266107401278528,0.15,0.07406608767982106,0.07406608767982106,0.0,0.0,-0.025479094744659217,-0.025479094744659217,-0.05804653426054857,-0.05804653426054857,0.0,0.0,0.065,0,1.0,0,1,0,0.8963307483312238,1.0642162438052554,nan,0.0779842287424081,0.07014794661723403,-0.007836282125174066,11.563183784484863,-2.277855634689331,-0.43106429309776545,0.0,0.0
63.66938352584839,1784883220.4076784,28.74102020263672,28.06041407585144,3.337860107421875e-05,0.3673973083496094,near_center_pd,4,1,1,FOLLOW_MAIN,1.0,8.189124273698972,17.1,15.487112848620088,15.487112848620088,0.124,0.11155863242256892,0.11155863242256892,-0.012629220520281455,-0.08532214802557055,0.2,0.24,0.01,0.05,-0.003097422569724018,-0.02677407178141654,0.00012629220520281456,0.004266107401278528,0.15,0.07406608767982106,0.07406608767982106,0.0,0.0,-0.025479094744659217,-0.025479094744659217,-0.05804653426054857,-0.05804653426054857,0.0,0.0,0.065,0,1.0,0,1,0,0.8963307483312238,1.0642162438052554,nan,0.0779842287424081,0.07014794661723403,-0.007836282125174066,11.563183784484863,-2.277855634689331,-0.43106429309776545,0.0,0.0
64.017569065094,1784883220.7558641,29.089205741882324,28.408599615097046,0.00012063980102539062,0.7155828475952148,near_center_pd,4,1,1,FOLLOW_MAIN,1.0,8.189124273698972,17.1,15.487112848620088,15.487112848620088,0.124,0.11155863242256892,0.11155863242256892,-0.012629220520281455,-0.08532214802557055,0.2,0.24,0.01,0.05,-0.003097422569724018,-0.02677407178141654,0.00012629220520281456,0.004266107401278528,0.15,0.07406608767982106,0.07406608767982106,0.0,0.0,-0.025479094744659217,-0.025479094744659217,-0.05804653426054857,-0.05804653426054857,0.0,0.0,0.065,0,1.0,0,1,0,0.8963307483312238,1.0642162438052554,nan,0.0779842287424081,0.07014794661723403,-0.007836282125174066,11.563183784484863,-2.277855634689331,-0.43106429309776545,0.0,0.0
64.32236170768738,1784883221.0606565,29.393998384475708,28.71339249610901,3.457069396972656e-05,1.0203754901885986,near_center_pd,4,1,1,FOLLOW_MAIN,1.0,8.189124273698972,17.1,15.487112848620088,15.487112848620088,0.124,0.11155863242256892,0.11155863242256892,-0.012629220520281455,-0.08532214802557055,0.2,0.24,0.01,0.05,-0.003097422569724018,-0.02677407178141654,0.00012629220520281456,0.004266107401278528,0.15,0.07406608767982106,0.07406608767982106,0.0,0.0,-0.025479094744659217,-0.025479094744659217,-0.05804653426054857,-0.05804653426054857,0.0,0.0,0.065,0,1.0,0,1,0,0.8963307483312238,1.0642162438052554,nan,0.0779842287424081,0.07014794661723403,-0.007836282125174066,11.563183784484863,-2.277855634689331,-0.43106429309776545,0.0,0.0
64.76302242279053,1784883221.5013177,29.834659337997437,29.154053449630737,3.552436828613281e-05,0.43720412254333496,near_center_pd,4,1,1,FOLLOW_MAIN,1.0,8.189124273698972,17.1,15.487112848620088,15.487112848620088,0.124,0.11155863242256892,0.11155863242256892,-0.012629220520281455,-0.08532214802557055,0.2,0.24,0.01,0.05,-0.003097422569724018,-0.02677407178141654,0.00012629220520281456,0.004266107401278528,0.15,0.07406608767982106,0.07406608767982106,0.0,0.0,-0.025479094744659217,-0.025479094744659217,-0.05804653426054857,-0.05804653426054857,0.0,0.0,0.065,0,1.0,0,1,0,0.8963307483312238,1.0642162438052554,nan,0.0779842287424081,0.07014794661723403,-0.007836282125174066,11.563183784484863,-2.277855634689331,-0.43106429309776545,0.0,0.0
65.10663652420044,1784883221.8449314,30.17827296257019,29.497666835784912,0.34364914894104004,0.00012493133544921875,near_center_pd,4,1,1,FOLLOW_MAIN,1.0,8.189124273698972,17.1,15.487112848620088,15.487112848620088,0.124,0.11155863242256892,0.11155863242256892,-0.012629220520281455,-0.08532214802557055,0.2,0.24,0.01,0.05,-0.003097422569724018,-0.02677407178141654,0.00012629220520281456,0.004266107401278528,0.15,0.07406608767982106,0.07406608767982106,0.0,0.0,-0.025479094744659217,-0.025479094744659217,-0.05804653426054857,-0.05804653426054857,0.0,0.0,0.065,0,1.0,0,1,0,0.8963307483312238,1.0642162438052554,nan,0.0779842287424081,0.07014794661723403,-0.007836282125174066,11.563183784484863,-2.277855634689331,-0.43106429309776545,0.0,0.0
65.41609573364258,1784883222.1543906,30.48773217201233,29.80712604522705,3.1948089599609375e-05,0.3095839023590088,near_center_pd,4,1,1,FOLLOW_MAIN,1.0,8.189124273698972,17.1,15.487112848620088,15.487112848620088,0.124,0.11155863242256892,0.11155863242256892,-0.012629220520281455,-0.08532214802557055,0.2,0.24,0.01,0.05,-0.003097422569724018,-0.02677407178141654,0.00012629220520281456,0.004266107401278528,0.15,0.07406608767982106,0.07406608767982106,0.0,0.0,-0.025479094744659217,-0.025479094744659217,-0.05804653426054857,-0.05804653426054857,0.0,0.0,0.065,0,1.0,0,1,0,0.8963307483312238,1.0642162438052554,nan,0.0779842287424081,0.07014794661723403,-0.007836282125174066,11.563183784484863,-2.277855634689331,-0.43106429309776545,0.0,0.0
65.78335428237915,1784883222.5216491,30.8549907207489,30.174384832382202,3.457069396972656e-05,0.36397457122802734,near_center_pd,4,1,1,FOLLOW_MAIN,1.0,8.189124273698972,17.1,15.487112848620088,15.487112848620088,0.124,0.11155863242256892,0.11155863242256892,-0.012629220520281455,-0.08532214802557055,0.2,0.24,0.01,0.05,-0.003097422569724018,-0.02677407178141654,0.00012629220520281456,0.004266107401278528,0.15,0.07406608767982106,0.07406608767982106,0.0,0.0,-0.025479094744659217,-0.025479094744659217,-0.05804653426054857,-0.05804653426054857,0.0,0.0,0.065,0,1.0,0,1,0,0.8963307483312238,1.0642162438052554,nan,0.0779842287424081,0.07014794661723403,-0.007836282125174066,11.563183784484863,-2.277855634689331,-0.43106429309776545,0.0,0.0
66.08590960502625,1784883222.8242044,31.157546043395996,30.476939916610718,0.30258989334106445,3.4332275390625e-05,near_center_pd,4,1,1,FOLLOW_MAIN,1.0,8.189124273698972,17.1,15.487112848620088,15.487112848620088,0.124,0.11155863242256892,0.11155863242256892,-0.012629220520281455,-0.08532214802557055,0.2,0.24,0.01,0.05,-0.003097422569724018,-0.02677407178141654,0.00012629220520281456,0.004266107401278528,0.15,0.07406608767982106,0.07406608767982106,0.0,0.0,-0.025479094744659217,-0.025479094744659217,-0.05804653426054857,-0.05804653426054857,0.0,0.0,0.065,0,1.0,0,1,0,0.8963307483312238,1.0642162438052554,nan,0.0779842287424081,0.07014794661723403,-0.007836282125174066,11.563183784484863,-2.277855634689331,-0.43106429309776545,0.0,0.0
66.42836403846741,1784883223.1666589,31.500000476837158,30.81939435005188,3.6716461181640625e-05,0.34248828887939453,near_center_pd,4,1,1,FOLLOW_MAIN,1.0,8.189124273698972,17.1,15.487112848620088,15.487112848620088,0.124,0.11155863242256892,0.11155863242256892,-0.012629220520281455,-0.08532214802557055,0.2,0.24,0.01,0.05,-0.003097422569724018,-0.02677407178141654,0.00012629220520281456,0.004266107401278528,0.15,0.07406608767982106,0.07406608767982106,0.0,0.0,-0.025479094744659217,-0.025479094744659217,-0.05804653426054857,-0.05804653426054857,0.0,0.0,0.065,0,1.0,0,1,0,0.8963307483312238,1.0642162438052554,nan,0.0779842287424081,0.07014794661723403,-0.007836282125174066,11.563183784484863,-2.277855634689331,-0.43106429309776545,0.0,0.0
66.82483625411987,1784883223.563131,31.896472692489624,31.215866804122925,6.818771362304688e-05,0.7389609813690186,near_center_pd,4,1,1,FOLLOW_MAIN,1.0,8.189124273698972,17.1,15.487112848620088,15.487112848620088,0.124,0.11155863242256892,0.11155863242256892,-0.012629220520281455,-0.08532214802557055,0.2,0.24,0.01,0.05,-0.003097422569724018,-0.02677407178141654,0.00012629220520281456,0.004266107401278528,0.15,0.07406608767982106,0.07406608767982106,0.0,0.0,-0.025479094744659217,-0.025479094744659217,-0.05804653426054857,-0.05804653426054857,0.0,0.0,0.065,0,1.0,0,1,0,0.8963307483312238,1.0642162438052554,nan,0.0779842287424081,0.07014794661723403,-0.007836282125174066,11.563183784484863,-2.277855634689331,-0.43106429309776545,0.0,0.0
67.23501920700073,1784883223.9733143,32.30665588378906,31.626050233840942,4.1484832763671875e-05,1.1491446495056152,near_center_pd,4,1,1,FOLLOW_MAIN,1.0,8.189124273698972,17.1,15.487112848620088,15.487112848620088,0.124,0.11155863242256892,0.11155863242256892,-0.012629220520281455,-0.08532214802557055,0.2,0.24,0.01,0.05,-0.003097422569724018,-0.02677407178141654,0.00012629220520281456,0.004266107401278528,0.15,0.07406608767982106,0.07406608767982106,0.0,0.0,-0.025479094744659217,-0.025479094744659217,-0.05804653426054857,-0.05804653426054857,0.0,0.0,0.065,0,1.0,0,1,0,0.8963307483312238,1.0642162438052554,nan,0.0779842287424081,0.07014794661723403,-0.007836282125174066,11.563183784484863,-2.277855634689331,-0.43106429309776545,0.0,0.0
67.6009829044342,1784883224.339278,32.67262029647827,31.992014408111572,0.36600589752197266,6.914138793945312e-05,near_center_pd,4,1,1,FOLLOW_MAIN,1.0,8.189124273698972,17.1,15.487112848620088,15.487112848620088,0.124,0.11155863242256892,0.11155863242256892,-0.012629220520281455,-0.08532214802557055,0.2,0.24,0.01,0.05,-0.003097422569724018,-0.02677407178141654,0.00012629220520281456,0.004266107401278528,0.15,0.07406608767982106,0.07406608767982106,0.0,0.0,-0.025479094744659217,-0.025479094744659217,-0.05804653426054857,-0.05804653426054857,0.0,0.0,0.065,0,1.0,0,1,0,0.8963307483312238,1.0642162438052554,nan,0.0779842287424081,0.07014794661723403,-0.007836282125174066,11.563183784484863,-2.277855634689331,-0.43106429309776545,0.0,0.0
67.93913006782532,1784883224.6774251,33.01076674461365,32.33016061782837,3.1948089599609375e-05,0.33821535110473633,near_center_pd,4,1,1,FOLLOW_MAIN,1.0,8.189124273698972,17.1,15.487112848620088,15.487112848620088,0.124,0.11155863242256892,0.11155863242256892,-0.012629220520281455,-0.08532214802557055,0.2,0.24,0.01,0.05,-0.003097422569724018,-0.02677407178141654,0.00012629220520281456,0.004266107401278528,0.15,0.07406608767982106,0.07406608767982106,0.0,0.0,-0.025479094744659217,-0.025479094744659217,-0.05804653426054857,-0.05804653426054857,0.0,0.0,0.065,0,1.0,0,1,0,0.8963307483312238,1.0642162438052554,nan,0.0779842287424081,0.07014794661723403,-0.007836282125174066,11.563183784484863,-2.277855634689331,-0.43106429309776545,0.0,0.0
68.33137583732605,1784883225.0696707,33.4030122756958,32.72240614891052,0.39227724075317383,3.647804260253906e-05,near_center_pd,4,1,1,FOLLOW_MAIN,1.0,8.189124273698972,17.1,15.487112848620088,15.487112848620088,0.124,0.11155863242256892,0.11155863242256892,-0.012629220520281455,-0.08532214802557055,0.2,0.24,0.01,0.05,-0.003097422569724018,-0.02677407178141654,0.00012629220520281456,0.004266107401278528,0.15,0.07406608767982106,0.07406608767982106,0.0,0.0,-0.025479094744659217,-0.025479094744659217,-0.05804653426054857,-0.05804653426054857,0.0,0.0,0.065,0,1.0,0,1,0,0.8963307483312238,1.0642162438052554,nan,0.0779842287424081,0.07014794661723403,-0.007836282125174066,11.563183784484863,-2.277855634689331,-0.43106429309776545,0.0,0.0
68.6991138458252,1784883225.4374087,33.770750522613525,33.09014439582825,4.363059997558594e-05,0.36777448654174805,near_center_pd,4,1,1,FOLLOW_MAIN,1.0,8.189124273698972,17.1,15.487112848620088,15.487112848620088,0.124,0.11155863242256892,0.11155863242256892,-0.012629220520281455,-0.08532214802557055,0.2,0.24,0.01,0.05,-0.003097422569724018,-0.02677407178141654,0.00012629220520281456,0.004266107401278528,0.15,0.07406608767982106,0.07406608767982106,0.0,0.0,-0.025479094744659217,-0.025479094744659217,-0.05804653426054857,-0.05804653426054857,0.0,0.0,0.065,0,1.0,0,1,0,0.8963307483312238,1.0642162438052554,nan,0.0779842287424081,0.07014794661723403,-0.007836282125174066,11.563183784484863,-2.277855634689331,-0.43106429309776545,0.0,0.0
69.03888249397278,1784883225.7771776,34.11051893234253,33.42991328239441,0.3398125171661377,3.743171691894531e-05,near_center_pd,4,1,1,FOLLOW_MAIN,1.0,8.189124273698972,17.1,15.487112848620088,15.487112848620088,0.124,0.11155863242256892,0.11155863242256892,-0.012629220520281455,-0.08532214802557055,0.2,0.24,0.01,0.05,-0.003097422569724018,-0.02677407178141654,0.00012629220520281456,0.004266107401278528,0.15,0.07406608767982106,0.07406608767982106,0.0,0.0,-0.025479094744659217,-0.025479094744659217,-0.05804653426054857,-0.05804653426054857,0.0,0.0,0.065,0,1.0,0,1,0,0.8963307483312238,1.0642162438052554,nan,0.0779842287424081,0.07014794661723403,-0.007836282125174066,11.563183784484863,-2.277855634689331,-0.43106429309776545,0.0,0.0
69.36324191093445,1784883226.1015368,34.43487858772278,33.75427269935608,3.3855438232421875e-05,0.32439661026000977,near_center_pd,4,1,1,FOLLOW_MAIN,1.0,8.189124273698972,17.1,15.487112848620088,15.487112848620088,0.124,0.11155863242256892,0.11155863242256892,-0.012629220520281455,-0.08532214802557055,0.2,0.24,0.01,0.05,-0.003097422569724018,-0.02677407178141654,0.00012629220520281456,0.004266107401278528,0.15,0.07406608767982106,0.07406608767982106,0.0,0.0,-0.025479094744659217,-0.025479094744659217,-0.05804653426054857,-0.05804653426054857,0.0,0.0,0.065,0,1.0,0,1,0,0.8963307483312238,1.0642162438052554,nan,0.0779842287424081,0.07014794661723403,-0.007836282125174066,11.563183784484863,-2.277855634689331,-0.43106429309776545,0.0,0.0
69.73373460769653,1784883226.4720297,34.80537152290344,34.12476563453674,3.886222839355469e-05,0.6948897838592529,near_center_pd,4,1,1,FOLLOW_MAIN,1.0,8.189124273698972,17.1,15.487112848620088,15.487112848620088,0.124,0.11155863242256892,0.11155863242256892,-0.012629220520281455,-0.08532214802557055,0.2,0.24,0.01,0.05,-0.003097422569724018,-0.02677407178141654,0.00012629220520281456,0.004266107401278528,0.15,0.07406608767982106,0.07406608767982106,0.0,0.0,-0.025479094744659217,-0.025479094744659217,-0.05804653426054857,-0.05804653426054857,0.0,0.0,0.065,0,1.0,0,1,0,0.8963307483312238,1.0642162438052554,nan,0.0779842287424081,0.07014794661723403,-0.007836282125174066,11.563183784484863,-2.277855634689331,-0.43106429309776545,0.0,0.0
70.08304500579834,1784883226.82134,35.15468168258667,34.47407555580139,0.349348783493042,3.552436828613281e-05,near_center_pd,4,1,1,FOLLOW_MAIN,1.0,8.189124273698972,17.1,15.487112848620088,15.487112848620088,0.124,0.11155863242256892,0.11155863242256892,-0.012629220520281455,-0.08532214802557055,0.2,0.24,0.01,0.05,-0.003097422569724018,-0.02677407178141654,0.00012629220520281456,0.004266107401278528,0.15,0.07406608767982106,0.07406608767982106,0.0,0.0,-0.025479094744659217,-0.025479094744659217,-0.05804653426054857,-0.05804653426054857,0.0,0.0,0.065,0,1.0,0,1,0,0.8963307483312238,1.0642162438052554,nan,0.0779842287424081,0.07014794661723403,-0.007836282125174066,11.563183784484863,-2.277855634689331,-0.43106429309776545,0.0,0.0
70.4116735458374,1784883227.1499686,35.48331022262573,34.80270457267761,7.390975952148438e-05,0.32866454124450684,near_center_pd,4,1,1,FOLLOW_MAIN,1.0,8.189124273698972,17.1,15.487112848620088,15.487112848620088,0.124,0.11155863242256892,0.11155863242256892,-0.012629220520281455,-0.08532214802557055,0.2,0.24,0.01,0.05,-0.003097422569724018,-0.02677407178141654,0.00012629220520281456,0.004266107401278528,0.15,0.07406608767982106,0.07406608767982106,0.0,0.0,-0.025479094744659217,-0.025479094744659217,-0.05804653426054857,-0.05804653426054857,0.0,0.0,0.065,0,1.0,0,1,0,0.8963307483312238,1.0642162438052554,nan,0.0779842287424081,0.07014794661723403,-0.007836282125174066,11.563183784484863,-2.277855634689331,-0.43106429309776545,0.0,0.0
70.74347043037415,1784883227.4817653,35.815107345581055,35.134501457214355,3.552436828613281e-05,0.32843613624572754,near_center_pd,4,1,1,FOLLOW_MAIN,1.0,8.189124273698972,17.1,15.487112848620088,15.487112848620088,0.124,0.11155863242256892,0.11155863242256892,-0.012629220520281455,-0.08532214802557055,0.2,0.24,0.01,0.05,-0.003097422569724018,-0.02677407178141654,0.00012629220520281456,0.004266107401278528,0.15,0.07406608767982106,0.07406608767982106,0.0,0.0,-0.025479094744659217,-0.025479094744659217,-0.05804653426054857,-0.05804653426054857,0.0,0.0,0.065,0,1.0,0,1,0,0.8963307483312238,1.0642162438052554,nan,0.0779842287424081,0.07014794661723403,-0.007836282125174066,11.563183784484863,-2.277855634689331,-0.43106429309776545,0.0,0.0
71.08126664161682,1784883227.8195617,36.15290331840515,35.47229719161987,4.553794860839844e-05,0.3344733715057373,near_center_pd,4,1,1,FOLLOW_MAIN,1.0,8.189124273698972,17.1,15.487112848620088,15.487112848620088,0.124,0.11155863242256892,0.11155863242256892,-0.012629220520281455,-0.08532214802557055,0.2,0.24,0.01,0.05,-0.003097422569724018,-0.02677407178141654,0.00012629220520281456,0.004266107401278528,0.15,0.07406608767982106,0.07406608767982106,0.0,0.0,-0.025479094744659217,-0.025479094744659217,-0.05804653426054857,-0.05804653426054857,0.0,0.0,0.065,0,1.0,0,1,0,0.8963307483312238,1.0642162438052554,nan,0.0779842287424081,0.07014794661723403,-0.007836282125174066,11.563183784484863,-2.277855634689331,-0.43106429309776545,0.0,0.0
71.4368941783905,1784883228.175189,36.50853085517883,35.827924728393555,4.220008850097656e-05,0.3522007465362549,near_center_pd,4,1,1,FOLLOW_MAIN,1.0,8.189124273698972,17.1,15.487112848620088,15.487112848620088,0.124,0.11155863242256892,0.11155863242256892,-0.012629220520281455,-0.08532214802557055,0.2,0.24,0.01,0.05,-0.003097422569724018,-0.02677407178141654,0.00012629220520281456,0.004266107401278528,0.15,0.07406608767982106,0.07406608767982106,0.0,0.0,-0.025479094744659217,-0.025479094744659217,-0.05804653426054857,-0.05804653426054857,0.0,0.0,0.065,0,1.0,0,1,0,0.8963307483312238,1.0642162438052554,nan,0.0779842287424081,0.07014794661723403,-0.007836282125174066,11.563183784484863,-2.277855634689331,-0.43106429309776545,0.0,0.0
71.83664155006409,1784883228.5749364,36.90827798843384,36.22767210006714,0.0001316070556640625,0.7519476413726807,near_center_pd,4,1,1,FOLLOW_MAIN,1.0,8.189124273698972,17.1,15.487112848620088,15.487112848620088,0.124,0.11155863242256892,0.11155863242256892,-0.012629220520281455,-0.08532214802557055,0.2,0.24,0.01,0.05,-0.003097422569724018,-0.02677407178141654,0.00012629220520281456,0.004266107401278528,0.15,0.07406608767982106,0.07406608767982106,0.0,0.0,-0.025479094744659217,-0.025479094744659217,-0.05804653426054857,-0.05804653426054857,0.0,0.0,0.065,0,1.0,0,1,0,0.8963307483312238,1.0642162438052554,nan,0.0779842287424081,0.07014794661723403,-0.007836282125174066,11.563183784484863,-2.277855634689331,-0.43106429309776545,0.0,0.0
72.1667869091034,1784883228.9050817,37.2384238243103,36.557817697525024,3.3855438232421875e-05,1.0820932388305664,near_center_pd,4,1,1,FOLLOW_MAIN,1.0,8.189124273698972,17.1,15.487112848620088,15.487112848620088,0.124,0.11155863242256892,0.11155863242256892,-0.012629220520281455,-0.08532214802557055,0.2,0.24,0.01,0.05,-0.003097422569724018,-0.02677407178141654,0.00012629220520281456,0.004266107401278528,0.15,0.07406608767982106,0.07406608767982106,0.0,0.0,-0.025479094744659217,-0.025479094744659217,-0.05804653426054857,-0.05804653426054857,0.0,0.0,0.065,0,1.0,0,1,0,0.8963307483312238,1.0642162438052554,nan,0.0779842287424081,0.07014794661723403,-0.007836282125174066,11.563183784484863,-2.277855634689331,-0.43106429309776545,0.0,0.0
72.54299139976501,1784883229.2812865,37.614628076553345,36.934021949768066,3.6716461181640625e-05,1.4582977294921875,near_center_pd,4,1,1,FOLLOW_MAIN,1.0,8.189124273698972,17.1,15.487112848620088,15.487112848620088,0.124,0.11155863242256892,0.11155863242256892,-0.012629220520281455,-0.08532214802557055,0.2,0.24,0.01,0.05,-0.003097422569724018,-0.02677407178141654,0.00012629220520281456,0.004266107401278528,0.15,0.07406608767982106,0.07406608767982106,0.0,0.0,-0.025479094744659217,-0.025479094744659217,-0.05804653426054857,-0.05804653426054857,0.0,0.0,0.065,0,1.0,0,1,0,0.8963307483312238,1.0642162438052554,nan,0.0779842287424081,0.07014794661723403,-0.007836282125174066,11.563183784484863,-2.277855634689331,-0.43106429309776545,0.0,0.0
72.85841846466064,1784883229.5967135,37.930055141448975,37.249449014663696,0.3154640197753906,3.552436828613281e-05,near_center_pd,4,1,1,FOLLOW_MAIN,1.0,8.189124273698972,17.1,15.487112848620088,15.487112848620088,0.124,0.11155863242256892,0.11155863242256892,-0.012629220520281455,-0.08532214802557055,0.2,0.24,0.01,0.05,-0.003097422569724018,-0.02677407178141654,0.00012629220520281456,0.004266107401278528,0.15,0.07406608767982106,0.07406608767982106,0.0,0.0,-0.025479094744659217,-0.025479094744659217,-0.05804653426054857,-0.05804653426054857,0.0,0.0,0.065,0,1.0,0,1,0,0.8963307483312238,1.0642162438052554,nan,0.0779842287424081,0.07014794661723403,-0.007836282125174066,11.563183784484863,-2.277855634689331,-0.43106429309776545,0.0,0.0
73.19761800765991,1784883229.9359133,38.26925539970398,37.58864951133728,7.414817810058594e-05,0.339235782623291,near_center_pd,4,1,1,FOLLOW_MAIN,1.0,8.189124273698972,17.1,15.487112848620088,15.487112848620088,0.124,0.11155863242256892,0.11155863242256892,-0.012629220520281455,-0.08532214802557055,0.2,0.24,0.01,0.05,-0.003097422569724018,-0.02677407178141654,0.00012629220520281456,0.004266107401278528,0.15,0.07406608767982106,0.07406608767982106,0.0,0.0,-0.025479094744659217,-0.025479094744659217,-0.05804653426054857,-0.05804653426054857,0.0,0.0,0.065,0,1.0,0,1,0,0.8963307483312238,1.0642162438052554,nan,0.0779842287424081,0.07014794661723403,-0.007836282125174066,11.563183784484863,-2.277855634689331,-0.43106429309776545,0.0,0.0
73.54282832145691,1784883230.2811232,38.61446475982666,37.93385863304138,3.8623809814453125e-05,0.6844446659088135,near_center_pd,4,1,1,FOLLOW_MAIN,1.0,8.189124273698972,17.1,15.487112848620088,15.487112848620088,0.124,0.11155863242256892,0.11155863242256892,-0.012629220520281455,-0.08532214802557055,0.2,0.24,0.01,0.05,-0.003097422569724018,-0.02677407178141654,0.00012629220520281456,0.004266107401278528,0.15,0.07406608767982106,0.07406608767982106,0.0,0.0,-0.025479094744659217,-0.025479094744659217,-0.05804653426054857,-0.05804653426054857,0.0,0.0,0.065,0,1.0,0,1,0,0.8963307483312238,1.0642162438052554,nan,0.0779842287424081,0.07014794661723403,-0.007836282125174066,11.563183784484863,-2.277855634689331,-0.43106429309776545,0.0,0.0
73.96718835830688,1784883230.7054834,39.038825273513794,38.358219146728516,3.814697265625e-05,0.42107677459716797,near_center_pd,4,1,1,FOLLOW_MAIN,1.0,8.189124273698972,17.1,15.487112848620088,15.487112848620088,0.124,0.11155863242256892,0.11155863242256892,-0.012629220520281455,-0.08532214802557055,0.2,0.24,0.01,0.05,-0.003097422569724018,-0.02677407178141654,0.00012629220520281456,0.004266107401278528,0.15,0.07406608767982106,0.07406608767982106,0.0,0.0,-0.025479094744659217,-0.025479094744659217,-0.05804653426054857,-0.05804653426054857,0.0,0.0,0.065,0,1.0,0,1,0,0.8963307483312238,1.0642162438052554,nan,0.0779842287424081,0.07014794661723403,-0.007836282125174066,11.563183784484863,-2.277855634689331,-0.43106429309776545,0.0,0.0
74.42884969711304,1784883231.1671448,39.50048637390137,38.81988048553467,0.4616994857788086,4.3392181396484375e-05,near_center_pd,4,1,1,FOLLOW_MAIN,1.0,8.189124273698972,17.1,15.487112848620088,15.487112848620088,0.124,0.11155863242256892,0.11155863242256892,-0.012629220520281455,-0.08532214802557055,0.2,0.24,0.01,0.05,-0.003097422569724018,-0.02677407178141654,0.00012629220520281456,0.004266107401278528,0.15,0.07406608767982106,0.07406608767982106,0.0,0.0,-0.025479094744659217,-0.025479094744659217,-0.05804653426054857,-0.05804653426054857,0.0,0.0,0.065,0,1.0,0,1,0,0.8963307483312238,1.0642162438052554,nan,0.0779842287424081,0.07014794661723403,-0.007836282125174066,11.563183784484863,-2.277855634689331,-0.43106429309776545,0.0,0.0
74.8686933517456,1784883231.606989,39.94033098220825,39.25972533226013,6.437301635742188e-05,0.43988871574401855,near_center_pd,4,1,1,FOLLOW_MAIN,1.0,8.189124273698972,17.1,15.487112848620088,15.487112848620088,0.124,0.11155863242256892,0.11155863242256892,-0.012629220520281455,-0.08532214802557055,0.2,0.24,0.01,0.05,-0.003097422569724018,-0.02677407178141654,0.00012629220520281456,0.004266107401278528,0.15,0.07406608767982106,0.07406608767982106,0.0,0.0,-0.025479094744659217,-0.025479094744659217,-0.05804653426054857,-0.05804653426054857,0.0,0.0,0.065,0,1.0,0,1,0,0.8963307483312238,1.0642162438052554,nan,0.0779842287424081,0.07014794661723403,-0.007836282125174066,11.563183784484863,-2.277855634689331,-0.43106429309776545,0.0,0.0
75.28162288665771,1784883232.0199187,40.353262424468994,39.672656774520874,9.202957153320312e-05,0.852820634841919,near_center_pd,4,1,1,FOLLOW_MAIN,1.0,8.189124273698972,17.1,15.487112848620088,15.487112848620088,0.124,0.11155863242256892,0.11155863242256892,-0.012629220520281455,-0.08532214802557055,0.2,0.24,0.01,0.05,-0.003097422569724018,-0.02677407178141654,0.00012629220520281456,0.004266107401278528,0.15,0.07406608767982106,0.07406608767982106,0.0,0.0,-0.025479094744659217,-0.025479094744659217,-0.05804653426054857,-0.05804653426054857,0.0,0.0,0.065,0,1.0,0,1,0,0.8963307483312238,1.0642162438052554,nan,0.0779842287424081,0.07014794661723403,-0.007836282125174066,11.563183784484863,-2.277855634689331,-0.43106429309776545,0.0,0.0
75.70284128189087,1784883232.4411364,40.7744779586792,40.09387230873108,4.458427429199219e-05,1.2740347385406494,near_center_pd,4,1,1,FOLLOW_MAIN,1.0,8.189124273698972,17.1,15.487112848620088,15.487112848620088,0.124,0.11155863242256892,0.11155863242256892,-0.012629220520281455,-0.08532214802557055,0.2,0.24,0.01,0.05,-0.003097422569724018,-0.02677407178141654,0.00012629220520281456,0.004266107401278528,0.15,0.07406608767982106,0.07406608767982106,0.0,0.0,-0.025479094744659217,-0.025479094744659217,-0.05804653426054857,-0.05804653426054857,0.0,0.0,0.065,0,1.0,0,1,0,0.8963307483312238,1.0642162438052554,nan,0.0779842287424081,0.07014794661723403,-0.007836282125174066,11.563183784484863,-2.277855634689331,-0.43106429309776545,0.0,0.0
76.07631707191467,1784883232.814612,41.147953748703,40.46737313270569,0.37354540824890137,6.151199340820312e-05,near_center_pd,4,1,1,FOLLOW_MAIN,1.0,8.189124273698972,17.1,15.487112848620088,15.487112848620088,0.124,0.11155863242256892,0.11155863242256892,-0.012629220520281455,-0.08532214802557055,0.2,0.24,0.01,0.05,-0.003097422569724018,-0.02677407178141654,0.00012629220520281456,0.004266107401278528,0.15,0.07406608767982106,0.07406608767982106,0.0,0.0,-0.025479094744659217,-0.025479094744659217,-0.05804653426054857,-0.05804653426054857,0.0,0.0,0.065,0,1.0,0,1,0,0.8963307483312238,1.0642162438052554,nan,0.0779842287424081,0.07014794661723403,-0.007836282125174066,11.563183784484863,-2.277855634689331,-0.43106429309776545,0.0,0.0
76.43226623535156,1784883233.170561,41.50390267372131,40.823296546936035,4.553794860839844e-05,0.3559849262237549,near_center_pd,4,1,1,FOLLOW_MAIN,1.0,8.189124273698972,17.1,15.487112848620088,15.487112848620088,0.124,0.11155863242256892,0.11155863242256892,-0.012629220520281455,-0.08532214802557055,0.2,0.24,0.01,0.05,-0.003097422569724018,-0.02677407178141654,0.00012629220520281456,0.004266107401278528,0.15,0.07406608767982106,0.07406608767982106,0.0,0.0,-0.025479094744659217,-0.025479094744659217,-0.05804653426054857,-0.05804653426054857,0.0,0.0,0.065,0,1.0,0,1,0,0.8963307483312238,1.0642162438052554,nan,0.0779842287424081,0.07014794661723403,-0.007836282125174066,11.563183784484863,-2.277855634689331,-0.43106429309776545,0.0,0.0
76.78289461135864,1784883233.5211895,41.85453152656555,41.17392539978027,0.3506746292114258,3.6716461181640625e-05,near_center_pd,4,1,1,FOLLOW_MAIN,1.0,8.189124273698972,17.1,15.487112848620088,15.487112848620088,0.124,0.11155863242256892,0.11155863242256892,-0.012629220520281455,-0.08532214802557055,0.2,0.24,0.01,0.05,-0.003097422569724018,-0.02677407178141654,0.00012629220520281456,0.004266107401278528,0.15,0.07406608767982106,0.07406608767982106,0.0,0.0,-0.025479094744659217,-0.025479094744659217,-0.05804653426054857,-0.05804653426054857,0.0,0.0,0.065,0,1.0,0,1,0,0.8963307483312238,1.0642162438052554,nan,0.0779842287424081,0.07014794661723403,-0.007836282125174066,11.563183784484863,-2.277855634689331,-0.43106429309776545,0.0,0.0
77.20672392845154,1784883233.9450195,42.278361558914185,41.597755908966064,5.984306335449219e-05,0.42386770248413086,near_center_pd,4,1,1,FOLLOW_MAIN,1.0,8.189124273698972,17.1,15.487112848620088,15.487112848620088,0.124,0.11155863242256892,0.11155863242256892,-0.012629220520281455,-0.08532214802557055,0.2,0.24,0.01,0.05,-0.003097422569724018,-0.02677407178141654,0.00012629220520281456,0.004266107401278528,0.15,0.07406608767982106,0.07406608767982106,0.0,0.0,-0.025479094744659217,-0.025479094744659217,-0.05804653426054857,-0.05804653426054857,0.0,0.0,0.065,0,1.0,0,1,0,0.8963307483312238,1.0642162438052554,nan,0.0779842287424081,0.07014794661723403,-0.007836282125174066,11.563183784484863,-2.277855634689331,-0.43106429309776545,0.0,0.0
77.56128191947937,1784883234.2995768,42.63291835784912,41.95231246948242,0.3546159267425537,3.504753112792969e-05,near_center_pd,4,1,1,FOLLOW_MAIN,1.0,8.189124273698972,17.1,15.487112848620088,15.487112848620088,0.124,0.11155863242256892,0.11155863242256892,-0.012629220520281455,-0.08532214802557055,0.2,0.24,0.01,0.05,-0.003097422569724018,-0.02677407178141654,0.00012629220520281456,0.004266107401278528,0.15,0.07406608767982106,0.07406608767982106,0.0,0.0,-0.025479094744659217,-0.025479094744659217,-0.05804653426054857,-0.05804653426054857,0.0,0.0,0.065,0,1.0,0,1,0,0.8963307483312238,1.0642162438052554,nan,0.0779842287424081,0.07014794661723403,-0.007836282125174066,11.563183784484863,-2.277855634689331,-0.43106429309776545,0.0,0.0
78.0194182395935,1784883234.757714,43.09105658531189,42.41045093536377,7.939338684082031e-05,0.4581747055053711,near_center_pd,4,1,1,FOLLOW_MAIN,1.0,8.189124273698972,17.1,15.487112848620088,15.487112848620088,0.124,0.11155863242256892,0.11155863242256892,-0.012629220520281455,-0.08532214802557055,0.2,0.24,0.01,0.05,-0.003097422569724018,-0.02677407178141654,0.00012629220520281456,0.004266107401278528,0.15,0.07406608767982106,0.07406608767982106,0.0,0.0,-0.025479094744659217,-0.025479094744659217,-0.05804653426054857,-0.05804653426054857,0.0,0.0,0.065,0,1.0,0,1,0,0.8963307483312238,1.0642162438052554,nan,0.0779842287424081,0.07014794661723403,-0.007836282125174066,11.563183784484863,-2.277855634689331,-0.43106429309776545,0.0,0.0
78.37433958053589,1784883235.1126344,43.44597601890564,42.76536989212036,0.3549981117248535,6.365776062011719e-05,near_center_pd,4,1,1,FOLLOW_MAIN,1.0,8.189124273698972,17.1,15.487112848620088,15.487112848620088,0.124,0.11155863242256892,0.11155863242256892,-0.012629220520281455,-0.08532214802557055,0.2,0.24,0.01,0.05,-0.003097422569724018,-0.02677407178141654,0.00012629220520281456,0.004266107401278528,0.15,0.07406608767982106,0.07406608767982106,0.0,0.0,-0.025479094744659217,-0.025479094744659217,-0.05804653426054857,-0.05804653426054857,0.0,0.0,0.065,0,1.0,0,1,0,0.8963307483312238,1.0642162438052554,nan,0.0779842287424081,0.07014794661723403,-0.007836282125174066,11.563183784484863,-2.277855634689331,-0.43106429309776545,0.0,0.0
78.84808993339539,1784883235.586385,43.919726610183716,43.23912072181702,3.218650817871094e-05,0.4738137722015381,near_center_pd,4,1,1,FOLLOW_MAIN,1.0,8.189124273698972,17.1,15.487112848620088,15.487112848620088,0.124,0.11155863242256892,0.11155863242256892,-0.012629220520281455,-0.08532214802557055,0.2,0.24,0.01,0.05,-0.003097422569724018,-0.02677407178141654,0.00012629220520281456,0.004266107401278528,0.15,0.07406608767982106,0.07406608767982106,0.0,0.0,-0.025479094744659217,-0.025479094744659217,-0.05804653426054857,-0.05804653426054857,0.0,0.0,0.065,0,1.0,0,1,0,0.8963307483312238,1.0642162438052554,nan,0.0779842287424081,0.07014794661723403,-0.007836282125174066,11.563183784484863,-2.277855634689331,-0.43106429309776545,0.0,0.0
79.25690078735352,1784883235.9951956,44.32853698730469,43.64793086051941,0.4088430404663086,3.314018249511719e-05,near_center_pd,4,1,1,FOLLOW_MAIN,1.0,8.189124273698972,17.1,15.487112848620088,15.487112848620088,0.124,0.11155863242256892,0.11155863242256892,-0.012629220520281455,-0.08532214802557055,0.2,0.24,0.01,0.05,-0.003097422569724018,-0.02677407178141654,0.00012629220520281456,0.004266107401278528,0.15,0.07406608767982106,0.07406608767982106,0.0,0.0,-0.025479094744659217,-0.025479094744659217,-0.05804653426054857,-0.05804653426054857,0.0,0.0,0.065,0,1.0,0,1,0,0.8963307483312238,1.0642162438052554,nan,0.0779842287424081,0.07014794661723403,-0.007836282125174066,11.563183784484863,-2.277855634689331,-0.43106429309776545,0.0,0.0
79.60379838943481,1784883236.3420932,44.675435066223145,43.994828939437866,3.361701965332031e-05,0.34693074226379395,near_center_pd,4,1,1,FOLLOW_MAIN,1.0,8.189124273698972,17.1,15.487112848620088,15.487112848620088,0.124,0.11155863242256892,0.11155863242256892,-0.012629220520281455,-0.08532214802557055,0.2,0.24,0.01,0.05,-0.003097422569724018,-0.02677407178141654,0.00012629220520281456,0.004266107401278528,0.15,0.07406608767982106,0.07406608767982106,0.0,0.0,-0.025479094744659217,-0.025479094744659217,-0.05804653426054857,-0.05804653426054857,0.0,0.0,0.065,0,1.0,0,1,0,0.8963307483312238,1.0642162438052554,nan,0.0779842287424081,0.07014794661723403,-0.007836282125174066,11.563183784484863,-2.277855634689331,-0.43106429309776545,0.0,0.0
79.9824571609497,1784883236.7207527,45.05409479141235,44.37348914146423,0.3786945343017578,6.580352783203125e-05,near_center_pd,4,1,1,FOLLOW_MAIN,1.0,8.189124273698972,17.1,15.487112848620088,15.487112848620088,0.124,0.11155863242256892,0.11155863242256892,-0.012629220520281455,-0.08532214802557055,0.2,0.24,0.01,0.05,-0.003097422569724018,-0.02677407178141654,0.00012629220520281456,0.004266107401278528,0.15,0.07406608767982106,0.07406608767982106,0.0,0.0,-0.025479094744659217,-0.025479094744659217,-0.05804653426054857,-0.05804653426054857,0.0,0.0,0.065,0,1.0,0,1,0,0.8963307483312238,1.0642162438052554,nan,0.0779842287424081,0.07014794661723403,-0.007836282125174066,11.563183784484863,-2.277855634689331,-0.43106429309776545,0.0,0.0
80.31690812110901,1784883237.0552034,45.38854503631592,44.70793914794922,3.409385681152344e-05,0.334514856338501,near_center_pd,4,1,1,FOLLOW_MAIN,1.0,8.189124273698972,17.1,15.487112848620088,15.487112848620088,0.124,0.11155863242256892,0.11155863242256892,-0.012629220520281455,-0.08532214802557055,0.2,0.24,0.01,0.05,-0.003097422569724018,-0.02677407178141654,0.00012629220520281456,0.004266107401278528,0.15,0.07406608767982106,0.07406608767982106,0.0,0.0,-0.025479094744659217,-0.025479094744659217,-0.05804653426054857,-0.05804653426054857,0.0,0.0,0.065,0,1.0,0,1,0,0.8963307483312238,1.0642162438052554,nan,0.0779842287424081,0.07014794661723403,-0.007836282125174066,11.563183784484863,-2.277855634689331,-0.43106429309776545,0.0,0.0
80.82283306121826,1784883237.5611281,45.89446949958801,45.21386384963989,0.5059587955474854,3.695487976074219e-05,near_center_pd,4,1,1,FOLLOW_MAIN,1.0,8.189124273698972,17.1,15.487112848620088,15.487112848620088,0.124,0.11155863242256892,0.11155863242256892,-0.012629220520281455,-0.08532214802557055,0.2,0.24,0.01,0.05,-0.003097422569724018,-0.02677407178141654,0.00012629220520281456,0.004266107401278528,0.15,0.07406608767982106,0.07406608767982106,0.0,0.0,-0.025479094744659217,-0.025479094744659217,-0.05804653426054857,-0.05804653426054857,0.0,0.0,0.065,0,1.0,0,1,0,0.8963307483312238,1.0642162438052554,nan,0.0779842287424081,0.07014794661723403,-0.007836282125174066,11.563183784484863,-2.277855634689331,-0.43106429309776545,0.0,0.0
81.16450929641724,1784883237.9028041,46.236145973205566,45.55553984642029,3.695487976074219e-05,0.34171271324157715,near_center_pd,4,1,1,FOLLOW_MAIN,1.0,8.189124273698972,17.1,15.487112848620088,15.487112848620088,0.124,0.11155863242256892,0.11155863242256892,-0.012629220520281455,-0.08532214802557055,0.2,0.24,0.01,0.05,-0.003097422569724018,-0.02677407178141654,0.00012629220520281456,0.004266107401278528,0.15,0.07406608767982106,0.07406608767982106,0.0,0.0,-0.025479094744659217,-0.025479094744659217,-0.05804653426054857,-0.05804653426054857,0.0,0.0,0.065,0,1.0,0,1,0,0.8963307483312238,1.0642162438052554,nan,0.0779842287424081,0.07014794661723403,-0.007836282125174066,11.563183784484863,-2.277855634689331,-0.43106429309776545,0.0,0.0
81.53573179244995,1784883238.2740269,46.6073682308197,45.926762342453,0.3712594509124756,6.985664367675781e-05,near_center_pd,4,1,1,FOLLOW_MAIN,1.0,8.189124273698972,17.1,15.487112848620088,15.487112848620088,0.124,0.11155863242256892,0.11155863242256892,-0.012629220520281455,-0.08532214802557055,0.2,0.24,0.01,0.05,-0.003097422569724018,-0.02677407178141654,0.00012629220520281456,0.004266107401278528,0.15,0.07406608767982106,0.07406608767982106,0.0,0.0,-0.025479094744659217,-0.025479094744659217,-0.05804653426054857,-0.05804653426054857,0.0,0.0,0.065,0,1.0,0,1,0,0.8963307483312238,1.0642162438052554,nan,0.0779842287424081,0.07014794661723403,-0.007836282125174066,11.563183784484863,-2.277855634689331,-0.43106429309776545,0.0,0.0
81.94093227386475,1784883238.679227,47.012569427490234,46.331963300704956,3.7670135498046875e-05,0.4052705764770508,near_center_pd,4,1,1,FOLLOW_MAIN,1.0,8.189124273698972,17.1,15.487112848620088,15.487112848620088,0.124,0.11155863242256892,0.11155863242256892,-0.012629220520281455,-0.08532214802557055,0.2,0.24,0.01,0.05,-0.003097422569724018,-0.02677407178141654,0.00012629220520281456,0.004266107401278528,0.15,0.07406608767982106,0.07406608767982106,0.0,0.0,-0.025479094744659217,-0.025479094744659217,-0.05804653426054857,-0.05804653426054857,0.0,0.0,0.065,0,1.0,0,1,0,0.8963307483312238,1.0642162438052554,nan,0.0779842287424081,0.07014794661723403,-0.007836282125174066,11.563183784484863,-2.277855634689331,-0.43106429309776545,0.0,0.0
82.27554535865784,1784883239.0138402,47.34718203544617,46.66657590866089,0.33465051651000977,6.175041198730469e-05,near_center_pd,4,1,1,FOLLOW_MAIN,1.0,8.189124273698972,17.1,15.487112848620088,15.487112848620088,0.124,0.11155863242256892,0.11155863242256892,-0.012629220520281455,-0.08532214802557055,0.2,0.24,0.01,0.05,-0.003097422569724018,-0.02677407178141654,0.00012629220520281456,0.004266107401278528,0.15,0.07406608767982106,0.07406608767982106,0.0,0.0,-0.025479094744659217,-0.025479094744659217,-0.05804653426054857,-0.05804653426054857,0.0,0.0,0.065,0,1.0,0,1,0,0.8963307483312238,1.0642162438052554,nan,0.0779842287424081,0.07014794661723403,-0.007836282125174066,11.563183784484863,-2.277855634689331,-0.43106429309776545,0.0,0.0
82.6164391040802,1784883239.3547342,47.68807601928711,47.00746989250183,3.528594970703125e-05,0.3409554958343506,near_center_pd,4,1,1,FOLLOW_MAIN,1.0,8.189124273698972,17.1,15.487112848620088,15.487112848620088,0.124,0.11155863242256892,0.11155863242256892,-0.012629220520281455,-0.08532214802557055,0.2,0.24,0.01,0.05,-0.003097422569724018,-0.02677407178141654,0.00012629220520281456,0.004266107401278528,0.15,0.07406608767982106,0.07406608767982106,0.0,0.0,-0.025479094744659217,-0.025479094744659217,-0.05804653426054857,-0.05804653426054857,0.0,0.0,0.065,0,1.0,0,1,0,0.8963307483312238,1.0642162438052554,nan,0.0779842287424081,0.07014794661723403,-0.007836282125174066,11.563183784484863,-2.277855634689331,-0.43106429309776545,0.0,0.0
82.97771310806274,1784883239.7160084,48.04935121536255,47.36874580383301,0.361311674118042,7.724761962890625e-05,near_center_pd,4,1,1,FOLLOW_MAIN,1.0,8.189124273698972,17.1,15.487112848620088,15.487112848620088,0.124,0.11155863242256892,0.11155863242256892,-0.012629220520281455,-0.08532214802557055,0.2,0.24,0.01,0.05,-0.003097422569724018,-0.02677407178141654,0.00012629220520281456,0.004266107401278528,0.15,0.07406608767982106,0.07406608767982106,0.0,0.0,-0.025479094744659217,-0.025479094744659217,-0.05804653426054857,-0.05804653426054857,0.0,0.0,0.065,0,1.0,0,1,0,0.8963307483312238,1.0642162438052554,nan,0.0779842287424081,0.07014794661723403,-0.007836282125174066,11.563183784484863,-2.277855634689331,-0.43106429309776545,0.0,0.0
83.29663968086243,1784883240.0349345,48.36827611923218,47.68767046928406,3.5762786865234375e-05,0.3190004825592041,near_center_pd,4,1,1,FOLLOW_MAIN,1.0,8.189124273698972,17.1,15.487112848620088,15.487112848620088,0.124,0.11155863242256892,0.11155863242256892,-0.012629220520281455,-0.08532214802557055,0.2,0.24,0.01,0.05,-0.003097422569724018,-0.02677407178141654,0.00012629220520281456,0.004266107401278528,0.15,0.07406608767982106,0.07406608767982106,0.0,0.0,-0.025479094744659217,-0.025479094744659217,-0.05804653426054857,-0.05804653426054857,0.0,0.0,0.065,0,1.0,0,1,0,0.8963307483312238,1.0642162438052554,nan,0.0779842287424081,0.07014794661723403,-0.007836282125174066,11.563183784484863,-2.277855634689331,-0.43106429309776545,0.0,0.0
83.70925974845886,1784883240.4475546,48.78089642524719,48.10029053688049,3.933906555175781e-05,0.4093642234802246,near_center_pd,4,1,1,FOLLOW_MAIN,1.0,8.189124273698972,17.1,15.487112848620088,15.487112848620088,0.124,0.11155863242256892,0.11155863242256892,-0.012629220520281455,-0.08532214802557055,0.2,0.24,0.01,0.05,-0.003097422569724018,-0.02677407178141654,0.00012629220520281456,0.004266107401278528,0.15,0.07406608767982106,0.07406608767982106,0.0,0.0,-0.025479094744659217,-0.025479094744659217,-0.05804653426054857,-0.05804653426054857,0.0,0.0,0.065,0,1.0,0,1,0,0.8963307483312238,1.0642162438052554,nan,0.0779842287424081,0.07014794661723403,-0.007836282125174066,11.563183784484863,-2.277855634689331,-0.43106429309776545,0.0,0.0
84.01208162307739,1784883240.7503765,49.083718061447144,48.403111934661865,0.30286097526550293,3.743171691894531e-05,near_center_pd,4,1,1,FOLLOW_MAIN,1.0,8.189124273698972,17.1,15.487112848620088,15.487112848620088,0.124,0.11155863242256892,0.11155863242256892,-0.012629220520281455,-0.08532214802557055,0.2,0.24,0.01,0.05,-0.003097422569724018,-0.02677407178141654,0.00012629220520281456,0.004266107401278528,0.15,0.07406608767982106,0.07406608767982106,0.0,0.0,-0.025479094744659217,-0.025479094744659217,-0.05804653426054857,-0.05804653426054857,0.0,0.0,0.065,0,1.0,0,1,0,0.8963307483312238,1.0642162438052554,nan,0.0779842287424081,0.07014794661723403,-0.007836282125174066,11.563183784484863,-2.277855634689331,-0.43106429309776545,0.0,0.0
84.54600238800049,1784883241.2842977,49.61763954162598,48.937034130096436,5.8650970458984375e-05,0.5339596271514893,near_center_pd,4,1,1,FOLLOW_MAIN,1.0,8.189124273698972,17.1,15.487112848620088,15.487112848620088,0.124,0.11155863242256892,0.11155863242256892,-0.012629220520281455,-0.08532214802557055,0.2,0.24,0.01,0.05,-0.003097422569724018,-0.02677407178141654,0.00012629220520281456,0.004266107401278528,0.15,0.07406608767982106,0.07406608767982106,0.0,0.0,-0.025479094744659217,-0.025479094744659217,-0.05804653426054857,-0.05804653426054857,0.0,0.0,0.065,0,1.0,0,1,0,0.8963307483312238,1.0642162438052554,nan,0.0779842287424081,0.07014794661723403,-0.007836282125174066,11.563183784484863,-2.277855634689331,-0.43106429309776545,0.0,0.0
85.19337797164917,1784883241.9316735,50.26501655578613,49.58441114425659,0.6474366188049316,0.0001399517059326172,near_center_pd,4,1,1,FOLLOW_MAIN,1.0,8.189124273698972,17.1,15.487112848620088,15.487112848620088,0.124,0.11155863242256892,0.11155863242256892,-0.012629220520281455,-0.08532214802557055,0.2,0.24,0.01,0.05,-0.003097422569724018,-0.02677407178141654,0.00012629220520281456,0.004266107401278528,0.15,0.07406608767982106,0.07406608767982106,0.0,0.0,-0.025479094744659217,-0.025479094744659217,-0.05804653426054857,-0.05804653426054857,0.0,0.0,0.065,0,1.0,0,1,0,0.8963307483312238,1.0642162438052554,nan,0.0779842287424081,0.07014794661723403,-0.007836282125174066,11.563183784484863,-2.277855634689331,-0.43106429309776545,0.0,0.0
85.69073343276978,1784883242.4290283,50.762370586395264,50.081764698028564,3.886222839355469e-05,0.49749183654785156,near_center_pd,4,1,1,FOLLOW_MAIN,1.0,8.189124273698972,17.1,15.487112848620088,15.487112848620088,0.124,0.11155863242256892,0.11155863242256892,-0.012629220520281455,-0.08532214802557055,0.2,0.24,0.01,0.05,-0.003097422569724018,-0.02677407178141654,0.00012629220520281456,0.004266107401278528,0.15,0.07406608767982106,0.07406608767982106,0.0,0.0,-0.025479094744659217,-0.025479094744659217,-0.05804653426054857,-0.05804653426054857,0.0,0.0,0.065,0,1.0,0,1,0,0.8963307483312238,1.0642162438052554,nan,0.0779842287424081,0.07014794661723403,-0.007836282125174066,11.563183784484863,-2.277855634689331,-0.43106429309776545,0.0,0.0
86.04177236557007,1784883242.7800674,51.11340880393982,50.43280267715454,0.3510770797729492,3.5762786865234375e-05,near_center_pd,4,1,1,FOLLOW_MAIN,1.0,8.189124273698972,17.1,15.487112848620088,15.487112848620088,0.124,0.11155863242256892,0.11155863242256892,-0.012629220520281455,-0.08532214802557055,0.2,0.24,0.01,0.05,-0.003097422569724018,-0.02677407178141654,0.00012629220520281456,0.004266107401278528,0.15,0.07406608767982106,0.07406608767982106,0.0,0.0,-0.025479094744659217,-0.025479094744659217,-0.05804653426054857,-0.05804653426054857,0.0,0.0,0.065,0,1.0,0,1,0,0.8963307483312238,1.0642162438052554,nan,0.0779842287424081,0.07014794661723403,-0.007836282125174066,11.563183784484863,-2.277855634689331,-0.43106429309776545,0.0,0.0
86.51308727264404,1784883243.2513824,51.58472394943237,50.904117822647095,3.266334533691406e-05,0.47135066986083984,near_center_pd,4,1,1,FOLLOW_MAIN,1.0,8.189124273698972,17.1,15.487112848620088,15.487112848620088,0.124,0.11155863242256892,0.11155863242256892,-0.012629220520281455,-0.08532214802557055,0.2,0.24,0.01,0.05,-0.003097422569724018,-0.02677407178141654,0.00012629220520281456,0.004266107401278528,0.15,0.07406608767982106,0.07406608767982106,0.0,0.0,-0.025479094744659217,-0.025479094744659217,-0.05804653426054857,-0.05804653426054857,0.0,0.0,0.065,0,1.0,0,1,0,0.8963307483312238,1.0642162438052554,nan,0.0779842287424081,0.07014794661723403,-0.007836282125174066,11.563183784484863,-2.277855634689331,-0.43106429309776545,0.0,0.0
87.02984642982483,1784883243.7681413,52.10148286819458,51.42087745666504,0.5167927742004395,4.76837158203125e-05,near_center_pd,4,1,1,FOLLOW_MAIN,1.0,8.189124273698972,17.1,15.487112848620088,15.487112848620088,0.124,0.11155863242256892,0.11155863242256892,-0.012629220520281455,-0.08532214802557055,0.2,0.24,0.01,0.05,-0.003097422569724018,-0.02677407178141654,0.00012629220520281456,0.004266107401278528,0.15,0.07406608767982106,0.07406608767982106,0.0,0.0,-0.025479094744659217,-0.025479094744659217,-0.05804653426054857,-0.05804653426054857,0.0,0.0,0.065,0,1.0,0,1,0,0.8963307483312238,1.0642162438052554,nan,0.0779842287424081,0.07014794661723403,-0.007836282125174066,11.563183784484863,-2.277855634689331,-0.43106429309776545,0.0,0.0
87.5268166065216,1784883244.2651114,52.598453521728516,51.91784739494324,4.649162292480469e-05,0.49701738357543945,near_center_pd,4,1,1,FOLLOW_MAIN,1.0,8.189124273698972,17.1,15.487112848620088,15.487112848620088,0.124,0.11155863242256892,0.11155863242256892,-0.012629220520281455,-0.08532214802557055,0.2,0.24,0.01,0.05,-0.003097422569724018,-0.02677407178141654,0.00012629220520281456,0.004266107401278528,0.15,0.07406608767982106,0.07406608767982106,0.0,0.0,-0.025479094744659217,-0.025479094744659217,-0.05804653426054857,-0.05804653426054857,0.0,0.0,0.065,0,1.0,0,1,0,0.8963307483312238,1.0642162438052554,nan,0.0779842287424081,0.07014794661723403,-0.007836282125174066,11.563183784484863,-2.277855634689331,-0.43106429309776545,0.0,0.0
87.96497774124146,1784883244.703273,53.036614656448364,52.356008529663086,0.43820762634277344,3.8623809814453125e-05,near_center_pd,4,1,1,FOLLOW_MAIN,1.0,8.189124273698972,17.1,15.487112848620088,15.487112848620088,0.124,0.11155863242256892,0.11155863242256892,-0.012629220520281455,-0.08532214802557055,0.2,0.24,0.01,0.05,-0.003097422569724018,-0.02677407178141654,0.00012629220520281456,0.004266107401278528,0.15,0.07406608767982106,0.07406608767982106,0.0,0.0,-0.025479094744659217,-0.025479094744659217,-0.05804653426054857,-0.05804653426054857,0.0,0.0,0.065,0,1.0,0,1,0,0.8963307483312238,1.0642162438052554,nan,0.0779842287424081,0.07014794661723403,-0.007836282125174066,11.563183784484863,-2.277855634689331,-0.43106429309776545,0.0,0.0
88.39109635353088,1784883245.1293914,53.46273326873779,52.782127141952515,7.724761962890625e-05,0.42615699768066406,near_center_pd,4,1,1,FOLLOW_MAIN,1.0,8.189124273698972,17.1,15.487112848620088,15.487112848620088,0.124,0.11155863242256892,0.11155863242256892,-0.012629220520281455,-0.08532214802557055,0.2,0.24,0.01,0.05,-0.003097422569724018,-0.02677407178141654,0.00012629220520281456,0.004266107401278528,0.15,0.07406608767982106,0.07406608767982106,0.0,0.0,-0.025479094744659217,-0.025479094744659217,-0.05804653426054857,-0.05804653426054857,0.0,0.0,0.065,0,1.0,0,1,0,0.8963307483312238,1.0642162438052554,nan,0.0779842287424081,0.07014794661723403,-0.007836282125174066,11.563183784484863,-2.277855634689331,-0.43106429309776545,0.0,0.0
88.9774878025055,1784883245.7157826,54.04912447929382,53.368518590927124,3.838539123535156e-05,1.0125536918640137,near_center_pd,4,1,1,FOLLOW_MAIN,1.0,8.189124273698972,17.1,15.487112848620088,15.487112848620088,0.124,0.11155863242256892,0.11155863242256892,-0.012629220520281455,-0.08532214802557055,0.2,0.24,0.01,0.05,-0.003097422569724018,-0.02677407178141654,0.00012629220520281456,0.004266107401278528,0.15,0.07406608767982106,0.07406608767982106,0.0,0.0,-0.025479094744659217,-0.025479094744659217,-0.05804653426054857,-0.05804653426054857,0.0,0.0,0.065,0,1.0,0,1,0,0.8963307483312238,1.0642162438052554,nan,0.0779842287424081,0.07014794661723403,-0.007836282125174066,11.563183784484863,-2.277855634689331,-0.43106429309776545,0.0,0.0
89.34398603439331,1784883246.0822809,54.41562271118164,53.73501682281494,0.3665313720703125,3.981590270996094e-05,near_center_pd,4,1,1,FOLLOW_MAIN,1.0,8.189124273698972,17.1,15.487112848620088,15.487112848620088,0.124,0.11155863242256892,0.11155863242256892,-0.012629220520281455,-0.08532214802557055,0.2,0.24,0.01,0.05,-0.003097422569724018,-0.02677407178141654,0.00012629220520281456,0.004266107401278528,0.15,0.07406608767982106,0.07406608767982106,0.0,0.0,-0.025479094744659217,-0.025479094744659217,-0.05804653426054857,-0.05804653426054857,0.0,0.0,0.065,0,1.0,0,1,0,0.8963307483312238,1.0642162438052554,nan,0.0779842287424081,0.07014794661723403,-0.007836282125174066,11.563183784484863,-2.277855634689331,-0.43106429309776545,0.0,0.0
89.80837726593018,1784883246.5466723,54.880014419555664,54.199408531188965,4.458427429199219e-05,0.4644315242767334,near_center_pd,4,1,1,FOLLOW_MAIN,1.0,8.189124273698972,17.1,15.487112848620088,15.487112848620088,0.124,0.11155863242256892,0.11155863242256892,-0.012629220520281455,-0.08532214802557055,0.2,0.24,0.01,0.05,-0.003097422569724018,-0.02677407178141654,0.00012629220520281456,0.004266107401278528,0.15,0.07406608767982106,0.07406608767982106,0.0,0.0,-0.025479094744659217,-0.025479094744659217,-0.05804653426054857,-0.05804653426054857,0.0,0.0,0.065,0,1.0,0,1,0,0.8963307483312238,1.0642162438052554,nan,0.0779842287424081,0.07014794661723403,-0.007836282125174066,11.563183784484863,-2.277855634689331,-0.43106429309776545,0.0,0.0
90.32519721984863,1784883247.063492,55.396833658218384,54.716228008270264,0.5168642997741699,4.1484832763671875e-05,near_center_pd,4,1,1,FOLLOW_MAIN,1.0,8.189124273698972,17.1,15.487112848620088,15.487112848620088,0.124,0.11155863242256892,0.11155863242256892,-0.012629220520281455,-0.08532214802557055,0.2,0.24,0.01,0.05,-0.003097422569724018,-0.02677407178141654,0.00012629220520281456,0.004266107401278528,0.15,0.07406608767982106,0.07406608767982106,0.0,0.0,-0.025479094744659217,-0.025479094744659217,-0.05804653426054857,-0.05804653426054857,0.0,0.0,0.065,0,1.0,0,1,0,0.8963307483312238,1.0642162438052554,nan,0.0779842287424081,0.07014794661723403,-0.007836282125174066,11.563183784484863,-2.277855634689331,-0.43106429309776545,0.0,0.0
90.65440821647644,1784883247.3927033,55.72604513168335,55.04543900489807,5.8650970458984375e-05,0.3292522430419922,near_center_pd,4,1,1,FOLLOW_MAIN,1.0,8.189124273698972,17.1,15.487112848620088,15.487112848620088,0.124,0.11155863242256892,0.11155863242256892,-0.012629220520281455,-0.08532214802557055,0.2,0.24,0.01,0.05,-0.003097422569724018,-0.02677407178141654,0.00012629220520281456,0.004266107401278528,0.15,0.07406608767982106,0.07406608767982106,0.0,0.0,-0.025479094744659217,-0.025479094744659217,-0.05804653426054857,-0.05804653426054857,0.0,0.0,0.065,0,1.0,0,1,0,0.8963307483312238,1.0642162438052554,nan,0.0779842287424081,0.07014794661723403,-0.007836282125174066,11.563183784484863,-2.277855634689331,-0.43106429309776545,0.0,0.0
90.98414850234985,1784883247.7224438,56.05578565597534,55.37517952919006,5.340576171875e-05,0.3263580799102783,near_center_pd,4,1,1,FOLLOW_MAIN,1.0,8.189124273698972,17.1,15.487112848620088,15.487112848620088,0.124,0.11155863242256892,0.11155863242256892,-0.012629220520281455,-0.08532214802557055,0.2,0.24,0.01,0.05,-0.003097422569724018,-0.02677407178141654,0.00012629220520281456,0.004266107401278528,0.15,0.07406608767982106,0.07406608767982106,0.0,0.0,-0.025479094744659217,-0.025479094744659217,-0.05804653426054857,-0.05804653426054857,0.0,0.0,0.065,0,1.0,0,1,0,0.8963307483312238,1.0642162438052554,nan,0.0779842287424081,0.07014794661723403,-0.007836282125174066,11.563183784484863,-2.277855634689331,-0.43106429309776545,0.0,0.0
91.3159327507019,1784883248.0542278,56.38756990432739,55.706963539123535,3.361701965332031e-05,0.328258752822876,near_center_pd,4,1,1,FOLLOW_MAIN,1.0,8.189124273698972,17.1,15.487112848620088,15.487112848620088,0.124,0.11155863242256892,0.11155863242256892,-0.012629220520281455,-0.08532214802557055,0.2,0.24,0.01,0.05,-0.003097422569724018,-0.02677407178141654,0.00012629220520281456,0.004266107401278528,0.15,0.07406608767982106,0.07406608767982106,0.0,0.0,-0.025479094744659217,-0.025479094744659217,-0.05804653426054857,-0.05804653426054857,0.0,0.0,0.065,0,1.0,0,1,0,0.8963307483312238,1.0642162438052554,nan,0.0779842287424081,0.07014794661723403,-0.007836282125174066,11.563183784484863,-2.277855634689331,-0.43106429309776545,0.0,0.0
91.66621375083923,1784883248.4045086,56.73785090446472,56.05724477767944,3.3855438232421875e-05,0.3468358516693115,near_center_pd,4,1,1,FOLLOW_MAIN,1.0,8.189124273698972,17.1,15.487112848620088,15.487112848620088,0.124,0.11155863242256892,0.11155863242256892,-0.012629220520281455,-0.08532214802557055,0.2,0.24,0.01,0.05,-0.003097422569724018,-0.02677407178141654,0.00012629220520281456,0.004266107401278528,0.15,0.07406608767982106,0.07406608767982106,0.0,0.0,-0.025479094744659217,-0.025479094744659217,-0.05804653426054857,-0.05804653426054857,0.0,0.0,0.065,0,1.0,0,1,0,0.8963307483312238,1.0642162438052554,nan,0.0779842287424081,0.07014794661723403,-0.007836282125174066,11.563183784484863,-2.277855634689331,-0.43106429309776545,0.0,0.0
91.99546360969543,1784883248.7337587,57.067100048065186,56.386494398117065,0.3292839527130127,3.504753112792969e-05,near_center_pd,4,1,1,FOLLOW_MAIN,1.0,8.189124273698972,17.1,15.487112848620088,15.487112848620088,0.124,0.11155863242256892,0.11155863242256892,-0.012629220520281455,-0.08532214802557055,0.2,0.24,0.01,0.05,-0.003097422569724018,-0.02677407178141654,0.00012629220520281456,0.004266107401278528,0.15,0.07406608767982106,0.07406608767982106,0.0,0.0,-0.025479094744659217,-0.025479094744659217,-0.05804653426054857,-0.05804653426054857,0.0,0.0,0.065,0,1.0,0,1,0,0.8963307483312238,1.0642162438052554,nan,0.0779842287424081,0.07014794661723403,-0.007836282125174066,11.563183784484863,-2.277855634689331,-0.43106429309776545,0.0,0.0
92.33319187164307,1784883249.071487,57.40484356880188,56.7242374420166,8.273124694824219e-05,0.33777809143066406,near_center_pd,4,1,1,FOLLOW_MAIN,1.0,8.189124273698972,17.1,15.487112848620088,15.487112848620088,0.124,0.11155863242256892,0.11155863242256892,-0.012629220520281455,-0.08532214802557055,0.2,0.24,0.01,0.05,-0.003097422569724018,-0.02677407178141654,0.00012629220520281456,0.004266107401278528,0.15,0.07406608767982106,0.07406608767982106,0.0,0.0,-0.025479094744659217,-0.025479094744659217,-0.05804653426054857,-0.05804653426054857,0.0,0.0,0.065,0,1.0,0,1,0,0.8963307483312238,1.0642162438052554,nan,0.0779842287424081,0.07014794661723403,-0.007836282125174066,11.563183784484863,-2.277855634689331,-0.43106429309776545,0.0,0.0
92.68900728225708,1784883249.4273024,57.76064395904541,57.08003830909729,3.9577484130859375e-05,0.6935789585113525,near_center_pd,4,1,1,FOLLOW_MAIN,1.0,8.189124273698972,17.1,15.487112848620088,15.487112848620088,0.124,0.11155863242256892,0.11155863242256892,-0.012629220520281455,-0.08532214802557055,0.2,0.24,0.01,0.05,-0.003097422569724018,-0.02677407178141654,0.00012629220520281456,0.004266107401278528,0.15,0.07406608767982106,0.07406608767982106,0.0,0.0,-0.025479094744659217,-0.025479094744659217,-0.05804653426054857,-0.05804653426054857,0.0,0.0,0.065,0,1.0,0,1,0,0.8963307483312238,1.0642162438052554,nan,0.0779842287424081,0.07014794661723403,-0.007836282125174066,11.563183784484863,-2.277855634689331,-0.43106429309776545,0.0,0.0
93.06795501708984,1784883249.8062503,58.13959240913391,57.45898628234863,0.37898826599121094,6.365776062011719e-05,near_center_pd,4,1,1,FOLLOW_MAIN,1.0,8.189124273698972,17.1,15.487112848620088,15.487112848620088,0.124,0.11155863242256892,0.11155863242256892,-0.012629220520281455,-0.08532214802557055,0.2,0.24,0.01,0.05,-0.003097422569724018,-0.02677407178141654,0.00012629220520281456,0.004266107401278528,0.15,0.07406608767982106,0.07406608767982106,0.0,0.0,-0.025479094744659217,-0.025479094744659217,-0.05804653426054857,-0.05804653426054857,0.0,0.0,0.065,0,1.0,0,1,0,0.8963307483312238,1.0642162438052554,nan,0.0779842287424081,0.07014794661723403,-0.007836282125174066,11.563183784484863,-2.277855634689331,-0.43106429309776545,0.0,0.0
93.49828577041626,1784883250.236581,58.569923639297485,57.889317750930786,7.343292236328125e-05,0.43039464950561523,near_center_pd,4,1,1,FOLLOW_MAIN,1.0,8.189124273698972,17.1,15.487112848620088,15.487112848620088,0.124,0.11155863242256892,0.11155863242256892,-0.012629220520281455,-0.08532214802557055,0.2,0.24,0.01,0.05,-0.003097422569724018,-0.02677407178141654,0.00012629220520281456,0.004266107401278528,0.15,0.07406608767982106,0.07406608767982106,0.0,0.0,-0.025479094744659217,-0.025479094744659217,-0.05804653426054857,-0.05804653426054857,0.0,0.0,0.065,0,1.0,0,1,0,0.8963307483312238,1.0642162438052554,nan,0.0779842287424081,0.07014794661723403,-0.007836282125174066,11.563183784484863,-2.277855634689331,-0.43106429309776545,0.0,0.0
94.0342743396759,1784883250.7725694,59.10591101646423,58.425304889678955,0.5360603332519531,4.863739013671875e-05,near_center_pd,4,1,1,FOLLOW_MAIN,1.0,8.189124273698972,17.1,15.487112848620088,15.487112848620088,0.124,0.11155863242256892,0.11155863242256892,-0.012629220520281455,-0.08532214802557055,0.2,0.24,0.01,0.05,-0.003097422569724018,-0.02677407178141654,0.00012629220520281456,0.004266107401278528,0.15,0.07406608767982106,0.07406608767982106,0.0,0.0,-0.025479094744659217,-0.025479094744659217,-0.05804653426054857,-0.05804653426054857,0.0,0.0,0.065,0,1.0,0,1,0,0.8963307483312238,1.0642162438052554,nan,0.0779842287424081,0.07014794661723403,-0.007836282125174066,11.563183784484863,-2.277855634689331,-0.43106429309776545,0.0,0.0
94.38048911094666,1784883251.1187842,59.45213294029236,58.77152705192566,4.029273986816406e-05,0.3462703227996826,near_center_pd,4,1,1,FOLLOW_MAIN,1.0,8.189124273698972,17.1,15.487112848620088,15.487112848620088,0.124,0.11155863242256892,0.11155863242256892,-0.012629220520281455,-0.08532214802557055,0.2,0.24,0.01,0.05,-0.003097422569724018,-0.02677407178141654,0.00012629220520281456,0.004266107401278528,0.15,0.07406608767982106,0.07406608767982106,0.0,0.0,-0.025479094744659217,-0.025479094744659217,-0.05804653426054857,-0.05804653426054857,0.0,0.0,0.065,0,1.0,0,1,0,0.8963307483312238,1.0642162438052554,nan,0.0779842287424081,0.07014794661723403,-0.007836282125174066,11.563183784484863,-2.277855634689331,-0.43106429309776545,0.0,0.0
94.71344089508057,1784883251.451736,59.7850775718689,59.10447144508362,0.33298492431640625,4.220008850097656e-05,near_center_pd,4,1,1,FOLLOW_MAIN,1.0,8.189124273698972,17.1,15.487112848620088,15.487112848620088,0.124,0.11155863242256892,0.11155863242256892,-0.012629220520281455,-0.08532214802557055,0.2,0.24,0.01,0.05,-0.003097422569724018,-0.02677407178141654,0.00012629220520281456,0.004266107401278528,0.15,0.07406608767982106,0.07406608767982106,0.0,0.0,-0.025479094744659217,-0.025479094744659217,-0.05804653426054857,-0.05804653426054857,0.0,0.0,0.065,0,1.0,0,1,0,0.8963307483312238,1.0642162438052554,nan,0.0779842287424081,0.07014794661723403,-0.007836282125174066,11.563183784484863,-2.277855634689331,-0.43106429309776545,0.0,0.0
95.0587887763977,1784883251.7970839,60.130425691604614,59.449819564819336,3.24249267578125e-05,0.34539008140563965,near_center_pd,4,1,1,FOLLOW_MAIN,1.0,8.189124273698972,17.1,15.487112848620088,15.487112848620088,0.124,0.11155863242256892,0.11155863242256892,-0.012629220520281455,-0.08532214802557055,0.2,0.24,0.01,0.05,-0.003097422569724018,-0.02677407178141654,0.00012629220520281456,0.004266107401278528,0.15,0.07406608767982106,0.07406608767982106,0.0,0.0,-0.025479094744659217,-0.025479094744659217,-0.05804653426054857,-0.05804653426054857,0.0,0.0,0.065,0,1.0,0,1,0,0.8963307483312238,1.0642162438052554,nan,0.0779842287424081,0.07014794661723403,-0.007836282125174066,11.563183784484863,-2.277855634689331,-0.43106429309776545,0.0,0.0
95.37905645370483,1784883252.1173515,60.450693130493164,59.770087003707886,0.3202998638153076,3.552436828613281e-05,near_center_pd,4,1,1,FOLLOW_MAIN,1.0,8.189124273698972,17.1,15.487112848620088,15.487112848620088,0.124,0.11155863242256892,0.11155863242256892,-0.012629220520281455,-0.08532214802557055,0.2,0.24,0.01,0.05,-0.003097422569724018,-0.02677407178141654,0.00012629220520281456,0.004266107401278528,0.15,0.07406608767982106,0.07406608767982106,0.0,0.0,-0.025479094744659217,-0.025479094744659217,-0.05804653426054857,-0.05804653426054857,0.0,0.0,0.065,0,1.0,0,1,0,0.8963307483312238,1.0642162438052554,nan,0.0779842287424081,0.07014794661723403,-0.007836282125174066,11.563183784484863,-2.277855634689331,-0.43106429309776545,0.0,0.0
95.77839994430542,1784883252.5166948,60.85003638267517,60.16943097114563,3.552436828613281e-05,0.39937925338745117,near_center_pd,4,1,1,FOLLOW_MAIN,1.0,8.189124273698972,17.1,15.487112848620088,15.487112848620088,0.124,0.11155863242256892,0.11155863242256892,-0.012629220520281455,-0.08532214802557055,0.2,0.24,0.01,0.05,-0.003097422569724018,-0.02677407178141654,0.00012629220520281456,0.004266107401278528,0.15,0.07406608767982106,0.07406608767982106,0.0,0.0,-0.025479094744659217,-0.025479094744659217,-0.05804653426054857,-0.05804653426054857,0.0,0.0,0.065,0,1.0,0,1,0,0.8963307483312238,1.0642162438052554,nan,0.0779842287424081,0.07014794661723403,-0.007836282125174066,11.563183784484863,-2.277855634689331,-0.43106429309776545,0.0,0.0
96.12677025794983,1784883252.865065,61.19840717315674,60.51780128479004,3.910064697265625e-05,0.7477498054504395,near_center_pd,4,1,1,FOLLOW_MAIN,1.0,8.189124273698972,17.1,15.487112848620088,15.487112848620088,0.124,0.11155863242256892,0.11155863242256892,-0.012629220520281455,-0.08532214802557055,0.2,0.24,0.01,0.05,-0.003097422569724018,-0.02677407178141654,0.00012629220520281456,0.004266107401278528,0.15,0.07406608767982106,0.07406608767982106,0.0,0.0,-0.025479094744659217,-0.025479094744659217,-0.05804653426054857,-0.05804653426054857,0.0,0.0,0.065,0,1.0,0,1,0,0.8963307483312238,1.0642162438052554,nan,0.0779842287424081,0.07014794661723403,-0.007836282125174066,11.563183784484863,-2.277855634689331,-0.43106429309776545,0.0,0.0
96.43674850463867,1784883253.1750433,61.50838494300842,60.82777953147888,0.31001734733581543,3.719329833984375e-05,near_center_pd,4,1,1,FOLLOW_MAIN,1.0,8.189124273698972,17.1,15.487112848620088,15.487112848620088,0.124,0.11155863242256892,0.11155863242256892,-0.012629220520281455,-0.08532214802557055,0.2,0.24,0.01,0.05,-0.003097422569724018,-0.02677407178141654,0.00012629220520281456,0.004266107401278528,0.15,0.07406608767982106,0.07406608767982106,0.0,0.0,-0.025479094744659217,-0.025479094744659217,-0.05804653426054857,-0.05804653426054857,0.0,0.0,0.065,0,1.0,0,1,0,0.8963307483312238,1.0642162438052554,nan,0.0779842287424081,0.07014794661723403,-0.007836282125174066,11.563183784484863,-2.277855634689331,-0.43106429309776545,0.0,0.0
96.82306218147278,1784883253.5613573,61.89469933509827,61.21409344673157,4.887580871582031e-05,0.3863511085510254,near_center_pd,4,1,1,FOLLOW_MAIN,1.0,8.189124273698972,17.1,15.487112848620088,15.487112848620088,0.124,0.11155863242256892,0.11155863242256892,-0.012629220520281455,-0.08532214802557055,0.2,0.24,0.01,0.05,-0.003097422569724018,-0.02677407178141654,0.00012629220520281456,0.004266107401278528,0.15,0.07406608767982106,0.07406608767982106,0.0,0.0,-0.025479094744659217,-0.025479094744659217,-0.05804653426054857,-0.05804653426054857,0.0,0.0,0.065,0,1.0,0,1,0,0.8963307483312238,1.0642162438052554,nan,0.0779842287424081,0.07014794661723403,-0.007836282125174066,11.563183784484863,-2.277855634689331,-0.43106429309776545,0.0,0.0
97.14712357521057,1784883253.8854184,62.2187602519989,61.53815412521362,0.3241095542907715,4.172325134277344e-05,near_center_pd,4,1,1,FOLLOW_MAIN,1.0,8.189124273698972,17.1,15.487112848620088,15.487112848620088,0.124,0.11155863242256892,0.11155863242256892,-0.012629220520281455,-0.08532214802557055,0.2,0.24,0.01,0.05,-0.003097422569724018,-0.02677407178141654,0.00012629220520281456,0.004266107401278528,0.15,0.07406608767982106,0.07406608767982106,0.0,0.0,-0.025479094744659217,-0.025479094744659217,-0.05804653426054857,-0.05804653426054857,0.0,0.0,0.065,0,1.0,0,1,0,0.8963307483312238,1.0642162438052554,nan,0.0779842287424081,0.07014794661723403,-0.007836282125174066,11.563183784484863,-2.277855634689331,-0.43106429309776545,0.0,0.0
97.57076287269592,1784883254.309058,62.64240050315857,61.96179461479187,7.677078247070312e-05,0.42368197441101074,near_center_pd,4,1,1,FOLLOW_MAIN,1.0,8.189124273698972,17.1,15.487112848620088,15.487112848620088,0.124,0.11155863242256892,0.11155863242256892,-0.012629220520281455,-0.08532214802557055,0.2,0.24,0.01,0.05,-0.003097422569724018,-0.02677407178141654,0.00012629220520281456,0.004266107401278528,0.15,0.07406608767982106,0.07406608767982106,0.0,0.0,-0.025479094744659217,-0.025479094744659217,-0.05804653426054857,-0.05804653426054857,0.0,0.0,0.065,0,1.0,0,1,0,0.8963307483312238,1.0642162438052554,nan,0.0779842287424081,0.07014794661723403,-0.007836282125174066,11.563183784484863,-2.277855634689331,-0.43106429309776545,0.0,0.0
97.94688630104065,1784883254.6851811,63.0185227394104,62.3379168510437,0.37619900703430176,3.457069396972656e-05,near_center_pd,4,1,1,FOLLOW_MAIN,1.0,8.189124273698972,17.1,15.487112848620088,15.487112848620088,0.124,0.11155863242256892,0.11155863242256892,-0.012629220520281455,-0.08532214802557055,0.2,0.24,0.01,0.05,-0.003097422569724018,-0.02677407178141654,0.00012629220520281456,0.004266107401278528,0.15,0.07406608767982106,0.07406608767982106,0.0,0.0,-0.025479094744659217,-0.025479094744659217,-0.05804653426054857,-0.05804653426054857,0.0,0.0,0.065,0,1.0,0,1,0,0.8963307483312238,1.0642162438052554,nan,0.0779842287424081,0.07014794661723403,-0.007836282125174066,11.563183784484863,-2.277855634689331,-0.43106429309776545,0.0,0.0
98.28219318389893,1784883255.020488,63.353829860687256,62.67322373390198,6.079673767089844e-05,0.3353414535522461,near_center_pd,4,1,1,FOLLOW_MAIN,1.0,8.189124273698972,17.1,15.487112848620088,15.487112848620088,0.124,0.11155863242256892,0.11155863242256892,-0.012629220520281455,-0.08532214802557055,0.2,0.24,0.01,0.05,-0.003097422569724018,-0.02677407178141654,0.00012629220520281456,0.004266107401278528,0.15,0.07406608767982106,0.07406608767982106,0.0,0.0,-0.025479094744659217,-0.025479094744659217,-0.05804653426054857,-0.05804653426054857,0.0,0.0,0.065,0,1.0,0,1,0,0.8963307483312238,1.0642162438052554,nan,0.0779842287424081,0.07014794661723403,-0.007836282125174066,11.563183784484863,-2.277855634689331,-0.43106429309776545,0.0,0.0
98.65437626838684,1784883255.3926718,63.72601366043091,63.04540777206421,7.534027099609375e-05,0.7075254917144775,near_center_pd,4,1,1,FOLLOW_MAIN,1.0,8.189124273698972,17.1,15.487112848620088,15.487112848620088,0.124,0.11155863242256892,0.11155863242256892,-0.012629220520281455,-0.08532214802557055,0.2,0.24,0.01,0.05,-0.003097422569724018,-0.02677407178141654,0.00012629220520281456,0.004266107401278528,0.15,0.07406608767982106,0.07406608767982106,0.0,0.0,-0.025479094744659217,-0.025479094744659217,-0.05804653426054857,-0.05804653426054857,0.0,0.0,0.065,0,1.0,0,1,0,0.8963307483312238,1.0642162438052554,nan,0.0779842287424081,0.07014794661723403,-0.007836282125174066,11.563183784484863,-2.277855634689331,-0.43106429309776545,0.0,0.0
99.0693666934967,1784883255.8076615,64.14100313186646,63.460397481918335,7.295608520507812e-05,1.1225152015686035,near_center_pd,4,1,1,FOLLOW_MAIN,1.0,8.189124273698972,17.1,15.487112848620088,15.487112848620088,0.124,0.11155863242256892,0.11155863242256892,-0.012629220520281455,-0.08532214802557055,0.2,0.24,0.01,0.05,-0.003097422569724018,-0.02677407178141654,0.00012629220520281456,0.004266107401278528,0.15,0.07406608767982106,0.07406608767982106,0.0,0.0,-0.025479094744659217,-0.025479094744659217,-0.05804653426054857,-0.05804653426054857,0.0,0.0,0.065,0,1.0,0,1,0,0.8963307483312238,1.0642162438052554,nan,0.0779842287424081,0.07014794661723403,-0.007836282125174066,11.563183784484863,-2.277855634689331,-0.43106429309776545,0.0,0.0
99.46727252006531,1784883256.2055676,64.53890919685364,63.85830307006836,0.3979787826538086,4.124641418457031e-05,near_center_pd,4,1,1,FOLLOW_MAIN,1.0,8.189124273698972,17.1,15.487112848620088,15.487112848620088,0.124,0.11155863242256892,0.11155863242256892,-0.012629220520281455,-0.08532214802557055,0.2,0.24,0.01,0.05,-0.003097422569724018,-0.02677407178141654,0.00012629220520281456,0.004266107401278528,0.15,0.07406608767982106,0.07406608767982106,0.0,0.0,-0.025479094744659217,-0.025479094744659217,-0.05804653426054857,-0.05804653426054857,0.0,0.0,0.065,0,1.0,0,1,0,0.8963307483312238,1.0642162438052554,nan,0.0779842287424081,0.07014794661723403,-0.007836282125174066,11.563183784484863,-2.277855634689331,-0.43106429309776545,0.0,0.0
99.8462266921997,1784883256.5845218,64.91786336898804,64.23725724220276,3.4332275390625e-05,0.3789951801300049,near_center_pd,4,1,1,FOLLOW_MAIN,1.0,8.189124273698972,17.1,15.487112848620088,15.487112848620088,0.124,0.11155863242256892,0.11155863242256892,-0.012629220520281455,-0.08532214802557055,0.2,0.24,0.01,0.05,-0.003097422569724018,-0.02677407178141654,0.00012629220520281456,0.004266107401278528,0.15,0.07406608767982106,0.07406608767982106,0.0,0.0,-0.025479094744659217,-0.025479094744659217,-0.05804653426054857,-0.05804653426054857,0.0,0.0,0.065,0,1.0,0,1,0,0.8963307483312238,1.0642162438052554,nan,0.0779842287424081,0.07014794661723403,-0.007836282125174066,11.563183784484863,-2.277855634689331,-0.43106429309776545,0.0,0.0
100.19906234741211,1784883256.9373577,65.27069902420044,64.59009313583374,3.2901763916015625e-05,0.7318308353424072,near_center_pd,4,1,1,FOLLOW_MAIN,1.0,8.189124273698972,17.1,15.487112848620088,15.487112848620088,0.124,0.11155863242256892,0.11155863242256892,-0.012629220520281455,-0.08532214802557055,0.2,0.24,0.01,0.05,-0.003097422569724018,-0.02677407178141654,0.00012629220520281456,0.004266107401278528,0.15,0.07406608767982106,0.07406608767982106,0.0,0.0,-0.025479094744659217,-0.025479094744659217,-0.05804653426054857,-0.05804653426054857,0.0,0.0,0.065,0,1.0,0,1,0,0.8963307483312238,1.0642162438052554,nan,0.0779842287424081,0.07014794661723403,-0.007836282125174066,11.563183784484863,-2.277855634689331,-0.43106429309776545,0.0,0.0
100.54930210113525,1784883257.2875974,65.62093901634216,64.94033336639404,0.35027337074279785,3.647804260253906e-05,near_center_pd,4,1,1,FOLLOW_MAIN,1.0,8.189124273698972,17.1,15.487112848620088,15.487112848620088,0.124,0.11155863242256892,0.11155863242256892,-0.012629220520281455,-0.08532214802557055,0.2,0.24,0.01,0.05,-0.003097422569724018,-0.02677407178141654,0.00012629220520281456,0.004266107401278528,0.15,0.07406608767982106,0.07406608767982106,0.0,0.0,-0.025479094744659217,-0.025479094744659217,-0.05804653426054857,-0.05804653426054857,0.0,0.0,0.065,0,1.0,0,1,0,0.8963307483312238,1.0642162438052554,nan,0.0779842287424081,0.07014794661723403,-0.007836282125174066,11.563183784484863,-2.277855634689331,-0.43106429309776545,0.0,0.0
100.89323282241821,1784883257.6315277,65.96486949920654,65.28426361083984,3.4809112548828125e-05,0.3439664840698242,near_center_pd,4,1,1,FOLLOW_MAIN,1.0,8.189124273698972,17.1,15.487112848620088,15.487112848620088,0.124,0.11155863242256892,0.11155863242256892,-0.012629220520281455,-0.08532214802557055,0.2,0.24,0.01,0.05,-0.003097422569724018,-0.02677407178141654,0.00012629220520281456,0.004266107401278528,0.15,0.07406608767982106,0.07406608767982106,0.0,0.0,-0.025479094744659217,-0.025479094744659217,-0.05804653426054857,-0.05804653426054857,0.0,0.0,0.065,0,1.0,0,1,0,0.8963307483312238,1.0642162438052554,nan,0.0779842287424081,0.07014794661723403,-0.007836282125174066,11.563183784484863,-2.277855634689331,-0.43106429309776545,0.0,0.0
101.2097544670105,1784883257.9480493,66.28139114379883,65.60078501701355,0.316556453704834,4.1484832763671875e-05,near_center_pd,4,1,1,FOLLOW_MAIN,1.0,8.189124273698972,17.1,15.487112848620088,15.487112848620088,0.124,0.11155863242256892,0.11155863242256892,-0.012629220520281455,-0.08532214802557055,0.2,0.24,0.01,0.05,-0.003097422569724018,-0.02677407178141654,0.00012629220520281456,0.004266107401278528,0.15,0.07406608767982106,0.07406608767982106,0.0,0.0,-0.025479094744659217,-0.025479094744659217,-0.05804653426054857,-0.05804653426054857,0.0,0.0,0.065,0,1.0,0,1,0,0.8963307483312238,1.0642162438052554,nan,0.0779842287424081,0.07014794661723403,-0.007836282125174066,11.563183784484863,-2.277855634689331,-0.43106429309776545,0.0,0.0
101.5473198890686,1784883258.2856147,66.61895656585693,65.93835067749023,3.266334533691406e-05,0.33760666847229004,near_center_pd,4,1,1,FOLLOW_MAIN,1.0,8.189124273698972,17.1,15.487112848620088,15.487112848620088,0.124,0.11155863242256892,0.11155863242256892,-0.012629220520281455,-0.08532214802557055,0.2,0.24,0.01,0.05,-0.003097422569724018,-0.02677407178141654,0.00012629220520281456,0.004266107401278528,0.15,0.07406608767982106,0.07406608767982106,0.0,0.0,-0.025479094744659217,-0.025479094744659217,-0.05804653426054857,-0.05804653426054857,0.0,0.0,0.065,0,1.0,0,1,0,0.8963307483312238,1.0642162438052554,nan,0.0779842287424081,0.07014794661723403,-0.007836282125174066,11.563183784484863,-2.277855634689331,-0.43106429309776545,0.0,0.0
101.92178440093994,1784883258.6600797,66.99342131614685,66.31281518936157,3.457069396972656e-05,0.37094616889953613,near_center_pd,4,1,1,FOLLOW_MAIN,1.0,8.189124273698972,17.1,15.487112848620088,15.487112848620088,0.124,0.11155863242256892,0.11155863242256892,-0.012629220520281455,-0.08532214802557055,0.2,0.24,0.01,0.05,-0.003097422569724018,-0.02677407178141654,0.00012629220520281456,0.004266107401278528,0.15,0.07406608767982106,0.07406608767982106,0.0,0.0,-0.025479094744659217,-0.025479094744659217,-0.05804653426054857,-0.05804653426054857,0.0,0.0,0.065,0,1.0,0,1,0,0.8963307483312238,1.0642162438052554,nan,0.0779842287424081,0.07014794661723403,-0.007836282125174066,11.563183784484863,-2.277855634689331,-0.43106429309776545,0.0,0.0
102.25386714935303,1784883258.992162,67.3255033493042,66.64489793777466,0.33211731910705566,3.409385681152344e-05,near_center_pd,4,1,1,FOLLOW_MAIN,1.0,8.189124273698972,17.1,15.487112848620088,15.487112848620088,0.124,0.11155863242256892,0.11155863242256892,-0.012629220520281455,-0.08532214802557055,0.2,0.24,0.01,0.05,-0.003097422569724018,-0.02677407178141654,0.00012629220520281456,0.004266107401278528,0.15,0.07406608767982106,0.07406608767982106,0.0,0.0,-0.025479094744659217,-0.025479094744659217,-0.05804653426054857,-0.05804653426054857,0.0,0.0,0.065,0,1.0,0,1,0,0.8963307483312238,1.0642162438052554,nan,0.0779842287424081,0.07014794661723403,-0.007836282125174066,11.563183784484863,-2.277855634689331,-0.43106429309776545,0.0,0.0
102.68021655082703,1784883259.4185114,67.75185322761536,67.07124733924866,4.363059997558594e-05,0.42638373374938965,near_center_pd,4,1,1,FOLLOW_MAIN,1.0,8.189124273698972,17.1,15.487112848620088,15.487112848620088,0.124,0.11155863242256892,0.11155863242256892,-0.012629220520281455,-0.08532214802557055,0.2,0.24,0.01,0.05,-0.003097422569724018,-0.02677407178141654,0.00012629220520281456,0.004266107401278528,0.15,0.07406608767982106,0.07406608767982106,0.0,0.0,-0.025479094744659217,-0.025479094744659217,-0.05804653426054857,-0.05804653426054857,0.0,0.0,0.065,0,1.0,0,1,0,0.8963307483312238,1.0642162438052554,nan,0.0779842287424081,0.07014794661723403,-0.007836282125174066,11.563183784484863,-2.277855634689331,-0.43106429309776545,0.0,0.0
103.04115796089172,1784883259.7794533,68.11279535293579,67.43218946456909,0.36098599433898926,5.221366882324219e-05,near_center_pd,4,1,1,FOLLOW_MAIN,1.0,8.189124273698972,17.1,15.487112848620088,15.487112848620088,0.124,0.11155863242256892,0.11155863242256892,-0.012629220520281455,-0.08532214802557055,0.2,0.24,0.01,0.05,-0.003097422569724018,-0.02677407178141654,0.00012629220520281456,0.004266107401278528,0.15,0.07406608767982106,0.07406608767982106,0.0,0.0,-0.025479094744659217,-0.025479094744659217,-0.05804653426054857,-0.05804653426054857,0.0,0.0,0.065,0,1.0,0,1,0,0.8963307483312238,1.0642162438052554,nan,0.0779842287424081,0.07014794661723403,-0.007836282125174066,11.563183784484863,-2.277855634689331,-0.43106429309776545,0.0,0.0
103.38812279701233,1784883260.1264176,68.45975947380066,67.77915358543396,3.9577484130859375e-05,0.3470146656036377,near_center_pd,4,1,1,FOLLOW_MAIN,1.0,8.189124273698972,17.1,15.487112848620088,15.487112848620088,0.124,0.11155863242256892,0.11155863242256892,-0.012629220520281455,-0.08532214802557055,0.2,0.24,0.01,0.05,-0.003097422569724018,-0.02677407178141654,0.00012629220520281456,0.004266107401278528,0.15,0.07406608767982106,0.07406608767982106,0.0,0.0,-0.025479094744659217,-0.025479094744659217,-0.05804653426054857,-0.05804653426054857,0.0,0.0,0.065,0,1.0,0,1,0,0.8963307483312238,1.0642162438052554,nan,0.0779842287424081,0.07014794661723403,-0.007836282125174066,11.563183784484863,-2.277855634689331,-0.43106429309776545,0.0,0.0
103.7861487865448,1784883260.5244436,68.85778522491455,68.17717957496643,0.39806580543518066,6.890296936035156e-05,near_center_pd,4,1,1,FOLLOW_MAIN,1.0,8.189124273698972,17.1,15.487112848620088,15.487112848620088,0.124,0.11155863242256892,0.11155863242256892,-0.012629220520281455,-0.08532214802557055,0.2,0.24,0.01,0.05,-0.003097422569724018,-0.02677407178141654,0.00012629220520281456,0.004266107401278528,0.15,0.07406608767982106,0.07406608767982106,0.0,0.0,-0.025479094744659217,-0.025479094744659217,-0.05804653426054857,-0.05804653426054857,0.0,0.0,0.065,0,1.0,0,1,0,0.8963307483312238,1.0642162438052554,nan,0.0779842287424081,0.07014794661723403,-0.007836282125174066,11.563183784484863,-2.277855634689331,-0.43106429309776545,0.0,0.0
104.16234517097473,1784883260.90064,69.23398160934448,68.5533754825592,3.2901763916015625e-05,0.3762648105621338,near_center_pd,4,1,1,FOLLOW_MAIN,1.0,8.189124273698972,17.1,15.487112848620088,15.487112848620088,0.124,0.11155863242256892,0.11155863242256892,-0.012629220520281455,-0.08532214802557055,0.2,0.24,0.01,0.05,-0.003097422569724018,-0.02677407178141654,0.00012629220520281456,0.004266107401278528,0.15,0.07406608767982106,0.07406608767982106,0.0,0.0,-0.025479094744659217,-0.025479094744659217,-0.05804653426054857,-0.05804653426054857,0.0,0.0,0.065,0,1.0,0,1,0,0.8963307483312238,1.0642162438052554,nan,0.0779842287424081,0.07014794661723403,-0.007836282125174066,11.563183784484863,-2.277855634689331,-0.43106429309776545,0.0,0.0
104.50225281715393,1784883261.2405477,69.57388925552368,68.8932831287384,0.33994078636169434,3.552436828613281e-05,near_center_pd,4,1,1,FOLLOW_MAIN,1.0,8.189124273698972,17.1,15.487112848620088,15.487112848620088,0.124,0.11155863242256892,0.11155863242256892,-0.012629220520281455,-0.08532214802557055,0.2,0.24,0.01,0.05,-0.003097422569724018,-0.02677407178141654,0.00012629220520281456,0.004266107401278528,0.15,0.07406608767982106,0.07406608767982106,0.0,0.0,-0.025479094744659217,-0.025479094744659217,-0.05804653426054857,-0.05804653426054857,0.0,0.0,0.065,0,1.0,0,1,0,0.8963307483312238,1.0642162438052554,nan,0.0779842287424081,0.07014794661723403,-0.007836282125174066,11.563183784484863,-2.277855634689331,-0.43106429309776545,0.0,0.0
104.8475890159607,1784883261.585884,69.9192259311676,69.23861980438232,7.319450378417969e-05,0.34537220001220703,near_center_pd,4,1,1,FOLLOW_MAIN,1.0,8.189124273698972,17.1,15.487112848620088,15.487112848620088,0.124,0.11155863242256892,0.11155863242256892,-0.012629220520281455,-0.08532214802557055,0.2,0.24,0.01,0.05,-0.003097422569724018,-0.02677407178141654,0.00012629220520281456,0.004266107401278528,0.15,0.07406608767982106,0.07406608767982106,0.0,0.0,-0.025479094744659217,-0.025479094744659217,-0.05804653426054857,-0.05804653426054857,0.0,0.0,0.065,0,1.0,0,1,0,0.8963307483312238,1.0642162438052554,nan,0.0779842287424081,0.07014794661723403,-0.007836282125174066,11.563183784484863,-2.277855634689331,-0.43106429309776545,0.0,0.0
105.25720858573914,1784883261.9955034,70.32884502410889,69.64823937416077,0.40969276428222656,3.552436828613281e-05,near_center_pd,4,1,1,FOLLOW_MAIN,1.0,8.189124273698972,17.1,15.487112848620088,15.487112848620088,0.124,0.11155863242256892,0.11155863242256892,-0.012629220520281455,-0.08532214802557055,0.2,0.24,0.01,0.05,-0.003097422569724018,-0.02677407178141654,0.00012629220520281456,0.004266107401278528,0.15,0.07406608767982106,0.07406608767982106,0.0,0.0,-0.025479094744659217,-0.025479094744659217,-0.05804653426054857,-0.05804653426054857,0.0,0.0,0.065,0,1.0,0,1,0,0.8963307483312238,1.0642162438052554,nan,0.0779842287424081,0.07014794661723403,-0.007836282125174066,11.563183784484863,-2.277855634689331,-0.43106429309776545,0.0,0.0
105.61483216285706,1784883262.353127,70.6864686012268,70.00586247444153,3.2901763916015625e-05,0.35765814781188965,near_center_pd,4,1,1,FOLLOW_MAIN,1.0,8.189124273698972,17.1,15.487112848620088,15.487112848620088,0.124,0.11155863242256892,0.11155863242256892,-0.012629220520281455,-0.08532214802557055,0.2,0.24,0.01,0.05,-0.003097422569724018,-0.02677407178141654,0.00012629220520281456,0.004266107401278528,0.15,0.07406608767982106,0.07406608767982106,0.0,0.0,-0.025479094744659217,-0.025479094744659217,-0.05804653426054857,-0.05804653426054857,0.0,0.0,0.065,0,1.0,0,1,0,0.8963307483312238,1.0642162438052554,nan,0.0779842287424081,0.07014794661723403,-0.007836282125174066,11.563183784484863,-2.277855634689331,-0.43106429309776545,0.0,0.0
105.94257831573486,1784883262.6808734,71.01421570777893,70.33360958099365,7.390975952148438e-05,0.6854054927825928,near_center_pd,4,1,1,FOLLOW_MAIN,1.0,8.189124273698972,17.1,15.487112848620088,15.487112848620088,0.124,0.11155863242256892,0.11155863242256892,-0.012629220520281455,-0.08532214802557055,0.2,0.24,0.01,0.05,-0.003097422569724018,-0.02677407178141654,0.00012629220520281456,0.004266107401278528,0.15,0.07406608767982106,0.07406608767982106,0.0,0.0,-0.025479094744659217,-0.025479094744659217,-0.05804653426054857,-0.05804653426054857,0.0,0.0,0.065,0,1.0,0,1,0,0.8963307483312238,1.0642162438052554,nan,0.0779842287424081,0.07014794661723403,-0.007836282125174066,11.563183784484863,-2.277855634689331,-0.43106429309776545,0.0,0.0
106.26626300811768,1784883263.0045578,71.33789944648743,70.65729331970215,6.008148193359375e-05,0.320218563079834,near_center_pd,4,1,1,FOLLOW_MAIN,1.0,8.189124273698972,17.1,15.487112848620088,15.487112848620088,0.124,0.11155863242256892,0.11155863242256892,-0.012629220520281455,-0.08532214802557055,0.2,0.24,0.01,0.05,-0.003097422569724018,-0.02677407178141654,0.00012629220520281456,0.004266107401278528,0.15,0.07406608767982106,0.07406608767982106,0.0,0.0,-0.025479094744659217,-0.025479094744659217,-0.05804653426054857,-0.05804653426054857,0.0,0.0,0.065,0,1.0,0,1,0,0.8963307483312238,1.0642162438052554,nan,0.0779842287424081,0.07014794661723403,-0.007836282125174066,11.563183784484863,-2.277855634689331,-0.43106429309776545,0.0,0.0
106.60288667678833,1784883263.3411818,71.67452335357666,70.99391770362854,4.7206878662109375e-05,0.31876635551452637,near_center_pd,4,1,1,FOLLOW_MAIN,1.0,8.189124273698972,17.1,15.487112848620088,15.487112848620088,0.124,0.11155863242256892,0.11155863242256892,-0.012629220520281455,-0.08532214802557055,0.2,0.24,0.01,0.05,-0.003097422569724018,-0.02677407178141654,0.00012629220520281456,0.004266107401278528,0.15,0.07406608767982106,0.07406608767982106,0.0,0.0,-0.025479094744659217,-0.025479094744659217,-0.05804653426054857,-0.05804653426054857,0.0,0.0,0.065,0,1.0,0,1,0,0.8963307483312238,1.0642162438052554,nan,0.0779842287424081,0.07014794661723403,-0.007836282125174066,11.563183784484863,-2.277855634689331,-0.43106429309776545,0.0,0.0
106.94491291046143,1784883263.683208,72.01654958724976,71.33594369888306,3.886222839355469e-05,0.6607918739318848,near_center_pd,4,1,1,FOLLOW_MAIN,1.0,8.189124273698972,17.1,15.487112848620088,15.487112848620088,0.124,0.11155863242256892,0.11155863242256892,-0.012629220520281455,-0.08532214802557055,0.2,0.24,0.01,0.05,-0.003097422569724018,-0.02677407178141654,0.00012629220520281456,0.004266107401278528,0.15,0.07406608767982106,0.07406608767982106,0.0,0.0,-0.025479094744659217,-0.025479094744659217,-0.05804653426054857,-0.05804653426054857,0.0,0.0,0.065,0,1.0,0,1,0,0.8963307483312238,1.0642162438052554,nan,0.0779842287424081,0.07014794661723403,-0.007836282125174066,11.563183784484863,-2.277855634689331,-0.43106429309776545,0.0,0.0
107.38729238510132,1784883264.1255877,72.45892906188965,71.77832293510437,3.075599670410156e-05,1.1031713485717773,near_center_pd,4,1,1,FOLLOW_MAIN,1.0,8.189124273698972,17.1,15.487112848620088,15.487112848620088,0.124,0.11155863242256892,0.11155863242256892,-0.012629220520281455,-0.08532214802557055,0.2,0.24,0.01,0.05,-0.003097422569724018,-0.02677407178141654,0.00012629220520281456,0.004266107401278528,0.15,0.07406608767982106,0.07406608767982106,0.0,0.0,-0.025479094744659217,-0.025479094744659217,-0.05804653426054857,-0.05804653426054857,0.0,0.0,0.065,0,1.0,0,1,0,0.8963307483312238,1.0642162438052554,nan,0.0779842287424081,0.07014794661723403,-0.007836282125174066,11.563183784484863,-2.277855634689331,-0.43106429309776545,0.0,0.0
107.78240942955017,1784883264.5207045,72.8540461063385,72.17344045639038,0.39514851570129395,4.5299530029296875e-05,near_center_pd,4,1,1,FOLLOW_MAIN,1.0,8.189124273698972,17.1,15.487112848620088,15.487112848620088,0.124,0.11155863242256892,0.11155863242256892,-0.012629220520281455,-0.08532214802557055,0.2,0.24,0.01,0.05,-0.003097422569724018,-0.02677407178141654,0.00012629220520281456,0.004266107401278528,0.15,0.07406608767982106,0.07406608767982106,0.0,0.0,-0.025479094744659217,-0.025479094744659217,-0.05804653426054857,-0.05804653426054857,0.0,0.0,0.065,0,1.0,0,1,0,0.8963307483312238,1.0642162438052554,nan,0.0779842287424081,0.07014794661723403,-0.007836282125174066,11.563183784484863,-2.277855634689331,-0.43106429309776545,0.0,0.0
108.17240405082703,1784883264.9106994,73.24404096603394,72.56343507766724,3.5762786865234375e-05,0.39003968238830566,near_center_pd,4,1,1,FOLLOW_MAIN,1.0,8.189124273698972,17.1,15.487112848620088,15.487112848620088,0.124,0.11155863242256892,0.11155863242256892,-0.012629220520281455,-0.08532214802557055,0.2,0.24,0.01,0.05,-0.003097422569724018,-0.02677407178141654,0.00012629220520281456,0.004266107401278528,0.15,0.07406608767982106,0.07406608767982106,0.0,0.0,-0.025479094744659217,-0.025479094744659217,-0.05804653426054857,-0.05804653426054857,0.0,0.0,0.065,0,1.0,0,1,0,0.8963307483312238,1.0642162438052554,nan,0.0779842287424081,0.07014794661723403,-0.007836282125174066,11.563183784484863,-2.277855634689331,-0.43106429309776545,0.0,0.0
108.52041363716125,1784883265.2587087,73.59205031394958,72.91144442558289,3.528594970703125e-05,0.7380490303039551,near_center_pd,4,1,1,FOLLOW_MAIN,1.0,8.189124273698972,17.1,15.487112848620088,15.487112848620088,0.124,0.11155863242256892,0.11155863242256892,-0.012629220520281455,-0.08532214802557055,0.2,0.24,0.01,0.05,-0.003097422569724018,-0.02677407178141654,0.00012629220520281456,0.004266107401278528,0.15,0.07406608767982106,0.07406608767982106,0.0,0.0,-0.025479094744659217,-0.025479094744659217,-0.05804653426054857,-0.05804653426054857,0.0,0.0,0.065,0,1.0,0,1,0,0.8963307483312238,1.0642162438052554,nan,0.0779842287424081,0.07014794661723403,-0.007836282125174066,11.563183784484863,-2.277855634689331,-0.43106429309776545,0.0,0.0
108.92848658561707,1784883265.6667814,74.00012302398682,73.31951713562012,0.4081079959869385,3.337860107421875e-05,near_center_pd,4,1,1,FOLLOW_MAIN,1.0,8.189124273698972,17.1,15.487112848620088,15.487112848620088,0.124,0.11155863242256892,0.11155863242256892,-0.012629220520281455,-0.08532214802557055,0.2,0.24,0.01,0.05,-0.003097422569724018,-0.02677407178141654,0.00012629220520281456,0.004266107401278528,0.15,0.07406608767982106,0.07406608767982106,0.0,0.0,-0.025479094744659217,-0.025479094744659217,-0.05804653426054857,-0.05804653426054857,0.0,0.0,0.065,0,1.0,0,1,0,0.8963307483312238,1.0642162438052554,nan,0.0779842287424081,0.07014794661723403,-0.007836282125174066,11.563183784484863,-2.277855634689331,-0.43106429309776545,0.0,0.0
109.26334524154663,1784883266.0016406,74.33498215675354,73.65437602996826,3.218650817871094e-05,0.33489227294921875,near_center_pd,4,1,1,FOLLOW_MAIN,1.0,8.189124273698972,17.1,15.487112848620088,15.487112848620088,0.124,0.11155863242256892,0.11155863242256892,-0.012629220520281455,-0.08532214802557055,0.2,0.24,0.01,0.05,-0.003097422569724018,-0.02677407178141654,0.00012629220520281456,0.004266107401278528,0.15,0.07406608767982106,0.07406608767982106,0.0,0.0,-0.025479094744659217,-0.025479094744659217,-0.05804653426054857,-0.05804653426054857,0.0,0.0,0.065,0,1.0,0,1,0,0.8963307483312238,1.0642162438052554,nan,0.0779842287424081,0.07014794661723403,-0.007836282125174066,11.563183784484863,-2.277855634689331,-0.43106429309776545,0.0,0.0
109.59436869621277,1784883266.3326638,74.6660053730011,73.9853994846344,3.314018249511719e-05,0.6659157276153564,near_center_pd,4,1,1,FOLLOW_MAIN,1.0,8.189124273698972,17.1,15.487112848620088,15.487112848620088,0.124,0.11155863242256892,0.11155863242256892,-0.012629220520281455,-0.08532214802557055,0.2,0.24,0.01,0.05,-0.003097422569724018,-0.02677407178141654,0.00012629220520281456,0.004266107401278528,0.15,0.07406608767982106,0.07406608767982106,0.0,0.0,-0.025479094744659217,-0.025479094744659217,-0.05804653426054857,-0.05804653426054857,0.0,0.0,0.065,0,1.0,0,1,0,0.8963307483312238,1.0642162438052554,nan,0.0779842287424081,0.07014794661723403,-0.007836282125174066,11.563183784484863,-2.277855634689331,-0.43106429309776545,0.0,0.0
109.94998264312744,1784883266.6882775,75.02161979675293,74.34101366996765,3.337860107421875e-05,1.0215299129486084,near_center_pd,4,1,1,FOLLOW_MAIN,1.0,8.189124273698972,17.1,15.487112848620088,15.487112848620088,0.124,0.11155863242256892,0.11155863242256892,-0.012629220520281455,-0.08532214802557055,0.2,0.24,0.01,0.05,-0.003097422569724018,-0.02677407178141654,0.00012629220520281456,0.004266107401278528,0.15,0.07406608767982106,0.07406608767982106,0.0,0.0,-0.025479094744659217,-0.025479094744659217,-0.05804653426054857,-0.05804653426054857,0.0,0.0,0.065,0,1.0,0,1,0,0.8963307483312238,1.0642162438052554,nan,0.0779842287424081,0.07014794661723403,-0.007836282125174066,11.563183784484863,-2.277855634689331,-0.43106429309776545,0.0,0.0
110.29615473747253,1784883267.0344496,75.36779165267944,74.68718576431274,3.838539123535156e-05,1.3677020072937012,near_center_pd,4,1,1,FOLLOW_MAIN,1.0,8.189124273698972,17.1,15.487112848620088,15.487112848620088,0.124,0.11155863242256892,0.11155863242256892,-0.012629220520281455,-0.08532214802557055,0.2,0.24,0.01,0.05,-0.003097422569724018,-0.02677407178141654,0.00012629220520281456,0.004266107401278528,0.15,0.07406608767982106,0.07406608767982106,0.0,0.0,-0.025479094744659217,-0.025479094744659217,-0.05804653426054857,-0.05804653426054857,0.0,0.0,0.065,0,1.0,0,1,0,0.8963307483312238,1.0642162438052554,nan,0.0779842287424081,0.07014794661723403,-0.007836282125174066,11.563183784484863,-2.277855634689331,-0.43106429309776545,0.0,0.0
110.6353325843811,1784883267.3736274,75.70696902275085,75.02636289596558,0.3392155170440674,3.528594970703125e-05,near_center_pd,4,1,1,FOLLOW_MAIN,1.0,8.189124273698972,17.1,15.487112848620088,15.487112848620088,0.124,0.11155863242256892,0.11155863242256892,-0.012629220520281455,-0.08532214802557055,0.2,0.24,0.01,0.05,-0.003097422569724018,-0.02677407178141654,0.00012629220520281456,0.004266107401278528,0.15,0.07406608767982106,0.07406608767982106,0.0,0.0,-0.025479094744659217,-0.025479094744659217,-0.05804653426054857,-0.05804653426054857,0.0,0.0,0.065,0,1.0,0,1,0,0.8963307483312238,1.0642162438052554,nan,0.0779842287424081,0.07014794661723403,-0.007836282125174066,11.563183784484863,-2.277855634689331,-0.43106429309776545,0.0,0.0
110.97634434700012,1784883267.7146394,5.91278076171875e-05,75.3673746585846,0.6802272796630859,0.3410468101501465,center_cruise,3,1,1,FOLLOW_MAIN,1.0,11.519190769350756,5.800000000000001,3.5587865680200923,0.0,0.041,0.02519720149456216,0.02519720149456216,0.0,0.06294825573615084,0.0,0.0,0.01,0.05,0.0,0.0,0.0,0.0,0.165,0.051198804320010824,0.051198804320010824,0.0,0.0,0.0,0.0,0.0,0.0,0.0,0.0,0.012,0,0.0,1,1,0,0.9799207051563479,-0.11240035078016052,nan,0.051198804320010824,0.051198804320010824,0.0,11.563183784484863,-2.277855634689331,-0.43106429309776545,0.0,0.0
111.31302070617676,1784883268.0513155,0.33673572540283203,5.364418029785156e-05,1.0169038772583008,0.6777231693267822,center_cruise,3,1,1,FOLLOW_MAIN,1.0,11.519190769350756,5.800000000000001,3.5587865680200923,0.0,0.041,0.02519720149456216,0.02519720149456216,0.0,0.06294825573615084,0.0,0.0,0.01,0.05,0.0,0.0,0.0,0.0,0.165,0.051198804320010824,0.051198804320010824,0.051198804320010824,0.0,0.0,0.0,0.0,0.0,0.0,0.0,0.012,0,0.0,1,1,0,0.9799207051563479,-0.11240035078016052,nan,0.051198804320010824,0.051198804320010824,0.0,11.563183784484863,-2.277855634689331,-0.43106429309776545,0.051198804320010824,0.0
111.64780926704407,1784883268.3861043,0.6715242862701416,0.3348422050476074,3.3855438232421875e-05,1.0125114917755127,center_cruise,3,1,1,FOLLOW_MAIN,1.0,11.519190769350756,5.800000000000001,3.5587865680200923,0.0,0.041,0.02519720149456216,0.02519720149456216,0.0,0.06294825573615084,0.0,0.0,0.01,0.05,0.0,0.0,0.0,0.0,0.165,0.051198804320010824,0.051198804320010824,0.051198804320010824,0.0,0.0,0.0,0.0,0.0,0.0,0.0,0.012,0,0.0,1,1,0,0.9799207051563479,-0.11240035078016052,nan,0.051198804320010824,0.051198804320010824,0.0,11.563183784484863,-2.277855634689331,-0.43106429309776545,0.051198804320010824,0.0
111.98659181594849,1784883268.7248871,9.1552734375e-05,0.6736252307891846,0.33881711959838867,1.351294994354248,center_cruise,3,1,1,FOLLOW_MAIN,1.0,9.055466695492628,8.200000000000001,5.242928454113163,0.0,0.058,0.037072087884559235,0.037072087884559235,0.0,0.06198443075338798,0.0,0.0,0.01,0.05,0.0,0.0,0.0,0.0,0.165,0.08639775375981118,0.08639775375981118,0.051198804320010824,0.0,0.0,0.0,0.0,0.0,0.0,0.0,0.012,0,0.0,1,1,0,0.9751941771579195,0.030256385698109747,nan,0.08639775375981118,0.08639775375981118,0.0,11.563183784484863,-2.277855634689331,-0.43106429309776545,0.051198804320010824,0.0
112.39540982246399,1784883269.133705,0.40890979766845703,3.7670135498046875e-05,0.7476353645324707,1.7601134777069092,center_cruise,3,1,1,FOLLOW_MAIN,1.0,9.055466695492628,8.200000000000001,5.242928454113163,0.0,0.058,0.037072087884559235,0.037072087884559235,0.0,0.06198443075338798,0.0,0.0,0.01,0.05,0.0,0.0,0.0,0.0,0.165,0.08639775375981118,0.08639775375981118,0.11486721360002412,0.0,0.0,0.0,0.0,0.0,0.0,0.0,0.012,0,0.0,1,1,0,0.9751941771579195,0.030256385698109747,nan,0.08639775375981118,0.08639775375981118,0.0,11.563183784484863,-2.277855634689331,-0.43106429309776545,0.11486721360002412,0.0
112.91831111907959,1784883269.656606,0.9318106174468994,0.5229389667510986,4.267692565917969e-05,2.2830140590667725,center_cruise,3,1,1,FOLLOW_MAIN,1.0,9.055466695492628,8.200000000000001,5.242928454113163,0.0,0.058,0.037072087884559235,0.037072087884559235,0.0,0.06198443075338798,0.0,0.0,0.01,0.05,0.0,0.0,0.0,0.0,0.165,0.08639775375981118,0.08639775375981118,0.11486721360002412,0.0253749992698431,0.0,0.0,0.0,0.0,0.0,0.09456521272659302,0.012,0,0.0,1,1,0,0.9751941771579195,0.030256385698109747,nan,0.08639775375981118,0.08639775375981118,0.0,11.668000221252441,-2.3274171352386475,-0.4325773232465275,0.08949221433018102,-0.09456521272659302
113.35322427749634,1784883270.091519,1.3667237758636475,0.9578516483306885,0.4349555969238281,4.100799560546875e-05,center_cruise,3,1,1,FOLLOW_MAIN,1.0,9.055466695492628,8.200000000000001,5.242928454113163,0.0,0.058,0.037072087884559235,0.037072087884559235,0.0,0.06198443075338798,0.0,0.0,0.01,0.05,0.0,0.0,0.0,0.0,0.165,0.08639775375981118,0.08639775375981118,0.11486721360002412,0.0253749992698431,0.0,0.0,0.0,0.0,0.0,0.09456521272659302,0.012,0,0.0,1,1,0,0.9751941771579195,0.030256385698109747,nan,0.08639775375981118,0.08639775375981118,0.0,11.668000221252441,-2.3274171352386475,-0.4325773232465275,0.08949221433018102,-0.09456521272659302
113.69191908836365,1784883270.4302142,7.2479248046875e-05,1.296546459197998,0.7736501693725586,0.33873605728149414,center_cruise,3,1,1,FOLLOW_MAIN,1.0,5.23425901684485,1.2000000000000002,1.2002558219478252,0.0,0.009000000000000001,0.008933778929522131,0.0,0.0,-0.0013019125015819766,0.0,0.0,0.01,0.05,0.0,0.0,0.0,0.0,0.165,0.165,0.165,0.11486721360002412,0.0253749992698431,0.0,0.0,0.0,0.0,0.0,0.09456521272659302,0.012,0,0.0,1,1,0,0.9762205956569404,-0.5232268708811414,nan,0.165,0.165,0.0,11.668000221252441,-2.3274171352386475,-0.4325773232465275,0.08949221433018102,-0.09456521272659302
114.04293465614319,1784883270.7812297,0.3510885238647461,3.62396240234375e-05,1.124666452407837,0.6897518634796143,center_cruise,3,1,1,FOLLOW_MAIN,1.0,5.23425901684485,1.2000000000000002,1.2002558219478252,0.0,0.009000000000000001,0.008933778929522131,0.0,0.0,-0.0013019125015819766,0.0,0.0,0.01,0.05,0.0,0.0,0.0,0.0,0.165,0.165,0.165,0.165,0.0253749992698431,0.0,0.0,0.0,0.0,0.0,0.09456521272659302,0.012,0,0.0,1,1,0,0.9762205956569404,-0.5232268708811414,nan,0.165,0.165,0.0,11.668000221252441,-2.3274171352386475,-0.4325773232465275,0.1396250007301569,-0.09456521272659302
114.36236333847046,1784883271.1006584,0.6705169677734375,0.31946492195129395,3.504753112792969e-05,1.0091803073883057,center_cruise,3,1,1,FOLLOW_MAIN,1.0,5.23425901684485,1.2000000000000002,1.2002558219478252,0.0,0.009000000000000001,0.008933778929522131,0.0,0.0,-0.0013019125015819766,0.0,0.0,0.01,0.05,0.0,0.0,0.0,0.0,0.165,0.165,0.165,0.165,0.1522499918937683,0.0,0.0,0.0,0.0,0.0,3.2393828064414265e-08,0.012,0,0.0,1,1,0,0.9762205956569404,-0.5232268708811414,nan,0.165,0.165,0.0,11.733428001403809,-2.3565094470977783,-0.4184243089146437,0.012750008106231697,-3.2393828064414265e-08
114.70899796485901,1784883271.4472933,5.53131103515625e-05,0.6660990715026855,0.33106327056884766,1.3558146953582764,center_cruise,3,1,1,FOLLOW_MAIN,1.0,4.413063339691765,1.2000000000000002,1.200003074296145,0.0,0.009000000000000001,0.008999204199704517,0.0,0.0,-0.0001653834891898872,0.0,0.0,0.01,0.05,0.0,0.0,0.0,0.0,0.14121802687013646,0.14121802687013646,0.14121802687013646,0.165,0.1522499918937683,0.0,0.0,0.0,0.0,0.0,0.06304347515106201,0.012,0,0.0,1,1,0,0.9752377628685993,-0.5509832542541261,nan,0.14121802687013646,0.14121802687013646,0.0,11.816994667053223,-2.393092632293701,-0.40603607124320673,0.012750008106231697,-0.06304347515106201
115.08018946647644,1784883271.8184843,0.3712468147277832,0.3678748607635498,3.2901763916015625e-05,1.727005958557129,center_cruise,3,1,1,FOLLOW_MAIN,1.0,4.413063339691765,1.2000000000000002,1.200003074296145,0.0,0.009000000000000001,0.008999204199704517,0.0,0.0,-0.0001653834891898872,0.0,0.0,0.01,0.05,0.0,0.0,0.0,0.0,0.14121802687013646,0.14121802687013646,0.14121802687013646,0.14121802687013646,0.1667499989271164,0.0,0.0,0.0,0.0,0.0,0.0,0.012,0,0.0,1,1,0,0.9752377628685993,-0.5509832542541261,nan,0.14121802687013646,0.14121802687013646,0.0,11.914266586303711,-2.434842109680176,-0.4128133459710703,-0.025531972056979935,0.0
115.39324021339417,1784883272.131535,0.6842975616455078,0.6809253692626953,0.3130838871002197,3.457069396972656e-05,center_cruise,3,1,1,FOLLOW_MAIN,1.0,4.413063339691765,1.2000000000000002,1.200003074296145,0.0,0.009000000000000001,0.008999204199704517,0.0,0.0,-0.0001653834891898872,0.0,0.0,0.01,0.05,0.0,0.0,0.0,0.0,0.14121802687013646,0.14121802687013646,0.14121802687013646,0.14121802687013646,0.1667499989271164,0.0,0.0,0.0,0.0,0.0,0.0,0.012,0,0.0,1,1,0,0.9752377628685993,-0.5509832542541261,nan,0.14121802687013646,0.14121802687013646,0.0,11.914266586303711,-2.434842109680176,-0.4128133459710703,-0.025531972056979935,0.0
115.74084973335266,1784883272.479145,8.96453857421875e-05,0.33944010734558105,0.32456231117248535,0.347644567489624,center_cruise,3,1,1,FOLLOW_MAIN,1.0,4.923186828275336,1.5,1.3174825012954698,0.0,0.011,0.010041695078660923,0.0,0.0,-1.8805938496333477e-05,0.0,0.0,0.01,0.05,0.0,0.0,0.0,0.0,0.15754197850481075,0.15754197850481075,0.15754197850481075,0.15754197850481075,0.14862500131130219,0.0,0.0,0.0,0.0,0.0,0.0315217524766922,0.012,0,0.0,1,1,0,0.9698703353939013,-0.6899348922133023,nan,0.15754197850481075,0.15754197850481075,0.0,11.960564613342285,-2.4552903175354004,-0.4152089879540456,0.008916977193508563,-0.0315217524766922
116.08369255065918,1784883272.8219874,7.343292236328125e-05,0.33945131301879883,0.6674044132232666,0.6904864311218262,center_cruise,3,1,1,FOLLOW_MAIN,1.0,4.255447684553786,1.7000000000000002,1.5006905762660618,0.0,0.012,0.010967430492116247,0.0,0.0,-3.88065619110029e-06,0.0,0.0,0.01,0.05,0.0,0.0,0.0,0.0,0.13617432590572118,0.13617432590572118,0.13617432590572118,0.15754197850481075,0.14862500131130219,0.0,0.0,0.0,0.0,0.0,0.0315217524766922,0.012,0,0.0,1,1,0,0.9670187071653753,-0.7558533706502325,nan,0.13617432590572118,0.13617432590572118,0.0,11.960564613342285,-2.4552903175354004,-0.4152089879540456,0.008916977193508563,-0.0315217524766922
116.40238070487976,1784883273.1406755,0.31876158714294434,0.3152632713317871,3.457069396972656e-05,1.0091748237609863,center_cruise,3,1,1,FOLLOW_MAIN,1.0,4.255447684553786,1.7000000000000002,1.5006905762660618,0.0,0.012,0.010967430492116247,0.0,0.0,-3.88065619110029e-06,0.0,0.0,0.01,0.05,0.0,0.0,0.0,0.0,0.13617432590572118,0.13617432590572118,0.13617432590572118,0.13617432590572118,0.13774999976158142,0.0,0.0,0.0,0.0,0.0,0.0,0.012,0,0.0,1,1,0,0.9670187071653753,-0.7558533706502325,nan,0.13617432590572118,0.13617432590572118,0.0,12.125242233276367,-2.5295920372009277,-0.4342800769384901,-0.0015756738558602434,0.0
116.75141596794128,1784883273.4897108,0.000118255615234375,0.33821988105773926,0.3309657573699951,0.34555506706237793,near_center_pd,4,1,1,FOLLOW_MAIN,1.0,6.951908105710256,22.5,11.525508732621534,0.0,0.161,0.08279095406590344,0.08279095406590344,0.0,0.18635193603774383,0.2,0.24,0.01,0.05,-0.0,-0.019869828975816822,-0.0,-0.009317596801887191,0.15,0.1359554107055692,0.1359554107055692,0.09748195038553514,0.12325000762939453,-0.029187425777704015,-0.029187425777704015,-0.029187425777704015,-0.029187425777704015,-0.0037250897999911107,0.0630435049533844,0.065,0,0.0,0,1,0,0.9359940034737072,-0.35838080631913216,nan,0.13792556194556424,0.13398525946557419,-0.003940302479990054,12.144023895263672,-2.5382754802703857,-0.4265886953102367,-0.025768057243859388,-0.06676859475337552
117.09482336044312,1784883273.8331184,0.34352588653564453,0.33986639976501465,3.695487976074219e-05,0.688962459564209,near_center_pd,4,1,1,FOLLOW_MAIN,1.0,6.951908105710256,22.5,11.525508732621534,0.0,0.161,0.08279095406590344,0.08279095406590344,0.0,0.18635193603774383,0.2,0.24,0.01,0.05,-0.0,-0.019869828975816822,-0.0,-0.009317596801887191,0.15,0.1359554107055692,0.1359554107055692,0.12764177570555604,0.12687499821186066,-0.029187425777704015,-0.029187425777704015,-0.029187425777704015,-0.029187425777704015,-0.03704758977771646,-0.0315217524766922,0.065,0,0.0,0,1,0,0.9359940034737072,-0.35838080631913216,nan,0.13792556194556424,0.13398525946557419,-0.003940302479990054,12.180289268493652,-2.554758071899414,-0.43084399317096456,0.0007667774936953864,-0.00552583730102426
117.41752052307129,1784883274.1558154,0.6662232875823975,0.6625635623931885,0.32273435592651367,4.124641418457031e-05,near_center_pd,4,1,1,FOLLOW_MAIN,1.0,6.951908105710256,22.5,11.525508732621534,0.0,0.161,0.08279095406590344,0.08279095406590344,0.0,0.18635193603774383,0.2,0.24,0.01,0.05,-0.0,-0.019869828975816822,-0.0,-0.009317596801887191,0.15,0.1359554107055692,0.1359554107055692,0.12764177570555604,0.12687499821186066,-0.029187425777704015,-0.029187425777704015,-0.029187425777704015,-0.029187425777704015,-0.03704758977771646,-0.0315217524766922,0.065,0,0.0,0,1,0,0.9359940034737072,-0.35838080631913216,nan,0.13792556194556424,0.13398525946557419,-0.003940302479990054,12.180289268493652,-2.554758071899414,-0.43084399317096456,0.0007667774936953864,-0.00552583730102426
117.76424813270569,1784883274.5025434,0.34261536598205566,0.33935999870300293,3.147125244140625e-05,0.346768856048584,mid_pd_tracking,5,1,1,FOLLOW_MAIN,1.0,4.248272751766313,23.3,22.228322117168208,22.228322117168208,0.168,0.15944862155108358,0.15944862155108358,0.009317008842216893,0.04977414268436802,0.42,0.52,0.01,0.05,-0.009335895289210647,-0.08291328320656347,-9.317008842216894e-05,-0.0024887071342184013,0.11052976935878144,0.11052976935878144,0.11052976935878144,0.11054054079922368,0.11599999666213989,-0.09483105571841469,-0.09483105571841469,-0.09483105571841469,-0.09483105571841469,-0.09627326166601037,0.0,0.24,0,1.0,0,0,0,0.8842381548702515,-0.5649222665950477,nan,0.11693086561977442,0.10412867309778845,-0.012802192521985972,12.244206428527832,-2.5839133262634277,-0.42807024820920814,-0.005459455862916213,-0.09627326166601037
118.10564804077148,1784883274.8439429,0.6840150356292725,0.6807594299316406,0.3414311408996582,3.600120544433594e-05,mid_pd_tracking,5,1,1,FOLLOW_MAIN,1.0,4.248272751766313,23.3,22.228322117168208,22.228322117168208,0.168,0.15944862155108358,0.15944862155108358,0.009317008842216893,0.04977414268436802,0.42,0.52,0.01,0.05,-0.009335895289210647,-0.08291328320656347,-9.317008842216894e-05,-0.0024887071342184013,0.11052976935878144,0.11052976935878144,0.11052976935878144,0.11054054079922368,0.11599999666213989,-0.09483105571841469,-0.09483105571841469,-0.09483105571841469,-0.09483105571841469,-0.09627326166601037,0.0,0.24,0,1.0,0,0,0,0.8842381548702515,-0.5649222665950477,nan,0.11693086561977442,0.10412867309778845,-0.012802192521985972,12.244206428527832,-2.5839133262634277,-0.42807024820920814,-0.005459455862916213,-0.09627326166601037
118.43200302124023,1784883275.1702979,5.435943603515625e-05,1.0071144104003906,0.6677863597869873,0.32639122009277344,mid_pd_tracking,5,1,1,FOLLOW_MAIN,1.0,4.717565685456838,28.700000000000003,27.63144972357575,27.63144972357575,0.20700000000000002,0.19878177659689622,0.19878177659689622,0.0063872907650089445,0.044655391320676446,0.42,0.52,0.01,0.05,-0.011605208883901813,-0.10336652383038604,-6.387290765008945e-05,-0.0022327695660338226,0.10811840618953733,0.10811840618953733,0.10811840618953733,0.11054054079922368,0.11599999666213989,-0.11726837518797177,-0.11726837518797177,-0.11726837518797177,-0.11726837518797177,-0.09627326166601037,0.0,0.24,0,1.0,0,0,0,0.8649472495162986,-0.46899329123330535,nan,0.11603402151472543,0.10020279086434923,-0.0158312306503762,12.244206428527832,-2.5839133262634277,-0.42807024820920814,-0.005459455862916213,-0.09627326166601037
118.79425358772278,1784883275.5325487,5.9604644775390625e-05,0.35893964767456055,0.35161852836608887,0.6886413097381592,curve_pd,1,1,1,FOLLOW_MAIN,1.0,5.772639208996824,34.7,31.365778821202596,31.365778821202596,0.25,0.2256962805870052,0.2256962805870052,0.006930063089028566,0.04924205027969465,0.58,0.72,0.01,0.05,-0.018192151716297504,-0.16250132202264372,-6.930063089028566e-05,-0.0024621025139847327,0.08148002670150134,0.08148002670150134,0.08148002670150134,0.10811840618953733,0.12687499821186066,-0.18322487688381625,-0.18322487688381625,-0.18322487688381625,-0.18322487688381625,-0.11726837518797177,0.0315217524766922,0.38,1,1.0,0,0,0,0.8576844915947509,-0.21228494394550795,nan,0.09384770589115894,0.06911234751184374,-0.024735358379315203,12.289657592773438,-2.604740619659424,-0.430465866687171,-0.018756592022323326,-0.14879012766466398
119.12684798240662,1784883275.865143,0.3326542377471924,3.0994415283203125e-05,0.6842126846313477,1.0212359428405762,curve_pd,1,1,1,FOLLOW_MAIN,1.0,5.772639208996824,34.7,31.365778821202596,31.365778821202596,0.25,0.2256962805870052,0.2256962805870052,0.006930063089028566,0.04924205027969465,0.58,0.72,0.01,0.05,-0.018192151716297504,-0.16250132202264372,-6.930063089028566e-05,-0.0024621025139847327,0.08148002670150134,0.08148002670150134,0.08148002670150134,0.0802421747979989,0.12687499821186066,-0.18322487688381625,-0.18322487688381625,-0.18322487688381625,-0.18322487688381625,-0.19922556517353623,0.0315217524766922,0.38,1,1.0,0,0,0,0.8576844915947509,-0.21228494394550795,nan,0.09384770589115894,0.06911234751184374,-0.024735358379315203,12.289657592773438,-2.604740619659424,-0.430465866687171,-0.046632823413861754,-0.23074731765022843
119.45876479148865,1784883276.1970596,0.6645708084106445,0.33194780349731445,0.32840895652770996,3.886222839355469e-05,curve_pd,1,1,1,FOLLOW_MAIN,1.0,5.772639208996824,34.7,31.365778821202596,31.365778821202596,0.25,0.2256962805870052,0.2256962805870052,0.006930063089028566,0.04924205027969465,0.58,0.72,0.01,0.05,-0.018192151716297504,-0.16250132202264372,-6.930063089028566e-05,-0.0024621025139847327,0.08148002670150134,0.08148002670150134,0.08148002670150134,0.0802421747979989,0.12325000017881393,-0.18322487688381625,-0.18322487688381625,-0.18322487688381625,-0.18322487688381625,-0.19922556517353623,-0.0630435049533844,0.38,1,1.0,0,0,0,0.8576844915947509,-0.21228494394550795,nan,0.09384770589115894,0.06911234751184374,-0.024735358379315203,12.37869644165039,-2.6470491886138916,-0.46261853668192987,-0.04300782538081503,-0.13618206022015183
119.81314253807068,1784883276.5514374,0.34985899925231934,0.346376895904541,3.8623809814453125e-05,0.3544161319732666,curve_pd,1,1,1,FOLLOW_MAIN,1.0,5.315056985746789,35.4,34.73193173856731,34.73193173856731,0.255,0.2508425564938398,0.2508425564938398,0.00704808508395687,0.052534980827689384,0.58,0.72,0.01,0.05,-0.02014452040836904,-0.18060664067556464,-7.04808508395687e-05,-0.0026267490413844695,0.07972777097293822,0.07972777097293822,0.07972777097293822,0.07972777097293822,0.058000002056360245,-0.20344839097615772,-0.20344839097615772,-0.20344839097615772,-0.20344839097615772,-0.20344839097615772,-0.18913044035434723,0.38,1,1.0,0,0,0,0.8392396944519812,-0.37094755377539357,nan,0.09346053736382887,0.06599500458204757,-0.027465532781781293,12.466314315795898,-2.693361520767212,-0.553180388219652,0.021727768916577975,-0.014317950621810488
120.21890020370483,1784883276.9571953,0.00011324882507324219,0.7521352767944336,0.40579700469970703,0.7601745128631592,curve_pd,1,1,1,FOLLOW_MAIN,1.0,5.371740741555148,40.900000000000006,39.754381139220484,39.754381139220484,0.297,0.2875637629588238,0.2875637629588238,0.005313962093480966,0.03839329331491075,0.58,0.72,0.01,0.05,-0.02305754106074788,-0.20704590933035313,-5.313962093480966e-05,-0.0019196646657455377,0.07885295758639634,0.07885295758639634,0.07885295758639634,0.07972777097293822,0.058000002056360245,-0.23207625467778137,-0.23207625467778137,-0.23207625467778137,-0.23207625467778137,-0.20344839097615772,-0.18913044035434723,0.38,1,1.0,0,0,0,0.8300311324883825,-0.008683812799551193,nan,0.09451810477714657,0.0631878103956461,-0.03133029438150048,12.466314315795898,-2.693361520767212,-0.553180388219652,0.021727768916577975,-0.014317950621810488
120.63209128379822,1784883277.3703864,0.41330504417419434,4.887580871582031e-05,0.8189883232116699,1.1733660697937012,curve_pd,1,1,1,FOLLOW_MAIN,1.0,5.371740741555148,40.900000000000006,39.754381139220484,39.754381139220484,0.297,0.2875637629588238,0.2875637629588238,0.005313962093480966,0.03839329331491075,0.58,0.72,0.01,0.05,-0.02305754106074788,-0.20704590933035313,-5.313962093480966e-05,-0.0019196646657455377,0.07885295758639634,0.07885295758639634,0.07885295758639634,0.07879761076860223,0.058000002056360245,-0.23207625467778137,-0.23207625467778137,-0.23207625467778137,-0.23207625467778137,-0.21471041560408233,-0.18913044035434723,0.38,1,1.0,0,0,0,0.8300311324883825,-0.008683812799551193,nan,0.09451810477714657,0.0631878103956461,-0.03133029438150048,12.466314315795898,-2.693361520767212,-0.553180388219652,0.020797608712241983,-0.0255799752497351
121.0776138305664,1784883277.8159091,0.8588268756866455,0.4455709457397461,3.814697265625e-05,1.6188874244689941,curve_pd,1,1,1,FOLLOW_MAIN,1.0,5.371740741555148,40.900000000000006,39.754381139220484,39.754381139220484,0.297,0.2875637629588238,0.2875637629588238,0.005313962093480966,0.03839329331491075,0.58,0.72,0.01,0.05,-0.02305754106074788,-0.20704590933035313,-5.313962093480966e-05,-0.0019196646657455377,0.07885295758639634,0.07885295758639634,0.07885295758639634,0.07879761076860223,0.0833749994635582,-0.23207625467778137,-0.23207625467778137,-0.23207625467778137,-0.23207625467778137,-0.21471041560408233,-0.28369560837745667,0.38,1,1.0,0,0,0,0.8300311324883825,-0.008683812799551193,nan,0.09451810477714657,0.0631878103956461,-0.03133029438150048,12.554254531860352,-2.765784978866577,-0.8698479330302166,-0.0045773886949559695,0.06898519277337434
121.57333540916443,1784883278.3116305,1.3545489311218262,0.9412932395935059,0.4957606792449951,4.458427429199219e-05,curve_pd,1,1,1,FOLLOW_MAIN,1.0,5.371740741555148,40.900000000000006,39.754381139220484,39.754381139220484,0.297,0.2875637629588238,0.2875637629588238,0.005313962093480966,0.03839329331491075,0.58,0.72,0.01,0.05,-0.02305754106074788,-0.20704590933035313,-5.313962093480966e-05,-0.0019196646657455377,0.07885295758639634,0.07885295758639634,0.07885295758639634,0.07879761076860223,0.0833749994635582,-0.23207625467778137,-0.23207625467778137,-0.23207625467778137,-0.23207625467778137,-0.21471041560408233,-0.28369560837745667,0.38,1,1.0,0,0,0,0.8300311324883825,-0.008683812799551193,nan,0.09451810477714657,0.0631878103956461,-0.03133029438150048,12.554254531860352,-2.765784978866577,-0.8698479330302166,-0.0045773886949559695,0.06898519277337434
122.0382034778595,1784883278.776499,0.00011515617370605469,1.4061613082885742,0.9606287479400635,0.46491265296936035,curve_pd,1,1,1,FOLLOW_MAIN,1.0,4.461621024548208,26.5,31.697226672461213,31.697226672461213,0.19,0.22844821175334598,0.22844821175334598,-0.011671969493080915,-0.08528002741229292,0.58,0.72,0.01,0.05,-0.018384391470027503,-0.16448271246240911,0.00011671969493080915,0.004264001370614646,0.07973570072514681,0.07973570072514681,0.07973570072514681,0.07879761076860223,0.0833749994635582,-0.17848638286689114,-0.17848638286689114,-0.1949628744542099,-0.1949628744542099,-0.21471041560408233,-0.28369560837745667,0.38,1,1.0,0,0,0,0.8393231655278611,-0.7807112036855042,nan,0.09289569475080597,0.06657570669948765,-0.026319988051318327,12.554254531860352,-2.765784978866577,-0.8698479330302166,-0.0045773886949559695,0.06898519277337434
122.44599938392639,1784883279.1842945,0.4079110622406006,3.743171691894531e-05,1.3684239387512207,0.8727078437805176,curve_pd,1,1,1,FOLLOW_MAIN,1.0,4.461621024548208,26.5,31.697226672461213,31.697226672461213,0.19,0.22844821175334598,0.22844821175334598,-0.011671969493080915,-0.08528002741229292,0.58,0.72,0.01,0.05,-0.018384391470027503,-0.16448271246240911,0.00011671969493080915,0.004264001370614646,0.07973570072514681,0.07973570072514681,0.07973570072514681,0.09754507635260444,0.0833749994635582,-0.17848638286689114,-0.17848638286689114,-0.1949628744542099,-0.1949628744542099,-0.10678051255531897,-0.28369560837745667,0.38,1,1.0,0,0,0,0.8393231655278611,-0.7807112036855042,nan,0.09289569475080597,0.06657570669948765,-0.026319988051318327,12.554254531860352,-2.765784978866577,-0.8698479330302166,0.014170076889046243,0.1769150958221377
123.12531185150146,1784883279.8636074,1.08725905418396,0.6793868541717529,0.00012111663818359375,1.5520577430725098,curve_pd,1,1,1,FOLLOW_MAIN,1.0,4.461621024548208,26.5,31.697226672461213,31.697226672461213,0.19,0.22844821175334598,0.22844821175334598,-0.011671969493080915,-0.08528002741229292,0.58,0.72,0.01,0.05,-0.018384391470027503,-0.16448271246240911,0.00011671969493080915,0.004264001370614646,0.07973570072514681,0.07973570072514681,0.07973570072514681,0.09754507635260444,0.07612499594688416,-0.17848638286689114,-0.17848638286689114,-0.1949628744542099,-0.1949628744542099,-0.10678051255531897,-0.34673914313316345,0.38,1,1.0,0,0,0,0.8393231655278611,-0.7807112036855042,nan,0.09289569475080597,0.06657570669948765,-0.026319988051318327,12.610321044921875,-2.8525662422180176,-1.172235656203338,0.021420080405720285,0.2399586305778445
123.79494452476501,1784883280.53324,0.00012922286987304688,1.3489835262298584,0.6697177886962891,2.221654176712036,mid_pd_tracking,5,1,1,FOLLOW_MAIN,1.0,3.8231019623516227,17.0,22.791145344025097,22.791145344025097,0.122,0.16414738530123735,0.16414738530123735,-0.009188204854280228,-0.06542920435682213,0.42,0.52,0.01,0.05,-0.00957228104449054,-0.08535664035664342,9.188204854280229e-05,0.0032714602178411066,0.10861598539377217,0.10861598539377217,0.10861598539377217,0.09754507635260444,0.07612499594688416,-0.09156557913475005,-0.09156557913475005,-0.09156557913475005,-0.09156557913475005,-0.10678051255531897,-0.34673914313316345,0.24,0,1.0,0,0,0,0.88782605773547,-0.36413064140481277,nan,0.1147966619853678,0.10243530880217654,-0.01236135318319126,12.610321044921875,-2.8525662422180176,-1.172235656203338,0.021420080405720285,0.2399586305778445
124.52734804153442,1784883281.2656436,0.7325334548950195,9.250640869140625e-05,1.4021222591400146,2.9540586471557617,mid_pd_tracking,5,1,1,FOLLOW_MAIN,1.0,3.8231019623516227,17.0,22.791145344025097,22.791145344025097,0.122,0.16414738530123735,0.16414738530123735,-0.009188204854280228,-0.06542920435682213,0.42,0.52,0.01,0.05,-0.00957228104449054,-0.08535664035664342,9.188204854280229e-05,0.0032714602178411066,0.10861598539377217,0.10861598539377217,0.10861598539377217,0.14004994397034642,0.07612499594688416,-0.09156557913475005,-0.09156557913475005,-0.09156557913475005,-0.09156557913475005,0.0019362972646070867,-0.34673914313316345,0.24,0,1.0,0,0,0,0.88782605773547,-0.36413064140481277,nan,0.1147966619853678,0.10243530880217654,-0.01236135318319126,12.610321044921875,-2.8525662422180176,-1.172235656203338,0.06392494802346227,0.34867544039777054
125.09301590919495,1784883281.8313115,1.2982008457183838,0.5657601356506348,7.963180541992188e-05,3.519725799560547,mid_pd_tracking,5,1,1,FOLLOW_MAIN,1.0,3.8231019623516227,17.0,22.791145344025097,22.791145344025097,0.122,0.16414738530123735,0.16414738530123735,-0.009188204854280228,-0.06542920435682213,0.42,0.52,0.01,0.05,-0.00957228104449054,-0.08535664035664342,9.188204854280229e-05,0.0032714602178411066,0.10861598539377217,0.10861598539377217,0.10861598539377217,0.14004994397034642,0.14137500524520874,-0.09156557913475005,-0.09156557913475005,-0.09156557913475005,-0.09156557913475005,0.0019362972646070867,-0.031521786004304886,0.24,0,1.0,0,0,0,0.88782605773547,-0.36413064140481277,nan,0.1147966619853678,0.10243530880217654,-0.01236135318319126,12.638530731201172,-2.9374282360076904,-1.3230987797620595,-0.0013250612748623158,0.033458083268911976
125.6188793182373,1784883282.3571746,1.824063777923584,1.0916228294372559,0.525942325592041,4.601478576660156e-05,mid_pd_tracking,5,1,1,FOLLOW_MAIN,1.0,3.8231019623516227,17.0,22.791145344025097,22.791145344025097,0.122,0.16414738530123735,0.16414738530123735,-0.009188204854280228,-0.06542920435682213,0.42,0.52,0.01,0.05,-0.00957228104449054,-0.08535664035664342,9.188204854280229e-05,0.0032714602178411066,0.10861598539377217,0.10861598539377217,0.10861598539377217,0.14004994397034642,0.14137500524520874,-0.09156557913475005,-0.09156557913475005,-0.09156557913475005,-0.09156557913475005,0.0019362972646070867,-0.031521786004304886,0.24,0,1.0,0,0,0,0.88782605773547,-0.36413064140481277,nan,0.1147966619853678,0.10243530880217654,-0.01236135318319126,12.638530731201172,-2.9374282360076904,-1.3230987797620595,-0.0013250612748623158,0.033458083268911976
126.15255784988403,1784883282.890853,7.62939453125e-05,1.6253013610839844,1.0596208572387695,0.5337247848510742,large_error_pd,2,1,1,TURNING,1.0,5.842399600732725,-318.0,-313.237438669146,-313.237438669146,-0.582,-0.5808493817986169,-0.5808493817986169,-0.14411066973663,-0.12727708149335495,0.65,0.72,0.01,0.05,0.2036043351349449,0.41821155489500417,0.0014411066973663,0.006363854074667748,0.07,0.07,0.07,0.14004994397034642,0.14137500524520874,0.6296208508019832,0.38,0.38,0.38,0.0019362972646070867,-0.031521786004304886,0.38,1,2.0,0,0,1,0.5755770513198486,-0.38996591004517334,nan,0.04435,0.09565000000000001,0.05130000000000001,12.638530731201172,-2.9374282360076904,-1.3230987797620595,-0.0013250612748623158,0.033458083268911976
126.6818494796753,1784883283.420145,0.5293729305267334,9.131431579589844e-05,1.5889179706573486,1.0630223751068115,large_error_pd,2,1,1,TURNING,1.0,5.842399600732725,-318.0,-313.237438669146,-313.237438669146,-0.582,-0.5808493817986169,-0.5808493817986169,-0.14411066973663,-0.12727708149335495,0.65,0.72,0.01,0.05,0.2036043351349449,0.41821155489500417,0.0014411066973663,0.006363854074667748,0.07,0.07,0.07,0.07855558262151408,0.14137500524520874,0.6296208508019832,0.38,0.38,0.38,0.2642327559196565,-0.031521786004304886,0.38,1,2.0,0,0,1,0.5755770513198486,-0.38996591004517334,nan,0.04435,0.09565000000000001,0.05130000000000001,12.638530731201172,-2.9374282360076904,-1.3230987797620595,-0.06281942262369467,0.2957545419239614
127.2043788433075,1784883283.9426742,1.0518982410430908,0.5226161479949951,6.0558319091796875e-05,1.5855462551116943,large_error_pd,2,1,1,TURNING,1.0,5.842399600732725,-318.0,-313.237438669146,-313.237438669146,-0.582,-0.5808493817986169,-0.5808493817986169,-0.14411066973663,-0.12727708149335495,0.65,0.72,0.01,0.05,0.2036043351349449,0.41821155489500417,0.0014411066973663,0.006363854074667748,0.07,0.07,0.07,0.07855558262151408,0.06524999439716339,0.6296208508019832,0.38,0.38,0.38,0.2642327559196565,0.5673912167549133,0.38,1,2.0,0,0,1,0.5755770513198486,-0.38996591004517334,nan,0.04435,0.09565000000000001,0.05130000000000001,12.713027000427246,-3.2650094032287598,-0.9660517719906813,0.013305588224350684,-0.3031584608352568
127.77502822875977,1784883284.5133233,1.622546911239624,1.0932650566101074,0.5707099437713623,5.269050598144531e-05,large_error_pd,2,1,1,TURNING,1.0,5.842399600732725,-318.0,-313.237438669146,-313.237438669146,-0.582,-0.5808493817986169,-0.5808493817986169,-0.14411066973663,-0.12727708149335495,0.65,0.72,0.01,0.05,0.2036043351349449,0.41821155489500417,0.0014411066973663,0.006363854074667748,0.07,0.07,0.07,0.07855558262151408,0.06524999439716339,0.6296208508019832,0.38,0.38,0.38,0.2642327559196565,0.5673912167549133,0.38,1,2.0,0,0,1,0.5755770513198486,-0.38996591004517334,nan,0.04435,0.09565000000000001,0.05130000000000001,12.713027000427246,-3.2650094032287598,-0.9660517719906813,0.013305588224350684,-0.3031584608352568
128.4331636428833,1784883285.1714597,0.0001347064971923828,1.75140380859375,1.2288486957550049,0.6581919193267822,center_cruise,3,1,1,FOLLOW_MAIN,1.0,5.274293270976811,0.0,-4.172507909955694e-05,0.0,0.0,-7.636920318018513e-08,0.0,0.0006147064471361465,0.0016079546220906299,0.0,0.0,0.01,0.05,0.0,0.0,0.0,0.0,0.165,0.165,0.165,0.07855558262151408,0.06524999439716339,0.0,0.0,0.0,0.0,0.2642327559196565,0.5673912167549133,0.012,0,0.0,1,1,0,0.9999999287893854,0.0,nan,0.165,0.165,0.0,12.713027000427246,-3.2650094032287598,-0.9660517719906813,0.013305588224350684,-0.3031584608352568
129.184556722641,1784883285.9228556,0.7515575885772705,0.0002570152282714844,1.9802725315093994,1.409623384475708,center_cruise,3,1,1,FOLLOW_MAIN,1.0,5.274293270976811,0.0,-4.172507909955694e-05,0.0,0.0,-7.636920318018513e-08,0.0,0.0006147064471361465,0.0016079546220906299,0.0,0.0,0.01,0.05,0.0,0.0,0.0,0.0,0.165,0.165,0.165,0.1517302949396242,0.06524999439716339,0.0,0.0,0.0,0.0,0.0,0.5673912167549133,0.012,0,0.0,1,1,0,0.9999999287893854,0.0,nan,0.165,0.165,0.0,12.713027000427246,-3.2650094032287598,-0.9660517719906813,0.08648030054246081,-0.5673912167549133
129.93531727790833,1784883286.673612,1.5022854804992676,0.7509839534759521,4.3392181396484375e-05,2.1603407859802246,center_cruise,3,1,1,FOLLOW_MAIN,1.0,5.274293270976811,0.0,-4.172507909955694e-05,0.0,0.0,-7.636920318018513e-08,0.0,0.0006147064471361465,0.0016079546220906299,0.0,0.0,0.01,0.05,0.0,0.0,0.0,0.0,0.165,0.165,0.165,0.1517302949396242,0.15587499737739563,0.0,0.0,0.0,0.0,0.0,-0.0315217524766922,0.012,0,0.0,1,1,0,0.9999999287893854,0.0,nan,0.165,0.165,0.0,13.0039644241333,-3.5756125450134277,-0.8031469911457189,-0.00414470243777143,0.0315217524766922
130.750018119812,1784883287.4883137,2.3169875144958496,1.5656867027282715,0.814746618270874,8.916854858398438e-05,center_cruise,3,1,1,FOLLOW_MAIN,1.0,5.274293270976811,0.0,-4.172507909955694e-05,0.0,0.0,-7.636920318018513e-08,0.0,0.0006147064471361465,0.0016079546220906299,0.0,0.0,0.01,0.05,0.0,0.0,0.0,0.0,0.165,0.165,0.165,0.1517302949396242,0.15587499737739563,0.0,0.0,0.0,0.0,0.0,-0.0315217524766922,0.012,0,0.0,1,1,0,0.9999999287893854,0.0,nan,0.165,0.165,0.0,13.0039644241333,-3.5756125450134277,-0.8031469911457189,-0.00414470243777143,0.0315217524766922
131.3580560684204,1784883288.0963511,7.343292236328125e-05,2.1737232208251953,1.4227828979492188,0.6081252098083496,large_error_pd,2,1,1,TURNING,1.0,5.092550739178936,-195.8,-195.74297848679575,-195.74297848679575,-0.629,-0.6288617816012915,-0.6288617816012915,-0.020798365915456377,-0.06949747186718847,0.65,0.72,0.01,0.05,0.12723293601641725,0.4527804827529298,0.00020798365915456377,0.0034748735933594235,0.07,0.07,0.07,0.1517302949396242,0.15587499737739563,0.583696276021861,0.38,0.38,0.38,0.0,-0.0315217524766922,0.38,1,3.0,0,0,1,0.5179409368123101,5.0,nan,0.04435,0.09565000000000001,0.05130000000000001,13.0039644241333,-3.5756125450134277,-0.8031469911457189,-0.00414470243777143,0.0315217524766922
131.90788054466248,1784883288.6461759,0.5498979091644287,5.14984130859375e-05,1.9726073741912842,1.157949686050415,large_error_pd,2,1,1,TURNING,1.0,5.092550739178936,-195.8,-195.74297848679575,-195.74297848679575,-0.629,-0.6288617816012915,-0.6288617816012915,-0.020798365915456377,-0.06949747186718847,0.65,0.72,0.01,0.05,0.12723293601641725,0.4527804827529298,0.00020798365915456377,0.0034748735933594235,0.07,0.07,0.07,0.065,0.15587499737739563,0.583696276021861,0.38,0.38,0.38,0.2606792557702367,-0.0315217524766922,0.38,1,3.0,0,0,1,0.5179409368123101,5.0,nan,0.04435,0.09565000000000001,0.05130000000000001,13.0039644241333,-3.5756125450134277,-0.8031469911457189,-0.09087499737739563,0.2922010082469289
132.46728348731995,1784883289.2055786,1.1093006134033203,0.5594542026519775,6.985664367675781e-05,1.7173519134521484,large_error_pd,2,1,1,TURNING,1.0,5.092550739178936,-195.8,-195.74297848679575,-195.74297848679575,-0.629,-0.6288617816012915,-0.6288617816012915,-0.020798365915456377,-0.06949747186718847,0.65,0.72,0.01,0.05,0.12723293601641725,0.4527804827529298,0.00020798365915456377,0.0034748735933594235,0.07,0.07,0.07,0.065,0.04349999874830246,0.583696276021861,0.38,0.38,0.38,0.2606792557702367,0.0,0.38,1,3.0,0,0,1,0.5179409368123101,5.0,nan,0.04435,0.09565000000000001,0.05130000000000001,13.174104690551758,-3.7122819423675537,-0.310273350913188,0.021500001251697543,0.2606792557702367
133.17303824424744,1784883289.9113333,1.8150560855865479,1.2652099132537842,0.7058262825012207,6.580352783203125e-05,large_error_pd,2,1,1,TURNING,1.0,5.092550739178936,-195.8,-195.74297848679575,-195.74297848679575,-0.629,-0.6288617816012915,-0.6288617816012915,-0.020798365915456377,-0.06949747186718847,0.65,0.72,0.01,0.05,0.12723293601641725,0.4527804827529298,0.00020798365915456377,0.0034748735933594235,0.07,0.07,0.07,0.065,0.04349999874830246,0.583696276021861,0.38,0.38,0.38,0.2606792557702367,0.0,0.38,1,3.0,0,0,1,0.5179409368123101,5.0,nan,0.04435,0.09565000000000001,0.05130000000000001,13.174104690551758,-3.7122819423675537,-0.310273350913188,0.021500001251697543,0.2606792557702367
133.8407371044159,1784883290.5790327,7.081031799316406e-05,1.932908535003662,1.3735244274139404,0.66776442527771,mid_pd_tracking,5,1,1,FOLLOW_MAIN,1.0,4.412042625317822,-23.700000000000003,-23.972985541301686,-23.972985541301686,-0.171,-0.1725153433382346,-0.1725153433382346,0.0062872353297601085,0.04210009328312762,0.42,0.52,0.01,0.05,0.010068653927346708,0.089707978535882,-6.287235329760109e-05,-0.002105004664156381,0.11120747159231549,0.11120747159231549,0.11120747159231549,0.065,0.04349999874830246,0.09760875544577473,0.09760875544577473,0.09760875544577473,0.09760875544577473,0.2606792557702367,0.0,0.24,0,1.0,0,0,0,0.8896597727385239,0.15004681284822824,nan,0.1046188805997257,0.11779606258490528,0.013177181985179587,13.174104690551758,-3.7122819423675537,-0.310273350913188,0.021500001251697543,0.2606792557702367
134.64820289611816,1784883291.3864977,0.8075358867645264,6.556510925292969e-05,2.1809892654418945,1.4752287864685059,mid_pd_tracking,5,1,1,FOLLOW_MAIN,1.0,4.412042625317822,-23.700000000000003,-23.972985541301686,-23.972985541301686,-0.171,-0.1725153433382346,-0.1725153433382346,0.0062872353297601085,0.04210009328312762,0.42,0.52,0.01,0.05,0.010068653927346708,0.089707978535882,-6.287235329760109e-05,-0.002105004664156381,0.11120747159231549,0.11120747159231549,0.11120747159231549,0.11087707509855207,0.04349999874830246,0.09760875544577473,0.09760875544577473,0.09760875544577473,0.09760875544577473,0.09851178124135464,0.0,0.24,0,1.0,0,0,0,0.8896597727385239,0.15004681284822824,nan,0.1046188805997257,0.11779606258490528,0.013177181985179587,13.174104690551758,-3.7122819423675537,-0.310273350913188,0.06737707635024962,0.09851178124135464
135.17002487182617,1784883291.9083197,1.3293583393096924,0.521888256072998,4.315376281738281e-05,1.997051477432251,mid_pd_tracking,5,1,1,FOLLOW_MAIN,1.0,4.412042625317822,-23.700000000000003,-23.972985541301686,-23.972985541301686,-0.171,-0.1725153433382346,-0.1725153433382346,0.0062872353297601085,0.04210009328312762,0.42,0.52,0.01,0.05,0.010068653927346708,0.089707978535882,-6.287235329760109e-05,-0.002105004664156381,0.11120747159231549,0.11120747159231549,0.11120747159231549,0.11087707509855207,0.09062499552965164,0.09760875544577473,0.09760875544577473,0.09760875544577473,0.09760875544577473,0.09851178124135464,0.15760868787765503,0.24,0,1.0,0,0,0,0.8896597727385239,0.15004681284822824,nan,0.1046188805997257,0.11779606258490528,0.013177181985179587,13.334291458129883,-3.720350742340088,0.06310158933581872,0.020252079568900433,-0.05909690663630039
135.70085835456848,1784883292.4391534,1.8601915836334229,1.0527212619781494,0.5308761596679688,4.076957702636719e-05,mid_pd_tracking,5,1,1,FOLLOW_MAIN,1.0,4.412042625317822,-23.700000000000003,-23.972985541301686,-23.972985541301686,-0.171,-0.1725153433382346,-0.1725153433382346,0.0062872353297601085,0.04210009328312762,0.42,0.52,0.01,0.05,0.010068653927346708,0.089707978535882,-6.287235329760109e-05,-0.002105004664156381,0.11120747159231549,0.11120747159231549,0.11120747159231549,0.11087707509855207,0.09062499552965164,0.09760875544577473,0.09760875544577473,0.09760875544577473,0.09760875544577473,0.09851178124135464,0.15760868787765503,0.24,0,1.0,0,0,0,0.8896597727385239,0.15004681284822824,nan,0.1046188805997257,0.11779606258490528,0.013177181985179587,13.334291458129883,-3.720350742340088,0.06310158933581872,0.020252079568900433,-0.05909690663630039
136.23877263069153,1784883292.9770677,7.796287536621094e-05,1.5906360149383545,1.0687909126281738,0.5379552841186523,mid_pd_tracking,5,1,1,FOLLOW_MAIN,1.0,5.019321455915716,-26.6,-27.34507613112127,-27.34507613112127,-0.193,-0.1973720900746553,-0.1973720900746553,-0.0026612951355394765,-0.01821656211696087,0.42,0.52,0.01,0.05,0.011484931975070932,0.10263348683882076,2.6612951355394767e-05,0.0009108281058480436,0.10929133155930039,0.10929133155930039,0.10929133155930039,0.11087707509855207,0.09062499552965164,0.11505585987109512,0.11505585987109512,0.11505585987109512,0.11505585987109512,0.09851178124135464,0.15760868787765503,0.24,0,1.0,0,0,0,0.8743306524744031,-0.188584318003975,nan,0.10152506101800146,0.11705760210059932,0.015532541082597856,13.334291458129883,-3.720350742340088,0.06310158933581872,0.020252079568900433,-0.05909690663630039
136.75234389305115,1784883293.4906387,0.5136492252349854,4.0531158447265625e-05,1.5823619365692139,1.0515263080596924,mid_pd_tracking,5,1,1,FOLLOW_MAIN,1.0,5.019321455915716,-26.6,-27.34507613112127,-27.34507613112127,-0.193,-0.1973720900746553,-0.1973720900746553,-0.0026612951355394765,-0.01821656211696087,0.42,0.52,0.01,0.05,0.011484931975070932,0.10263348683882076,2.6612951355394767e-05,0.0009108281058480436,0.10929133155930039,0.10929133155930039,0.10929133155930039,0.10930135082465275,0.09062499552965164,0.11505585987109512,0.11505585987109512,0.11505585987109512,0.11505585987109512,0.11208247528790537,0.15760868787765503,0.24,0,1.0,0,0,0,0.8743306524744031,-0.188584318003975,nan,0.10152506101800146,0.11705760210059932,0.015532541082597856,13.334291458129883,-3.720350742340088,0.06310158933581872,0.018676355295001112,-0.04552621258974966
137.25187039375305,1784883293.9901652,1.0131754875183105,0.49956727027893066,4.673004150390625e-05,1.5510525703430176,mid_pd_tracking,5,1,1,FOLLOW_MAIN,1.0,5.019321455915716,-26.6,-27.34507613112127,-27.34507613112127,-0.193,-0.1973720900746553,-0.1973720900746553,-0.0026612951355394765,-0.01821656211696087,0.42,0.52,0.01,0.05,0.011484931975070932,0.10263348683882076,2.6612951355394767e-05,0.0009108281058480436,0.10929133155930039,0.10929133155930039,0.10929133155930039,0.10930135082465275,0.14862500131130219,0.11505585987109512,0.11505585987109512,0.11505585987109512,0.11505585987109512,0.11208247528790537,0.28369566798210144,0.24,0,1.0,0,0,0,0.8743306524744031,-0.188584318003975,nan,0.10152506101800146,0.11705760210059932,0.015532541082597856,13.553135871887207,-3.679236650466919,0.35281687694828073,-0.03932365048664943,-0.17161319269419606
137.7728157043457,1784883294.511111,1.5341212749481201,1.020512580871582,0.5209925174713135,4.57763671875e-05,mid_pd_tracking,5,1,1,FOLLOW_MAIN,1.0,5.019321455915716,-26.6,-27.34507613112127,-27.34507613112127,-0.193,-0.1973720900746553,-0.1973720900746553,-0.0026612951355394765,-0.01821656211696087,0.42,0.52,0.01,0.05,0.011484931975070932,0.10263348683882076,2.6612951355394767e-05,0.0009108281058480436,0.10929133155930039,0.10929133155930039,0.10929133155930039,0.10930135082465275,0.14862500131130219,0.11505585987109512,0.11505585987109512,0.11505585987109512,0.11505585987109512,0.11208247528790537,0.28369566798210144,0.24,0,1.0,0,0,0,0.8743306524744031,-0.188584318003975,nan,0.10152506101800146,0.11705760210059932,0.015532541082597856,13.553135871887207,-3.679236650466919,0.35281687694828073,-0.03932365048664943,-0.17161319269419606
138.29172563552856,1784883295.0300212,0.00011086463928222656,1.5394232273101807,1.0399034023284912,0.5189571380615234,curve_pd,1,1,1,FOLLOW_MAIN,1.0,4.8673244650944145,-40.300000000000004,-37.205945539459876,-37.205945539459876,-0.28,-0.2597252425012986,-0.2597252425012986,-0.03084150350739944,-0.20243716582343727,0.58,0.72,0.01,0.05,0.021579448412886726,0.18700217460093496,0.0003084150350739944,0.010121858291171864,0.07398695888184639,0.07398695888184639,0.07398695888184639,0.10930135082465275,0.14862500131130219,0.21901189634006757,0.21901189634006757,0.15526604846035438,0.15526604846035438,0.11208247528790537,0.28369566798210144,0.38,1,2.0,0,0,0,0.7788100934931199,2.317,nan,0.06350650061077247,0.08446741715292032,0.02096091654214785,13.553135871887207,-3.679236650466919,0.35281687694828073,-0.03932365048664943,-0.17161319269419606
138.81801390647888,1784883295.556309,0.526400089263916,7.581710815429688e-05,1.566192865371704,1.0452466011047363,curve_pd,1,1,1,FOLLOW_MAIN,1.0,4.8673244650944145,-40.300000000000004,-37.205945539459876,-37.205945539459876,-0.28,-0.2597252425012986,-0.2597252425012986,-0.03084150350739944,-0.20243716582343727,0.58,0.72,0.01,0.05,0.021579448412886726,0.18700217460093496,0.0003084150350739944,0.010121858291171864,0.07398695888184639,0.07398695888184639,0.07398695888184639,0.07174167738113085,0.14862500131130219,0.21901189634006757,0.21901189634006757,0.15526604846035438,0.15526604846035438,0.23132737594350603,0.28369566798210144,0.38,1,2.0,0,0,0,0.7788100934931199,2.317,nan,0.06350650061077247,0.08446741715292032,0.02096091654214785,13.553135871887207,-3.679236650466919,0.35281687694828073,-0.07688332393017133,-0.052368292038595415
139.36761474609375,1784883296.1059096,1.0759992599487305,0.5496745109558105,4.363059997558594e-05,1.5948443412780762,curve_pd,1,1,1,FOLLOW_MAIN,1.0,4.8673244650944145,-40.300000000000004,-37.205945539459876,-37.205945539459876,-0.28,-0.2597252425012986,-0.2597252425012986,-0.03084150350739944,-0.20243716582343727,0.58,0.72,0.01,0.05,0.021579448412886726,0.18700217460093496,0.0003084150350739944,0.010121858291171864,0.07398695888184639,0.07398695888184639,0.07398695888184639,0.07174167738113085,0.07612500339746475,0.21901189634006757,0.21901189634006757,0.15526604846035438,0.15526604846035438,0.23132737594350603,0.34673914313316345,0.38,1,2.0,0,0,0,0.7788100934931199,2.317,nan,0.06350650061077247,0.08446741715292032,0.02096091654214785,13.794844627380371,-3.545109510421753,0.7401550780826222,-0.004383326016333899,-0.11541176718965743
139.93688488006592,1784883296.67518,1.6452691555023193,1.1189444065093994,0.5693137645721436,3.2901763916015625e-05,curve_pd,1,1,1,FOLLOW_MAIN,1.0,4.8673244650944145,-40.300000000000004,-37.205945539459876,-37.205945539459876,-0.28,-0.2597252425012986,-0.2597252425012986,-0.03084150350739944,-0.20243716582343727,0.58,0.72,0.01,0.05,0.021579448412886726,0.18700217460093496,0.0003084150350739944,0.010121858291171864,0.07398695888184639,0.07398695888184639,0.07398695888184639,0.07174167738113085,0.07612500339746475,0.21901189634006757,0.21901189634006757,0.15526604846035438,0.15526604846035438,0.23132737594350603,0.34673914313316345,0.38,1,2.0,0,0,0,0.7788100934931199,2.317,nan,0.06350650061077247,0.08446741715292032,0.02096091654214785,13.794844627380371,-3.545109510421753,0.7401550780826222,-0.004383326016333899,-0.11541176718965743
140.62777614593506,1784883297.3660715,8.273124694824219e-05,1.8098368644714355,1.2602062225341797,0.6909265518188477,curve_pd,1,1,1,FOLLOW_MAIN,1.0,5.447628762217861,-33.6,-38.92865297330159,-38.92865297330159,-0.23600000000000002,-0.27142550448796565,-0.27142550448796565,0.004247810088017223,0.02788687355442699,0.58,0.72,0.01,0.05,0.02257861872451492,0.19542636323133525,-4.247810088017223e-05,-0.0013943436777213497,0.07957323615076414,0.07957323615076414,0.07957323615076414,0.07174167738113085,0.07612500339746475,0.21656816017724864,0.21656816017724864,0.21656816017724864,0.21656816017724864,0.23132737594350603,0.34673914313316345,0.38,1,1.0,0,0,0,0.8376130121133067,0.018999999999999996,nan,0.06495488533879985,0.09419158696272843,0.02923670162392858,13.794844627380371,-3.545109510421753,0.7401550780826222,-0.004383326016333899,-0.11541176718965743
141.2979073524475,1784883298.0362024,0.6702144145965576,5.507469177246094e-05,1.9303381443023682,1.361057996749878,curve_pd,1,1,1,FOLLOW_MAIN,1.0,5.447628762217861,-33.6,-38.92865297330159,-38.92865297330159,-0.23600000000000002,-0.27142550448796565,-0.27142550448796565,0.004247810088017223,0.02788687355442699,0.58,0.72,0.01,0.05,0.02257861872451492,0.19542636323133525,-4.247810088017223e-05,-0.0013943436777213497,0.07957323615076414,0.07957323615076414,0.07957323615076414,0.07178573129609958,0.07612500339746475,0.21656816017724864,0.21656816017724864,0.21656816017724864,0.21656816017724864,0.18228013293175666,0.34673914313316345,0.38,1,1.0,0,0,0,0.8376130121133067,0.018999999999999996,nan,0.06495488533879985,0.09419158696272843,0.02923670162392858,13.794844627380371,-3.545109510421753,0.7401550780826222,-0.004339272101365171,-0.1644590102014068
141.820481300354,1784883298.5587766,1.1927876472473145,0.5226635932922363,8.535385131835938e-05,1.8836662769317627,curve_pd,1,1,1,FOLLOW_MAIN,1.0,5.447628762217861,-33.6,-38.92865297330159,-38.92865297330159,-0.23600000000000002,-0.27142550448796565,-0.27142550448796565,0.004247810088017223,0.02788687355442699,0.58,0.72,0.01,0.05,0.02257861872451492,0.19542636323133525,-4.247810088017223e-05,-0.0013943436777213497,0.07957323615076414,0.07957323615076414,0.07957323615076414,0.07178573129609958,0.057999998331069946,0.21656816017724864,0.21656816017724864,0.21656816017724864,0.21656816017724864,0.18228013293175666,0.37826085090637207,0.38,1,1.0,0,0,0,0.8376130121133067,0.018999999999999996,nan,0.06495488533879985,0.09419158696272843,0.02923670162392858,13.88284683227539,-3.4182424545288086,1.1816179651372705,0.013785732965029635,-0.19598071797461541
142.3162877559662,1784883299.0545828,1.6885943412780762,1.0184352397918701,0.49585676193237305,3.7670135498046875e-05,curve_pd,1,1,1,FOLLOW_MAIN,1.0,5.447628762217861,-33.6,-38.92865297330159,-38.92865297330159,-0.23600000000000002,-0.27142550448796565,-0.27142550448796565,0.004247810088017223,0.02788687355442699,0.58,0.72,0.01,0.05,0.02257861872451492,0.19542636323133525,-4.247810088017223e-05,-0.0013943436777213497,0.07957323615076414,0.07957323615076414,0.07957323615076414,0.07178573129609958,0.057999998331069946,0.21656816017724864,0.21656816017724864,0.21656816017724864,0.21656816017724864,0.18228013293175666,0.37826085090637207,0.38,1,1.0,0,0,0,0.8376130121133067,0.018999999999999996,nan,0.06495488533879985,0.09419158696272843,0.02923670162392858,13.88284683227539,-3.4182424545288086,1.1816179651372705,0.013785732965029635,-0.19598071797461541
142.86311149597168,1784883299.6014078,0.0002586841583251953,1.5652635097503662,1.0426857471466064,0.5468666553497314,curve_pd,1,1,1,FOLLOW_MAIN,1.0,4.9897825839062655,-27.1,-27.55282626316707,-27.55282626316707,-0.191,-0.1941404368649198,-0.1941404368649198,0.011471761472982744,0.07863361690514246,0.58,0.72,0.01,0.05,0.0159806392326369,0.13978111454274225,-0.00011471761472982745,-0.003931680845257124,0.0721828637063475,0.0721828637063475,0.0721828637063475,0.07178573129609958,0.057999998331069946,0.15171535531539218,0.15171535531539218,0.15171535531539218,0.15171535531539218,0.18228013293175666,0.37826085090637207,0.38,1,2.0,0,0,0,0.7598196179615525,-4.2459999999999996,nan,0.061942077222558525,0.08242365019013646,0.020481572967577938,13.88284683227539,-3.4182424545288086,1.1816179651372705,0.013785732965029635,-0.19598071797461541
143.58671188354492,1784883300.3250074,0.7238564491271973,6.437301635742188e-05,1.7662811279296875,1.2704622745513916,curve_pd,1,1,1,FOLLOW_MAIN,1.0,4.9897825839062655,-27.1,-27.55282626316707,-27.55282626316707,-0.191,-0.1941404368649198,-0.1941404368649198,0.011471761472982744,0.07863361690514246,0.58,0.72,0.01,0.05,0.0159806392326369,0.13978111454274225,-0.00011471761472982745,-0.003931680845257124,0.0721828637063475,0.0721828637063475,0.0721828637063475,0.07676208274622631,0.057999998331069946,0.15171535531539218,0.15171535531539218,0.15171535531539218,0.15171535531539218,0.15405534662327994,0.37826085090637207,0.38,1,2.0,0,0,0,0.7598196179615525,-4.2459999999999996,nan,0.061942077222558525,0.08242365019013646,0.020481572967577938,13.88284683227539,-3.4182424545288086,1.1816179651372705,0.018762084415156366,-0.22420550428309213
144.20314621925354,1784883300.9414415,1.3402900695800781,0.6164987087249756,5.221366882324219e-05,1.8868956565856934,curve_pd,1,1,1,FOLLOW_MAIN,1.0,4.9897825839062655,-27.1,-27.55282626316707,-27.55282626316707,-0.191,-0.1941404368649198,-0.1941404368649198,0.011471761472982744,0.07863361690514246,0.58,0.72,0.01,0.05,0.0159806392326369,0.13978111454274225,-0.00011471761472982745,-0.003931680845257124,0.0721828637063475,0.0721828637063475,0.0721828637063475,0.07676208274622631,0.0253749992698431,0.15171535531539218,0.15171535531539218,0.15171535531539218,0.15171535531539218,0.15405534662327994,-0.22065216302871704,0.38,1,2.0,0,0,0,0.7598196179615525,-4.2459999999999996,nan,0.061942077222558525,0.08242365019013646,0.020481572967577938,13.895386695861816,-3.3779308795928955,1.2743867585879642,0.05138708347638321,0.37470750965199695
144.77203702926636,1784883301.510332,1.9091808795928955,1.1853890419006348,0.5689430236816406,4.553794860839844e-05,curve_pd,1,1,1,FOLLOW_MAIN,1.0,4.9897825839062655,-27.1,-27.55282626316707,-27.55282626316707,-0.191,-0.1941404368649198,-0.1941404368649198,0.011471761472982744,0.07863361690514246,0.58,0.72,0.01,0.05,0.0159806392326369,0.13978111454274225,-0.00011471761472982745,-0.003931680845257124,0.0721828637063475,0.0721828637063475,0.0721828637063475,0.07676208274622631,0.0253749992698431,0.15171535531539218,0.15171535531539218,0.15171535531539218,0.15171535531539218,0.15405534662327994,-0.22065216302871704,0.38,1,2.0,0,0,0,0.7598196179615525,-4.2459999999999996,nan,0.061942077222558525,0.08242365019013646,0.020481572967577938,13.895386695861816,-3.3779308795928955,1.2743867585879642,0.05138708347638321,0.37470750965199695
145.30952382087708,1784883302.047819,0.0001010894775390625,1.7228758335113525,1.1064298152923584,0.5375328063964844,mid_pd_tracking,5,1,1,FOLLOW_MAIN,1.0,5.389227186865515,-29.0,-28.407265524829498,-28.407265524829498,-0.209,-0.2033159384281057,-0.2033159384281057,-0.0016321377233484914,-0.019772725041220022,0.42,0.52,0.01,0.05,0.011931051520428388,0.10572428798261496,1.6321377233484916e-05,0.0009886362520610012,0.10667346378088992,0.09747778424448499,0.09747778424448499,0.07676208274622631,0.0253749992698431,0.11866029713233783,0.11866029713233783,0.11866029713233783,0.11866029713233783,0.15405534662327994,-0.22065216302871704,0.24,0,1.0,0,0,0,0.8533877102471193,0.7666416359479286,nan,0.08946821418805218,0.1054873543009178,0.01601914011286562,13.895386695861816,-3.3779308795928955,1.2743867585879642,0.05138708347638321,0.37470750965199695
145.8178105354309,1784883302.5561056,0.5083880424499512,5.173683166503906e-05,1.6147162914276123,1.0458192825317383,mid_pd_tracking,5,1,1,FOLLOW_MAIN,1.0,5.389227186865515,-29.0,-28.407265524829498,-28.407265524829498,-0.209,-0.2033159384281057,-0.2033159384281057,-0.0016321377233484914,-0.019772725041220022,0.42,0.52,0.01,0.05,0.011931051520428388,0.10572428798261496,1.6321377233484916e-05,0.0009886362520610012,0.10667346378088992,0.09747778424448499,0.09747778424448499,0.10667346378088992,0.0253749992698431,0.11866029713233783,0.11866029713233783,0.11866029713233783,0.11866029713233783,0.11866029713233783,-0.22065216302871704,0.24,0,1.0,0,0,0,0.8533877102471193,0.7666416359479286,nan,0.08946821418805218,0.1054873543009178,0.01601914011286562,13.895386695861816,-3.3779308795928955,1.2743867585879642,0.08129846451104682,0.3393124601610549
146.64241099357605,1784883303.3807063,1.33298921585083,0.8246533870697021,8.988380432128906e-05,1.8704211711883545,mid_pd_tracking,5,1,1,FOLLOW_MAIN,1.0,5.389227186865515,-29.0,-28.407265524829498,-28.407265524829498,-0.209,-0.2033159384281057,-0.2033159384281057,-0.0016321377233484914,-0.019772725041220022,0.42,0.52,0.01,0.05,0.011931051520428388,0.10572428798261496,1.6321377233484916e-05,0.0009886362520610012,0.10667346378088992,0.09747778424448499,0.09747778424448499,0.10667346378088992,0.06162499636411667,0.11866029713233783,0.11866029713233783,0.11866029713233783,0.11866029713233783,0.11866029713233783,0.15760868787765503,0.24,0,1.0,0,0,0,0.8533877102471193,0.7666416359479286,nan,0.08946821418805218,0.1054873543009178,0.01601914011286562,13.900094032287598,-3.361109972000122,1.3283833132423606,0.04504846741677325,-0.038948390745317196
147.43093061447144,1784883304.1692257,9.703636169433594e-05,1.6131720542907715,0.7886085510253906,2.6589393615722656,mid_pd_tracking,5,1,1,FOLLOW_MAIN,1.0,5.389227186865515,-29.0,-28.407265524829498,-28.407265524829498,-0.209,-0.2033159384281057,-0.2033159384281057,-0.0016321377233484914,-0.019772725041220022,0.42,0.52,0.01,0.05,0.011931051520428388,0.10572428798261496,1.6321377233484916e-05,0.0009886362520610012,0.10667346378088992,0.10667346378088992,0.10667346378088992,0.10667346378088992,0.06162499636411667,0.11866029713233783,0.11866029713233783,0.11866029713233783,0.11866029713233783,0.11866029713233783,0.15760868787765503,0.24,0,1.0,0,0,0,0.8533877102471193,0.7666416359479286,nan,0.09866389372445711,0.11468303383732273,0.01601914011286562,13.900094032287598,-3.361109972000122,1.3283833132423606,0.04504846741677325,-0.038948390745317196
148.05131816864014,1784883304.789613,0.6204843521118164,3.647804260253906e-05,1.4089953899383545,3.2793262004852295,mid_pd_tracking,5,1,1,FOLLOW_MAIN,1.0,5.389227186865515,-29.0,-28.407265524829498,-28.407265524829498,-0.209,-0.2033159384281057,-0.2033159384281057,-0.0016321377233484914,-0.019772725041220022,0.42,0.52,0.01,0.05,0.011931051520428388,0.10572428798261496,1.6321377233484916e-05,0.0009886362520610012,0.10667346378088992,0.10667346378088992,0.10667346378088992,0.05364547402073226,0.06162499636411667,0.11866029713233783,0.11866029713233783,0.11866029713233783,0.11866029713233783,0.07306933041182546,0.15760868787765503,0.24,0,1.0,0,0,0,0.8533877102471193,0.7666416359479286,nan,0.09866389372445711,0.11468303383732273,0.01601914011286562,13.900094032287598,-3.361109972000122,1.3283833132423606,-0.007979522343384407,-0.08453935746582956
148.66367721557617,1784883305.401972,1.2328436374664307,0.6123960018157959,7.62939453125e-05,3.891685724258423,mid_pd_tracking,5,1,1,FOLLOW_MAIN,1.0,5.389227186865515,-29.0,-28.407265524829498,-28.407265524829498,-0.209,-0.2033159384281057,-0.2033159384281057,-0.0016321377233484914,-0.019772725041220022,0.42,0.52,0.01,0.05,0.011931051520428388,0.10572428798261496,1.6321377233484916e-05,0.0009886362520610012,0.10667346378088992,0.10667346378088992,0.10667346378088992,0.05364547402073226,0.10512499511241913,0.11866029713233783,0.11866029713233783,0.11866029713233783,0.11866029713233783,0.07306933041182546,0.28369566798210144,0.24,0,1.0,0,0,0,0.8533877102471193,0.7666416359479286,nan,0.09866389372445711,0.11468303383732273,0.01601914011286562,13.9187593460083,-3.271188974380493,1.4181249735823431,-0.05147952109168687,-0.210626337570276
149.21587777137756,1784883305.954173,1.785043716430664,1.1645963191986084,0.5522768497467041,3.933906555175781e-05,mid_pd_tracking,5,1,1,FOLLOW_MAIN,1.0,5.389227186865515,-29.0,-28.407265524829498,-28.407265524829498,-0.209,-0.2033159384281057,-0.2033159384281057,-0.0016321377233484914,-0.019772725041220022,0.42,0.52,0.01,0.05,0.011931051520428388,0.10572428798261496,1.6321377233484916e-05,0.0009886362520610012,0.10667346378088992,0.10667346378088992,0.10667346378088992,0.05364547402073226,0.10512499511241913,0.11866029713233783,0.11866029713233783,0.11866029713233783,0.11866029713233783,0.07306933041182546,0.28369566798210144,0.24,0,1.0,0,0,0,0.8533877102471193,0.7666416359479286,nan,0.09866389372445711,0.11468303383732273,0.01601914011286562,13.9187593460083,-3.271188974380493,1.4181249735823431,-0.05147952109168687,-0.210626337570276
149.76282405853271,1784883306.501119,2.3319904804229736,1.7115426063537598,3.504753112792969e-05,0.546985387802124,mid_pd_tracking,5,1,1,FOLLOW_MAIN,1.0,5.389227186865515,-29.0,-28.407265524829498,-28.407265524829498,-0.209,-0.2033159384281057,-0.2033159384281057,-0.0016321377233484914,-0.019772725041220022,0.42,0.52,0.01,0.05,0.011931051520428388,0.10572428798261496,1.6321377233484916e-05,0.0009886362520610012,0.10667346378088992,0.10667346378088992,0.10667346378088992,0.05364547402073226,0.09787500649690628,0.11866029713233783,0.11866029713233783,0.11866029713233783,0.11866029713233783,0.07306933041182546,0.15760868787765503,0.24,0,1.0,0,0,0,0.8533877102471193,0.7666416359479286,nan,0.09866389372445711,0.11468303383732273,0.01601914011286562,13.92005443572998,-3.262772798538208,1.431836965932739,-0.04422953247617402,-0.08453935746582956
150.32083463668823,1784883307.05913,2.8900020122528076,2.2695553302764893,8.273124694824219e-05,1.1049985885620117,mid_pd_tracking,5,1,1,FOLLOW_MAIN,1.0,5.389227186865515,-29.0,-28.407265524829498,-28.407265524829498,-0.209,-0.2033159384281057,-0.2033159384281057,-0.0016321377233484914,-0.019772725041220022,0.42,0.52,0.01,0.05,0.011931051520428388,0.10572428798261496,1.6321377233484916e-05,0.0009886362520610012,0.10667346378088992,0.10667346378088992,0.10667346378088992,0.05364547402073226,0.1014999970793724,0.11866029713233783,0.11866029713233783,0.11866029713233783,0.11866029713233783,0.07306933041182546,-0.06304347515106201,0.24,0,1.0,0,0,0,0.8533877102471193,0.7666416359479286,nan,0.09866389372445711,0.11468303383732273,0.01601914011286562,13.921263694763184,-3.2541279792785645,1.4264152647747235,-0.047854523058640144,0.13611280556288746
150.86739325523376,1784883307.6056883,3.4365592002868652,2.8161115646362305,3.886222839355469e-05,1.6515545845031738,mid_pd_tracking,5,1,1,FOLLOW_MAIN,1.0,5.389227186865515,-29.0,-28.407265524829498,-28.407265524829498,-0.209,-0.2033159384281057,-0.2033159384281057,-0.0016321377233484914,-0.019772725041220022,0.42,0.52,0.01,0.05,0.011931051520428388,0.10572428798261496,1.6321377233484916e-05,0.0009886362520610012,0.10667346378088992,0.10667346378088992,0.10667346378088992,0.05364547402073226,0.11600000411272049,0.11866029713233783,0.11866029713233783,0.11866029713233783,0.11866029713233783,0.07306933041182546,0.12608696520328522,0.24,0,1.0,0,0,0,0.8533877102471193,0.7666416359479286,nan,0.09866389372445711,0.11468303383732273,0.01601914011286562,13.923968315124512,-3.2353668212890625,1.439433824577354,-0.06235453009198823,-0.05301763479145975
151.21913886070251,1784883307.9574337,3.788304328918457,3.1678566932678223,3.981590270996094e-05,2.0032997131347656,mid_pd_tracking,5,1,1,FOLLOW_MAIN,1.0,5.389227186865515,-29.0,-28.407265524829498,-28.407265524829498,-0.209,-0.2033159384281057,-0.2033159384281057,-0.0016321377233484914,-0.019772725041220022,0.42,0.52,0.01,0.05,0.011931051520428388,0.10572428798261496,1.6321377233484916e-05,0.0009886362520610012,0.10667346378088992,0.10667346378088992,0.10667346378088992,0.05364547402073226,0.11237499117851257,0.11866029713233783,0.11866029713233783,0.11866029713233783,0.11866029713233783,0.07306933041182546,0.15760870277881622,0.24,0,1.0,0,0,0,0.8533877102471193,0.7666416359479286,nan,0.09866389372445711,0.11468303383732273,0.01601914011286562,13.926074981689453,-3.218540906906128,1.4649665223652097,-0.05872951715778031,-0.08453937236699076
151.6277153491974,1784883308.3660114,4.196883201599121,3.5764358043670654,0.40861940383911133,2.411879301071167,mid_pd_tracking,5,1,1,FOLLOW_MAIN,1.0,5.389227186865515,-29.0,-28.407265524829498,-28.407265524829498,-0.209,-0.2033159384281057,-0.2033159384281057,-0.0016321377233484914,-0.019772725041220022,0.42,0.52,0.01,0.05,0.011931051520428388,0.10572428798261496,1.6321377233484916e-05,0.0009886362520610012,0.10667346378088992,0.10667346378088992,0.10667346378088992,0.05364547402073226,0.11237499117851257,0.11866029713233783,0.11866029713233783,0.11866029713233783,0.11866029713233783,0.07306933041182546,0.15760870277881622,0.24,0,1.0,0,0,0,0.8533877102471193,0.7666416359479286,nan,0.09866389372445711,0.11468303383732273,0.01601914011286562,13.926074981689453,-3.218540906906128,1.4649665223652097,-0.05872951715778031,-0.08453937236699076
152.05680513381958,1784883308.7951005,4.625971555709839,4.005524396896362,0.8377079963684082,2.840967893600464,mid_pd_tracking,5,1,1,FOLLOW_MAIN,1.0,5.389227186865515,-29.0,-28.407265524829498,-28.407265524829498,-0.209,-0.2033159384281057,-0.2033159384281057,-0.0016321377233484914,-0.019772725041220022,0.42,0.52,0.01,0.05,0.011931051520428388,0.10572428798261496,1.6321377233484916e-05,0.0009886362520610012,0.10667346378088992,0.10667346378088992,0.10667346378088992,0.05364547402073226,0.11237499117851257,0.11866029713233783,0.11866029713233783,0.11866029713233783,0.11866029713233783,0.07306933041182546,0.15760870277881622,0.24,0,1.0,0,0,0,0.8533877102471193,0.7666416359479286,nan,0.09866389372445711,0.11468303383732273,0.01601914011286562,13.926074981689453,-3.218540906906128,1.4649665223652097,-0.05872951715778031,-0.08453937236699076
152.4613471031189,1784883309.1996424,5.030513286590576,4.410065650939941,1.2422490119934082,3.245509147644043,mid_pd_tracking,5,1,1,FOLLOW_MAIN,1.0,5.389227186865515,-29.0,-28.407265524829498,-28.407265524829498,-0.209,-0.2033159384281057,-0.2033159384281057,-0.0016321377233484914,-0.019772725041220022,0.42,0.52,0.01,0.05,0.011931051520428388,0.10572428798261496,1.6321377233484916e-05,0.0009886362520610012,0.10667346378088992,0.10667346378088992,0.10667346378088992,0.05364547402073226,0.11237499117851257,0.11866029713233783,0.11866029713233783,0.11866029713233783,0.11866029713233783,0.07306933041182546,0.15760870277881622,0.24,0,1.0,0,0,0,0.8533877102471193,0.7666416359479286,nan,0.09866389372445711,0.11468303383732273,0.01601914011286562,13.926074981689453,-3.218540906906128,1.4649665223652097,-0.05872951715778031,-0.08453937236699076
152.8340401649475,1784883309.572335,5.40320611000061,4.782758474349976,1.6149423122406006,3.6182022094726562,mid_pd_tracking,5,1,1,FOLLOW_MAIN,1.0,5.389227186865515,-29.0,-28.407265524829498,-28.407265524829498,-0.209,-0.2033159384281057,-0.2033159384281057,-0.0016321377233484914,-0.019772725041220022,0.42,0.52,0.01,0.05,0.011931051520428388,0.10572428798261496,1.6321377233484916e-05,0.0009886362520610012,0.10667346378088992,0.10667346378088992,0.10667346378088992,0.05364547402073226,0.11237499117851257,0.11866029713233783,0.11866029713233783,0.11866029713233783,0.11866029713233783,0.07306933041182546,0.15760870277881622,0.24,0,1.0,0,0,0,0.8533877102471193,0.7666416359479286,nan,0.09866389372445711,0.11468303383732273,0.01601914011286562,13.926074981689453,-3.218540906906128,1.4649665223652097,-0.05872951715778031,-0.08453937236699076
153.27565550804138,1784883310.0139508,5.8448216915130615,5.224374532699585,2.0565578937530518,4.0598180294036865,mid_pd_tracking,5,1,1,FOLLOW_MAIN,1.0,5.389227186865515,-29.0,-28.407265524829498,-28.407265524829498,-0.209,-0.2033159384281057,-0.2033159384281057,-0.0016321377233484914,-0.019772725041220022,0.42,0.52,0.01,0.05,0.011931051520428388,0.10572428798261496,1.6321377233484916e-05,0.0009886362520610012,0.10667346378088992,0.10667346378088992,0.10667346378088992,0.05364547402073226,0.11237499117851257,0.11866029713233783,0.11866029713233783,0.11866029713233783,0.11866029713233783,0.07306933041182546,0.15760870277881622,0.24,0,1.0,0,0,0,0.8533877102471193,0.7666416359479286,nan,0.09866389372445711,0.11468303383732273,0.01601914011286562,13.926074981689453,-3.218540906906128,1.4649665223652097,-0.05872951715778031,-0.08453937236699076
153.70303511619568,1784883310.4413304,6.272202014923096,5.65175461769104,2.483938694000244,4.4871985912323,mid_pd_tracking,5,1,1,FOLLOW_MAIN,1.0,5.389227186865515,-29.0,-28.407265524829498,-28.407265524829498,-0.209,-0.2033159384281057,-0.2033159384281057,-0.0016321377233484914,-0.019772725041220022,0.42,0.52,0.01,0.05,0.011931051520428388,0.10572428798261496,1.6321377233484916e-05,0.0009886362520610012,0.10667346378088992,0.10667346378088992,0.10667346378088992,0.05364547402073226,0.11237499117851257,0.11866029713233783,0.11866029713233783,0.11866029713233783,0.11866029713233783,0.07306933041182546,0.15760870277881622,0.24,0,1.0,0,0,0,0.8533877102471193,0.7666416359479286,nan,0.09866389372445711,0.11468303383732273,0.01601914011286562,13.926074981689453,-3.218540906906128,1.4649665223652097,-0.05872951715778031,-0.08453937236699076
154.10820055007935,1784883310.846496,6.677367210388184,6.056919813156128,2.8891031742095947,4.8923633098602295,mid_pd_tracking,5,1,1,FOLLOW_MAIN,1.0,5.389227186865515,-29.0,-28.407265524829498,-28.407265524829498,-0.209,-0.2033159384281057,-0.2033159384281057,-0.0016321377233484914,-0.019772725041220022,0.42,0.52,0.01,0.05,0.011931051520428388,0.10572428798261496,1.6321377233484916e-05,0.0009886362520610012,0.10667346378088992,0.10667346378088992,0.10667346378088992,0.05364547402073226,0.11237499117851257,0.11866029713233783,0.11866029713233783,0.11866029713233783,0.11866029713233783,0.07306933041182546,0.15760870277881622,0.24,0,1.0,0,0,0,0.8533877102471193,0.7666416359479286,nan,0.09866389372445711,0.11468303383732273,0.01601914011286562,13.926074981689453,-3.218540906906128,1.4649665223652097,-0.05872951715778031,-0.08453937236699076
154.45213627815247,1784883311.1904316,7.021302938461304,6.400855541229248,3.233038902282715,5.23629903793335,mid_pd_tracking,5,1,1,FOLLOW_MAIN,1.0,5.389227186865515,-29.0,-28.407265524829498,-28.407265524829498,-0.209,-0.2033159384281057,-0.2033159384281057,-0.0016321377233484914,-0.019772725041220022,0.42,0.52,0.01,0.05,0.011931051520428388,0.10572428798261496,1.6321377233484916e-05,0.0009886362520610012,0.10667346378088992,0.10667346378088992,0.10667346378088992,0.05364547402073226,0.11237499117851257,0.11866029713233783,0.11866029713233783,0.11866029713233783,0.11866029713233783,0.07306933041182546,0.15760870277881622,0.24,0,1.0,0,0,0,0.8533877102471193,0.7666416359479286,nan,0.09866389372445711,0.11468303383732273,0.01601914011286562,13.926074981689453,-3.218540906906128,1.4649665223652097,-0.05872951715778031,-0.08453937236699076
154.8848385810852,1784883311.6231337,7.454005479812622,6.8335583209991455,3.6657419204711914,5.669001817703247,mid_pd_tracking,5,1,1,FOLLOW_MAIN,1.0,5.389227186865515,-29.0,-28.407265524829498,-28.407265524829498,-0.209,-0.2033159384281057,-0.2033159384281057,-0.0016321377233484914,-0.019772725041220022,0.42,0.52,0.01,0.05,0.011931051520428388,0.10572428798261496,1.6321377233484916e-05,0.0009886362520610012,0.10667346378088992,0.10667346378088992,0.10667346378088992,0.05364547402073226,0.11237499117851257,0.11866029713233783,0.11866029713233783,0.11866029713233783,0.11866029713233783,0.07306933041182546,0.15760870277881622,0.24,0,1.0,0,0,0,0.8533877102471193,0.7666416359479286,nan,0.09866389372445711,0.11468303383732273,0.01601914011286562,13.926074981689453,-3.218540906906128,1.4649665223652097,-0.05872951715778031,-0.08453937236699076
155.22579622268677,1784883311.9640913,7.794962406158447,7.1745147705078125,4.006698131561279,6.009958028793335,mid_pd_tracking,5,1,1,FOLLOW_MAIN,1.0,5.389227186865515,-29.0,-28.407265524829498,-28.407265524829498,-0.209,-0.2033159384281057,-0.2033159384281057,-0.0016321377233484914,-0.019772725041220022,0.42,0.52,0.01,0.05,0.011931051520428388,0.10572428798261496,1.6321377233484916e-05,0.0009886362520610012,0.10667346378088992,0.10667346378088992,0.10667346378088992,0.05364547402073226,0.11237499117851257,0.11866029713233783,0.11866029713233783,0.11866029713233783,0.11866029713233783,0.07306933041182546,0.15760870277881622,0.24,0,1.0,0,0,0,0.8533877102471193,0.7666416359479286,nan,0.09866389372445711,0.11468303383732273,0.01601914011286562,13.926074981689453,-3.218540906906128,1.4649665223652097,-0.05872951715778031,-0.08453937236699076
155.58576917648315,1784883312.324065,0.00014853477478027344,7.534489393234253,4.366672992706299,6.369933605194092,near_center_pd,4,1,1,FOLLOW_MAIN,1.0,8.923675394168056,-13.600000000000001,-9.312731476117703,0.0,-0.097,-0.06669972259641022,-0.06669972259641022,5.483439852576468e-05,-0.12894004923510288,0.2,0.24,0.01,0.05,-0.0,0.01600793342313845,-5.483439852576468e-07,0.006447002461755145,0.15,0.15,0.15,0.05364547402073226,0.11237499117851257,0.022454387540908338,0.022454387540908338,0.022454387540908338,0.022454387540908338,0.07306933041182546,0.15760870277881622,0.065,0,0.0,0,1,0,0.9347983591246911,0.6920192051426037,nan,0.1484843288409887,0.1515156711590113,0.0030313423180226007,13.926074981689453,-3.218540906906128,1.4649665223652097,-0.05872951715778031,-0.08453937236699076
156.03234958648682,1784883312.7706444,0.44672727584838867,2.86102294921875e-05,4.813250780105591,6.8165106773376465,near_center_pd,4,1,1,FOLLOW_MAIN,1.0,8.923675394168056,-13.600000000000001,-9.312731476117703,0.0,-0.097,-0.06669972259641022,-0.06669972259641022,5.483439852576468e-05,-0.12894004923510288,0.2,0.24,0.01,0.05,-0.0,0.01600793342313845,-5.483439852576468e-07,0.006447002461755145,0.15,0.15,0.15,0.15,0.11237499117851257,0.022454387540908338,0.022454387540908338,0.022454387540908338,0.022454387540908338,0.030447676238912487,0.15760870277881622,0.065,0,0.0,0,1,0,0.9347983591246911,0.6920192051426037,nan,0.1484843288409887,0.1515156711590113,0.0030313423180226007,13.926074981689453,-3.218540906906128,1.4649665223652097,0.03762500882148742,-0.12716102653990374
156.37353825569153,1784883313.111833,0.7879159450531006,5.14984130859375e-05,5.154439926147461,7.157699823379517,near_center_pd,4,1,1,FOLLOW_MAIN,1.0,8.923675394168056,-13.600000000000001,-9.312731476117703,0.0,-0.097,-0.06669972259641022,-0.06669972259641022,5.483439852576468e-05,-0.12894004923510288,0.2,0.24,0.01,0.05,-0.0,0.01600793342313845,-5.483439852576468e-07,0.006447002461755145,0.15,0.15,0.15,0.15,0.11237499117851257,0.022454387540908338,0.022454387540908338,0.022454387540908338,0.022454387540908338,0.030447676238912487,0.15760870277881622,0.065,0,0.0,0,1,0,0.9347983591246911,0.6920192051426037,nan,0.1484843288409887,0.1515156711590113,0.0030313423180226007,13.926074981689453,-3.218540906906128,1.4649665223652097,0.03762500882148742,-0.12716102653990374
157.05394577980042,1784883313.7922409,1.4683246612548828,5.4836273193359375e-05,5.834848642349243,7.838108777999878,near_center_pd,4,1,1,FOLLOW_MAIN,1.0,8.923675394168056,-13.600000000000001,-9.312731476117703,0.0,-0.097,-0.06669972259641022,-0.06669972259641022,5.483439852576468e-05,-0.12894004923510288,0.2,0.24,0.01,0.05,-0.0,0.01600793342313845,-5.483439852576468e-07,0.006447002461755145,0.15,0.15,0.15,0.15,0.11237499117851257,0.022454387540908338,0.022454387540908338,0.022454387540908338,0.022454387540908338,0.030447676238912487,0.15760870277881622,0.065,0,0.0,0,1,0,0.9347983591246911,0.6920192051426037,nan,0.1484843288409887,0.1515156711590113,0.0030313423180226007,13.926074981689453,-3.218540906906128,1.4649665223652097,0.03762500882148742,-0.12716102653990374
157.57882642745972,1784883314.3171215,1.993204116821289,0.5249345302581787,4.4345855712890625e-05,8.362987756729126,near_center_pd,4,1,1,FOLLOW_MAIN,1.0,8.923675394168056,-13.600000000000001,-9.312731476117703,0.0,-0.097,-0.06669972259641022,-0.06669972259641022,5.483439852576468e-05,-0.12894004923510288,0.2,0.24,0.01,0.05,-0.0,0.01600793342313845,-5.483439852576468e-07,0.006447002461755145,0.15,0.15,0.15,0.15,0.17037498950958252,0.022454387540908338,0.022454387540908338,0.022454387540908338,0.022454387540908338,0.030447676238912487,0.03152172267436981,0.065,0,0.0,0,1,0,0.9347983591246911,0.6920192051426037,nan,0.1484843288409887,0.1515156711590113,0.0030313423180226007,13.217002868652344,-2.126969337463379,2.3744619371159637,-0.020374989509582525,-0.001074046435457325
158.08503413200378,1784883314.823329,2.4994125366210938,3.0994415283203125e-05,0.5062520503997803,8.869195699691772,near_center_pd,4,1,1,FOLLOW_MAIN,1.0,8.923675394168056,-13.600000000000001,-9.312731476117703,0.0,-0.097,-0.06669972259641022,-0.06669972259641022,5.483439852576468e-05,-0.12894004923510288,0.2,0.24,0.01,0.05,-0.0,0.01600793342313845,-5.483439852576468e-07,0.006447002461755145,0.15,0.15,0.15,0.09499999999999999,0.17037498950958252,0.022454387540908338,0.022454387540908338,0.022454387540908338,0.022454387540908338,0.0,0.03152172267436981,0.065,0,0.0,0,1,0,0.9347983591246911,0.6920192051426037,nan,0.1484843288409887,0.1515156711590113,0.0030313423180226007,13.217002868652344,-2.126969337463379,2.3744619371159637,-0.07537498950958253,-0.03152172267436981
158.52692651748657,1784883315.2652214,2.9413042068481445,0.4419231414794922,4.5299530029296875e-05,9.311087846755981,near_center_pd,4,1,1,FOLLOW_MAIN,1.0,8.923675394168056,-13.600000000000001,-9.312731476117703,0.0,-0.097,-0.06669972259641022,-0.06669972259641022,5.483439852576468e-05,-0.12894004923510288,0.2,0.24,0.01,0.05,-0.0,0.01600793342313845,-5.483439852576468e-07,0.006447002461755145,0.15,0.15,0.15,0.09499999999999999,0.11237499862909317,0.022454387540908338,0.022454387540908338,0.022454387540908338,0.022454387540908338,0.0,-0.03152172267436981,0.065,0,0.0,0,1,0,0.9347983591246911,0.6920192051426037,nan,0.1484843288409887,0.1515156711590113,0.0030313423180226007,13.102874755859375,-2.0204360485076904,2.40894641087284,-0.017374998629093183,0.03152172267436981
158.88549613952637,1784883315.6237915,3.2998745441436768,0.8004932403564453,0.3586156368255615,4.076957702636719e-05,near_center_pd,4,1,1,FOLLOW_MAIN,1.0,8.923675394168056,-13.600000000000001,-9.312731476117703,0.0,-0.097,-0.06669972259641022,-0.06669972259641022,5.483439852576468e-05,-0.12894004923510288,0.2,0.24,0.01,0.05,-0.0,0.01600793342313845,-5.483439852576468e-07,0.006447002461755145,0.15,0.15,0.15,0.09499999999999999,0.11237499862909317,0.022454387540908338,0.022454387540908338,0.022454387540908338,0.022454387540908338,0.0,-0.03152172267436981,0.065,0,0.0,0,1,0,0.9347983591246911,0.6920192051426037,nan,0.1484843288409887,0.1515156711590113,0.0030313423180226007,13.102874755859375,-2.0204360485076904,2.40894641087284,-0.017374998629093183,0.03152172267436981
159.76602339744568,1784883316.5043187,7.700920104980469e-05,1.681020736694336,1.239142894744873,0.8805680274963379,curve_pd,1,1,1,FOLLOW_MAIN,1.0,6.022497702668628,-28.700000000000003,-32.705966101255974,-32.705966101255974,-0.20800000000000002,-0.2305728921146027,-0.2305728921146027,-0.010850299910207988,-0.07876378654947386,0.58,0.72,0.01,0.05,0.018969460338728462,0.16601248232251392,0.00010850299910207988,0.003938189327473693,0.07702524735607555,0.07450176554469425,0.07450176554469425,0.09499999999999999,0.11237499862909317,0.18902863498781816,0.18902863498781816,0.15121659044372487,0.15121659044372487,0.0,-0.03152172267436981,0.38,1,2.0,0,0,0,0.8107920774323741,1.7152676804326676,nan,0.06429464568974282,0.08470888539964568,0.02041423970990286,13.102874755859375,-2.0204360485076904,2.40894641087284,-0.017374998629093183,0.03152172267436981
160.332270860672,1784883317.0705664,0.5663259029388428,9.5367431640625e-05,1.805391550064087,1.4468166828155518,curve_pd,1,1,1,FOLLOW_MAIN,1.0,6.022497702668628,-28.700000000000003,-32.705966101255974,-32.705966101255974,-0.20800000000000002,-0.2305728921146027,-0.2305728921146027,-0.010850299910207988,-0.07876378654947386,0.58,0.72,0.01,0.05,0.018969460338728462,0.16601248232251392,0.00010850299910207988,0.003938189327473693,0.07702524735607555,0.07450176554469425,0.07450176554469425,0.07702524735607555,0.11237499862909317,0.18902863498781816,0.18902863498781816,0.15121659044372487,0.15121659044372487,0.18902863498781816,-0.03152172267436981,0.38,1,2.0,0,0,0,0.8107920774323741,1.7152676804326676,nan,0.06429464568974282,0.08470888539964568,0.02041423970990286,13.102874755859375,-2.0204360485076904,2.40894641087284,-0.03534975127301762,0.22055035766218797
160.90059995651245,1784883317.638895,1.1346535682678223,0.5684230327606201,4.5299530029296875e-05,2.015143871307373,curve_pd,1,1,1,FOLLOW_MAIN,1.0,6.022497702668628,-28.700000000000003,-32.705966101255974,-32.705966101255974,-0.20800000000000002,-0.2305728921146027,-0.2305728921146027,-0.010850299910207988,-0.07876378654947386,0.58,0.72,0.01,0.05,0.018969460338728462,0.16601248232251392,0.00010850299910207988,0.003938189327473693,0.07702524735607555,0.07450176554469425,0.07450176554469425,0.07702524735607555,0.0,0.18902863498781816,0.18902863498781816,0.15121659044372487,0.15121659044372487,0.18902863498781816,0.0,0.38,1,2.0,0,0,0,0.8107920774323741,1.7152676804326676,nan,0.06429464568974282,0.08470888539964568,0.02041423970990286,12.916221618652344,-1.8766095638275146,2.5405497818640197,0.07702524735607555,0.18902863498781816
161.47339034080505,1784883318.2116854,1.7074439525604248,1.1412136554718018,0.5728363990783691,5.173683166503906e-05,curve_pd,1,1,1,FOLLOW_MAIN,1.0,6.022497702668628,-28.700000000000003,-32.705966101255974,-32.705966101255974,-0.20800000000000002,-0.2305728921146027,-0.2305728921146027,-0.010850299910207988,-0.07876378654947386,0.58,0.72,0.01,0.05,0.018969460338728462,0.16601248232251392,0.00010850299910207988,0.003938189327473693,0.07702524735607555,0.07450176554469425,0.07450176554469425,0.07702524735607555,0.0,0.18902863498781816,0.18902863498781816,0.15121659044372487,0.15121659044372487,0.18902863498781816,0.0,0.38,1,2.0,0,0,0,0.8107920774323741,1.7152676804326676,nan,0.06429464568974282,0.08470888539964568,0.02041423970990286,12.916221618652344,-1.8766095638275146,2.5405497818640197,0.07702524735607555,0.18902863498781816
162.02736139297485,1784883318.765657,8.940696716308594e-05,1.6951854228973389,1.1268079280853271,0.554023265838623,curve_pd,1,1,1,FOLLOW_MAIN,1.0,5.160401134126578,-28.6,-28.542577952348342,-28.542577952348342,-0.20600000000000002,-0.204998062810317,-0.204998062810317,0.0015352457941063412,0.012007516530817997,0.58,0.72,0.01,0.05,0.01655469521236204,0.14759860522342821,-1.535245794106341e-05,-0.0006003758265408998,0.07993094785578767,0.07993094785578767,0.07993094785578767,0.07702524735607555,0.0,0.16353757215130826,0.16353757215130826,0.16353757215130826,0.16353757215130826,0.18902863498781816,0.0,0.38,1,2.0,0,0,0,0.8413783984819754,1.1424297813431332,nan,0.06889216173557436,0.09096973397600097,0.022077572240426613,12.916221618652344,-1.8766095638275146,2.5405497818640197,0.07702524735607555,0.18902863498781816
162.57827734947205,1784883319.3165724,0.5510046482086182,4.982948303222656e-05,1.6777234077453613,1.1049387454986572,curve_pd,1,1,1,FOLLOW_MAIN,1.0,5.160401134126578,-28.6,-28.542577952348342,-28.542577952348342,-0.20600000000000002,-0.204998062810317,-0.204998062810317,0.0015352457941063412,0.012007516530817997,0.58,0.72,0.01,0.05,0.01655469521236204,0.14759860522342821,-1.535245794106341e-05,-0.0006003758265408998,0.07993094785578767,0.07993094785578767,0.07993094785578767,0.07546334479468397,0.0,0.16353757215130826,0.16353757215130826,0.16353757215130826,0.16353757215130826,0.15992177343780065,0.0,0.38,1,2.0,0,0,0,0.8413783984819754,1.1424297813431332,nan,0.06889216173557436,0.09096973397600097,0.022077572240426613,12.916221618652344,-1.8766095638275146,2.5405497818640197,0.07546334479468397,0.15992177343780065
163.12186861038208,1784883319.860164,1.0945959091186523,0.5436406135559082,4.506111145019531e-05,1.648529291152954,curve_pd,1,1,1,FOLLOW_MAIN,1.0,5.160401134126578,-28.6,-28.542577952348342,-28.542577952348342,-0.20600000000000002,-0.204998062810317,-0.204998062810317,0.0015352457941063412,0.012007516530817997,0.58,0.72,0.01,0.05,0.01655469521236204,0.14759860522342821,-1.535245794106341e-05,-0.0006003758265408998,0.07993094785578767,0.07993094785578767,0.07993094785578767,0.07546334479468397,0.06525000184774399,0.16353757215130826,0.16353757215130826,0.16353757215130826,0.16353757215130826,0.15992177343780065,0.12608695030212402,0.38,1,2.0,0,0,0,0.8413783984819754,1.1424297813431332,nan,0.06889216173557436,0.09096973397600097,0.022077572240426613,12.755165100097656,-1.8173223733901978,2.998719267001781,0.010213342946939985,0.03383482313567662
163.6627824306488,1784883320.4010775,1.6355094909667969,1.08455491065979,0.540959358215332,5.459785461425781e-05,curve_pd,1,1,1,FOLLOW_MAIN,1.0,5.160401134126578,-28.6,-28.542577952348342,-28.542577952348342,-0.20600000000000002,-0.204998062810317,-0.204998062810317,0.0015352457941063412,0.012007516530817997,0.58,0.72,0.01,0.05,0.01655469521236204,0.14759860522342821,-1.535245794106341e-05,-0.0006003758265408998,0.07993094785578767,0.07993094785578767,0.07993094785578767,0.07546334479468397,0.06525000184774399,0.16353757215130826,0.16353757215130826,0.16353757215130826,0.16353757215130826,0.15992177343780065,0.12608695030212402,0.38,1,2.0,0,0,0,0.8413783984819754,1.1424297813431332,nan,0.06889216173557436,0.09096973397600097,0.022077572240426613,12.755165100097656,-1.8173223733901978,2.998719267001781,0.010213342946939985,0.03383482313567662
164.23747277259827,1784883320.9757679,0.0001289844512939453,1.659245252609253,1.115649700164795,0.574744701385498,control_error_timeout,6,1,1,FOLLOW_MAIN,1.0,8.581497866566952,-17.7,-23.390740898368094,-23.390740898368094,-0.126,-0.16787154835934517,-0.16787154835934517,0.012105486368775046,0.08444282037094489,0.0,0.0,0.01,0.05,0.0,0.0,0.0,0.0,0.0,0.0014863139149242574,0.0014863139149242574,0.07546334479468397,0.06525000184774399,0.0,0.0,0.07809094865754705,0.07809094865754705,0.15992177343780065,0.12608695030212402,0.0,0,0.0,0,0,0,1.0,0.8916920874179634,nan,-0.0037848251194601687,0.0067574529493086835,0.010542278068768852,12.755165100097656,-1.8173223733901978,2.998719267001781,0.010213342946939985,0.03383482313567662
164.9685459136963,1784883321.7068412,0.731203556060791,8.058547973632812e-05,1.8467254638671875,1.3058207035064697,control_error_timeout,6,1,1,FOLLOW_MAIN,1.0,8.581497866566952,-17.7,-23.390740898368094,-23.390740898368094,-0.126,-0.16787154835934517,-0.16787154835934517,0.012105486368775046,0.08444282037094489,0.0,0.0,0.01,0.05,0.0,0.0,0.0,0.0,0.0,0.0014863139149242574,0.0014863139149242574,0.00699842687491081,0.06525000184774399,0.0,0.0,0.07809094865754705,0.07809094865754705,0.0928111315159254,0.12608695030212402,0.0,0,0.0,0,0,0,1.0,0.8916920874179634,nan,-0.0037848251194601687,0.0067574529493086835,0.010542278068768852,12.755165100097656,-1.8173223733901978,2.998719267001781,-0.058251574972833176,-0.03327581878619862
165.6720621585846,1784883322.410357,1.4347178936004639,0.7035946846008301,7.557868957519531e-05,2.009333372116089,control_error_timeout,6,1,1,FOLLOW_MAIN,1.0,8.581497866566952,-17.7,-23.390740898368094,-23.390740898368094,-0.126,-0.16787154835934517,-0.16787154835934517,0.012105486368775046,0.08444282037094489,0.0,0.0,0.01,0.05,0.0,0.0,0.0,0.0,0.0,0.0014863139149242574,0.0014863139149242574,0.00699842687491081,0.06162499636411667,0.0,0.0,0.07809094865754705,0.07809094865754705,0.0928111315159254,0.031521737575531006,0.0,0,0.0,0,0,0,1.0,0.8916920874179634,nan,-0.0037848251194601687,0.0067574529493086835,0.010542278068768852,12.691804885864258,-1.8122066259384155,-3.1413574218844653,-0.054626569489205856,0.0612893939403944
166.32892680168152,1784883323.067222,2.091583013534546,1.360459804534912,0.6569411754608154,5.888938903808594e-05,control_error_timeout,6,1,1,FOLLOW_MAIN,1.0,8.581497866566952,-17.7,-23.390740898368094,-23.390740898368094,-0.126,-0.16787154835934517,-0.16787154835934517,0.012105486368775046,0.08444282037094489,0.0,0.0,0.01,0.05,0.0,0.0,0.0,0.0,0.0,0.0014863139149242574,0.0014863139149242574,0.00699842687491081,0.06162499636411667,0.0,0.0,0.07809094865754705,0.07809094865754705,0.0928111315159254,0.031521737575531006,0.0,0,0.0,0,0,0,1.0,0.8916920874179634,nan,-0.0037848251194601687,0.0067574529493086835,0.010542278068768852,12.691804885864258,-1.8122066259384155,-3.1413574218844653,-0.054626569489205856,0.0612893939403944
167.1429090499878,1784883323.8812044,0.00010728836059570312,2.1744422912597656,1.4709231853485107,0.8140406608581543,near_center_pd,4,1,1,FOLLOW_MAIN,1.0,7.0598503224565725,-7.6000000000000005,-10.654216936154638,0.0,-0.055,-0.07656276938108691,-0.07656276938108691,0.02227650998902709,0.06803832248848872,0.2,0.24,0.01,0.05,-0.0,0.018375064651460857,-0.0002227650998902709,-0.003401916124424436,0.15,0.02942892175982706,0.02942892175982706,0.00699842687491081,0.06162499636411667,0.014750383427146152,0.014750383427146152,0.014750383427146152,0.014750383427146152,0.0928111315159254,0.031521737575531006,0.065,0,0.0,0,1,0,0.9419418034260597,0.29269460290865384,nan,0.028433270878494694,0.030424572641159425,0.001991301762664731,12.691804885864258,-1.8122066259384155,-3.1413574218844653,-0.054626569489205856,0.0612893939403944
167.75895309448242,1784883324.4972486,0.6161515712738037,6.031990051269531e-05,2.086967945098877,1.4300858974456787,near_center_pd,4,1,1,FOLLOW_MAIN,1.0,7.0598503224565725,-7.6000000000000005,-10.654216936154638,0.0,-0.055,-0.07656276938108691,-0.07656276938108691,0.02227650998902709,0.06803832248848872,0.2,0.24,0.01,0.05,-0.0,0.018375064651460857,-0.0002227650998902709,-0.003401916124424436,0.15,0.02942892175982706,0.02942892175982706,0.013059833600127605,0.06162499636411667,0.014750383427146152,0.014750383427146152,0.014750383427146152,0.014750383427146152,0.0,0.031521737575531006,0.065,0,0.0,0,1,0,0.9419418034260597,0.29269460290865384,nan,0.028433270878494694,0.030424572641159425,0.001991301762664731,12.691804885864258,-1.8122066259384155,-3.1413574218844653,-0.04856516276398906,-0.031521737575531006
168.38597011566162,1784883325.124265,1.2431674003601074,0.6270759105682373,3.814697265625e-05,2.057100772857666,near_center_pd,4,1,1,FOLLOW_MAIN,1.0,7.0598503224565725,-7.6000000000000005,-10.654216936154638,0.0,-0.055,-0.07656276938108691,-0.07656276938108691,0.02227650998902709,0.06803832248848872,0.2,0.24,0.01,0.05,-0.0,0.018375064651460857,-0.0002227650998902709,-0.003401916124424436,0.15,0.02942892175982706,0.02942892175982706,0.013059833600127605,0.0,0.014750383427146152,0.014750383427146152,0.014750383427146152,0.014750383427146152,0.0,0.0,0.065,0,0.0,0,1,0,0.9419418034260597,0.29269460290865384,nan,0.028433270878494694,0.030424572641159425,0.001991301762664731,12.599201202392578,-1.821908712387085,-2.943999782715811,0.013059833600127605,0.0
168.9768443107605,1784883325.7151396,1.8340427875518799,1.217951774597168,0.5909144878387451,9.965896606445312e-05,near_center_pd,4,1,1,FOLLOW_MAIN,1.0,7.0598503224565725,-7.6000000000000005,-10.654216936154638,0.0,-0.055,-0.07656276938108691,-0.07656276938108691,0.02227650998902709,0.06803832248848872,0.2,0.24,0.01,0.05,-0.0,0.018375064651460857,-0.0002227650998902709,-0.003401916124424436,0.15,0.02942892175982706,0.02942892175982706,0.013059833600127605,0.0,0.014750383427146152,0.014750383427146152,0.014750383427146152,0.014750383427146152,0.0,0.0,0.065,0,0.0,0,1,0,0.9419418034260597,0.29269460290865384,nan,0.028433270878494694,0.030424572641159425,0.001991301762664731,12.599201202392578,-1.821908712387085,-2.943999782715811,0.013059833600127605,0.0
169.5479154586792,1784883326.2862108,9.179115295410156e-05,1.7890219688415527,1.1619844436645508,0.5711698532104492,center_cruise,3,1,1,FOLLOW_MAIN,1.0,6.139886257800766,-5.9,-5.895601727473328,0.0,-0.042,-0.04196993847182955,-0.04196993847182955,2.3037258381218563e-06,-0.004055704739511637,0.0,0.0,0.01,0.05,0.0,0.0,0.0,0.0,0.165,0.09228369248006493,0.09228369248006493,0.013059833600127605,0.0,0.0,0.0,0.0,0.0,0.0,0.0,0.012,0,0.0,1,1,0,0.9572926925285543,0.4695915173896716,nan,0.09228369248006493,0.09228369248006493,0.0,12.599201202392578,-1.821908712387085,-2.943999782715811,0.013059833600127605,0.0
170.19572567939758,1784883326.9340212,0.6479020118713379,5.269050598144531e-05,1.8097949028015137,1.218980073928833,center_cruise,3,1,1,FOLLOW_MAIN,1.0,6.139886257800766,-5.9,-5.895601727473328,0.0,-0.042,-0.04196993847182955,-0.04196993847182955,2.3037258381218563e-06,-0.004055704739511637,0.0,0.0,0.01,0.05,0.0,0.0,0.0,0.0,0.165,0.09228369248006493,0.09228369248006493,0.15628018751996572,0.0,0.0,0.0,0.0,0.0,0.0,0.0,0.012,0,0.0,1,1,0,0.9572926925285543,0.4695915173896716,nan,0.09228369248006493,0.09228369248006493,0.0,12.599201202392578,-1.821908712387085,-2.943999782715811,0.15628018751996572,0.0
170.80429434776306,1784883327.5425894,1.256469964981079,0.6086206436157227,3.814697265625e-05,1.8275480270385742,center_cruise,3,1,1,FOLLOW_MAIN,1.0,6.139886257800766,-5.9,-5.895601727473328,0.0,-0.042,-0.04196993847182955,-0.04196993847182955,2.3037258381218563e-06,-0.004055704739511637,0.0,0.0,0.01,0.05,0.0,0.0,0.0,0.0,0.165,0.09228369248006493,0.09228369248006493,0.15628018751996572,0.16312500834465027,0.0,0.0,0.0,0.0,0.0,-0.03152172267436981,0.012,0,0.0,1,1,0,0.9572926925285543,0.4695915173896716,nan,0.09228369248006493,0.09228369248006493,0.0,12.474851608276367,-1.843639850616455,-2.973000043882434,-0.006844820824684544,0.03152172267436981
171.35735845565796,1784883328.0956542,1.8095355033874512,1.1616864204406738,0.5531048774719238,7.224082946777344e-05,center_cruise,3,1,1,FOLLOW_MAIN,1.0,6.139886257800766,-5.9,-5.895601727473328,0.0,-0.042,-0.04196993847182955,-0.04196993847182955,2.3037258381218563e-06,-0.004055704739511637,0.0,0.0,0.01,0.05,0.0,0.0,0.0,0.0,0.165,0.09228369248006493,0.09228369248006493,0.15628018751996572,0.16312500834465027,0.0,0.0,0.0,0.0,0.0,-0.03152172267436981,0.012,0,0.0,1,1,0,0.9572926925285543,0.4695915173896716,nan,0.09228369248006493,0.09228369248006493,0.0,12.474851608276367,-1.843639850616455,-2.973000043882434,-0.006844820824684544,0.03152172267436981
171.91547799110413,1784883328.653773,6.341934204101562e-05,1.719803810119629,1.1112220287322998,0.5581891536712646,near_center_pd,4,1,1,FOLLOW_MAIN,1.0,4.169777875077703,-8.8,-8.324675797324359,0.0,-0.063,-0.0595065788300288,-0.0595065788300288,5.69046481075479e-10,-0.006810137620756551,0.2,0.24,0.01,0.05,-0.0,0.014281578919206912,-5.69046481075479e-12,0.00034050688103782757,0.13343289200248648,0.12504389750597106,0.12504389750597106,0.15628018751996572,0.16312500834465027,0.014622085794554273,0.014622085794554273,0.014622085794554273,0.014622085794554273,0.0,-0.03152172267436981,0.065,0,0.0,0,1,0,0.9610251207789254,0.034252534006582395,nan,0.12405690671483864,0.12603088829710346,0.0019739815822648193,12.474851608276367,-1.843639850616455,-2.973000043882434,-0.006844820824684544,0.03152172267436981
172.4799084663391,1784883329.218204,0.5644950866699219,7.081031799316406e-05,1.6756541728973389,1.122621774673462,near_center_pd,4,1,1,FOLLOW_MAIN,1.0,4.169777875077703,-8.8,-8.324675797324359,0.0,-0.063,-0.0595065788300288,-0.0595065788300288,5.69046481075479e-10,-0.006810137620756551,0.2,0.24,0.01,0.05,-0.0,0.014281578919206912,-5.69046481075479e-12,0.00034050688103782757,0.13343289200248648,0.12504389750597106,0.12504389750597106,0.12862209163849606,0.16312500834465027,0.014622085794554273,0.014622085794554273,0.014622085794554273,0.014622085794554273,0.015460614189971965,-0.03152172267436981,0.065,0,0.0,0,1,0,0.9610251207789254,0.034252534006582395,nan,0.12405690671483864,0.12603088829710346,0.0019739815822648193,12.474851608276367,-1.843639850616455,-2.973000043882434,-0.03450291670615421,0.04698233686434178
173.02734184265137,1784883329.765637,1.1119277477264404,0.5475034713745117,5.7220458984375e-05,1.670053482055664,near_center_pd,4,1,1,FOLLOW_MAIN,1.0,4.169777875077703,-8.8,-8.324675797324359,0.0,-0.063,-0.0595065788300288,-0.0595065788300288,5.69046481075479e-10,-0.006810137620756551,0.2,0.24,0.01,0.05,-0.0,0.014281578919206912,-5.69046481075479e-12,0.00034050688103782757,0.13343289200248648,0.12504389750597106,0.12504389750597106,0.12862209163849606,0.12325000762939453,0.014622085794554273,0.014622085794554273,0.014622085794554273,0.014622085794554273,0.015460614189971965,0.0630435049533844,0.065,0,0.0,0,1,0,0.9610251207789254,0.034252534006582395,nan,0.12405690671483864,0.12603088829710346,0.0019739815822648193,12.259159088134766,-1.8794326782226562,-2.966222518675809,0.005372084009101524,-0.04758289076341243
173.5946352481842,1784883330.3329303,1.6792209148406982,1.1147966384887695,0.5673503875732422,5.7220458984375e-05,near_center_pd,4,1,1,FOLLOW_MAIN,1.0,4.169777875077703,-8.8,-8.324675797324359,0.0,-0.063,-0.0595065788300288,-0.0595065788300288,5.69046481075479e-10,-0.006810137620756551,0.2,0.24,0.01,0.05,-0.0,0.014281578919206912,-5.69046481075479e-12,0.00034050688103782757,0.13343289200248648,0.12504389750597106,0.12504389750597106,0.12862209163849606,0.12325000762939453,0.014622085794554273,0.014622085794554273,0.014622085794554273,0.014622085794554273,0.015460614189971965,0.0630435049533844,0.065,0,0.0,0,1,0,0.9610251207789254,0.034252534006582395,nan,0.12405690671483864,0.12603088829710346,0.0019739815822648193,12.259159088134766,-1.8794326782226562,-2.966222518675809,0.005372084009101524,-0.04758289076341243
174.11696219444275,1784883330.8552573,4.7206878662109375e-05,1.6371235847473145,1.089677095413208,0.5223836898803711,near_center_pd,4,1,1,FOLLOW_MAIN,1.0,5.037105065357312,-11.600000000000001,-10.438269770500709,0.0,-0.084,-0.0750567335640387,-0.0750567335640387,3.7162263703928406e-11,-0.023279670536143694,0.2,0.24,0.01,0.05,-0.0,0.01801361605536929,-3.7162263703928407e-13,0.0011639835268071848,0.15,0.15,0.15,0.12862209163849606,0.12325000762939453,0.01917759958180485,0.01917759958180485,0.01917759958180485,0.01917759958180485,0.015460614189971965,0.0630435049533844,0.065,0,0.0,0,1,0,0.9477084677010715,-0.14629586413356344,nan,0.14870551202822815,0.15129448797177183,0.002588975943543681,12.259159088134766,-1.8794326782226562,-2.966222518675809,0.005372084009101524,-0.04758289076341243
174.81124019622803,1784883331.549536,0.6943280696868896,9.989738464355469e-05,1.7839593887329102,1.2166666984558105,near_center_pd,4,1,1,FOLLOW_MAIN,1.0,5.037105065357312,-11.600000000000001,-10.438269770500709,0.0,-0.084,-0.0750567335640387,-0.0750567335640387,3.7162263703928406e-11,-0.023279670536143694,0.2,0.24,0.01,0.05,-0.0,0.01801361605536929,-3.7162263703928407e-13,0.0011639835268071848,0.15,0.15,0.15,0.0,0.12325000762939453,0.01917759958180485,0.01917759958180485,0.01917759958180485,0.01917759958180485,0.0,0.0630435049533844,0.065,0,0.0,0,1,0,0.9477084677010715,-0.14629586413356344,nan,0.14870551202822815,0.15129448797177183,0.002588975943543681,12.259159088134766,-1.8794326782226562,-2.966222518675809,-0.12325000762939453,-0.0630435049533844
175.53629636764526,1784883332.2745914,1.4193816184997559,0.7251529693603516,7.2479248046875e-05,1.941718339920044,near_center_pd,4,1,1,FOLLOW_MAIN,1.0,5.037105065357312,-11.600000000000001,-10.438269770500709,0.0,-0.084,-0.0750567335640387,-0.0750567335640387,3.7162263703928406e-11,-0.023279670536143694,0.2,0.24,0.01,0.05,-0.0,0.01801361605536929,-3.7162263703928407e-13,0.0011639835268071848,0.15,0.15,0.15,0.0,0.0,0.01917759958180485,0.01917759958180485,0.01917759958180485,0.01917759958180485,0.0,0.0,0.065,0,0.0,0,1,0,0.9477084677010715,-0.14629586413356344,nan,0.14870551202822815,0.15129448797177183,0.002588975943543681,12.129549026489258,-1.9029464721679688,-2.920452847923938,0.0,0.0
176.33800625801086,1784883333.076301,2.2210910320281982,1.526862382888794,0.8017826080322266,7.009506225585938e-05,near_center_pd,4,1,1,FOLLOW_MAIN,1.0,5.037105065357312,-11.600000000000001,-10.438269770500709,0.0,-0.084,-0.0750567335640387,-0.0750567335640387,3.7162263703928406e-11,-0.023279670536143694,0.2,0.24,0.01,0.05,-0.0,0.01801361605536929,-3.7162263703928407e-13,0.0011639835268071848,0.15,0.15,0.15,0.0,0.0,0.01917759958180485,0.01917759958180485,0.01917759958180485,0.01917759958180485,0.0,0.0,0.065,0,0.0,0,1,0,0.9477084677010715,-0.14629586413356344,nan,0.14870551202822815,0.15129448797177183,0.002588975943543681,12.129549026489258,-1.9029464721679688,-2.920452847923938,0.0,0.0
176.8140857219696,1784883333.552381,2.6971707344055176,2.002941846847534,6.246566772460938e-05,0.4761486053466797,near_center_pd,4,1,1,FOLLOW_MAIN,1.0,5.037105065357312,-11.600000000000001,-10.438269770500709,0.0,-0.084,-0.0750567335640387,-0.0750567335640387,3.7162263703928406e-11,-0.023279670536143694,0.2,0.24,0.01,0.05,-0.0,0.01801361605536929,-3.7162263703928407e-13,0.0011639835268071848,0.15,0.15,0.15,0.0,0.0,0.01917759958180485,0.01917759958180485,0.01917759958180485,0.01917759958180485,0.0,0.0,0.065,0,0.0,0,1,0,0.9477084677010715,-0.14629586413356344,nan,0.14870551202822815,0.15129448797177183,0.002588975943543681,12.129549026489258,-1.9029464721679688,-2.920452847923938,0.0,0.0
177.40190029144287,1784883334.1401951,3.284984827041626,2.5907559394836426,3.886222839355469e-05,1.063962459564209,near_center_pd,4,1,1,FOLLOW_MAIN,1.0,5.037105065357312,-11.600000000000001,-10.438269770500709,0.0,-0.084,-0.0750567335640387,-0.0750567335640387,3.7162263703928406e-11,-0.023279670536143694,0.2,0.24,0.01,0.05,-0.0,0.01801361605536929,-3.7162263703928407e-13,0.0011639835268071848,0.15,0.15,0.15,0.0,0.0,0.01917759958180485,0.01917759958180485,0.01917759958180485,0.01917759958180485,0.0,0.0,0.065,0,0.0,0,1,0,0.9477084677010715,-0.14629586413356344,nan,0.14870551202822815,0.15129448797177183,0.002588975943543681,12.129549026489258,-1.9029464721679688,-2.920452847923938,0.0,0.0
178.34801602363586,1784883335.0863116,4.231101751327515,3.5368733406066895,0.9461565017700195,9.322166442871094e-05,near_center_pd,4,1,1,FOLLOW_MAIN,1.0,5.037105065357312,-11.600000000000001,-10.438269770500709,0.0,-0.084,-0.0750567335640387,-0.0750567335640387,3.7162263703928406e-11,-0.023279670536143694,0.2,0.24,0.01,0.05,-0.0,0.01801361605536929,-3.7162263703928407e-13,0.0011639835268071848,0.15,0.15,0.15,0.0,0.0,0.01917759958180485,0.01917759958180485,0.01917759958180485,0.01917759958180485,0.0,0.0,0.065,0,0.0,0,1,0,0.9477084677010715,-0.14629586413356344,nan,0.14870551202822815,0.15129448797177183,0.002588975943543681,12.129549026489258,-1.9029464721679688,-2.920452847923938,0.0,0.0
179.00430488586426,1784883335.7425997,4.887389659881592,4.1931610107421875,4.935264587402344e-05,0.6563806533813477,near_center_pd,4,1,1,FOLLOW_MAIN,1.0,5.037105065357312,-11.600000000000001,-10.438269770500709,0.0,-0.084,-0.0750567335640387,-0.0750567335640387,3.7162263703928406e-11,-0.023279670536143694,0.2,0.24,0.01,0.05,-0.0,0.01801361605536929,-3.7162263703928407e-13,0.0011639835268071848,0.15,0.15,0.15,0.0,0.0,0.01917759958180485,0.01917759958180485,0.01917759958180485,0.01917759958180485,0.0,0.0,0.065,0,0.0,0,1,0,0.9477084677010715,-0.14629586413356344,nan,0.14870551202822815,0.15129448797177183,0.002588975943543681,12.129549026489258,-1.9029464721679688,-2.920452847923938,0.0,0.0
179.8044683933258,1784883336.5427637,5.687554359436035,4.993325710296631,0.8002140522003174,6.771087646484375e-05,near_center_pd,4,1,1,FOLLOW_MAIN,1.0,5.037105065357312,-11.600000000000001,-10.438269770500709,0.0,-0.084,-0.0750567335640387,-0.0750567335640387,3.7162263703928406e-11,-0.023279670536143694,0.2,0.24,0.01,0.05,-0.0,0.01801361605536929,-3.7162263703928407e-13,0.0011639835268071848,0.15,0.15,0.15,0.0,0.0,0.01917759958180485,0.01917759958180485,0.01917759958180485,0.01917759958180485,0.0,0.0,0.065,0,0.0,0,1,0,0.9477084677010715,-0.14629586413356344,nan,0.14870551202822815,0.15129448797177183,0.002588975943543681,12.129549026489258,-1.9029464721679688,-2.920452847923938,0.0,0.0
180.64371275901794,1784883337.3820078,6.526797294616699,5.832568645477295,4.57763671875e-05,0.8393099308013916,near_center_pd,4,1,1,FOLLOW_MAIN,1.0,5.037105065357312,-11.600000000000001,-10.438269770500709,0.0,-0.084,-0.0750567335640387,-0.0750567335640387,3.7162263703928406e-11,-0.023279670536143694,0.2,0.24,0.01,0.05,-0.0,0.01801361605536929,-3.7162263703928407e-13,0.0011639835268071848,0.15,0.15,0.15,0.0,0.0,0.01917759958180485,0.01917759958180485,0.01917759958180485,0.01917759958180485,0.0,0.0,0.065,0,0.0,0,1,0,0.9477084677010715,-0.14629586413356344,nan,0.14870551202822815,0.15129448797177183,0.002588975943543681,12.129549026489258,-1.9029464721679688,-2.920452847923938,0.0,0.0
181.17091989517212,1784883337.909215,7.054004430770874,6.359775543212891,0.5272524356842041,3.552436828613281e-05,near_center_pd,4,1,1,FOLLOW_MAIN,1.0,5.037105065357312,-11.600000000000001,-10.438269770500709,0.0,-0.084,-0.0750567335640387,-0.0750567335640387,3.7162263703928406e-11,-0.023279670536143694,0.2,0.24,0.01,0.05,-0.0,0.01801361605536929,-3.7162263703928407e-13,0.0011639835268071848,0.15,0.15,0.15,0.0,0.0,0.01917759958180485,0.01917759958180485,0.01917759958180485,0.01917759958180485,0.0,0.0,0.065,0,0.0,0,1,0,0.9477084677010715,-0.14629586413356344,nan,0.14870551202822815,0.15129448797177183,0.002588975943543681,12.129549026489258,-1.9029464721679688,-2.920452847923938,0.0,0.0
181.55884099006653,1784883338.297136,7.441926002502441,6.747697114944458,4.1484832763671875e-05,0.3879570960998535,near_center_pd,4,1,1,FOLLOW_MAIN,1.0,5.037105065357312,-11.600000000000001,-10.438269770500709,0.0,-0.084,-0.0750567335640387,-0.0750567335640387,3.7162263703928406e-11,-0.023279670536143694,0.2,0.24,0.01,0.05,-0.0,0.01801361605536929,-3.7162263703928407e-13,0.0011639835268071848,0.15,0.15,0.15,0.0,0.0,0.01917759958180485,0.01917759958180485,0.01917759958180485,0.01917759958180485,0.0,0.0,0.065,0,0.0,0,1,0,0.9477084677010715,-0.14629586413356344,nan,0.14870551202822815,0.15129448797177183,0.002588975943543681,12.129549026489258,-1.9029464721679688,-2.920452847923938,0.0,0.0
181.93438172340393,1784883338.6726766,7.817466497421265,7.123237609863281,0.375582218170166,4.863739013671875e-05,near_center_pd,4,1,1,FOLLOW_MAIN,1.0,5.037105065357312,-11.600000000000001,-10.438269770500709,0.0,-0.084,-0.0750567335640387,-0.0750567335640387,3.7162263703928406e-11,-0.023279670536143694,0.2,0.24,0.01,0.05,-0.0,0.01801361605536929,-3.7162263703928407e-13,0.0011639835268071848,0.15,0.15,0.15,0.0,0.0,0.01917759958180485,0.01917759958180485,0.01917759958180485,0.01917759958180485,0.0,0.0,0.065,0,0.0,0,1,0,0.9477084677010715,-0.14629586413356344,nan,0.14870551202822815,0.15129448797177183,0.002588975943543681,12.129549026489258,-1.9029464721679688,-2.920452847923938,0.0,0.0
182.29782390594482,1784883339.0361187,8.180908679962158,7.486679553985596,3.314018249511719e-05,0.36349058151245117,near_center_pd,4,1,1,FOLLOW_MAIN,1.0,5.037105065357312,-11.600000000000001,-10.438269770500709,0.0,-0.084,-0.0750567335640387,-0.0750567335640387,3.7162263703928406e-11,-0.023279670536143694,0.2,0.24,0.01,0.05,-0.0,0.01801361605536929,-3.7162263703928407e-13,0.0011639835268071848,0.15,0.15,0.15,0.0,0.0,0.01917759958180485,0.01917759958180485,0.01917759958180485,0.01917759958180485,0.0,0.0,0.065,0,0.0,0,1,0,0.9477084677010715,-0.14629586413356344,nan,0.14870551202822815,0.15129448797177183,0.002588975943543681,12.129549026489258,-1.9029464721679688,-2.920452847923938,0.0,0.0
182.78607201576233,1784883339.524367,8.669156789779663,7.974928140640259,0.4882819652557373,4.839897155761719e-05,near_center_pd,4,1,1,FOLLOW_MAIN,1.0,5.037105065357312,-11.600000000000001,-10.438269770500709,0.0,-0.084,-0.0750567335640387,-0.0750567335640387,3.7162263703928406e-11,-0.023279670536143694,0.2,0.24,0.01,0.05,-0.0,0.01801361605536929,-3.7162263703928407e-13,0.0011639835268071848,0.15,0.15,0.15,0.0,0.0,0.01917759958180485,0.01917759958180485,0.01917759958180485,0.01917759958180485,0.0,0.0,0.065,0,0.0,0,1,0,0.9477084677010715,-0.14629586413356344,nan,0.14870551202822815,0.15129448797177183,0.002588975943543681,12.129549026489258,-1.9029464721679688,-2.920452847923938,0.0,0.0
183.15688729286194,1784883339.8951824,9.039971828460693,8.34574294090271,3.719329833984375e-05,0.3708627223968506,near_center_pd,4,1,1,FOLLOW_MAIN,1.0,5.037105065357312,-11.600000000000001,-10.438269770500709,0.0,-0.084,-0.0750567335640387,-0.0750567335640387,3.7162263703928406e-11,-0.023279670536143694,0.2,0.24,0.01,0.05,-0.0,0.01801361605536929,-3.7162263703928407e-13,0.0011639835268071848,0.15,0.15,0.15,0.0,0.0,0.01917759958180485,0.01917759958180485,0.01917759958180485,0.01917759958180485,0.0,0.0,0.065,0,0.0,0,1,0,0.9477084677010715,-0.14629586413356344,nan,0.14870551202822815,0.15129448797177183,0.002588975943543681,12.129549026489258,-1.9029464721679688,-2.920452847923938,0.0,0.0
183.631000995636,1784883340.3692958,9.514085292816162,8.819856882095337,0.4741513729095459,3.3855438232421875e-05,near_center_pd,4,1,1,FOLLOW_MAIN,1.0,5.037105065357312,-11.600000000000001,-10.438269770500709,0.0,-0.084,-0.0750567335640387,-0.0750567335640387,3.7162263703928406e-11,-0.023279670536143694,0.2,0.24,0.01,0.05,-0.0,0.01801361605536929,-3.7162263703928407e-13,0.0011639835268071848,0.15,0.15,0.15,0.0,0.0,0.01917759958180485,0.01917759958180485,0.01917759958180485,0.01917759958180485,0.0,0.0,0.065,0,0.0,0,1,0,0.9477084677010715,-0.14629586413356344,nan,0.14870551202822815,0.15129448797177183,0.002588975943543681,12.129549026489258,-1.9029464721679688,-2.920452847923938,0.0,0.0
183.96340990066528,1784883340.7017047,9.846494197845459,9.152265310287476,3.886222839355469e-05,0.332442045211792,near_center_pd,4,1,1,FOLLOW_MAIN,1.0,5.037105065357312,-11.600000000000001,-10.438269770500709,0.0,-0.084,-0.0750567335640387,-0.0750567335640387,3.7162263703928406e-11,-0.023279670536143694,0.2,0.24,0.01,0.05,-0.0,0.01801361605536929,-3.7162263703928407e-13,0.0011639835268071848,0.15,0.15,0.15,0.0,0.0,0.01917759958180485,0.01917759958180485,0.01917759958180485,0.01917759958180485,0.0,0.0,0.065,0,0.0,0,1,0,0.9477084677010715,-0.14629586413356344,nan,0.14870551202822815,0.15129448797177183,0.002588975943543681,12.129549026489258,-1.9029464721679688,-2.920452847923938,0.0,0.0
184.66423654556274,1784883341.4025316,10.547321557998657,9.853092670440674,5.5789947509765625e-05,0.6974067687988281,near_center_pd,4,1,1,FOLLOW_MAIN,1.0,5.037105065357312,-11.600000000000001,-10.438269770500709,0.0,-0.084,-0.0750567335640387,-0.0750567335640387,3.7162263703928406e-11,-0.023279670536143694,0.2,0.24,0.01,0.05,-0.0,0.01801361605536929,-3.7162263703928407e-13,0.0011639835268071848,0.15,0.15,0.15,0.0,0.0,0.01917759958180485,0.01917759958180485,0.01917759958180485,0.01917759958180485,0.0,0.0,0.065,0,0.0,0,1,0,0.9477084677010715,-0.14629586413356344,nan,0.14870551202822815,0.15129448797177183,0.002588975943543681,12.129549026489258,-1.9029464721679688,-2.920452847923938,0.0,0.0
185.39191579818726,1784883342.1302114,11.275001525878906,10.580773115158081,0.7277367115020752,8.654594421386719e-05,near_center_pd,4,1,1,FOLLOW_MAIN,1.0,5.037105065357312,-11.600000000000001,-10.438269770500709,0.0,-0.084,-0.0750567335640387,-0.0750567335640387,3.7162263703928406e-11,-0.023279670536143694,0.2,0.24,0.01,0.05,-0.0,0.01801361605536929,-3.7162263703928407e-13,0.0011639835268071848,0.15,0.15,0.15,0.0,0.0,0.01917759958180485,0.01917759958180485,0.01917759958180485,0.01917759958180485,0.0,0.0,0.065,0,0.0,0,1,0,0.9477084677010715,-0.14629586413356344,nan,0.14870551202822815,0.15129448797177183,0.002588975943543681,12.129549026489258,-1.9029464721679688,-2.920452847923938,0.0,0.0
186.02674555778503,1784883342.7650404,11.90982985496521,11.215601205825806,3.790855407714844e-05,0.6349143981933594,near_center_pd,4,1,1,FOLLOW_MAIN,1.0,5.037105065357312,-11.600000000000001,-10.438269770500709,0.0,-0.084,-0.0750567335640387,-0.0750567335640387,3.7162263703928406e-11,-0.023279670536143694,0.2,0.24,0.01,0.05,-0.0,0.01801361605536929,-3.7162263703928407e-13,0.0011639835268071848,0.15,0.15,0.15,0.0,0.0,0.01917759958180485,0.01917759958180485,0.01917759958180485,0.01917759958180485,0.0,0.0,0.065,0,0.0,0,1,0,0.9477084677010715,-0.14629586413356344,nan,0.14870551202822815,0.15129448797177183,0.002588975943543681,12.129549026489258,-1.9029464721679688,-2.920452847923938,0.0,0.0
186.34584641456604,1784883343.0841415,12.228930950164795,11.534702062606812,0.319138765335083,3.337860107421875e-05,near_center_pd,4,1,1,FOLLOW_MAIN,1.0,5.037105065357312,-11.600000000000001,-10.438269770500709,0.0,-0.084,-0.0750567335640387,-0.0750567335640387,3.7162263703928406e-11,-0.023279670536143694,0.2,0.24,0.01,0.05,-0.0,0.01801361605536929,-3.7162263703928407e-13,0.0011639835268071848,0.15,0.15,0.15,0.0,0.0,0.01917759958180485,0.01917759958180485,0.01917759958180485,0.01917759958180485,0.0,0.0,0.065,0,0.0,0,1,0,0.9477084677010715,-0.14629586413356344,nan,0.14870551202822815,0.15129448797177183,0.002588975943543681,12.129549026489258,-1.9029464721679688,-2.920452847923938,0.0,0.0
186.70048666000366,1784883343.4387815,12.583570957183838,11.889342069625854,3.314018249511719e-05,0.3546731472015381,near_center_pd,4,1,1,FOLLOW_MAIN,1.0,5.037105065357312,-11.600000000000001,-10.438269770500709,0.0,-0.084,-0.0750567335640387,-0.0750567335640387,3.7162263703928406e-11,-0.023279670536143694,0.2,0.24,0.01,0.05,-0.0,0.01801361605536929,-3.7162263703928407e-13,0.0011639835268071848,0.15,0.15,0.15,0.0,0.0,0.01917759958180485,0.01917759958180485,0.01917759958180485,0.01917759958180485,0.0,0.0,0.065,0,0.0,0,1,0,0.9477084677010715,-0.14629586413356344,nan,0.14870551202822815,0.15129448797177183,0.002588975943543681,12.129549026489258,-1.9029464721679688,-2.920452847923938,0.0,0.0
187.48970341682434,1784883344.2279985,13.372788429260254,12.678560018539429,0.7892518043518066,6.270408630371094e-05,near_center_pd,4,1,1,FOLLOW_MAIN,1.0,5.037105065357312,-11.600000000000001,-10.438269770500709,0.0,-0.084,-0.0750567335640387,-0.0750567335640387,3.7162263703928406e-11,-0.023279670536143694,0.2,0.24,0.01,0.05,-0.0,0.01801361605536929,-3.7162263703928407e-13,0.0011639835268071848,0.15,0.15,0.15,0.0,0.0,0.01917759958180485,0.01917759958180485,0.01917759958180485,0.01917759958180485,0.0,0.0,0.065,0,0.0,0,1,0,0.9477084677010715,-0.14629586413356344,nan,0.14870551202822815,0.15129448797177183,0.002588975943543681,12.129549026489258,-1.9029464721679688,-2.920452847923938,0.0,0.0
188.058171749115,1784883344.7964666,13.941256284713745,13.247027397155762,3.170967102050781e-05,0.5685293674468994,near_center_pd,4,1,1,FOLLOW_MAIN,1.0,5.037105065357312,-11.600000000000001,-10.438269770500709,0.0,-0.084,-0.0750567335640387,-0.0750567335640387,3.7162263703928406e-11,-0.023279670536143694,0.2,0.24,0.01,0.05,-0.0,0.01801361605536929,-3.7162263703928407e-13,0.0011639835268071848,0.15,0.15,0.15,0.0,0.0,0.01917759958180485,0.01917759958180485,0.01917759958180485,0.01917759958180485,0.0,0.0,0.065,0,0.0,0,1,0,0.9477084677010715,-0.14629586413356344,nan,0.14870551202822815,0.15129448797177183,0.002588975943543681,12.129549026489258,-1.9029464721679688,-2.920452847923938,0.0,0.0
188.39476680755615,1784883345.133062,14.277851343154907,13.583622217178345,0.3366270065307617,3.600120544433594e-05,near_center_pd,4,1,1,FOLLOW_MAIN,1.0,5.037105065357312,-11.600000000000001,-10.438269770500709,0.0,-0.084,-0.0750567335640387,-0.0750567335640387,3.7162263703928406e-11,-0.023279670536143694,0.2,0.24,0.01,0.05,-0.0,0.01801361605536929,-3.7162263703928407e-13,0.0011639835268071848,0.15,0.15,0.15,0.0,0.0,0.01917759958180485,0.01917759958180485,0.01917759958180485,0.01917759958180485,0.0,0.0,0.065,0,0.0,0,1,0,0.9477084677010715,-0.14629586413356344,nan,0.14870551202822815,0.15129448797177183,0.002588975943543681,12.129549026489258,-1.9029464721679688,-2.920452847923938,0.0,0.0
188.71599745750427,1784883345.4542923,14.599081993103027,13.904853105545044,3.218650817871094e-05,0.32126712799072266,near_center_pd,4,1,1,FOLLOW_MAIN,1.0,5.037105065357312,-11.600000000000001,-10.438269770500709,0.0,-0.084,-0.0750567335640387,-0.0750567335640387,3.7162263703928406e-11,-0.023279670536143694,0.2,0.24,0.01,0.05,-0.0,0.01801361605536929,-3.7162263703928407e-13,0.0011639835268071848,0.15,0.15,0.15,0.0,0.0,0.01917759958180485,0.01917759958180485,0.01917759958180485,0.01917759958180485,0.0,0.0,0.065,0,0.0,0,1,0,0.9477084677010715,-0.14629586413356344,nan,0.14870551202822815,0.15129448797177183,0.002588975943543681,12.129549026489258,-1.9029464721679688,-2.920452847923938,0.0,0.0
189.19238543510437,1784883345.9306803,15.075470209121704,14.38124132156372,3.552436828613281e-05,0.4730045795440674,near_center_pd,4,1,1,FOLLOW_MAIN,1.0,5.037105065357312,-11.600000000000001,-10.438269770500709,0.0,-0.084,-0.0750567335640387,-0.0750567335640387,3.7162263703928406e-11,-0.023279670536143694,0.2,0.24,0.01,0.05,-0.0,0.01801361605536929,-3.7162263703928407e-13,0.0011639835268071848,0.15,0.15,0.15,0.0,0.0,0.01917759958180485,0.01917759958180485,0.01917759958180485,0.01917759958180485,0.0,0.0,0.065,0,0.0,0,1,0,0.9477084677010715,-0.14629586413356344,nan,0.14870551202822815,0.15129448797177183,0.002588975943543681,12.129549026489258,-1.9029464721679688,-2.920452847923938,0.0,0.0
189.51213431358337,1784883346.2504294,15.39521861076355,14.700989961624146,0.31978440284729004,5.984306335449219e-05,near_center_pd,4,1,1,FOLLOW_MAIN,1.0,5.037105065357312,-11.600000000000001,-10.438269770500709,0.0,-0.084,-0.0750567335640387,-0.0750567335640387,3.7162263703928406e-11,-0.023279670536143694,0.2,0.24,0.01,0.05,-0.0,0.01801361605536929,-3.7162263703928407e-13,0.0011639835268071848,0.15,0.15,0.15,0.0,0.0,0.01917759958180485,0.01917759958180485,0.01917759958180485,0.01917759958180485,0.0,0.0,0.065,0,0.0,0,1,0,0.9477084677010715,-0.14629586413356344,nan,0.14870551202822815,0.15129448797177183,0.002588975943543681,12.129549026489258,-1.9029464721679688,-2.920452847923938,0.0,0.0
190.08830189704895,1784883346.8265975,15.971387386322021,15.277158737182617,6.866455078125e-05,0.5762290954589844,near_center_pd,4,1,1,FOLLOW_MAIN,1.0,5.037105065357312,-11.600000000000001,-10.438269770500709,0.0,-0.084,-0.0750567335640387,-0.0750567335640387,3.7162263703928406e-11,-0.023279670536143694,0.2,0.24,0.01,0.05,-0.0,0.01801361605536929,-3.7162263703928407e-13,0.0011639835268071848,0.15,0.15,0.15,0.0,0.0,0.01917759958180485,0.01917759958180485,0.01917759958180485,0.01917759958180485,0.0,0.0,0.065,0,0.0,0,1,0,0.9477084677010715,-0.14629586413356344,nan,0.14870551202822815,0.15129448797177183,0.002588975943543681,12.129549026489258,-1.9029464721679688,-2.920452847923938,0.0,0.0
190.66604018211365,1784883347.404335,16.54912543296814,15.854897022247314,0.5778067111968994,5.5789947509765625e-05,near_center_pd,4,1,1,FOLLOW_MAIN,1.0,5.037105065357312,-11.600000000000001,-10.438269770500709,0.0,-0.084,-0.0750567335640387,-0.0750567335640387,3.7162263703928406e-11,-0.023279670536143694,0.2,0.24,0.01,0.05,-0.0,0.01801361605536929,-3.7162263703928407e-13,0.0011639835268071848,0.15,0.15,0.15,0.0,0.0,0.01917759958180485,0.01917759958180485,0.01917759958180485,0.01917759958180485,0.0,0.0,0.065,0,0.0,0,1,0,0.9477084677010715,-0.14629586413356344,nan,0.14870551202822815,0.15129448797177183,0.002588975943543681,12.129549026489258,-1.9029464721679688,-2.920452847923938,0.0,0.0
191.48453521728516,1784883348.2228303,17.367620706558228,16.673391819000244,9.298324584960938e-05,0.8185508251190186,near_center_pd,4,1,1,FOLLOW_MAIN,1.0,5.037105065357312,-11.600000000000001,-10.438269770500709,0.0,-0.084,-0.0750567335640387,-0.0750567335640387,3.7162263703928406e-11,-0.023279670536143694,0.2,0.24,0.01,0.05,-0.0,0.01801361605536929,-3.7162263703928407e-13,0.0011639835268071848,0.15,0.15,0.15,0.0,0.0,0.01917759958180485,0.01917759958180485,0.01917759958180485,0.01917759958180485,0.0,0.0,0.065,0,0.0,0,1,0,0.9477084677010715,-0.14629586413356344,nan,0.14870551202822815,0.15129448797177183,0.002588975943543681,12.129549026489258,-1.9029464721679688,-2.920452847923938,0.0,0.0
192.0444803237915,1784883348.782776,17.92756724357605,17.233338832855225,0.0001366138458251953,1.3784983158111572,near_center_pd,4,1,1,FOLLOW_MAIN,1.0,5.037105065357312,-11.600000000000001,-10.438269770500709,0.0,-0.084,-0.0750567335640387,-0.0750567335640387,3.7162263703928406e-11,-0.023279670536143694,0.2,0.24,0.01,0.05,-0.0,0.01801361605536929,-3.7162263703928407e-13,0.0011639835268071848,0.15,0.15,0.15,0.0,0.0,0.01917759958180485,0.01917759958180485,0.01917759958180485,0.01917759958180485,0.0,0.0,0.065,0,0.0,0,1,0,0.9477084677010715,-0.14629586413356344,nan,0.14870551202822815,0.15129448797177183,0.002588975943543681,12.129549026489258,-1.9029464721679688,-2.920452847923938,0.0,0.0
193.00667309761047,1784883349.7449687,18.889760732650757,18.19553303718567,0.9623312950134277,0.000133514404296875,near_center_pd,4,1,1,FOLLOW_MAIN,1.0,5.037105065357312,-11.600000000000001,-10.438269770500709,0.0,-0.084,-0.0750567335640387,-0.0750567335640387,3.7162263703928406e-11,-0.023279670536143694,0.2,0.24,0.01,0.05,-0.0,0.01801361605536929,-3.7162263703928407e-13,0.0011639835268071848,0.15,0.15,0.15,0.0,0.0,0.01917759958180485,0.01917759958180485,0.01917759958180485,0.01917759958180485,0.0,0.0,0.065,0,0.0,0,1,0,0.9477084677010715,-0.14629586413356344,nan,0.14870551202822815,0.15129448797177183,0.002588975943543681,12.129549026489258,-1.9029464721679688,-2.920452847923938,0.0,0.0
193.51062393188477,1784883350.2489195,19.393710136413574,18.699481964111328,0.00015735626220703125,0.5040819644927979,near_center_pd,4,1,1,FOLLOW_MAIN,1.0,5.037105065357312,-11.600000000000001,-10.438269770500709,0.0,-0.084,-0.0750567335640387,-0.0750567335640387,3.7162263703928406e-11,-0.023279670536143694,0.2,0.24,0.01,0.05,-0.0,0.01801361605536929,-3.7162263703928407e-13,0.0011639835268071848,0.15,0.15,0.15,0.0,0.0,0.01917759958180485,0.01917759958180485,0.01917759958180485,0.01917759958180485,0.0,0.0,0.065,0,0.0,0,1,0,0.9477084677010715,-0.14629586413356344,nan,0.14870551202822815,0.15129448797177183,0.002588975943543681,12.129549026489258,-1.9029464721679688,-2.920452847923938,0.0,0.0
193.95808029174805,1784883350.696376,19.841166734695435,19.14693856239319,0.4476144313812256,9.012222290039062e-05,near_center_pd,4,1,1,FOLLOW_MAIN,1.0,5.037105065357312,-11.600000000000001,-10.438269770500709,0.0,-0.084,-0.0750567335640387,-0.0750567335640387,3.7162263703928406e-11,-0.023279670536143694,0.2,0.24,0.01,0.05,-0.0,0.01801361605536929,-3.7162263703928407e-13,0.0011639835268071848,0.15,0.15,0.15,0.0,0.0,0.01917759958180485,0.01917759958180485,0.01917759958180485,0.01917759958180485,0.0,0.0,0.065,0,0.0,0,1,0,0.9477084677010715,-0.14629586413356344,nan,0.14870551202822815,0.15129448797177183,0.002588975943543681,12.129549026489258,-1.9029464721679688,-2.920452847923938,0.0,0.0
194.43141889572144,1784883351.1697137,20.31450343132019,19.620274543762207,3.790855407714844e-05,0.47342491149902344,near_center_pd,4,1,1,FOLLOW_MAIN,1.0,5.037105065357312,-11.600000000000001,-10.438269770500709,0.0,-0.084,-0.0750567335640387,-0.0750567335640387,3.7162263703928406e-11,-0.023279670536143694,0.2,0.24,0.01,0.05,-0.0,0.01801361605536929,-3.7162263703928407e-13,0.0011639835268071848,0.15,0.15,0.15,0.0,0.0,0.01917759958180485,0.01917759958180485,0.01917759958180485,0.01917759958180485,0.0,0.0,0.065,0,0.0,0,1,0,0.9477084677010715,-0.14629586413356344,nan,0.14870551202822815,0.15129448797177183,0.002588975943543681,12.129549026489258,-1.9029464721679688,-2.920452847923938,0.0,0.0
194.8094825744629,1784883351.5477788,20.692569732666016,19.99834179878235,0.37810587882995605,0.00012493133544921875,near_center_pd,4,1,1,FOLLOW_MAIN,1.0,5.037105065357312,-11.600000000000001,-10.438269770500709,0.0,-0.084,-0.0750567335640387,-0.0750567335640387,3.7162263703928406e-11,-0.023279670536143694,0.2,0.24,0.01,0.05,-0.0,0.01801361605536929,-3.7162263703928407e-13,0.0011639835268071848,0.15,0.15,0.15,0.0,0.0,0.01917759958180485,0.01917759958180485,0.01917759958180485,0.01917759958180485,0.0,0.0,0.065,0,0.0,0,1,0,0.9477084677010715,-0.14629586413356344,nan,0.14870551202822815,0.15129448797177183,0.002588975943543681,12.129549026489258,-1.9029464721679688,-2.920452847923938,0.0,0.0
195.71448016166687,1784883352.4527752,21.597565174102783,20.90333652496338,6.532669067382812e-05,0.9051060676574707,near_center_pd,4,1,1,FOLLOW_MAIN,1.0,5.037105065357312,-11.600000000000001,-10.438269770500709,0.0,-0.084,-0.0750567335640387,-0.0750567335640387,3.7162263703928406e-11,-0.023279670536143694,0.2,0.24,0.01,0.05,-0.0,0.01801361605536929,-3.7162263703928407e-13,0.0011639835268071848,0.15,0.15,0.15,0.0,0.0,0.01917759958180485,0.01917759958180485,0.01917759958180485,0.01917759958180485,0.0,0.0,0.065,0,0.0,0,1,0,0.9477084677010715,-0.14629586413356344,nan,0.14870551202822815,0.15129448797177183,0.002588975943543681,12.129549026489258,-1.9029464721679688,-2.920452847923938,0.0,0.0
196.32467126846313,1784883353.0629673,22.207759380340576,21.51353120803833,0.6102607250213623,0.0001666545867919922,near_center_pd,4,1,1,FOLLOW_MAIN,1.0,5.037105065357312,-11.600000000000001,-10.438269770500709,0.0,-0.084,-0.0750567335640387,-0.0750567335640387,3.7162263703928406e-11,-0.023279670536143694,0.2,0.24,0.01,0.05,-0.0,0.01801361605536929,-3.7162263703928407e-13,0.0011639835268071848,0.15,0.15,0.15,0.0,0.0,0.01917759958180485,0.01917759958180485,0.01917759958180485,0.01917759958180485,0.0,0.0,0.065,0,0.0,0,1,0,0.9477084677010715,-0.14629586413356344,nan,0.14870551202822815,0.15129448797177183,0.002588975943543681,12.129549026489258,-1.9029464721679688,-2.920452847923938,0.0,0.0
197.20201110839844,1784883353.9403064,23.08509588241577,22.390867471694946,4.601478576660156e-05,0.8775010108947754,near_center_pd,4,1,1,FOLLOW_MAIN,1.0,5.037105065357312,-11.600000000000001,-10.438269770500709,0.0,-0.084,-0.0750567335640387,-0.0750567335640387,3.7162263703928406e-11,-0.023279670536143694,0.2,0.24,0.01,0.05,-0.0,0.01801361605536929,-3.7162263703928407e-13,0.0011639835268071848,0.15,0.15,0.15,0.0,0.0,0.01917759958180485,0.01917759958180485,0.01917759958180485,0.01917759958180485,0.0,0.0,0.065,0,0.0,0,1,0,0.9477084677010715,-0.14629586413356344,nan,0.14870551202822815,0.15129448797177183,0.002588975943543681,12.129549026489258,-1.9029464721679688,-2.920452847923938,0.0,0.0
198.04285645484924,1784883354.7811515,23.925940990447998,23.231712341308594,0.8408911228179932,4.649162292480469e-05,near_center_pd,4,1,1,FOLLOW_MAIN,1.0,5.037105065357312,-11.600000000000001,-10.438269770500709,0.0,-0.084,-0.0750567335640387,-0.0750567335640387,3.7162263703928406e-11,-0.023279670536143694,0.2,0.24,0.01,0.05,-0.0,0.01801361605536929,-3.7162263703928407e-13,0.0011639835268071848,0.15,0.15,0.15,0.0,0.0,0.01917759958180485,0.01917759958180485,0.01917759958180485,0.01917759958180485,0.0,0.0,0.065,0,0.0,0,1,0,0.9477084677010715,-0.14629586413356344,nan,0.14870551202822815,0.15129448797177183,0.002588975943543681,12.129549026489258,-1.9029464721679688,-2.920452847923938,0.0,0.0
198.66773319244385,1784883355.4060283,24.55081796646118,23.856589317321777,9.393692016601562e-05,0.6249227523803711,near_center_pd,4,1,1,FOLLOW_MAIN,1.0,5.037105065357312,-11.600000000000001,-10.438269770500709,0.0,-0.084,-0.0750567335640387,-0.0750567335640387,3.7162263703928406e-11,-0.023279670536143694,0.2,0.24,0.01,0.05,-0.0,0.01801361605536929,-3.7162263703928407e-13,0.0011639835268071848,0.15,0.15,0.15,0.0,0.0,0.01917759958180485,0.01917759958180485,0.01917759958180485,0.01917759958180485,0.0,0.0,0.065,0,0.0,0,1,0,0.9477084677010715,-0.14629586413356344,nan,0.14870551202822815,0.15129448797177183,0.002588975943543681,12.129549026489258,-1.9029464721679688,-2.920452847923938,0.0,0.0
199.2079336643219,1784883355.9462287,25.091018199920654,24.39678931236267,0.5402944087982178,3.814697265625e-05,near_center_pd,4,1,1,FOLLOW_MAIN,1.0,5.037105065357312,-11.600000000000001,-10.438269770500709,0.0,-0.084,-0.0750567335640387,-0.0750567335640387,3.7162263703928406e-11,-0.023279670536143694,0.2,0.24,0.01,0.05,-0.0,0.01801361605536929,-3.7162263703928407e-13,0.0011639835268071848,0.15,0.15,0.15,0.0,0.0,0.01917759958180485,0.01917759958180485,0.01917759958180485,0.01917759958180485,0.0,0.0,0.065,0,0.0,0,1,0,0.9477084677010715,-0.14629586413356344,nan,0.14870551202822815,0.15129448797177183,0.002588975943543681,12.129549026489258,-1.9029464721679688,-2.920452847923938,0.0,0.0
199.90565705299377,1784883356.6439526,25.788742542266846,25.09451413154602,0.0001373291015625,0.6977627277374268,near_center_pd,4,1,1,FOLLOW_MAIN,1.0,5.037105065357312,-11.600000000000001,-10.438269770500709,0.0,-0.084,-0.0750567335640387,-0.0750567335640387,3.7162263703928406e-11,-0.023279670536143694,0.2,0.24,0.01,0.05,-0.0,0.01801361605536929,-3.7162263703928407e-13,0.0011639835268071848,0.15,0.15,0.15,0.0,0.0,0.01917759958180485,0.01917759958180485,0.01917759958180485,0.01917759958180485,0.0,0.0,0.065,0,0.0,0,1,0,0.9477084677010715,-0.14629586413356344,nan,0.14870551202822815,0.15129448797177183,0.002588975943543681,12.129549026489258,-1.9029464721679688,-2.920452847923938,0.0,0.0
200.50156021118164,1784883357.2398562,26.384647607803345,25.6904194355011,0.596045732498169,0.0001246929168701172,near_center_pd,4,1,1,FOLLOW_MAIN,1.0,5.037105065357312,-11.600000000000001,-10.438269770500709,0.0,-0.084,-0.0750567335640387,-0.0750567335640387,3.7162263703928406e-11,-0.023279670536143694,0.2,0.24,0.01,0.05,-0.0,0.01801361605536929,-3.7162263703928407e-13,0.0011639835268071848,0.15,0.15,0.15,0.0,0.0,0.01917759958180485,0.01917759958180485,0.01917759958180485,0.01917759958180485,0.0,0.0,0.065,0,0.0,0,1,0,0.9477084677010715,-0.14629586413356344,nan,0.14870551202822815,0.15129448797177183,0.002588975943543681,12.129549026489258,-1.9029464721679688,-2.920452847923938,0.0,0.0
200.98576378822327,1784883357.7240589,26.86884832382202,26.174619436264038,0.00010728836059570312,0.48432135581970215,near_center_pd,4,1,1,FOLLOW_MAIN,1.0,5.037105065357312,-11.600000000000001,-10.438269770500709,0.0,-0.084,-0.0750567335640387,-0.0750567335640387,3.7162263703928406e-11,-0.023279670536143694,0.2,0.24,0.01,0.05,-0.0,0.01801361605536929,-3.7162263703928407e-13,0.0011639835268071848,0.15,0.15,0.15,0.0,0.0,0.01917759958180485,0.01917759958180485,0.01917759958180485,0.01917759958180485,0.0,0.0,0.065,0,0.0,0,1,0,0.9477084677010715,-0.14629586413356344,nan,0.14870551202822815,0.15129448797177183,0.002588975943543681,12.129549026489258,-1.9029464721679688,-2.920452847923938,0.0,0.0
201.41718435287476,1784883358.1554792,27.30026912689209,26.606040239334106,0.43152809143066406,3.8623809814453125e-05,near_center_pd,4,1,1,FOLLOW_MAIN,1.0,5.037105065357312,-11.600000000000001,-10.438269770500709,0.0,-0.084,-0.0750567335640387,-0.0750567335640387,3.7162263703928406e-11,-0.023279670536143694,0.2,0.24,0.01,0.05,-0.0,0.01801361605536929,-3.7162263703928407e-13,0.0011639835268071848,0.15,0.15,0.15,0.0,0.0,0.01917759958180485,0.01917759958180485,0.01917759958180485,0.01917759958180485,0.0,0.0,0.065,0,0.0,0,1,0,0.9477084677010715,-0.14629586413356344,nan,0.14870551202822815,0.15129448797177183,0.002588975943543681,12.129549026489258,-1.9029464721679688,-2.920452847923938,0.0,0.0
201.97769713401794,1784883358.7159922,27.86078190803528,27.166553258895874,3.552436828613281e-05,0.5605514049530029,near_center_pd,4,1,1,FOLLOW_MAIN,1.0,5.037105065357312,-11.600000000000001,-10.438269770500709,0.0,-0.084,-0.0750567335640387,-0.0750567335640387,3.7162263703928406e-11,-0.023279670536143694,0.2,0.24,0.01,0.05,-0.0,0.01801361605536929,-3.7162263703928407e-13,0.0011639835268071848,0.15,0.15,0.15,0.0,0.0,0.01917759958180485,0.01917759958180485,0.01917759958180485,0.01917759958180485,0.0,0.0,0.065,0,0.0,0,1,0,0.9477084677010715,-0.14629586413356344,nan,0.14870551202822815,0.15129448797177183,0.002588975943543681,12.129549026489258,-1.9029464721679688,-2.920452847923938,0.0,0.0
202.3991186618805,1784883359.1374137,28.282203197479248,27.587974309921265,0.42145681381225586,3.337860107421875e-05,near_center_pd,4,1,1,FOLLOW_MAIN,1.0,5.037105065357312,-11.600000000000001,-10.438269770500709,0.0,-0.084,-0.0750567335640387,-0.0750567335640387,3.7162263703928406e-11,-0.023279670536143694,0.2,0.24,0.01,0.05,-0.0,0.01801361605536929,-3.7162263703928407e-13,0.0011639835268071848,0.15,0.15,0.15,0.0,0.0,0.01917759958180485,0.01917759958180485,0.01917759958180485,0.01917759958180485,0.0,0.0,0.065,0,0.0,0,1,0,0.9477084677010715,-0.14629586413356344,nan,0.14870551202822815,0.15129448797177183,0.002588975943543681,12.129549026489258,-1.9029464721679688,-2.920452847923938,0.0,0.0
202.85399270057678,1784883359.5922875,28.737076997756958,28.042848110198975,3.4332275390625e-05,0.454906702041626,near_center_pd,4,1,1,FOLLOW_MAIN,1.0,5.037105065357312,-11.600000000000001,-10.438269770500709,0.0,-0.084,-0.0750567335640387,-0.0750567335640387,3.7162263703928406e-11,-0.023279670536143694,0.2,0.24,0.01,0.05,-0.0,0.01801361605536929,-3.7162263703928407e-13,0.0011639835268071848,0.15,0.15,0.15,0.0,0.0,0.01917759958180485,0.01917759958180485,0.01917759958180485,0.01917759958180485,0.0,0.0,0.065,0,0.0,0,1,0,0.9477084677010715,-0.14629586413356344,nan,0.14870551202822815,0.15129448797177183,0.002588975943543681,12.129549026489258,-1.9029464721679688,-2.920452847923938,0.0,0.0
203.20990014076233,1784883359.948195,29.092984914779663,28.39875602722168,0.3559424877166748,4.1484832763671875e-05,near_center_pd,4,1,1,FOLLOW_MAIN,1.0,5.037105065357312,-11.600000000000001,-10.438269770500709,0.0,-0.084,-0.0750567335640387,-0.0750567335640387,3.7162263703928406e-11,-0.023279670536143694,0.2,0.24,0.01,0.05,-0.0,0.01801361605536929,-3.7162263703928407e-13,0.0011639835268071848,0.15,0.15,0.15,0.0,0.0,0.01917759958180485,0.01917759958180485,0.01917759958180485,0.01917759958180485,0.0,0.0,0.065,0,0.0,0,1,0,0.9477084677010715,-0.14629586413356344,nan,0.14870551202822815,0.15129448797177183,0.002588975943543681,12.129549026489258,-1.9029464721679688,-2.920452847923938,0.0,0.0
203.5559961795807,1784883360.2942913,29.439080715179443,28.74485158920288,3.3855438232421875e-05,0.34613704681396484,near_center_pd,4,1,1,FOLLOW_MAIN,1.0,5.037105065357312,-11.600000000000001,-10.438269770500709,0.0,-0.084,-0.0750567335640387,-0.0750567335640387,3.7162263703928406e-11,-0.023279670536143694,0.2,0.24,0.01,0.05,-0.0,0.01801361605536929,-3.7162263703928407e-13,0.0011639835268071848,0.15,0.15,0.15,0.0,0.0,0.01917759958180485,0.01917759958180485,0.01917759958180485,0.01917759958180485,0.0,0.0,0.065,0,0.0,0,1,0,0.9477084677010715,-0.14629586413356344,nan,0.14870551202822815,0.15129448797177183,0.002588975943543681,12.129549026489258,-1.9029464721679688,-2.920452847923938,0.0,0.0
203.88927793502808,1784883360.6275728,29.772362232208252,29.07813310623169,3.0994415283203125e-05,0.6794183254241943,near_center_pd,4,1,1,FOLLOW_MAIN,1.0,5.037105065357312,-11.600000000000001,-10.438269770500709,0.0,-0.084,-0.0750567335640387,-0.0750567335640387,3.7162263703928406e-11,-0.023279670536143694,0.2,0.24,0.01,0.05,-0.0,0.01801361605536929,-3.7162263703928407e-13,0.0011639835268071848,0.15,0.15,0.15,0.0,0.0,0.01917759958180485,0.01917759958180485,0.01917759958180485,0.01917759958180485,0.0,0.0,0.065,0,0.0,0,1,0,0.9477084677010715,-0.14629586413356344,nan,0.14870551202822815,0.15129448797177183,0.002588975943543681,12.129549026489258,-1.9029464721679688,-2.920452847923938,0.0,0.0
204.2236843109131,1784883360.9619796,30.106769323349,29.412540674209595,4.1484832763671875e-05,0.33099913597106934,near_center_pd,4,1,1,FOLLOW_MAIN,1.0,5.037105065357312,-11.600000000000001,-10.438269770500709,0.0,-0.084,-0.0750567335640387,-0.0750567335640387,3.7162263703928406e-11,-0.023279670536143694,0.2,0.24,0.01,0.05,-0.0,0.01801361605536929,-3.7162263703928407e-13,0.0011639835268071848,0.15,0.15,0.15,0.0,0.0,0.01917759958180485,0.01917759958180485,0.01917759958180485,0.01917759958180485,0.0,0.0,0.065,0,0.0,0,1,0,0.9477084677010715,-0.14629586413356344,nan,0.14870551202822815,0.15129448797177183,0.002588975943543681,12.129549026489258,-1.9029464721679688,-2.920452847923938,0.0,0.0
204.78087782859802,1784883361.519173,30.663962841033936,29.96973466873169,5.7697296142578125e-05,0.5537900924682617,near_center_pd,4,1,1,FOLLOW_MAIN,1.0,5.037105065357312,-11.600000000000001,-10.438269770500709,0.0,-0.084,-0.0750567335640387,-0.0750567335640387,3.7162263703928406e-11,-0.023279670536143694,0.2,0.24,0.01,0.05,-0.0,0.01801361605536929,-3.7162263703928407e-13,0.0011639835268071848,0.15,0.15,0.15,0.0,0.0,0.01917759958180485,0.01917759958180485,0.01917759958180485,0.01917759958180485,0.0,0.0,0.065,0,0.0,0,1,0,0.9477084677010715,-0.14629586413356344,nan,0.14870551202822815,0.15129448797177183,0.002588975943543681,12.129549026489258,-1.9029464721679688,-2.920452847923938,0.0,0.0
205.15364360809326,1784883361.8919384,31.036728143692017,30.342499256134033,0.37282228469848633,8.106231689453125e-05,near_center_pd,4,1,1,FOLLOW_MAIN,1.0,5.037105065357312,-11.600000000000001,-10.438269770500709,0.0,-0.084,-0.0750567335640387,-0.0750567335640387,3.7162263703928406e-11,-0.023279670536143694,0.2,0.24,0.01,0.05,-0.0,0.01801361605536929,-3.7162263703928407e-13,0.0011639835268071848,0.15,0.15,0.15,0.0,0.0,0.01917759958180485,0.01917759958180485,0.01917759958180485,0.01917759958180485,0.0,0.0,0.065,0,0.0,0,1,0,0.9477084677010715,-0.14629586413356344,nan,0.14870551202822815,0.15129448797177183,0.002588975943543681,12.129549026489258,-1.9029464721679688,-2.920452847923938,0.0,0.0
205.47370648384094,1784883362.2120016,31.356791257858276,30.662562370300293,3.647804260253906e-05,0.3201441764831543,near_center_pd,4,1,1,FOLLOW_MAIN,1.0,5.037105065357312,-11.600000000000001,-10.438269770500709,0.0,-0.084,-0.0750567335640387,-0.0750567335640387,3.7162263703928406e-11,-0.023279670536143694,0.2,0.24,0.01,0.05,-0.0,0.01801361605536929,-3.7162263703928407e-13,0.0011639835268071848,0.15,0.15,0.15,0.0,0.0,0.01917759958180485,0.01917759958180485,0.01917759958180485,0.01917759958180485,0.0,0.0,0.065,0,0.0,0,1,0,0.9477084677010715,-0.14629586413356344,nan,0.14870551202822815,0.15129448797177183,0.002588975943543681,12.129549026489258,-1.9029464721679688,-2.920452847923938,0.0,0.0
205.86082291603088,1784883362.5991178,31.743907928466797,31.049679040908813,3.933906555175781e-05,0.7072608470916748,near_center_pd,4,1,1,FOLLOW_MAIN,1.0,5.037105065357312,-11.600000000000001,-10.438269770500709,0.0,-0.084,-0.0750567335640387,-0.0750567335640387,3.7162263703928406e-11,-0.023279670536143694,0.2,0.24,0.01,0.05,-0.0,0.01801361605536929,-3.7162263703928407e-13,0.0011639835268071848,0.15,0.15,0.15,0.0,0.0,0.01917759958180485,0.01917759958180485,0.01917759958180485,0.01917759958180485,0.0,0.0,0.065,0,0.0,0,1,0,0.9477084677010715,-0.14629586413356344,nan,0.14870551202822815,0.15129448797177183,0.002588975943543681,12.129549026489258,-1.9029464721679688,-2.920452847923938,0.0,0.0
206.16546273231506,1784883362.9037578,32.04854726791382,31.354318380355835,0.30467891693115234,3.4332275390625e-05,near_center_pd,4,1,1,FOLLOW_MAIN,1.0,5.037105065357312,-11.600000000000001,-10.438269770500709,0.0,-0.084,-0.0750567335640387,-0.0750567335640387,3.7162263703928406e-11,-0.023279670536143694,0.2,0.24,0.01,0.05,-0.0,0.01801361605536929,-3.7162263703928407e-13,0.0011639835268071848,0.15,0.15,0.15,0.0,0.0,0.01917759958180485,0.01917759958180485,0.01917759958180485,0.01917759958180485,0.0,0.0,0.065,0,0.0,0,1,0,0.9477084677010715,-0.14629586413356344,nan,0.14870551202822815,0.15129448797177183,0.002588975943543681,12.129549026489258,-1.9029464721679688,-2.920452847923938,0.0,0.0
206.58634996414185,1784883363.324645,32.46943497657776,31.775206089019775,3.3855438232421875e-05,0.40650296211242676,near_center_pd,4,1,1,FOLLOW_MAIN,1.0,5.037105065357312,-11.600000000000001,-10.438269770500709,0.0,-0.084,-0.0750567335640387,-0.0750567335640387,3.7162263703928406e-11,-0.023279670536143694,0.2,0.24,0.01,0.05,-0.0,0.01801361605536929,-3.7162263703928407e-13,0.0011639835268071848,0.15,0.15,0.15,0.0,0.0,0.01917759958180485,0.01917759958180485,0.01917759958180485,0.01917759958180485,0.0,0.0,0.065,0,0.0,0,1,0,0.9477084677010715,-0.14629586413356344,nan,0.14870551202822815,0.15129448797177183,0.002588975943543681,12.129549026489258,-1.9029464721679688,-2.920452847923938,0.0,0.0
206.9497992992401,1784883363.6880944,32.832884073257446,32.13865518569946,3.552436828613281e-05,0.7699520587921143,near_center_pd,4,1,1,FOLLOW_MAIN,1.0,5.037105065357312,-11.600000000000001,-10.438269770500709,0.0,-0.084,-0.0750567335640387,-0.0750567335640387,3.7162263703928406e-11,-0.023279670536143694,0.2,0.24,0.01,0.05,-0.0,0.01801361605536929,-3.7162263703928407e-13,0.0011639835268071848,0.15,0.15,0.15,0.0,0.0,0.01917759958180485,0.01917759958180485,0.01917759958180485,0.01917759958180485,0.0,0.0,0.065,0,0.0,0,1,0,0.9477084677010715,-0.14629586413356344,nan,0.14870551202822815,0.15129448797177183,0.002588975943543681,12.129549026489258,-1.9029464721679688,-2.920452847923938,0.0,0.0
207.2788851261139,1784883364.01718,33.16196942329407,32.46774101257324,0.32912135124206543,3.62396240234375e-05,near_center_pd,4,1,1,FOLLOW_MAIN,1.0,5.037105065357312,-11.600000000000001,-10.438269770500709,0.0,-0.084,-0.0750567335640387,-0.0750567335640387,3.7162263703928406e-11,-0.023279670536143694,0.2,0.24,0.01,0.05,-0.0,0.01801361605536929,-3.7162263703928407e-13,0.0011639835268071848,0.15,0.15,0.15,0.0,0.0,0.01917759958180485,0.01917759958180485,0.01917759958180485,0.01917759958180485,0.0,0.0,0.065,0,0.0,0,1,0,0.9477084677010715,-0.14629586413356344,nan,0.14870551202822815,0.15129448797177183,0.002588975943543681,12.129549026489258,-1.9029464721679688,-2.920452847923938,0.0,0.0
207.63209772109985,1784883364.3703926,33.51518225669861,32.820953607559204,3.314018249511719e-05,0.35324835777282715,near_center_pd,4,1,1,FOLLOW_MAIN,1.0,5.037105065357312,-11.600000000000001,-10.438269770500709,0.0,-0.084,-0.0750567335640387,-0.0750567335640387,3.7162263703928406e-11,-0.023279670536143694,0.2,0.24,0.01,0.05,-0.0,0.01801361605536929,-3.7162263703928407e-13,0.0011639835268071848,0.15,0.15,0.15,0.0,0.0,0.01917759958180485,0.01917759958180485,0.01917759958180485,0.01917759958180485,0.0,0.0,0.065,0,0.0,0,1,0,0.9477084677010715,-0.14629586413356344,nan,0.14870551202822815,0.15129448797177183,0.002588975943543681,12.129549026489258,-1.9029464721679688,-2.920452847923938,0.0,0.0
208.13956379890442,1784883364.8778586,34.022648334503174,33.32841920852661,3.2901763916015625e-05,0.8607141971588135,near_center_pd,4,1,1,FOLLOW_MAIN,1.0,5.037105065357312,-11.600000000000001,-10.438269770500709,0.0,-0.084,-0.0750567335640387,-0.0750567335640387,3.7162263703928406e-11,-0.023279670536143694,0.2,0.24,0.01,0.05,-0.0,0.01801361605536929,-3.7162263703928407e-13,0.0011639835268071848,0.15,0.15,0.15,0.0,0.0,0.01917759958180485,0.01917759958180485,0.01917759958180485,0.01917759958180485,0.0,0.0,0.065,0,0.0,0,1,0,0.9477084677010715,-0.14629586413356344,nan,0.14870551202822815,0.15129448797177183,0.002588975943543681,12.129068374633789,-1.9030545949935913,-2.9161658231546586,0.0,0.0
208.4553337097168,1784883365.1936288,34.33841824531555,33.64418935775757,0.31580328941345215,3.409385681152344e-05,near_center_pd,4,1,1,FOLLOW_MAIN,1.0,5.037105065357312,-11.600000000000001,-10.438269770500709,0.0,-0.084,-0.0750567335640387,-0.0750567335640387,3.7162263703928406e-11,-0.023279670536143694,0.2,0.24,0.01,0.05,-0.0,0.01801361605536929,-3.7162263703928407e-13,0.0011639835268071848,0.15,0.15,0.15,0.0,0.0,0.01917759958180485,0.01917759958180485,0.01917759958180485,0.01917759958180485,0.0,0.0,0.065,0,0.0,0,1,0,0.9477084677010715,-0.14629586413356344,nan,0.14870551202822815,0.15129448797177183,0.002588975943543681,12.129068374633789,-1.9030545949935913,-2.9161658231546586,0.0,0.0
208.8109266757965,1784883365.549222,7.581710815429688e-05,33.99978303909302,0.33669185638427734,0.35562825202941895,near_center_pd,4,1,1,FOLLOW_MAIN,1.0,4.784810596025968,-12.600000000000001,-12.599750932634546,-12.599750932634546,-0.091,-0.09099816466585046,-0.09099816466585046,-0.0009664447474509114,-0.0040627754847386705,0.2,0.24,0.01,0.05,0.0025199501865269093,0.02183955951980411,9.664447474509114e-06,0.00020313877423693352,0.15,0.15,0.15,0.0,0.15950000286102295,0.02457231292804246,0.02457231292804246,0.02457231292804246,0.02457231292804246,0.0,0.0,0.065,0,0.0,0,1,0,0.9348173610935288,-0.24386537953550405,nan,0.14834136887735713,0.15165863112264286,0.0033172622452857237,12.071473121643066,-1.9158039093017578,-2.9192864753393324,-0.15950000286102295,0.0
209.13763809204102,1784883365.875933,0.32678651809692383,3.218650817871094e-05,0.6634020805358887,0.6823384761810303,near_center_pd,4,1,1,FOLLOW_MAIN,1.0,4.784810596025968,-12.600000000000001,-12.599750932634546,-12.599750932634546,-0.091,-0.09099816466585046,-0.09099816466585046,-0.0009664447474509114,-0.0040627754847386705,0.2,0.24,0.01,0.05,0.0025199501865269093,0.02183955951980411,9.664447474509114e-06,0.00020313877423693352,0.15,0.15,0.15,0.15,0.15950000286102295,0.02457231292804246,0.02457231292804246,0.02457231292804246,0.02457231292804246,0.02457231292804246,0.0,0.065,0,0.0,0,1,0,0.9348173610935288,-0.24386537953550405,nan,0.14834136887735713,0.15165863112264286,0.0033172622452857237,12.071473121643066,-1.9158039093017578,-2.9192864753393324,-0.009500002861022955,0.02457231292804246
209.46163821220398,1784883366.1999333,0.31665635108947754,0.3240334987640381,4.0531158447265625e-05,1.0063388347625732,near_center_pd,4,1,1,FOLLOW_MAIN,1.0,4.784810596025968,-12.600000000000001,-12.599750932634546,-12.599750932634546,-0.091,-0.09099816466585046,-0.09099816466585046,-0.0009664447474509114,-0.0040627754847386705,0.2,0.24,0.01,0.05,0.0025199501865269093,0.02183955951980411,9.664447474509114e-06,0.00020313877423693352,0.15,0.15,0.15,0.15,0.16312499344348907,0.02457231292804246,0.02457231292804246,0.02457231292804246,0.02457231292804246,0.02457231292804246,0.09456522762775421,0.065,0,0.0,0,1,0,0.9348173610935288,-0.24386537953550405,nan,0.14834136887735713,0.15165863112264286,0.0033172622452857237,12.026298522949219,-1.925940990447998,-2.916638852348535,-0.01312499344348908,-0.06999291469971175
210.05414295196533,1784883366.7924378,3.933906555175781e-05,0.585275411605835,0.5741195678710938,0.5784633159637451,mid_pd_tracking,5,1,1,FOLLOW_MAIN,1.0,4.7674088617768575,-17.6,-16.376174721476257,-16.376174721476257,-0.128,-0.11847193151772463,-0.11847193151772463,-0.003699239196051062,-0.026159162722509007,0.42,0.52,0.01,0.05,0.006877993383020028,0.06160540438921681,3.699239196051062e-05,0.0013079581361254504,0.11450404023246963,0.11450404023246963,0.11450404023246963,0.1087892789283535,0.14499999582767487,0.06982834830032279,0.06982834830032279,0.06982834830032279,0.06982834830032279,0.0244003281616442,0.0,0.24,0,0.0,0,0,0,0.916032321859757,-0.3165926976474125,nan,0.10979062672219785,0.11921745374274141,0.009426827020543566,11.975018501281738,-1.9378074407577515,-2.9114062557800997,-0.03621071689932137,0.0244003281616442
210.58140516281128,1784883367.3197002,0.5273022651672363,3.147125244140625e-05,1.1013824939727783,1.1057262420654297,mid_pd_tracking,5,1,1,FOLLOW_MAIN,1.0,4.7674088617768575,-17.6,-16.376174721476257,-16.376174721476257,-0.128,-0.11847193151772463,-0.11847193151772463,-0.003699239196051062,-0.026159162722509007,0.42,0.52,0.01,0.05,0.006877993383020028,0.06160540438921681,3.699239196051062e-05,0.0013079581361254504,0.11450404023246963,0.11450404023246963,0.11450404023246963,0.11331064655821481,0.14499999582767487,0.06982834830032279,0.06982834830032279,0.06982834830032279,0.06982834830032279,0.07877258637773306,0.0,0.24,0,0.0,0,0,0,0.916032321859757,-0.3165926976474125,nan,0.10979062672219785,0.11921745374274141,0.009426827020543566,11.975018501281738,-1.9378074407577515,-2.9114062557800997,-0.03168934926946006,0.07877258637773306
210.92831325531006,1784883367.666608,0.8742103576660156,0.3469395637512207,4.887580871582031e-05,1.4526340961456299,mid_pd_tracking,5,1,1,FOLLOW_MAIN,1.0,4.7674088617768575,-17.6,-16.376174721476257,-16.376174721476257,-0.128,-0.11847193151772463,-0.11847193151772463,-0.003699239196051062,-0.026159162722509007,0.42,0.52,0.01,0.05,0.006877993383020028,0.06160540438921681,3.699239196051062e-05,0.0013079581361254504,0.11450404023246963,0.11450404023246963,0.11450404023246963,0.11331064655821481,0.14499999582767487,0.06982834830032279,0.06982834830032279,0.06982834830032279,0.06982834830032279,0.07877258637773306,0.0,0.24,0,0.0,0,0,0,0.916032321859757,-0.3165926976474125,nan,0.10979062672219785,0.11921745374274141,0.009426827020543566,11.803171157836914,-1.9806538820266724,-2.8859679583001023,-0.03168934926946006,0.07877258637773306
211.2815718650818,1784883368.0198667,1.227468729019165,0.7001981735229492,0.35330772399902344,9.369850158691406e-05,mid_pd_tracking,5,1,1,FOLLOW_MAIN,1.0,4.7674088617768575,-17.6,-16.376174721476257,-16.376174721476257,-0.128,-0.11847193151772463,-0.11847193151772463,-0.003699239196051062,-0.026159162722509007,0.42,0.52,0.01,0.05,0.006877993383020028,0.06160540438921681,3.699239196051062e-05,0.0013079581361254504,0.11450404023246963,0.11450404023246963,0.11450404023246963,0.11331064655821481,0.14499999582767487,0.06982834830032279,0.06982834830032279,0.06982834830032279,0.06982834830032279,0.07877258637773306,0.0,0.24,0,0.0,0,0,0,0.916032321859757,-0.3165926976474125,nan,0.10979062672219785,0.11921745374274141,0.009426827020543566,11.803171157836914,-1.9806538820266724,-2.8859679583001023,-0.03168934926946006,0.07877258637773306
211.6149799823761,1784883368.3532748,4.673004150390625e-05,1.0336062908172607,0.6867156028747559,0.33350157737731934,mid_pd_tracking,5,1,1,FOLLOW_MAIN,1.0,5.34733098581541,-26.700000000000003,-24.429199167229275,-24.429199167229275,-0.193,-0.17678023829098077,-0.17678023829098077,-0.008061857156666817,-0.05873909064574759,0.42,0.52,0.01,0.05,0.010260263650236294,0.09192572391131,8.061857156666817e-05,0.0029369545322873794,0.11001504786300961,0.11001504786300961,0.11001504786300961,0.11331064655821481,0.14499999582767487,0.10520356066540035,0.10520356066540035,0.10520356066540035,0.10520356066540035,0.07877258637773306,0.0,0.24,0,1.0,0,0,0,0.8801203829040769,-0.38191461812138505,nan,0.10291380751809509,0.11711628820792414,0.014202480689829045,11.803171157836914,-1.9806538820266724,-2.8859679583001023,-0.03168934926946006,0.07877258637773306
212.0212688446045,1784883368.7595637,0.40633559226989746,3.743171691894531e-05,1.0930044651031494,0.739790678024292,mid_pd_tracking,5,1,1,FOLLOW_MAIN,1.0,5.34733098581541,-26.700000000000003,-24.429199167229275,-24.429199167229275,-0.193,-0.17678023829098077,-0.17678023829098077,-0.008061857156666817,-0.05873909064574759,0.42,0.52,0.01,0.05,0.010260263650236294,0.09192572391131,8.061857156666817e-05,0.0029369545322873794,0.11001504786300961,0.11001504786300961,0.11001504786300961,0.1074609972960987,0.14499999582767487,0.10520356066540035,0.10520356066540035,0.10520356066540035,0.10520356066540035,0.1264852088341365,0.0,0.24,0,1.0,0,0,0,0.8801203829040769,-0.38191461812138505,nan,0.10291380751809509,0.11711628820792414,0.014202480689829045,11.803171157836914,-1.9806538820266724,-2.8859679583001023,-0.03753899853157616,0.1264852088341365
212.52215337753296,1784883369.2604482,0.9072203636169434,0.500922441482544,3.5762786865234375e-05,1.240675449371338,mid_pd_tracking,5,1,1,FOLLOW_MAIN,1.0,5.34733098581541,-26.700000000000003,-24.429199167229275,-24.429199167229275,-0.193,-0.17678023829098077,-0.17678023829098077,-0.008061857156666817,-0.05873909064574759,0.42,0.52,0.01,0.05,0.010260263650236294,0.09192572391131,8.061857156666817e-05,0.0029369545322873794,0.11001504786300961,0.11001504786300961,0.11001504786300961,0.1074609972960987,0.10875000059604645,0.10520356066540035,0.10520356066540035,0.10520356066540035,0.10520356066540035,0.1264852088341365,0.1260869801044464,0.24,0,1.0,0,0,0,0.8801203829040769,-0.38191461812138505,nan,0.10291380751809509,0.11711628820792414,0.014202480689829045,11.62049388885498,-2.0317540168762207,-2.819205059751074,-0.001289003299947744,0.0003982287296900866
212.90144085884094,1784883369.6397357,1.2865078449249268,0.8802099227905273,0.37932324409484863,3.4332275390625e-05,mid_pd_tracking,5,1,1,FOLLOW_MAIN,1.0,5.34733098581541,-26.700000000000003,-24.429199167229275,-24.429199167229275,-0.193,-0.17678023829098077,-0.17678023829098077,-0.008061857156666817,-0.05873909064574759,0.42,0.52,0.01,0.05,0.010260263650236294,0.09192572391131,8.061857156666817e-05,0.0029369545322873794,0.11001504786300961,0.11001504786300961,0.11001504786300961,0.1074609972960987,0.10875000059604645,0.10520356066540035,0.10520356066540035,0.10520356066540035,0.10520356066540035,0.1264852088341365,0.1260869801044464,0.24,0,1.0,0,0,0,0.8801203829040769,-0.38191461812138505,nan,0.10291380751809509,0.11711628820792414,0.014202480689829045,11.62049388885498,-2.0317540168762207,-2.819205059751074,-0.001289003299947744,0.0003982287296900866
213.21211194992065,1784883369.950407,4.410743713378906e-05,1.190880537033081,0.6899940967559814,0.31070518493652344,curve_pd,1,1,1,FOLLOW_MAIN,1.0,4.8843726604036535,-41.300000000000004,-39.55855987865355,-39.55855987865355,-0.3,-0.2867588623352727,-0.2867588623352727,-0.007563819980757291,-0.055651724697668825,0.58,0.72,0.01,0.05,0.022943964729619053,0.20646638088139635,7.563819980757291e-05,0.0027825862348834413,0.07778232616668393,0.07778232616668393,0.07778232616668393,0.1074609972960987,0.10875000059604645,0.23226857004570642,0.23226857004570642,0.23226857004570642,0.23226857004570642,0.1264852088341365,0.1260869801044464,0.38,1,1.0,0,0,0,0.8187613280703572,-0.41583686050881535,nan,0.06210419768859875,0.09346045464476911,0.031356256956170364,11.62049388885498,-2.0317540168762207,-2.819205059751074,-0.001289003299947744,0.0003982287296900866
213.5518023967743,1784883370.2900972,0.00010061264038085938,0.3363840579986572,0.31707167625427246,0.6503951549530029,curve_pd,1,1,1,FOLLOW_MAIN,1.0,5.242187059297594,-59.2,-40.77853176808072,-40.77853176808072,-0.4,-0.29603498704205433,-0.29603498704205433,-0.007418740259715596,-0.055349123586457494,0.58,0.72,0.01,0.05,0.023651548425486814,0.21314519067027912,7.418740259715597e-05,0.002767456179322875,0.07797495430634271,0.07797495430634271,0.07797495430634271,0.07778232616668393,0.09062499552965164,0.23963838267768595,0.23963838267768595,0.23963838267768595,0.23963838267768595,0.23226857004570642,0.28369560837745667,0.38,1,1.0,0,0,0,0.8207889926983444,0.175,nan,0.06179936347559891,0.09415054513708651,0.0323511816614876,11.522988319396973,-2.0693767070770264,-2.6842281586892267,-0.012842669362967712,-0.05142703833175025
213.88313674926758,1784883370.6214318,4.1484832763671875e-05,0.3279836177825928,0.6484060287475586,0.9817295074462891,curve_pd,1,1,1,FOLLOW_MAIN,1.0,5.242187059297594,-59.2,-40.77853176808072,-40.77853176808072,-0.4,-0.29603498704205433,-0.29603498704205433,-0.007418740259715596,-0.055349123586457494,0.58,0.72,0.01,0.05,0.023651548425486814,0.21314519067027912,7.418740259715597e-05,0.002767456179322875,0.07797495430634271,0.07797495430634271,0.07797495430634271,0.07797495430634271,0.09062499552965164,0.23963838267768595,0.23963838267768595,0.23963838267768595,0.23963838267768595,0.23963838267768595,0.28369560837745667,0.38,1,1.0,0,0,0,0.8207889926983444,0.175,nan,0.06179936347559891,0.09415054513708651,0.0323511816614876,11.522988319396973,-2.0693767070770264,-2.6842281586892267,-0.012650041223308928,-0.04405722569977072
214.23028874397278,1784883370.9685838,4.4345855712890625e-05,0.6751360893249512,0.3436245918273926,1.3288822174072266,curve_pd,1,1,1,FOLLOW_MAIN,1.0,5.242187059297594,-59.2,-40.77853176808072,-40.77853176808072,-0.4,-0.29603498704205433,-0.29603498704205433,-0.007418740259715596,-0.055349123586457494,0.58,0.72,0.01,0.05,0.023651548425486814,0.21314519067027912,7.418740259715597e-05,0.002767456179322875,0.07797495430634271,0.07797495430634271,0.07797495430634271,0.07797495430634271,0.07975000143051147,0.23963838267768595,0.23963838267768595,0.23963838267768595,0.23963838267768595,0.23963838267768595,0.25217390060424805,0.38,1,1.0,0,0,0,0.8207889926983444,0.175,nan,0.06179936347559891,0.09415054513708651,0.0323511816614876,11.517264366149902,-2.0721940994262695,-2.6640541693403224,-0.0017750471241687604,-0.0125355179265621
214.5540487766266,1784883371.2923439,4.100799560546875e-05,0.30785536766052246,0.667384147644043,1.652641773223877,curve_pd,1,1,1,FOLLOW_MAIN,1.0,5.524064819998085,-43.400000000000006,-42.59059073711833,-42.59059073711833,-0.315,-0.3091443283683841,-0.3091443283683841,-0.008936359291900427,-0.06561988884130833,0.58,0.72,0.01,0.05,0.024702542627528634,0.22258391642523656,8.936359291900428e-05,0.0032809944420654166,0.07661854454415341,0.07661854454415341,0.07661854454415341,0.07661854454415341,0.07975000143051147,0.2506568170877496,0.2506568170877496,0.2506568170877496,0.2506568170877496,0.2506568170877496,0.25217390060424805,0.38,1,1.0,0,0,0,0.8065109952016148,-0.4341415474057868,nan,0.05969920939073031,0.09353787969757651,0.0338386703068462,11.517264366149902,-2.0721940994262695,-2.6640541693403224,-0.003131456886358061,-0.0015170835164984298
214.9098243713379,1784883371.6481192,4.38690185546875e-05,0.35239696502685547,0.34143590927124023,0.3453192710876465,control_error_timeout,6,1,1,FOLLOW_MAIN,1.0,5.6963446989854285,-44.1,-43.79000237235457,-43.79000237235457,-0.321,-0.31817206901687534,-0.31817206901687534,-0.0048200157409640145,-0.03576234267170035,0.0,0.0,0.01,0.05,0.0,0.0,0.0,0.0,0.0,0.02131497621426892,0.02131497621426892,0.07661854454415341,0.06887499988079071,0.0,0.0,0.20431840835911053,0.20431840835911053,0.2506568170877496,0.28369560837745667,0.0,0,0.0,0,0,0,1.0,-0.38171577976844456,nan,0.00752348365002896,0.035106468778508884,0.027582985128479925,11.504292488098145,-2.079127073287964,-2.605802014350953,0.007743544663362703,-0.03303879128970705
215.22656416893005,1784883371.9648592,4.482269287109375e-05,0.3131108283996582,0.3095052242279053,0.3060901165008545,curve_pd,1,1,1,FOLLOW_MAIN,1.0,6.367906185091012,-38.7,-43.28371507467854,-43.28371507467854,-0.28,-0.3146024867774616,-0.3146024867774616,0.0012180380889765107,0.008924697085883393,0.58,0.72,0.01,0.05,0.02510455474331355,0.22651379047977235,-1.2180380889765107e-05,-0.0004462348542941697,0.07646008279202245,0.03337353925431448,0.03337353925431448,0.024787884694303597,0.06887499988079071,0.25115992998790193,0.25115992998790193,0.25115992998790193,0.25115992998790193,0.21994649651926657,0.22065216302871704,0.38,1,1.0,0,0,0,0.804842976758131,-0.3936603496612669,nan,0.0164202439801311,0.05032683452849786,0.033906590548366755,11.444929122924805,-2.1231861114501953,-2.3708073700997963,-0.044087115186487114,-0.0007056665094504755
215.56758046150208,1784883372.3058753,4.601478576660156e-05,0.31673765182495117,0.3131744861602783,0.6471061706542969,curve_pd,1,1,1,FOLLOW_MAIN,1.0,6.776174462315517,7.4,-10.498602512553944,0.0,0.053,-0.07643791026501935,-0.07643791026501935,0.10633160348456712,0.5813308446520014,0.58,0.72,0.01,0.05,-0.0,0.05503529539081393,-0.0010633160348456712,-0.02906654223260007,0.09037765152545062,0.07220551013429717,0.07220551013429717,0.03337353925431448,0.07249999791383743,0.02490543712336819,0.02490543712336819,0.19294221134268233,0.19294221134268233,0.25115992998790193,0.18913042545318604,0.38,1,0.0,0,1,0,0.9513437002679013,0.014,nan,0.059181910868666115,0.08522910939992823,0.02604719853126211,11.44061279296875,-2.127378463745117,-2.3551097105216754,-0.03912645865952295,0.062029504534715896
215.90934133529663,1784883372.6476362,3.886222839355469e-05,0.33852076530456543,0.32396936416625977,0.9888675212860107,mid_pd_tracking,5,1,1,FOLLOW_MAIN,1.0,6.406181844079069,-25.0,-18.194145035563206,-18.194145035563206,-0.18,-0.1311476420794371,-0.1311476420794371,-0.010846885279938719,-0.026840251445560737,0.42,0.52,0.01,0.05,0.007641540914936546,0.0681967738813073,0.00010846885279938718,0.0013420125722780369,0.11274993818241279,0.11274993818241279,0.11274993818241279,0.07496884661442668,0.032624997198581696,0.07728879622132126,0.07728879622132126,0.07728879622132126,0.07728879622132126,0.18050719718209954,0.28369560837745667,0.24,0,0.0,0,0,0,0.9019995054593023,-0.522120072067499,nan,0.1075329444374736,0.11796693192735197,0.010433987489878366,11.417624473571777,-2.1532540321350098,-2.1981944533615474,0.042343849415844986,-0.10318841119535713
216.24200916290283,1784883372.9803042,0.3150637149810791,0.3116874694824219,3.3855438232421875e-05,0.3220798969268799,mid_pd_tracking,5,1,1,FOLLOW_MAIN,1.0,6.406181844079069,-25.0,-18.194145035563206,-18.194145035563206,-0.18,-0.1311476420794371,-0.1311476420794371,-0.010846885279938719,-0.026840251445560737,0.42,0.52,0.01,0.05,0.007641540914936546,0.0681967738813073,0.00010846885279938718,0.0013420125722780369,0.11274993818241279,0.11274993818241279,0.11274993818241279,0.11274993818241279,0.04349999874830246,0.07728879622132126,0.07728879622132126,0.07728879622132126,0.07728879622132126,0.07728879622132126,0.31521737575531006,0.24,0,0.0,0,0,0,0.9019995054593023,-0.522120072067499,nan,0.1075329444374736,0.11796693192735197,0.010433987489878366,11.412915229797363,-2.1600534915924072,-2.1357812142648984,0.06924993943411033,-0.2379285795339888
216.60015201568604,1784883373.338447,7.462501525878906e-05,0.35109829902648926,0.3403141498565674,0.34419703483581543,mid_pd_tracking,5,1,1,FOLLOW_MAIN,1.0,6.1321436985132145,-20.6,-23.081602679102467,-23.081602679102467,-0.148,-0.16622976348393417,-0.16622976348393417,-0.018308146672542547,-0.10316118104550467,0.42,0.52,0.01,0.05,0.009694273125223037,0.08643947701164577,0.00018308146672542548,0.005158059052275234,0.11017342709800552,0.11017342709800552,0.11017342709800552,0.11017342709800552,0.06525000184774399,0.10147489065586947,0.10147489065586947,0.10147489065586947,0.10147489065586947,0.09946850182189564,0.31521737575531006,0.24,0,1.0,0,0,0,0.8813874167840442,-0.5335574651775756,nan,0.10332387197873434,0.11702298221727671,0.013699110238542367,11.407422065734863,-2.1689982414245605,-2.0818791106603984,0.04492342525026154,-0.2157488739334144
216.91433024406433,1784883373.652625,0.3142530918121338,0.3102259635925293,3.647804260253906e-05,0.6583747863769531,mid_pd_tracking,5,1,1,FOLLOW_MAIN,1.0,6.1321436985132145,-20.6,-23.081602679102467,-23.081602679102467,-0.148,-0.16622976348393417,-0.16622976348393417,-0.018308146672542547,-0.10316118104550467,0.42,0.52,0.01,0.05,0.009694273125223037,0.08643947701164577,0.00018308146672542548,0.005158059052275234,0.11017342709800552,0.11017342709800552,0.11017342709800552,0.11017342709800552,0.1522499918937683,0.10147489065586947,0.10147489065586947,0.10147489065586947,0.10147489065586947,0.10147489065586947,0.12608695030212402,0.24,0,1.0,0,0,0,0.8813874167840442,-0.5335574651775756,nan,0.10332387197873434,0.11702298221727671,0.013699110238542367,11.384283065795898,-2.211181402206421,-2.049001983432621,-0.042076564795762786,-0.024612059646254555
217.2608826160431,1784883373.9991775,4.76837158203125e-05,0.3322601318359375,0.3465890884399414,0.34281182289123535,near_center_pd,4,1,1,FOLLOW_MAIN,1.0,6.064837566915685,-4.1000000000000005,-12.005848833639705,-12.005848833639705,-0.029,-0.08618615593622247,-0.08618615593622247,0.016988969956526857,0.12435457504701933,0.2,0.24,0.01,0.05,0.0024011697667279414,0.020684677424693394,-0.0001698896995652686,-0.006217728752350967,0.15,0.11597461164223563,0.11597461164223563,0.1132149431620964,0.1522499918937683,0.0166982287395051,0.0166982287395051,0.06279816661532076,0.06279816661532076,0.06624775221549478,0.12608695030212402,0.065,0,0.0,0,1,0,0.9250045253429175,-0.6328619791598613,nan,0.11173573539570147,0.12021348788876979,0.008477752493068313,11.384283065795898,-2.211181402206421,-2.049001983432621,-0.039035048731671906,-0.05983919808662924
217.60585522651672,1784883374.34415,0.34502124786376953,0.3416769504547119,4.100799560546875e-05,0.33463454246520996,near_center_pd,4,1,1,FOLLOW_MAIN,1.0,6.064837566915685,-4.1000000000000005,-12.005848833639705,-12.005848833639705,-0.029,-0.08618615593622247,-0.08618615593622247,0.016988969956526857,0.12435457504701933,0.2,0.24,0.01,0.05,0.0024011697667279414,0.020684677424693394,-0.0001698896995652686,-0.006217728752350967,0.15,0.11597461164223563,0.11597461164223563,0.13197461164223562,0.11962500214576721,0.0166982287395051,0.0166982287395051,0.06279816661532076,0.06279816661532076,0.04279816661532075,0.09456522762775421,0.065,0,0.0,0,1,0,0.9250045253429175,-0.6328619791598613,nan,0.11173573539570147,0.12021348788876979,0.008477752493068313,11.349106788635254,-2.282616138458252,-1.9984411403442246,0.012349609496468406,-0.05176706101243346
217.93988847732544,1784883374.6781833,4.315376281738281e-05,0.3268156051635742,0.32323670387268066,0.33057498931884766,large_error_pd,2,1,1,FOLLOW_MAIN,1.0,4.902251242410978,32.2,79.00313775549128,79.00313775549128,0.232,0.5079254741075809,0.5079254741075809,0.07649759335312718,0.501489772415586,0.65,0.72,0.01,0.05,-0.05135203954106934,-0.3657063413574583,-0.0007649759335312718,-0.025074488620779302,0.07,0.10062571426873465,0.10062571426873465,0.10844722081914288,0.13049998879432678,-0.44289784545283817,-0.38,-0.10296640870498981,-0.10296640870498981,-0.04357152978460383,0.12608695030212402,0.38,1,2.0,0,0,1,0.7046179368411456,-0.44109569827371853,nan,0.10757594685632146,0.09367548168114784,-0.013900465175173626,11.317753791809082,-2.352947950363159,-1.9649964890030127,-0.022052767975183907,-0.16965848008672785
218.28293657302856,1784883375.0212317,4.5299530029296875e-05,0.3396427631378174,0.3359966278076172,0.6736228466033936,curve_pd,1,1,1,FOLLOW_MAIN,1.0,5.612949894028777,35.5,38.68067298465532,38.68067298465532,0.256,0.2743925696676287,0.2743925696676287,-0.041241819887131104,-0.21563078353460546,0.58,0.72,0.01,0.05,-0.02243479033110008,-0.19756265016069266,0.00041241819887131103,0.010781539176730274,0.07817859261423227,0.07817859261423227,0.07817859261423227,0.09066923586873518,0.11962500214576721,-0.20880348311619115,-0.20880348311619115,-0.20880348311619115,-0.20880348311619115,-0.11237980646498931,0.09456522762775421,0.38,1,1.0,0,0,0,0.8229325538340239,-0.4825328244522123,nan,0.09227282772457517,0.06408435750388937,-0.028188470220685796,11.312010765075684,-2.3667542934417725,-1.9531758657210392,-0.02895576627703203,-0.2069450340927435
218.62704300880432,1784883375.365338,0.34415197372436523,0.3405787944793701,0.33704137802124023,4.7206878662109375e-05,curve_pd,1,1,1,FOLLOW_MAIN,1.0,5.612949894028777,35.5,38.68067298465532,38.68067298465532,0.256,0.2743925696676287,0.2743925696676287,-0.041241819887131104,-0.21563078353460546,0.58,0.72,0.01,0.05,-0.02243479033110008,-0.19756265016069266,0.00041241819887131103,0.010781539176730274,0.07817859261423227,0.07817859261423227,0.07817859261423227,0.07817859261423227,0.11599999666213989,-0.20880348311619115,-0.20880348311619115,-0.20880348311619115,-0.20880348311619115,-0.20880348311619115,0.0,0.38,1,1.0,0,0,0,0.8229325538340239,-0.4825328244522123,nan,0.09227282772457517,0.06408435750388937,-0.028188470220685796,11.308505058288574,-2.375471591949463,-1.9531758657210392,-0.037821404047907625,-0.20880348311619115
218.9567129611969,1784883375.6950083,4.38690185546875e-05,0.6702485084533691,0.6667108535766602,0.32971692085266113,large_error_pd,2,1,1,FOLLOW_MAIN,1.0,5.900835003873915,152.1,149.25007044848505,149.25007044848505,0.256,0.2560029527548724,0.2560029527548724,0.09343954167485437,-0.005925956284437131,0.65,0.72,0.01,0.05,-0.09701254579151528,-0.1843221259835081,-0.0009343954167485437,0.0002962978142218566,0.07,0.07,0.07,0.07817859261423227,0.11599999666213989,-0.28197276937755006,-0.28197276937755006,-0.28197276937755006,-0.28197276937755006,-0.20880348311619115,0.0,0.38,1,2.0,0,0,1,0.7694555491872616,-0.4798691394603012,nan,0.08903316193298463,0.05096683806701538,-0.038066323865969254,11.308505058288574,-2.375471591949463,-1.9531758657210392,-0.037821404047907625,-0.20880348311619115
219.2917082309723,1784883376.0300033,0.3350386619567871,0.33170318603515625,0.3282475471496582,9.822845458984375e-05,large_error_pd,2,1,1,FOLLOW_MAIN,1.0,5.900835003873915,152.1,149.25007044848505,149.25007044848505,0.256,0.2560029527548724,0.2560029527548724,0.09343954167485437,-0.005925956284437131,0.65,0.72,0.01,0.05,-0.09701254579151528,-0.1843221259835081,-0.0009343954167485437,0.0002962978142218566,0.07,0.07,0.07,0.07,0.09062499552965164,-0.28197276937755006,-0.28197276937755006,-0.28197276937755006,-0.28197276937755006,-0.28197276937755006,-0.22065216302871704,0.38,1,2.0,0,0,1,0.7694555491872616,-0.4798691394603012,nan,0.08903316193298463,0.05096683806701538,-0.038066323865969254,11.268721580505371,-2.4759039878845215,-1.9672976020916795,-0.020624995529651635,-0.06132060634883302
219.6724784374237,1784883376.4107735,0.37711215019226074,0.37380027770996094,3.5762786865234375e-05,0.38086891174316406,large_error_pd,2,1,1,FOLLOW_MAIN,1.0,5.608263921135474,35.5,152.0499137833136,152.0499137833136,0.256,0.256000051893325,0.256000051893325,0.016759423635672496,-0.0009015647060888742,0.65,0.72,0.01,0.05,-0.09883244395915383,-0.18432003736319397,-0.00016759423635672496,4.507823530444371e-05,0.07,0.07,0.07,0.07,0.057999998331069946,-0.2832749973234001,-0.2832749973234001,-0.2832749973234001,-0.2832749973234001,-0.2832749973234001,-0.25217390060424805,0.38,1,2.0,0,0,1,0.7679502063513054,-0.47986900647995157,nan,0.08912106231932951,0.0508789376806705,-0.03824212463865901,11.25248908996582,-2.5129401683807373,-2.0428235020541896,0.01200000166893006,-0.031101096719152066
219.99184370040894,1784883376.7301385,4.7206878662109375e-05,0.6931653022766113,0.3194010257720947,0.7002336978912354,large_error_pd,2,1,1,FOLLOW_MAIN,1.0,5.608263921135474,35.5,152.0499137833136,152.0499137833136,0.256,0.256000051893325,0.256000051893325,0.016759423635672496,-0.0009015647060888742,0.65,0.72,0.01,0.05,-0.09883244395915383,-0.18432003736319397,-0.00016759423635672496,4.507823530444371e-05,0.07,0.07,0.07,0.07,0.057999998331069946,-0.2832749973234001,-0.2832749973234001,-0.2832749973234001,-0.2832749973234001,-0.2832749973234001,-0.25217390060424805,0.38,1,2.0,0,0,1,0.7679502063513054,-0.47986900647995157,nan,0.08912106231932951,0.0508789376806705,-0.03824212463865901,11.25248908996582,-2.5129401683807373,-2.0428235020541896,0.01200000166893006,-0.031101096719152066
220.32723712921143,1784883377.0655322,4.57763671875e-05,0.33197808265686035,0.32093262672424316,1.0356273651123047,large_error_pd,2,1,1,FOLLOW_MAIN,1.0,5.608263921135474,35.5,152.0499137833136,152.0499137833136,0.256,0.256000051893325,0.256000051893325,0.016759423635672496,-0.0009015647060888742,0.65,0.72,0.01,0.05,-0.09883244395915383,-0.18432003736319397,-0.00016759423635672496,4.507823530444371e-05,0.07,0.07,0.07,0.07,0.0507500022649765,-0.2832749973234001,-0.2832749973234001,-0.2832749973234001,-0.2832749973234001,-0.2832749973234001,-0.25217393040657043,0.38,1,2.0,0,0,1,0.7679502063513054,-0.47986900647995157,nan,0.08912106231932951,0.0508789376806705,-0.03824212463865901,11.245843887329102,-2.525432586669922,-2.1058671122794275,0.019249997735023505,-0.03110106691682968
220.6866705417633,1784883377.4249656,7.534027099609375e-05,0.3559389114379883,0.34847044944763184,1.3950607776641846,curve_pd,1,1,1,FOLLOW_MAIN,1.0,5.241269399327523,35.5,42.34849141861318,42.34849141861318,0.256,0.25600000304926,0.25600000304926,-0.1224131804725329,-0.00024027043855923607,0.58,0.72,0.01,0.05,-0.024562125022795644,-0.1843200021954672,0.001224131804725329,1.2013521927961804e-05,0.07877829625603595,0.07877829625603595,0.07877829625603595,0.07,0.057999998331069946,-0.20764598189160957,-0.20764598189160957,-0.20764598189160957,-0.20764598189160957,-0.2832749973234001,-0.25217390060424805,0.38,1,1.0,0,0,0,0.8292452237477469,-0.47986900647995157,nan,0.0927944000337196,0.06476219247835231,-0.028032207555367283,11.241445541381836,-2.532677173614502,-2.1452062209534724,0.01200000166893006,-0.031101096719152066
221.01219701766968,1784883377.750492,0.32560253143310547,3.981590270996094e-05,0.6739981174468994,1.7205884456634521,curve_pd,1,1,1,FOLLOW_MAIN,1.0,5.241269399327523,35.5,42.34849141861318,42.34849141861318,0.256,0.25600000304926,0.25600000304926,-0.1224131804725329,-0.00024027043855923607,0.58,0.72,0.01,0.05,-0.024562125022795644,-0.1843200021954672,0.001224131804725329,1.2013521927961804e-05,0.07877829625603595,0.07877829625603595,0.07877829625603595,0.03374691993621495,0.057999998331069946,-0.20764598189160957,-0.20764598189160957,-0.20764598189160957,-0.20764598189160957,-0.2005047884524151,-0.25217390060424805,0.38,1,1.0,0,0,0,0.8292452237477469,-0.47986900647995157,nan,0.0927944000337196,0.06476219247835231,-0.028032207555367283,11.241445541381836,-2.532677173614502,-2.1452062209534724,-0.024253078394854993,0.05166911215183295
221.34141969680786,1784883378.0797145,0.31824159622192383,0.32926201820373535,3.910064697265625e-05,0.3220705986022949,curve_pd,1,1,1,FOLLOW_MAIN,1.0,5.228142256472074,35.5,35.655410404765966,35.655410404765966,0.256,0.2560000000691958,0.2560000000691958,-0.03080831130618388,-4.106703193439214e-05,0.58,0.72,0.01,0.05,-0.02068013803476426,-0.184320000049821,0.00030808311306183877,2.0533515967196073e-06,0.07914825102003359,0.030169332736235493,0.030169332736235493,0.03374691993621495,0.07612499594688416,-0.20469000161992668,-0.20469000161992668,-0.1844056460525075,-0.1844056460525075,-0.2005047884524151,-0.15760867297649384,0.38,1,1.0,0,0,0,0.8331394844214062,-0.47986900647995157,nan,0.04261671384477975,0.017721951627691235,-0.02489476221708851,11.202105522155762,-2.5874013900756836,-2.2683303553390837,-0.0423780760106692,-0.04289611547592126
221.79432320594788,1784883378.5326183,0.43512821197509766,3.528594970703125e-05,0.442279577255249,0.43885278701782227,curve_pd,1,1,1,FOLLOW_MAIN,1.0,5.7650675356297185,152.1,115.4155823754774,115.4155823754774,0.256,0.2560000000004523,0.2560000000004523,0.12208005311278047,-3.926301825306335e-06,0.58,0.72,0.01,0.05,-0.0669410377777769,-0.18432000000032567,-0.0012208005311278047,1.9631509126531675e-07,0.07485033367227018,0.07485033367227018,0.07485033367227018,0.07,0.0833749994635582,-0.25248164199413914,-0.25248164199413914,-0.25248164199413914,-0.25248164199413914,-0.2831894406818616,-0.28369560837745667,0.38,1,2.0,0,0,0,0.7878982491817913,-0.4798690057827375,nan,0.09189284450687457,0.05780782283766578,-0.03408502166920879,11.197928428649902,-2.592385768890381,-2.2904586790362282,-0.01337499946355819,0.0005061676955950833
222.4416847229004,1784883379.1799803,1.082491159439087,0.6473989486694336,7.104873657226562e-05,1.086216926574707,curve_pd,1,1,1,FOLLOW_MAIN,1.0,5.7650675356297185,152.1,115.4155823754774,115.4155823754774,0.256,0.2560000000004523,0.2560000000004523,0.12208005311278047,-3.926301825306335e-06,0.58,0.72,0.01,0.05,-0.0669410377777769,-0.18432000000032567,-0.0012208005311278047,1.9631509126531675e-07,0.07485033367227018,0.07485033367227018,0.07485033367227018,0.07,0.06524999439716339,-0.25248164199413914,-0.25248164199413914,-0.25248164199413914,-0.25248164199413914,-0.2831894406818616,-0.31521737575531006,0.38,1,2.0,0,0,0,0.7878982491817913,-0.4798690057827375,nan,0.09189284450687457,0.05780782283766578,-0.03408502166920879,11.09227180480957,-2.6591029167175293,-2.853405937119126,0.0047500056028366155,0.03202793507344848
222.91265392303467,1784883379.650949,7.295608520507812e-05,1.1183669567108154,0.471038818359375,1.5571846961975098,large_error_pd,2,1,1,FOLLOW_MAIN,1.0,5.456482283559436,152.1,152.09959352305995,152.09959352305995,0.256,0.256,0.256,0.00177530169123242,-1.9118009725747314e-08,0.65,0.72,0.01,0.05,-0.09886473578998897,-0.18431999999999998,-1.77530169123242e-05,9.559004862873658e-10,0.07,0.07,0.07,0.07,0.06524999439716339,-0.2832024878510008,-0.2832024878510008,-0.2832024878510008,-0.2832024878510008,-0.2831894406818616,-0.31521737575531006,0.38,1,2.0,0,0,1,0.7679235226555772,-0.4798690057793844,nan,0.08911616792994256,0.05088383207005745,-0.038232335859885114,11.09227180480957,-2.6591029167175293,-2.853405937119126,0.0047500056028366155,0.03202793507344848
223.33572578430176,1784883380.074021,0.423145055770874,5.030632019042969e-05,0.8941113948822021,1.980257272720337,large_error_pd,2,1,1,FOLLOW_MAIN,1.0,5.456482283559436,152.1,152.09959352305995,152.09959352305995,0.256,0.256,0.256,0.00177530169123242,-1.9118009725747314e-08,0.65,0.72,0.01,0.05,-0.09886473578998897,-0.18431999999999998,-1.77530169123242e-05,9.559004862873658e-10,0.07,0.07,0.07,0.07,0.06524999439716339,-0.2832024878510008,-0.2832024878510008,-0.2832024878510008,-0.2832024878510008,-0.2831884585445973,-0.31521737575531006,0.38,1,2.0,0,0,1,0.7679235226555772,-0.4798690057793844,nan,0.08911616792994256,0.05088383207005745,-0.038232335859885114,11.09227180480957,-2.6591029167175293,-2.853405937119126,0.0047500056028366155,0.03202891721071277
224.07627987861633,1784883380.814575,1.163698434829712,0.7406036853790283,4.9114227294921875e-05,2.7208099365234375,large_error_pd,2,1,1,FOLLOW_MAIN,1.0,5.456482283559436,152.1,152.09959352305995,152.09959352305995,0.256,0.256,0.256,0.00177530169123242,-1.9118009725747314e-08,0.65,0.72,0.01,0.05,-0.09886473578998897,-0.18431999999999998,-1.77530169123242e-05,9.559004862873658e-10,0.07,0.07,0.07,0.07,0.07612499594688416,-0.2832024878510008,-0.2832024878510008,-0.2832024878510008,-0.2832024878510008,-0.2831884585445973,-0.22065216302871704,0.38,1,2.0,0,0,1,0.7679235226555772,-0.4798690057793844,nan,0.08911616792994256,0.05088383207005745,-0.038232335859885114,10.981639862060547,-2.666985034942627,3.0102563535386526,-0.006124995946884149,-0.06253629551588025
224.58990287780762,1784883381.328198,1.6773223876953125,1.2542283535003662,0.513674259185791,7.700920104980469e-05,large_error_pd,2,1,1,FOLLOW_MAIN,1.0,5.456482283559436,152.1,152.09959352305995,152.09959352305995,0.256,0.256,0.256,0.00177530169123242,-1.9118009725747314e-08,0.65,0.72,0.01,0.05,-0.09886473578998897,-0.18431999999999998,-1.77530169123242e-05,9.559004862873658e-10,0.07,0.07,0.07,0.07,0.07612499594688416,-0.2832024878510008,-0.2832024878510008,-0.2832024878510008,-0.2832024878510008,-0.2831884585445973,-0.22065216302871704,0.38,1,2.0,0,0,1,0.7679235226555772,-0.4798690057793844,nan,0.08911616792994256,0.05088383207005745,-0.038232335859885114,10.981639862060547,-2.666985034942627,3.0102563535386526,-0.006124995946884149,-0.06253629551588025
224.98416805267334,1784883381.7224631,4.458427429199219e-05,1.648491621017456,0.9079370498657227,0.39433908462524414,large_error_pd,2,1,1,FOLLOW_MAIN,1.0,5.783374747254267,152.1,152.09999999941195,152.09999999941195,0.256,0.256,0.256,3.347879364075648e-06,-3.599831051951345e-11,0.65,0.72,0.01,0.05,-0.09886499999961777,-0.18431999999999998,-3.347879364075648e-08,1.7999155259756726e-12,0.07,0.07,0.07,0.07,0.07612499594688416,-0.2831850334766115,-0.2831850334766115,-0.2831850334766115,-0.2831850334766115,-0.2831884585445973,-0.22065216302871704,0.38,1,2.0,0,0,1,0.7679233041556818,-0.4798690057793844,nan,0.08911498975967128,0.05088501024032873,-0.038229979519342545,10.981639862060547,-2.666985034942627,3.0102563535386526,-0.006124995946884149,-0.06253629551588025
225.56442594528198,1784883382.302721,0.5803024768829346,3.62396240234375e-05,1.4881951808929443,0.9745974540710449,large_error_pd,2,1,1,FOLLOW_MAIN,1.0,5.783374747254267,152.1,152.09999999941195,152.09999999941195,0.256,0.256,0.256,3.347879364075648e-06,-3.599831051951345e-11,0.65,0.72,0.01,0.05,-0.09886499999961777,-0.18431999999999998,-3.347879364075648e-08,1.7999155259756726e-12,0.07,0.07,0.07,0.07,0.07612499594688416,-0.2831850334766115,-0.2831850334766115,-0.2831850334766115,-0.2831850334766115,-0.2831850021988679,-0.22065216302871704,0.38,1,2.0,0,0,1,0.7679233041556818,-0.4798690057793844,nan,0.08911498975967128,0.05088501024032873,-0.038229979519342545,10.981639862060547,-2.666985034942627,3.0102563535386526,-0.006124995946884149,-0.06253283917015084
226.0875997543335,1784883382.8258948,1.1034772396087646,0.5232112407684326,7.772445678710938e-05,1.4977717399597168,large_error_pd,2,1,1,FOLLOW_MAIN,1.0,5.783374747254267,152.1,152.09999999941195,152.09999999941195,0.256,0.256,0.256,3.347879364075648e-06,-3.599831051951345e-11,0.65,0.72,0.01,0.05,-0.09886499999961777,-0.18431999999999998,-3.347879364075648e-08,1.7999155259756726e-12,0.07,0.07,0.07,0.07,0.0507499985396862,-0.2831850334766115,-0.2831850334766115,-0.2831850334766115,-0.2831850334766115,-0.2831850021988679,-0.4413043260574341,0.38,1,2.0,0,0,1,0.7679233041556818,-0.4798690057793844,nan,0.08911498975967128,0.05088501024032873,-0.038229979519342545,10.863652229309082,-2.6161882877349854,2.458279236371064,0.019250001460313804,0.1581193238585662
226.46888256072998,1784883383.2071784,1.484760046005249,0.9044942855834961,0.3813612461090088,5.8650970458984375e-05,large_error_pd,2,1,1,FOLLOW_MAIN,1.0,5.783374747254267,152.1,152.09999999941195,152.09999999941195,0.256,0.256,0.256,3.347879364075648e-06,-3.599831051951345e-11,0.65,0.72,0.01,0.05,-0.09886499999961777,-0.18431999999999998,-3.347879364075648e-08,1.7999155259756726e-12,0.07,0.07,0.07,0.07,0.0507499985396862,-0.2831850334766115,-0.2831850334766115,-0.2831850334766115,-0.2831850334766115,-0.2831850021988679,-0.4413043260574341,0.38,1,2.0,0,0,1,0.7679233041556818,-0.4798690057793844,nan,0.08911498975967128,0.05088501024032873,-0.038229979519342545,10.863652229309082,-2.6161882877349854,2.458279236371064,0.019250001460313804,0.1581193238585662
226.94828939437866,1784883383.6865842,7.271766662597656e-05,1.3838996887207031,0.8607664108276367,0.4794631004333496,large_error_pd,2,1,1,FOLLOW_MAIN,1.0,5.846989294735491,152.1,152.1,152.1,0.256,0.256,0.256,4.289492654296267e-09,-4.6123019310505373e-14,0.65,0.72,0.01,0.05,-0.098865,-0.18431999999999998,-4.289492654296267e-11,2.306150965525269e-15,0.07,0.07,0.07,0.07,0.0507499985396862,-0.28318500004289254,-0.28318500004289254,-0.28318500004289254,-0.28318500004289254,-0.2831850021988679,-0.4413043260574341,0.38,1,2.0,0,0,1,0.7679233041553657,-0.4798690057793844,nan,0.08911498750289526,0.05088501249710476,-0.0382299750057905,10.863652229309082,-2.6161882877349854,2.458279236371064,0.019250001460313804,0.1581193238585662
227.38600945472717,1784883384.124305,0.4377939701080322,9.465217590332031e-05,1.298487901687622,0.9171853065490723,large_error_pd,2,1,1,FOLLOW_MAIN,1.0,5.846989294735491,152.1,152.1,152.1,0.256,0.256,0.256,4.289492654296267e-09,-4.6123019310505373e-14,0.65,0.72,0.01,0.05,-0.098865,-0.18431999999999998,-4.289492654296267e-11,2.306150965525269e-15,0.07,0.07,0.07,0.07,0.0507499985396862,-0.28318500004289254,-0.28318500004289254,-0.28318500004289254,-0.28318500004289254,-0.2831850000085789,-0.4413043260574341,0.38,1,2.0,0,0,1,0.7679233041553657,-0.4798690057793844,nan,0.08911498750289526,0.05088501249710476,-0.0382299750057905,10.863652229309082,-2.6161882877349854,2.458279236371064,0.019250001460313804,0.1581193260488552
228.1725151538849,1784883384.9108105,1.2242991924285889,0.7866001129150391,7.414817810058594e-05,1.7036898136138916,large_error_pd,2,1,1,FOLLOW_MAIN,1.0,5.846989294735491,152.1,152.1,152.1,0.256,0.256,0.256,4.289492654296267e-09,-4.6123019310505373e-14,0.65,0.72,0.01,0.05,-0.098865,-0.18431999999999998,-4.289492654296267e-11,2.306150965525269e-15,0.07,0.07,0.07,0.07,0.0507499985396862,-0.28318500004289254,-0.28318500004289254,-0.28318500004289254,-0.28318500004289254,-0.2831850000085789,-0.4413043260574341,0.38,1,2.0,0,0,1,0.7679233041553657,-0.4798690057793844,nan,0.08911498750289526,0.05088501249710476,-0.0382299750057905,10.78404426574707,-2.493800640106201,1.7832725850441982,0.019250001460313804,0.1581193260488552
228.55603313446045,1784883385.2943282,1.6078169345855713,1.1701176166534424,0.383591890335083,5.245208740234375e-05,large_error_pd,2,1,1,FOLLOW_MAIN,1.0,5.846989294735491,152.1,152.1,152.1,0.256,0.256,0.256,4.289492654296267e-09,-4.6123019310505373e-14,0.65,0.72,0.01,0.05,-0.098865,-0.18431999999999998,-4.289492654296267e-11,2.306150965525269e-15,0.07,0.07,0.07,0.07,0.0507499985396862,-0.28318500004289254,-0.28318500004289254,-0.28318500004289254,-0.28318500004289254,-0.2831850000085789,-0.4413043260574341,0.38,1,2.0,0,0,1,0.7679233041553657,-0.4798690057793844,nan,0.08911498750289526,0.05088501249710476,-0.0382299750057905,10.78404426574707,-2.493800640106201,1.7832725850441982,0.019250001460313804,0.1581193260488552
228.9646234512329,1784883385.7029188,9.608268737792969e-05,1.5787076950073242,0.7921819686889648,0.4086425304412842,large_error_pd,2,1,1,FOLLOW_MAIN,1.0,3.5916796908189177,152.1,152.1,152.1,0.256,0.256,0.256,3.165191721241173e-12,-3.403390812058848e-17,0.65,0.72,0.01,0.05,-0.098865,-0.18431999999999998,-3.165191721241173e-14,1.7016954060294242e-18,0.07,0.07,0.07,0.07,0.0507499985396862,-0.2831850000000316,-0.2831850000000316,-0.2831850000000316,-0.2831850000000316,-0.2831850000085789,-0.4413043260574341,0.38,1,2.0,0,0,1,0.7679233041553657,-0.4798690057793844,nan,0.08911498750000214,0.05088501249999787,-0.038229975000004274,10.78404426574707,-2.493800640106201,1.7832725850441982,0.019250001460313804,0.1581193260488552
229.38855910301208,1784883386.126854,0.42403149604797363,8.392333984375e-05,1.2161171436309814,0.8325774669647217,large_error_pd,2,1,1,FOLLOW_MAIN,1.0,3.5916796908189177,152.1,152.1,152.1,0.256,0.256,0.256,3.165191721241173e-12,-3.403390812058848e-17,0.65,0.72,0.01,0.05,-0.098865,-0.18431999999999998,-3.165191721241173e-14,1.7016954060294242e-18,0.07,0.07,0.07,0.07,0.0507499985396862,-0.2831850000000316,-0.2831850000000316,-0.2831850000000316,-0.2831850000000316,-0.2831850000000086,-0.4413043260574341,0.38,1,2.0,0,0,1,0.7679233041553657,-0.4798690057793844,nan,0.08911498750000214,0.05088501249999787,-0.038229975000004274,10.78404426574707,-2.493800640106201,1.7832725850441982,0.019250001460313804,0.15811932605742546
229.8060097694397,1784883386.5443053,0.8414843082427979,0.4175374507904053,8.845329284667969e-05,1.2500317096710205,large_error_pd,2,1,1,FOLLOW_MAIN,1.0,3.5916796908189177,152.1,152.1,152.1,0.256,0.256,0.256,3.165191721241173e-12,-3.403390812058848e-17,0.65,0.72,0.01,0.05,-0.098865,-0.18431999999999998,-3.165191721241173e-14,1.7016954060294242e-18,0.07,0.07,0.07,0.07,0.057999998331069946,-0.2831850000000316,-0.2831850000000316,-0.2831850000000316,-0.2831850000000316,-0.2831850000000086,-0.37826085090637207,0.38,1,2.0,0,0,1,0.7679233041553657,-0.4798690057793844,nan,0.08911498750000214,0.05088501249999787,-0.038229975000004274,10.781496047973633,-2.373403310775757,1.371850864814344,0.01200000166893006,0.09507585090636345
230.22605848312378,1784883386.9643536,1.261530876159668,0.8375835418701172,0.4201343059539795,3.790855407714844e-05,large_error_pd,2,1,1,FOLLOW_MAIN,1.0,3.5916796908189177,152.1,152.1,152.1,0.256,0.256,0.256,3.165191721241173e-12,-3.403390812058848e-17,0.65,0.72,0.01,0.05,-0.098865,-0.18431999999999998,-3.165191721241173e-14,1.7016954060294242e-18,0.07,0.07,0.07,0.07,0.057999998331069946,-0.2831850000000316,-0.2831850000000316,-0.2831850000000316,-0.2831850000000316,-0.2831850000000086,-0.37826085090637207,0.38,1,2.0,0,0,1,0.7679233041553657,-0.4798690057793844,nan,0.08911498750000214,0.05088501249999787,-0.038229975000004274,10.781496047973633,-2.373403310775757,1.371850864814344,0.01200000166893006,0.09507585090636345
230.63047218322754,1784883387.3687675,8.96453857421875e-05,1.2419984340667725,0.8245491981506348,0.4044525623321533,large_error_pd,2,1,1,FOLLOW_MAIN,1.0,5.614451460830028,152.1,152.1,152.1,0.256,0.256,0.256,1.1401440018558513e-14,-1.2259464708882148e-19,0.65,0.72,0.01,0.05,-0.098865,-0.18431999999999998,-1.1401440018558512e-16,6.1297323544410745e-21,0.07,0.07,0.07,0.07,0.057999998331069946,-0.2831850000000001,-0.2831850000000001,-0.2831850000000001,-0.2831850000000001,-0.2831850000000086,-0.37826085090637207,0.38,1,2.0,0,0,1,0.7679233041553657,-0.4798690057793844,nan,0.08911498750000002,0.0508850125,-0.03822997500000002,10.781496047973633,-2.373403310775757,1.371850864814344,0.01200000166893006,0.09507585090636345
231.15263295173645,1784883387.8909287,0.5223093032836914,0.00012755393981933594,1.3467693328857422,0.926673173904419,large_error_pd,2,1,1,FOLLOW_MAIN,1.0,5.614451460830028,152.1,152.1,152.1,0.256,0.256,0.256,1.1401440018558513e-14,-1.2259464708882148e-19,0.65,0.72,0.01,0.05,-0.098865,-0.18431999999999998,-1.1401440018558512e-16,6.1297323544410745e-21,0.07,0.07,0.07,0.07,0.057999998331069946,-0.2831850000000001,-0.2831850000000001,-0.2831850000000001,-0.2831850000000001,-0.28318499999999996,-0.37826085090637207,0.38,1,2.0,0,0,1,0.7679233041553657,-0.4798690057793844,nan,0.08911498750000002,0.0508850125,-0.03822997500000002,10.781496047973633,-2.373403310775757,1.371850864814344,0.01200000166893006,0.0950758509063721
231.58715105056763,1784883388.3254464,0.9567685127258301,0.4345865249633789,4.1961669921875e-05,1.361130952835083,large_error_pd,2,1,1,FOLLOW_MAIN,1.0,5.614451460830028,152.1,152.1,152.1,0.256,0.256,0.256,1.1401440018558513e-14,-1.2259464708882148e-19,0.65,0.72,0.01,0.05,-0.098865,-0.18431999999999998,-1.1401440018558512e-16,6.1297323544410745e-21,0.07,0.07,0.07,0.07,0.07612499594688416,-0.2831850000000001,-0.2831850000000001,-0.2831850000000001,-0.2831850000000001,-0.28318499999999996,-0.22065216302871704,0.38,1,2.0,0,0,1,0.7679233041553657,-0.4798690057793844,nan,0.08911498750000002,0.0508850125,-0.03822997500000002,10.83720874786377,-2.2669193744659424,0.8376520099012468,-0.006124995946884149,-0.06253283697128292
232.3044571876526,1784883389.0427523,1.674074411392212,1.1518924236297607,0.7173480987548828,4.696846008300781e-05,large_error_pd,2,1,1,FOLLOW_MAIN,1.0,5.614451460830028,152.1,152.1,152.1,0.256,0.256,0.256,1.1401440018558513e-14,-1.2259464708882148e-19,0.65,0.72,0.01,0.05,-0.098865,-0.18431999999999998,-1.1401440018558512e-16,6.1297323544410745e-21,0.07,0.07,0.07,0.07,0.07612499594688416,-0.2831850000000001,-0.2831850000000001,-0.2831850000000001,-0.2831850000000001,-0.28318499999999996,-0.22065216302871704,0.38,1,2.0,0,0,1,0.7679233041553657,-0.4798690057793844,nan,0.08911498750000002,0.0508850125,-0.03822997500000002,10.83720874786377,-2.2669193744659424,0.8376520099012468,-0.006124995946884149,-0.06253283697128292
232.7721254825592,1784883389.5104206,7.62939453125e-05,1.6195602416992188,1.1850159168243408,0.4677145481109619,large_error_pd,2,1,1,FOLLOW_MAIN,1.0,3.3903196780744835,152.1,152.1,152.1,0.256,0.256,0.256,1.796669581452163e-17,-1.0497910425688959e-22,0.65,0.72,0.01,0.05,-0.098865,-0.18431999999999998,-1.7966695814521628e-19,5.24895521284448e-24,0.07,0.07,0.07,0.07,0.07612499594688416,-0.28318499999999996,-0.28318499999999996,-0.28318499999999996,-0.28318499999999996,-0.28318499999999996,-0.22065216302871704,0.38,1,2.0,0,0,1,0.7679233041553657,-0.4798690057793844,nan,0.0891149875,0.05088501250000001,-0.038229975,10.83720874786377,-2.2669193744659424,0.8376520099012468,-0.006124995946884149,-0.06253283697128292
233.2506685256958,1784883389.9889634,0.4786193370819092,3.4332275390625e-05,1.6635584831237793,0.9462573528289795,large_error_pd,2,1,1,FOLLOW_MAIN,1.0,3.3903196780744835,152.1,152.1,152.1,0.256,0.256,0.256,1.796669581452163e-17,-1.0497910425688959e-22,0.65,0.72,0.01,0.05,-0.098865,-0.18431999999999998,-1.7966695814521628e-19,5.24895521284448e-24,0.07,0.07,0.07,0.07,0.07612499594688416,-0.28318499999999996,-0.28318499999999996,-0.28318499999999996,-0.28318499999999996,-0.2863122306969023,-0.22065216302871704,0.38,1,2.0,0,0,1,0.7679233041553657,-0.4798690057793844,nan,0.0891149875,0.05088501250000001,-0.038229975,10.83720874786377,-2.2669193744659424,0.8376520099012468,-0.006124995946884149,-0.06566006766818527
233.73546695709229,1784883390.4737623,0.96341872215271,0.4848344326019287,9.1552734375e-05,1.4310576915740967,large_error_pd,2,1,1,FOLLOW_MAIN,1.0,3.3903196780744835,152.1,152.1,152.1,0.256,0.256,0.256,1.796669581452163e-17,-1.0497910425688959e-22,0.65,0.72,0.01,0.05,-0.098865,-0.18431999999999998,-1.7966695814521628e-19,5.24895521284448e-24,0.07,0.07,0.07,0.07,0.0833749994635582,-0.28318499999999996,-0.28318499999999996,-0.28318499999999996,-0.28318499999999996,-0.2863122306969023,-0.22065217792987823,0.38,1,2.0,0,0,1,0.7679233041553657,-0.4798690057793844,nan,0.0891149875,0.05088501250000001,-0.038229975,10.969764709472656,-2.1859025955200195,0.26436502179629695,-0.01337499946355819,-0.06566005276702408
234.17122316360474,1784883390.9095182,1.3991751670837402,0.920590877532959,0.4358484745025635,6.723403930664062e-05,large_error_pd,2,1,1,FOLLOW_MAIN,1.0,3.3903196780744835,152.1,152.1,152.1,0.256,0.256,0.256,1.796669581452163e-17,-1.0497910425688959e-22,0.65,0.72,0.01,0.05,-0.098865,-0.18431999999999998,-1.7966695814521628e-19,5.24895521284448e-24,0.07,0.07,0.07,0.07,0.0833749994635582,-0.28318499999999996,-0.28318499999999996,-0.28318499999999996,-0.28318499999999996,-0.2863122306969023,-0.22065217792987823,0.38,1,2.0,0,0,1,0.7679233041553657,-0.4798690057793844,nan,0.0891149875,0.05088501250000001,-0.038229975,10.969764709472656,-2.1859025955200195,0.26436502179629695,-0.01337499946355819,-0.06566005276702408
234.6204776763916,1784883391.3587735,0.00013756752014160156,1.3698475360870361,0.8851051330566406,0.449324369430542,large_error_pd,2,1,1,FOLLOW_MAIN,1.0,4.843829952570772,154.9,154.89986035873727,154.89986035873727,0.261,0.2609999355186389,0.2609999355186389,0.00018289135894522632,0.0001744787596013983,0.65,0.72,0.01,0.05,-0.10068490923317923,-0.18791995357342,-1.8289135894522633e-06,-8.723937980069915e-06,0.07,0.07,0.07,0.07,0.0833749994635582,-0.2886154156581688,-0.2886154156581688,-0.2886154156581688,-0.2886154156581688,-0.2863122306969023,-0.22065217792987823,0.38,1,2.0,0,0,1,0.7627601783559719,-0.5380498399894731,nan,0.08948154055692639,0.050518459443073614,-0.03896308111385278,10.969764709472656,-2.1859025955200195,0.26436502179629695,-0.01337499946355819,-0.06566005276702408
235.10952496528625,1784883391.84782,0.4892144203186035,7.605552673339844e-05,1.374180555343628,0.938399076461792,large_error_pd,2,1,1,FOLLOW_MAIN,1.0,4.843829952570772,154.9,154.89986035873727,154.89986035873727,0.261,0.2609999355186389,0.2609999355186389,0.00018289135894522632,0.0001744787596013983,0.65,0.72,0.01,0.05,-0.10068490923317923,-0.18791995357342,-1.8289135894522633e-06,-8.723937980069915e-06,0.07,0.07,0.07,0.07,0.0833749994635582,-0.2886154156581688,-0.2886154156581688,-0.2886154156581688,-0.2886154156581688,-0.28860729577986516,-0.22065217792987823,0.38,1,2.0,0,0,1,0.7627601783559719,-0.5380498399894731,nan,0.08948154055692639,0.050518459443073614,-0.03896308111385278,10.969764709472656,-2.1859025955200195,0.26436502179629695,-0.01337499946355819,-0.06795511784998692
235.58210110664368,1784883392.3203967,0.9617595672607422,0.4726216793060303,6.532669067382812e-05,1.410944938659668,large_error_pd,2,1,1,FOLLOW_MAIN,1.0,4.843829952570772,154.9,154.89986035873727,154.89986035873727,0.261,0.2609999355186389,0.2609999355186389,0.00018289135894522632,0.0001744787596013983,0.65,0.72,0.01,0.05,-0.10068490923317923,-0.18791995357342,-1.8289135894522633e-06,-8.723937980069915e-06,0.07,0.07,0.07,0.07,0.09424999356269836,-0.2886154156581688,-0.2886154156581688,-0.2886154156581688,-0.2886154156581688,-0.28860729577986516,-0.06304347515106201,0.38,1,2.0,0,0,1,0.7627601783559719,-0.5380498399894731,nan,0.08948154055692639,0.050518459443073614,-0.03896308111385278,11.099540710449219,-2.1928224563598633,-0.28713864225952695,-0.024249993562698358,-0.22556382062880315
236.02895975112915,1784883392.7672548,1.4086170196533203,0.9194786548614502,0.44692206382751465,4.267692565917969e-05,large_error_pd,2,1,1,FOLLOW_MAIN,1.0,4.843829952570772,154.9,154.89986035873727,154.89986035873727,0.261,0.2609999355186389,0.2609999355186389,0.00018289135894522632,0.0001744787596013983,0.65,0.72,0.01,0.05,-0.10068490923317923,-0.18791995357342,-1.8289135894522633e-06,-8.723937980069915e-06,0.07,0.07,0.07,0.07,0.09424999356269836,-0.2886154156581688,-0.2886154156581688,-0.2886154156581688,-0.2886154156581688,-0.28860729577986516,-0.06304347515106201,0.38,1,2.0,0,0,1,0.7627601783559719,-0.5380498399894731,nan,0.08948154055692639,0.050518459443073614,-0.03896308111385278,11.099540710449219,-2.1928224563598633,-0.28713864225952695,-0.024249993562698358,-0.22556382062880315
236.50260090827942,1784883393.2408962,0.00012564659118652344,1.3931207656860352,0.9205644130706787,0.47368454933166504,large_error_pd,2,1,1,FOLLOW_MAIN,1.0,3.283461478838302,154.9,154.89999999820378,154.89999999820378,0.261,0.26099999999917056,0.26099999999917056,9.597971381893814e-07,9.131644043766349e-07,0.65,0.72,0.01,0.05,-0.10068499999883246,-0.1879199999994028,-9.597971381893814e-09,-4.565822021883175e-08,0.07,0.07,0.07,0.07,0.09424999356269836,-0.2886050552544268,-0.2886050552544268,-0.2886050552544268,-0.2886050552544268,-0.28860729577986516,-0.06304347515106201,0.38,1,2.0,0,0,1,0.7627600767477063,-0.5380498399716928,nan,0.08948084122967381,0.0505191587703262,-0.03896168245934761,11.099540710449219,-2.1928224563598633,-0.28713864225952695,-0.024249993562698358,-0.22556382062880315
237.01123571395874,1784883393.7495315,0.508760929107666,7.390975952148438e-05,1.429198980331421,0.9823191165924072,large_error_pd,2,1,1,FOLLOW_MAIN,1.0,3.283461478838302,154.9,154.89999999820378,154.89999999820378,0.261,0.26099999999917056,0.26099999999917056,9.597971381893814e-07,9.131644043766349e-07,0.65,0.72,0.01,0.05,-0.10068499999883246,-0.1879199999994028,-9.597971381893814e-09,-4.565822021883175e-08,0.07,0.07,0.07,0.07,0.09424999356269836,-0.2886050552544268,-0.2886050552544268,-0.2886050552544268,-0.2886050552544268,-0.2886050061076987,-0.06304347515106201,0.38,1,2.0,0,0,1,0.7627600767477063,-0.5380498399716928,nan,0.08948084122967381,0.0505191587703262,-0.03896168245934761,11.099540710449219,-2.1928224563598633,-0.28713864225952695,-0.024249993562698358,-0.22556153095663667
237.56352925300598,1784883394.301824,1.06105375289917,0.5523672103881836,6.794929504394531e-05,1.534611701965332,large_error_pd,2,1,1,FOLLOW_MAIN,1.0,3.283461478838302,154.9,154.89999999820378,154.89999999820378,0.261,0.26099999999917056,0.26099999999917056,9.597971381893814e-07,9.131644043766349e-07,0.65,0.72,0.01,0.05,-0.10068499999883246,-0.1879199999994028,-9.597971381893814e-09,-4.565822021883175e-08,0.07,0.07,0.07,0.07,0.0507499985396862,-0.2886050552544268,-0.2886050552544268,-0.2886050552544268,-0.2886050552544268,-0.2886050061076987,-0.4413043260574341,0.38,1,2.0,0,0,1,0.7627600767477063,-0.5380498399716928,nan,0.08948084122967381,0.0505191587703262,-0.03896168245934761,11.184261322021484,-2.2384188175201416,-0.7012392690992746,0.019250001460313804,0.1526993199497354
238.00335812568665,1784883394.741653,1.5008823871612549,0.9921956062316895,0.4398963451385498,5.841255187988281e-05,large_error_pd,2,1,1,FOLLOW_MAIN,1.0,3.283461478838302,154.9,154.89999999820378,154.89999999820378,0.261,0.26099999999917056,0.26099999999917056,9.597971381893814e-07,9.131644043766349e-07,0.65,0.72,0.01,0.05,-0.10068499999883246,-0.1879199999994028,-9.597971381893814e-09,-4.565822021883175e-08,0.07,0.07,0.07,0.07,0.0507499985396862,-0.2886050552544268,-0.2886050552544268,-0.2886050552544268,-0.2886050552544268,-0.2886050061076987,-0.4413043260574341,0.38,1,2.0,0,0,1,0.7627600767477063,-0.5380498399716928,nan,0.08948084122967381,0.0505191587703262,-0.03896168245934761,11.184261322021484,-2.2384188175201416,-0.7012392690992746,0.019250001460313804,0.1526993199497354
238.52186036109924,1784883395.2601557,9.489059448242188e-05,1.5106990337371826,0.9584002494812012,0.5185625553131104,large_error_pd,2,1,1,FOLLOW_MAIN,1.0,5.109334725525225,154.9,154.9,154.9,0.261,0.261,0.261,7.087024173376237e-10,6.742648768831401e-10,0.65,0.72,0.01,0.05,-0.10068500000000001,-0.18792,-7.087024173376237e-12,-3.3713243844157005e-11,0.07,0.07,0.07,0.07,0.0507499985396862,-0.28860500004080025,-0.28860500004080025,-0.28860500004080025,-0.28860500004080025,-0.2886050061076987,-0.4413043260574341,0.38,1,2.0,0,0,1,0.7627600767463992,-0.5380498399716928,nan,0.08948083750275403,0.05051916249724599,-0.03896167500550804,11.184261322021484,-2.2384188175201416,-0.7012392690992746,0.019250001460313804,0.1526993199497354
239.01158905029297,1784883395.7498841,0.4898233413696289,8.082389831542969e-05,1.4481275081634521,1.0082895755767822,large_error_pd,2,1,1,FOLLOW_MAIN,1.0,5.109334725525225,154.9,154.9,154.9,0.261,0.261,0.261,7.087024173376237e-10,6.742648768831401e-10,0.65,0.72,0.01,0.05,-0.10068500000000001,-0.18792,-7.087024173376237e-12,-3.3713243844157005e-11,0.07,0.07,0.07,0.07,0.0507499985396862,-0.28860500004080025,-0.28860500004080025,-0.28860500004080025,-0.28860500004080025,-0.2886050000096443,-0.4413043260574341,0.38,1,2.0,0,0,1,0.7627600767463992,-0.5380498399716928,nan,0.08948083750275403,0.05051916249724599,-0.03896167500550804,11.184261322021484,-2.2384188175201416,-0.7012392690992746,0.019250001460313804,0.1526993260477898
239.4825849533081,1784883396.2208798,0.9608190059661865,0.47107672691345215,7.891654968261719e-05,1.4792850017547607,large_error_pd,2,1,1,FOLLOW_MAIN,1.0,5.109334725525225,154.9,154.9,154.9,0.261,0.261,0.261,7.087024173376237e-10,6.742648768831401e-10,0.65,0.72,0.01,0.05,-0.10068500000000001,-0.18792,-7.087024173376237e-12,-3.3713243844157005e-11,0.07,0.07,0.07,0.07,0.0507499985396862,-0.28860500004080025,-0.28860500004080025,-0.28860500004080025,-0.28860500004080025,-0.2886050000096443,-0.4413043260574341,0.38,1,2.0,0,0,1,0.7627600767463992,-0.5380498399716928,nan,0.08948083750275403,0.05051916249724599,-0.03896167500550804,11.31375789642334,-2.393289089202881,-1.1873980825299733,0.019250001460313804,0.1526993260477898
239.96382021903992,1784883396.702115,1.4420537948608398,0.9523115158081055,0.48131442070007324,3.504753112792969e-05,large_error_pd,2,1,1,FOLLOW_MAIN,1.0,5.109334725525225,154.9,154.9,154.9,0.261,0.261,0.261,7.087024173376237e-10,6.742648768831401e-10,0.65,0.72,0.01,0.05,-0.10068500000000001,-0.18792,-7.087024173376237e-12,-3.3713243844157005e-11,0.07,0.07,0.07,0.07,0.0507499985396862,-0.28860500004080025,-0.28860500004080025,-0.28860500004080025,-0.28860500004080025,-0.2886050000096443,-0.4413043260574341,0.38,1,2.0,0,0,1,0.7627600767463992,-0.5380498399716928,nan,0.08948083750275403,0.05051916249724599,-0.03896167500550804,11.31375789642334,-2.393289089202881,-1.1873980825299733,0.019250001460313804,0.1526993260477898
240.4276978969574,1784883397.1659927,6.461143493652344e-05,1.4161903858184814,0.9451930522918701,0.4639139175415039,large_error_pd,2,1,1,FOLLOW_MAIN,1.0,4.835121956134794,154.9,154.9,154.9,0.261,0.261,0.261,1.3070425531260051e-12,1.243547086256588e-12,0.65,0.72,0.01,0.05,-0.10068500000000001,-0.18792,-1.3070425531260051e-14,-6.217735431282941e-14,0.07,0.07,0.07,0.07,0.0507499985396862,-0.2886050000000752,-0.2886050000000752,-0.2886050000000752,-0.2886050000000752,-0.2886050000096443,-0.4413043260574341,0.38,1,2.0,0,0,1,0.7627600767463992,-0.5380498399716928,nan,0.08948083750000509,0.05051916249999493,-0.03896167500001016,11.31375789642334,-2.393289089202881,-1.1873980825299733,0.019250001460313804,0.1526993260477898
240.90889358520508,1784883397.6471884,0.4812602996826172,5.9604644775390625e-05,1.4263880252838135,0.9451086521148682,large_error_pd,2,1,1,FOLLOW_MAIN,1.0,4.835121956134794,154.9,154.9,154.9,0.261,0.261,0.261,1.3070425531260051e-12,1.243547086256588e-12,0.65,0.72,0.01,0.05,-0.10068500000000001,-0.18792,-1.3070425531260051e-14,-6.217735431282941e-14,0.07,0.07,0.07,0.07,0.0507499985396862,-0.2886050000000752,-0.2886050000000752,-0.2886050000000752,-0.2886050000000752,-0.2886050000000172,-0.4413043260574341,0.38,1,2.0,0,0,1,0.7627600767463992,-0.5380498399716928,nan,0.08948083750000509,0.05051916249999493,-0.03896167500001016,11.31375789642334,-2.393289089202881,-1.1873980825299733,0.019250001460313804,0.15269932605741687
241.39600610733032,1784883398.1343012,0.9683725833892822,0.48717236518859863,4.220008850097656e-05,1.4322214126586914,large_error_pd,2,1,1,FOLLOW_MAIN,1.0,4.835121956134794,154.9,154.9,154.9,0.261,0.261,0.261,1.3070425531260051e-12,1.243547086256588e-12,0.65,0.72,0.01,0.05,-0.10068500000000001,-0.18792,-1.3070425531260051e-14,-6.217735431282941e-14,0.07,0.07,0.07,0.07,0.054375000298023224,-0.2886050000000752,-0.2886050000000752,-0.2886050000000752,-0.2886050000000752,-0.2886050000000172,-0.4728260934352875,0.38,1,2.0,0,0,1,0.7627600767463992,-0.5380498399716928,nan,0.08948083750000509,0.05051916249999493,-0.03896167500001016,11.336993217468262,-2.528871536254883,-1.7592350235598688,0.015624999701976783,0.18422109343527027
241.9290657043457,1784883398.6673608,1.5014317035675049,1.0202312469482422,0.5331013202667236,4.2438507080078125e-05,large_error_pd,2,1,1,FOLLOW_MAIN,1.0,4.835121956134794,154.9,154.9,154.9,0.261,0.261,0.261,1.3070425531260051e-12,1.243547086256588e-12,0.65,0.72,0.01,0.05,-0.10068500000000001,-0.18792,-1.3070425531260051e-14,-6.217735431282941e-14,0.07,0.07,0.07,0.07,0.054375000298023224,-0.2886050000000752,-0.2886050000000752,-0.2886050000000752,-0.2886050000000752,-0.2886050000000172,-0.4728260934352875,0.38,1,2.0,0,0,1,0.7627600767463992,-0.5380498399716928,nan,0.08948083750000509,0.05051916249999493,-0.03896167500001016,11.336993217468262,-2.528871536254883,-1.7592350235598688,0.015624999701976783,0.18422109343527027
242.3234736919403,1784883399.0617688,5.245208740234375e-05,1.414639949798584,0.9275100231170654,0.3944509029388428,large_error_pd,2,1,1,FOLLOW_MAIN,1.0,5.122056209143766,154.9,154.9,154.9,0.261,0.261,0.261,2.9179441427835875e-15,2.776191890569758e-15,0.65,0.72,0.01,0.05,-0.10068500000000001,-0.18792,-2.9179441427835874e-17,-1.388095945284879e-16,0.07,0.07,0.07,0.07,0.054375000298023224,-0.2886050000000002,-0.2886050000000002,-0.2886050000000002,-0.2886050000000002,-0.2886050000000172,-0.4728260934352875,0.38,1,2.0,0,0,1,0.7627600767463992,-0.5380498399716928,nan,0.08948083750000002,0.05051916249999999,-0.03896167500000003,11.336993217468262,-2.528871536254883,-1.7592350235598688,0.015624999701976783,0.18422109343527027
242.7622652053833,1784883399.50056,0.4388437271118164,3.361701965332031e-05,1.3663010597229004,0.8332419395446777,large_error_pd,2,1,1,FOLLOW_MAIN,1.0,5.122056209143766,154.9,154.9,154.9,0.261,0.261,0.261,2.9179441427835875e-15,2.776191890569758e-15,0.65,0.72,0.01,0.05,-0.10068500000000001,-0.18792,-2.9179441427835874e-17,-1.388095945284879e-16,0.07,0.07,0.07,0.07,0.054375000298023224,-0.2886050000000002,-0.2886050000000002,-0.2886050000000002,-0.2886050000000002,-0.28860500000000006,-0.4728260934352875,0.38,1,2.0,0,0,1,0.7627600767463992,-0.5380498399716928,nan,0.08948083750000002,0.05051916249999999,-0.03896167500000003,11.336993217468262,-2.528871536254883,-1.7592350235598688,0.015624999701976783,0.18422109343528742
243.187171459198,1784883399.9254665,0.8637499809265137,0.4249401092529297,3.695487976074219e-05,1.258148193359375,large_error_pd,2,1,1,FOLLOW_MAIN,1.0,5.122056209143766,154.9,154.9,154.9,0.261,0.261,0.261,2.9179441427835875e-15,2.776191890569758e-15,0.65,0.72,0.01,0.05,-0.10068500000000001,-0.18792,-2.9179441427835874e-17,-1.388095945284879e-16,0.07,0.07,0.07,0.07,0.0253749992698431,-0.2886050000000002,-0.2886050000000002,-0.2886050000000002,-0.2886050000000002,-0.28860500000000006,-0.22065216302871704,0.38,1,2.0,0,0,1,0.7627600767463992,-0.5380498399716928,nan,0.08948083750000002,0.05051916249999999,-0.03896167500000003,11.293267250061035,-2.641906976699829,-2.1599060479192924,0.044625000730156905,-0.06795283697128301
243.61280584335327,1784883400.351101,1.289384365081787,0.8505754470825195,0.4256725311279297,4.506111145019531e-05,large_error_pd,2,1,1,FOLLOW_MAIN,1.0,5.122056209143766,154.9,154.9,154.9,0.261,0.261,0.261,2.9179441427835875e-15,2.776191890569758e-15,0.65,0.72,0.01,0.05,-0.10068500000000001,-0.18792,-2.9179441427835874e-17,-1.388095945284879e-16,0.07,0.07,0.07,0.07,0.0253749992698431,-0.2886050000000002,-0.2886050000000002,-0.2886050000000002,-0.2886050000000002,-0.28860500000000006,-0.22065216302871704,0.38,1,2.0,0,0,1,0.7627600767463992,-0.5380498399716928,nan,0.08948083750000002,0.05051916249999999,-0.03896167500000003,11.293267250061035,-2.641906976699829,-2.1599060479192924,0.044625000730156905,-0.06795283697128301
243.99441480636597,1784883400.73271,4.863739013671875e-05,1.2321832180023193,0.8072807788848877,0.3816530704498291,large_error_pd,2,1,1,FOLLOW_MAIN,1.0,3.534819189678815,154.9,154.9,154.9,0.261,0.261,0.261,1.1340268968745953e-17,1.0789364431725978e-17,0.65,0.72,0.01,0.05,-0.10068500000000001,-0.18792,-1.1340268968745953e-19,-5.394682215862989e-19,0.07,0.07,0.07,0.07,0.0253749992698431,-0.288605,-0.288605,-0.288605,-0.288605,-0.28860500000000006,-0.22065216302871704,0.38,1,2.0,0,0,1,0.7627600767463992,-0.5380498399716928,nan,0.08948083750000001,0.050519162500000006,-0.038961675,11.293267250061035,-2.641906976699829,-2.1599060479192924,0.044625000730156905,-0.06795283697128301
244.39719247817993,1784883401.1354873,0.40282630920410156,3.5762786865234375e-05,1.2100577354431152,0.7844302654266357,large_error_pd,2,1,1,FOLLOW_MAIN,1.0,3.534819189678815,154.9,154.9,154.9,0.261,0.261,0.261,1.1340268968745953e-17,1.0789364431725978e-17,0.65,0.72,0.01,0.05,-0.10068500000000001,-0.18792,-1.1340268968745953e-19,-5.394682215862989e-19,0.07,0.07,0.07,0.07,0.0253749992698431,-0.288605,-0.288605,-0.288605,-0.288605,-0.288605,-0.22065216302871704,0.38,1,2.0,0,0,1,0.7627600767463992,-0.5380498399716928,nan,0.08948083750000001,0.050519162500000006,-0.038961675,11.293267250061035,-2.641906976699829,-2.1599060479192924,0.044625000730156905,-0.06795283697128296
244.8442826271057,1784883401.582578,0.8499176502227783,0.4471282958984375,8.440017700195312e-05,1.2315232753753662,large_error_pd,2,1,1,FOLLOW_MAIN,1.0,3.534819189678815,154.9,154.9,154.9,0.261,0.261,0.261,1.1340268968745953e-17,1.0789364431725978e-17,0.65,0.72,0.01,0.05,-0.10068500000000001,-0.18792,-1.1340268968745953e-19,-5.394682215862989e-19,0.07,0.07,0.07,0.07,0.08699999749660492,-0.288605,-0.288605,-0.288605,-0.288605,-0.288605,-0.12608695030212402,0.38,1,2.0,0,0,1,0.7627600767463992,-0.5380498399716928,nan,0.08948083750000001,0.050519162500000006,-0.038961675,11.192724227905273,-2.7198915481567383,-2.7181546271059025,-0.016999997496604913,-0.16251804969787598
245.28895926475525,1784883402.027254,1.2945928573608398,0.8918027877807617,0.44475841522216797,3.457069396972656e-05,large_error_pd,2,1,1,FOLLOW_MAIN,1.0,3.534819189678815,154.9,154.9,154.9,0.261,0.261,0.261,1.1340268968745953e-17,1.0789364431725978e-17,0.65,0.72,0.01,0.05,-0.10068500000000001,-0.18792,-1.1340268968745953e-19,-5.394682215862989e-19,0.07,0.07,0.07,0.07,0.08699999749660492,-0.288605,-0.288605,-0.288605,-0.288605,-0.288605,-0.12608695030212402,0.38,1,2.0,0,0,1,0.7627600767463992,-0.5380498399716928,nan,0.08948083750000001,0.050519162500000006,-0.038961675,11.192724227905273,-2.7198915481567383,-2.7181546271059025,-0.016999997496604913,-0.16251804969787598
245.7902271747589,1784883402.5285223,5.555152893066406e-05,1.3930718898773193,0.9460277557373047,0.5013043880462646,large_error_pd,2,1,1,FOLLOW_MAIN,1.0,4.639463783387607,154.9,154.9,154.9,0.261,0.261,0.261,2.2041641188189767e-20,2.0970869395438997e-20,0.65,0.72,0.01,0.05,-0.10068500000000001,-0.18792,-2.204164118818977e-22,-1.04854346977195e-21,0.07,0.07,0.07,0.07,0.08699999749660492,-0.288605,-0.288605,-0.288605,-0.288605,-0.288605,-0.12608695030212402,0.38,1,2.0,0,0,1,0.7627600767463992,-0.5380498399716928,nan,0.08948083750000001,0.050519162500000006,-0.038961675,11.192724227905273,-2.7198915481567383,-2.7181546271059025,-0.016999997496604913,-0.16251804969787598
246.2778263092041,1784883403.0161211,0.487654447555542,3.528594970703125e-05,1.4336326122283936,0.9889087677001953,large_error_pd,2,1,1,FOLLOW_MAIN,1.0,4.639463783387607,154.9,154.9,154.9,0.261,0.261,0.261,2.2041641188189767e-20,2.0970869395438997e-20,0.65,0.72,0.01,0.05,-0.10068500000000001,-0.18792,-2.204164118818977e-22,-1.04854346977195e-21,0.07,0.07,0.07,0.07,0.08699999749660492,-0.288605,-0.288605,-0.288605,-0.288605,-0.288605,-0.12608695030212402,0.38,1,2.0,0,0,1,0.7627600767463992,-0.5380498399716928,nan,0.08948083750000001,0.050519162500000006,-0.038961675,11.192724227905273,-2.7198915481567383,-2.7181546271059025,-0.016999997496604913,-0.16251804969787598
246.7395374774933,1784883403.4778328,0.9493658542633057,0.4617469310760498,3.528594970703125e-05,1.450613021850586,large_error_pd,2,1,1,FOLLOW_MAIN,1.0,4.639463783387607,154.9,154.9,154.9,0.261,0.261,0.261,2.2041641188189767e-20,2.0970869395438997e-20,0.65,0.72,0.01,0.05,-0.10068500000000001,-0.18792,-2.204164118818977e-22,-1.04854346977195e-21,0.07,0.07,0.07,0.07,0.09424999356269836,-0.288605,-0.288605,-0.288605,-0.288605,-0.288605,-0.06304347515106201,0.38,1,2.0,0,0,1,0.7627600767463992,-0.5380498399716928,nan,0.08948083750000001,0.050519162500000006,-0.038961675,11.075498580932617,-2.737048625946045,3.0008865613682763,-0.024249993562698358,-0.225561524848938
247.10423755645752,1784883403.8425324,1.3140654563903809,0.826446533203125,0.36473512649536133,5.602836608886719e-05,large_error_pd,2,1,1,FOLLOW_MAIN,1.0,4.639463783387607,154.9,154.9,154.9,0.261,0.261,0.261,2.2041641188189767e-20,2.0970869395438997e-20,0.65,0.72,0.01,0.05,-0.10068500000000001,-0.18792,-2.204164118818977e-22,-1.04854346977195e-21,0.07,0.07,0.07,0.07,0.09424999356269836,-0.288605,-0.288605,-0.288605,-0.288605,-0.288605,-0.06304347515106201,0.38,1,2.0,0,0,1,0.7627600767463992,-0.5380498399716928,nan,0.08948083750000001,0.050519162500000006,-0.038961675,11.075498580932617,-2.737048625946045,3.0008865613682763,-0.024249993562698358,-0.225561524848938
247.57112169265747,1784883404.3094165,3.886222839355469e-05,1.2933306694030762,0.8316192626953125,0.46693992614746094,large_error_pd,2,1,1,FOLLOW_MAIN,1.0,5.639050065892235,154.9,154.9,154.9,0.261,0.261,0.261,8.671274792760745e-23,8.250028644345351e-23,0.65,0.72,0.01,0.05,-0.10068500000000001,-0.18792,-8.671274792760744e-25,-4.125014322172676e-24,0.07,0.07,0.07,0.07,0.09424999356269836,-0.288605,-0.288605,-0.288605,-0.288605,-0.288605,-0.06304347515106201,0.38,1,2.0,0,0,1,0.7627600767463992,-0.5380498399716928,nan,0.08948083750000001,0.050519162500000006,-0.038961675,11.075498580932617,-2.737048625946045,3.0008865613682763,-0.024249993562698358,-0.225561524848938
248.04595136642456,1784883404.7842464,0.4748692512512207,4.506111145019531e-05,1.3064498901367188,0.9417705535888672,large_error_pd,2,1,1,FOLLOW_MAIN,1.0,5.639050065892235,154.9,154.9,154.9,0.261,0.261,0.261,8.671274792760745e-23,8.250028644345351e-23,0.65,0.72,0.01,0.05,-0.10068500000000001,-0.18792,-8.671274792760744e-25,-4.125014322172676e-24,0.07,0.07,0.07,0.07,0.09424999356269836,-0.288605,-0.288605,-0.288605,-0.288605,-0.288605,-0.06304347515106201,0.38,1,2.0,0,0,1,0.7627600767463992,-0.5380498399716928,nan,0.08948083750000001,0.050519162500000006,-0.038961675,11.075498580932617,-2.737048625946045,3.0008865613682763,-0.024249993562698358,-0.225561524848938
248.42892336845398,1784883405.1672182,0.8578405380249023,0.38301682472229004,4.792213439941406e-05,1.3247418403625488,large_error_pd,2,1,1,FOLLOW_MAIN,1.0,5.639050065892235,154.9,154.9,154.9,0.261,0.261,0.261,8.671274792760745e-23,8.250028644345351e-23,0.65,0.72,0.01,0.05,-0.10068500000000001,-0.18792,-8.671274792760744e-25,-4.125014322172676e-24,0.07,0.07,0.07,0.07,0.0507499985396862,-0.288605,-0.288605,-0.288605,-0.288605,-0.288605,-0.4413043260574341,0.38,1,2.0,0,0,1,0.7627600767463992,-0.5380498399716928,nan,0.08948083750000001,0.050519162500000006,-0.038961675,10.967144966125488,-2.6990954875946045,2.521219905064088,0.019250001460313804,0.15269932605743408
248.81455612182617,1784883405.552851,1.2434735298156738,0.7686498165130615,0.3856809139251709,5.507469177246094e-05,large_error_pd,2,1,1,FOLLOW_MAIN,1.0,5.639050065892235,154.9,154.9,154.9,0.261,0.261,0.261,8.671274792760745e-23,8.250028644345351e-23,0.65,0.72,0.01,0.05,-0.10068500000000001,-0.18792,-8.671274792760744e-25,-4.125014322172676e-24,0.07,0.07,0.07,0.07,0.0507499985396862,-0.288605,-0.288605,-0.288605,-0.288605,-0.288605,-0.4413043260574341,0.38,1,2.0,0,0,1,0.7627600767463992,-0.5380498399716928,nan,0.08948083750000001,0.050519162500000006,-0.038961675,10.967144966125488,-2.6990954875946045,2.521219905064088,0.019250001460313804,0.15269932605743408
249.21418976783752,1784883405.9524848,6.127357482910156e-05,1.1682839393615723,0.7853150367736816,0.3996894359588623,large_error_pd,2,1,1,FOLLOW_MAIN,1.0,5.478960471964438,154.9,154.9,154.9,0.261,0.261,0.261,2.7680137564586196e-25,2.63354504666263e-25,0.65,0.72,0.01,0.05,-0.10068500000000001,-0.18792,-2.7680137564586195e-27,-1.3167725233313153e-26,0.07,0.07,0.07,0.07,0.0507499985396862,-0.288605,-0.288605,-0.288605,-0.288605,-0.288605,-0.4413043260574341,0.38,1,2.0,0,0,1,0.7627600767463992,-0.5380498399716928,nan,0.08948083750000001,0.050519162500000006,-0.038961675,10.967144966125488,-2.6990954875946045,2.521219905064088,0.019250001460313804,0.15269932605743408
249.6225302219391,1784883406.360825,0.4084010124206543,4.410743713378906e-05,1.1936547756195068,0.8080289363861084,large_error_pd,2,1,1,FOLLOW_MAIN,1.0,5.478960471964438,154.9,154.9,154.9,0.261,0.261,0.261,2.7680137564586196e-25,2.63354504666263e-25,0.65,0.72,0.01,0.05,-0.10068500000000001,-0.18792,-2.7680137564586195e-27,-1.3167725233313153e-26,0.07,0.07,0.07,0.07,0.0507499985396862,-0.288605,-0.288605,-0.288605,-0.288605,-0.288605,-0.4413043260574341,0.38,1,2.0,0,0,1,0.7627600767463992,-0.5380498399716928,nan,0.08948083750000001,0.050519162500000006,-0.038961675,10.967144966125488,-2.6990954875946045,2.521219905064088,0.019250001460313804,0.15269932605743408
250.05609035491943,1784883406.7943854,0.8419613838195801,0.43360424041748047,4.0531158447265625e-05,1.241589069366455,large_error_pd,2,1,1,FOLLOW_MAIN,1.0,5.478960471964438,154.9,154.9,154.9,0.261,0.261,0.261,2.7680137564586196e-25,2.63354504666263e-25,0.65,0.72,0.01,0.05,-0.10068500000000001,-0.18792,-2.7680137564586195e-27,-1.3167725233313153e-26,0.07,0.07,0.07,0.07,0.0833749994635582,-0.288605,-0.288605,-0.288605,-0.288605,-0.288605,-0.15760867297649384,0.38,1,2.0,0,0,1,0.7627600767463992,-0.5380498399716928,nan,0.08948083750000001,0.050519162500000006,-0.038961675,10.89000129699707,-2.612018585205078,2.0978199824328247,-0.01337499946355819,-0.13099632702350616
250.45158004760742,1784883407.1898754,1.2374513149261475,0.829094409942627,0.39553093910217285,5.698204040527344e-05,large_error_pd,2,1,1,FOLLOW_MAIN,1.0,5.478960471964438,154.9,154.9,154.9,0.261,0.261,0.261,2.7680137564586196e-25,2.63354504666263e-25,0.65,0.72,0.01,0.05,-0.10068500000000001,-0.18792,-2.7680137564586195e-27,-1.3167725233313153e-26,0.07,0.07,0.07,0.07,0.0833749994635582,-0.288605,-0.288605,-0.288605,-0.288605,-0.288605,-0.15760867297649384,0.38,1,2.0,0,0,1,0.7627600767463992,-0.5380498399716928,nan,0.08948083750000001,0.050519162500000006,-0.038961675,10.89000129699707,-2.612018585205078,2.0978199824328247,-0.01337499946355819,-0.13099632702350616
250.84515833854675,1784883407.5834532,3.933906555175781e-05,1.2226715087890625,0.7891085147857666,0.3936343193054199,large_error_pd,2,1,1,FOLLOW_MAIN,1.0,5.106457952086643,154.9,154.9,154.9,0.261,0.261,0.261,1.2741397523840229e-27,1.2122426869510602e-27,0.65,0.72,0.01,0.05,-0.10068500000000001,-0.18792,-1.2741397523840228e-29,-6.061213434755302e-29,0.07,0.07,0.07,0.07,0.0833749994635582,-0.288605,-0.288605,-0.288605,-0.288605,-0.288605,-0.15760867297649384,0.38,1,2.0,0,0,1,0.7627600767463992,-0.5380498399716928,nan,0.08948083750000001,0.050519162500000006,-0.038961675,10.89000129699707,-2.612018585205078,2.0978199824328247,-0.01337499946355819,-0.13099632702350616
251.2546489238739,1784883407.9929442,0.4095308780670166,8.940696716308594e-05,1.1986000537872314,0.8031260967254639,large_error_pd,2,1,1,FOLLOW_MAIN,1.0,5.106457952086643,154.9,154.9,154.9,0.261,0.261,0.261,1.2741397523840229e-27,1.2122426869510602e-27,0.65,0.72,0.01,0.05,-0.10068500000000001,-0.18792,-1.2741397523840228e-29,-6.061213434755302e-29,0.07,0.07,0.07,0.07,0.0833749994635582,-0.288605,-0.288605,-0.288605,-0.288605,-0.288605,-0.15760867297649384,0.38,1,2.0,0,0,1,0.7627600767463992,-0.5380498399716928,nan,0.08948083750000001,0.050519162500000006,-0.038961675,10.89000129699707,-2.612018585205078,2.0978199824328247,-0.01337499946355819,-0.13099632702350616
251.62470984458923,1784883408.363005,0.7795910835266113,0.3701496124267578,3.647804260253906e-05,1.1731860637664795,large_error_pd,2,1,1,FOLLOW_MAIN,1.0,5.106457952086643,154.9,154.9,154.9,0.261,0.261,0.261,1.2741397523840229e-27,1.2122426869510602e-27,0.65,0.72,0.01,0.05,-0.10068500000000001,-0.18792,-1.2741397523840228e-29,-6.061213434755302e-29,0.07,0.07,0.07,0.07,0.0507499985396862,-0.288605,-0.288605,-0.288605,-0.288605,-0.288605,-0.4413043260574341,0.38,1,2.0,0,0,1,0.7627600767463992,-0.5380498399716928,nan,0.08948083750000001,0.050519162500000006,-0.038961675,10.861227035522461,-2.514439582824707,1.5854660771699036,0.019250001460313804,0.15269932605743408
252.01736164093018,1784883408.7556567,1.172243356704712,0.7628021240234375,0.3926889896392822,3.981590270996094e-05,large_error_pd,2,1,1,FOLLOW_MAIN,1.0,5.106457952086643,154.9,154.9,154.9,0.261,0.261,0.261,1.2741397523840229e-27,1.2122426869510602e-27,0.65,0.72,0.01,0.05,-0.10068500000000001,-0.18792,-1.2741397523840228e-29,-6.061213434755302e-29,0.07,0.07,0.07,0.07,0.0507499985396862,-0.288605,-0.288605,-0.288605,-0.288605,-0.288605,-0.4413043260574341,0.38,1,2.0,0,0,1,0.7627600767463992,-0.5380498399716928,nan,0.08948083750000001,0.050519162500000006,-0.038961675,10.861227035522461,-2.514439582824707,1.5854660771699036,0.019250001460313804,0.15269932605743408
252.4021031856537,1784883409.1403985,7.963180541992188e-05,1.1475448608398438,0.7774317264556885,0.3847830295562744,large_error_pd,2,1,1,FOLLOW_MAIN,1.0,5.359037385551946,154.9,154.9,154.9,0.261,0.261,0.261,5.4810314051340534e-30,5.214765668672315e-30,0.65,0.72,0.01,0.05,-0.10068500000000001,-0.18792,-5.481031405134053e-32,-2.607382834336158e-31,0.07,0.07,0.07,0.07,0.0507499985396862,-0.288605,-0.288605,-0.288605,-0.288605,-0.288605,-0.4413043260574341,0.38,1,2.0,0,0,1,0.7627600767463992,-0.5380498399716928,nan,0.08948083750000001,0.050519162500000006,-0.038961675,10.861227035522461,-2.514439582824707,1.5854660771699036,0.019250001460313804,0.15269932605743408
252.7803041934967,1784883409.5185993,0.3782796859741211,4.100799560546875e-05,1.1556308269500732,0.762981653213501,large_error_pd,2,1,1,FOLLOW_MAIN,1.0,5.359037385551946,154.9,154.9,154.9,0.261,0.261,0.261,5.4810314051340534e-30,5.214765668672315e-30,0.65,0.72,0.01,0.05,-0.10068500000000001,-0.18792,-5.481031405134053e-32,-2.607382834336158e-31,0.07,0.07,0.07,0.07,0.0507499985396862,-0.288605,-0.288605,-0.288605,-0.288605,-0.288605,-0.4413043260574341,0.38,1,2.0,0,0,1,0.7627600767463992,-0.5380498399716928,nan,0.08948083750000001,0.050519162500000006,-0.038961675,10.861227035522461,-2.514439582824707,1.5854660771699036,0.019250001460313804,0.15269932605743408
253.1569094657898,1784883409.8952045,0.7548856735229492,0.3766469955444336,4.38690185546875e-05,1.13958740234375,large_error_pd,2,1,1,FOLLOW_MAIN,1.0,5.359037385551946,154.9,154.9,154.9,0.261,0.261,0.261,5.4810314051340534e-30,5.214765668672315e-30,0.65,0.72,0.01,0.05,-0.10068500000000001,-0.18792,-5.481031405134053e-32,-2.607382834336158e-31,0.07,0.07,0.07,0.07,0.07612499594688416,-0.288605,-0.288605,-0.288605,-0.288605,-0.288605,-0.22065216302871704,0.38,1,2.0,0,0,1,0.7627600767463992,-0.5380498399716928,nan,0.08948083750000001,0.050519162500000006,-0.038961675,10.882100105285645,-2.3958284854888916,1.188228179052431,-0.006124995946884149,-0.06795283697128296
253.53277850151062,1784883410.2710736,1.130753993988037,0.7525155544281006,0.3759126663208008,6.198883056640625e-05,large_error_pd,2,1,1,FOLLOW_MAIN,1.0,5.359037385551946,154.9,154.9,154.9,0.261,0.261,0.261,5.4810314051340534e-30,5.214765668672315e-30,0.65,0.72,0.01,0.05,-0.10068500000000001,-0.18792,-5.481031405134053e-32,-2.607382834336158e-31,0.07,0.07,0.07,0.07,0.07612499594688416,-0.288605,-0.288605,-0.288605,-0.288605,-0.288605,-0.22065216302871704,0.38,1,2.0,0,0,1,0.7627600767463992,-0.5380498399716928,nan,0.08948083750000001,0.050519162500000006,-0.038961675,10.882100105285645,-2.3958284854888916,1.188228179052431,-0.006124995946884149,-0.06795283697128296
253.9338629245758,1784883410.672158,4.267692565917969e-05,1.153599739074707,0.7769968509674072,0.40114569664001465,large_error_pd,2,1,1,FOLLOW_MAIN,1.0,5.339951764145404,154.9,154.9,154.9,0.261,0.261,0.261,5.737250729026876e-32,5.458537987260963e-32,0.65,0.72,0.01,0.05,-0.10068500000000001,-0.18792,-5.737250729026876e-34,-2.7292689936304816e-33,0.07,0.07,0.07,0.07,0.07612499594688416,-0.288605,-0.288605,-0.288605,-0.288605,-0.288605,-0.22065216302871704,0.38,1,2.0,0,0,1,0.7627600767463992,-0.5380498399716928,nan,0.08948083750000001,0.050519162500000006,-0.038961675,10.882100105285645,-2.3958284854888916,1.188228179052431,-0.006124995946884149,-0.06795283697128296
254.2723319530487,1784883411.010627,0.33851170539855957,3.24249267578125e-05,1.1154661178588867,0.7396154403686523,large_error_pd,2,1,1,FOLLOW_MAIN,1.0,5.339951764145404,154.9,154.9,154.9,0.261,0.261,0.261,5.737250729026876e-32,5.458537987260963e-32,0.65,0.72,0.01,0.05,-0.10068500000000001,-0.18792,-5.737250729026876e-34,-2.7292689936304816e-33,0.07,0.07,0.07,0.07,0.07612499594688416,-0.288605,-0.288605,-0.288605,-0.288605,-0.288605,-0.22065216302871704,0.38,1,2.0,0,0,1,0.7627600767463992,-0.5380498399716928,nan,0.08948083750000001,0.050519162500000006,-0.038961675,10.882100105285645,-2.3958284854888916,1.188228179052431,-0.006124995946884149,-0.06795283697128296
254.64176535606384,1784883411.3800604,0.7079453468322754,0.36946558952331543,3.552436828613281e-05,1.1090483665466309,large_error_pd,2,1,1,FOLLOW_MAIN,1.0,5.339951764145404,154.9,154.9,154.9,0.261,0.261,0.261,5.737250729026876e-32,5.458537987260963e-32,0.65,0.72,0.01,0.05,-0.10068500000000001,-0.18792,-5.737250729026876e-34,-2.7292689936304816e-33,0.07,0.07,0.07,0.07,0.04712499678134918,-0.288605,-0.288605,-0.288605,-0.288605,-0.288605,-0.4097825586795807,0.38,1,2.0,0,0,1,0.7627600767463992,-0.5380498399716928,nan,0.08948083750000001,0.050519162500000006,-0.038961675,10.934926986694336,-2.3183176517486572,0.7416263936785051,0.022875003218650825,0.12117755867958069
255.02551674842834,1784883411.7638118,1.0916967391967773,0.7532176971435547,0.3837885856628418,5.817413330078125e-05,large_error_pd,2,1,1,FOLLOW_MAIN,1.0,5.339951764145404,154.9,154.9,154.9,0.261,0.261,0.261,5.737250729026876e-32,5.458537987260963e-32,0.65,0.72,0.01,0.05,-0.10068500000000001,-0.18792,-5.737250729026876e-34,-2.7292689936304816e-33,0.07,0.07,0.07,0.07,0.04712499678134918,-0.288605,-0.288605,-0.288605,-0.288605,-0.288605,-0.4097825586795807,0.38,1,2.0,0,0,1,0.7627600767463992,-0.5380498399716928,nan,0.08948083750000001,0.050519162500000006,-0.038961675,10.934926986694336,-2.3183176517486572,0.7416263936785051,0.022875003218650825,0.12117755867958069
255.45839405059814,1784883412.196689,4.100799560546875e-05,1.186093807220459,0.8166642189025879,0.4329338073730469,large_error_pd,2,1,1,FOLLOW_MAIN,1.0,5.210802918126655,154.9,154.9,154.9,0.261,0.261,0.261,2.9929535858226833e-34,2.847557412763283e-34,0.65,0.72,0.01,0.05,-0.10068500000000001,-0.18792,-2.9929535858226835e-36,-1.4237787063816416e-35,0.07,0.07,0.07,0.07,0.04712499678134918,-0.288605,-0.288605,-0.288605,-0.288605,-0.288605,-0.4097825586795807,0.38,1,2.0,0,0,1,0.7627600767463992,-0.5380498399716928,nan,0.08948083750000001,0.050519162500000006,-0.038961675,10.934926986694336,-2.3183176517486572,0.7416263936785051,0.022875003218650825,0.12117755867958069
255.8650631904602,1784883412.603358,0.4067106246948242,4.100799560546875e-05,1.2233333587646484,0.8396031856536865,large_error_pd,2,1,1,FOLLOW_MAIN,1.0,5.210802918126655,154.9,154.9,154.9,0.261,0.261,0.261,2.9929535858226833e-34,2.847557412763283e-34,0.65,0.72,0.01,0.05,-0.10068500000000001,-0.18792,-2.9929535858226835e-36,-1.4237787063816416e-35,0.07,0.07,0.07,0.07,0.04712499678134918,-0.288605,-0.288605,-0.288605,-0.288605,-0.288605,-0.4097825586795807,0.38,1,2.0,0,0,1,0.7627600767463992,-0.5380498399716928,nan,0.08948083750000001,0.050519162500000006,-0.038961675,10.934926986694336,-2.3183176517486572,0.7416263936785051,0.022875003218650825,0.12117755867958069
256.3480577468872,1784883413.086353,0.8897058963775635,0.48303651809692383,5.507469177246094e-05,1.322598934173584,large_error_pd,2,1,1,FOLLOW_MAIN,1.0,5.210802918126655,154.9,154.9,154.9,0.261,0.261,0.261,2.9929535858226833e-34,2.847557412763283e-34,0.65,0.72,0.01,0.05,-0.10068500000000001,-0.18792,-2.9929535858226835e-36,-1.4237787063816416e-35,0.07,0.07,0.07,0.07,0.057999998331069946,-0.288605,-0.288605,-0.288605,-0.288605,-0.288605,-0.31521734595298767,0.38,1,2.0,0,0,1,0.7627600767463992,-0.5380498399716928,nan,0.08948083750000001,0.050519162500000006,-0.038961675,11.042320251464844,-2.2563600540161133,0.2958751959992627,0.01200000166893006,0.02661234595298767
257.02389121055603,1784883413.7621865,1.5655407905578613,1.1588718891143799,0.6758904457092285,7.557868957519531e-05,large_error_pd,2,1,1,FOLLOW_MAIN,1.0,5.210802918126655,154.9,154.9,154.9,0.261,0.261,0.261,2.9929535858226833e-34,2.847557412763283e-34,0.65,0.72,0.01,0.05,-0.10068500000000001,-0.18792,-2.9929535858226835e-36,-1.4237787063816416e-35,0.07,0.07,0.07,0.07,0.057999998331069946,-0.288605,-0.288605,-0.288605,-0.288605,-0.288605,-0.31521734595298767,0.38,1,2.0,0,0,1,0.7627600767463992,-0.5380498399716928,nan,0.08948083750000001,0.050519162500000006,-0.038961675,11.042320251464844,-2.2563600540161133,0.2958751959992627,0.01200000166893006,0.02661234595298767
257.6532106399536,1784883414.3915057,4.57763671875e-05,1.7881886959075928,1.3052070140838623,0.629392147064209,large_error_pd,2,1,1,FOLLOW_MAIN,1.0,5.268925280470008,154.9,154.9,154.9,0.261,0.261,0.261,1.3195743777340304e-37,1.2554701211566505e-37,0.65,0.72,0.01,0.05,-0.10068500000000001,-0.18792,-1.3195743777340305e-39,-6.277350605783253e-39,0.07,0.07,0.07,0.07,0.057999998331069946,-0.288605,-0.288605,-0.288605,-0.288605,-0.288605,-0.31521734595298767,0.38,1,2.0,0,0,1,0.7627600767463992,-0.5380498399716928,nan,0.08948083750000001,0.050519162500000006,-0.038961675,11.042320251464844,-2.2563600540161133,0.2958751959992627,0.01200000166893006,0.02661234595298767
258.0322296619415,1784883414.7705247,0.37906503677368164,3.457069396972656e-05,1.6842260360717773,1.008410930633545,large_error_pd,2,1,1,FOLLOW_MAIN,1.0,5.268925280470008,154.9,154.9,154.9,0.261,0.261,0.261,1.3195743777340304e-37,1.2554701211566505e-37,0.65,0.72,0.01,0.05,-0.10068500000000001,-0.18792,-1.3195743777340305e-39,-6.277350605783253e-39,0.07,0.07,0.07,0.07,0.057999998331069946,-0.288605,-0.288605,-0.288605,-0.288605,-0.288605,-0.31521734595298767,0.38,1,2.0,0,0,1,0.7627600767463992,-0.5380498399716928,nan,0.08948083750000001,0.050519162500000006,-0.038961675,11.042320251464844,-2.2563600540161133,0.2958751959992627,0.01200000166893006,0.02661234595298767
258.4313476085663,1784883415.1696427,0.7781829833984375,0.3991525173187256,3.719329833984375e-05,1.4075286388397217,large_error_pd,2,1,1,FOLLOW_MAIN,1.0,5.268925280470008,154.9,154.9,154.9,0.261,0.261,0.261,1.3195743777340304e-37,1.2554701211566505e-37,0.65,0.72,0.01,0.05,-0.10068500000000001,-0.18792,-1.3195743777340305e-39,-6.277350605783253e-39,0.07,0.07,0.07,0.07,0.054374996572732925,-0.288605,-0.288605,-0.288605,-0.288605,-0.288605,-0.3467390835285187,0.38,1,2.0,0,0,1,0.7627600767463992,-0.5380498399716928,nan,0.08948083750000001,0.050519162500000006,-0.038961675,11.188760757446289,-2.263807773590088,-0.34048402342769474,0.01562500342726708,0.058134083528518676
258.8769590854645,1784883415.6152542,1.2237951755523682,0.8447651863098145,0.4456503391265869,6.985664367675781e-05,large_error_pd,2,1,1,FOLLOW_MAIN,1.0,5.268925280470008,154.9,154.9,154.9,0.261,0.261,0.261,1.3195743777340304e-37,1.2554701211566505e-37,0.65,0.72,0.01,0.05,-0.10068500000000001,-0.18792,-1.3195743777340305e-39,-6.277350605783253e-39,0.07,0.07,0.07,0.07,0.054374996572732925,-0.288605,-0.288605,-0.288605,-0.288605,-0.288605,-0.3467390835285187,0.38,1,2.0,0,0,1,0.7627600767463992,-0.5380498399716928,nan,0.08948083750000001,0.050519162500000006,-0.038961675,11.188760757446289,-2.263807773590088,-0.34048402342769474,0.01562500342726708,0.058134083528518676
259.2400469779968,1784883415.9783418,4.1484832763671875e-05,1.2078516483306885,0.8087363243103027,0.3631551265716553,large_error_pd,2,1,1,FOLLOW_MAIN,1.0,4.935534651808773,154.9,154.9,154.9,0.261,0.261,0.261,7.684089090605602e-40,7.310799924841797e-40,0.65,0.72,0.01,0.05,-0.10068500000000001,-0.18792,-7.684089090605602e-42,-3.6553999624208986e-41,0.07,0.07,0.07,0.07,0.054374996572732925,-0.288605,-0.288605,-0.288605,-0.288605,-0.288605,-0.3467390835285187,0.38,1,2.0,0,0,1,0.7627600767463992,-0.5380498399716928,nan,0.08948083750000001,0.050519162500000006,-0.038961675,11.188760757446289,-2.263807773590088,-0.34048402342769474,0.01562500342726708,0.058134083528518676
259.57986760139465,1784883416.318163,0.3398630619049072,5.6743621826171875e-05,1.1485583782196045,0.7029774188995361,large_error_pd,2,1,1,FOLLOW_MAIN,1.0,4.935534651808773,154.9,154.9,154.9,0.261,0.261,0.261,7.684089090605602e-40,7.310799924841797e-40,0.65,0.72,0.01,0.05,-0.10068500000000001,-0.18792,-7.684089090605602e-42,-3.6553999624208986e-41,0.07,0.07,0.07,0.07,0.054374996572732925,-0.288605,-0.288605,-0.288605,-0.288605,-0.288605,-0.3467390835285187,0.38,1,2.0,0,0,1,0.7627600767463992,-0.5380498399716928,nan,0.08948083750000001,0.050519162500000006,-0.038961675,11.188760757446289,-2.263807773590088,-0.34048402342769474,0.01562500342726708,0.058134083528518676
260.260541677475,1784883416.998837,1.0205366611480713,0.6807308197021484,9.202957153320312e-05,1.3836512565612793,large_error_pd,2,1,1,FOLLOW_MAIN,1.0,4.935534651808773,154.9,154.9,154.9,0.261,0.261,0.261,7.684089090605602e-40,7.310799924841797e-40,0.65,0.72,0.01,0.05,-0.10068500000000001,-0.18792,-7.684089090605602e-42,-3.6553999624208986e-41,0.07,0.07,0.07,0.07,0.08699999749660492,-0.288605,-0.288605,-0.288605,-0.288605,-0.288605,-0.12608695030212402,0.38,1,2.0,0,0,1,0.7627600767463992,-0.5380498399716928,nan,0.08948083750000001,0.050519162500000006,-0.038961675,11.29023265838623,-2.3358073234558105,-0.8389676392011237,-0.016999997496604913,-0.16251804969787598
260.9199125766754,1784883417.6582074,1.6799073219299316,1.3401012420654297,0.6594624519348145,7.295608520507812e-05,large_error_pd,2,1,1,FOLLOW_MAIN,1.0,4.935534651808773,154.9,154.9,154.9,0.261,0.261,0.261,7.684089090605602e-40,7.310799924841797e-40,0.65,0.72,0.01,0.05,-0.10068500000000001,-0.18792,-7.684089090605602e-42,-3.6553999624208986e-41,0.07,0.07,0.07,0.07,0.08699999749660492,-0.288605,-0.288605,-0.288605,-0.288605,-0.288605,-0.12608695030212402,0.38,1,2.0,0,0,1,0.7627600767463992,-0.5380498399716928,nan,0.08948083750000001,0.050519162500000006,-0.038961675,11.29023265838623,-2.3358073234558105,-0.8389676392011237,-0.016999997496604913,-0.16251804969787598
261.5685555934906,1784883418.3068514,0.0001671314239501953,1.9887464046478271,1.308107852935791,0.648719072341919,large_error_pd,2,1,1,FOLLOW_MAIN,1.0,4.428570184991356,154.9,154.9,154.9,0.261,0.261,0.261,3.0576055453169018e-43,2.9090686127295966e-43,0.65,0.72,0.01,0.05,-0.10068500000000001,-0.18792,-3.057605545316902e-45,-1.4545343063647983e-44,0.07,0.07,0.07,0.07,0.08699999749660492,-0.288605,-0.288605,-0.288605,-0.288605,-0.288605,-0.12608695030212402,0.38,1,2.0,0,0,1,0.7627600767463992,-0.5380498399716928,nan,0.08948083750000001,0.050519162500000006,-0.038961675,11.29023265838623,-2.3358073234558105,-0.8389676392011237,-0.016999997496604913,-0.16251804969787598
262.39003109931946,1784883419.128326,0.8216407299041748,4.363059997558594e-05,2.12958025932312,1.4701910018920898,large_error_pd,2,1,1,FOLLOW_MAIN,1.0,4.428570184991356,154.9,154.9,154.9,0.261,0.261,0.261,3.0576055453169018e-43,2.9090686127295966e-43,0.65,0.72,0.01,0.05,-0.10068500000000001,-0.18792,-3.057605545316902e-45,-1.4545343063647983e-44,0.07,0.07,0.07,0.07,0.08699999749660492,-0.288605,-0.288605,-0.288605,-0.288605,-0.288605,-0.12608695030212402,0.38,1,2.0,0,0,1,0.7627600767463992,-0.5380498399716928,nan,0.08948083750000001,0.050519162500000006,-0.038961675,11.29023265838623,-2.3358073234558105,-0.8389676392011237,-0.016999997496604913,-0.16251804969787598
262.9194025993347,1784883419.6576974,1.3510124683380127,0.5294153690338135,6.651878356933594e-05,1.9995620250701904,large_error_pd,2,1,1,FOLLOW_MAIN,1.0,4.428570184991356,154.9,154.9,154.9,0.261,0.261,0.261,3.0576055453169018e-43,2.9090686127295966e-43,0.65,0.72,0.01,0.05,-0.10068500000000001,-0.18792,-3.057605545316902e-45,-1.4545343063647983e-44,0.07,0.07,0.07,0.07,0.0507499985396862,-0.288605,-0.288605,-0.288605,-0.288605,-0.288605,-0.4413043260574341,0.38,1,2.0,0,0,1,0.7627600767463992,-0.5380498399716928,nan,0.08948083750000001,0.050519162500000006,-0.038961675,11.348419189453125,-2.4999067783355713,-1.6555084566414229,0.019250001460313804,0.15269932605743408
263.3445098400116,1784883420.0828047,1.7761194705963135,0.9545228481292725,0.4251739978790283,4.673004150390625e-05,large_error_pd,2,1,1,FOLLOW_MAIN,1.0,4.428570184991356,154.9,154.9,154.9,0.261,0.261,0.261,3.0576055453169018e-43,2.9090686127295966e-43,0.65,0.72,0.01,0.05,-0.10068500000000001,-0.18792,-3.057605545316902e-45,-1.4545343063647983e-44,0.07,0.07,0.07,0.07,0.0507499985396862,-0.288605,-0.288605,-0.288605,-0.288605,-0.288605,-0.4413043260574341,0.38,1,2.0,0,0,1,0.7627600767463992,-0.5380498399716928,nan,0.08948083750000001,0.050519162500000006,-0.038961675,11.348419189453125,-2.4999067783355713,-1.6555084566414229,0.019250001460313804,0.15269932605743408
263.8000810146332,1784883420.5383759,5.9604644775390625e-05,1.4100940227508545,0.8807454109191895,0.45561814308166504,large_error_pd,2,1,1,FOLLOW_MAIN,1.0,5.203100122656224,154.9,154.9,154.9,0.261,0.261,0.261,-3.1633374370634357e-18,1.8724386107974846e-46,0.65,0.72,0.01,0.05,-0.10068500000000001,-0.18792,3.163337437063436e-20,-9.362193053987424e-48,0.07,0.07,0.07,0.07,0.0507499985396862,-0.288605,-0.288605,-0.288605,-0.288605,-0.288605,-0.4413043260574341,0.38,1,2.0,0,0,1,0.7627600767463992,-0.5380498399716928,nan,0.08948083750000001,0.050519162500000006,-0.038961675,11.348419189453125,-2.4999067783355713,-1.6555084566414229,0.019250001460313804,0.15269932605743408
264.2675812244415,1784883421.005876,0.467559814453125,4.4345855712890625e-05,1.3482451438903809,0.9231178760528564,large_error_pd,2,1,1,FOLLOW_MAIN,1.0,5.203100122656224,154.9,154.9,154.9,0.261,0.261,0.261,-3.1633374370634357e-18,1.8724386107974846e-46,0.65,0.72,0.01,0.05,-0.10068500000000001,-0.18792,3.163337437063436e-20,-9.362193053987424e-48,0.07,0.07,0.07,0.07,0.0507499985396862,-0.288605,-0.288605,-0.288605,-0.288605,-0.288605,-0.4413043260574341,0.38,1,2.0,0,0,1,0.7627600767463992,-0.5380498399716928,nan,0.08948083750000001,0.050519162500000006,-0.038961675,11.348419189453125,-2.4999067783355713,-1.6555084566414229,0.019250001460313804,0.15269932605743408
264.6218972206116,1784883421.3601923,0.8218784332275391,0.35436320304870605,4.792213439941406e-05,1.2774364948272705,large_error_pd,2,1,1,FOLLOW_MAIN,1.0,5.203100122656224,154.9,154.9,154.9,0.261,0.261,0.261,-3.1633374370634357e-18,1.8724386107974846e-46,0.65,0.72,0.01,0.05,-0.10068500000000001,-0.18792,3.163337437063436e-20,-9.362193053987424e-48,0.07,0.07,0.07,0.07,0.06162499636411667,-0.288605,-0.288605,-0.288605,-0.288605,-0.288605,-0.34673914313316345,0.38,1,2.0,0,0,1,0.7627600767463992,-0.5380498399716928,nan,0.08948083750000001,0.050519162500000006,-0.038961675,11.313443183898926,-2.6197073459625244,-2.0651629575828268,0.008375003635883338,0.05813414313316345
265.0107390880585,1784883421.749034,1.2107174396514893,0.7432022094726562,0.3888871669769287,4.2438507080078125e-05,large_error_pd,2,1,1,FOLLOW_MAIN,1.0,5.203100122656224,154.9,154.9,154.9,0.261,0.261,0.261,-3.1633374370634357e-18,1.8724386107974846e-46,0.65,0.72,0.01,0.05,-0.10068500000000001,-0.18792,3.163337437063436e-20,-9.362193053987424e-48,0.07,0.07,0.07,0.07,0.06162499636411667,-0.288605,-0.288605,-0.288605,-0.288605,-0.288605,-0.34673914313316345,0.38,1,2.0,0,0,1,0.7627600767463992,-0.5380498399716928,nan,0.08948083750000001,0.050519162500000006,-0.038961675,11.313443183898926,-2.6197073459625244,-2.0651629575828268,0.008375003635883338,0.05813414313316345
265.44066762924194,1784883422.1789627,7.176399230957031e-05,1.1731312274932861,0.8188161849975586,0.42997145652770996,large_error_pd,2,1,1,FOLLOW_MAIN,1.0,5.385541839520059,154.9,154.9,154.9,0.261,0.261,0.261,-1.0682130267399761e-20,6.322952753600491e-49,0.65,0.72,0.01,0.05,-0.10068500000000001,-0.18792,1.068213026739976e-22,-3.1614763768002455e-50,0.07,0.07,0.07,0.07,0.06162499636411667,-0.288605,-0.288605,-0.288605,-0.288605,-0.288605,-0.34673914313316345,0.38,1,2.0,0,0,1,0.7627600767463992,-0.5380498399716928,nan,0.08948083750000001,0.050519162500000006,-0.038961675,11.313443183898926,-2.6197073459625244,-2.0651629575828268,0.008375003635883338,0.05813414313316345
265.9576804637909,1784883422.6959758,0.5170848369598389,5.698204040527344e-05,1.335829257965088,0.9469847679138184,large_error_pd,2,1,1,FOLLOW_MAIN,1.0,5.385541839520059,154.9,154.9,154.9,0.261,0.261,0.261,-1.0682130267399761e-20,6.322952753600491e-49,0.65,0.72,0.01,0.05,-0.10068500000000001,-0.18792,1.068213026739976e-22,-3.1614763768002455e-50,0.07,0.07,0.07,0.07,0.06162499636411667,-0.288605,-0.288605,-0.288605,-0.288605,-0.288605,-0.34673914313316345,0.38,1,2.0,0,0,1,0.7627600767463992,-0.5380498399716928,nan,0.08948083750000001,0.050519162500000006,-0.038961675,11.313443183898926,-2.6197073459625244,-2.0651629575828268,0.008375003635883338,0.05813414313316345
266.324649810791,1784883423.0629451,0.8840539455413818,0.36702609062194824,3.838539123535156e-05,1.313952922821045,large_error_pd,2,1,1,FOLLOW_MAIN,1.0,5.385541839520059,154.9,154.9,154.9,0.261,0.261,0.261,-1.0682130267399761e-20,6.322952753600491e-49,0.65,0.72,0.01,0.05,-0.10068500000000001,-0.18792,1.068213026739976e-22,-3.1614763768002455e-50,0.07,0.07,0.07,0.07,0.10512500256299973,-0.288605,-0.288605,-0.288605,-0.288605,-0.288605,-0.0315217524766922,0.38,1,2.0,0,0,1,0.7627600767463992,-0.5380498399716928,nan,0.08948083750000001,0.050519162500000006,-0.038961675,11.227082252502441,-2.703571081161499,-2.6092904987121748,-0.03512500256299972,-0.2570832475233078
266.68588161468506,1784883423.4241767,1.2452852725982666,0.728257417678833,0.3612699508666992,3.743171691894531e-05,large_error_pd,2,1,1,FOLLOW_MAIN,1.0,5.385541839520059,154.9,154.9,154.9,0.261,0.261,0.261,-1.0682130267399761e-20,6.322952753600491e-49,0.65,0.72,0.01,0.05,-0.10068500000000001,-0.18792,1.068213026739976e-22,-3.1614763768002455e-50,0.07,0.07,0.07,0.07,0.10512500256299973,-0.288605,-0.288605,-0.288605,-0.288605,-0.288605,-0.0315217524766922,0.38,1,2.0,0,0,1,0.7627600767463992,-0.5380498399716928,nan,0.08948083750000001,0.050519162500000006,-0.038961675,11.227082252502441,-2.703571081161499,-2.6092904987121748,-0.03512500256299972,-0.2570832475233078
267.04582595825195,1784883423.7841208,4.1484832763671875e-05,1.0882022380828857,0.7212145328521729,0.3599822521209717,large_error_pd,2,1,1,FOLLOW_MAIN,1.0,5.2392647115693745,154.9,154.90000000000003,154.90000000000003,0.261,0.261,0.261,3.7709868309295934e-17,3.3948532776396365e-51,0.65,0.72,0.01,0.05,-0.10068500000000002,-0.18792,-3.7709868309295933e-19,-1.697426638819818e-52,0.07,0.07,0.07,0.07,0.10512500256299973,-0.288605,-0.288605,-0.288605,-0.288605,-0.288605,-0.0315217524766922,0.38,1,2.0,0,0,1,0.7627600767463992,-0.5380498399716928,nan,0.08948083750000001,0.050519162500000006,-0.038961675,11.227082252502441,-2.703571081161499,-2.6092904987121748,-0.03512500256299972,-0.2570832475233078
267.4522421360016,1784883424.190537,0.40645742416381836,3.719329833984375e-05,1.1276304721832275,0.7663981914520264,large_error_pd,2,1,1,FOLLOW_MAIN,1.0,5.2392647115693745,154.9,154.90000000000003,154.90000000000003,0.261,0.261,0.261,3.7709868309295934e-17,3.3948532776396365e-51,0.65,0.72,0.01,0.05,-0.10068500000000002,-0.18792,-3.7709868309295933e-19,-1.697426638819818e-52,0.07,0.07,0.07,0.07,0.10512500256299973,-0.288605,-0.288605,-0.288605,-0.288605,-0.288605,-0.0315217524766922,0.38,1,2.0,0,0,1,0.7627600767463992,-0.5380498399716928,nan,0.08948083750000001,0.050519162500000006,-0.038961675,11.227082252502441,-2.703571081161499,-2.6092904987121748,-0.03512500256299972,-0.2570832475233078
267.8224296569824,1784883424.5607247,0.7766451835632324,0.3702254295349121,4.076957702636719e-05,1.1365857124328613,large_error_pd,2,1,1,FOLLOW_MAIN,1.0,5.2392647115693745,154.9,154.90000000000003,154.90000000000003,0.261,0.261,0.261,3.7709868309295934e-17,3.3948532776396365e-51,0.65,0.72,0.01,0.05,-0.10068500000000002,-0.18792,-3.7709868309295933e-19,-1.697426638819818e-52,0.07,0.07,0.07,0.07,0.0507499985396862,-0.288605,-0.288605,-0.288605,-0.288605,-0.288605,-0.4413043260574341,0.38,1,2.0,0,0,1,0.7627600767463992,-0.5380498399716928,nan,0.08948083750000001,0.050519162500000006,-0.038961675,11.13008975982666,-2.7343051433563232,-3.0921100253671012,0.019250001460313804,0.15269932605743408
268.22156143188477,1784883424.9598567,1.175776720046997,0.7693572044372559,0.3991725444793701,3.9577484130859375e-05,large_error_pd,2,1,1,FOLLOW_MAIN,1.0,5.2392647115693745,154.9,154.90000000000003,154.90000000000003,0.261,0.261,0.261,3.7709868309295934e-17,3.3948532776396365e-51,0.65,0.72,0.01,0.05,-0.10068500000000002,-0.18792,-3.7709868309295933e-19,-1.697426638819818e-52,0.07,0.07,0.07,0.07,0.0507499985396862,-0.288605,-0.288605,-0.288605,-0.288605,-0.288605,-0.4413043260574341,0.38,1,2.0,0,0,1,0.7627600767463992,-0.5380498399716928,nan,0.08948083750000001,0.050519162500000006,-0.038961675,11.13008975982666,-2.7343051433563232,-3.0921100253671012,0.019250001460313804,0.15269932605743408
268.66648292541504,1784883425.404778,5.3882598876953125e-05,1.214278221130371,0.8440935611724854,0.4449608325958252,large_error_pd,2,1,1,FOLLOW_MAIN,1.0,5.422758675636835,154.9,154.9,154.9,0.261,0.261,0.261,-5.560455327888463e-19,2.247725528863313e-53,0.65,0.72,0.01,0.05,-0.10068500000000001,-0.18792,5.560455327888463e-21,-1.1238627644316566e-54,0.07,0.07,0.07,0.07,0.0507499985396862,-0.288605,-0.288605,-0.288605,-0.288605,-0.288605,-0.4413043260574341,0.38,1,2.0,0,0,1,0.7627600767463992,-0.5380498399716928,nan,0.08948083750000001,0.050519162500000006,-0.038961675,11.13008975982666,-2.7343051433563232,-3.0921100253671012,0.019250001460313804,0.15269932605743408
269.2557964324951,1784883425.9940915,0.5893676280975342,3.743171691894531e-05,1.4334077835083008,1.0342745780944824,large_error_pd,2,1,1,FOLLOW_MAIN,1.0,5.422758675636835,154.9,154.9,154.9,0.261,0.261,0.261,-5.560455327888463e-19,2.247725528863313e-53,0.65,0.72,0.01,0.05,-0.10068500000000001,-0.18792,5.560455327888463e-21,-1.1238627644316566e-54,0.07,0.07,0.07,0.07,0.0507499985396862,-0.288605,-0.288605,-0.288605,-0.288605,-0.288605,-0.4413043260574341,0.38,1,2.0,0,0,1,0.7627600767463992,-0.5380498399716928,nan,0.08948083750000001,0.050519162500000006,-0.038961675,11.13008975982666,-2.7343051433563232,-3.0921100253671012,0.019250001460313804,0.15269932605743408
269.6977336406708,1784883426.4360287,1.0313050746917725,0.4419748783111572,4.649162292480469e-05,1.4762120246887207,large_error_pd,2,1,1,FOLLOW_MAIN,1.0,5.422758675636835,154.9,154.9,154.9,0.261,0.261,0.261,-5.560455327888463e-19,2.247725528863313e-53,0.65,0.72,0.01,0.05,-0.10068500000000001,-0.18792,5.560455327888463e-21,-1.1238627644316566e-54,0.07,0.07,0.07,0.07,0.054375000298023224,-0.288605,-0.288605,-0.288605,-0.288605,-0.288605,-0.4097825586795807,0.38,1,2.0,0,0,1,0.7627600767463992,-0.5380498399716928,nan,0.08948083750000001,0.050519162500000006,-0.038961675,11.007603645324707,-2.7104036808013916,2.7265376544896758,0.015624999701976783,0.12117755867958069
270.06893968582153,1784883426.8072345,1.402510404586792,0.8131802082061768,0.37125182151794434,3.4809112548828125e-05,large_error_pd,2,1,1,FOLLOW_MAIN,1.0,5.422758675636835,154.9,154.9,154.9,0.261,0.261,0.261,-5.560455327888463e-19,2.247725528863313e-53,0.65,0.72,0.01,0.05,-0.10068500000000001,-0.18792,5.560455327888463e-21,-1.1238627644316566e-54,0.07,0.07,0.07,0.07,0.054375000298023224,-0.288605,-0.288605,-0.288605,-0.288605,-0.288605,-0.4097825586795807,0.38,1,2.0,0,0,1,0.7627600767463992,-0.5380498399716928,nan,0.08948083750000001,0.050519162500000006,-0.038961675,11.007603645324707,-2.7104036808013916,2.7265376544896758,0.015624999701976783,0.12117755867958069
270.58169889450073,1784883427.319994,6.937980651855469e-05,1.325939416885376,0.8840107917785645,0.512794017791748,large_error_pd,2,1,1,FOLLOW_MAIN,1.0,5.311475741091547,154.9,154.9,154.9,0.261,0.261,0.261,5.3513678958156875e-19,2.4841774975402548e-56,0.65,0.72,0.01,0.05,-0.10068500000000001,-0.18792,-5.351367895815688e-21,-1.2420887487701275e-57,0.07,0.07,0.07,0.07,0.054375000298023224,-0.288605,-0.288605,-0.288605,-0.288605,-0.288605,-0.4097825586795807,0.38,1,2.0,0,0,1,0.7627600767463992,-0.5380498399716928,nan,0.08948083750000001,0.050519162500000006,-0.038961675,11.007603645324707,-2.7104036808013916,2.7265376544896758,0.015624999701976783,0.12117755867958069
270.9290792942047,1784883427.6673741,0.34744954109191895,3.337860107421875e-05,1.2313909530639648,0.8601741790771484,large_error_pd,2,1,1,FOLLOW_MAIN,1.0,5.311475741091547,154.9,154.9,154.9,0.261,0.261,0.261,5.3513678958156875e-19,2.4841774975402548e-56,0.65,0.72,0.01,0.05,-0.10068500000000001,-0.18792,-5.351367895815688e-21,-1.2420887487701275e-57,0.07,0.07,0.07,0.07,0.054375000298023224,-0.288605,-0.288605,-0.288605,-0.288605,-0.288605,-0.4097825586795807,0.38,1,2.0,0,0,1,0.7627600767463992,-0.5380498399716928,nan,0.08948083750000001,0.050519162500000006,-0.038961675,11.007603645324707,-2.7104036808013916,2.7265376544896758,0.015624999701976783,0.12117755867958069
271.300674200058,1784883428.0389693,0.7190451622009277,0.371628999710083,7.581710815429688e-05,1.2317698001861572,large_error_pd,2,1,1,FOLLOW_MAIN,1.0,5.311475741091547,154.9,154.9,154.9,0.261,0.261,0.261,5.3513678958156875e-19,2.4841774975402548e-56,0.65,0.72,0.01,0.05,-0.10068500000000001,-0.18792,-5.351367895815688e-21,-1.2420887487701275e-57,0.07,0.07,0.07,0.07,0.10875000059604645,-0.288605,-0.288605,-0.288605,-0.288605,-0.288605,-1.6196914032207133e-08,0.38,1,2.0,0,0,1,0.7627600767463992,-0.5380498399716928,nan,0.08948083750000001,0.050519162500000006,-0.038961675,10.921463966369629,-2.639295816421509,2.201480834833594,-0.03875000059604644,-0.28860498380308597
271.7338147163391,1784883428.4721103,1.152186393737793,0.8047707080841064,0.43321776390075684,8.392333984375e-05,large_error_pd,2,1,1,FOLLOW_MAIN,1.0,5.311475741091547,154.9,154.9,154.9,0.261,0.261,0.261,5.3513678958156875e-19,2.4841774975402548e-56,0.65,0.72,0.01,0.05,-0.10068500000000001,-0.18792,-5.351367895815688e-21,-1.2420887487701275e-57,0.07,0.07,0.07,0.07,0.10875000059604645,-0.288605,-0.288605,-0.288605,-0.288605,-0.288605,-1.6196914032207133e-08,0.38,1,2.0,0,0,1,0.7627600767463992,-0.5380498399716928,nan,0.08948083750000001,0.050519162500000006,-0.038961675,10.921463966369629,-2.639295816421509,2.201480834833594,-0.03875000059604644,-0.28860498380308597
272.24034810066223,1784883428.9786432,4.267692565917969e-05,1.3113021850585938,0.9397494792938232,0.506615161895752,large_error_pd,2,1,1,FOLLOW_MAIN,1.0,5.077908943311559,154.9,154.9,154.9,0.261,0.261,0.261,3.773642903647415e-21,1.751776175269758e-58,0.65,0.72,0.01,0.05,-0.10068500000000001,-0.18792,-3.773642903647415e-23,-8.75888087634879e-60,0.07,0.07,0.07,0.07,0.10875000059604645,-0.288605,-0.288605,-0.288605,-0.288605,-0.288605,-1.6196914032207133e-08,0.38,1,2.0,0,0,1,0.7627600767463992,-0.5380498399716928,nan,0.08948083750000001,0.050519162500000006,-0.038961675,10.921463966369629,-2.639295816421509,2.201480834833594,-0.03875000059604644,-0.28860498380308597
272.682834148407,1784883429.4211292,0.44252920150756836,5.030632019042969e-05,1.3822364807128906,0.9491021633148193,large_error_pd,2,1,1,FOLLOW_MAIN,1.0,5.077908943311559,154.9,154.9,154.9,0.261,0.261,0.261,3.773642903647415e-21,1.751776175269758e-58,0.65,0.72,0.01,0.05,-0.10068500000000001,-0.18792,-3.773642903647415e-23,-8.75888087634879e-60,0.07,0.07,0.07,0.07,0.10875000059604645,-0.288605,-0.288605,-0.288605,-0.288605,-0.288605,-1.6196914032207133e-08,0.38,1,2.0,0,0,1,0.7627600767463992,-0.5380498399716928,nan,0.08948083750000001,0.050519162500000006,-0.038961675,10.921463966369629,-2.639295816421509,2.201480834833594,-0.03875000059604644,-0.28860498380308597
273.12108993530273,1784883429.8593848,0.8807847499847412,0.4383058547973633,5.507469177246094e-05,1.387357234954834,large_error_pd,2,1,1,FOLLOW_MAIN,1.0,5.077908943311559,154.9,154.9,154.9,0.261,0.261,0.261,3.773642903647415e-21,1.751776175269758e-58,0.65,0.72,0.01,0.05,-0.10068500000000001,-0.18792,-3.773642903647415e-23,-8.75888087634879e-60,0.07,0.07,0.07,0.07,0.054375000298023224,-0.288605,-0.288605,-0.288605,-0.288605,-0.288605,-0.4097825586795807,0.38,1,2.0,0,0,1,0.7627600767463992,-0.5380498399716928,nan,0.08948083750000001,0.050519162500000006,-0.038961675,10.87397289276123,-2.53385591506958,1.7008819135109194,0.015624999701976783,0.12117755867958069
273.53717160224915,1784883430.2754676,1.2968685626983643,0.8543910980224609,0.4161412715911865,0.0001785755157470703,large_error_pd,2,1,1,FOLLOW_MAIN,1.0,5.077908943311559,154.9,154.9,154.9,0.261,0.261,0.261,3.773642903647415e-21,1.751776175269758e-58,0.65,0.72,0.01,0.05,-0.10068500000000001,-0.18792,-3.773642903647415e-23,-8.75888087634879e-60,0.07,0.07,0.07,0.07,0.054375000298023224,-0.288605,-0.288605,-0.288605,-0.288605,-0.288605,-0.4097825586795807,0.38,1,2.0,0,0,1,0.7627600767463992,-0.5380498399716928,nan,0.08948083750000001,0.050519162500000006,-0.038961675,10.87397289276123,-2.53385591506958,1.7008819135109194,0.015624999701976783,0.12117755867958069
273.99716806411743,1784883430.7354631,5.0067901611328125e-05,1.3143837451934814,0.8761332035064697,0.46017003059387207,large_error_pd,2,1,1,FOLLOW_MAIN,1.0,4.375702473790476,154.9,154.90000000000003,154.90000000000003,0.261,0.261,0.261,6.027294801121981e-17,6.0751987383694994e-61,0.65,0.72,0.01,0.05,-0.10068500000000002,-0.18792,-6.027294801121981e-19,-3.03759936918475e-62,0.07,0.07,0.07,0.07,0.054375000298023224,-0.288605,-0.288605,-0.288605,-0.288605,-0.288605,-0.4097825586795807,0.38,1,2.0,0,0,1,0.7627600767463992,-0.5380498399716928,nan,0.08948083750000001,0.050519162500000006,-0.038961675,10.87397289276123,-2.53385591506958,1.7008819135109194,0.015624999701976783,0.12117755867958069
274.4015305042267,1784883431.1398253,0.40441322326660156,6.246566772460938e-05,1.2804961204528809,0.8645331859588623,large_error_pd,2,1,1,FOLLOW_MAIN,1.0,4.375702473790476,154.9,154.90000000000003,154.90000000000003,0.261,0.261,0.261,6.027294801121981e-17,6.0751987383694994e-61,0.65,0.72,0.01,0.05,-0.10068500000000002,-0.18792,-6.027294801121981e-19,-3.03759936918475e-62,0.07,0.07,0.07,0.07,0.054375000298023224,-0.288605,-0.288605,-0.288605,-0.288605,-0.288605,-0.4097825586795807,0.38,1,2.0,0,0,1,0.7627600767463992,-0.5380498399716928,nan,0.08948083750000001,0.050519162500000006,-0.038961675,10.87397289276123,-2.53385591506958,1.7008819135109194,0.015624999701976783,0.12117755867958069
274.8011357784271,1784883431.5394309,0.8040182590484619,0.39966773986816406,4.482269287109375e-05,1.2641377449035645,large_error_pd,2,1,1,FOLLOW_MAIN,1.0,4.375702473790476,154.9,154.90000000000003,154.90000000000003,0.261,0.261,0.261,6.027294801121981e-17,6.0751987383694994e-61,0.65,0.72,0.01,0.05,-0.10068500000000002,-0.18792,-6.027294801121981e-19,-3.03759936918475e-62,0.07,0.07,0.07,0.07,0.057999998331069946,-0.288605,-0.288605,-0.288605,-0.288605,-0.288605,-0.37826085090637207,0.38,1,2.0,0,0,1,0.7627600767463992,-0.5380498399716928,nan,0.08948083750000001,0.050519162500000006,-0.038961675,10.885260581970215,-2.4072790145874023,1.242814910936336,0.01200000166893006,0.08965585090637207
275.2083992958069,1784883431.9466944,1.2112812995910645,0.8069312572479248,0.40730834007263184,4.029273986816406e-05,large_error_pd,2,1,1,FOLLOW_MAIN,1.0,4.375702473790476,154.9,154.90000000000003,154.90000000000003,0.261,0.261,0.261,6.027294801121981e-17,6.0751987383694994e-61,0.65,0.72,0.01,0.05,-0.10068500000000002,-0.18792,-6.027294801121981e-19,-3.03759936918475e-62,0.07,0.07,0.07,0.07,0.057999998331069946,-0.288605,-0.288605,-0.288605,-0.288605,-0.288605,-0.37826085090637207,0.38,1,2.0,0,0,1,0.7627600767463992,-0.5380498399716928,nan,0.08948083750000001,0.050519162500000006,-0.038961675,10.885260581970215,-2.4072790145874023,1.242814910936336,0.01200000166893006,0.08965585090637207
275.5893564224243,1784883432.3276513,4.1484832763671875e-05,1.1878879070281982,0.7882649898529053,0.3809969425201416,large_error_pd,2,1,1,FOLLOW_MAIN,1.0,5.148547682156707,154.9,154.9,154.9,0.261,0.261,0.261,-8.042933996839259e-19,2.643003831982374e-63,0.65,0.72,0.01,0.05,-0.10068500000000001,-0.18792,8.04293399683926e-21,-1.321501915991187e-64,0.07,0.07,0.07,0.07,0.057999998331069946,-0.288605,-0.288605,-0.288605,-0.288605,-0.288605,-0.37826085090637207,0.38,1,2.0,0,0,1,0.7627600767463992,-0.5380498399716928,nan,0.08948083750000001,0.050519162500000006,-0.038961675,10.885260581970215,-2.4072790145874023,1.242814910936336,0.01200000166893006,0.08965585090637207
276.12986397743225,1784883432.8681588,0.5405490398406982,3.3855438232421875e-05,1.3287723064422607,0.9215042591094971,large_error_pd,2,1,1,FOLLOW_MAIN,1.0,5.148547682156707,154.9,154.9,154.9,0.261,0.261,0.261,-8.042933996839259e-19,2.643003831982374e-63,0.65,0.72,0.01,0.05,-0.10068500000000001,-0.18792,8.04293399683926e-21,-1.321501915991187e-64,0.07,0.07,0.07,0.07,0.057999998331069946,-0.288605,-0.288605,-0.288605,-0.288605,-0.288605,-0.37826085090637207,0.38,1,2.0,0,0,1,0.7627600767463992,-0.5380498399716928,nan,0.08948083750000001,0.050519162500000006,-0.038961675,10.885260581970215,-2.4072790145874023,1.242814910936336,0.01200000166893006,0.08965585090637207
276.5302324295044,1784883433.2685275,0.94091796875,0.4004030227661133,4.792213439941406e-05,1.321873426437378,large_error_pd,2,1,1,FOLLOW_MAIN,1.0,5.148547682156707,154.9,154.9,154.9,0.261,0.261,0.261,-8.042933996839259e-19,2.643003831982374e-63,0.65,0.72,0.01,0.05,-0.10068500000000001,-0.18792,8.04293399683926e-21,-1.321501915991187e-64,0.07,0.07,0.07,0.07,0.1014999970793724,-0.288605,-0.288605,-0.288605,-0.288605,-0.288605,0.0,0.38,1,2.0,0,0,1,0.7627600767463992,-0.5380498399716928,nan,0.08948083750000001,0.050519162500000006,-0.038961675,10.948780059814453,-2.3165695667266846,0.7083320249835964,-0.0314999970793724,-0.288605
276.90611934661865,1784883433.6444144,1.316805124282837,0.7762906551361084,0.37593579292297363,5.14984130859375e-05,large_error_pd,2,1,1,FOLLOW_MAIN,1.0,5.148547682156707,154.9,154.9,154.9,0.261,0.261,0.261,-8.042933996839259e-19,2.643003831982374e-63,0.65,0.72,0.01,0.05,-0.10068500000000001,-0.18792,8.04293399683926e-21,-1.321501915991187e-64,0.07,0.07,0.07,0.07,0.1014999970793724,-0.288605,-0.288605,-0.288605,-0.288605,-0.288605,0.0,0.38,1,2.0,0,0,1,0.7627600767463992,-0.5380498399716928,nan,0.08948083750000001,0.050519162500000006,-0.038961675,10.948780059814453,-2.3165695667266846,0.7083320249835964,-0.0314999970793724,-0.288605
277.29026532173157,1784883434.0285602,4.267692565917969e-05,1.1604351997375488,0.7600803375244141,0.38419604301452637,large_error_pd,2,1,1,FOLLOW_MAIN,1.0,5.362199420976651,154.9,154.9,154.9,0.261,0.261,0.261,-2.6374106661863088e-21,8.666845332786472e-66,0.65,0.72,0.01,0.05,-0.10068500000000001,-0.18792,2.637410666186309e-23,-4.3334226663932366e-67,0.07,0.07,0.07,0.07,0.1014999970793724,-0.288605,-0.288605,-0.288605,-0.288605,-0.288605,0.0,0.38,1,2.0,0,0,1,0.7627600767463992,-0.5380498399716928,nan,0.08948083750000001,0.050519162500000006,-0.038961675,10.948780059814453,-2.3165695667266846,0.7083320249835964,-0.0314999970793724,-0.288605
277.7448785305023,1784883434.4831734,0.45465588569641113,3.4809112548828125e-05,1.2146937847137451,0.8388092517852783,large_error_pd,2,1,1,FOLLOW_MAIN,1.0,5.362199420976651,154.9,154.9,154.9,0.261,0.261,0.261,-2.6374106661863088e-21,8.666845332786472e-66,0.65,0.72,0.01,0.05,-0.10068500000000001,-0.18792,2.637410666186309e-23,-4.3334226663932366e-67,0.07,0.07,0.07,0.07,0.1014999970793724,-0.288605,-0.288605,-0.288605,-0.288605,-0.288605,0.0,0.38,1,2.0,0,0,1,0.7627600767463992,-0.5380498399716928,nan,0.08948083750000001,0.050519162500000006,-0.038961675,10.948780059814453,-2.3165695667266846,0.7083320249835964,-0.0314999970793724,-0.288605
278.1237678527832,1784883434.8620632,0.8335459232330322,0.3789248466491699,6.508827209472656e-05,1.2176990509033203,large_error_pd,2,1,1,FOLLOW_MAIN,1.0,5.362199420976651,154.9,154.9,154.9,0.261,0.261,0.261,-2.6374106661863088e-21,8.666845332786472e-66,0.65,0.72,0.01,0.05,-0.10068500000000001,-0.18792,2.637410666186309e-23,-4.3334226663932366e-67,0.07,0.07,0.07,0.07,0.054375000298023224,-0.288605,-0.288605,-0.288605,-0.288605,-0.288605,-0.4728260934352875,0.38,1,2.0,0,0,1,0.7627600767463992,-0.5380498399716928,nan,0.08948083750000001,0.050519162500000006,-0.038961675,11.045470237731934,-2.263946771621704,0.23248095145861333,0.015624999701976783,0.18422109343528748
278.53837418556213,1784883435.276669,1.2481515407562256,0.7935304641723633,0.4146709442138672,3.62396240234375e-05,large_error_pd,2,1,1,FOLLOW_MAIN,1.0,5.362199420976651,154.9,154.9,154.9,0.261,0.261,0.261,-2.6374106661863088e-21,8.666845332786472e-66,0.65,0.72,0.01,0.05,-0.10068500000000001,-0.18792,2.637410666186309e-23,-4.3334226663932366e-67,0.07,0.07,0.07,0.07,0.054375000298023224,-0.288605,-0.288605,-0.288605,-0.288605,-0.288605,-0.4728260934352875,0.38,1,2.0,0,0,1,0.7627600767463992,-0.5380498399716928,nan,0.08948083750000001,0.050519162500000006,-0.038961675,11.045470237731934,-2.263946771621704,0.23248095145861333,0.015624999701976783,0.18422109343528748
278.9788544178009,1784883435.7171497,7.295608520507812e-05,1.2340114116668701,0.8551516532897949,0.4405174255371094,large_error_pd,2,1,1,FOLLOW_MAIN,1.0,5.066340639279226,154.9,154.9,154.9,0.261,0.261,0.261,-1.1767451584020392e-23,3.866924637384229e-68,0.65,0.72,0.01,0.05,-0.10068500000000001,-0.18792,1.1767451584020392e-25,-1.9334623186921147e-69,0.07,0.07,0.07,0.07,0.054375000298023224,-0.288605,-0.288605,-0.288605,-0.288605,-0.288605,-0.4728260934352875,0.38,1,2.0,0,0,1,0.7627600767463992,-0.5380498399716928,nan,0.08948083750000001,0.050519162500000006,-0.038961675,11.045470237731934,-2.263946771621704,0.23248095145861333,0.015624999701976783,0.18422109343528748
279.39470887184143,1784883436.133004,0.4159274101257324,3.170967102050781e-05,1.2710058689117432,0.8563711643218994,large_error_pd,2,1,1,FOLLOW_MAIN,1.0,5.066340639279226,154.9,154.9,154.9,0.261,0.261,0.261,-1.1767451584020392e-23,3.866924637384229e-68,0.65,0.72,0.01,0.05,-0.10068500000000001,-0.18792,1.1767451584020392e-25,-1.9334623186921147e-69,0.07,0.07,0.07,0.07,0.054375000298023224,-0.288605,-0.288605,-0.288605,-0.288605,-0.288605,-0.4728260934352875,0.38,1,2.0,0,0,1,0.7627600767463992,-0.5380498399716928,nan,0.08948083750000001,0.050519162500000006,-0.038961675,11.045470237731934,-2.263946771621704,0.23248095145861333,0.015624999701976783,0.18422109343528748
279.75903129577637,1784883436.4973264,0.780249834060669,0.36435437202453613,3.5762786865234375e-05,1.220693826675415,large_error_pd,2,1,1,FOLLOW_MAIN,1.0,5.066340639279226,154.9,154.9,154.9,0.261,0.261,0.261,-1.1767451584020392e-23,3.866924637384229e-68,0.65,0.72,0.01,0.05,-0.10068500000000001,-0.18792,1.1767451584020392e-25,-1.9334623186921147e-69,0.07,0.07,0.07,0.07,0.08699999749660492,-0.288605,-0.288605,-0.288605,-0.288605,-0.288605,-0.12608695030212402,0.38,1,2.0,0,0,1,0.7627600767463992,-0.5380498399716928,nan,0.08948083750000001,0.050519162500000006,-0.038961675,11.163406372070312,-2.2623612880706787,-0.20806317717295772,-0.016999997496604913,-0.16251804969787598
280.1412777900696,1784883436.879573,1.1624963283538818,0.746600866317749,0.3822824954986572,3.504753112792969e-05,large_error_pd,2,1,1,FOLLOW_MAIN,1.0,5.066340639279226,154.9,154.9,154.9,0.261,0.261,0.261,-1.1767451584020392e-23,3.866924637384229e-68,0.65,0.72,0.01,0.05,-0.10068500000000001,-0.18792,1.1767451584020392e-25,-1.9334623186921147e-69,0.07,0.07,0.07,0.07,0.08699999749660492,-0.288605,-0.288605,-0.288605,-0.288605,-0.288605,-0.12608695030212402,0.38,1,2.0,0,0,1,0.7627600767463992,-0.5380498399716928,nan,0.08948083750000001,0.050519162500000006,-0.038961675,11.163406372070312,-2.2623612880706787,-0.20806317717295772,-0.016999997496604913,-0.16251804969787598
280.51209831237793,1784883437.2503934,5.3882598876953125e-05,1.1174216270446777,0.753103494644165,0.37085604667663574,large_error_pd,2,1,1,FOLLOW_MAIN,1.0,5.4575170796452195,154.9,154.9,154.9,0.261,0.261,0.261,-5.387479099027111e-26,1.770389749443343e-70,0.65,0.72,0.01,0.05,-0.10068500000000001,-0.18792,5.387479099027111e-28,-8.851948747216715e-72,0.07,0.07,0.07,0.07,0.08699999749660492,-0.288605,-0.288605,-0.288605,-0.288605,-0.288605,-0.12608695030212402,0.38,1,2.0,0,0,1,0.7627600767463992,-0.5380498399716928,nan,0.08948083750000001,0.050519162500000006,-0.038961675,11.163406372070312,-2.2623612880706787,-0.20806317717295772,-0.016999997496604913,-0.16251804969787598
280.8853693008423,1784883437.6236644,0.3733248710632324,3.266334533691406e-05,1.1263740062713623,0.744126558303833,large_error_pd,2,1,1,FOLLOW_MAIN,1.0,5.4575170796452195,154.9,154.9,154.9,0.261,0.261,0.261,-5.387479099027111e-26,1.770389749443343e-70,0.65,0.72,0.01,0.05,-0.10068500000000001,-0.18792,5.387479099027111e-28,-8.851948747216715e-72,0.07,0.07,0.07,0.07,0.08699999749660492,-0.288605,-0.288605,-0.288605,-0.288605,-0.288605,-0.12608695030212402,0.38,1,2.0,0,0,1,0.7627600767463992,-0.5380498399716928,nan,0.08948083750000001,0.050519162500000006,-0.038961675,11.163406372070312,-2.2623612880706787,-0.20806317717295772,-0.016999997496604913,-0.16251804969787598
281.2428786754608,1784883437.9811735,0.7308340072631836,0.3575417995452881,3.910064697265625e-05,1.1016359329223633,large_error_pd,2,1,1,FOLLOW_MAIN,1.0,5.4575170796452195,154.9,154.9,154.9,0.261,0.261,0.261,-5.387479099027111e-26,1.770389749443343e-70,0.65,0.72,0.01,0.05,-0.10068500000000001,-0.18792,5.387479099027111e-28,-8.851948747216715e-72,0.07,0.07,0.07,0.07,0.0507499985396862,-0.288605,-0.288605,-0.288605,-0.288605,-0.288605,-0.4413043260574341,0.38,1,2.0,0,0,1,0.7627600767463992,-0.5380498399716928,nan,0.08948083750000001,0.050519162500000006,-0.038961675,11.25638198852539,-2.3042192459106445,-0.657751142750979,0.019250001460313804,0.15269932605743408
281.70204997062683,1784883438.4403448,1.1900050640106201,0.8167135715484619,0.4592103958129883,3.910064697265625e-05,large_error_pd,2,1,1,FOLLOW_MAIN,1.0,5.4575170796452195,154.9,154.9,154.9,0.261,0.261,0.261,-5.387479099027111e-26,1.770389749443343e-70,0.65,0.72,0.01,0.05,-0.10068500000000001,-0.18792,5.387479099027111e-28,-8.851948747216715e-72,0.07,0.07,0.07,0.07,0.0507499985396862,-0.288605,-0.288605,-0.288605,-0.288605,-0.288605,-0.4413043260574341,0.38,1,2.0,0,0,1,0.7627600767463992,-0.5380498399716928,nan,0.08948083750000001,0.050519162500000006,-0.038961675,11.25638198852539,-2.3042192459106445,-0.657751142750979,0.019250001460313804,0.15269932605743408
282.155473947525,1784883438.8937688,3.886222839355469e-05,1.270137071609497,0.9126338958740234,0.4534626007080078,large_error_pd,2,1,1,FOLLOW_MAIN,1.0,5.175610960085053,154.9,154.9,154.9,0.261,0.261,0.261,-3.1219371437074346e-28,1.0259057002419117e-72,0.65,0.72,0.01,0.05,-0.10068500000000001,-0.18792,3.1219371437074348e-30,-5.129528501209558e-74,0.07,0.07,0.07,0.07,0.0507499985396862,-0.288605,-0.288605,-0.288605,-0.288605,-0.288605,-0.4413043260574341,0.38,1,2.0,0,0,1,0.7627600767463992,-0.5380498399716928,nan,0.08948083750000001,0.050519162500000006,-0.038961675,11.25638198852539,-2.3042192459106445,-0.657751142750979,0.019250001460313804,0.15269932605743408
282.57982063293457,1784883439.318116,0.42438673973083496,4.267692565917969e-05,1.3369817733764648,0.8778104782104492,large_error_pd,2,1,1,FOLLOW_MAIN,1.0,5.175610960085053,154.9,154.9,154.9,0.261,0.261,0.261,-3.1219371437074346e-28,1.0259057002419117e-72,0.65,0.72,0.01,0.05,-0.10068500000000001,-0.18792,3.1219371437074348e-30,-5.129528501209558e-74,0.07,0.07,0.07,0.07,0.0507499985396862,-0.288605,-0.288605,-0.288605,-0.288605,-0.288605,-0.4413043260574341,0.38,1,2.0,0,0,1,0.7627600767463992,-0.5380498399716928,nan,0.08948083750000001,0.050519162500000006,-0.038961675,11.25638198852539,-2.3042192459106445,-0.657751142750979,0.019250001460313804,0.15269932605743408
283.1276261806488,1784883439.8659213,0.9721918106079102,0.5478479862213135,9.322166442871094e-05,1.4256155490875244,large_error_pd,2,1,1,FOLLOW_MAIN,1.0,5.175610960085053,154.9,154.9,154.9,0.261,0.261,0.261,-3.1219371437074346e-28,1.0259057002419117e-72,0.65,0.72,0.01,0.05,-0.10068500000000001,-0.18792,3.1219371437074348e-30,-5.129528501209558e-74,0.07,0.07,0.07,0.07,0.057999998331069946,-0.288605,-0.288605,-0.288605,-0.288605,-0.288605,-0.5043478012084961,0.38,1,2.0,0,0,1,0.7627600767463992,-0.5380498399716928,nan,0.08948083750000001,0.050519162500000006,-0.038961675,11.34195613861084,-2.4088029861450195,-1.1606140231319202,0.01200000166893006,0.2157428012084961
283.5403881072998,1784883440.278683,1.384953260421753,0.9606091976165771,0.4128546714782715,3.457069396972656e-05,large_error_pd,2,1,1,FOLLOW_MAIN,1.0,5.175610960085053,154.9,154.9,154.9,0.261,0.261,0.261,-3.1219371437074346e-28,1.0259057002419117e-72,0.65,0.72,0.01,0.05,-0.10068500000000001,-0.18792,3.1219371437074348e-30,-5.129528501209558e-74,0.07,0.07,0.07,0.07,0.057999998331069946,-0.288605,-0.288605,-0.288605,-0.288605,-0.288605,-0.5043478012084961,0.38,1,2.0,0,0,1,0.7627600767463992,-0.5380498399716928,nan,0.08948083750000001,0.050519162500000006,-0.038961675,11.34195613861084,-2.4088029861450195,-1.1606140231319202,0.01200000166893006,0.2157428012084961
283.89415979385376,1784883440.6324546,4.1484832763671875e-05,1.3143811225891113,0.7666268348693848,0.353806734085083,large_error_pd,2,1,1,FOLLOW_MAIN,1.0,4.874391466598711,154.9,154.9,154.9,0.261,0.261,0.261,5.965458461076821e-19,2.2724273289022534e-75,0.65,0.72,0.01,0.05,-0.10068500000000001,-0.18792,-5.9654584610768215e-21,-1.1362136644511267e-76,0.07,0.07,0.07,0.07,0.057999998331069946,-0.288605,-0.288605,-0.288605,-0.288605,-0.288605,-0.5043478012084961,0.38,1,2.0,0,0,1,0.7627600767463992,-0.5380498399716928,nan,0.08948083750000001,0.050519162500000006,-0.038961675,11.34195613861084,-2.4088029861450195,-1.1606140231319202,0.01200000166893006,0.2157428012084961
284.3447072505951,1784883441.0830023,0.4505891799926758,3.790855407714844e-05,1.2171740531921387,0.8043539524078369,large_error_pd,2,1,1,FOLLOW_MAIN,1.0,4.874391466598711,154.9,154.9,154.9,0.261,0.261,0.261,5.965458461076821e-19,2.2724273289022534e-75,0.65,0.72,0.01,0.05,-0.10068500000000001,-0.18792,-5.9654584610768215e-21,-1.1362136644511267e-76,0.07,0.07,0.07,0.07,0.057999998331069946,-0.288605,-0.288605,-0.288605,-0.288605,-0.288605,-0.5043478012084961,0.38,1,2.0,0,0,1,0.7627600767463992,-0.5380498399716928,nan,0.08948083750000001,0.050519162500000006,-0.038961675,11.34195613861084,-2.4088029861450195,-1.1606140231319202,0.01200000166893006,0.2157428012084961
284.74812936782837,1784883441.486425,0.8540124893188477,0.4034614562988281,7.772445678710938e-05,1.207777976989746,large_error_pd,2,1,1,FOLLOW_MAIN,1.0,4.874391466598711,154.9,154.9,154.9,0.261,0.261,0.261,5.965458461076821e-19,2.2724273289022534e-75,0.65,0.72,0.01,0.05,-0.10068500000000001,-0.18792,-5.9654584610768215e-21,-1.1362136644511267e-76,0.07,0.07,0.07,0.07,0.10875000059604645,-0.288605,-0.288605,-0.288605,-0.288605,-0.288605,-0.06304347515106201,0.38,1,2.0,0,0,1,0.7627600767463992,-0.5380498399716928,nan,0.08948083750000001,0.050519162500000006,-0.038961675,11.36100959777832,-2.519723653793335,-1.6130142131537868,-0.03875000059604644,-0.225561524848938
285.16763710975647,1784883441.9059322,1.27351975440979,0.8229687213897705,0.4195849895477295,3.910064697265625e-05,large_error_pd,2,1,1,FOLLOW_MAIN,1.0,4.874391466598711,154.9,154.9,154.9,0.261,0.261,0.261,5.965458461076821e-19,2.2724273289022534e-75,0.65,0.72,0.01,0.05,-0.10068500000000001,-0.18792,-5.9654584610768215e-21,-1.1362136644511267e-76,0.07,0.07,0.07,0.07,0.10875000059604645,-0.288605,-0.288605,-0.288605,-0.288605,-0.288605,-0.06304347515106201,0.38,1,2.0,0,0,1,0.7627600767463992,-0.5380498399716928,nan,0.08948083750000001,0.050519162500000006,-0.038961675,11.36100959777832,-2.519723653793335,-1.6130142131537868,-0.03875000059604644,-0.225561524848938
285.5468978881836,1784883442.285193,6.341934204101562e-05,1.2022287845611572,0.7988460063934326,0.3793001174926758,large_error_pd,2,1,1,FOLLOW_MAIN,1.0,5.820475777934692,154.9,154.9,154.9,0.261,0.261,0.261,2.4582816930062707e-21,9.364354035446884e-78,0.65,0.72,0.01,0.05,-0.10068500000000001,-0.18792,-2.4582816930062707e-23,-4.6821770177234425e-79,0.07,0.07,0.07,0.07,0.10875000059604645,-0.288605,-0.288605,-0.288605,-0.288605,-0.288605,-0.06304347515106201,0.38,1,2.0,0,0,1,0.7627600767463992,-0.5380498399716928,nan,0.08948083750000001,0.050519162500000006,-0.038961675,11.36100959777832,-2.519723653793335,-1.6130142131537868,-0.03875000059604644,-0.225561524848938
285.93456959724426,1784883442.6728644,0.38773488998413086,3.7670135498046875e-05,1.1865167617797852,0.7669706344604492,large_error_pd,2,1,1,FOLLOW_MAIN,1.0,5.820475777934692,154.9,154.9,154.9,0.261,0.261,0.261,2.4582816930062707e-21,9.364354035446884e-78,0.65,0.72,0.01,0.05,-0.10068500000000001,-0.18792,-2.4582816930062707e-23,-4.6821770177234425e-79,0.07,0.07,0.07,0.07,0.10875000059604645,-0.288605,-0.288605,-0.288605,-0.288605,-0.288605,-0.06304347515106201,0.38,1,2.0,0,0,1,0.7627600767463992,-0.5380498399716928,nan,0.08948083750000001,0.050519162500000006,-0.038961675,11.36100959777832,-2.519723653793335,-1.6130142131537868,-0.03875000059604644,-0.225561524848938
286.53672099113464,1784883443.2750163,0.9898867607116699,0.6021895408630371,4.744529724121094e-05,1.3691225051879883,large_error_pd,2,1,1,FOLLOW_MAIN,1.0,5.820475777934692,154.9,154.9,154.9,0.261,0.261,0.261,2.4582816930062707e-21,9.364354035446884e-78,0.65,0.72,0.01,0.05,-0.10068500000000001,-0.18792,-2.4582816930062707e-23,-4.6821770177234425e-79,0.07,0.07,0.07,0.07,0.0833749920129776,-0.288605,-0.288605,-0.288605,-0.288605,-0.288605,-0.28369566798210144,0.38,1,2.0,0,0,1,0.7627600767463992,-0.5380498399716928,nan,0.08948083750000001,0.050519162500000006,-0.038961675,11.326904296875,-2.638174533843994,-2.166502021537305,-0.013374992012977593,-0.00490933201789856
287.016717672348,1784883443.7550128,1.4698834419250488,1.0821864604949951,0.4800446033477783,4.410743713378906e-05,large_error_pd,2,1,1,FOLLOW_MAIN,1.0,5.820475777934692,154.9,154.9,154.9,0.261,0.261,0.261,2.4582816930062707e-21,9.364354035446884e-78,0.65,0.72,0.01,0.05,-0.10068500000000001,-0.18792,-2.4582816930062707e-23,-4.6821770177234425e-79,0.07,0.07,0.07,0.07,0.0833749920129776,-0.288605,-0.288605,-0.288605,-0.288605,-0.288605,-0.28369566798210144,0.38,1,2.0,0,0,1,0.7627600767463992,-0.5380498399716928,nan,0.08948083750000001,0.050519162500000006,-0.038961675,11.326904296875,-2.638174533843994,-2.166502021537305,-0.013374992012977593,-0.00490933201789856
287.47999024391174,1784883444.218285,5.1975250244140625e-05,1.5454583168029785,0.9433166980743408,0.4633164405822754,large_error_pd,2,1,1,FOLLOW_MAIN,1.0,5.719980300122199,154.9,154.9,154.9,0.261,0.261,0.261,4.837798471976374e-24,1.842866819234583e-80,0.65,0.72,0.01,0.05,-0.10068500000000001,-0.18792,-4.8377984719763745e-26,-9.214334096172916e-82,0.07,0.07,0.07,0.07,0.0833749920129776,-0.288605,-0.288605,-0.288605,-0.288605,-0.288605,-0.28369566798210144,0.38,1,2.0,0,0,1,0.7627600767463992,-0.5380498399716928,nan,0.08948083750000001,0.050519162500000006,-0.038961675,11.326904296875,-2.638174533843994,-2.166502021537305,-0.013374992012977593,-0.00490933201789856
287.8947420120239,1784883444.6330369,0.41480350494384766,6.175041198730469e-05,1.3580677509307861,0.8780674934387207,large_error_pd,2,1,1,FOLLOW_MAIN,1.0,5.719980300122199,154.9,154.9,154.9,0.261,0.261,0.261,4.837798471976374e-24,1.842866819234583e-80,0.65,0.72,0.01,0.05,-0.10068500000000001,-0.18792,-4.8377984719763745e-26,-9.214334096172916e-82,0.07,0.07,0.07,0.07,0.0833749920129776,-0.288605,-0.288605,-0.288605,-0.288605,-0.288605,-0.28369566798210144,0.38,1,2.0,0,0,1,0.7627600767463992,-0.5380498399716928,nan,0.08948083750000001,0.050519162500000006,-0.038961675,11.326904296875,-2.638174533843994,-2.166502021537305,-0.013374992012977593,-0.00490933201789856
288.32210397720337,1784883445.0603988,0.8421657085418701,0.42742443084716797,3.695487976074219e-05,1.3054299354553223,large_error_pd,2,1,1,FOLLOW_MAIN,1.0,5.719980300122199,154.9,154.9,154.9,0.261,0.261,0.261,4.837798471976374e-24,1.842866819234583e-80,0.65,0.72,0.01,0.05,-0.10068500000000001,-0.18792,-4.8377984719763745e-26,-9.214334096172916e-82,0.07,0.07,0.07,0.07,0.0507499985396862,-0.288605,-0.288605,-0.288605,-0.288605,-0.288605,-0.4413043260574341,0.38,1,2.0,0,0,1,0.7627600767463992,-0.5380498399716928,nan,0.08948083750000001,0.050519162500000006,-0.038961675,11.239588737487793,-2.7270939350128174,-2.601284100970878,0.019250001460313804,0.15269932605743408
288.78576469421387,1784883445.52406,1.3058266639709473,0.8910849094390869,0.4636976718902588,3.62396240234375e-05,large_error_pd,2,1,1,FOLLOW_MAIN,1.0,5.719980300122199,154.9,154.9,154.9,0.261,0.261,0.261,4.837798471976374e-24,1.842866819234583e-80,0.65,0.72,0.01,0.05,-0.10068500000000001,-0.18792,-4.8377984719763745e-26,-9.214334096172916e-82,0.07,0.07,0.07,0.07,0.0507499985396862,-0.288605,-0.288605,-0.288605,-0.288605,-0.288605,-0.4413043260574341,0.38,1,2.0,0,0,1,0.7627600767463992,-0.5380498399716928,nan,0.08948083750000001,0.050519162500000006,-0.038961675,11.239588737487793,-2.7270939350128174,-2.601284100970878,0.019250001460313804,0.15269932605743408
289.21244525909424,1784883445.9507406,5.269050598144531e-05,1.3177659511566162,0.8903787136077881,0.42671704292297363,large_error_pd,2,1,1,FOLLOW_MAIN,1.0,4.93289653877984,154.9,154.9,154.9,0.261,0.261,0.261,1.352699540481355e-26,5.152850235467873e-83,0.65,0.72,0.01,0.05,-0.10068500000000001,-0.18792,-1.352699540481355e-28,-2.5764251177339368e-84,0.07,0.07,0.07,0.07,0.0507499985396862,-0.288605,-0.288605,-0.288605,-0.288605,-0.288605,-0.4413043260574341,0.38,1,2.0,0,0,1,0.7627600767463992,-0.5380498399716928,nan,0.08948083750000001,0.050519162500000006,-0.038961675,11.239588737487793,-2.7270939350128174,-2.601284100970878,0.019250001460313804,0.15269932605743408
289.6417565345764,1784883446.3800514,0.429363489151001,3.314018249511719e-05,1.3196895122528076,0.8560278415679932,large_error_pd,2,1,1,FOLLOW_MAIN,1.0,4.93289653877984,154.9,154.9,154.9,0.261,0.261,0.261,1.352699540481355e-26,5.152850235467873e-83,0.65,0.72,0.01,0.05,-0.10068500000000001,-0.18792,-1.352699540481355e-28,-2.5764251177339368e-84,0.07,0.07,0.07,0.07,0.0507499985396862,-0.288605,-0.288605,-0.288605,-0.288605,-0.288605,-0.4413043260574341,0.38,1,2.0,0,0,1,0.7627600767463992,-0.5380498399716928,nan,0.08948083750000001,0.050519162500000006,-0.038961675,11.239588737487793,-2.7270939350128174,-2.601284100970878,0.019250001460313804,0.15269932605743408
290.1078531742096,1784883446.8461483,0.8954603672027588,0.46613001823425293,4.649162292480469e-05,1.3221242427825928,large_error_pd,2,1,1,FOLLOW_MAIN,1.0,4.93289653877984,154.9,154.9,154.9,0.261,0.261,0.261,1.352699540481355e-26,5.152850235467873e-83,0.65,0.72,0.01,0.05,-0.10068500000000001,-0.18792,-1.352699540481355e-28,-2.5764251177339368e-84,0.07,0.07,0.07,0.07,0.06887499988079071,-0.288605,-0.288605,-0.288605,-0.288605,-0.288605,-0.28369566798210144,0.38,1,2.0,0,0,1,0.7627600767463992,-0.5380498399716928,nan,0.08948083750000001,0.050519162500000006,-0.038961675,11.116628646850586,-2.7608556747436523,-3.1100750440231164,0.0011250001192092962,-0.00490933201789856
290.5092418193817,1784883447.2475367,1.2968485355377197,0.867518424987793,0.40143513679504395,4.172325134277344e-05,large_error_pd,2,1,1,FOLLOW_MAIN,1.0,4.93289653877984,154.9,154.9,154.9,0.261,0.261,0.261,1.352699540481355e-26,5.152850235467873e-83,0.65,0.72,0.01,0.05,-0.10068500000000001,-0.18792,-1.352699540481355e-28,-2.5764251177339368e-84,0.07,0.07,0.07,0.07,0.06887499988079071,-0.288605,-0.288605,-0.288605,-0.288605,-0.288605,-0.28369566798210144,0.38,1,2.0,0,0,1,0.7627600767463992,-0.5380498399716928,nan,0.08948083750000001,0.050519162500000006,-0.038961675,11.116628646850586,-2.7608556747436523,-3.1100750440231164,0.0011250001192092962,-0.00490933201789856
290.8912868499756,1784883447.6295822,7.271766662597656e-05,1.249563455581665,0.7834799289703369,0.38208627700805664,large_error_pd,2,1,1,FOLLOW_MAIN,1.0,4.281030516118236,154.9,154.90000000000003,154.90000000000003,0.261,0.261,0.261,2.587022086616128e-17,1.9150018997730925e-85,0.65,0.72,0.01,0.05,-0.10068500000000002,-0.18792,-2.5870220866161283e-19,-9.575009498865463e-87,0.07,0.07,0.07,0.07,0.06887499988079071,-0.288605,-0.288605,-0.288605,-0.288605,-0.288605,-0.28369566798210144,0.38,1,2.0,0,0,1,0.7627600767463992,-0.5380498399716928,nan,0.08948083750000001,0.050519162500000006,-0.038961675,11.116628646850586,-2.7608556747436523,-3.1100750440231164,0.0011250001192092962,-0.00490933201789856
291.26442646980286,1784883448.0027215,0.3732125759124756,3.695487976074219e-05,1.1566202640533447,0.7552263736724854,large_error_pd,2,1,1,FOLLOW_MAIN,1.0,4.281030516118236,154.9,154.90000000000003,154.90000000000003,0.261,0.261,0.261,2.587022086616128e-17,1.9150018997730925e-85,0.65,0.72,0.01,0.05,-0.10068500000000002,-0.18792,-2.5870220866161283e-19,-9.575009498865463e-87,0.07,0.07,0.07,0.07,0.06887499988079071,-0.288605,-0.288605,-0.288605,-0.288605,-0.288605,-0.28369566798210144,0.38,1,2.0,0,0,1,0.7627600767463992,-0.5380498399716928,nan,0.08948083750000001,0.050519162500000006,-0.038961675,11.116628646850586,-2.7608556747436523,-3.1100750440231164,0.0011250001192092962,-0.00490933201789856
291.7147042751312,1784883448.4529994,0.8234906196594238,0.4503152370452881,0.000110626220703125,1.2055046558380127,large_error_pd,2,1,1,FOLLOW_MAIN,1.0,4.281030516118236,154.9,154.90000000000003,154.90000000000003,0.261,0.261,0.261,2.587022086616128e-17,1.9150018997730925e-85,0.65,0.72,0.01,0.05,-0.10068500000000002,-0.18792,-2.5870220866161283e-19,-9.575009498865463e-87,0.07,0.07,0.07,0.07,0.07612499594688416,-0.288605,-0.288605,-0.288605,-0.288605,-0.288605,-0.28369569778442383,0.38,1,2.0,0,0,1,0.7627600767463992,-0.5380498399716928,nan,0.08948083750000001,0.050519162500000006,-0.038961675,11.016254425048828,-2.738318920135498,2.6377461188058957,-0.006124995946884149,-0.004909302215576172
292.19977498054504,1784883448.93807,1.308560848236084,0.9353854656219482,0.4851808547973633,4.458427429199219e-05,large_error_pd,2,1,1,FOLLOW_MAIN,1.0,4.281030516118236,154.9,154.90000000000003,154.90000000000003,0.261,0.261,0.261,2.587022086616128e-17,1.9150018997730925e-85,0.65,0.72,0.01,0.05,-0.10068500000000002,-0.18792,-2.5870220866161283e-19,-9.575009498865463e-87,0.07,0.07,0.07,0.07,0.07612499594688416,-0.288605,-0.288605,-0.288605,-0.288605,-0.288605,-0.28369569778442383,0.38,1,2.0,0,0,1,0.7627600767463992,-0.5380498399716928,nan,0.08948083750000001,0.050519162500000006,-0.038961675,11.016254425048828,-2.738318920135498,2.6377461188058957,-0.006124995946884149,-0.004909302215576172
292.72917127609253,1784883449.4674666,4.935264587402344e-05,1.4647819995880127,1.0145773887634277,0.5294408798217773,large_error_pd,2,1,1,FOLLOW_MAIN,1.0,5.077027545367618,154.9,154.9,154.9,0.261,0.261,0.261,-1.791279099615294e-19,3.1792242812870534e-88,0.65,0.72,0.01,0.05,-0.10068500000000001,-0.18792,1.791279099615294e-21,-1.5896121406435266e-89,0.07,0.07,0.07,0.07,0.07612499594688416,-0.288605,-0.288605,-0.288605,-0.288605,-0.288605,-0.28369569778442383,0.38,1,2.0,0,0,1,0.7627600767463992,-0.5380498399716928,nan,0.08948083750000001,0.050519162500000006,-0.038961675,11.016254425048828,-2.738318920135498,2.6377461188058957,-0.006124995946884149,-0.004909302215576172
293.2305543422699,1784883449.9688494,0.5014336109161377,9.441375732421875e-05,1.515962839126587,1.0308263301849365,large_error_pd,2,1,1,FOLLOW_MAIN,1.0,5.077027545367618,154.9,154.9,154.9,0.261,0.261,0.261,-1.791279099615294e-19,3.1792242812870534e-88,0.65,0.72,0.01,0.05,-0.10068500000000001,-0.18792,1.791279099615294e-21,-1.5896121406435266e-89,0.07,0.07,0.07,0.07,0.07612499594688416,-0.288605,-0.288605,-0.288605,-0.288605,-0.288605,-0.28369569778442383,0.38,1,2.0,0,0,1,0.7627600767463992,-0.5380498399716928,nan,0.08948083750000001,0.050519162500000006,-0.038961675,11.016254425048828,-2.738318920135498,2.6377461188058957,-0.006124995946884149,-0.004909302215576172
293.6551706790924,1784883450.393467,0.9260509014129639,0.4247124195098877,0.00012445449829101562,1.4554450511932373,large_error_pd,2,1,1,FOLLOW_MAIN,1.0,5.077027545367618,154.9,154.9,154.9,0.261,0.261,0.261,-1.791279099615294e-19,3.1792242812870534e-88,0.65,0.72,0.01,0.05,-0.10068500000000001,-0.18792,1.791279099615294e-21,-1.5896121406435266e-89,0.07,0.07,0.07,0.07,0.0507499985396862,-0.288605,-0.288605,-0.288605,-0.288605,-0.288605,-0.4413043260574341,0.38,1,2.0,0,0,1,0.7627600767463992,-0.5380498399716928,nan,0.08948083750000001,0.050519162500000006,-0.038961675,10.912979125976562,-2.646688461303711,2.0590736117951995,0.019250001460313804,0.15269932605743408
294.25774669647217,1784883450.9960418,1.5286245346069336,1.027284860610962,0.6026966571807861,4.649162292480469e-05,large_error_pd,2,1,1,FOLLOW_MAIN,1.0,5.077027545367618,154.9,154.9,154.9,0.261,0.261,0.261,-1.791279099615294e-19,3.1792242812870534e-88,0.65,0.72,0.01,0.05,-0.10068500000000001,-0.18792,1.791279099615294e-21,-1.5896121406435266e-89,0.07,0.07,0.07,0.07,0.0507499985396862,-0.288605,-0.288605,-0.288605,-0.288605,-0.288605,-0.4413043260574341,0.38,1,2.0,0,0,1,0.7627600767463992,-0.5380498399716928,nan,0.08948083750000001,0.050519162500000006,-0.038961675,10.912979125976562,-2.646688461303711,2.0590736117951995,0.019250001460313804,0.15269932605743408
294.7712028026581,1784883451.5094976,4.553794860839844e-05,1.5407402515411377,1.1161515712738037,0.5135011672973633,large_error_pd,2,1,1,FOLLOW_MAIN,1.0,4.782093261154212,154.9,154.9,154.9,0.261,0.261,0.261,-4.008645249014951e-22,7.114682638496357e-91,0.65,0.72,0.01,0.05,-0.10068500000000001,-0.18792,4.008645249014951e-24,-3.5573413192481784e-92,0.07,0.07,0.07,0.07,0.0507499985396862,-0.288605,-0.288605,-0.288605,-0.288605,-0.288605,-0.4413043260574341,0.38,1,2.0,0,0,1,0.7627600767463992,-0.5380498399716928,nan,0.08948083750000001,0.050519162500000006,-0.038961675,10.912979125976562,-2.646688461303711,2.0590736117951995,0.019250001460313804,0.15269932605743408
295.25808215141296,1784883451.9963772,0.4869258403778076,6.318092346191406e-05,1.6030323505401611,1.000382423400879,large_error_pd,2,1,1,FOLLOW_MAIN,1.0,4.782093261154212,154.9,154.9,154.9,0.261,0.261,0.261,-4.008645249014951e-22,7.114682638496357e-91,0.65,0.72,0.01,0.05,-0.10068500000000001,-0.18792,4.008645249014951e-24,-3.5573413192481784e-92,0.07,0.07,0.07,0.07,0.0507499985396862,-0.288605,-0.288605,-0.288605,-0.288605,-0.288605,-0.4413043260574341,0.38,1,2.0,0,0,1,0.7627600767463992,-0.5380498399716928,nan,0.08948083750000001,0.050519162500000006,-0.038961675,10.912979125976562,-2.646688461303711,2.0590736117951995,0.019250001460313804,0.15269932605743408
295.74676394462585,1784883452.4850593,0.9756076335906982,0.48874521255493164,5.7220458984375e-05,1.4890632629394531,large_error_pd,2,1,1,FOLLOW_MAIN,1.0,4.782093261154212,154.9,154.9,154.9,0.261,0.261,0.261,-4.008645249014951e-22,7.114682638496357e-91,0.65,0.72,0.01,0.05,-0.10068500000000001,-0.18792,4.008645249014951e-24,-3.5573413192481784e-92,0.07,0.07,0.07,0.07,0.06524999439716339,-0.288605,-0.288605,-0.288605,-0.288605,-0.288605,-0.31521737575531006,0.38,1,2.0,0,0,1,0.7627600767463992,-0.5380498399716928,nan,0.08948083750000001,0.050519162500000006,-0.038961675,10.878514289855957,-2.506990671157837,1.4314453073982107,0.0047500056028366155,0.026612375755310058
296.2114233970642,1784883452.9497182,1.4402666091918945,0.9534039497375488,0.46471643447875977,4.267692565917969e-05,large_error_pd,2,1,1,FOLLOW_MAIN,1.0,4.782093261154212,154.9,154.9,154.9,0.261,0.261,0.261,-4.008645249014951e-22,7.114682638496357e-91,0.65,0.72,0.01,0.05,-0.10068500000000001,-0.18792,4.008645249014951e-24,-3.5573413192481784e-92,0.07,0.07,0.07,0.07,0.06524999439716339,-0.288605,-0.288605,-0.288605,-0.288605,-0.288605,-0.31521737575531006,0.38,1,2.0,0,0,1,0.7627600767463992,-0.5380498399716928,nan,0.08948083750000001,0.050519162500000006,-0.038961675,10.878514289855957,-2.506990671157837,1.4314453073982107,0.0047500056028366155,0.026612375755310058
296.62882471084595,1784883453.3671196,4.38690185546875e-05,1.370805263519287,0.8821172714233398,0.41744351387023926,large_error_pd,2,1,1,FOLLOW_MAIN,1.0,5.5020676689126535,154.9,154.9,154.9,0.261,0.261,0.261,-5.900354812103435e-25,1.0472154390053927e-93,0.65,0.72,0.01,0.05,-0.10068500000000001,-0.18792,5.900354812103435e-27,-5.236077195026964e-95,0.07,0.07,0.07,0.07,0.06524999439716339,-0.288605,-0.288605,-0.288605,-0.288605,-0.288605,-0.31521737575531006,0.38,1,2.0,0,0,1,0.7627600767463992,-0.5380498399716928,nan,0.08948083750000001,0.050519162500000006,-0.038961675,10.878514289855957,-2.506990671157837,1.4314453073982107,0.0047500056028366155,0.026612375755310058
297.1366353034973,1784883453.8749304,0.5078554153442383,9.846687316894531e-05,1.3899292945861816,0.9252562522888184,large_error_pd,2,1,1,FOLLOW_MAIN,1.0,5.5020676689126535,154.9,154.9,154.9,0.261,0.261,0.261,-5.900354812103435e-25,1.0472154390053927e-93,0.65,0.72,0.01,0.05,-0.10068500000000001,-0.18792,5.900354812103435e-27,-5.236077195026964e-95,0.07,0.07,0.07,0.07,0.06524999439716339,-0.288605,-0.288605,-0.288605,-0.288605,-0.288605,-0.31521737575531006,0.38,1,2.0,0,0,1,0.7627600767463992,-0.5380498399716928,nan,0.08948083750000001,0.050519162500000006,-0.038961675,10.878514289855957,-2.506990671157837,1.4314453073982107,0.0047500056028366155,0.026612375755310058
297.69024300575256,1784883454.428538,1.0614619255065918,0.5537049770355225,3.743171691894531e-05,1.4788618087768555,large_error_pd,2,1,1,FOLLOW_MAIN,1.0,5.5020676689126535,154.9,154.9,154.9,0.261,0.261,0.261,-5.900354812103435e-25,1.0472154390053927e-93,0.65,0.72,0.01,0.05,-0.10068500000000001,-0.18792,5.900354812103435e-27,-5.236077195026964e-95,0.07,0.07,0.07,0.07,0.054375000298023224,-0.288605,-0.288605,-0.288605,-0.288605,-0.288605,-0.4728260934352875,0.38,1,2.0,0,0,1,0.7627600767463992,-0.5380498399716928,nan,0.08948083750000001,0.050519162500000006,-0.038961675,10.923050880432129,-2.3855676651000977,0.8934929159771243,0.015624999701976783,0.18422109343528748
298.10947728157043,1784883454.8477721,1.480696678161621,0.9729397296905518,0.41927218437194824,3.695487976074219e-05,large_error_pd,2,1,1,FOLLOW_MAIN,1.0,5.5020676689126535,154.9,154.9,154.9,0.261,0.261,0.261,-5.900354812103435e-25,1.0472154390053927e-93,0.65,0.72,0.01,0.05,-0.10068500000000001,-0.18792,5.900354812103435e-27,-5.236077195026964e-95,0.07,0.07,0.07,0.07,0.054375000298023224,-0.288605,-0.288605,-0.288605,-0.288605,-0.288605,-0.4728260934352875,0.38,1,2.0,0,0,1,0.7627600767463992,-0.5380498399716928,nan,0.08948083750000001,0.050519162500000006,-0.038961675,10.923050880432129,-2.3855676651000977,0.8934929159771243,0.015624999701976783,0.18422109343528748
298.5312705039978,1784883455.2695653,4.363059997558594e-05,1.3947327136993408,0.8410651683807373,0.4218299388885498,large_error_pd,2,1,1,FOLLOW_MAIN,1.0,5.312098958034979,154.9,154.9,154.9,0.261,0.261,0.261,-9.312550492764294e-28,1.6528237645192458e-96,0.65,0.72,0.01,0.05,-0.10068500000000001,-0.18792,9.312550492764294e-30,-8.26411882259623e-98,0.07,0.07,0.07,0.07,0.054375000298023224,-0.288605,-0.288605,-0.288605,-0.288605,-0.288605,-0.4728260934352875,0.38,1,2.0,0,0,1,0.7627600767463992,-0.5380498399716928,nan,0.08948083750000001,0.050519162500000006,-0.038961675,10.923050880432129,-2.3855676651000977,0.8934929159771243,0.015624999701976783,0.18422109343528748
298.9485137462616,1784883455.6868088,0.41728711128234863,0.0001049041748046875,1.2583088874816895,0.839073657989502,large_error_pd,2,1,1,FOLLOW_MAIN,1.0,5.312098958034979,154.9,154.9,154.9,0.261,0.261,0.261,-9.312550492764294e-28,1.6528237645192458e-96,0.65,0.72,0.01,0.05,-0.10068500000000001,-0.18792,9.312550492764294e-30,-8.26411882259623e-98,0.07,0.07,0.07,0.07,0.054375000298023224,-0.288605,-0.288605,-0.288605,-0.288605,-0.288605,-0.4728260934352875,0.38,1,2.0,0,0,1,0.7627600767463992,-0.5380498399716928,nan,0.08948083750000001,0.050519162500000006,-0.038961675,10.923050880432129,-2.3855676651000977,0.8934929159771243,0.015624999701976783,0.18422109343528748
299.3515450954437,1784883456.0898402,0.8203353881835938,0.4031531810760498,6.461143493652344e-05,1.2421214580535889,large_error_pd,2,1,1,FOLLOW_MAIN,1.0,5.312098958034979,154.9,154.9,154.9,0.261,0.261,0.261,-9.312550492764294e-28,1.6528237645192458e-96,0.65,0.72,0.01,0.05,-0.10068500000000001,-0.18792,9.312550492764294e-30,-8.26411882259623e-98,0.07,0.07,0.07,0.07,0.06525000184774399,-0.288605,-0.288605,-0.288605,-0.288605,-0.288605,-0.37826085090637207,0.38,1,2.0,0,0,1,0.7627600767463992,-0.5380498399716928,nan,0.08948083750000001,0.050519162500000006,-0.038961675,11.024272918701172,-2.303542137145996,0.43387343041501353,0.004749998152256019,0.08965585090637207
299.76756048202515,1784883456.5058556,1.2363336086273193,0.8191514015197754,0.4160628318786621,3.9577484130859375e-05,large_error_pd,2,1,1,FOLLOW_MAIN,1.0,5.312098958034979,154.9,154.9,154.9,0.261,0.261,0.261,-9.312550492764294e-28,1.6528237645192458e-96,0.65,0.72,0.01,0.05,-0.10068500000000001,-0.18792,9.312550492764294e-30,-8.26411882259623e-98,0.07,0.07,0.07,0.07,0.06525000184774399,-0.288605,-0.288605,-0.288605,-0.288605,-0.288605,-0.37826085090637207,0.38,1,2.0,0,0,1,0.7627600767463992,-0.5380498399716928,nan,0.08948083750000001,0.050519162500000006,-0.038961675,11.024272918701172,-2.303542137145996,0.43387343041501353,0.004749998152256019,0.08965585090637207
300.4977457523346,1784883457.2360413,0.00010776519775390625,1.5493378639221191,1.1462502479553223,0.7302274703979492,large_error_pd,2,1,1,FOLLOW_MAIN,1.0,4.713641972935282,154.9,154.9,154.9,0.261,0.261,0.261,5.47812795846023e-18,1.89426406442282e-99,0.65,0.72,0.01,0.05,-0.10068500000000001,-0.18792,-5.47812795846023e-20,-9.471320322114101e-101,0.07,0.07,0.07,0.07,0.06525000184774399,-0.288605,-0.288605,-0.288605,-0.288605,-0.288605,-0.37826085090637207,0.38,1,2.0,0,0,1,0.7627600767463992,-0.5380498399716928,nan,0.08948083750000001,0.050519162500000006,-0.038961675,11.024272918701172,-2.303542137145996,0.43387343041501353,0.004749998152256019,0.08965585090637207
300.98348593711853,1784883457.721781,0.48584723472595215,3.314018249511719e-05,1.631988525390625,1.2159655094146729,large_error_pd,2,1,1,FOLLOW_MAIN,1.0,4.713641972935282,154.9,154.9,154.9,0.261,0.261,0.261,5.47812795846023e-18,1.89426406442282e-99,0.65,0.72,0.01,0.05,-0.10068500000000001,-0.18792,-5.47812795846023e-20,-9.471320322114101e-101,0.07,0.07,0.07,0.07,0.06525000184774399,-0.288605,-0.288605,-0.288605,-0.288605,-0.288605,-0.37826085090637207,0.38,1,2.0,0,0,1,0.7627600767463992,-0.5380498399716928,nan,0.08948083750000001,0.050519162500000006,-0.038961675,11.024272918701172,-2.303542137145996,0.43387343041501353,0.004749998152256019,0.08965585090637207
301.36814761161804,1784883458.1064432,0.8705093860626221,0.38469529151916504,5.555152893066406e-05,1.6006274223327637,large_error_pd,2,1,1,FOLLOW_MAIN,1.0,4.713641972935282,154.9,154.9,154.9,0.261,0.261,0.261,5.47812795846023e-18,1.89426406442282e-99,0.65,0.72,0.01,0.05,-0.10068500000000001,-0.18792,-5.47812795846023e-20,-9.471320322114101e-101,0.07,0.07,0.07,0.07,0.0833749920129776,-0.288605,-0.288605,-0.288605,-0.288605,-0.288605,-0.28369566798210144,0.38,1,2.0,0,0,1,0.7627600767463992,-0.5380498399716928,nan,0.08948083750000001,0.050519162500000006,-0.038961675,11.160425186157227,-2.2853662967681885,-0.10050843140710984,-0.013374992012977593,-0.00490933201789856
301.8072392940521,1784883458.5455341,1.3096001148223877,0.8237860202789307,0.4391462802886963,4.100799560546875e-05,large_error_pd,2,1,1,FOLLOW_MAIN,1.0,4.713641972935282,154.9,154.9,154.9,0.261,0.261,0.261,5.47812795846023e-18,1.89426406442282e-99,0.65,0.72,0.01,0.05,-0.10068500000000001,-0.18792,-5.47812795846023e-20,-9.471320322114101e-101,0.07,0.07,0.07,0.07,0.0833749920129776,-0.288605,-0.288605,-0.288605,-0.288605,-0.288605,-0.28369566798210144,0.38,1,2.0,0,0,1,0.7627600767463992,-0.5380498399716928,nan,0.08948083750000001,0.050519162500000006,-0.038961675,11.160425186157227,-2.2853662967681885,-0.10050843140710984,-0.013374992012977593,-0.00490933201789856
302.1736145019531,1784883458.9119096,0.00012874603271484375,1.1901614665985107,0.8055217266082764,0.36641645431518555,large_error_pd,2,1,1,FOLLOW_MAIN,1.0,5.250971026861944,154.9,154.9,154.9,0.261,0.261,0.261,3.141942644357417e-20,1.0864421365865159e-101,0.65,0.72,0.01,0.05,-0.10068500000000001,-0.18792,-3.141942644357417e-22,-5.43221068293258e-103,0.07,0.07,0.07,0.07,0.0833749920129776,-0.288605,-0.288605,-0.288605,-0.288605,-0.288605,-0.28369566798210144,0.38,1,2.0,0,0,1,0.7627600767463992,-0.5380498399716928,nan,0.08948083750000001,0.050519162500000006,-0.038961675,11.160425186157227,-2.2853662967681885,-0.10050843140710984,-0.013374992012977593,-0.00490933201789856
302.5350580215454,1784883459.273353,0.3615727424621582,4.291534423828125e-05,1.166966199874878,0.7278611660003662,large_error_pd,2,1,1,FOLLOW_MAIN,1.0,5.250971026861944,154.9,154.9,154.9,0.261,0.261,0.261,3.141942644357417e-20,1.0864421365865159e-101,0.65,0.72,0.01,0.05,-0.10068500000000001,-0.18792,-3.141942644357417e-22,-5.43221068293258e-103,0.07,0.07,0.07,0.07,0.0833749920129776,-0.288605,-0.288605,-0.288605,-0.288605,-0.288605,-0.28369566798210144,0.38,1,2.0,0,0,1,0.7627600767463992,-0.5380498399716928,nan,0.08948083750000001,0.050519162500000006,-0.038961675,11.160425186157227,-2.2853662967681885,-0.10050843140710984,-0.013374992012977593,-0.00490933201789856
302.90514612197876,1784883459.643441,0.7316601276397705,0.37014269828796387,8.678436279296875e-05,1.0979602336883545,large_error_pd,2,1,1,FOLLOW_MAIN,1.0,5.250971026861944,154.9,154.9,154.9,0.261,0.261,0.261,3.141942644357417e-20,1.0864421365865159e-101,0.65,0.72,0.01,0.05,-0.10068500000000001,-0.18792,-3.141942644357417e-22,-5.43221068293258e-103,0.07,0.07,0.07,0.07,0.0507499985396862,-0.288605,-0.288605,-0.288605,-0.288605,-0.288605,-0.4413043260574341,0.38,1,2.0,0,0,1,0.7627600767463992,-0.5380498399716928,nan,0.08948083750000001,0.050519162500000006,-0.038961675,11.255651473999023,-2.3201959133148193,-0.6242110629809172,0.019250001460313804,0.15269932605743408
303.260281085968,1784883459.9985762,1.0867955684661865,0.7252657413482666,0.3552103042602539,4.315376281738281e-05,large_error_pd,2,1,1,FOLLOW_MAIN,1.0,5.250971026861944,154.9,154.9,154.9,0.261,0.261,0.261,3.141942644357417e-20,1.0864421365865159e-101,0.65,0.72,0.01,0.05,-0.10068500000000001,-0.18792,-3.141942644357417e-22,-5.43221068293258e-103,0.07,0.07,0.07,0.07,0.0507499985396862,-0.288605,-0.288605,-0.288605,-0.288605,-0.288605,-0.4413043260574341,0.38,1,2.0,0,0,1,0.7627600767463992,-0.5380498399716928,nan,0.08948083750000001,0.050519162500000006,-0.038961675,11.255651473999023,-2.3201959133148193,-0.6242110629809172,0.019250001460313804,0.15269932605743408
303.6279535293579,1784883460.3662486,4.982948303222656e-05,1.0929381847381592,0.7228822708129883,0.36771535873413086,large_error_pd,2,1,1,FOLLOW_MAIN,1.0,5.394616755099854,154.9,154.9,154.9,0.261,0.261,0.261,6.141211838497459e-18,7.04218218478211e-104,0.65,0.72,0.01,0.05,-0.10068500000000001,-0.18792,-6.141211838497459e-20,-3.521091092391055e-105,0.07,0.07,0.07,0.07,0.0507499985396862,-0.288605,-0.288605,-0.288605,-0.288605,-0.288605,-0.4413043260574341,0.38,1,2.0,0,0,1,0.7627600767463992,-0.5380498399716928,nan,0.08948083750000001,0.050519162500000006,-0.038961675,11.255651473999023,-2.3201959133148193,-0.6242110629809172,0.019250001460313804,0.15269932605743408
303.98140001296997,1784883460.7196949,0.35349607467651367,3.4332275390625e-05,1.0763287544250488,0.7211616039276123,large_error_pd,2,1,1,FOLLOW_MAIN,1.0,5.394616755099854,154.9,154.9,154.9,0.261,0.261,0.261,6.141211838497459e-18,7.04218218478211e-104,0.65,0.72,0.01,0.05,-0.10068500000000001,-0.18792,-6.141211838497459e-20,-3.521091092391055e-105,0.07,0.07,0.07,0.07,0.0507499985396862,-0.288605,-0.288605,-0.288605,-0.288605,-0.288605,-0.4413043260574341,0.38,1,2.0,0,0,1,0.7627600767463992,-0.5380498399716928,nan,0.08948083750000001,0.050519162500000006,-0.038961675,11.255651473999023,-2.3201959133148193,-0.6242110629809172,0.019250001460313804,0.15269932605743408
304.34133863449097,1784883461.0796335,0.7134346961975098,0.3599729537963867,4.00543212890625e-05,1.0810997486114502,large_error_pd,2,1,1,FOLLOW_MAIN,1.0,5.394616755099854,154.9,154.9,154.9,0.261,0.261,0.261,6.141211838497459e-18,7.04218218478211e-104,0.65,0.72,0.01,0.05,-0.10068500000000001,-0.18792,-6.141211838497459e-20,-3.521091092391055e-105,0.07,0.07,0.07,0.07,0.09062499552965164,-0.288605,-0.288605,-0.288605,-0.288605,-0.288605,-0.22065217792987823,0.38,1,2.0,0,0,1,0.7627600767463992,-0.5380498399716928,nan,0.08948083750000001,0.050519162500000006,-0.038961675,11.332414627075195,-2.394948720932007,-0.9756438752387847,-0.020624995529651635,-0.06795282207012177
304.7005434036255,1784883461.4388385,1.0726399421691895,0.7191781997680664,0.35924577713012695,4.220008850097656e-05,large_error_pd,2,1,1,FOLLOW_MAIN,1.0,5.394616755099854,154.9,154.9,154.9,0.261,0.261,0.261,6.141211838497459e-18,7.04218218478211e-104,0.65,0.72,0.01,0.05,-0.10068500000000001,-0.18792,-6.141211838497459e-20,-3.521091092391055e-105,0.07,0.07,0.07,0.07,0.09062499552965164,-0.288605,-0.288605,-0.288605,-0.288605,-0.288605,-0.22065217792987823,0.38,1,2.0,0,0,1,0.7627600767463992,-0.5380498399716928,nan,0.08948083750000001,0.050519162500000006,-0.038961675,11.332414627075195,-2.394948720932007,-0.9756438752387847,-0.020624995529651635,-0.06795282207012177
305.0404062271118,1784883461.7787013,4.9114227294921875e-05,1.0590405464172363,0.699108362197876,0.33990478515625,large_error_pd,2,1,1,FOLLOW_MAIN,1.0,4.115959874519184,154.9,154.89999999999998,154.89999999999998,0.261,0.261,0.261,-5.956637819805488e-17,7.041470650394257e-106,0.65,0.72,0.01,0.05,-0.100685,-0.18792,5.956637819805488e-19,-3.5207353251971286e-107,0.07,0.07,0.07,0.07,0.09062499552965164,-0.288605,-0.288605,-0.288605,-0.288605,-0.288605,-0.22065217792987823,0.38,1,2.0,0,0,1,0.7627600767463992,-0.5380498399716928,nan,0.08948083750000001,0.050519162500000006,-0.038961675,11.332414627075195,-2.394948720932007,-0.9756438752387847,-0.020624995529651635,-0.06795282207012177
305.388623714447,1784883462.1269186,0.3482668399810791,5.054473876953125e-05,1.047325611114502,0.6881222724914551,large_error_pd,2,1,1,FOLLOW_MAIN,1.0,4.115959874519184,154.9,154.89999999999998,154.89999999999998,0.261,0.261,0.261,-5.956637819805488e-17,7.041470650394257e-106,0.65,0.72,0.01,0.05,-0.100685,-0.18792,5.956637819805488e-19,-3.5207353251971286e-107,0.07,0.07,0.07,0.07,0.09062499552965164,-0.288605,-0.288605,-0.288605,-0.288605,-0.288605,-0.22065217792987823,0.38,1,2.0,0,0,1,0.7627600767463992,-0.5380498399716928,nan,0.08948083750000001,0.050519162500000006,-0.038961675,11.332414627075195,-2.394948720932007,-0.9756438752387847,-0.020624995529651635,-0.06795282207012177
305.73191475868225,1784883462.4702098,0.6915581226348877,0.34334230422973633,4.100799560546875e-05,1.0314137935638428,large_error_pd,2,1,1,FOLLOW_MAIN,1.0,4.115959874519184,154.9,154.89999999999998,154.89999999999998,0.261,0.261,0.261,-5.956637819805488e-17,7.041470650394257e-106,0.65,0.72,0.01,0.05,-0.100685,-0.18792,5.956637819805488e-19,-3.5207353251971286e-107,0.07,0.07,0.07,0.07,0.057999998331069946,-0.288605,-0.288605,-0.288605,-0.288605,-0.288605,-0.5043478012084961,0.38,1,2.0,0,0,1,0.7627600767463992,-0.5380498399716928,nan,0.08948083750000001,0.050519162500000006,-0.038961675,11.368291854858398,-2.4858555793762207,-1.4396732172654465,0.01200000166893006,0.2157428012084961
306.08898067474365,1784883462.8272755,1.0486235618591309,0.7004072666168213,0.35710597038269043,3.719329833984375e-05,large_error_pd,2,1,1,FOLLOW_MAIN,1.0,4.115959874519184,154.9,154.89999999999998,154.89999999999998,0.261,0.261,0.261,-5.956637819805488e-17,7.041470650394257e-106,0.65,0.72,0.01,0.05,-0.100685,-0.18792,5.956637819805488e-19,-3.5207353251971286e-107,0.07,0.07,0.07,0.07,0.057999998331069946,-0.288605,-0.288605,-0.288605,-0.288605,-0.288605,-0.5043478012084961,0.38,1,2.0,0,0,1,0.7627600767463992,-0.5380498399716928,nan,0.08948083750000001,0.050519162500000006,-0.038961675,11.368291854858398,-2.4858555793762207,-1.4396732172654465,0.01200000166893006,0.2157428012084961
306.428453207016,1784883463.166748,4.553794860839844e-05,1.0398800373077393,0.6965785026550293,0.3395097255706787,large_error_pd,2,1,1,FOLLOW_MAIN,1.0,4.5690583908443045,154.9,154.9,154.9,0.261,0.261,0.261,9.932029308376224e-18,9.950721126249574e-108,0.65,0.72,0.01,0.05,-0.10068500000000001,-0.18792,-9.932029308376224e-20,-4.975360563124787e-109,0.07,0.07,0.07,0.07,0.057999998331069946,-0.288605,-0.288605,-0.288605,-0.288605,-0.288605,-0.5043478012084961,0.38,1,2.0,0,0,1,0.7627600767463992,-0.5380498399716928,nan,0.08948083750000001,0.050519162500000006,-0.038961675,11.368291854858398,-2.4858555793762207,-1.4396732172654465,0.01200000166893006,0.2157428012084961
306.7680072784424,1784883463.506302,0.3396000862121582,3.647804260253906e-05,1.0361332893371582,0.6790642738342285,large_error_pd,2,1,1,FOLLOW_MAIN,1.0,4.5690583908443045,154.9,154.9,154.9,0.261,0.261,0.261,9.932029308376224e-18,9.950721126249574e-108,0.65,0.72,0.01,0.05,-0.10068500000000001,-0.18792,-9.932029308376224e-20,-4.975360563124787e-109,0.07,0.07,0.07,0.07,0.057999998331069946,-0.288605,-0.288605,-0.288605,-0.288605,-0.288605,-0.5043478012084961,0.38,1,2.0,0,0,1,0.7627600767463992,-0.5380498399716928,nan,0.08948083750000001,0.050519162500000006,-0.038961675,11.368291854858398,-2.4858555793762207,-1.4396732172654465,0.01200000166893006,0.2157428012084961
307.1401410102844,1784883463.878436,0.711733341217041,0.37216973304748535,4.601478576660156e-05,1.0511975288391113,large_error_pd,2,1,1,FOLLOW_MAIN,1.0,4.5690583908443045,154.9,154.9,154.9,0.261,0.261,0.261,9.932029308376224e-18,9.950721126249574e-108,0.65,0.72,0.01,0.05,-0.10068500000000001,-0.18792,-9.932029308376224e-20,-4.975360563124787e-109,0.07,0.07,0.07,0.07,0.07249999791383743,-0.288605,-0.288605,-0.288605,-0.288605,-0.288605,-0.25217390060424805,0.38,1,2.0,0,0,1,0.7627600767463992,-0.5380498399716928,nan,0.08948083750000001,0.050519162500000006,-0.038961675,11.36513900756836,-2.5719680786132812,-1.847595889731804,-0.002499997913837426,-0.036431099395751954
307.50682163238525,1784883464.2451165,1.078413724899292,0.7388503551483154,0.3667271137237549,3.647804260253906e-05,large_error_pd,2,1,1,FOLLOW_MAIN,1.0,4.5690583908443045,154.9,154.9,154.9,0.261,0.261,0.261,9.932029308376224e-18,9.950721126249574e-108,0.65,0.72,0.01,0.05,-0.10068500000000001,-0.18792,-9.932029308376224e-20,-4.975360563124787e-109,0.07,0.07,0.07,0.07,0.07249999791383743,-0.288605,-0.288605,-0.288605,-0.288605,-0.288605,-0.25217390060424805,0.38,1,2.0,0,0,1,0.7627600767463992,-0.5380498399716928,nan,0.08948083750000001,0.050519162500000006,-0.038961675,11.36513900756836,-2.5719680786132812,-1.847595889731804,-0.002499997913837426,-0.036431099395751954
307.8600208759308,1784883464.5983157,4.100799560546875e-05,1.0920493602752686,0.7199258804321289,0.35323524475097656,large_error_pd,2,1,1,FOLLOW_MAIN,1.0,4.71513221528706,154.9,154.9,154.9,0.261,0.261,0.261,2.5350466735955314e-18,2.539817564744969e-108,0.65,0.72,0.01,0.05,-0.10068500000000001,-0.18792,-2.5350466735955314e-20,-1.2699087823724846e-109,0.07,0.07,0.07,0.07,0.07249999791383743,-0.288605,-0.288605,-0.288605,-0.288605,-0.288605,-0.25217390060424805,0.38,1,2.0,0,0,1,0.7627600767463992,-0.5380498399716928,nan,0.08948083750000001,0.050519162500000006,-0.038961675,11.36513900756836,-2.5719680786132812,-1.847595889731804,-0.002499997913837426,-0.036431099395751954
308.21977257728577,1784883464.958068,0.35979318618774414,3.7670135498046875e-05,1.0796785354614258,0.7129878997802734,large_error_pd,2,1,1,FOLLOW_MAIN,1.0,4.71513221528706,154.9,154.9,154.9,0.261,0.261,0.261,2.5350466735955314e-18,2.539817564744969e-108,0.65,0.72,0.01,0.05,-0.10068500000000001,-0.18792,-2.5350466735955314e-20,-1.2699087823724846e-109,0.07,0.07,0.07,0.05599040191998938,0.07249999791383743,-0.288605,-0.288605,-0.288605,-0.288605,-0.288605,-0.25217390060424805,0.38,1,2.0,0,0,1,0.7627600767463992,-0.5380498399716928,nan,0.08948083750000001,0.050519162500000006,-0.038961675,11.36513900756836,-2.5719680786132812,-1.847595889731804,-0.016509595993848054,-0.036431099395751954
308.5699899196625,1784883465.3082848,0.710010290145874,0.35025477409362793,3.6716461181640625e-05,1.0632045269012451,large_error_pd,2,1,1,FOLLOW_MAIN,1.0,4.71513221528706,154.9,154.9,154.9,0.261,0.261,0.261,2.5350466735955314e-18,2.539817564744969e-108,0.65,0.72,0.01,0.05,-0.10068500000000001,-0.18792,-2.5350466735955314e-20,-1.2699087823724846e-109,0.07,0.07,0.07,0.05599040191998938,0.07249999791383743,-0.288605,-0.288605,-0.288605,-0.288605,-0.288605,-0.25217390060424805,0.38,1,2.0,0,0,1,0.7627600767463992,-0.5380498399716928,nan,0.08948083750000001,0.050519162500000006,-0.038961675,11.33986759185791,-2.6367745399475098,-2.153763531662024,-0.016509595993848054,-0.036431099395751954
308.9800543785095,1784883465.7183502,1.1200759410858154,0.7603206634521484,0.41010284423828125,5.650520324707031e-05,large_error_pd,2,1,1,FOLLOW_MAIN,1.0,4.71513221528706,154.9,154.9,154.9,0.261,0.261,0.261,2.5350466735955314e-18,2.539817564744969e-108,0.65,0.72,0.01,0.05,-0.10068500000000001,-0.18792,-2.5350466735955314e-20,-1.2699087823724846e-109,0.07,0.07,0.07,0.05599040191998938,0.07249999791383743,-0.288605,-0.288605,-0.288605,-0.288605,-0.288605,-0.25217390060424805,0.38,1,2.0,0,0,1,0.7627600767463992,-0.5380498399716928,nan,0.08948083750000001,0.050519162500000006,-0.038961675,11.33986759185791,-2.6367745399475098,-2.153763531662024,-0.016509595993848054,-0.036431099395751954
309.3467102050781,1784883466.0850053,4.267692565917969e-05,1.1269750595092773,0.776757001876831,0.3667104244232178,large_error_pd,2,1,1,FOLLOW_MAIN,1.0,6.311574416990572,154.9,154.9,154.9,0.261,0.261,0.261,8.503697543002245e-18,7.833894745387975e-110,0.65,0.72,0.01,0.05,-0.10068500000000001,-0.18792,-8.503697543002245e-20,-3.916947372693988e-111,0.07,0.07,0.07,0.05599040191998938,0.07249999791383743,-0.288605,-0.288605,-0.288605,-0.288605,-0.288605,-0.25217390060424805,0.38,1,2.0,0,0,1,0.7627600767463992,-0.5380498399716928,nan,0.08948083750000001,0.050519162500000006,-0.038961675,11.33986759185791,-2.6367745399475098,-2.153763531662024,-0.016509595993848054,-0.036431099395751954
309.7153973579407,1784883466.4536922,0.3687295913696289,3.409385681152344e-05,1.1454436779022217,0.7353973388671875,large_error_pd,2,1,1,FOLLOW_MAIN,1.0,6.311574416990572,154.9,154.9,154.9,0.261,0.261,0.261,8.503697543002245e-18,7.833894745387975e-110,0.65,0.72,0.01,0.05,-0.10068500000000001,-0.18792,-8.503697543002245e-20,-3.916947372693988e-111,0.07,0.07,0.07,0.07,0.07249999791383743,-0.288605,-0.288605,-0.288605,-0.288605,-0.288605,-0.25217390060424805,0.38,1,2.0,0,0,1,0.7627600767463992,-0.5380498399716928,nan,0.08948083750000001,0.050519162500000006,-0.038961675,11.33986759185791,-2.6367745399475098,-2.153763531662024,-0.002499997913837426,-0.036431099395751954
310.05387568473816,1784883466.7921708,0.7072081565856934,0.3385131359100342,3.814697265625e-05,1.073876142501831,large_error_pd,2,1,1,FOLLOW_MAIN,1.0,6.311574416990572,154.9,154.9,154.9,0.261,0.261,0.261,8.503697543002245e-18,7.833894745387975e-110,0.65,0.72,0.01,0.05,-0.10068500000000001,-0.18792,-8.503697543002245e-20,-3.916947372693988e-111,0.07,0.07,0.07,0.07,0.032624997198581696,-0.288605,-0.288605,-0.288605,-0.288605,-0.288605,0.09456521272659302,0.38,1,2.0,0,0,1,0.7627600767463992,-0.5380498399716928,nan,0.08948083750000001,0.050519162500000006,-0.038961675,11.252663612365723,-2.718616008758545,-2.596487777411474,0.03737500280141831,-0.383170212726593
310.44320464134216,1784883467.1814997,1.0965371131896973,0.7278416156768799,0.38936662673950195,4.601478576660156e-05,large_error_pd,2,1,1,FOLLOW_MAIN,1.0,6.311574416990572,154.9,154.9,154.9,0.261,0.261,0.261,8.503697543002245e-18,7.833894745387975e-110,0.65,0.72,0.01,0.05,-0.10068500000000001,-0.18792,-8.503697543002245e-20,-3.916947372693988e-111,0.07,0.07,0.07,0.07,0.032624997198581696,-0.288605,-0.288605,-0.288605,-0.288605,-0.288605,0.09456521272659302,0.38,1,2.0,0,0,1,0.7627600767463992,-0.5380498399716928,nan,0.08948083750000001,0.050519162500000006,-0.038961675,11.252663612365723,-2.718616008758545,-2.596487777411474,0.03737500280141831,-0.383170212726593
310.7827877998352,1784883467.5210829,1.4361202716827393,1.067425012588501,3.4332275390625e-05,0.3396291732788086,large_error_pd,2,1,1,FOLLOW_MAIN,1.0,6.311574416990572,154.9,154.9,154.9,0.261,0.261,0.261,8.503697543002245e-18,7.833894745387975e-110,0.65,0.72,0.01,0.05,-0.10068500000000001,-0.18792,-8.503697543002245e-20,-3.916947372693988e-111,0.07,0.07,0.07,0.07,0.057999998331069946,-0.288605,-0.288605,-0.288605,-0.288605,-0.288605,-0.25217393040657043,0.38,1,2.0,0,0,1,0.7627600767463992,-0.5380498399716928,nan,0.08948083750000001,0.050519162500000006,-0.038961675,11.217719078063965,-2.739060878753662,-2.6659610360775163,0.01200000166893006,-0.036431069593429566
311.12916445732117,1784883467.8674595,1.7824969291687012,1.413802146911621,0.34641122817993164,4.124641418457031e-05,large_error_pd,2,1,1,FOLLOW_MAIN,1.0,6.311574416990572,154.9,154.9,154.9,0.261,0.261,0.261,8.503697543002245e-18,7.833894745387975e-110,0.65,0.72,0.01,0.05,-0.10068500000000001,-0.18792,-8.503697543002245e-20,-3.916947372693988e-111,0.07,0.07,0.07,0.07,0.057999998331069946,-0.288605,-0.288605,-0.288605,-0.288605,-0.288605,-0.25217393040657043,0.38,1,2.0,0,0,1,0.7627600767463992,-0.5380498399716928,nan,0.08948083750000001,0.050519162500000006,-0.038961675,11.217719078063965,-2.739060878753662,-2.6659610360775163,0.01200000166893006,-0.036431069593429566
311.46032214164734,1784883468.198617,6.818771362304688e-05,1.7449593544006348,0.6775686740875244,0.33119869232177734,center_cruise,3,1,1,FOLLOW_MAIN,1.0,7.032405254595183,-20.200000000000003,-1.434752490368374,0.0,-0.14300000000000002,-0.034066353162536124,-0.034066353162536124,-0.11322040735601195,-0.3360427013437115,0.0,0.0,0.01,0.05,0.0,0.0,0.0,0.0,0.165,0.08215729888004719,0.08215729888004719,0.07,0.057999998331069946,0.0,0.0,-0.07981808263349478,-0.07981808263349478,-0.288605,-0.25217393040657043,0.012,0,1.0,1,1,0,0.9476255720084334,-0.9729999999999999,nan,0.08754501945780808,0.0767695783022863,-0.010775441155521787,11.217719078063965,-2.739060878753662,-2.6659610360775163,0.01200000166893006,-0.036431069593429566
311.7935392856598,1784883468.5318341,0.3332853317260742,0.3295750617980957,4.1961669921875e-05,0.6644160747528076,center_cruise,3,1,1,FOLLOW_MAIN,1.0,7.032405254595183,-20.200000000000003,-1.434752490368374,0.0,-0.14300000000000002,-0.034066353162536124,-0.034066353162536124,-0.11322040735601195,-0.3360427013437115,0.0,0.0,0.01,0.05,0.0,0.0,0.0,0.0,0.165,0.08215729888004719,0.08215729888004719,0.0853543488000287,0.10512499511241913,0.0,0.0,-0.07981808263349478,-0.07981808263349478,-0.0758217702335179,-0.09456519782543182,0.012,0,1.0,1,1,0,0.9476255720084334,-0.9729999999999999,nan,0.08754501945780808,0.0767695783022863,-0.010775441155521787,11.165541648864746,-2.757843017578125,-2.882296298011511,-0.019770646312390422,0.018743427591913928
312.12433648109436,1784883468.8626318,0.32370567321777344,3.647804260253906e-05,0.3308391571044922,0.3274378776550293,mid_pd_tracking,5,1,1,FOLLOW_MAIN,1.0,6.356048198729789,-26.900000000000002,-15.389138817167328,-15.389138817167328,-0.19,-0.11507259574882922,-0.11507259574882922,-0.09795772412163364,-0.3779143486169838,0.42,0.52,0.01,0.05,0.006463438303210278,0.059837749789391194,0.0009795772412163365,0.018895717430849193,0.11311685647509608,0.11311685647509608,0.11311685647509608,0.109899409062731,0.10512499511241913,0.086176482764667,0.086176482764667,0.015302666646973072,0.015302666646973072,0.09842557196615133,-0.09456519782543182,0.24,0,0.0,0,0,0,0.9049348518007686,-0.738,nan,0.1120839264764254,0.11414978647376675,0.0020658599973413516,11.165541648864746,-2.757843017578125,-2.882296298011511,0.004774413950311876,0.19299076979158314
312.4626410007477,1784883469.2009358,7.534027099609375e-05,0.33834052085876465,0.3276185989379883,0.6657414436340332,mid_pd_tracking,5,1,1,FOLLOW_MAIN,1.0,6.175889917225165,-32.1,-23.512991331437085,-23.512991331437085,-0.225,-0.16795301640070848,-0.16795301640070848,-0.07598071879751282,-0.3478327585726847,0.42,0.52,0.01,0.05,0.009875456359203576,0.0873355685283684,0.0007598071879751282,0.017391637928634237,0.109899409062731,0.109899409062731,0.109899409062731,0.109899409062731,0.007249999791383743,0.11536247000418134,0.11536247000418134,0.10889824976701391,0.10889824976701391,0.09842557196615133,-0.06304347515106201,0.24,0,1.0,0,0,0,0.879195272501848,-0.569,nan,0.10254877720345756,0.11725004092200444,0.01470126371854688,11.159724235534668,-2.759382486343384,-2.893265454066277,0.10264940927134726,0.16146904711721333
312.8090236186981,1784883469.5473187,0.34645795822143555,0.34300899505615234,0.3395853042602539,3.886222839355469e-05,mid_pd_tracking,5,1,1,FOLLOW_MAIN,1.0,6.175889917225165,-32.1,-23.512991331437085,-23.512991331437085,-0.225,-0.16795301640070848,-0.16795301640070848,-0.07598071879751282,-0.3478327585726847,0.42,0.52,0.01,0.05,0.009875456359203576,0.0873355685283684,0.0007598071879751282,0.017391637928634237,0.109899409062731,0.109899409062731,0.109899409062731,0.08007711307096194,0.12687499821186066,0.11536247000418134,0.11536247000418134,0.10889824976701391,0.10889824976701391,0.1951256594814338,-0.977173924446106,0.24,0,1.0,0,0,0,0.879195272501848,-0.569,nan,0.10254877720345756,0.11725004092200444,0.01470126371854688,11.141559600830078,-2.763110637664795,-3.0447585401462955,-0.04679788514089872,1.1722995839275399
313.14820671081543,1784883469.8865016,7.677078247070312e-05,0.6821920871734619,0.6787683963775635,0.339221715927124,near_center_pd,4,1,1,FOLLOW_MAIN,1.0,5.344524594364372,-4.5,-8.638813371442362,0.0,-0.032,-0.06134636026071191,-0.06134636026071191,0.026318606162271337,0.12453644844235101,0.2,0.24,0.01,0.05,-0.0,0.014723126462570858,-0.0002631860616227134,-0.006226822422117551,0.15,0.15,0.15,0.08007711307096194,0.12687499821186066,0.008233117978830593,0.008233117978830593,0.008233117978830593,0.008233117978830593,0.1951256594814338,-0.977173924446106,0.065,0,0.0,0,1,0,0.9587425781506096,-0.067,nan,0.14944426453642892,0.15055573546357107,0.0011114709271421441,11.141559600830078,-2.763110637664795,-3.0447585401462955,-0.04679788514089872,1.1722995839275399
313.5230073928833,1784883470.2613025,0.3748779296875,4.00543212890625e-05,1.0535697937011719,0.7140231132507324,near_center_pd,4,1,1,FOLLOW_MAIN,1.0,5.344524594364372,-4.5,-8.638813371442362,0.0,-0.032,-0.06134636026071191,-0.06134636026071191,0.026318606162271337,0.12453644844235101,0.2,0.24,0.01,0.05,-0.0,0.014723126462570858,-0.0002631860616227134,-0.006226822422117551,0.15,0.15,0.15,0.165,0.12687499821186066,0.008233117978830593,0.008233117978830593,0.008233117978830593,0.008233117978830593,0.0,-0.977173924446106,0.065,0,0.0,0,1,0,0.9587425781506096,-0.067,nan,0.14944426453642892,0.15055573546357107,0.0011114709271421441,11.141559600830078,-2.763110637664795,-3.0447585401462955,0.03812500178813935,0.977173924446106
313.9205656051636,1784883470.6588604,0.7724363803863525,0.3975985050201416,9.679794311523438e-05,1.1115813255310059,near_center_pd,4,1,1,FOLLOW_MAIN,1.0,5.344524594364372,-4.5,-8.638813371442362,0.0,-0.032,-0.06134636026071191,-0.06134636026071191,0.026318606162271337,0.12453644844235101,0.2,0.24,0.01,0.05,-0.0,0.014723126462570858,-0.0002631860616227134,-0.006226822422117551,0.15,0.15,0.15,0.165,0.13050000369548798,0.008233117978830593,0.008233117978830593,0.008233117978830593,0.008233117978830593,0.0,0.0,0.065,0,0.0,0,1,0,0.9587425781506096,-0.067,nan,0.14944426453642892,0.15055573546357107,0.0011114709271421441,10.932257652282715,-2.786961078643799,-2.9273669575572048,0.03449999630451203,0.0
314.2679798603058,1784883471.0062747,1.1198499202728271,0.7450127601623535,0.34751129150390625,3.981590270996094e-05,near_center_pd,4,1,1,FOLLOW_MAIN,1.0,5.344524594364372,-4.5,-8.638813371442362,0.0,-0.032,-0.06134636026071191,-0.06134636026071191,0.026318606162271337,0.12453644844235101,0.2,0.24,0.01,0.05,-0.0,0.014723126462570858,-0.0002631860616227134,-0.006226822422117551,0.15,0.15,0.15,0.165,0.13050000369548798,0.008233117978830593,0.008233117978830593,0.008233117978830593,0.008233117978830593,0.0,0.0,0.065,0,0.0,0,1,0,0.9587425781506096,-0.067,nan,0.14944426453642892,0.15055573546357107,0.0011114709271421441,10.932257652282715,-2.786961078643799,-2.9273669575572048,0.03449999630451203,0.0
314.592227935791,1784883471.3305233,6.222724914550781e-05,1.069260597229004,0.6717591285705566,0.32428789138793945,center_cruise,3,1,1,FOLLOW_MAIN,1.0,5.545474148218342,-1.3,-1.2183738351746236,0.0,-0.009000000000000001,-0.009080667636848448,0.0,0.00018858730761170996,0.005248049306390957,0.0,0.0,0.01,0.05,0.0,0.0,0.0,0.0,0.165,0.165,0.165,0.165,0.13050000369548798,0.0,0.0,0.0,0.0,0.0,0.0,0.012,0,0.0,1,1,0,0.9865095933986574,-0.22099999999999997,nan,0.165,0.165,0.0,10.932257652282715,-2.786961078643799,-2.9273669575572048,0.03449999630451203,0.0
315.0403378009796,1784883471.7786329,6.246566772460938e-05,0.4444103240966797,0.4407494068145752,0.4373626708984375,center_cruise,3,1,1,FOLLOW_MAIN,1.0,4.931135951613636,-1.4000000000000001,-1.2852157668306035,0.0,-0.01,-0.009014610623382137,0.0,8.4963328728723e-05,0.0023643783033453457,0.0,0.0,0.01,0.05,0.0,0.0,0.0,0.0,0.15779635045163637,0.15779635045163637,0.15779635045163637,0.165,0.11237499862909317,0.0,0.0,0.0,0.0,0.0,-0.09456518292427063,0.012,0,0.0,1,1,0,0.9832246135900643,-0.316,nan,0.15779635045163637,0.15779635045163637,0.0,10.841178894042969,-2.807910680770874,-2.916710611164215,0.05262500137090684,0.09456518292427063
315.41319847106934,1784883472.1514933,0.3729228973388672,3.361701965332031e-05,0.8136098384857178,0.810222864151001,center_cruise,3,1,1,FOLLOW_MAIN,1.0,4.931135951613636,-1.4000000000000001,-1.2852157668306035,0.0,-0.01,-0.009014610623382137,0.0,8.4963328728723e-05,0.0023643783033453457,0.0,0.0,0.01,0.05,0.0,0.0,0.0,0.0,0.15779635045163637,0.15779635045163637,0.15779635045163637,0.165,0.11237499862909317,0.0,0.0,0.0,0.0,0.0,-0.09456518292427063,0.012,0,0.0,1,1,0,0.9832246135900643,-0.316,nan,0.15779635045163637,0.15779635045163637,0.0,10.841178894042969,-2.807910680770874,-2.916710611164215,0.05262500137090684,0.09456518292427063
315.79224276542664,1784883472.530538,0.7519674301147461,0.37907838821411133,4.291534423828125e-05,1.1892673969268799,center_cruise,3,1,1,FOLLOW_MAIN,1.0,4.931135951613636,-1.4000000000000001,-1.2852157668306035,0.0,-0.01,-0.009014610623382137,0.0,8.4963328728723e-05,0.0023643783033453457,0.0,0.0,0.01,0.05,0.0,0.0,0.0,0.0,0.15779635045163637,0.15779635045163637,0.15779635045163637,0.165,0.15587499737739563,0.0,0.0,0.0,0.0,0.0,-0.0315217524766922,0.012,0,0.0,1,1,0,0.9832246135900643,-0.316,nan,0.15779635045163637,0.15779635045163637,0.0,10.622785568237305,-2.8556580543518066,-2.9305178818446356,0.009125002622604378,0.0315217524766922
316.1648256778717,1784883472.9031208,1.1245498657226562,0.7516610622406006,0.37262558937072754,3.528594970703125e-05,center_cruise,3,1,1,FOLLOW_MAIN,1.0,4.931135951613636,-1.4000000000000001,-1.2852157668306035,0.0,-0.01,-0.009014610623382137,0.0,8.4963328728723e-05,0.0023643783033453457,0.0,0.0,0.01,0.05,0.0,0.0,0.0,0.0,0.15779635045163637,0.15779635045163637,0.15779635045163637,0.165,0.15587499737739563,0.0,0.0,0.0,0.0,0.0,-0.0315217524766922,0.012,0,0.0,1,1,0,0.9832246135900643,-0.316,nan,0.15779635045163637,0.15779635045163637,0.0,10.622785568237305,-2.8556580543518066,-2.9305178818446356,0.009125002622604378,0.0315217524766922
316.516060590744,1784883473.2543554,7.414817810058594e-05,1.1028952598571777,0.7238602638244629,0.3512699604034424,center_cruise,3,1,1,FOLLOW_MAIN,1.0,5.144814776599151,-3.6,-2.765500424370918,0.0,-0.026000000000000002,-0.019564389380941738,0.0,7.55967489785337e-07,2.1037230504348677e-05,0.0,0.0,0.01,0.05,0.0,0.0,0.0,0.0,0.16463407285117285,0.16463407285117285,0.16463407285117285,0.165,0.15587499737739563,0.0,0.0,0.0,0.0,0.0,-0.0315217524766922,0.012,0,1.0,1,1,0,0.9532564971719443,-1.0050000000000001,nan,0.16463407285117285,0.16463407285117285,0.0,10.622785568237305,-2.8556580543518066,-2.9305178818446356,0.009125002622604378,0.0315217524766922
316.86574959754944,1784883473.6040444,0.3497633934020996,3.790855407714844e-05,1.0735492706298828,0.7009589672088623,center_cruise,3,1,1,FOLLOW_MAIN,1.0,5.144814776599151,-3.6,-2.765500424370918,0.0,-0.026000000000000002,-0.019564389380941738,0.0,7.55967489785337e-07,2.1037230504348677e-05,0.0,0.0,0.01,0.05,0.0,0.0,0.0,0.0,0.16463407285117285,0.16463407285117285,0.16463407285117285,0.1592508825639398,0.15587499737739563,0.0,0.0,0.0,0.0,0.0,-0.0315217524766922,0.012,0,1.0,1,1,0,0.9532564971719443,-1.0050000000000001,nan,0.16463407285117285,0.16463407285117285,0.0,10.622785568237305,-2.8556580543518066,-2.9305178818446356,0.003375885186544164,0.0315217524766922
317.2721402645111,1784883474.0104353,0.7561540603637695,0.40642881393432617,4.00543212890625e-05,1.1073498725891113,center_cruise,3,1,1,FOLLOW_MAIN,1.0,5.144814776599151,-3.6,-2.765500424370918,0.0,-0.026000000000000002,-0.019564389380941738,0.0,7.55967489785337e-07,2.1037230504348677e-05,0.0,0.0,0.01,0.05,0.0,0.0,0.0,0.0,0.16463407285117285,0.16463407285117285,0.16463407285117285,0.1592508825639398,0.14862500131130219,0.0,0.0,0.0,0.0,0.0,0.0315217524766922,0.012,0,1.0,1,1,0,0.9532564971719443,-1.0050000000000001,nan,0.16463407285117285,0.16463407285117285,0.0,10.449816703796387,-2.894033193588257,-2.9132430421636064,0.010625881252637609,-0.0315217524766922
317.681759595871,1784883474.4200544,1.165773630142212,0.8160481452941895,0.40965914726257324,3.6716461181640625e-05,center_cruise,3,1,1,FOLLOW_MAIN,1.0,5.144814776599151,-3.6,-2.765500424370918,0.0,-0.026000000000000002,-0.019564389380941738,0.0,7.55967489785337e-07,2.1037230504348677e-05,0.0,0.0,0.01,0.05,0.0,0.0,0.0,0.0,0.16463407285117285,0.16463407285117285,0.16463407285117285,0.1592508825639398,0.14862500131130219,0.0,0.0,0.0,0.0,0.0,0.0315217524766922,0.012,0,1.0,1,1,0,0.9532564971719443,-1.0050000000000001,nan,0.16463407285117285,0.16463407285117285,0.0,10.449816703796387,-2.894033193588257,-2.9132430421636064,0.010625881252637609,-0.0315217524766922
318.009384393692,1784883474.7476795,8.225440979003906e-05,1.1436731815338135,0.7372844219207764,0.32766199111938477,center_cruise,3,1,1,FOLLOW_MAIN,1.0,5.330417056685651,-8.1,-7.295052306670794,0.0,-0.057,-0.0522971541010402,-0.0522971541010402,6.66754830789808e-09,-0.02120743667327935,0.0,0.0,0.01,0.05,0.0,0.0,0.0,0.0,0.165,0.165,0.165,0.1592508825639398,0.14862500131130219,0.0,0.0,0.0,0.0,0.0,0.0315217524766922,0.012,0,0.0,1,1,0,0.9521573527278511,0.43299999999999994,nan,0.165,0.165,0.0,10.449816703796387,-2.894033193588257,-2.9132430421636064,0.010625881252637609,-0.0315217524766922
318.4842507839203,1784883475.2225459,6.031990051269531e-05,0.47153162956237793,0.46801161766052246,0.8025286197662354,near_center_pd,4,1,1,FOLLOW_MAIN,1.0,4.872358075767668,-8.1,-7.9475492045910645,0.0,-0.058,-0.05610931778061653,-0.05610931778061653,3.0671507381415023e-09,-0.01859239539099833,0.2,0.24,0.01,0.05,-0.0,0.013466236267347966,-3.067150738141502e-11,0.0009296197695499164,0.15,0.15,0.15,0.165,0.1341250091791153,0.014395856006226376,0.014395856006226376,0.014395856006226376,0.014395856006226376,0.0,-0.03152172267436981,0.065,0,0.0,0,1,0,0.9380018016683815,0.7879999999999999,nan,0.14902827971957971,0.15097172028042027,0.0019434405608405592,10.344532012939453,-2.918306350708008,-2.920492876455702,0.030874990820884712,0.03152172267436981
318.88285207748413,1784883475.621147,0.39866089820861816,3.314018249511719e-05,0.8666117191314697,1.2011284828186035,near_center_pd,4,1,1,FOLLOW_MAIN,1.0,4.872358075767668,-8.1,-7.9475492045910645,0.0,-0.058,-0.05610931778061653,-0.05610931778061653,3.0671507381415023e-09,-0.01859239539099833,0.2,0.24,0.01,0.05,-0.0,0.013466236267347966,-3.067150738141502e-11,0.0009296197695499164,0.15,0.15,0.15,0.15,0.1341250091791153,0.014395856006226376,0.014395856006226376,0.014395856006226376,0.014395856006226376,0.014033689623145686,-0.03152172267436981,0.065,0,0.0,0,1,0,0.9380018016683815,0.7879999999999999,nan,0.14902827971957971,0.15097172028042027,0.0019434405608405592,10.344532012939453,-2.918306350708008,-2.920492876455702,0.0158749908208847,0.0455554122975155
319.24738907814026,1784883475.985684,0.7631986141204834,0.36457157135009766,4.839897155761719e-05,1.565666913986206,near_center_pd,4,1,1,FOLLOW_MAIN,1.0,4.872358075767668,-8.1,-7.9475492045910645,0.0,-0.058,-0.05610931778061653,-0.05610931778061653,3.0671507381415023e-09,-0.01859239539099833,0.2,0.24,0.01,0.05,-0.0,0.013466236267347966,-3.067150738141502e-11,0.0009296197695499164,0.15,0.15,0.15,0.15,0.15587499737739563,0.014395856006226376,0.014395856006226376,0.014395856006226376,0.014395856006226376,0.014033689623145686,0.0315217524766922,0.065,0,0.0,0,1,0,0.9380018016683815,0.7879999999999999,nan,0.14902827971957971,0.15097172028042027,0.0019434405608405592,10.292929649353027,-2.929581880569458,-2.9267661538925003,-0.0058749973773956354,-0.017488062853546513
319.6666433811188,1784883476.4049382,1.1824522018432617,0.7838253974914551,0.41930222511291504,4.291534423828125e-05,near_center_pd,4,1,1,FOLLOW_MAIN,1.0,4.872358075767668,-8.1,-7.9475492045910645,0.0,-0.058,-0.05610931778061653,-0.05610931778061653,3.0671507381415023e-09,-0.01859239539099833,0.2,0.24,0.01,0.05,-0.0,0.013466236267347966,-3.067150738141502e-11,0.0009296197695499164,0.15,0.15,0.15,0.15,0.15587499737739563,0.014395856006226376,0.014395856006226376,0.014395856006226376,0.014395856006226376,0.014033689623145686,0.0315217524766922,0.065,0,0.0,0,1,0,0.9380018016683815,0.7879999999999999,nan,0.14902827971957971,0.15097172028042027,0.0019434405608405592,10.292929649353027,-2.929581880569458,-2.9267661538925003,-0.0058749973773956354,-0.017488062853546513
320.16461157798767,1784883476.9029064,0.00013375282287597656,1.2817928791046143,0.9172697067260742,0.49801063537597656,near_center_pd,4,1,1,FOLLOW_MAIN,1.0,5.558688989707099,32.7,14.013476545143945,14.013476545143945,0.23,0.09956367976480596,0.09956367976480596,0.03540718421013897,0.11978608675576918,0.2,0.24,0.01,0.05,-0.002802695309028789,-0.02389528314355343,-0.0003540718421013897,-0.0059893043377884595,0.15,0.15,0.15,0.15,0.15587499737739563,-0.03304135463247207,-0.03304135463247207,-0.03284291768687711,-0.03284291768687711,0.014033689623145686,0.0315217524766922,0.065,0,1.0,0,1,0,0.855777850083522,2.6049999999999995,nan,0.1522168969438642,0.1477831030561358,-0.00443379388772841,10.292929649353027,-2.929581880569458,-2.9267661538925003,-0.0058749973773956354,-0.017488062853546513
320.5722556114197,1784883477.3105507,0.4077785015106201,3.886222839355469e-05,1.3249146938323975,0.9056553840637207,near_center_pd,4,1,1,FOLLOW_MAIN,1.0,5.558688989707099,32.7,14.013476545143945,14.013476545143945,0.23,0.09956367976480596,0.09956367976480596,0.03540718421013897,0.11978608675576918,0.2,0.24,0.01,0.05,-0.002802695309028789,-0.02389528314355343,-0.0003540718421013897,-0.0059893043377884595,0.15,0.15,0.15,0.11713474175021474,0.15587499737739563,-0.03304135463247207,-0.03304135463247207,-0.03284291768687711,-0.03284291768687711,-0.07606496543219095,0.0315217524766922,0.065,0,1.0,0,1,0,0.855777850083522,2.6049999999999995,nan,0.1522168969438642,0.1477831030561358,-0.00443379388772841,10.292929649353027,-2.929581880569458,-2.9267661538925003,-0.03874025562718089,-0.10758671790888315
