time_wall_s,t_s,active_controller,controller_node,controller_version,controller_mode,outer_mode,mix_mode,curve_zone,avoidance_mode,lane_state,intent_hint,trajectory_hint,planner_status_hint,raw_valid,cmd_published,epsilon_x_mm,e_lat_raw_mm,e_lat_filtered_mm,e_lat_used_mm,theta_raw_rad,theta_filtered_rad,theta_used_rad,de_lat_mps,de_heading_rps,p_lat,d_lat,p_heading,d_heading,outer_kp_lat,outer_kd_lat,outer_kp_heading,outer_kd_heading,curvature_from_error,k_pp_used,k_lat_used,k_theta_used,slow_factor,outer_gain_multiplier,curve_severity,omega_ff,omega_fb,curve_steer_gain,v_target,v_ref,v_cmd_internal,cmd_v,odom_v,omega_raw,omega_target,omega_limit,omega_ref,omega_cmd_internal,cmd_omega,odom_omega,linear_tracking_error,angular_tracking_error,v_left_ref,v_left_measured,v_left_cmd,v_right_ref,v_right_measured,v_right_cmd,left_wheel_error,right_wheel_error,d_left_wheel_error,d_right_wheel_error,left_pd_correction,right_pd_correction,fps,confidence,lookahead_m,curvature,speed_factor,curve_confirmed,center_zone,near_zone,large_error,lane_change,jump_hold,soft_replan_active,avoidance_active,avoidance_reverse,avoidance_offset_m,avoidance_target_offset_m,front_min_m,lidar_ratio,lidar_stop,emergency_stop,cmd_vel_conflict,odom_x,odom_y,odom_yaw,control_error_age_s,state_age_s,ref_age_s,cmd_vel_age_s,odom_age_local_s,scan_age_s,controller_error_age_s,controller_odom_age_s,e_lat_raw_m,e_lat_filtered_m,e_lat_used_m,curve_count,curve_sign,omega_dynamic_limit,brake_scale,odom_v_filtered,odom_omega_filtered,lidar_mode,controller_mode_code,outer_mode_code,mix_mode_code,lidar_mode_code,curve_zone_code,avoidance_mode_code,intent_hint_code,trajectory_hint_code,planner_status_hint_code,state__node,state__version,state__mode,state__outer_mode,state__mix_mode,state__enabled,state__cmd_published,state__cmd_vel_conflict,state__cmd_vel_publishers,state__emergency_stop,state__intent_hint,state__trajectory_hint,state__planner_status_hint,state__lane_state,state__raw_valid,state__raw_valid_reason,state__confidence,state__fps_est,state__error_age_s,state__odom_age_s,state__epsilon_x_mm,state__theta_rad,state__kappa_m,state__lookahead_m,state__e_f_m,state__e_f_mm,state__theta_f_rad,state__e_used_m,state__e_used_mm,state__theta_used_rad,state__de_f,state__dtheta_f,state__outer_kp_lat,state__outer_kd_lat,state__outer_kp_heading,state__outer_kd_heading,state__p_lat,state__d_lat,state__p_heading,state__d_heading,state__omega_raw,state__omega_des,state__omega_target,state__v_des,state__v_target,state__curve_severity,state__curve_zone,state__curve_steer_gain,state__outer_gain_multiplier,state__omega_ff,state__omega_fb,state__omega_limit,state__speed_factor,state__v_ref,state__omega_ref,state__v_left_ref,state__v_right_ref,state__v_left_des,state__v_right_des,state__v_left_measured,state__v_right_measured,state__v_left_odom,state__v_right_odom,state__left_wheel_error,state__right_wheel_error,state__d_left_wheel_error,state__d_right_wheel_error,state__left_pd_correction,state__right_pd_correction,state__v_left_cmd,state__v_right_cmd,state__v_cmd,state__omega_cmd,state__odom_v,state__odom_omega,state__odom_v_filtered,state__odom_omega_filtered,state__odom_x,state__odom_y,state__front_min_m,state__lidar_mode,state__lidar_ratio,state__lidar_stop,state__time_monotonic
1785741694.017572,0.5654034614562988,,,,,,,,,FOLLOW_MAIN,,,,0,0,-3.5,-3.5,nan,nan,-0.025,nan,nan,nan,nan,nan,nan,nan,nan,nan,nan,nan,nan,nan,nan,nan,nan,nan,nan,nan,nan,nan,nan,nan,nan,nan,nan,nan,nan,nan,nan,nan,nan,nan,nan,nan,nan,nan,nan,nan,nan,nan,nan,nan,nan,nan,nan,nan,nan,nan,nan,nan,-0.223,nan,0,0,0,0,0,0,0,0,0,nan,nan,nan,nan,0,0,0,nan,nan,nan,0.0007846355438232422,inf,inf,inf,inf,inf,nan,nan,-0.0035,nan,nan,nan,nan,nan,nan,nan,nan,,0,0,0,0,0,0,0,0,0,,,,,,,,,,,,,,,,,,,,,,,,,,,,,,,,,,,,,,,,,,,,,,,,,,,,,,,,,,,,,,,,,,,,,,,,,,,,,,,,,,,,
1785741695.108205,1.656036376953125,,,,,,,,,FOLLOW_MAIN,,,,0,0,-3.5,-3.5,nan,nan,-0.025,nan,nan,nan,nan,nan,nan,nan,nan,nan,nan,nan,nan,nan,nan,nan,nan,nan,nan,nan,nan,nan,nan,nan,nan,nan,0.10950618963385801,nan,nan,nan,nan,nan,nan,-0.517384396132471,nan,nan,nan,nan,nan,nan,nan,nan,nan,nan,nan,nan,nan,nan,nan,nan,nan,nan,-0.223,nan,0,0,0,0,0,0,0,0,0,nan,nan,nan,nan,0,0,0,nan,nan,nan,1.0914173126220703,inf,inf,7.128715515136719e-05,inf,inf,nan,nan,-0.0035,nan,nan,nan,nan,nan,nan,nan,nan,,0,0,0,0,0,0,0,0,0,,,,,,,,,,,,,,,,,,,,,,,,,,,,,,,,,,,,,,,,,,,,,,,,,,,,,,,,,,,,,,,,,,,,,,,,,,,,,,,,,,,,
1785741695.5117083,2.059539794921875,,,,,,,,,FOLLOW_MAIN,,,,0,0,-3.5,-3.5,nan,nan,-0.025,nan,nan,nan,nan,nan,nan,nan,nan,nan,nan,nan,nan,nan,nan,nan,nan,nan,nan,nan,nan,nan,nan,nan,nan,nan,0.10950618963385801,0.11599999666213989,nan,nan,nan,nan,nan,-0.517384396132471,-0.31521734595298767,-0.006493807028281881,-0.20216705017948333,nan,nan,nan,nan,nan,nan,nan,nan,nan,nan,nan,nan,nan,nan,nan,-0.223,nan,0,0,0,0,0,0,0,0,0,nan,nan,nan,nan,0,0,0,2.3775439262390137,0.12300741672515869,0.18761747716946045,1.4949214458465576,inf,inf,0.4035768508911133,0.00013828277587890625,inf,nan,nan,-0.0035,nan,nan,nan,nan,nan,nan,nan,nan,,0,0,0,0,0,0,0,0,0,,,,,,,,,,,,,,,,,,,,,,,,,,,,,,,,,,,,,,,,,,,,,,,,,,,,,,,,,,,,,,,,,,,,,,,,,,,,,,,,,,,,
1785741695.9008107,2.4486420154571533,,,,,,,,,FOLLOW_MAIN,,,,0,0,-3.5,-3.5,nan,nan,-0.025,nan,nan,nan,nan,nan,nan,nan,nan,nan,nan,nan,nan,nan,nan,nan,nan,nan,nan,nan,nan,nan,nan,nan,nan,nan,0.10950618963385801,0.11599999666213989,nan,nan,nan,nan,nan,-0.517384396132471,-0.31521734595298767,-0.006493807028281881,-0.20216705017948333,nan,nan,nan,nan,nan,nan,nan,nan,nan,nan,nan,nan,nan,nan,nan,-0.223,nan,0,0,0,0,0,0,0,0,0,nan,nan,1.3480000495910645,nan,0,0,0,2.3775439262390137,0.12300741672515869,0.18761747716946045,1.8840234279632568,inf,inf,0.7926781177520752,0.3892393112182617,0.00010657310485839844,nan,nan,-0.0035,nan,nan,nan,nan,nan,nan,nan,nan,,0,0,0,0,0,0,0,0,0,,,,,,,,,,,,,,,,,,,,,,,,,,,,,,,,,,,,,,,,,,,,,,,,,,,,,,,,,,,,,,,,,,,,,,,,,,,,,,,,,,,,
1785741696.301478,2.849309206008911,v4,cascade_controller_v4,cascade_controller_v4_fast_smooth_true_cascade_pd_1_0,cascade_pd_tracking,follow_main,inner_wheel_pd,sharp,,FOLLOW_MAIN,FOLLOW_MAIN,COMMITTED,UNKNOWN,1,1,-105.30000000000001,-105.30000000000001,-47.524238395340255,-47.524238395340255,-0.645,-0.31417262853166666,-0.31417262853166666,-0.08184245336388127,-0.49825177199933696,-0.034217451644644986,-0.028644858677358442,-0.21363738740153335,-0.1494755315998011,0.72,0.35,0.68,0.3,nan,nan,nan,nan,nan,1.0,1.002913847332792,-0.1806422038945194,0.42597522932333787,1.18,0.11,0.11,0.10960059114324247,0.10950618963385801,0.10512499511241913,0.28949297000600577,0.28949297000600577,0.8,0.28949297000600577,0.3577912599328434,-0.517384396132471,-0.15760870277881622,0.004381194521438883,-0.3597756933536548,0.09045922452459461,0.12562133424507743,0.08276624664827921,0.12954077547540538,0.1006741861536638,0.13643493563820572,-0.03516210972048282,0.028866589321741576,0.010671565547704792,0.13587762800429573,-0.0076929778763154015,0.0068941601628003295,15.722279521294107,1.0,0.0,-1.347,0.34375,0,0,0,0,0,0,0,0,0,nan,nan,1.284000039100647,1.0,0,0,0,2.549351930618286,0.10102467983961105,0.18761747716946045,2.2846906185150146,9.870529174804688e-05,inf,1.1933443546295166,0.7899055480957031,0.4007730484008789,0.025936778000186678,0.013329908000059731,-0.1053,-0.04752423839534026,-0.04752423839534026,nan,nan,nan,nan,0.11314776019937062,-0.18479368956602688,lidar_disabled,1,1,1,1,1,0,1,1,1,cascade_controller_v4,cascade_controller_v4_fast_smooth_true_cascade_pd_1_0,cascade_pd_tracking,follow_main,inner_wheel_pd,True,True,False,"[""cascade_controller_v4""]",False,FOLLOW_MAIN,COMMITTED,UNKNOWN,FOLLOW_MAIN,True,ok,1.0,15.722279521294107,0.025936778000186678,0.013329908000059731,-105.30000000000001,-0.645,-1.347,0.0,-0.04752423839534026,-47.524238395340255,-0.31417262853166666,-0.04752423839534026,-47.524238395340255,-0.31417262853166666,-0.08184245336388127,-0.49825177199933696,0.72,0.35,0.68,0.3,-0.034217451644644986,-0.028644858677358442,-0.21363738740153335,-0.1494755315998011,0.28949297000600577,0.28949297000600577,0.28949297000600577,0.11,0.11,1.002913847332792,sharp,1.18,1.0,-0.1806422038945194,0.42597522932333787,0.8,0.34375,0.11,0.28949297000600577,0.09045922452459461,0.12954077547540538,0.09045922452459461,0.12954077547540538,0.12562133424507743,0.1006741861536638,0.12562133424507743,0.1006741861536638,-0.03516210972048282,0.028866589321741576,0.010671565547704792,0.13587762800429573,-0.0076929778763154015,0.0068941601628003295,0.08276624664827921,0.13643493563820572,0.10960059114324247,0.3577912599328434,0.10512499511241913,-0.15760870277881622,0.11314776019937062,-0.18479368956602688,2.549351930618286,0.10102467983961105,1.284000039100647,lidar_disabled,1.0,False,1790.99959454
1785741696.7180374,3.265868902206421,v4,cascade_controller_v4,cascade_controller_v4_fast_smooth_true_cascade_pd_1_0,cascade_pd_tracking,follow_main,inner_wheel_pd,sharp,,FOLLOW_MAIN,FOLLOW_MAIN,COMMITTED,UNKNOWN,1,1,-105.30000000000001,-105.30000000000001,-47.524238395340255,-47.524238395340255,-0.645,-0.31417262853166666,-0.31417262853166666,-0.08184245336388127,-0.49825177199933696,-0.034217451644644986,-0.028644858677358442,-0.21363738740153335,-0.1494755315998011,0.72,0.35,0.68,0.3,nan,nan,nan,nan,nan,1.0,1.002913847332792,-0.1806422038945194,0.42597522932333787,1.18,0.11,0.11,0.10960059114324247,0.10950618963385801,0.10512499511241913,0.28949297000600577,0.28949297000600577,0.8,0.28949297000600577,0.3577912599328434,-0.517384396132471,-0.15760870277881622,0.004381194521438883,-0.3597756933536548,0.09045922452459461,0.12562133424507743,0.08276624664827921,0.12954077547540538,0.1006741861536638,0.13643493563820572,-0.03516210972048282,0.028866589321741576,0.010671565547704792,0.13587762800429573,-0.0076929778763154015,0.0068941601628003295,15.722279521294107,1.0,0.0,-1.347,0.34375,0,0,0,0,0,0,0,0,0,nan,nan,1.284000039100647,1.0,0,0,0,2.549351930618286,0.10102467983961105,0.18761747716946045,2.701251745223999,0.41666078567504883,0.00012183189392089844,1.6099069118499756,1.2064685821533203,0.8173367977142334,0.025936778000186678,0.013329908000059731,-0.1053,-0.04752423839534026,-0.04752423839534026,nan,nan,nan,nan,0.11314776019937062,-0.18479368956602688,lidar_disabled,1,1,1,1,1,0,1,1,1,cascade_controller_v4,cascade_controller_v4_fast_smooth_true_cascade_pd_1_0,cascade_pd_tracking,follow_main,inner_wheel_pd,True,True,False,"[""cascade_controller_v4""]",False,FOLLOW_MAIN,COMMITTED,UNKNOWN,FOLLOW_MAIN,True,ok,1.0,15.722279521294107,0.025936778000186678,0.013329908000059731,-105.30000000000001,-0.645,-1.347,0.0,-0.04752423839534026,-47.524238395340255,-0.31417262853166666,-0.04752423839534026,-47.524238395340255,-0.31417262853166666,-0.08184245336388127,-0.49825177199933696,0.72,0.35,0.68,0.3,-0.034217451644644986,-0.028644858677358442,-0.21363738740153335,-0.1494755315998011,0.28949297000600577,0.28949297000600577,0.28949297000600577,0.11,0.11,1.002913847332792,sharp,1.18,1.0,-0.1806422038945194,0.42597522932333787,0.8,0.34375,0.11,0.28949297000600577,0.09045922452459461,0.12954077547540538,0.09045922452459461,0.12954077547540538,0.12562133424507743,0.1006741861536638,0.12562133424507743,0.1006741861536638,-0.03516210972048282,0.028866589321741576,0.010671565547704792,0.13587762800429573,-0.0076929778763154015,0.0068941601628003295,0.08276624664827921,0.13643493563820572,0.10960059114324247,0.3577912599328434,0.10512499511241913,-0.15760870277881622,0.11314776019937062,-0.18479368956602688,2.549351930618286,0.10102467983961105,1.284000039100647,lidar_disabled,1.0,False,1790.99959454
1785741697.1259737,3.673804998397827,v4,cascade_controller_v4,cascade_controller_v4_fast_smooth_true_cascade_pd_1_0,cascade_pd_tracking,follow_main,inner_wheel_pd,sharp,,FOLLOW_MAIN,FOLLOW_MAIN,COMMITTED,UNKNOWN,1,1,-105.30000000000001,-105.30000000000001,-47.524238395340255,-47.524238395340255,-0.645,-0.31417262853166666,-0.31417262853166666,-0.08184245336388127,-0.49825177199933696,-0.034217451644644986,-0.028644858677358442,-0.21363738740153335,-0.1494755315998011,0.72,0.35,0.68,0.3,nan,nan,nan,nan,nan,1.0,1.002913847332792,-0.1806422038945194,0.42597522932333787,1.18,0.11,0.11,0.10960059114324247,0.10950618963385801,0.10512499511241913,0.28949297000600577,0.28949297000600577,0.8,0.28949297000600577,0.3577912599328434,-0.517384396132471,-0.15760870277881622,0.004381194521438883,-0.3597756933536548,0.09045922452459461,0.12562133424507743,0.08276624664827921,0.12954077547540538,0.1006741861536638,0.13643493563820572,-0.03516210972048282,0.028866589321741576,0.010671565547704792,0.13587762800429573,-0.0076929778763154015,0.0068941601628003295,15.722279521294107,1.0,0.0,-1.347,0.34375,0,0,0,0,0,0,0,0,0,nan,nan,1.284000039100647,1.0,0,0,0,2.549351930618286,0.10102467983961105,0.18761747716946045,8.130073547363281e-05,0.8245952129364014,0.40805649757385254,2.01784086227417,1.6144022941589355,1.2252702713012695,0.025936778000186678,0.013329908000059731,-0.1053,-0.04752423839534026,-0.04752423839534026,nan,nan,nan,nan,0.11314776019937062,-0.18479368956602688,lidar_disabled,1,1,1,1,1,0,1,1,1,cascade_controller_v4,cascade_controller_v4_fast_smooth_true_cascade_pd_1_0,cascade_pd_tracking,follow_main,inner_wheel_pd,True,True,False,"[""cascade_controller_v4""]",False,FOLLOW_MAIN,COMMITTED,UNKNOWN,FOLLOW_MAIN,True,ok,1.0,15.722279521294107,0.025936778000186678,0.013329908000059731,-105.30000000000001,-0.645,-1.347,0.0,-0.04752423839534026,-47.524238395340255,-0.31417262853166666,-0.04752423839534026,-47.524238395340255,-0.31417262853166666,-0.08184245336388127,-0.49825177199933696,0.72,0.35,0.68,0.3,-0.034217451644644986,-0.028644858677358442,-0.21363738740153335,-0.1494755315998011,0.28949297000600577,0.28949297000600577,0.28949297000600577,0.11,0.11,1.002913847332792,sharp,1.18,1.0,-0.1806422038945194,0.42597522932333787,0.8,0.34375,0.11,0.28949297000600577,0.09045922452459461,0.12954077547540538,0.09045922452459461,0.12954077547540538,0.12562133424507743,0.1006741861536638,0.12562133424507743,0.1006741861536638,-0.03516210972048282,0.028866589321741576,0.010671565547704792,0.13587762800429573,-0.0076929778763154015,0.0068941601628003295,0.08276624664827921,0.13643493563820572,0.10960059114324247,0.3577912599328434,0.10512499511241913,-0.15760870277881622,0.11314776019937062,-0.18479368956602688,2.549351930618286,0.10102467983961105,1.284000039100647,lidar_disabled,1.0,False,1790.99959454
1785741697.526927,4.074758768081665,v4,cascade_controller_v4,cascade_controller_v4_fast_smooth_true_cascade_pd_1_0,cascade_pd_tracking,follow_main,inner_wheel_pd,sharp,,FOLLOW_MAIN,FOLLOW_MAIN,COMMITTED,UNKNOWN,1,1,-105.30000000000001,-105.30000000000001,-47.524238395340255,-47.524238395340255,-0.645,-0.31417262853166666,-0.31417262853166666,-0.08184245336388127,-0.49825177199933696,-0.034217451644644986,-0.028644858677358442,-0.21363738740153335,-0.1494755315998011,0.72,0.35,0.68,0.3,nan,nan,nan,nan,nan,1.0,1.002913847332792,-0.1806422038945194,0.42597522932333787,1.18,0.11,0.11,0.10960059114324247,0.11260923275986504,0.10512499511241913,0.28949297000600577,0.28949297000600577,0.8,0.28949297000600577,0.3577912599328434,0.7078017780006887,-0.15760870277881622,0.007484237647445907,0.8654104807795049,0.09045922452459461,0.12562133424507743,0.08276624664827921,0.12954077547540538,0.1006741861536638,0.13643493563820572,-0.03516210972048282,0.028866589321741576,0.010671565547704792,0.13587762800429573,-0.0076929778763154015,0.0068941601628003295,15.722279521294107,1.0,0.0,-1.347,0.34375,0,0,0,0,0,0,0,0,0,nan,nan,1.284000039100647,1.0,0,0,0,2.549351930618286,0.10102467983961105,0.18761747716946045,0.4010612964630127,1.2255754470825195,0.8090367317199707,9.560585021972656e-05,2.0153822898864746,1.6262495517730713,0.025936778000186678,0.013329908000059731,-0.1053,-0.04752423839534026,-0.04752423839534026,nan,nan,nan,nan,0.11314776019937062,-0.18479368956602688,lidar_disabled,1,1,1,1,1,0,1,1,1,cascade_controller_v4,cascade_controller_v4_fast_smooth_true_cascade_pd_1_0,cascade_pd_tracking,follow_main,inner_wheel_pd,True,True,False,"[""cascade_controller_v4""]",False,FOLLOW_MAIN,COMMITTED,UNKNOWN,FOLLOW_MAIN,True,ok,1.0,15.722279521294107,0.025936778000186678,0.013329908000059731,-105.30000000000001,-0.645,-1.347,0.0,-0.04752423839534026,-47.524238395340255,-0.31417262853166666,-0.04752423839534026,-47.524238395340255,-0.31417262853166666,-0.08184245336388127,-0.49825177199933696,0.72,0.35,0.68,0.3,-0.034217451644644986,-0.028644858677358442,-0.21363738740153335,-0.1494755315998011,0.28949297000600577,0.28949297000600577,0.28949297000600577,0.11,0.11,1.002913847332792,sharp,1.18,1.0,-0.1806422038945194,0.42597522932333787,0.8,0.34375,0.11,0.28949297000600577,0.09045922452459461,0.12954077547540538,0.09045922452459461,0.12954077547540538,0.12562133424507743,0.1006741861536638,0.12562133424507743,0.1006741861536638,-0.03516210972048282,0.028866589321741576,0.010671565547704792,0.13587762800429573,-0.0076929778763154015,0.0068941601628003295,0.08276624664827921,0.13643493563820572,0.10960059114324247,0.3577912599328434,0.10512499511241913,-0.15760870277881622,0.11314776019937062,-0.18479368956602688,2.549351930618286,0.10102467983961105,1.284000039100647,lidar_disabled,1.0,False,1790.99959454
1785741697.9267282,4.474559545516968,v4,cascade_controller_v4,cascade_controller_v4_fast_smooth_true_cascade_pd_1_0,cascade_pd_tracking,follow_main,inner_wheel_pd,sharp,,FOLLOW_MAIN,FOLLOW_MAIN,COMMITTED,UNKNOWN,1,1,-105.30000000000001,-105.30000000000001,-47.524238395340255,-47.524238395340255,-0.645,-0.31417262853166666,-0.31417262853166666,-0.08184245336388127,-0.49825177199933696,-0.034217451644644986,-0.028644858677358442,-0.21363738740153335,-0.1494755315998011,0.72,0.35,0.68,0.3,nan,nan,nan,nan,nan,1.0,1.002913847332792,-0.1806422038945194,0.42597522932333787,1.18,0.11,0.11,0.10960059114324247,0.11260923275986504,0.10512499511241913,0.28949297000600577,0.28949297000600577,0.8,0.28949297000600577,0.3577912599328434,0.7078017780006887,-0.15760870277881622,0.007484237647445907,0.8654104807795049,0.09045922452459461,0.12562133424507743,0.08276624664827921,0.12954077547540538,0.1006741861536638,0.13643493563820572,-0.03516210972048282,0.028866589321741576,0.010671565547704792,0.13587762800429573,-0.0076929778763154015,0.0068941601628003295,15.722279521294107,1.0,0.0,-1.347,0.34375,0,0,0,0,0,0,0,0,0,nan,nan,1.284000039100647,1.0,0,0,0,2.549351930618286,0.10102467983961105,-0.30847161552848995,0.800835132598877,1.6253492832183838,1.2088098526000977,0.3998689651489258,7.82012939453125e-05,2.0260226726531982,0.025936778000186678,0.013329908000059731,-0.1053,-0.04752423839534026,-0.04752423839534026,nan,nan,nan,nan,0.11314776019937062,-0.18479368956602688,lidar_disabled,1,1,1,1,1,0,1,1,1,cascade_controller_v4,cascade_controller_v4_fast_smooth_true_cascade_pd_1_0,cascade_pd_tracking,follow_main,inner_wheel_pd,True,True,False,"[""cascade_controller_v4""]",False,FOLLOW_MAIN,COMMITTED,UNKNOWN,FOLLOW_MAIN,True,ok,1.0,15.722279521294107,0.025936778000186678,0.013329908000059731,-105.30000000000001,-0.645,-1.347,0.0,-0.04752423839534026,-47.524238395340255,-0.31417262853166666,-0.04752423839534026,-47.524238395340255,-0.31417262853166666,-0.08184245336388127,-0.49825177199933696,0.72,0.35,0.68,0.3,-0.034217451644644986,-0.028644858677358442,-0.21363738740153335,-0.1494755315998011,0.28949297000600577,0.28949297000600577,0.28949297000600577,0.11,0.11,1.002913847332792,sharp,1.18,1.0,-0.1806422038945194,0.42597522932333787,0.8,0.34375,0.11,0.28949297000600577,0.09045922452459461,0.12954077547540538,0.09045922452459461,0.12954077547540538,0.12562133424507743,0.1006741861536638,0.12562133424507743,0.1006741861536638,-0.03516210972048282,0.028866589321741576,0.010671565547704792,0.13587762800429573,-0.0076929778763154015,0.0068941601628003295,0.08276624664827921,0.13643493563820572,0.10960059114324247,0.3577912599328434,0.10512499511241913,-0.15760870277881622,0.11314776019937062,-0.18479368956602688,2.549351930618286,0.10102467983961105,1.284000039100647,lidar_disabled,1.0,False,1790.99959454
1785741698.4069872,4.9548187255859375,v4,cascade_controller_v4,cascade_controller_v4_fast_smooth_true_cascade_pd_1_0,cascade_pd_tracking,follow_main,inner_wheel_pd,sharp,,FOLLOW_MAIN,FOLLOW_MAIN,COMMITTED,UNKNOWN,1,1,-105.30000000000001,-105.30000000000001,-47.524238395340255,-47.524238395340255,-0.645,-0.31417262853166666,-0.31417262853166666,-0.08184245336388127,-0.49825177199933696,-0.034217451644644986,-0.028644858677358442,-0.21363738740153335,-0.1494755315998011,0.72,0.35,0.68,0.3,nan,nan,nan,nan,nan,1.0,1.002913847332792,-0.1806422038945194,0.42597522932333787,1.18,0.11,0.11,0.10960059114324247,0.11260923275986504,0.10512499511241913,0.28949297000600577,0.28949297000600577,0.8,0.28949297000600577,0.3577912599328434,0.7078017780006887,-0.15760870277881622,0.007484237647445907,0.8654104807795049,0.09045922452459461,0.12562133424507743,0.08276624664827921,0.12954077547540538,0.1006741861536638,0.13643493563820572,-0.03516210972048282,0.028866589321741576,0.010671565547704792,0.13587762800429573,-0.0076929778763154015,0.0068941601628003295,15.722279521294107,1.0,0.0,-1.347,0.34375,0,0,0,0,0,0,0,0,0,nan,nan,1.284000039100647,1.0,0,0,0,2.549351930618286,0.10102467983961105,-0.30847161552848995,1.281095027923584,2.105609178543091,1.689070463180542,0.8801298141479492,0.48033928871154785,9.560585021972656e-05,0.025936778000186678,0.013329908000059731,-0.1053,-0.04752423839534026,-0.04752423839534026,nan,nan,nan,nan,0.11314776019937062,-0.18479368956602688,lidar_disabled,1,1,1,1,1,0,1,1,1,cascade_controller_v4,cascade_controller_v4_fast_smooth_true_cascade_pd_1_0,cascade_pd_tracking,follow_main,inner_wheel_pd,True,True,False,"[""cascade_controller_v4""]",False,FOLLOW_MAIN,COMMITTED,UNKNOWN,FOLLOW_MAIN,True,ok,1.0,15.722279521294107,0.025936778000186678,0.013329908000059731,-105.30000000000001,-0.645,-1.347,0.0,-0.04752423839534026,-47.524238395340255,-0.31417262853166666,-0.04752423839534026,-47.524238395340255,-0.31417262853166666,-0.08184245336388127,-0.49825177199933696,0.72,0.35,0.68,0.3,-0.034217451644644986,-0.028644858677358442,-0.21363738740153335,-0.1494755315998011,0.28949297000600577,0.28949297000600577,0.28949297000600577,0.11,0.11,1.002913847332792,sharp,1.18,1.0,-0.1806422038945194,0.42597522932333787,0.8,0.34375,0.11,0.28949297000600577,0.09045922452459461,0.12954077547540538,0.09045922452459461,0.12954077547540538,0.12562133424507743,0.1006741861536638,0.12562133424507743,0.1006741861536638,-0.03516210972048282,0.028866589321741576,0.010671565547704792,0.13587762800429573,-0.0076929778763154015,0.0068941601628003295,0.08276624664827921,0.13643493563820572,0.10960059114324247,0.3577912599328434,0.10512499511241913,-0.15760870277881622,0.11314776019937062,-0.18479368956602688,2.549351930618286,0.10102467983961105,1.284000039100647,lidar_disabled,1.0,False,1790.99959454
1785741698.8006144,5.348445892333984,v4,cascade_controller_v4,cascade_controller_v4_fast_smooth_true_cascade_pd_1_0,cascade_pd_tracking,follow_main,inner_wheel_pd,sharp,,FOLLOW_MAIN,FOLLOW_MAIN,COMMITTED,HOLD,1,1,-24.6,-24.6,-33.89207150895041,-33.89207150895041,-0.17400000000000002,-0.2356664236718159,-0.2356664236718159,0.08465739064437537,0.5038143046329144,-0.02440229148644429,0.029630086725531378,-0.16025316809683482,0.1511442913898743,0.72,0.35,0.68,0.3,nan,nan,nan,nan,nan,1.0,1.2792189952199733,-0.11212187591220217,0.003881081467873415,1.18,0.11,0.11,0.10600699647510067,0.11260923275986504,0.12325000762939453,-0.1277241374443079,-0.1277241374443079,0.8,-0.1277241374443079,-0.16525187241191314,0.7078017780006887,0.0630435049533844,-0.010640774869529496,0.6447582730473043,0.11862137927749078,0.1166918654388227,0.11840088690599415,0.10137862072250922,0.13792529933560516,0.09361310604420718,0.0,-0.036546678613095934,-0.05512309287415625,0.0686886541447674,-0.00022049237149662502,-0.0077655146783020355,15.743990422242302,1.0,0.0,-0.734,0.34375,0,0,0,0,0,0,0,0,0,nan,nan,1.8070000410079956,1.0,0,0,0,2.794375419616699,0.09610438346862793,-0.30847161552848995,1.6747219562530518,0.00011467933654785156,2.082697868347168,1.273756980895996,0.8739666938781738,0.3937232494354248,0.04036251799993806,0.04794064799989428,-0.0246,-0.033892071508950405,-0.033892071508950405,nan,nan,nan,nan,0.12730858238721393,0.15728469553172178,lidar_disabled,1,1,1,1,1,0,1,1,2,cascade_controller_v4,cascade_controller_v4_fast_smooth_true_cascade_pd_1_0,cascade_pd_tracking,follow_main,inner_wheel_pd,True,True,False,"[""cascade_controller_v4""]",False,FOLLOW_MAIN,COMMITTED,HOLD,FOLLOW_MAIN,True,ok,1.0,15.743990422242302,0.04036251799993806,0.04794064799989428,-24.6,-0.17400000000000002,-0.734,0.0,-0.033892071508950405,-33.89207150895041,-0.2356664236718159,-0.033892071508950405,-33.89207150895041,-0.2356664236718159,0.08465739064437537,0.5038143046329144,0.72,0.35,0.68,0.3,-0.02440229148644429,0.029630086725531378,-0.16025316809683482,0.1511442913898743,-0.1277241374443079,-0.1277241374443079,-0.1277241374443079,0.11,0.11,1.2792189952199733,sharp,1.18,1.0,-0.11212187591220217,0.003881081467873415,0.8,0.34375,0.11,-0.1277241374443079,0.11862137927749078,0.10137862072250922,0.11862137927749078,0.10137862072250922,0.1166918654388227,0.13792529933560516,0.1166918654388227,0.13792529933560516,0.0,-0.036546678613095934,-0.05512309287415625,0.0686886541447674,-0.00022049237149662502,-0.0077655146783020355,0.11840088690599415,0.09361310604420718,0.10600699647510067,-0.16525187241191314,0.12325000762939453,0.0630435049533844,0.12730858238721393,0.15728469553172178,2.794375419616699,0.09610438346862793,1.8070000410079956,lidar_disabled,1.0,False,1793.338536668
1785741699.1885936,5.736425161361694,v4,cascade_controller_v4,cascade_controller_v4_fast_smooth_true_cascade_pd_1_0,cascade_pd_tracking,follow_main,inner_wheel_pd,sharp,,FOLLOW_MAIN,FOLLOW_MAIN,COMMITTED,HOLD,1,1,-24.6,-24.6,-33.89207150895041,-33.89207150895041,-0.17400000000000002,-0.2356664236718159,-0.2356664236718159,0.08465739064437537,0.5038143046329144,-0.02440229148644429,0.029630086725531378,-0.16025316809683482,0.1511442913898743,0.72,0.35,0.68,0.3,nan,nan,nan,nan,nan,1.0,1.2792189952199733,-0.11212187591220217,0.003881081467873415,1.18,0.11,0.11,0.10600699647510067,0.11260923275986504,0.12325000762939453,-0.1277241374443079,-0.1277241374443079,0.8,-0.1277241374443079,-0.16525187241191314,0.7078017780006887,0.0630435049533844,-0.010640774869529496,0.6447582730473043,0.11862137927749078,0.1166918654388227,0.11840088690599415,0.10137862072250922,0.13792529933560516,0.09361310604420718,0.0,-0.036546678613095934,-0.05512309287415625,0.0686886541447674,-0.00022049237149662502,-0.0077655146783020355,15.743990422242302,1.0,0.0,-0.734,0.34375,0,0,0,0,0,0,0,0,0,nan,nan,1.8070000410079956,1.0,0,0,0,2.794375419616699,0.09610438346862793,-0.30847161552848995,2.0627026557922363,0.3880960941314697,0.0001354217529296875,1.6617376804351807,1.2619481086730957,0.781705379486084,0.04036251799993806,0.04794064799989428,-0.0246,-0.033892071508950405,-0.033892071508950405,nan,nan,nan,nan,0.12730858238721393,0.15728469553172178,lidar_disabled,1,1,1,1,1,0,1,1,2,cascade_controller_v4,cascade_controller_v4_fast_smooth_true_cascade_pd_1_0,cascade_pd_tracking,follow_main,inner_wheel_pd,True,True,False,"[""cascade_controller_v4""]",False,FOLLOW_MAIN,COMMITTED,HOLD,FOLLOW_MAIN,True,ok,1.0,15.743990422242302,0.04036251799993806,0.04794064799989428,-24.6,-0.17400000000000002,-0.734,0.0,-0.033892071508950405,-33.89207150895041,-0.2356664236718159,-0.033892071508950405,-33.89207150895041,-0.2356664236718159,0.08465739064437537,0.5038143046329144,0.72,0.35,0.68,0.3,-0.02440229148644429,0.029630086725531378,-0.16025316809683482,0.1511442913898743,-0.1277241374443079,-0.1277241374443079,-0.1277241374443079,0.11,0.11,1.2792189952199733,sharp,1.18,1.0,-0.11212187591220217,0.003881081467873415,0.8,0.34375,0.11,-0.1277241374443079,0.11862137927749078,0.10137862072250922,0.11862137927749078,0.10137862072250922,0.1166918654388227,0.13792529933560516,0.1166918654388227,0.13792529933560516,0.0,-0.036546678613095934,-0.05512309287415625,0.0686886541447674,-0.00022049237149662502,-0.0077655146783020355,0.11840088690599415,0.09361310604420718,0.10600699647510067,-0.16525187241191314,0.12325000762939453,0.0630435049533844,0.12730858238721393,0.15728469553172178,2.794375419616699,0.09610438346862793,1.8070000410079956,lidar_disabled,1.0,False,1793.338536668
1785741699.6023169,6.150148153305054,v4,cascade_controller_v4,cascade_controller_v4_fast_smooth_true_cascade_pd_1_0,cascade_pd_tracking,follow_main,inner_wheel_pd,sharp,,FOLLOW_MAIN,FOLLOW_MAIN,COMMITTED,HOLD,1,1,-24.6,-24.6,-33.89207150895041,-33.89207150895041,-0.17400000000000002,-0.2356664236718159,-0.2356664236718159,0.08465739064437537,0.5038143046329144,-0.02440229148644429,0.029630086725531378,-0.16025316809683482,0.1511442913898743,0.72,0.35,0.68,0.3,nan,nan,nan,nan,nan,1.0,1.2792189952199733,-0.11212187591220217,0.003881081467873415,1.18,0.11,0.11,0.10600699647510067,0.11260923275986504,0.12325000762939453,-0.1277241374443079,-0.1277241374443079,0.8,-0.1277241374443079,-0.16525187241191314,0.7078017780006887,0.0630435049533844,-0.010640774869529496,0.6447582730473043,0.11862137927749078,0.1166918654388227,0.11840088690599415,0.10137862072250922,0.13792529933560516,0.09361310604420718,0.0,-0.036546678613095934,-0.05512309287415625,0.0686886541447674,-0.00022049237149662502,-0.0077655146783020355,15.743990422242302,1.0,0.0,-0.734,0.34375,0,0,0,0,0,0,0,0,0,nan,nan,1.8070000410079956,1.0,0,0,0,2.794375419616699,0.09610438346862793,-0.30847161552848995,8.940696716308594e-05,0.8018167018890381,0.41385602951049805,2.075458288192749,1.6756677627563477,1.195425271987915,0.04036251799993806,0.04794064799989428,-0.0246,-0.033892071508950405,-0.033892071508950405,nan,nan,nan,nan,0.12730858238721393,0.15728469553172178,lidar_disabled,1,1,1,1,1,0,1,1,2,cascade_controller_v4,cascade_controller_v4_fast_smooth_true_cascade_pd_1_0,cascade_pd_tracking,follow_main,inner_wheel_pd,True,True,False,"[""cascade_controller_v4""]",False,FOLLOW_MAIN,COMMITTED,HOLD,FOLLOW_MAIN,True,ok,1.0,15.743990422242302,0.04036251799993806,0.04794064799989428,-24.6,-0.17400000000000002,-0.734,0.0,-0.033892071508950405,-33.89207150895041,-0.2356664236718159,-0.033892071508950405,-33.89207150895041,-0.2356664236718159,0.08465739064437537,0.5038143046329144,0.72,0.35,0.68,0.3,-0.02440229148644429,0.029630086725531378,-0.16025316809683482,0.1511442913898743,-0.1277241374443079,-0.1277241374443079,-0.1277241374443079,0.11,0.11,1.2792189952199733,sharp,1.18,1.0,-0.11212187591220217,0.003881081467873415,0.8,0.34375,0.11,-0.1277241374443079,0.11862137927749078,0.10137862072250922,0.11862137927749078,0.10137862072250922,0.1166918654388227,0.13792529933560516,0.1166918654388227,0.13792529933560516,0.0,-0.036546678613095934,-0.05512309287415625,0.0686886541447674,-0.00022049237149662502,-0.0077655146783020355,0.11840088690599415,0.09361310604420718,0.10600699647510067,-0.16525187241191314,0.12325000762939453,0.0630435049533844,0.12730858238721393,0.15728469553172178,2.794375419616699,0.09610438346862793,1.8070000410079956,lidar_disabled,1.0,False,1793.338536668
1785741700.0110068,6.558838367462158,v4,cascade_controller_v4,cascade_controller_v4_fast_smooth_true_cascade_pd_1_0,cascade_pd_tracking,follow_main,inner_wheel_pd,sharp,,FOLLOW_MAIN,FOLLOW_MAIN,COMMITTED,HOLD,1,1,-24.6,-24.6,-33.89207150895041,-33.89207150895041,-0.17400000000000002,-0.2356664236718159,-0.2356664236718159,0.08465739064437537,0.5038143046329144,-0.02440229148644429,0.029630086725531378,-0.16025316809683482,0.1511442913898743,0.72,0.35,0.68,0.3,nan,nan,nan,nan,nan,1.0,1.2792189952199733,-0.11212187591220217,0.003881081467873415,1.18,0.11,0.11,0.10600699647510067,0.13511798511763617,0.12325000762939453,-0.1277241374443079,-0.1277241374443079,0.8,-0.1277241374443079,-0.16525187241191314,0.11636943791763812,0.0630435049533844,0.011867977488241643,0.053325932964253725,0.11862137927749078,0.1166918654388227,0.11840088690599415,0.10137862072250922,0.13792529933560516,0.09361310604420718,0.0,-0.036546678613095934,-0.05512309287415625,0.0686886541447674,-0.00022049237149662502,-0.0077655146783020355,15.743990422242302,1.0,0.0,-0.734,0.34375,0,0,0,0,0,0,0,0,0,nan,nan,1.8070000410079956,1.0,0,0,0,2.794375419616699,0.09610438346862793,-0.30847161552848995,0.4087796211242676,1.2105069160461426,0.8225464820861816,6.890296936035156e-05,2.084357738494873,1.604114294052124,0.04036251799993806,0.04794064799989428,-0.0246,-0.033892071508950405,-0.033892071508950405,nan,nan,nan,nan,0.12730858238721393,0.15728469553172178,lidar_disabled,1,1,1,1,1,0,1,1,2,cascade_controller_v4,cascade_controller_v4_fast_smooth_true_cascade_pd_1_0,cascade_pd_tracking,follow_main,inner_wheel_pd,True,True,False,"[""cascade_controller_v4""]",False,FOLLOW_MAIN,COMMITTED,HOLD,FOLLOW_MAIN,True,ok,1.0,15.743990422242302,0.04036251799993806,0.04794064799989428,-24.6,-0.17400000000000002,-0.734,0.0,-0.033892071508950405,-33.89207150895041,-0.2356664236718159,-0.033892071508950405,-33.89207150895041,-0.2356664236718159,0.08465739064437537,0.5038143046329144,0.72,0.35,0.68,0.3,-0.02440229148644429,0.029630086725531378,-0.16025316809683482,0.1511442913898743,-0.1277241374443079,-0.1277241374443079,-0.1277241374443079,0.11,0.11,1.2792189952199733,sharp,1.18,1.0,-0.11212187591220217,0.003881081467873415,0.8,0.34375,0.11,-0.1277241374443079,0.11862137927749078,0.10137862072250922,0.11862137927749078,0.10137862072250922,0.1166918654388227,0.13792529933560516,0.1166918654388227,0.13792529933560516,0.0,-0.036546678613095934,-0.05512309287415625,0.0686886541447674,-0.00022049237149662502,-0.0077655146783020355,0.11840088690599415,0.09361310604420718,0.10600699647510067,-0.16525187241191314,0.12325000762939453,0.0630435049533844,0.12730858238721393,0.15728469553172178,2.794375419616699,0.09610438346862793,1.8070000410079956,lidar_disabled,1.0,False,1793.338536668
1785741700.417822,6.96565318107605,v4,cascade_controller_v4,cascade_controller_v4_fast_smooth_true_cascade_pd_1_0,cascade_pd_tracking,follow_main,inner_wheel_pd,sharp,,FOLLOW_MAIN,FOLLOW_MAIN,COMMITTED,HOLD,1,1,-24.6,-24.6,-33.89207150895041,-33.89207150895041,-0.17400000000000002,-0.2356664236718159,-0.2356664236718159,0.08465739064437537,0.5038143046329144,-0.02440229148644429,0.029630086725531378,-0.16025316809683482,0.1511442913898743,0.72,0.35,0.68,0.3,nan,nan,nan,nan,nan,1.0,1.2792189952199733,-0.11212187591220217,0.003881081467873415,1.18,0.11,0.11,0.10600699647510067,0.13511798511763617,0.12325000762939453,-0.1277241374443079,-0.1277241374443079,0.8,-0.1277241374443079,-0.16525187241191314,0.11636943791763812,0.0630435049533844,0.011867977488241643,0.053325932964253725,0.11862137927749078,0.1166918654388227,0.11840088690599415,0.10137862072250922,0.13792529933560516,0.09361310604420718,0.0,-0.036546678613095934,-0.05512309287415625,0.0686886541447674,-0.00022049237149662502,-0.0077655146783020355,15.743990422242302,1.0,0.0,-0.734,0.34375,0,0,0,0,0,0,0,0,0,nan,nan,1.8070000410079956,1.0,0,0,0,2.794375419616699,0.09610438346862793,0.587565401117827,0.8155944347381592,1.617321491241455,1.229360818862915,0.40688371658325195,0.00012445449829101562,2.0109288692474365,0.04036251799993806,0.04794064799989428,-0.0246,-0.033892071508950405,-0.033892071508950405,nan,nan,nan,nan,0.12730858238721393,0.15728469553172178,lidar_disabled,1,1,1,1,1,0,1,1,2,cascade_controller_v4,cascade_controller_v4_fast_smooth_true_cascade_pd_1_0,cascade_pd_tracking,follow_main,inner_wheel_pd,True,True,False,"[""cascade_controller_v4""]",False,FOLLOW_MAIN,COMMITTED,HOLD,FOLLOW_MAIN,True,ok,1.0,15.743990422242302,0.04036251799993806,0.04794064799989428,-24.6,-0.17400000000000002,-0.734,0.0,-0.033892071508950405,-33.89207150895041,-0.2356664236718159,-0.033892071508950405,-33.89207150895041,-0.2356664236718159,0.08465739064437537,0.5038143046329144,0.72,0.35,0.68,0.3,-0.02440229148644429,0.029630086725531378,-0.16025316809683482,0.1511442913898743,-0.1277241374443079,-0.1277241374443079,-0.1277241374443079,0.11,0.11,1.2792189952199733,sharp,1.18,1.0,-0.11212187591220217,0.003881081467873415,0.8,0.34375,0.11,-0.1277241374443079,0.11862137927749078,0.10137862072250922,0.11862137927749078,0.10137862072250922,0.1166918654388227,0.13792529933560516,0.1166918654388227,0.13792529933560516,0.0,-0.036546678613095934,-0.05512309287415625,0.0686886541447674,-0.00022049237149662502,-0.0077655146783020355,0.11840088690599415,0.09361310604420718,0.10600699647510067,-0.16525187241191314,0.12325000762939453,0.0630435049533844,0.12730858238721393,0.15728469553172178,2.794375419616699,0.09610438346862793,1.8070000410079956,lidar_disabled,1.0,False,1793.338536668
1785741700.816096,7.363927364349365,v4,cascade_controller_v4,cascade_controller_v4_fast_smooth_true_cascade_pd_1_0,cascade_pd_tracking,follow_main,inner_wheel_pd,sharp,,FOLLOW_MAIN,FOLLOW_MAIN,COMMITTED,HOLD,1,1,-24.6,-24.6,-33.89207150895041,-33.89207150895041,-0.17400000000000002,-0.2356664236718159,-0.2356664236718159,0.08465739064437537,0.5038143046329144,-0.02440229148644429,0.029630086725531378,-0.16025316809683482,0.1511442913898743,0.72,0.35,0.68,0.3,nan,nan,nan,nan,nan,1.0,1.2792189952199733,-0.11212187591220217,0.003881081467873415,1.18,0.11,0.11,0.10600699647510067,0.13511798511763617,0.12325000762939453,-0.1277241374443079,-0.1277241374443079,0.8,-0.1277241374443079,-0.16525187241191314,0.11636943791763812,0.0630435049533844,0.011867977488241643,0.053325932964253725,0.11862137927749078,0.1166918654388227,0.11840088690599415,0.10137862072250922,0.13792529933560516,0.09361310604420718,0.0,-0.036546678613095934,-0.05512309287415625,0.0686886541447674,-0.00022049237149662502,-0.0077655146783020355,15.743990422242302,1.0,0.0,-0.734,0.34375,0,0,0,0,0,0,0,0,0,nan,nan,1.8070000410079956,1.0,0,0,0,2.794375419616699,0.09610438346862793,0.587565401117827,1.2138686180114746,2.0155959129333496,1.6276352405548096,0.8051578998565674,0.39839863777160645,8.797645568847656e-05,0.04036251799993806,0.04794064799989428,-0.0246,-0.033892071508950405,-0.033892071508950405,nan,nan,nan,nan,0.12730858238721393,0.15728469553172178,lidar_disabled,1,1,1,1,1,0,1,1,2,cascade_controller_v4,cascade_controller_v4_fast_smooth_true_cascade_pd_1_0,cascade_pd_tracking,follow_main,inner_wheel_pd,True,True,False,"[""cascade_controller_v4""]",False,FOLLOW_MAIN,COMMITTED,HOLD,FOLLOW_MAIN,True,ok,1.0,15.743990422242302,0.04036251799993806,0.04794064799989428,-24.6,-0.17400000000000002,-0.734,0.0,-0.033892071508950405,-33.89207150895041,-0.2356664236718159,-0.033892071508950405,-33.89207150895041,-0.2356664236718159,0.08465739064437537,0.5038143046329144,0.72,0.35,0.68,0.3,-0.02440229148644429,0.029630086725531378,-0.16025316809683482,0.1511442913898743,-0.1277241374443079,-0.1277241374443079,-0.1277241374443079,0.11,0.11,1.2792189952199733,sharp,1.18,1.0,-0.11212187591220217,0.003881081467873415,0.8,0.34375,0.11,-0.1277241374443079,0.11862137927749078,0.10137862072250922,0.11862137927749078,0.10137862072250922,0.1166918654388227,0.13792529933560516,0.1166918654388227,0.13792529933560516,0.0,-0.036546678613095934,-0.05512309287415625,0.0686886541447674,-0.00022049237149662502,-0.0077655146783020355,0.11840088690599415,0.09361310604420718,0.10600699647510067,-0.16525187241191314,0.12325000762939453,0.0630435049533844,0.12730858238721393,0.15728469553172178,2.794375419616699,0.09610438346862793,1.8070000410079956,lidar_disabled,1.0,False,1793.338536668
1785741701.2019472,7.749778509140015,v4,cascade_controller_v4,cascade_controller_v4_fast_smooth_true_cascade_pd_1_0,cascade_pd_tracking,follow_main,inner_wheel_pd,sharp,,FOLLOW_MAIN,FOLLOW_MAIN,COMMITTED,UNKNOWN,1,1,-279.90000000000003,-279.90000000000003,-192.16638633419473,-192.16638633419473,-0.495,-0.49347914484210365,-0.49347914484210365,-0.21751699859464252,-0.14372383999186852,-0.1383597981606202,-0.07613094950812488,-0.3355658184926305,-0.043117151997560554,0.72,0.35,0.68,0.3,nan,nan,nan,nan,nan,1.0,1.7109050349234374,0.06053515575954254,0.593173718158936,1.18,0.11,0.11,0.11257490064436813,0.13511798511763617,0.09062500298023224,0.7713764712238046,0.7713764712238046,0.8,0.7713764712238046,0.7230843923226306,0.11636943791763812,0.7880434989929199,0.044492982137403936,-0.6716740610752818,0.057932088192393184,0.05006270377865937,0.05834357122017083,0.16206791180760682,0.14011291490521738,0.16680623006856543,0.0,0.021954996902389445,0.10287075694441113,-0.022945264391770172,0.00041148302777764453,0.004738318260958598,14.213303270801704,1.0,0.0,0.4613207698568905,0.34375,0,0,0,0,0,0,0,0,0,nan,nan,5.546000003814697,1.0,0,0,0,3.045074701309204,0.2723692059516907,0.587565401117827,1.599719524383545,8.7738037109375e-05,2.01348614692688,1.1910088062286377,0.784250020980835,0.3859398365020752,0.0220128509999995,0.07396988799996507,-0.27990000000000004,-0.19216638633419472,-0.19216638633419472,nan,nan,nan,nan,0.09508780934193838,0.6670386009374667,lidar_disabled,1,1,1,1,1,0,1,1,1,cascade_controller_v4,cascade_controller_v4_fast_smooth_true_cascade_pd_1_0,cascade_pd_tracking,follow_main,inner_wheel_pd,True,True,False,"[""cascade_controller_v4""]",False,FOLLOW_MAIN,COMMITTED,UNKNOWN,FOLLOW_MAIN,True,ok,1.0,14.213303270801704,0.0220128509999995,0.07396988799996507,-279.90000000000003,-0.495,0.4613207698568905,0.0,-0.19216638633419472,-192.16638633419473,-0.49347914484210365,-0.19216638633419472,-192.16638633419473,-0.49347914484210365,-0.21751699859464252,-0.14372383999186852,0.72,0.35,0.68,0.3,-0.1383597981606202,-0.07613094950812488,-0.3355658184926305,-0.043117151997560554,0.7713764712238046,0.7713764712238046,0.7713764712238046,0.11,0.11,1.7109050349234374,sharp,1.18,1.0,0.06053515575954254,0.593173718158936,0.8,0.34375,0.11,0.7713764712238046,0.057932088192393184,0.16206791180760682,0.057932088192393184,0.16206791180760682,0.05006270377865937,0.14011291490521738,0.05006270377865937,0.14011291490521738,0.0,0.021954996902389445,0.10287075694441113,-0.022945264391770172,0.00041148302777764453,0.004738318260958598,0.05834357122017083,0.16680623006856543,0.11257490064436813,0.7230843923226306,0.09062500298023224,0.7880434989929199,0.09508780934193838,0.6670386009374667,3.045074701309204,0.2723692059516907,5.546000003814697,lidar_disabled,1.0,False,1795.918335055
1785741701.6103637,8.15819501876831,v4,cascade_controller_v4,cascade_controller_v4_fast_smooth_true_cascade_pd_1_0,cascade_pd_tracking,follow_main,inner_wheel_pd,sharp,,FOLLOW_MAIN,FOLLOW_MAIN,COMMITTED,UNKNOWN,1,1,-279.90000000000003,-279.90000000000003,-192.16638633419473,-192.16638633419473,-0.495,-0.49347914484210365,-0.49347914484210365,-0.21751699859464252,-0.14372383999186852,-0.1383597981606202,-0.07613094950812488,-0.3355658184926305,-0.043117151997560554,0.72,0.35,0.68,0.3,nan,nan,nan,nan,nan,1.0,1.7109050349234374,0.06053515575954254,0.593173718158936,1.18,0.11,0.11,0.11257490064436813,0.13511798511763617,0.09062500298023224,0.7713764712238046,0.7713764712238046,0.8,0.7713764712238046,0.7230843923226306,0.11636943791763812,0.7880434989929199,0.044492982137403936,-0.6716740610752818,0.057932088192393184,0.05006270377865937,0.05834357122017083,0.16206791180760682,0.14011291490521738,0.16680623006856543,0.0,0.021954996902389445,0.10287075694441113,-0.022945264391770172,0.00041148302777764453,0.004738318260958598,14.213303270801704,1.0,0.0,0.4613207698568905,0.34375,0,0,0,0,0,0,0,0,0,nan,nan,5.546000003814697,1.0,0,0,0,3.045074701309204,0.2723692059516907,0.587565401117827,2.00813627243042,0.4085047245025635,9.226799011230469e-05,1.5994253158569336,1.1926662921905518,0.7943558692932129,0.0220128509999995,0.07396988799996507,-0.27990000000000004,-0.19216638633419472,-0.19216638633419472,nan,nan,nan,nan,0.09508780934193838,0.6670386009374667,lidar_disabled,1,1,1,1,1,0,1,1,1,cascade_controller_v4,cascade_controller_v4_fast_smooth_true_cascade_pd_1_0,cascade_pd_tracking,follow_main,inner_wheel_pd,True,True,False,"[""cascade_controller_v4""]",False,FOLLOW_MAIN,COMMITTED,UNKNOWN,FOLLOW_MAIN,True,ok,1.0,14.213303270801704,0.0220128509999995,0.07396988799996507,-279.90000000000003,-0.495,0.4613207698568905,0.0,-0.19216638633419472,-192.16638633419473,-0.49347914484210365,-0.19216638633419472,-192.16638633419473,-0.49347914484210365,-0.21751699859464252,-0.14372383999186852,0.72,0.35,0.68,0.3,-0.1383597981606202,-0.07613094950812488,-0.3355658184926305,-0.043117151997560554,0.7713764712238046,0.7713764712238046,0.7713764712238046,0.11,0.11,1.7109050349234374,sharp,1.18,1.0,0.06053515575954254,0.593173718158936,0.8,0.34375,0.11,0.7713764712238046,0.057932088192393184,0.16206791180760682,0.057932088192393184,0.16206791180760682,0.05006270377865937,0.14011291490521738,0.05006270377865937,0.14011291490521738,0.0,0.021954996902389445,0.10287075694441113,-0.022945264391770172,0.00041148302777764453,0.004738318260958598,0.05834357122017083,0.16680623006856543,0.11257490064436813,0.7230843923226306,0.09062500298023224,0.7880434989929199,0.09508780934193838,0.6670386009374667,3.045074701309204,0.2723692059516907,5.546000003814697,lidar_disabled,1.0,False,1795.918335055
1785741702.0701642,8.617995500564575,v4,cascade_controller_v4,cascade_controller_v4_fast_smooth_true_cascade_pd_1_0,cascade_pd_tracking,follow_main,inner_wheel_pd,sharp,,FOLLOW_MAIN,FOLLOW_MAIN,COMMITTED,UNKNOWN,1,1,-279.90000000000003,-279.90000000000003,-192.16638633419473,-192.16638633419473,-0.495,-0.49347914484210365,-0.49347914484210365,-0.21751699859464252,-0.14372383999186852,-0.1383597981606202,-0.07613094950812488,-0.3355658184926305,-0.043117151997560554,0.72,0.35,0.68,0.3,nan,nan,nan,nan,nan,1.0,1.7109050349234374,0.06053515575954254,0.593173718158936,1.18,0.11,0.11,0.11257490064436813,0.13511798511763617,0.09062500298023224,0.7713764712238046,0.7713764712238046,0.8,0.7713764712238046,0.7230843923226306,0.11636943791763812,0.7880434989929199,0.044492982137403936,-0.6716740610752818,0.057932088192393184,0.05006270377865937,0.05834357122017083,0.16206791180760682,0.14011291490521738,0.16680623006856543,0.0,0.021954996902389445,0.10287075694441113,-0.022945264391770172,0.00041148302777764453,0.004738318260958598,14.213303270801704,1.0,0.0,0.4613207698568905,0.34375,0,0,0,0,0,0,0,0,0,nan,nan,5.546000003814697,1.0,0,0,0,3.045074701309204,0.2723692059516907,0.587565401117827,5.8650970458984375e-05,0.8683044910430908,0.45989227294921875,2.059225559234619,1.6524662971496582,1.2541561126708984,0.0220128509999995,0.07396988799996507,-0.27990000000000004,-0.19216638633419472,-0.19216638633419472,nan,nan,nan,nan,0.09508780934193838,0.6670386009374667,lidar_disabled,1,1,1,1,1,0,1,1,1,cascade_controller_v4,cascade_controller_v4_fast_smooth_true_cascade_pd_1_0,cascade_pd_tracking,follow_main,inner_wheel_pd,True,True,False,"[""cascade_controller_v4""]",False,FOLLOW_MAIN,COMMITTED,UNKNOWN,FOLLOW_MAIN,True,ok,1.0,14.213303270801704,0.0220128509999995,0.07396988799996507,-279.90000000000003,-0.495,0.4613207698568905,0.0,-0.19216638633419472,-192.16638633419473,-0.49347914484210365,-0.19216638633419472,-192.16638633419473,-0.49347914484210365,-0.21751699859464252,-0.14372383999186852,0.72,0.35,0.68,0.3,-0.1383597981606202,-0.07613094950812488,-0.3355658184926305,-0.043117151997560554,0.7713764712238046,0.7713764712238046,0.7713764712238046,0.11,0.11,1.7109050349234374,sharp,1.18,1.0,0.06053515575954254,0.593173718158936,0.8,0.34375,0.11,0.7713764712238046,0.057932088192393184,0.16206791180760682,0.057932088192393184,0.16206791180760682,0.05006270377865937,0.14011291490521738,0.05006270377865937,0.14011291490521738,0.0,0.021954996902389445,0.10287075694441113,-0.022945264391770172,0.00041148302777764453,0.004738318260958598,0.05834357122017083,0.16680623006856543,0.11257490064436813,0.7230843923226306,0.09062500298023224,0.7880434989929199,0.09508780934193838,0.6670386009374667,3.045074701309204,0.2723692059516907,5.546000003814697,lidar_disabled,1.0,False,1795.918335055
1785741702.5449324,9.092763662338257,v4,cascade_controller_v4,cascade_controller_v4_fast_smooth_true_cascade_pd_1_0,cascade_pd_tracking,follow_main,inner_wheel_pd,sharp,,FOLLOW_MAIN,FOLLOW_MAIN,COMMITTED,UNKNOWN,1,1,-279.90000000000003,-279.90000000000003,-192.16638633419473,-192.16638633419473,-0.495,-0.49347914484210365,-0.49347914484210365,-0.21751699859464252,-0.14372383999186852,-0.1383597981606202,-0.07613094950812488,-0.3355658184926305,-0.043117151997560554,0.72,0.35,0.68,0.3,nan,nan,nan,nan,nan,1.0,1.7109050349234374,0.06053515575954254,0.593173718158936,1.18,0.11,0.11,0.11257490064436813,0.11353189608974273,0.09062500298023224,0.7713764712238046,0.7713764712238046,0.8,0.7713764712238046,0.7230843923226306,0.4627702758016229,0.7880434989929199,0.022906893109510496,-0.32527322319129703,0.057932088192393184,0.05006270377865937,0.05834357122017083,0.16206791180760682,0.14011291490521738,0.16680623006856543,0.0,0.021954996902389445,0.10287075694441113,-0.022945264391770172,0.00041148302777764453,0.004738318260958598,14.213303270801704,1.0,0.0,0.4613207698568905,0.34375,0,0,0,0,0,0,0,0,0,nan,nan,5.546000003814697,1.0,0,0,0,3.045074701309204,0.2723692059516907,0.587565401117827,0.4748268127441406,1.3430733680725098,0.9346611499786377,7.009506225585938e-05,2.1272356510162354,1.7289249897003174,0.0220128509999995,0.07396988799996507,-0.27990000000000004,-0.19216638633419472,-0.19216638633419472,nan,nan,nan,nan,0.09508780934193838,0.6670386009374667,lidar_disabled,1,1,1,1,1,0,1,1,1,cascade_controller_v4,cascade_controller_v4_fast_smooth_true_cascade_pd_1_0,cascade_pd_tracking,follow_main,inner_wheel_pd,True,True,False,"[""cascade_controller_v4""]",False,FOLLOW_MAIN,COMMITTED,UNKNOWN,FOLLOW_MAIN,True,ok,1.0,14.213303270801704,0.0220128509999995,0.07396988799996507,-279.90000000000003,-0.495,0.4613207698568905,0.0,-0.19216638633419472,-192.16638633419473,-0.49347914484210365,-0.19216638633419472,-192.16638633419473,-0.49347914484210365,-0.21751699859464252,-0.14372383999186852,0.72,0.35,0.68,0.3,-0.1383597981606202,-0.07613094950812488,-0.3355658184926305,-0.043117151997560554,0.7713764712238046,0.7713764712238046,0.7713764712238046,0.11,0.11,1.7109050349234374,sharp,1.18,1.0,0.06053515575954254,0.593173718158936,0.8,0.34375,0.11,0.7713764712238046,0.057932088192393184,0.16206791180760682,0.057932088192393184,0.16206791180760682,0.05006270377865937,0.14011291490521738,0.05006270377865937,0.14011291490521738,0.0,0.021954996902389445,0.10287075694441113,-0.022945264391770172,0.00041148302777764453,0.004738318260958598,0.05834357122017083,0.16680623006856543,0.11257490064436813,0.7230843923226306,0.09062500298023224,0.7880434989929199,0.09508780934193838,0.6670386009374667,3.045074701309204,0.2723692059516907,5.546000003814697,lidar_disabled,1.0,False,1795.918335055
1785741703.0097086,9.557539939880371,v4,cascade_controller_v4,cascade_controller_v4_fast_smooth_true_cascade_pd_1_0,cascade_pd_tracking,follow_main,inner_wheel_pd,sharp,,FOLLOW_MAIN,FOLLOW_MAIN,COMMITTED,UNKNOWN,1,1,-279.90000000000003,-279.90000000000003,-192.16638633419473,-192.16638633419473,-0.495,-0.49347914484210365,-0.49347914484210365,-0.21751699859464252,-0.14372383999186852,-0.1383597981606202,-0.07613094950812488,-0.3355658184926305,-0.043117151997560554,0.72,0.35,0.68,0.3,nan,nan,nan,nan,nan,1.0,1.7109050349234374,0.06053515575954254,0.593173718158936,1.18,0.11,0.11,0.11257490064436813,0.11353189608974273,0.09062500298023224,0.7713764712238046,0.7713764712238046,0.8,0.7713764712238046,0.7230843923226306,0.4627702758016229,0.7880434989929199,0.022906893109510496,-0.32527322319129703,0.057932088192393184,0.05006270377865937,0.05834357122017083,0.16206791180760682,0.14011291490521738,0.16680623006856543,0.0,0.021954996902389445,0.10287075694441113,-0.022945264391770172,0.00041148302777764453,0.004738318260958598,14.213303270801704,1.0,0.0,0.4613207698568905,0.34375,0,0,0,0,0,0,0,0,0,nan,nan,5.546000003814697,1.0,0,0,0,3.045074701309204,0.2723692059516907,1.6309980001329143,0.9396028518676758,1.8078486919403076,1.3994367122650146,0.4648456573486328,6.461143493652344e-05,2.1937003135681152,0.0220128509999995,0.07396988799996507,-0.27990000000000004,-0.19216638633419472,-0.19216638633419472,nan,nan,nan,nan,0.09508780934193838,0.6670386009374667,lidar_disabled,1,1,1,1,1,0,1,1,1,cascade_controller_v4,cascade_controller_v4_fast_smooth_true_cascade_pd_1_0,cascade_pd_tracking,follow_main,inner_wheel_pd,True,True,False,"[""cascade_controller_v4""]",False,FOLLOW_MAIN,COMMITTED,UNKNOWN,FOLLOW_MAIN,True,ok,1.0,14.213303270801704,0.0220128509999995,0.07396988799996507,-279.90000000000003,-0.495,0.4613207698568905,0.0,-0.19216638633419472,-192.16638633419473,-0.49347914484210365,-0.19216638633419472,-192.16638633419473,-0.49347914484210365,-0.21751699859464252,-0.14372383999186852,0.72,0.35,0.68,0.3,-0.1383597981606202,-0.07613094950812488,-0.3355658184926305,-0.043117151997560554,0.7713764712238046,0.7713764712238046,0.7713764712238046,0.11,0.11,1.7109050349234374,sharp,1.18,1.0,0.06053515575954254,0.593173718158936,0.8,0.34375,0.11,0.7713764712238046,0.057932088192393184,0.16206791180760682,0.057932088192393184,0.16206791180760682,0.05006270377865937,0.14011291490521738,0.05006270377865937,0.14011291490521738,0.0,0.021954996902389445,0.10287075694441113,-0.022945264391770172,0.00041148302777764453,0.004738318260958598,0.05834357122017083,0.16680623006856543,0.11257490064436813,0.7230843923226306,0.09062500298023224,0.7880434989929199,0.09508780934193838,0.6670386009374667,3.045074701309204,0.2723692059516907,5.546000003814697,lidar_disabled,1.0,False,1795.918335055
1785741703.4857993,10.033630847930908,v4,cascade_controller_v4,cascade_controller_v4_fast_smooth_true_cascade_pd_1_0,cascade_pd_tracking,follow_main,inner_wheel_pd,sharp,,FOLLOW_MAIN,FOLLOW_MAIN,COMMITTED,UNKNOWN,1,1,-279.90000000000003,-279.90000000000003,-192.16638633419473,-192.16638633419473,-0.495,-0.49347914484210365,-0.49347914484210365,-0.21751699859464252,-0.14372383999186852,-0.1383597981606202,-0.07613094950812488,-0.3355658184926305,-0.043117151997560554,0.72,0.35,0.68,0.3,nan,nan,nan,nan,nan,1.0,1.7109050349234374,0.06053515575954254,0.593173718158936,1.18,0.11,0.11,0.11257490064436813,0.11353189608974273,0.09062500298023224,0.7713764712238046,0.7713764712238046,0.8,0.7713764712238046,0.7230843923226306,0.4627702758016229,0.7880434989929199,0.022906893109510496,-0.32527322319129703,0.057932088192393184,0.05006270377865937,0.05834357122017083,0.16206791180760682,0.14011291490521738,0.16680623006856543,0.0,0.021954996902389445,0.10287075694441113,-0.022945264391770172,0.00041148302777764453,0.004738318260958598,14.213303270801704,1.0,0.0,0.4613207698568905,0.34375,0,0,0,0,0,0,0,0,0,nan,nan,5.546000003814697,1.0,0,0,0,3.045074701309204,0.2723692059516907,1.6309980001329143,1.415694236755371,2.283940315246582,1.875528335571289,0.9409372806549072,0.47615623474121094,0.00010037422180175781,0.0220128509999995,0.07396988799996507,-0.27990000000000004,-0.19216638633419472,-0.19216638633419472,nan,nan,nan,nan,0.09508780934193838,0.6670386009374667,lidar_disabled,1,1,1,1,1,0,1,1,1,cascade_controller_v4,cascade_controller_v4_fast_smooth_true_cascade_pd_1_0,cascade_pd_tracking,follow_main,inner_wheel_pd,True,True,False,"[""cascade_controller_v4""]",False,FOLLOW_MAIN,COMMITTED,UNKNOWN,FOLLOW_MAIN,True,ok,1.0,14.213303270801704,0.0220128509999995,0.07396988799996507,-279.90000000000003,-0.495,0.4613207698568905,0.0,-0.19216638633419472,-192.16638633419473,-0.49347914484210365,-0.19216638633419472,-192.16638633419473,-0.49347914484210365,-0.21751699859464252,-0.14372383999186852,0.72,0.35,0.68,0.3,-0.1383597981606202,-0.07613094950812488,-0.3355658184926305,-0.043117151997560554,0.7713764712238046,0.7713764712238046,0.7713764712238046,0.11,0.11,1.7109050349234374,sharp,1.18,1.0,0.06053515575954254,0.593173718158936,0.8,0.34375,0.11,0.7713764712238046,0.057932088192393184,0.16206791180760682,0.057932088192393184,0.16206791180760682,0.05006270377865937,0.14011291490521738,0.05006270377865937,0.14011291490521738,0.0,0.021954996902389445,0.10287075694441113,-0.022945264391770172,0.00041148302777764453,0.004738318260958598,0.05834357122017083,0.16680623006856543,0.11257490064436813,0.7230843923226306,0.09062500298023224,0.7880434989929199,0.09508780934193838,0.6670386009374667,3.045074701309204,0.2723692059516907,5.546000003814697,lidar_disabled,1.0,False,1795.918335055
1785741703.9334834,10.481314659118652,v4,cascade_controller_v4,cascade_controller_v4_fast_smooth_true_cascade_pd_1_0,cascade_pd_tracking,follow_main,inner_wheel_pd,sharp,,FOLLOW_MAIN,FOLLOW_MAIN,COMMITTED,UNKNOWN,1,1,-11.9,-11.9,-124.02011264932875,-124.02011264932875,-0.085,-0.33400478937443884,-0.33400478937443884,0.013213539711418296,0.0077217878119848005,-0.0892944811075167,0.004624738898996403,-0.22712325677461842,0.00231653634359544,0.72,0.35,0.68,0.3,nan,nan,nan,nan,nan,1.0,1.2961095548431807,-0.03044595452678123,0.30947646263954326,1.18,0.11,0.11,0.10875392246319121,0.11353189608974273,0.12325000017881393,0.3292559995730592,0.3292559995730592,0.8,0.3886209470829116,0.3343273577799899,0.4627702758016229,0.4413043260574341,-0.0097181040890712,0.021465949744188806,0.08376808607190346,0.07799286477291364,0.08367937062969197,0.13623191392809653,0.145744370475585,0.13382847429669045,0.0,-0.009512456547488474,-0.022178860552871642,-0.07767479773965195,-8.871544221148657e-05,-0.002403439631406072,14.149193595425771,1.0,0.0,-1.2189023820383766,0.34375,0,0,0,0,0,0,0,0,0,nan,nan,1.906000018119812,1.0,0,0,0,3.001084327697754,0.5299962759017944,1.6309980001329143,1.863377332687378,8.177757263183594e-05,2.323211669921875,1.388620376586914,0.9238393306732178,0.4477834701538086,0.05129444399995009,0.15117220299998735,-0.0119,-0.12402011264932875,-0.12402011264932875,nan,nan,nan,nan,0.11186861762424932,0.5018630052049728,lidar_disabled,1,1,1,1,1,0,1,1,1,cascade_controller_v4,cascade_controller_v4_fast_smooth_true_cascade_pd_1_0,cascade_pd_tracking,follow_main,inner_wheel_pd,True,True,False,"[""cascade_controller_v4""]",False,FOLLOW_MAIN,COMMITTED,UNKNOWN,FOLLOW_MAIN,True,ok,1.0,14.149193595425771,0.05129444399995009,0.15117220299998735,-11.9,-0.085,-1.2189023820383766,0.0,-0.12402011264932875,-124.02011264932875,-0.33400478937443884,-0.12402011264932875,-124.02011264932875,-0.33400478937443884,0.013213539711418296,0.0077217878119848005,0.72,0.35,0.68,0.3,-0.0892944811075167,0.004624738898996403,-0.22712325677461842,0.00231653634359544,0.3292559995730592,0.3292559995730592,0.3292559995730592,0.11,0.11,1.2961095548431807,sharp,1.18,1.0,-0.03044595452678123,0.30947646263954326,0.8,0.34375,0.11,0.3886209470829116,0.08376808607190346,0.13623191392809653,0.08376808607190346,0.13623191392809653,0.07799286477291364,0.145744370475585,0.07799286477291364,0.145744370475585,0.0,-0.009512456547488474,-0.022178860552871642,-0.07767479773965195,-8.871544221148657e-05,-0.002403439631406072,0.08367937062969197,0.13382847429669045,0.10875392246319121,0.3343273577799899,0.12325000017881393,0.4413043260574341,0.11186861762424932,0.5018630052049728,3.001084327697754,0.5299962759017944,1.906000018119812,lidar_disabled,1.0,False,1798.644453035
1785741704.4652085,11.013039827346802,v4,cascade_controller_v4,cascade_controller_v4_fast_smooth_true_cascade_pd_1_0,cascade_pd_tracking,follow_main,inner_wheel_pd,sharp,,FOLLOW_MAIN,FOLLOW_MAIN,COMMITTED,UNKNOWN,1,1,-11.9,-11.9,-124.02011264932875,-124.02011264932875,-0.085,-0.33400478937443884,-0.33400478937443884,0.013213539711418296,0.0077217878119848005,-0.0892944811075167,0.004624738898996403,-0.22712325677461842,0.00231653634359544,0.72,0.35,0.68,0.3,nan,nan,nan,nan,nan,1.0,1.2961095548431807,-0.03044595452678123,0.30947646263954326,1.18,0.11,0.11,0.10875392246319121,0.11353189608974273,0.12325000017881393,0.3292559995730592,0.3292559995730592,0.8,0.3886209470829116,0.3343273577799899,0.4627702758016229,0.4413043260574341,-0.0097181040890712,0.021465949744188806,0.08376808607190346,0.07799286477291364,0.08367937062969197,0.13623191392809653,0.145744370475585,0.13382847429669045,0.0,-0.009512456547488474,-0.022178860552871642,-0.07767479773965195,-8.871544221148657e-05,-0.002403439631406072,14.149193595425771,1.0,0.0,-1.2189023820383766,0.34375,0,0,0,0,0,0,0,0,0,nan,nan,1.906000018119812,1.0,0,0,0,3.001084327697754,0.5299962759017944,1.6309980001329143,2.3951034545898438,0.5318081378936768,8.58306884765625e-05,1.9203464984893799,1.4555656909942627,0.9795100688934326,0.05129444399995009,0.15117220299998735,-0.0119,-0.12402011264932875,-0.12402011264932875,nan,nan,nan,nan,0.11186861762424932,0.5018630052049728,lidar_disabled,1,1,1,1,1,0,1,1,1,cascade_controller_v4,cascade_controller_v4_fast_smooth_true_cascade_pd_1_0,cascade_pd_tracking,follow_main,inner_wheel_pd,True,True,False,"[""cascade_controller_v4""]",False,FOLLOW_MAIN,COMMITTED,UNKNOWN,FOLLOW_MAIN,True,ok,1.0,14.149193595425771,0.05129444399995009,0.15117220299998735,-11.9,-0.085,-1.2189023820383766,0.0,-0.12402011264932875,-124.02011264932875,-0.33400478937443884,-0.12402011264932875,-124.02011264932875,-0.33400478937443884,0.013213539711418296,0.0077217878119848005,0.72,0.35,0.68,0.3,-0.0892944811075167,0.004624738898996403,-0.22712325677461842,0.00231653634359544,0.3292559995730592,0.3292559995730592,0.3292559995730592,0.11,0.11,1.2961095548431807,sharp,1.18,1.0,-0.03044595452678123,0.30947646263954326,0.8,0.34375,0.11,0.3886209470829116,0.08376808607190346,0.13623191392809653,0.08376808607190346,0.13623191392809653,0.07799286477291364,0.145744370475585,0.07799286477291364,0.145744370475585,0.0,-0.009512456547488474,-0.022178860552871642,-0.07767479773965195,-8.871544221148657e-05,-0.002403439631406072,0.08367937062969197,0.13382847429669045,0.10875392246319121,0.3343273577799899,0.12325000017881393,0.4413043260574341,0.11186861762424932,0.5018630052049728,3.001084327697754,0.5299962759017944,1.906000018119812,lidar_disabled,1.0,False,1798.644453035
1785741704.9239516,11.471782922744751,v4,cascade_controller_v4,cascade_controller_v4_fast_smooth_true_cascade_pd_1_0,cascade_pd_tracking,follow_main,inner_wheel_pd,sharp,,FOLLOW_MAIN,FOLLOW_MAIN,COMMITTED,UNKNOWN,1,1,-11.9,-11.9,-124.02011264932875,-124.02011264932875,-0.085,-0.33400478937443884,-0.33400478937443884,0.013213539711418296,0.0077217878119848005,-0.0892944811075167,0.004624738898996403,-0.22712325677461842,0.00231653634359544,0.72,0.35,0.68,0.3,nan,nan,nan,nan,nan,1.0,1.2961095548431807,-0.03044595452678123,0.30947646263954326,1.18,0.11,0.11,0.10875392246319121,0.11353189608974273,0.12325000017881393,0.3292559995730592,0.3292559995730592,0.8,0.3886209470829116,0.3343273577799899,0.4627702758016229,0.4413043260574341,-0.0097181040890712,0.021465949744188806,0.08376808607190346,0.07799286477291364,0.08367937062969197,0.13623191392809653,0.145744370475585,0.13382847429669045,0.0,-0.009512456547488474,-0.022178860552871642,-0.07767479773965195,-8.871544221148657e-05,-0.002403439631406072,14.149193595425771,1.0,0.0,-1.2189023820383766,0.34375,0,0,0,0,0,0,0,0,0,nan,nan,1.906000018119812,1.0,0,0,0,3.001084327697754,0.5299962759017944,1.6309980001329143,6.771087646484375e-05,0.9905505180358887,0.4588282108306885,2.3790886402130127,1.9143083095550537,1.4382526874542236,0.05129444399995009,0.15117220299998735,-0.0119,-0.12402011264932875,-0.12402011264932875,nan,nan,nan,nan,0.11186861762424932,0.5018630052049728,lidar_disabled,1,1,1,1,1,0,1,1,1,cascade_controller_v4,cascade_controller_v4_fast_smooth_true_cascade_pd_1_0,cascade_pd_tracking,follow_main,inner_wheel_pd,True,True,False,"[""cascade_controller_v4""]",False,FOLLOW_MAIN,COMMITTED,UNKNOWN,FOLLOW_MAIN,True,ok,1.0,14.149193595425771,0.05129444399995009,0.15117220299998735,-11.9,-0.085,-1.2189023820383766,0.0,-0.12402011264932875,-124.02011264932875,-0.33400478937443884,-0.12402011264932875,-124.02011264932875,-0.33400478937443884,0.013213539711418296,0.0077217878119848005,0.72,0.35,0.68,0.3,-0.0892944811075167,0.004624738898996403,-0.22712325677461842,0.00231653634359544,0.3292559995730592,0.3292559995730592,0.3292559995730592,0.11,0.11,1.2961095548431807,sharp,1.18,1.0,-0.03044595452678123,0.30947646263954326,0.8,0.34375,0.11,0.3886209470829116,0.08376808607190346,0.13623191392809653,0.08376808607190346,0.13623191392809653,0.07799286477291364,0.145744370475585,0.07799286477291364,0.145744370475585,0.0,-0.009512456547488474,-0.022178860552871642,-0.07767479773965195,-8.871544221148657e-05,-0.002403439631406072,0.08367937062969197,0.13382847429669045,0.10875392246319121,0.3343273577799899,0.12325000017881393,0.4413043260574341,0.11186861762424932,0.5018630052049728,3.001084327697754,0.5299962759017944,1.906000018119812,lidar_disabled,1.0,False,1798.644453035
1785741705.4377236,11.985555171966553,v4,cascade_controller_v4,cascade_controller_v4_fast_smooth_true_cascade_pd_1_0,cascade_pd_tracking,follow_main,inner_wheel_pd,sharp,,FOLLOW_MAIN,FOLLOW_MAIN,COMMITTED,UNKNOWN,1,1,-11.9,-11.9,-124.02011264932875,-124.02011264932875,-0.085,-0.33400478937443884,-0.33400478937443884,0.013213539711418296,0.0077217878119848005,-0.0892944811075167,0.004624738898996403,-0.22712325677461842,0.00231653634359544,0.72,0.35,0.68,0.3,nan,nan,nan,nan,nan,1.0,1.2961095548431807,-0.03044595452678123,0.30947646263954326,1.18,0.11,0.11,0.10875392246319121,0.2576778942967589,0.12325000017881393,0.3292559995730592,0.3292559995730592,0.8,0.3886209470829116,0.3343273577799899,0.13782996000526979,0.4413043260574341,0.13442789411794498,-0.30347436605216427,0.08376808607190346,0.07799286477291364,0.08367937062969197,0.13623191392809653,0.145744370475585,0.13382847429669045,0.0,-0.009512456547488474,-0.022178860552871642,-0.07767479773965195,-8.871544221148657e-05,-0.002403439631406072,14.149193595425771,1.0,0.0,-1.2189023820383766,0.34375,0,0,0,0,0,0,0,0,0,nan,nan,1.906000018119812,1.0,0,0,0,3.001084327697754,0.5299962759017944,1.6309980001329143,0.513840913772583,1.5043249130249023,0.9726026058197021,8.130073547363281e-05,2.428082227706909,1.9520273208618164,0.05129444399995009,0.15117220299998735,-0.0119,-0.12402011264932875,-0.12402011264932875,nan,nan,nan,nan,0.11186861762424932,0.5018630052049728,lidar_disabled,1,1,1,1,1,0,1,1,1,cascade_controller_v4,cascade_controller_v4_fast_smooth_true_cascade_pd_1_0,cascade_pd_tracking,follow_main,inner_wheel_pd,True,True,False,"[""cascade_controller_v4""]",False,FOLLOW_MAIN,COMMITTED,UNKNOWN,FOLLOW_MAIN,True,ok,1.0,14.149193595425771,0.05129444399995009,0.15117220299998735,-11.9,-0.085,-1.2189023820383766,0.0,-0.12402011264932875,-124.02011264932875,-0.33400478937443884,-0.12402011264932875,-124.02011264932875,-0.33400478937443884,0.013213539711418296,0.0077217878119848005,0.72,0.35,0.68,0.3,-0.0892944811075167,0.004624738898996403,-0.22712325677461842,0.00231653634359544,0.3292559995730592,0.3292559995730592,0.3292559995730592,0.11,0.11,1.2961095548431807,sharp,1.18,1.0,-0.03044595452678123,0.30947646263954326,0.8,0.34375,0.11,0.3886209470829116,0.08376808607190346,0.13623191392809653,0.08376808607190346,0.13623191392809653,0.07799286477291364,0.145744370475585,0.07799286477291364,0.145744370475585,0.0,-0.009512456547488474,-0.022178860552871642,-0.07767479773965195,-8.871544221148657e-05,-0.002403439631406072,0.08367937062969197,0.13382847429669045,0.10875392246319121,0.3343273577799899,0.12325000017881393,0.4413043260574341,0.11186861762424932,0.5018630052049728,3.001084327697754,0.5299962759017944,1.906000018119812,lidar_disabled,1.0,False,1798.644453035
1785741705.9798489,12.527680158615112,v4,cascade_controller_v4,cascade_controller_v4_fast_smooth_true_cascade_pd_1_0,cascade_pd_tracking,follow_main,inner_wheel_pd,sharp,,FOLLOW_MAIN,FOLLOW_MAIN,COMMITTED,UNKNOWN,1,1,-11.9,-11.9,-124.02011264932875,-124.02011264932875,-0.085,-0.33400478937443884,-0.33400478937443884,0.013213539711418296,0.0077217878119848005,-0.0892944811075167,0.004624738898996403,-0.22712325677461842,0.00231653634359544,0.72,0.35,0.68,0.3,nan,nan,nan,nan,nan,1.0,1.2961095548431807,-0.03044595452678123,0.30947646263954326,1.18,0.11,0.11,0.10875392246319121,0.2576778942967589,0.12325000017881393,0.3292559995730592,0.3292559995730592,0.8,0.3886209470829116,0.3343273577799899,0.13782996000526979,0.4413043260574341,0.13442789411794498,-0.30347436605216427,0.08376808607190346,0.07799286477291364,0.08367937062969197,0.13623191392809653,0.145744370475585,0.13382847429669045,0.0,-0.009512456547488474,-0.022178860552871642,-0.07767479773965195,-8.871544221148657e-05,-0.002403439631406072,14.149193595425771,1.0,0.0,-1.2189023820383766,0.34375,0,0,0,0,0,0,0,0,0,nan,nan,1.906000018119812,1.0,0,0,0,3.001084327697754,0.5299962759017944,2.5713545883852054,1.0559649467468262,2.04644775390625,1.5147254467010498,0.5422043800354004,7.224082946777344e-05,2.4941492080688477,0.05129444399995009,0.15117220299998735,-0.0119,-0.12402011264932875,-0.12402011264932875,nan,nan,nan,nan,0.11186861762424932,0.5018630052049728,lidar_disabled,1,1,1,1,1,0,1,1,1,cascade_controller_v4,cascade_controller_v4_fast_smooth_true_cascade_pd_1_0,cascade_pd_tracking,follow_main,inner_wheel_pd,True,True,False,"[""cascade_controller_v4""]",False,FOLLOW_MAIN,COMMITTED,UNKNOWN,FOLLOW_MAIN,True,ok,1.0,14.149193595425771,0.05129444399995009,0.15117220299998735,-11.9,-0.085,-1.2189023820383766,0.0,-0.12402011264932875,-124.02011264932875,-0.33400478937443884,-0.12402011264932875,-124.02011264932875,-0.33400478937443884,0.013213539711418296,0.0077217878119848005,0.72,0.35,0.68,0.3,-0.0892944811075167,0.004624738898996403,-0.22712325677461842,0.00231653634359544,0.3292559995730592,0.3292559995730592,0.3292559995730592,0.11,0.11,1.2961095548431807,sharp,1.18,1.0,-0.03044595452678123,0.30947646263954326,0.8,0.34375,0.11,0.3886209470829116,0.08376808607190346,0.13623191392809653,0.08376808607190346,0.13623191392809653,0.07799286477291364,0.145744370475585,0.07799286477291364,0.145744370475585,0.0,-0.009512456547488474,-0.022178860552871642,-0.07767479773965195,-8.871544221148657e-05,-0.002403439631406072,0.08367937062969197,0.13382847429669045,0.10875392246319121,0.3343273577799899,0.12325000017881393,0.4413043260574341,0.11186861762424932,0.5018630052049728,3.001084327697754,0.5299962759017944,1.906000018119812,lidar_disabled,1.0,False,1798.644453035
1785741706.4463465,12.99417781829834,v4,cascade_controller_v4,cascade_controller_v4_fast_smooth_true_cascade_pd_1_0,cascade_pd_tracking,follow_main,inner_wheel_pd,sharp,,FOLLOW_MAIN,FOLLOW_MAIN,COMMITTED,UNKNOWN,1,1,-11.9,-11.9,-124.02011264932875,-124.02011264932875,-0.085,-0.33400478937443884,-0.33400478937443884,0.013213539711418296,0.0077217878119848005,-0.0892944811075167,0.004624738898996403,-0.22712325677461842,0.00231653634359544,0.72,0.35,0.68,0.3,nan,nan,nan,nan,nan,1.0,1.2961095548431807,-0.03044595452678123,0.30947646263954326,1.18,0.11,0.11,0.10875392246319121,0.2576778942967589,0.12325000017881393,0.3292559995730592,0.3292559995730592,0.8,0.3886209470829116,0.3343273577799899,0.13782996000526979,0.4413043260574341,0.13442789411794498,-0.30347436605216427,0.08376808607190346,0.07799286477291364,0.08367937062969197,0.13623191392809653,0.145744370475585,0.13382847429669045,0.0,-0.009512456547488474,-0.022178860552871642,-0.07767479773965195,-8.871544221148657e-05,-0.002403439631406072,14.149193595425771,1.0,0.0,-1.2189023820383766,0.34375,0,0,0,0,0,0,0,0,0,nan,nan,1.906000018119812,1.0,0,0,0,3.001084327697754,0.5299962759017944,2.5713545883852054,1.522463083267212,2.5129458904266357,1.9812235832214355,1.008702278137207,0.4665701389312744,7.462501525878906e-05,0.05129444399995009,0.15117220299998735,-0.0119,-0.12402011264932875,-0.12402011264932875,nan,nan,nan,nan,0.11186861762424932,0.5018630052049728,lidar_disabled,1,1,1,1,1,0,1,1,1,cascade_controller_v4,cascade_controller_v4_fast_smooth_true_cascade_pd_1_0,cascade_pd_tracking,follow_main,inner_wheel_pd,True,True,False,"[""cascade_controller_v4""]",False,FOLLOW_MAIN,COMMITTED,UNKNOWN,FOLLOW_MAIN,True,ok,1.0,14.149193595425771,0.05129444399995009,0.15117220299998735,-11.9,-0.085,-1.2189023820383766,0.0,-0.12402011264932875,-124.02011264932875,-0.33400478937443884,-0.12402011264932875,-124.02011264932875,-0.33400478937443884,0.013213539711418296,0.0077217878119848005,0.72,0.35,0.68,0.3,-0.0892944811075167,0.004624738898996403,-0.22712325677461842,0.00231653634359544,0.3292559995730592,0.3292559995730592,0.3292559995730592,0.11,0.11,1.2961095548431807,sharp,1.18,1.0,-0.03044595452678123,0.30947646263954326,0.8,0.34375,0.11,0.3886209470829116,0.08376808607190346,0.13623191392809653,0.08376808607190346,0.13623191392809653,0.07799286477291364,0.145744370475585,0.07799286477291364,0.145744370475585,0.0,-0.009512456547488474,-0.022178860552871642,-0.07767479773965195,-8.871544221148657e-05,-0.002403439631406072,0.08367937062969197,0.13382847429669045,0.10875392246319121,0.3343273577799899,0.12325000017881393,0.4413043260574341,0.11186861762424932,0.5018630052049728,3.001084327697754,0.5299962759017944,1.906000018119812,lidar_disabled,1.0,False,1798.644453035
1785741706.87691,13.424741506576538,v4,cascade_controller_v4,cascade_controller_v4_fast_smooth_true_cascade_pd_1_0,cascade_pd_tracking,follow_main,inner_wheel_pd,straight,,FOLLOW_MAIN,FOLLOW_MAIN,COMMITTED,HOLD,1,1,-1.2000000000000002,-1.2000000000000002,-0.36676405596313855,0.0,-0.008,-0.002810130550682874,0.0,0.00023365367183774376,-0.0024527349984092674,0.0,8.177878514321031e-05,0.0,-0.0007358204995227802,0.72,0.35,0.68,0.3,nan,nan,nan,nan,nan,1.0,0.11746266517206626,-0.04423824214450427,0.0006540417143795699,0.9,0.24169155655195582,0.24169155655195582,0.25101991777849547,0.2576778942967589,0.18849998712539673,-0.039225780387112226,-0.039225780387112226,0.22,-0.039225780387112226,-0.02961867630409953,0.13782996000526979,-0.18913039565086365,0.06917790717136219,0.32696035565613346,0.24433929672808588,0.2088108974486283,0.25324131850130294,0.23904381637582575,0.20154655466611165,0.248798517055688,0.035528399279457584,0.0374972617097141,0.2714434829340923,0.37632577593128635,0.008902021773217037,0.009754700679862248,13.802766649326667,1.0,0.0,-0.3458309130590192,0.7552861142248619,0,0,0,0,0,0,0,0,0,nan,nan,2.1600000858306885,1.0,0,0,0,2.6041324138641357,0.7717489004135132,2.5713545883852054,1.953026294708252,0.00010538101196289062,2.411787748336792,1.4392664432525635,0.89713454246521,0.43063902854919434,0.014514555999994627,0.018158278000100836,-0.0012000000000000001,-0.00036676405596313853,0.0,nan,nan,nan,nan,0.20517872605736998,-0.05380994653716036,lidar_disabled,1,1,1,1,2,0,1,1,2,cascade_controller_v4,cascade_controller_v4_fast_smooth_true_cascade_pd_1_0,cascade_pd_tracking,follow_main,inner_wheel_pd,True,True,False,"[""cascade_controller_v4""]",False,FOLLOW_MAIN,COMMITTED,HOLD,FOLLOW_MAIN,True,ok,1.0,13.802766649326667,0.014514555999994627,0.018158278000100836,-1.2000000000000002,-0.008,-0.3458309130590192,0.0,-0.00036676405596313853,-0.36676405596313855,-0.002810130550682874,0.0,0.0,0.0,0.00023365367183774376,-0.0024527349984092674,0.72,0.35,0.68,0.3,0.0,8.177878514321031e-05,0.0,-0.0007358204995227802,-0.039225780387112226,-0.039225780387112226,-0.039225780387112226,0.24169155655195582,0.24169155655195582,0.11746266517206626,straight,0.9,1.0,-0.04423824214450427,0.0006540417143795699,0.22,0.7552861142248619,0.24169155655195582,-0.039225780387112226,0.24433929672808588,0.23904381637582575,0.24433929672808588,0.23904381637582575,0.2088108974486283,0.20154655466611165,0.2088108974486283,0.20154655466611165,0.035528399279457584,0.0374972617097141,0.2714434829340923,0.37632577593128635,0.008902021773217037,0.009754700679862248,0.25324131850130294,0.248798517055688,0.25101991777849547,-0.02961867630409953,0.18849998712539673,-0.18913039565086365,0.20517872605736998,-0.05380994653716036,2.6041324138641357,0.7717489004135132,2.1600000858306885,lidar_disabled,1.0,False,1801.140946682
1785741707.3320014,13.879832744598389,v4,cascade_controller_v4,cascade_controller_v4_fast_smooth_true_cascade_pd_1_0,cascade_pd_tracking,follow_main,inner_wheel_pd,straight,,FOLLOW_MAIN,FOLLOW_MAIN,COMMITTED,HOLD,1,1,-1.2000000000000002,-1.2000000000000002,-0.36676405596313855,0.0,-0.008,-0.002810130550682874,0.0,0.00023365367183774376,-0.0024527349984092674,0.0,8.177878514321031e-05,0.0,-0.0007358204995227802,0.72,0.35,0.68,0.3,nan,nan,nan,nan,nan,1.0,0.11746266517206626,-0.04423824214450427,0.0006540417143795699,0.9,0.24169155655195582,0.24169155655195582,0.25101991777849547,0.2576778942967589,0.18849998712539673,-0.039225780387112226,-0.039225780387112226,0.22,-0.039225780387112226,-0.02961867630409953,0.13782996000526979,-0.18913039565086365,0.06917790717136219,0.32696035565613346,0.24433929672808588,0.2088108974486283,0.25324131850130294,0.23904381637582575,0.20154655466611165,0.248798517055688,0.035528399279457584,0.0374972617097141,0.2714434829340923,0.37632577593128635,0.008902021773217037,0.009754700679862248,13.802766649326667,1.0,0.0,-0.3458309130590192,0.7552861142248619,0,0,0,0,0,0,0,0,0,nan,nan,2.1600000858306885,1.0,0,0,0,2.6041324138641357,0.7717489004135132,2.5713545883852054,2.4081175327301025,0.4551963806152344,7.152557373046875e-05,1.8943569660186768,1.3522248268127441,0.8857295513153076,0.014514555999994627,0.018158278000100836,-0.0012000000000000001,-0.00036676405596313853,0.0,nan,nan,nan,nan,0.20517872605736998,-0.05380994653716036,lidar_disabled,1,1,1,1,2,0,1,1,2,cascade_controller_v4,cascade_controller_v4_fast_smooth_true_cascade_pd_1_0,cascade_pd_tracking,follow_main,inner_wheel_pd,True,True,False,"[""cascade_controller_v4""]",False,FOLLOW_MAIN,COMMITTED,HOLD,FOLLOW_MAIN,True,ok,1.0,13.802766649326667,0.014514555999994627,0.018158278000100836,-1.2000000000000002,-0.008,-0.3458309130590192,0.0,-0.00036676405596313853,-0.36676405596313855,-0.002810130550682874,0.0,0.0,0.0,0.00023365367183774376,-0.0024527349984092674,0.72,0.35,0.68,0.3,0.0,8.177878514321031e-05,0.0,-0.0007358204995227802,-0.039225780387112226,-0.039225780387112226,-0.039225780387112226,0.24169155655195582,0.24169155655195582,0.11746266517206626,straight,0.9,1.0,-0.04423824214450427,0.0006540417143795699,0.22,0.7552861142248619,0.24169155655195582,-0.039225780387112226,0.24433929672808588,0.23904381637582575,0.24433929672808588,0.23904381637582575,0.2088108974486283,0.20154655466611165,0.2088108974486283,0.20154655466611165,0.035528399279457584,0.0374972617097141,0.2714434829340923,0.37632577593128635,0.008902021773217037,0.009754700679862248,0.25324131850130294,0.248798517055688,0.25101991777849547,-0.02961867630409953,0.18849998712539673,-0.18913039565086365,0.20517872605736998,-0.05380994653716036,2.6041324138641357,0.7717489004135132,2.1600000858306885,lidar_disabled,1.0,False,1801.140946682
1785741707.7532544,14.301085948944092,v4,cascade_controller_v4,cascade_controller_v4_fast_smooth_true_cascade_pd_1_0,cascade_pd_tracking,follow_main,inner_wheel_pd,straight,,FOLLOW_MAIN,FOLLOW_MAIN,COMMITTED,HOLD,1,1,-1.2000000000000002,-1.2000000000000002,-0.36676405596313855,0.0,-0.008,-0.002810130550682874,0.0,0.00023365367183774376,-0.0024527349984092674,0.0,8.177878514321031e-05,0.0,-0.0007358204995227802,0.72,0.35,0.68,0.3,nan,nan,nan,nan,nan,1.0,0.11746266517206626,-0.04423824214450427,0.0006540417143795699,0.9,0.24169155655195582,0.24169155655195582,0.25101991777849547,0.2576778942967589,0.18849998712539673,-0.039225780387112226,-0.039225780387112226,0.22,-0.039225780387112226,-0.02961867630409953,0.13782996000526979,-0.18913039565086365,0.06917790717136219,0.32696035565613346,0.24433929672808588,0.2088108974486283,0.25324131850130294,0.23904381637582575,0.20154655466611165,0.248798517055688,0.035528399279457584,0.0374972617097141,0.2714434829340923,0.37632577593128635,0.008902021773217037,0.009754700679862248,13.802766649326667,1.0,0.0,-0.3458309130590192,0.7552861142248619,0,0,0,0,0,0,0,0,0,nan,nan,2.1600000858306885,1.0,0,0,0,2.6041324138641357,0.7717489004135132,2.5713545883852054,9.250640869140625e-05,0.8764510154724121,0.4213268756866455,2.315612316131592,1.7734804153442383,1.306985855102539,0.014514555999994627,0.018158278000100836,-0.0012000000000000001,-0.00036676405596313853,0.0,nan,nan,nan,nan,0.20517872605736998,-0.05380994653716036,lidar_disabled,1,1,1,1,2,0,1,1,2,cascade_controller_v4,cascade_controller_v4_fast_smooth_true_cascade_pd_1_0,cascade_pd_tracking,follow_main,inner_wheel_pd,True,True,False,"[""cascade_controller_v4""]",False,FOLLOW_MAIN,COMMITTED,HOLD,FOLLOW_MAIN,True,ok,1.0,13.802766649326667,0.014514555999994627,0.018158278000100836,-1.2000000000000002,-0.008,-0.3458309130590192,0.0,-0.00036676405596313853,-0.36676405596313855,-0.002810130550682874,0.0,0.0,0.0,0.00023365367183774376,-0.0024527349984092674,0.72,0.35,0.68,0.3,0.0,8.177878514321031e-05,0.0,-0.0007358204995227802,-0.039225780387112226,-0.039225780387112226,-0.039225780387112226,0.24169155655195582,0.24169155655195582,0.11746266517206626,straight,0.9,1.0,-0.04423824214450427,0.0006540417143795699,0.22,0.7552861142248619,0.24169155655195582,-0.039225780387112226,0.24433929672808588,0.23904381637582575,0.24433929672808588,0.23904381637582575,0.2088108974486283,0.20154655466611165,0.2088108974486283,0.20154655466611165,0.035528399279457584,0.0374972617097141,0.2714434829340923,0.37632577593128635,0.008902021773217037,0.009754700679862248,0.25324131850130294,0.248798517055688,0.25101991777849547,-0.02961867630409953,0.18849998712539673,-0.18913039565086365,0.20517872605736998,-0.05380994653716036,2.6041324138641357,0.7717489004135132,2.1600000858306885,lidar_disabled,1.0,False,1801.140946682
1785741708.1817927,14.729624032974243,v4,cascade_controller_v4,cascade_controller_v4_fast_smooth_true_cascade_pd_1_0,cascade_pd_tracking,follow_main,inner_wheel_pd,straight,,FOLLOW_MAIN,FOLLOW_MAIN,COMMITTED,HOLD,1,1,-1.2000000000000002,-1.2000000000000002,-0.36676405596313855,0.0,-0.008,-0.002810130550682874,0.0,0.00023365367183774376,-0.0024527349984092674,0.0,8.177878514321031e-05,0.0,-0.0007358204995227802,0.72,0.35,0.68,0.3,nan,nan,nan,nan,nan,1.0,0.11746266517206626,-0.04423824214450427,0.0006540417143795699,0.9,0.24169155655195582,0.24169155655195582,0.25101991777849547,0.0,0.18849998712539673,-0.039225780387112226,-0.039225780387112226,0.22,-0.039225780387112226,-0.02961867630409953,0.0,-0.18913039565086365,-0.18849998712539673,0.18913039565086365,0.24433929672808588,0.2088108974486283,0.25324131850130294,0.23904381637582575,0.20154655466611165,0.248798517055688,0.035528399279457584,0.0374972617097141,0.2714434829340923,0.37632577593128635,0.008902021773217037,0.009754700679862248,13.802766649326667,1.0,0.0,-0.3458309130590192,0.7552861142248619,0,0,0,0,0,0,0,0,0,nan,nan,2.1600000858306885,1.0,0,0,0,2.6041324138641357,0.7717489004135132,2.5713545883852054,0.42862915992736816,1.3049876689910889,0.8498635292053223,7.128715515136719e-05,2.2020163536071777,1.735520839691162,0.014514555999994627,0.018158278000100836,-0.0012000000000000001,-0.00036676405596313853,0.0,nan,nan,nan,nan,0.20517872605736998,-0.05380994653716036,lidar_disabled,1,1,1,1,2,0,1,1,2,cascade_controller_v4,cascade_controller_v4_fast_smooth_true_cascade_pd_1_0,cascade_pd_tracking,follow_main,inner_wheel_pd,True,True,False,"[""cascade_controller_v4""]",False,FOLLOW_MAIN,COMMITTED,HOLD,FOLLOW_MAIN,True,ok,1.0,13.802766649326667,0.014514555999994627,0.018158278000100836,-1.2000000000000002,-0.008,-0.3458309130590192,0.0,-0.00036676405596313853,-0.36676405596313855,-0.002810130550682874,0.0,0.0,0.0,0.00023365367183774376,-0.0024527349984092674,0.72,0.35,0.68,0.3,0.0,8.177878514321031e-05,0.0,-0.0007358204995227802,-0.039225780387112226,-0.039225780387112226,-0.039225780387112226,0.24169155655195582,0.24169155655195582,0.11746266517206626,straight,0.9,1.0,-0.04423824214450427,0.0006540417143795699,0.22,0.7552861142248619,0.24169155655195582,-0.039225780387112226,0.24433929672808588,0.23904381637582575,0.24433929672808588,0.23904381637582575,0.2088108974486283,0.20154655466611165,0.2088108974486283,0.20154655466611165,0.035528399279457584,0.0374972617097141,0.2714434829340923,0.37632577593128635,0.008902021773217037,0.009754700679862248,0.25324131850130294,0.248798517055688,0.25101991777849547,-0.02961867630409953,0.18849998712539673,-0.18913039565086365,0.20517872605736998,-0.05380994653716036,2.6041324138641357,0.7717489004135132,2.1600000858306885,lidar_disabled,1.0,False,1801.140946682
1785741708.5900667,15.137897968292236,v4,cascade_controller_v4,cascade_controller_v4_fast_smooth_true_cascade_pd_1_0,cascade_pd_tracking,follow_main,inner_wheel_pd,straight,,FOLLOW_MAIN,FOLLOW_MAIN,COMMITTED,HOLD,1,1,-1.2000000000000002,-1.2000000000000002,-0.36676405596313855,0.0,-0.008,-0.002810130550682874,0.0,0.00023365367183774376,-0.0024527349984092674,0.0,8.177878514321031e-05,0.0,-0.0007358204995227802,0.72,0.35,0.68,0.3,nan,nan,nan,nan,nan,1.0,0.11746266517206626,-0.04423824214450427,0.0006540417143795699,0.9,0.24169155655195582,0.24169155655195582,0.25101991777849547,0.0,0.18849998712539673,-0.039225780387112226,-0.039225780387112226,0.22,-0.039225780387112226,-0.02961867630409953,0.0,-0.18913039565086365,-0.18849998712539673,0.18913039565086365,0.24433929672808588,0.2088108974486283,0.25324131850130294,0.23904381637582575,0.20154655466611165,0.248798517055688,0.035528399279457584,0.0374972617097141,0.2714434829340923,0.37632577593128635,0.008902021773217037,0.009754700679862248,13.802766649326667,1.0,0.0,-0.3458309130590192,0.7552861142248619,0,0,0,0,0,0,0,0,0,nan,nan,2.1600000858306885,1.0,0,0,0,2.6041324138641357,0.7717489004135132,2.4097738648202642,0.8369033336639404,1.713261604309082,1.2581369876861572,0.40834498405456543,6.747245788574219e-05,2.143794298171997,0.014514555999994627,0.018158278000100836,-0.0012000000000000001,-0.00036676405596313853,0.0,nan,nan,nan,nan,0.20517872605736998,-0.05380994653716036,lidar_disabled,1,1,1,1,2,0,1,1,2,cascade_controller_v4,cascade_controller_v4_fast_smooth_true_cascade_pd_1_0,cascade_pd_tracking,follow_main,inner_wheel_pd,True,True,False,"[""cascade_controller_v4""]",False,FOLLOW_MAIN,COMMITTED,HOLD,FOLLOW_MAIN,True,ok,1.0,13.802766649326667,0.014514555999994627,0.018158278000100836,-1.2000000000000002,-0.008,-0.3458309130590192,0.0,-0.00036676405596313853,-0.36676405596313855,-0.002810130550682874,0.0,0.0,0.0,0.00023365367183774376,-0.0024527349984092674,0.72,0.35,0.68,0.3,0.0,8.177878514321031e-05,0.0,-0.0007358204995227802,-0.039225780387112226,-0.039225780387112226,-0.039225780387112226,0.24169155655195582,0.24169155655195582,0.11746266517206626,straight,0.9,1.0,-0.04423824214450427,0.0006540417143795699,0.22,0.7552861142248619,0.24169155655195582,-0.039225780387112226,0.24433929672808588,0.23904381637582575,0.24433929672808588,0.23904381637582575,0.2088108974486283,0.20154655466611165,0.2088108974486283,0.20154655466611165,0.035528399279457584,0.0374972617097141,0.2714434829340923,0.37632577593128635,0.008902021773217037,0.009754700679862248,0.25324131850130294,0.248798517055688,0.25101991777849547,-0.02961867630409953,0.18849998712539673,-0.18913039565086365,0.20517872605736998,-0.05380994653716036,2.6041324138641357,0.7717489004135132,2.1600000858306885,lidar_disabled,1.0,False,1801.140946682
1785741708.9878376,15.535668849945068,v4,cascade_controller_v4,cascade_controller_v4_fast_smooth_true_cascade_pd_1_0,cascade_pd_tracking,follow_main,inner_wheel_pd,straight,,FOLLOW_MAIN,FOLLOW_MAIN,COMMITTED,HOLD,1,1,-1.2000000000000002,-1.2000000000000002,-0.36676405596313855,0.0,-0.008,-0.002810130550682874,0.0,0.00023365367183774376,-0.0024527349984092674,0.0,8.177878514321031e-05,0.0,-0.0007358204995227802,0.72,0.35,0.68,0.3,nan,nan,nan,nan,nan,1.0,0.11746266517206626,-0.04423824214450427,0.0006540417143795699,0.9,0.24169155655195582,0.24169155655195582,0.25101991777849547,0.0,0.18849998712539673,-0.039225780387112226,-0.039225780387112226,0.22,-0.039225780387112226,-0.02961867630409953,0.0,-0.18913039565086365,-0.18849998712539673,0.18913039565086365,0.24433929672808588,0.2088108974486283,0.25324131850130294,0.23904381637582575,0.20154655466611165,0.248798517055688,0.035528399279457584,0.0374972617097141,0.2714434829340923,0.37632577593128635,0.008902021773217037,0.009754700679862248,13.802766649326667,1.0,0.0,-0.3458309130590192,0.7552861142248619,0,0,0,0,0,0,0,0,0,nan,nan,2.1600000858306885,1.0,0,0,0,2.6041324138641357,0.7717489004135132,2.4097738648202642,1.2346737384796143,2.111032247543335,1.6559083461761475,0.8061165809631348,0.3978390693664551,7.486343383789062e-05,0.014514555999994627,0.018158278000100836,-0.0012000000000000001,-0.00036676405596313853,0.0,nan,nan,nan,nan,0.20517872605736998,-0.05380994653716036,lidar_disabled,1,1,1,1,2,0,1,1,2,cascade_controller_v4,cascade_controller_v4_fast_smooth_true_cascade_pd_1_0,cascade_pd_tracking,follow_main,inner_wheel_pd,True,True,False,"[""cascade_controller_v4""]",False,FOLLOW_MAIN,COMMITTED,HOLD,FOLLOW_MAIN,True,ok,1.0,13.802766649326667,0.014514555999994627,0.018158278000100836,-1.2000000000000002,-0.008,-0.3458309130590192,0.0,-0.00036676405596313853,-0.36676405596313855,-0.002810130550682874,0.0,0.0,0.0,0.00023365367183774376,-0.0024527349984092674,0.72,0.35,0.68,0.3,0.0,8.177878514321031e-05,0.0,-0.0007358204995227802,-0.039225780387112226,-0.039225780387112226,-0.039225780387112226,0.24169155655195582,0.24169155655195582,0.11746266517206626,straight,0.9,1.0,-0.04423824214450427,0.0006540417143795699,0.22,0.7552861142248619,0.24169155655195582,-0.039225780387112226,0.24433929672808588,0.23904381637582575,0.24433929672808588,0.23904381637582575,0.2088108974486283,0.20154655466611165,0.2088108974486283,0.20154655466611165,0.035528399279457584,0.0374972617097141,0.2714434829340923,0.37632577593128635,0.008902021773217037,0.009754700679862248,0.25324131850130294,0.248798517055688,0.25101991777849547,-0.02961867630409953,0.18849998712539673,-0.18913039565086365,0.20517872605736998,-0.05380994653716036,2.6041324138641357,0.7717489004135132,2.1600000858306885,lidar_disabled,1.0,False,1801.140946682
1785741709.3999312,15.947762489318848,v4,cascade_controller_v4,cascade_controller_v4_fast_smooth_true_cascade_pd_1_0,cascade_pd_tracking,follow_main,inner_wheel_pd,straight,,FOLLOW_MAIN,FOLLOW_MAIN,COMMITTED,HOLD,1,1,-0.30000000000000004,-0.30000000000000004,-0.5549163229001047,0.0,-0.002,-0.004107083306729559,0.0,5.7096826306987645e-06,-5.9936307903816725e-05,0.0,1.9983889207445676e-06,0.0,-1.7980892371145017e-05,0.72,0.35,0.68,0.3,nan,nan,nan,nan,nan,1.0,0.08171166901111832,-0.28168711384227896,1.598250345040045e-05,0.9,0.2655255539925878,0.2655255539925878,0.2611867055151573,0.0,0.2900000214576721,-0.22,-0.22,0.22,-0.22,-0.2008260411971152,0.0,-0.25217390060424805,-0.2900000214576721,0.25217390060424805,0.2803755539925878,0.29745147735686517,0.27624865860494097,0.25067555399258784,0.2702561938726231,0.24612475242537368,-0.01707592336427738,-0.019580639880035278,-0.09254806187644622,-0.0607651984015999,-0.004126895387646808,-0.004550801567214161,16.009460355065684,1.0,0.0,-0.8155230135315035,0.829767356226837,0,0,0,0,0,0,0,0,0,nan,nan,2.0999999046325684,1.0,0,0,0,2.3736443519592285,0.9258019924163818,2.4097738648202642,1.6467676162719727,9.489059448242188e-05,2.0680017471313477,1.2182097434997559,0.8099324703216553,0.4121689796447754,0.018966443999943294,0.07352379600001768,-0.00030000000000000003,-0.0005549163229001047,0.0,nan,nan,nan,nan,0.28385383561474414,-0.20144654432771888,lidar_disabled,1,1,1,1,2,0,1,1,2,cascade_controller_v4,cascade_controller_v4_fast_smooth_true_cascade_pd_1_0,cascade_pd_tracking,follow_main,inner_wheel_pd,True,True,False,"[""cascade_controller_v4""]",False,FOLLOW_MAIN,COMMITTED,HOLD,FOLLOW_MAIN,True,ok,1.0,16.009460355065684,0.018966443999943294,0.07352379600001768,-0.30000000000000004,-0.002,-0.8155230135315035,0.0,-0.0005549163229001047,-0.5549163229001047,-0.004107083306729559,0.0,0.0,0.0,5.7096826306987645e-06,-5.9936307903816725e-05,0.72,0.35,0.68,0.3,0.0,1.9983889207445676e-06,0.0,-1.7980892371145017e-05,-0.22,-0.22,-0.22,0.2655255539925878,0.2655255539925878,0.08171166901111832,straight,0.9,1.0,-0.28168711384227896,1.598250345040045e-05,0.22,0.829767356226837,0.2655255539925878,-0.22,0.2803755539925878,0.25067555399258784,0.2803755539925878,0.25067555399258784,0.29745147735686517,0.2702561938726231,0.29745147735686517,0.2702561938726231,-0.01707592336427738,-0.019580639880035278,-0.09254806187644622,-0.0607651984015999,-0.004126895387646808,-0.004550801567214161,0.27624865860494097,0.24612475242537368,0.2611867055151573,-0.2008260411971152,0.2900000214576721,-0.25217390060424805,0.28385383561474414,-0.20144654432771888,2.3736443519592285,0.9258019924163818,2.0999999046325684,lidar_disabled,1.0,False,1802.258901533
1785741709.8205118,16.368343114852905,v4,cascade_controller_v4,cascade_controller_v4_fast_smooth_true_cascade_pd_1_0,cascade_pd_tracking,follow_main,inner_wheel_pd,straight,,FOLLOW_MAIN,FOLLOW_MAIN,COMMITTED,HOLD,1,1,-0.30000000000000004,-0.30000000000000004,-0.5549163229001047,0.0,-0.002,-0.004107083306729559,0.0,5.7096826306987645e-06,-5.9936307903816725e-05,0.0,1.9983889207445676e-06,0.0,-1.7980892371145017e-05,0.72,0.35,0.68,0.3,nan,nan,nan,nan,nan,1.0,0.08171166901111832,-0.28168711384227896,1.598250345040045e-05,0.9,0.2655255539925878,0.2655255539925878,0.2611867055151573,0.0,0.2900000214576721,-0.22,-0.22,0.22,-0.22,-0.2008260411971152,0.0,-0.25217390060424805,-0.2900000214576721,0.25217390060424805,0.2803755539925878,0.29745147735686517,0.27624865860494097,0.25067555399258784,0.2702561938726231,0.24612475242537368,-0.01707592336427738,-0.019580639880035278,-0.09254806187644622,-0.0607651984015999,-0.004126895387646808,-0.004550801567214161,16.009460355065684,1.0,0.0,-0.8155230135315035,0.829767356226837,0,0,0,0,0,0,0,0,0,nan,nan,2.0999999046325684,1.0,0,0,0,2.3736443519592285,0.9258019924163818,2.4097738648202642,2.0673484802246094,0.42067599296569824,0.00013756752014160156,1.6387906074523926,1.230513334274292,0.8327493667602539,0.018966443999943294,0.07352379600001768,-0.00030000000000000003,-0.0005549163229001047,0.0,nan,nan,nan,nan,0.28385383561474414,-0.20144654432771888,lidar_disabled,1,1,1,1,2,0,1,1,2,cascade_controller_v4,cascade_controller_v4_fast_smooth_true_cascade_pd_1_0,cascade_pd_tracking,follow_main,inner_wheel_pd,True,True,False,"[""cascade_controller_v4""]",False,FOLLOW_MAIN,COMMITTED,HOLD,FOLLOW_MAIN,True,ok,1.0,16.009460355065684,0.018966443999943294,0.07352379600001768,-0.30000000000000004,-0.002,-0.8155230135315035,0.0,-0.0005549163229001047,-0.5549163229001047,-0.004107083306729559,0.0,0.0,0.0,5.7096826306987645e-06,-5.9936307903816725e-05,0.72,0.35,0.68,0.3,0.0,1.9983889207445676e-06,0.0,-1.7980892371145017e-05,-0.22,-0.22,-0.22,0.2655255539925878,0.2655255539925878,0.08171166901111832,straight,0.9,1.0,-0.28168711384227896,1.598250345040045e-05,0.22,0.829767356226837,0.2655255539925878,-0.22,0.2803755539925878,0.25067555399258784,0.2803755539925878,0.25067555399258784,0.29745147735686517,0.2702561938726231,0.29745147735686517,0.2702561938726231,-0.01707592336427738,-0.019580639880035278,-0.09254806187644622,-0.0607651984015999,-0.004126895387646808,-0.004550801567214161,0.27624865860494097,0.24612475242537368,0.2611867055151573,-0.2008260411971152,0.2900000214576721,-0.25217390060424805,0.28385383561474414,-0.20144654432771888,2.3736443519592285,0.9258019924163818,2.0999999046325684,lidar_disabled,1.0,False,1802.258901533
1785741710.2292745,16.777106046676636,v4,cascade_controller_v4,cascade_controller_v4_fast_smooth_true_cascade_pd_1_0,cascade_pd_tracking,follow_main,inner_wheel_pd,straight,,FOLLOW_MAIN,FOLLOW_MAIN,COMMITTED,HOLD,1,1,-0.30000000000000004,-0.30000000000000004,-0.5549163229001047,0.0,-0.002,-0.004107083306729559,0.0,5.7096826306987645e-06,-5.9936307903816725e-05,0.0,1.9983889207445676e-06,0.0,-1.7980892371145017e-05,0.72,0.35,0.68,0.3,nan,nan,nan,nan,nan,1.0,0.08171166901111832,-0.28168711384227896,1.598250345040045e-05,0.9,0.2655255539925878,0.2655255539925878,0.2611867055151573,0.0,0.2900000214576721,-0.22,-0.22,0.22,-0.22,-0.2008260411971152,0.0,-0.25217390060424805,-0.2900000214576721,0.25217390060424805,0.2803755539925878,0.29745147735686517,0.27624865860494097,0.25067555399258784,0.2702561938726231,0.24612475242537368,-0.01707592336427738,-0.019580639880035278,-0.09254806187644622,-0.0607651984015999,-0.004126895387646808,-0.004550801567214161,16.009460355065684,1.0,0.0,-0.8155230135315035,0.829767356226837,0,0,0,0,0,0,0,0,0,nan,nan,2.0999999046325684,1.0,0,0,0,2.3736443519592285,0.9258019924163818,2.4097738648202642,6.222724914550781e-05,0.8294377326965332,0.40889978408813477,2.047553062438965,1.6392755508422852,1.241511583328247,0.018966443999943294,0.07352379600001768,-0.00030000000000000003,-0.0005549163229001047,0.0,nan,nan,nan,nan,0.28385383561474414,-0.20144654432771888,lidar_disabled,1,1,1,1,2,0,1,1,2,cascade_controller_v4,cascade_controller_v4_fast_smooth_true_cascade_pd_1_0,cascade_pd_tracking,follow_main,inner_wheel_pd,True,True,False,"[""cascade_controller_v4""]",False,FOLLOW_MAIN,COMMITTED,HOLD,FOLLOW_MAIN,True,ok,1.0,16.009460355065684,0.018966443999943294,0.07352379600001768,-0.30000000000000004,-0.002,-0.8155230135315035,0.0,-0.0005549163229001047,-0.5549163229001047,-0.004107083306729559,0.0,0.0,0.0,5.7096826306987645e-06,-5.9936307903816725e-05,0.72,0.35,0.68,0.3,0.0,1.9983889207445676e-06,0.0,-1.7980892371145017e-05,-0.22,-0.22,-0.22,0.2655255539925878,0.2655255539925878,0.08171166901111832,straight,0.9,1.0,-0.28168711384227896,1.598250345040045e-05,0.22,0.829767356226837,0.2655255539925878,-0.22,0.2803755539925878,0.25067555399258784,0.2803755539925878,0.25067555399258784,0.29745147735686517,0.2702561938726231,0.29745147735686517,0.2702561938726231,-0.01707592336427738,-0.019580639880035278,-0.09254806187644622,-0.0607651984015999,-0.004126895387646808,-0.004550801567214161,0.27624865860494097,0.24612475242537368,0.2611867055151573,-0.2008260411971152,0.2900000214576721,-0.25217390060424805,0.28385383561474414,-0.20144654432771888,2.3736443519592285,0.9258019924163818,2.0999999046325684,lidar_disabled,1.0,False,1802.258901533
1785741710.6495738,17.197405099868774,v4,cascade_controller_v4,cascade_controller_v4_fast_smooth_true_cascade_pd_1_0,cascade_pd_tracking,follow_main,inner_wheel_pd,straight,,FOLLOW_MAIN,FOLLOW_MAIN,COMMITTED,HOLD,1,1,-0.30000000000000004,-0.30000000000000004,-0.5549163229001047,0.0,-0.002,-0.004107083306729559,0.0,5.7096826306987645e-06,-5.9936307903816725e-05,0.0,1.9983889207445676e-06,0.0,-1.7980892371145017e-05,0.72,0.35,0.68,0.3,nan,nan,nan,nan,nan,1.0,0.08171166901111832,-0.28168711384227896,1.598250345040045e-05,0.9,0.2655255539925878,0.2655255539925878,0.2611867055151573,0.0,0.2900000214576721,-0.22,-0.22,0.22,-0.22,-0.2008260411971152,0.0,-0.25217390060424805,-0.2900000214576721,0.25217390060424805,0.2803755539925878,0.29745147735686517,0.27624865860494097,0.25067555399258784,0.2702561938726231,0.24612475242537368,-0.01707592336427738,-0.019580639880035278,-0.09254806187644622,-0.0607651984015999,-0.004126895387646808,-0.004550801567214161,16.009460355065684,1.0,0.0,-0.8155230135315035,0.829767356226837,0,0,0,0,0,0,0,0,0,nan,nan,2.0999999046325684,1.0,0,0,0,2.3736443519592285,0.9258019924163818,2.4097738648202642,0.4203617572784424,1.2497377395629883,0.8291995525360107,9.894371032714844e-05,2.0595755577087402,1.6618115901947021,0.018966443999943294,0.07352379600001768,-0.00030000000000000003,-0.0005549163229001047,0.0,nan,nan,nan,nan,0.28385383561474414,-0.20144654432771888,lidar_disabled,1,1,1,1,2,0,1,1,2,cascade_controller_v4,cascade_controller_v4_fast_smooth_true_cascade_pd_1_0,cascade_pd_tracking,follow_main,inner_wheel_pd,True,True,False,"[""cascade_controller_v4""]",False,FOLLOW_MAIN,COMMITTED,HOLD,FOLLOW_MAIN,True,ok,1.0,16.009460355065684,0.018966443999943294,0.07352379600001768,-0.30000000000000004,-0.002,-0.8155230135315035,0.0,-0.0005549163229001047,-0.5549163229001047,-0.004107083306729559,0.0,0.0,0.0,5.7096826306987645e-06,-5.9936307903816725e-05,0.72,0.35,0.68,0.3,0.0,1.9983889207445676e-06,0.0,-1.7980892371145017e-05,-0.22,-0.22,-0.22,0.2655255539925878,0.2655255539925878,0.08171166901111832,straight,0.9,1.0,-0.28168711384227896,1.598250345040045e-05,0.22,0.829767356226837,0.2655255539925878,-0.22,0.2803755539925878,0.25067555399258784,0.2803755539925878,0.25067555399258784,0.29745147735686517,0.2702561938726231,0.29745147735686517,0.2702561938726231,-0.01707592336427738,-0.019580639880035278,-0.09254806187644622,-0.0607651984015999,-0.004126895387646808,-0.004550801567214161,0.27624865860494097,0.24612475242537368,0.2611867055151573,-0.2008260411971152,0.2900000214576721,-0.25217390060424805,0.28385383561474414,-0.20144654432771888,2.3736443519592285,0.9258019924163818,2.0999999046325684,lidar_disabled,1.0,False,1802.258901533
1785741711.0598633,17.607694625854492,v4,cascade_controller_v4,cascade_controller_v4_fast_smooth_true_cascade_pd_1_0,cascade_pd_tracking,follow_main,inner_wheel_pd,straight,,FOLLOW_MAIN,FOLLOW_MAIN,COMMITTED,HOLD,1,1,-0.30000000000000004,-0.30000000000000004,-0.5549163229001047,0.0,-0.002,-0.004107083306729559,0.0,5.7096826306987645e-06,-5.9936307903816725e-05,0.0,1.9983889207445676e-06,0.0,-1.7980892371145017e-05,0.72,0.35,0.68,0.3,nan,nan,nan,nan,nan,1.0,0.08171166901111832,-0.28168711384227896,1.598250345040045e-05,0.9,0.2655255539925878,0.2655255539925878,0.2611867055151573,0.0,0.2900000214576721,-0.22,-0.22,0.22,-0.22,-0.2008260411971152,0.0,-0.25217390060424805,-0.2900000214576721,0.25217390060424805,0.2803755539925878,0.29745147735686517,0.27624865860494097,0.25067555399258784,0.2702561938726231,0.24612475242537368,-0.01707592336427738,-0.019580639880035278,-0.09254806187644622,-0.0607651984015999,-0.004126895387646808,-0.004550801567214161,16.009460355065684,1.0,0.0,-0.8155230135315035,0.829767356226837,0,0,0,0,0,0,0,0,0,nan,nan,2.0999999046325684,1.0,0,0,0,2.3736443519592285,0.9258019924163818,2.4097738648202642,0.8306515216827393,1.6600275039672852,1.2394893169403076,0.4103882312774658,8.225440979003906e-05,2.072100877761841,0.018966443999943294,0.07352379600001768,-0.00030000000000000003,-0.0005549163229001047,0.0,nan,nan,nan,nan,0.28385383561474414,-0.20144654432771888,lidar_disabled,1,1,1,1,2,0,1,1,2,cascade_controller_v4,cascade_controller_v4_fast_smooth_true_cascade_pd_1_0,cascade_pd_tracking,follow_main,inner_wheel_pd,True,True,False,"[""cascade_controller_v4""]",False,FOLLOW_MAIN,COMMITTED,HOLD,FOLLOW_MAIN,True,ok,1.0,16.009460355065684,0.018966443999943294,0.07352379600001768,-0.30000000000000004,-0.002,-0.8155230135315035,0.0,-0.0005549163229001047,-0.5549163229001047,-0.004107083306729559,0.0,0.0,0.0,5.7096826306987645e-06,-5.9936307903816725e-05,0.72,0.35,0.68,0.3,0.0,1.9983889207445676e-06,0.0,-1.7980892371145017e-05,-0.22,-0.22,-0.22,0.2655255539925878,0.2655255539925878,0.08171166901111832,straight,0.9,1.0,-0.28168711384227896,1.598250345040045e-05,0.22,0.829767356226837,0.2655255539925878,-0.22,0.2803755539925878,0.25067555399258784,0.2803755539925878,0.25067555399258784,0.29745147735686517,0.2702561938726231,0.29745147735686517,0.2702561938726231,-0.01707592336427738,-0.019580639880035278,-0.09254806187644622,-0.0607651984015999,-0.004126895387646808,-0.004550801567214161,0.27624865860494097,0.24612475242537368,0.2611867055151573,-0.2008260411971152,0.2900000214576721,-0.25217390060424805,0.28385383561474414,-0.20144654432771888,2.3736443519592285,0.9258019924163818,2.0999999046325684,lidar_disabled,1.0,False,1802.258901533
1785741711.4713616,18.019192934036255,v4,cascade_controller_v4,cascade_controller_v4_fast_smooth_true_cascade_pd_1_0,cascade_pd_tracking,follow_main,inner_wheel_pd,straight,,FOLLOW_MAIN,FOLLOW_MAIN,COMMITTED,HOLD,1,1,-0.30000000000000004,-0.30000000000000004,-0.5549163229001047,0.0,-0.002,-0.004107083306729559,0.0,5.7096826306987645e-06,-5.9936307903816725e-05,0.0,1.9983889207445676e-06,0.0,-1.7980892371145017e-05,0.72,0.35,0.68,0.3,nan,nan,nan,nan,nan,1.0,0.08171166901111832,-0.28168711384227896,1.598250345040045e-05,0.9,0.2655255539925878,0.2655255539925878,0.2611867055151573,0.0,0.2900000214576721,-0.22,-0.22,0.22,-0.22,-0.2008260411971152,0.0,-0.25217390060424805,-0.2900000214576721,0.25217390060424805,0.2803755539925878,0.29745147735686517,0.27624865860494097,0.25067555399258784,0.2702561938726231,0.24612475242537368,-0.01707592336427738,-0.019580639880035278,-0.09254806187644622,-0.0607651984015999,-0.004126895387646808,-0.004550801567214161,16.009460355065684,1.0,0.0,-0.8155230135315035,0.829767356226837,0,0,0,0,0,0,0,0,0,nan,nan,2.0999999046325684,1.0,0,0,0,2.3736443519592285,0.9258019924163818,2.4097738648202642,1.2421493530273438,2.071526050567627,1.6509876251220703,0.8218865394592285,0.41158080101013184,7.009506225585938e-05,0.018966443999943294,0.07352379600001768,-0.00030000000000000003,-0.0005549163229001047,0.0,nan,nan,nan,nan,0.28385383561474414,-0.20144654432771888,lidar_disabled,1,1,1,1,2,0,1,1,2,cascade_controller_v4,cascade_controller_v4_fast_smooth_true_cascade_pd_1_0,cascade_pd_tracking,follow_main,inner_wheel_pd,True,True,False,"[""cascade_controller_v4""]",False,FOLLOW_MAIN,COMMITTED,HOLD,FOLLOW_MAIN,True,ok,1.0,16.009460355065684,0.018966443999943294,0.07352379600001768,-0.30000000000000004,-0.002,-0.8155230135315035,0.0,-0.0005549163229001047,-0.5549163229001047,-0.004107083306729559,0.0,0.0,0.0,5.7096826306987645e-06,-5.9936307903816725e-05,0.72,0.35,0.68,0.3,0.0,1.9983889207445676e-06,0.0,-1.7980892371145017e-05,-0.22,-0.22,-0.22,0.2655255539925878,0.2655255539925878,0.08171166901111832,straight,0.9,1.0,-0.28168711384227896,1.598250345040045e-05,0.22,0.829767356226837,0.2655255539925878,-0.22,0.2803755539925878,0.25067555399258784,0.2803755539925878,0.25067555399258784,0.29745147735686517,0.2702561938726231,0.29745147735686517,0.2702561938726231,-0.01707592336427738,-0.019580639880035278,-0.09254806187644622,-0.0607651984015999,-0.004126895387646808,-0.004550801567214161,0.27624865860494097,0.24612475242537368,0.2611867055151573,-0.2008260411971152,0.2900000214576721,-0.25217390060424805,0.28385383561474414,-0.20144654432771888,2.3736443519592285,0.9258019924163818,2.0999999046325684,lidar_disabled,1.0,False,1802.258901533
1785741711.8852105,18.43304204940796,v4,cascade_controller_v4,cascade_controller_v4_fast_smooth_true_cascade_pd_1_0,cascade_pd_tracking,follow_main,inner_wheel_pd,straight,,FOLLOW_MAIN,FOLLOW_MAIN,COMMITTED,HOLD,1,1,-0.30000000000000004,-0.30000000000000004,-0.5549163229001047,0.0,-0.002,-0.004107083306729559,0.0,5.7096826306987645e-06,-5.9936307903816725e-05,0.0,1.9983889207445676e-06,0.0,-1.7980892371145017e-05,0.72,0.35,0.68,0.3,nan,nan,nan,nan,nan,1.0,0.08171166901111832,-0.28168711384227896,1.598250345040045e-05,0.9,0.2655255539925878,0.2655255539925878,0.2611867055151573,0.0,0.2900000214576721,-0.22,-0.22,0.22,-0.22,-0.2008260411971152,0.0,-0.25217390060424805,-0.2900000214576721,0.25217390060424805,0.2803755539925878,0.29745147735686517,0.27624865860494097,0.25067555399258784,0.2702561938726231,0.24612475242537368,-0.01707592336427738,-0.019580639880035278,-0.09254806187644622,-0.0607651984015999,-0.004126895387646808,-0.004550801567214161,16.009460355065684,1.0,0.0,-0.8155230135315035,0.829767356226837,0,0,0,0,0,0,0,0,0,nan,nan,2.0999999046325684,1.0,0,0,0,2.3736443519592285,0.9258019924163818,2.4097738648202642,5.9604644775390625e-05,2.4853742122650146,2.064836025238037,1.2357351779937744,0.8254292011260986,0.41391873359680176,0.018966443999943294,0.07352379600001768,-0.00030000000000000003,-0.0005549163229001047,0.0,nan,nan,nan,nan,0.28385383561474414,-0.20144654432771888,lidar_disabled,1,1,1,1,2,0,1,1,2,cascade_controller_v4,cascade_controller_v4_fast_smooth_true_cascade_pd_1_0,cascade_pd_tracking,follow_main,inner_wheel_pd,True,True,False,"[""cascade_controller_v4""]",False,FOLLOW_MAIN,COMMITTED,HOLD,FOLLOW_MAIN,True,ok,1.0,16.009460355065684,0.018966443999943294,0.07352379600001768,-0.30000000000000004,-0.002,-0.8155230135315035,0.0,-0.0005549163229001047,-0.5549163229001047,-0.004107083306729559,0.0,0.0,0.0,5.7096826306987645e-06,-5.9936307903816725e-05,0.72,0.35,0.68,0.3,0.0,1.9983889207445676e-06,0.0,-1.7980892371145017e-05,-0.22,-0.22,-0.22,0.2655255539925878,0.2655255539925878,0.08171166901111832,straight,0.9,1.0,-0.28168711384227896,1.598250345040045e-05,0.22,0.829767356226837,0.2655255539925878,-0.22,0.2803755539925878,0.25067555399258784,0.2803755539925878,0.25067555399258784,0.29745147735686517,0.2702561938726231,0.29745147735686517,0.2702561938726231,-0.01707592336427738,-0.019580639880035278,-0.09254806187644622,-0.0607651984015999,-0.004126895387646808,-0.004550801567214161,0.27624865860494097,0.24612475242537368,0.2611867055151573,-0.2008260411971152,0.2900000214576721,-0.25217390060424805,0.28385383561474414,-0.20144654432771888,2.3736443519592285,0.9258019924163818,2.0999999046325684,lidar_disabled,1.0,False,1802.258901533
1785741712.2945373,18.842368602752686,v4,cascade_controller_v4,cascade_controller_v4_fast_smooth_true_cascade_pd_1_0,cascade_pd_tracking,follow_main,inner_wheel_pd,straight,,FOLLOW_MAIN,FOLLOW_MAIN,COMMITTED,HOLD,1,1,-0.30000000000000004,-0.30000000000000004,-0.5549163229001047,0.0,-0.002,-0.004107083306729559,0.0,5.7096826306987645e-06,-5.9936307903816725e-05,0.0,1.9983889207445676e-06,0.0,-1.7980892371145017e-05,0.72,0.35,0.68,0.3,nan,nan,nan,nan,nan,1.0,0.08171166901111832,-0.28168711384227896,1.598250345040045e-05,0.9,0.2655255539925878,0.2655255539925878,0.2611867055151573,0.0,0.2900000214576721,-0.22,-0.22,0.22,-0.22,-0.2008260411971152,0.0,-0.25217390060424805,-0.2900000214576721,0.25217390060424805,0.2803755539925878,0.29745147735686517,0.27624865860494097,0.25067555399258784,0.2702561938726231,0.24612475242537368,-0.01707592336427738,-0.019580639880035278,-0.09254806187644622,-0.0607651984015999,-0.004126895387646808,-0.004550801567214161,16.009460355065684,1.0,0.0,-0.8155230135315035,0.829767356226837,0,0,0,0,0,0,0,0,0,nan,nan,2.0999999046325684,1.0,0,0,0,2.3736443519592285,0.9258019924163818,2.4097738648202642,0.40938663482666016,2.8947017192840576,2.47416353225708,1.6450626850128174,9.107589721679688e-05,0.8232467174530029,0.018966443999943294,0.07352379600001768,-0.00030000000000000003,-0.0005549163229001047,0.0,nan,nan,nan,nan,0.28385383561474414,-0.20144654432771888,lidar_disabled,1,1,1,1,2,0,1,1,2,cascade_controller_v4,cascade_controller_v4_fast_smooth_true_cascade_pd_1_0,cascade_pd_tracking,follow_main,inner_wheel_pd,True,True,False,"[""cascade_controller_v4""]",False,FOLLOW_MAIN,COMMITTED,HOLD,FOLLOW_MAIN,True,ok,1.0,16.009460355065684,0.018966443999943294,0.07352379600001768,-0.30000000000000004,-0.002,-0.8155230135315035,0.0,-0.0005549163229001047,-0.5549163229001047,-0.004107083306729559,0.0,0.0,0.0,5.7096826306987645e-06,-5.9936307903816725e-05,0.72,0.35,0.68,0.3,0.0,1.9983889207445676e-06,0.0,-1.7980892371145017e-05,-0.22,-0.22,-0.22,0.2655255539925878,0.2655255539925878,0.08171166901111832,straight,0.9,1.0,-0.28168711384227896,1.598250345040045e-05,0.22,0.829767356226837,0.2655255539925878,-0.22,0.2803755539925878,0.25067555399258784,0.2803755539925878,0.25067555399258784,0.29745147735686517,0.2702561938726231,0.29745147735686517,0.2702561938726231,-0.01707592336427738,-0.019580639880035278,-0.09254806187644622,-0.0607651984015999,-0.004126895387646808,-0.004550801567214161,0.27624865860494097,0.24612475242537368,0.2611867055151573,-0.2008260411971152,0.2900000214576721,-0.25217390060424805,0.28385383561474414,-0.20144654432771888,2.3736443519592285,0.9258019924163818,2.0999999046325684,lidar_disabled,1.0,False,1802.258901533
1785741712.7009375,19.24876880645752,v4,cascade_controller_v4,cascade_controller_v4_fast_smooth_true_cascade_pd_1_0,cascade_pd_tracking,follow_main,inner_wheel_pd,straight,,FOLLOW_MAIN,FOLLOW_MAIN,COMMITTED,HOLD,1,1,-0.30000000000000004,-0.30000000000000004,-0.5549163229001047,0.0,-0.002,-0.004107083306729559,0.0,5.7096826306987645e-06,-5.9936307903816725e-05,0.0,1.9983889207445676e-06,0.0,-1.7980892371145017e-05,0.72,0.35,0.68,0.3,nan,nan,nan,nan,nan,1.0,0.08171166901111832,-0.28168711384227896,1.598250345040045e-05,0.9,0.2655255539925878,0.2655255539925878,0.2611867055151573,0.0,0.2900000214576721,-0.22,-0.22,0.22,-0.22,-0.2008260411971152,0.0,-0.25217390060424805,-0.2900000214576721,0.25217390060424805,0.2803755539925878,0.29745147735686517,0.27624865860494097,0.25067555399258784,0.2702561938726231,0.24612475242537368,-0.01707592336427738,-0.019580639880035278,-0.09254806187644622,-0.0607651984015999,-0.004126895387646808,-0.004550801567214161,16.009460355065684,1.0,0.0,-0.8155230135315035,0.829767356226837,0,0,0,0,0,0,0,0,0,nan,nan,2.0999999046325684,1.0,0,0,0,2.3736443519592285,0.9258019924163818,2.4097738648202642,0.8157863616943359,3.3011014461517334,2.8805630207061768,2.051462173461914,0.4064905643463135,6.4849853515625e-05,0.018966443999943294,0.07352379600001768,-0.00030000000000000003,-0.0005549163229001047,0.0,nan,nan,nan,nan,0.28385383561474414,-0.20144654432771888,lidar_disabled,1,1,1,1,2,0,1,1,2,cascade_controller_v4,cascade_controller_v4_fast_smooth_true_cascade_pd_1_0,cascade_pd_tracking,follow_main,inner_wheel_pd,True,True,False,"[""cascade_controller_v4""]",False,FOLLOW_MAIN,COMMITTED,HOLD,FOLLOW_MAIN,True,ok,1.0,16.009460355065684,0.018966443999943294,0.07352379600001768,-0.30000000000000004,-0.002,-0.8155230135315035,0.0,-0.0005549163229001047,-0.5549163229001047,-0.004107083306729559,0.0,0.0,0.0,5.7096826306987645e-06,-5.9936307903816725e-05,0.72,0.35,0.68,0.3,0.0,1.9983889207445676e-06,0.0,-1.7980892371145017e-05,-0.22,-0.22,-0.22,0.2655255539925878,0.2655255539925878,0.08171166901111832,straight,0.9,1.0,-0.28168711384227896,1.598250345040045e-05,0.22,0.829767356226837,0.2655255539925878,-0.22,0.2803755539925878,0.25067555399258784,0.2803755539925878,0.25067555399258784,0.29745147735686517,0.2702561938726231,0.29745147735686517,0.2702561938726231,-0.01707592336427738,-0.019580639880035278,-0.09254806187644622,-0.0607651984015999,-0.004126895387646808,-0.004550801567214161,0.27624865860494097,0.24612475242537368,0.2611867055151573,-0.2008260411971152,0.2900000214576721,-0.25217390060424805,0.28385383561474414,-0.20144654432771888,2.3736443519592285,0.9258019924163818,2.0999999046325684,lidar_disabled,1.0,False,1802.258901533
1785741713.112965,19.660796403884888,v4,cascade_controller_v4,cascade_controller_v4_fast_smooth_true_cascade_pd_1_0,cascade_pd_tracking,follow_main,inner_wheel_pd,straight,,FOLLOW_MAIN,FOLLOW_MAIN,COMMITTED,HOLD,1,1,-0.30000000000000004,-0.30000000000000004,-0.5549163229001047,0.0,-0.002,-0.004107083306729559,0.0,5.7096826306987645e-06,-5.9936307903816725e-05,0.0,1.9983889207445676e-06,0.0,-1.7980892371145017e-05,0.72,0.35,0.68,0.3,nan,nan,nan,nan,nan,1.0,0.08171166901111832,-0.28168711384227896,1.598250345040045e-05,0.9,0.2655255539925878,0.2655255539925878,0.2611867055151573,0.0,0.2900000214576721,-0.22,-0.22,0.22,-0.22,-0.2008260411971152,0.0,-0.25217390060424805,-0.2900000214576721,0.25217390060424805,0.2803755539925878,0.29745147735686517,0.27624865860494097,0.25067555399258784,0.2702561938726231,0.24612475242537368,-0.01707592336427738,-0.019580639880035278,-0.09254806187644622,-0.0607651984015999,-0.004126895387646808,-0.004550801567214161,16.009460355065684,1.0,0.0,-0.8155230135315035,0.829767356226837,0,0,0,0,0,0,0,0,0,nan,nan,2.0999999046325684,1.0,0,0,0,2.3736443519592285,0.9258019924163818,2.4097738648202642,5.91278076171875e-05,3.7131285667419434,3.292590618133545,2.463489532470703,0.8185181617736816,0.4120926856994629,0.018966443999943294,0.07352379600001768,-0.00030000000000000003,-0.0005549163229001047,0.0,nan,nan,nan,nan,0.28385383561474414,-0.20144654432771888,lidar_disabled,1,1,1,1,2,0,1,1,2,cascade_controller_v4,cascade_controller_v4_fast_smooth_true_cascade_pd_1_0,cascade_pd_tracking,follow_main,inner_wheel_pd,True,True,False,"[""cascade_controller_v4""]",False,FOLLOW_MAIN,COMMITTED,HOLD,FOLLOW_MAIN,True,ok,1.0,16.009460355065684,0.018966443999943294,0.07352379600001768,-0.30000000000000004,-0.002,-0.8155230135315035,0.0,-0.0005549163229001047,-0.5549163229001047,-0.004107083306729559,0.0,0.0,0.0,5.7096826306987645e-06,-5.9936307903816725e-05,0.72,0.35,0.68,0.3,0.0,1.9983889207445676e-06,0.0,-1.7980892371145017e-05,-0.22,-0.22,-0.22,0.2655255539925878,0.2655255539925878,0.08171166901111832,straight,0.9,1.0,-0.28168711384227896,1.598250345040045e-05,0.22,0.829767356226837,0.2655255539925878,-0.22,0.2803755539925878,0.25067555399258784,0.2803755539925878,0.25067555399258784,0.29745147735686517,0.2702561938726231,0.29745147735686517,0.2702561938726231,-0.01707592336427738,-0.019580639880035278,-0.09254806187644622,-0.0607651984015999,-0.004126895387646808,-0.004550801567214161,0.27624865860494097,0.24612475242537368,0.2611867055151573,-0.2008260411971152,0.2900000214576721,-0.25217390060424805,0.28385383561474414,-0.20144654432771888,2.3736443519592285,0.9258019924163818,2.0999999046325684,lidar_disabled,1.0,False,1802.258901533
1785741713.5380917,20.085923194885254,v4,cascade_controller_v4,cascade_controller_v4_fast_smooth_true_cascade_pd_1_0,cascade_pd_tracking,follow_main,inner_wheel_pd,straight,,FOLLOW_MAIN,FOLLOW_MAIN,COMMITTED,HOLD,1,1,-0.30000000000000004,-0.30000000000000004,-0.5549163229001047,0.0,-0.002,-0.004107083306729559,0.0,5.7096826306987645e-06,-5.9936307903816725e-05,0.0,1.9983889207445676e-06,0.0,-1.7980892371145017e-05,0.72,0.35,0.68,0.3,nan,nan,nan,nan,nan,1.0,0.08171166901111832,-0.28168711384227896,1.598250345040045e-05,0.9,0.2655255539925878,0.2655255539925878,0.2611867055151573,0.0,0.2900000214576721,-0.22,-0.22,0.22,-0.22,-0.2008260411971152,0.0,-0.25217390060424805,-0.2900000214576721,0.25217390060424805,0.2803755539925878,0.29745147735686517,0.27624865860494097,0.25067555399258784,0.2702561938726231,0.24612475242537368,-0.01707592336427738,-0.019580639880035278,-0.09254806187644622,-0.0607651984015999,-0.004126895387646808,-0.004550801567214161,16.009460355065684,1.0,0.0,-0.8155230135315035,0.829767356226837,0,0,0,0,0,0,0,0,0,nan,nan,2.0999999046325684,1.0,0,0,0,2.3736443519592285,0.9258019924163818,2.4097738648202642,0.4251856803894043,4.13825535774231,3.717717409133911,2.8886163234710693,0.00010013580322265625,0.83721923828125,0.018966443999943294,0.07352379600001768,-0.00030000000000000003,-0.0005549163229001047,0.0,nan,nan,nan,nan,0.28385383561474414,-0.20144654432771888,lidar_disabled,1,1,1,1,2,0,1,1,2,cascade_controller_v4,cascade_controller_v4_fast_smooth_true_cascade_pd_1_0,cascade_pd_tracking,follow_main,inner_wheel_pd,True,True,False,"[""cascade_controller_v4""]",False,FOLLOW_MAIN,COMMITTED,HOLD,FOLLOW_MAIN,True,ok,1.0,16.009460355065684,0.018966443999943294,0.07352379600001768,-0.30000000000000004,-0.002,-0.8155230135315035,0.0,-0.0005549163229001047,-0.5549163229001047,-0.004107083306729559,0.0,0.0,0.0,5.7096826306987645e-06,-5.9936307903816725e-05,0.72,0.35,0.68,0.3,0.0,1.9983889207445676e-06,0.0,-1.7980892371145017e-05,-0.22,-0.22,-0.22,0.2655255539925878,0.2655255539925878,0.08171166901111832,straight,0.9,1.0,-0.28168711384227896,1.598250345040045e-05,0.22,0.829767356226837,0.2655255539925878,-0.22,0.2803755539925878,0.25067555399258784,0.2803755539925878,0.25067555399258784,0.29745147735686517,0.2702561938726231,0.29745147735686517,0.2702561938726231,-0.01707592336427738,-0.019580639880035278,-0.09254806187644622,-0.0607651984015999,-0.004126895387646808,-0.004550801567214161,0.27624865860494097,0.24612475242537368,0.2611867055151573,-0.2008260411971152,0.2900000214576721,-0.25217390060424805,0.28385383561474414,-0.20144654432771888,2.3736443519592285,0.9258019924163818,2.0999999046325684,lidar_disabled,1.0,False,1802.258901533
1785741713.9467957,20.494626998901367,v4,cascade_controller_v4,cascade_controller_v4_fast_smooth_true_cascade_pd_1_0,cascade_pd_tracking,follow_main,inner_wheel_pd,straight,,FOLLOW_MAIN,FOLLOW_MAIN,COMMITTED,HOLD,1,1,-0.30000000000000004,-0.30000000000000004,-0.5549163229001047,0.0,-0.002,-0.004107083306729559,0.0,5.7096826306987645e-06,-5.9936307903816725e-05,0.0,1.9983889207445676e-06,0.0,-1.7980892371145017e-05,0.72,0.35,0.68,0.3,nan,nan,nan,nan,nan,1.0,0.08171166901111832,-0.28168711384227896,1.598250345040045e-05,0.9,0.2655255539925878,0.2655255539925878,0.2611867055151573,0.0,0.2900000214576721,-0.22,-0.22,0.22,-0.22,-0.2008260411971152,0.0,-0.25217390060424805,-0.2900000214576721,0.25217390060424805,0.2803755539925878,0.29745147735686517,0.27624865860494097,0.25067555399258784,0.2702561938726231,0.24612475242537368,-0.01707592336427738,-0.019580639880035278,-0.09254806187644622,-0.0607651984015999,-0.004126895387646808,-0.004550801567214161,16.009460355065684,1.0,0.0,-0.8155230135315035,0.829767356226837,0,0,0,0,0,0,0,0,0,nan,nan,2.0999999046325684,1.0,0,0,0,2.3736443519592285,0.9258019924163818,2.4097738648202642,0.8338897228240967,4.546959638595581,4.1264214515686035,3.29732084274292,0.40880465507507324,7.081031799316406e-05,0.018966443999943294,0.07352379600001768,-0.00030000000000000003,-0.0005549163229001047,0.0,nan,nan,nan,nan,0.28385383561474414,-0.20144654432771888,lidar_disabled,1,1,1,1,2,0,1,1,2,cascade_controller_v4,cascade_controller_v4_fast_smooth_true_cascade_pd_1_0,cascade_pd_tracking,follow_main,inner_wheel_pd,True,True,False,"[""cascade_controller_v4""]",False,FOLLOW_MAIN,COMMITTED,HOLD,FOLLOW_MAIN,True,ok,1.0,16.009460355065684,0.018966443999943294,0.07352379600001768,-0.30000000000000004,-0.002,-0.8155230135315035,0.0,-0.0005549163229001047,-0.5549163229001047,-0.004107083306729559,0.0,0.0,0.0,5.7096826306987645e-06,-5.9936307903816725e-05,0.72,0.35,0.68,0.3,0.0,1.9983889207445676e-06,0.0,-1.7980892371145017e-05,-0.22,-0.22,-0.22,0.2655255539925878,0.2655255539925878,0.08171166901111832,straight,0.9,1.0,-0.28168711384227896,1.598250345040045e-05,0.22,0.829767356226837,0.2655255539925878,-0.22,0.2803755539925878,0.25067555399258784,0.2803755539925878,0.25067555399258784,0.29745147735686517,0.2702561938726231,0.29745147735686517,0.2702561938726231,-0.01707592336427738,-0.019580639880035278,-0.09254806187644622,-0.0607651984015999,-0.004126895387646808,-0.004550801567214161,0.27624865860494097,0.24612475242537368,0.2611867055151573,-0.2008260411971152,0.2900000214576721,-0.25217390060424805,0.28385383561474414,-0.20144654432771888,2.3736443519592285,0.9258019924163818,2.0999999046325684,lidar_disabled,1.0,False,1802.258901533
1785741714.594554,21.142385244369507,v4,cascade_controller_v4,cascade_controller_v4_fast_smooth_true_cascade_pd_1_0,cascade_pd_tracking,follow_main,inner_wheel_pd,straight,,FOLLOW_MAIN,FOLLOW_MAIN,COMMITTED,HOLD,1,1,-0.30000000000000004,-0.30000000000000004,-0.5549163229001047,0.0,-0.002,-0.004107083306729559,0.0,5.7096826306987645e-06,-5.9936307903816725e-05,0.0,1.9983889207445676e-06,0.0,-1.7980892371145017e-05,0.72,0.35,0.68,0.3,nan,nan,nan,nan,nan,1.0,0.08171166901111832,-0.28168711384227896,1.598250345040045e-05,0.9,0.2655255539925878,0.2655255539925878,0.2611867055151573,0.0,0.2900000214576721,-0.22,-0.22,0.22,-0.22,-0.2008260411971152,0.0,-0.25217390060424805,-0.2900000214576721,0.25217390060424805,0.2803755539925878,0.29745147735686517,0.27624865860494097,0.25067555399258784,0.2702561938726231,0.24612475242537368,-0.01707592336427738,-0.019580639880035278,-0.09254806187644622,-0.0607651984015999,-0.004126895387646808,-0.004550801567214161,16.009460355065684,1.0,0.0,-0.8155230135315035,0.829767356226837,0,0,0,0,0,0,0,0,0,nan,nan,2.0999999046325684,1.0,0,0,0,2.3736443519592285,0.9258019924163818,2.4097738648202642,8.821487426757812e-05,5.194717884063721,4.774179935455322,3.9450790882110596,1.056562900543213,0.647829532623291,0.018966443999943294,0.07352379600001768,-0.00030000000000000003,-0.0005549163229001047,0.0,nan,nan,nan,nan,0.28385383561474414,-0.20144654432771888,lidar_disabled,1,1,1,1,2,0,1,1,2,cascade_controller_v4,cascade_controller_v4_fast_smooth_true_cascade_pd_1_0,cascade_pd_tracking,follow_main,inner_wheel_pd,True,True,False,"[""cascade_controller_v4""]",False,FOLLOW_MAIN,COMMITTED,HOLD,FOLLOW_MAIN,True,ok,1.0,16.009460355065684,0.018966443999943294,0.07352379600001768,-0.30000000000000004,-0.002,-0.8155230135315035,0.0,-0.0005549163229001047,-0.5549163229001047,-0.004107083306729559,0.0,0.0,0.0,5.7096826306987645e-06,-5.9936307903816725e-05,0.72,0.35,0.68,0.3,0.0,1.9983889207445676e-06,0.0,-1.7980892371145017e-05,-0.22,-0.22,-0.22,0.2655255539925878,0.2655255539925878,0.08171166901111832,straight,0.9,1.0,-0.28168711384227896,1.598250345040045e-05,0.22,0.829767356226837,0.2655255539925878,-0.22,0.2803755539925878,0.25067555399258784,0.2803755539925878,0.25067555399258784,0.29745147735686517,0.2702561938726231,0.29745147735686517,0.2702561938726231,-0.01707592336427738,-0.019580639880035278,-0.09254806187644622,-0.0607651984015999,-0.004126895387646808,-0.004550801567214161,0.27624865860494097,0.24612475242537368,0.2611867055151573,-0.2008260411971152,0.2900000214576721,-0.25217390060424805,0.28385383561474414,-0.20144654432771888,2.3736443519592285,0.9258019924163818,2.0999999046325684,lidar_disabled,1.0,False,1802.258901533
1785741715.2227247,21.77055597305298,v4,cascade_controller_v4,cascade_controller_v4_fast_smooth_true_cascade_pd_1_0,cascade_pd_tracking,follow_main,inner_wheel_pd,straight,,FOLLOW_MAIN,FOLLOW_MAIN,COMMITTED,HOLD,1,1,-0.30000000000000004,-0.30000000000000004,-0.5549163229001047,0.0,-0.002,-0.004107083306729559,0.0,5.7096826306987645e-06,-5.9936307903816725e-05,0.0,1.9983889207445676e-06,0.0,-1.7980892371145017e-05,0.72,0.35,0.68,0.3,nan,nan,nan,nan,nan,1.0,0.08171166901111832,-0.28168711384227896,1.598250345040045e-05,0.9,0.2655255539925878,0.2655255539925878,0.2611867055151573,0.0,0.2900000214576721,-0.22,-0.22,0.22,-0.22,-0.2008260411971152,0.0,-0.25217390060424805,-0.2900000214576721,0.25217390060424805,0.2803755539925878,0.29745147735686517,0.27624865860494097,0.25067555399258784,0.2702561938726231,0.24612475242537368,-0.01707592336427738,-0.019580639880035278,-0.09254806187644622,-0.0607651984015999,-0.004126895387646808,-0.004550801567214161,16.009460355065684,1.0,0.0,-0.8155230135315035,0.829767356226837,0,0,0,0,0,0,0,0,0,nan,nan,2.0999999046325684,1.0,0,0,0,2.3736443519592285,0.9258019924163818,2.4097738648202642,0.6282591819763184,5.822889089584351,5.402350664138794,4.573249816894531,7.605552673339844e-05,1.2760000228881836,0.018966443999943294,0.07352379600001768,-0.00030000000000000003,-0.0005549163229001047,0.0,nan,nan,nan,nan,0.28385383561474414,-0.20144654432771888,lidar_disabled,1,1,1,1,2,0,1,1,2,cascade_controller_v4,cascade_controller_v4_fast_smooth_true_cascade_pd_1_0,cascade_pd_tracking,follow_main,inner_wheel_pd,True,True,False,"[""cascade_controller_v4""]",False,FOLLOW_MAIN,COMMITTED,HOLD,FOLLOW_MAIN,True,ok,1.0,16.009460355065684,0.018966443999943294,0.07352379600001768,-0.30000000000000004,-0.002,-0.8155230135315035,0.0,-0.0005549163229001047,-0.5549163229001047,-0.004107083306729559,0.0,0.0,0.0,5.7096826306987645e-06,-5.9936307903816725e-05,0.72,0.35,0.68,0.3,0.0,1.9983889207445676e-06,0.0,-1.7980892371145017e-05,-0.22,-0.22,-0.22,0.2655255539925878,0.2655255539925878,0.08171166901111832,straight,0.9,1.0,-0.28168711384227896,1.598250345040045e-05,0.22,0.829767356226837,0.2655255539925878,-0.22,0.2803755539925878,0.25067555399258784,0.2803755539925878,0.25067555399258784,0.29745147735686517,0.2702561938726231,0.29745147735686517,0.2702561938726231,-0.01707592336427738,-0.019580639880035278,-0.09254806187644622,-0.0607651984015999,-0.004126895387646808,-0.004550801567214161,0.27624865860494097,0.24612475242537368,0.2611867055151573,-0.2008260411971152,0.2900000214576721,-0.25217390060424805,0.28385383561474414,-0.20144654432771888,2.3736443519592285,0.9258019924163818,2.0999999046325684,lidar_disabled,1.0,False,1802.258901533
1785741715.7304404,22.278271675109863,v4,cascade_controller_v4,cascade_controller_v4_fast_smooth_true_cascade_pd_1_0,cascade_pd_tracking,follow_main,inner_wheel_pd,straight,,FOLLOW_MAIN,FOLLOW_MAIN,COMMITTED,HOLD,1,1,-0.30000000000000004,-0.30000000000000004,-0.5549163229001047,0.0,-0.002,-0.004107083306729559,0.0,5.7096826306987645e-06,-5.9936307903816725e-05,0.0,1.9983889207445676e-06,0.0,-1.7980892371145017e-05,0.72,0.35,0.68,0.3,nan,nan,nan,nan,nan,1.0,0.08171166901111832,-0.28168711384227896,1.598250345040045e-05,0.9,0.2655255539925878,0.2655255539925878,0.2611867055151573,0.0,0.2900000214576721,-0.22,-0.22,0.22,-0.22,-0.2008260411971152,0.0,-0.25217390060424805,-0.2900000214576721,0.25217390060424805,0.2803755539925878,0.29745147735686517,0.27624865860494097,0.25067555399258784,0.2702561938726231,0.24612475242537368,-0.01707592336427738,-0.019580639880035278,-0.09254806187644622,-0.0607651984015999,-0.004126895387646808,-0.004550801567214161,16.009460355065684,1.0,0.0,-0.8155230135315035,0.829767356226837,0,0,0,0,0,0,0,0,0,nan,nan,2.0999999046325684,1.0,0,0,0,2.3736443519592285,0.9258019924163818,2.4097738648202642,1.1359751224517822,6.3306050300598145,5.910067081451416,5.080966472625732,0.5077929496765137,0.00010752677917480469,0.018966443999943294,0.07352379600001768,-0.00030000000000000003,-0.0005549163229001047,0.0,nan,nan,nan,nan,0.28385383561474414,-0.20144654432771888,lidar_disabled,1,1,1,1,2,0,1,1,2,cascade_controller_v4,cascade_controller_v4_fast_smooth_true_cascade_pd_1_0,cascade_pd_tracking,follow_main,inner_wheel_pd,True,True,False,"[""cascade_controller_v4""]",False,FOLLOW_MAIN,COMMITTED,HOLD,FOLLOW_MAIN,True,ok,1.0,16.009460355065684,0.018966443999943294,0.07352379600001768,-0.30000000000000004,-0.002,-0.8155230135315035,0.0,-0.0005549163229001047,-0.5549163229001047,-0.004107083306729559,0.0,0.0,0.0,5.7096826306987645e-06,-5.9936307903816725e-05,0.72,0.35,0.68,0.3,0.0,1.9983889207445676e-06,0.0,-1.7980892371145017e-05,-0.22,-0.22,-0.22,0.2655255539925878,0.2655255539925878,0.08171166901111832,straight,0.9,1.0,-0.28168711384227896,1.598250345040045e-05,0.22,0.829767356226837,0.2655255539925878,-0.22,0.2803755539925878,0.25067555399258784,0.2803755539925878,0.25067555399258784,0.29745147735686517,0.2702561938726231,0.29745147735686517,0.2702561938726231,-0.01707592336427738,-0.019580639880035278,-0.09254806187644622,-0.0607651984015999,-0.004126895387646808,-0.004550801567214161,0.27624865860494097,0.24612475242537368,0.2611867055151573,-0.2008260411971152,0.2900000214576721,-0.25217390060424805,0.28385383561474414,-0.20144654432771888,2.3736443519592285,0.9258019924163818,2.0999999046325684,lidar_disabled,1.0,False,1802.258901533
1785741716.2231028,22.770934104919434,v4,cascade_controller_v4,cascade_controller_v4_fast_smooth_true_cascade_pd_1_0,cascade_pd_tracking,follow_main,inner_wheel_pd,straight,,FOLLOW_MAIN,FOLLOW_MAIN,COMMITTED,HOLD,1,1,-0.30000000000000004,-0.30000000000000004,-0.5549163229001047,0.0,-0.002,-0.004107083306729559,0.0,5.7096826306987645e-06,-5.9936307903816725e-05,0.0,1.9983889207445676e-06,0.0,-1.7980892371145017e-05,0.72,0.35,0.68,0.3,nan,nan,nan,nan,nan,1.0,0.08171166901111832,-0.28168711384227896,1.598250345040045e-05,0.9,0.2655255539925878,0.2655255539925878,0.2611867055151573,0.0,0.2900000214576721,-0.22,-0.22,0.22,-0.22,-0.2008260411971152,0.0,-0.25217390060424805,-0.2900000214576721,0.25217390060424805,0.2803755539925878,0.29745147735686517,0.27624865860494097,0.25067555399258784,0.2702561938726231,0.24612475242537368,-0.01707592336427738,-0.019580639880035278,-0.09254806187644622,-0.0607651984015999,-0.004126895387646808,-0.004550801567214161,16.009460355065684,1.0,0.0,-0.8155230135315035,0.829767356226837,0,0,0,0,0,0,0,0,0,nan,nan,2.0999999046325684,1.0,0,0,0,2.3736443519592285,0.9258019924163818,2.4097738648202642,5.4836273193359375e-05,6.823265790939331,6.402727842330933,5.573626756668091,1.000453233718872,0.4927678108215332,0.018966443999943294,0.07352379600001768,-0.00030000000000000003,-0.0005549163229001047,0.0,nan,nan,nan,nan,0.28385383561474414,-0.20144654432771888,lidar_disabled,1,1,1,1,2,0,1,1,2,cascade_controller_v4,cascade_controller_v4_fast_smooth_true_cascade_pd_1_0,cascade_pd_tracking,follow_main,inner_wheel_pd,True,True,False,"[""cascade_controller_v4""]",False,FOLLOW_MAIN,COMMITTED,HOLD,FOLLOW_MAIN,True,ok,1.0,16.009460355065684,0.018966443999943294,0.07352379600001768,-0.30000000000000004,-0.002,-0.8155230135315035,0.0,-0.0005549163229001047,-0.5549163229001047,-0.004107083306729559,0.0,0.0,0.0,5.7096826306987645e-06,-5.9936307903816725e-05,0.72,0.35,0.68,0.3,0.0,1.9983889207445676e-06,0.0,-1.7980892371145017e-05,-0.22,-0.22,-0.22,0.2655255539925878,0.2655255539925878,0.08171166901111832,straight,0.9,1.0,-0.28168711384227896,1.598250345040045e-05,0.22,0.829767356226837,0.2655255539925878,-0.22,0.2803755539925878,0.25067555399258784,0.2803755539925878,0.25067555399258784,0.29745147735686517,0.2702561938726231,0.29745147735686517,0.2702561938726231,-0.01707592336427738,-0.019580639880035278,-0.09254806187644622,-0.0607651984015999,-0.004126895387646808,-0.004550801567214161,0.27624865860494097,0.24612475242537368,0.2611867055151573,-0.2008260411971152,0.2900000214576721,-0.25217390060424805,0.28385383561474414,-0.20144654432771888,2.3736443519592285,0.9258019924163818,2.0999999046325684,lidar_disabled,1.0,False,1802.258901533
1785741716.7490225,23.29685378074646,v4,cascade_controller_v4,cascade_controller_v4_fast_smooth_true_cascade_pd_1_0,cascade_pd_tracking,follow_main,inner_wheel_pd,straight,,FOLLOW_MAIN,FOLLOW_MAIN,COMMITTED,HOLD,1,1,-0.30000000000000004,-0.30000000000000004,-0.5549163229001047,0.0,-0.002,-0.004107083306729559,0.0,5.7096826306987645e-06,-5.9936307903816725e-05,0.0,1.9983889207445676e-06,0.0,-1.7980892371145017e-05,0.72,0.35,0.68,0.3,nan,nan,nan,nan,nan,1.0,0.08171166901111832,-0.28168711384227896,1.598250345040045e-05,0.9,0.2655255539925878,0.2655255539925878,0.2611867055151573,0.0,0.2900000214576721,-0.22,-0.22,0.22,-0.22,-0.2008260411971152,0.0,-0.25217390060424805,-0.2900000214576721,0.25217390060424805,0.2803755539925878,0.29745147735686517,0.27624865860494097,0.25067555399258784,0.2702561938726231,0.24612475242537368,-0.01707592336427738,-0.019580639880035278,-0.09254806187644622,-0.0607651984015999,-0.004126895387646808,-0.004550801567214161,16.009460355065684,1.0,0.0,-0.8155230135315035,0.829767356226837,0,0,0,0,0,0,0,0,0,nan,nan,2.0999999046325684,1.0,0,0,0,2.3736443519592285,0.9258019924163818,2.4097738648202642,0.525975227355957,7.349186658859253,6.928648233413696,6.0995471477508545,7.653236389160156e-05,1.018688440322876,0.018966443999943294,0.07352379600001768,-0.00030000000000000003,-0.0005549163229001047,0.0,nan,nan,nan,nan,0.28385383561474414,-0.20144654432771888,lidar_disabled,1,1,1,1,2,0,1,1,2,cascade_controller_v4,cascade_controller_v4_fast_smooth_true_cascade_pd_1_0,cascade_pd_tracking,follow_main,inner_wheel_pd,True,True,False,"[""cascade_controller_v4""]",False,FOLLOW_MAIN,COMMITTED,HOLD,FOLLOW_MAIN,True,ok,1.0,16.009460355065684,0.018966443999943294,0.07352379600001768,-0.30000000000000004,-0.002,-0.8155230135315035,0.0,-0.0005549163229001047,-0.5549163229001047,-0.004107083306729559,0.0,0.0,0.0,5.7096826306987645e-06,-5.9936307903816725e-05,0.72,0.35,0.68,0.3,0.0,1.9983889207445676e-06,0.0,-1.7980892371145017e-05,-0.22,-0.22,-0.22,0.2655255539925878,0.2655255539925878,0.08171166901111832,straight,0.9,1.0,-0.28168711384227896,1.598250345040045e-05,0.22,0.829767356226837,0.2655255539925878,-0.22,0.2803755539925878,0.25067555399258784,0.2803755539925878,0.25067555399258784,0.29745147735686517,0.2702561938726231,0.29745147735686517,0.2702561938726231,-0.01707592336427738,-0.019580639880035278,-0.09254806187644622,-0.0607651984015999,-0.004126895387646808,-0.004550801567214161,0.27624865860494097,0.24612475242537368,0.2611867055151573,-0.2008260411971152,0.2900000214576721,-0.25217390060424805,0.28385383561474414,-0.20144654432771888,2.3736443519592285,0.9258019924163818,2.0999999046325684,lidar_disabled,1.0,False,1802.258901533
