time_wall_s,t_s,epsilon_x_mm,e_lat_raw_m,e_lat_raw_mm,e_lat_filtered_m,e_lat_filtered_mm,e_lat_used_m,e_lat_used_mm,theta_raw_rad,theta_filtered_rad,theta_used_rad,de_lat_mps,de_heading_rps,p_lat,d_lat,p_heading,d_heading,outer_kp_lat,outer_kd_lat,outer_kp_heading,outer_kd_heading,outer_gain_multiplier,v_target,v_ref,v_cmd_internal,cmd_v,odom_v,omega_target,omega_ref,omega_cmd_internal,cmd_omega,odom_omega,v_left_ref,v_left_measured,v_left_cmd,v_right_ref,v_right_measured,v_right_cmd,left_wheel_error,right_wheel_error,d_left_wheel_error,d_right_wheel_error,left_pd_correction,right_pd_correction,fps,confidence,lookahead_m,curvature,speed_factor,front_min_m,lidar_ratio,lidar_stop,raw_valid,cmd_published,emergency_stop,odom_x,odom_y,odom_yaw,lane_state,controller_mode,outer_mode,mix_mode,lidar_mode,intent_hint,trajectory_hint,planner_status_hint,controller_mode_code,outer_mode_code,mix_mode_code,lidar_mode_code,intent_hint_code,trajectory_hint_code,planner_status_hint_code,control_error_age_s,cascade_state_age_s,cascade_ref_age_s,cmd_vel_age_s,odom_age_local_s,scan_age_s,controller_error_age_s,controller_odom_age_s
1784803278.31572,0.8873398303985596,-2.6,-0.0026,-2.6,nan,nan,nan,nan,-0.018000000000000002,nan,nan,nan,nan,nan,nan,nan,nan,nan,nan,nan,nan,nan,nan,nan,nan,nan,nan,nan,nan,nan,nan,nan,nan,nan,nan,nan,nan,nan,nan,nan,nan,nan,nan,nan,nan,nan,nan,nan,nan,nan,nan,0,0,0,0,nan,nan,nan,FOLLOW_MAIN,,,,,,,,0,0,0,0,0,0,0,8.96453857421875e-05,nan,nan,nan,nan,nan,nan,nan
1784803280.717056,3.2886757850646973,-2.4000000000000004,-0.0024000000000000002,-2.4000000000000004,-0.0020283828925941687,-2.028382892594169,0.0,0.0,-0.017,-0.014634159558839632,0.0,0.0,0.001268432550726639,0.0,0.0,0.0,3.5516111420345894e-05,0.78,0.04,0.72,0.028,0.75,0.07308380100098269,0.12339124320249198,0.13571593186280523,nan,0.06162500008940697,0.0,0.0,0.04154746623144728,nan,0.031521737575531006,0.12339124320249198,0.059497282803058625,0.165918015635907,0.12339124320249198,0.06375271737575532,0.17201465470247806,0.06389396039943335,0.05963852582673666,0.014300080907022866,-0.025468555574120116,0.030812101800798235,0.028371806841092397,nan,1.0,0.0,-1.2469999999999999,0.9164112978179647,2.046999931335449,1.0,0,1,1,0,0.3779134452342987,-0.00962033960968256,-0.03776304066250346,FOLLOW_MAIN,cascade_pd_tracking,planner_hold,inner_wheel_pd,lidar_disabled,FOLLOW_MAIN,COMMITTED,HOLD,1,1,1,1,1,1,1,2.4014129638671875,0.00011420249938964844,nan,nan,nan,nan,0.01387442400027794,0.015456298000117386
1784803281.106595,3.6782147884368896,-2.4000000000000004,-0.0024000000000000002,-2.4000000000000004,-0.0020283828925941687,-2.028382892594169,0.0,0.0,-0.017,-0.014634159558839632,0.0,0.0,0.001268432550726639,0.0,0.0,0.0,3.5516111420345894e-05,0.78,0.04,0.72,0.028,0.75,0.07308380100098269,0.12339124320249198,0.13571593186280523,nan,0.06162500008940697,0.0,0.0,0.04154746623144728,nan,0.031521737575531006,0.12339124320249198,0.059497282803058625,0.165918015635907,0.12339124320249198,0.06375271737575532,0.17201465470247806,0.06389396039943335,0.05963852582673666,0.014300080907022866,-0.025468555574120116,0.030812101800798235,0.028371806841092397,nan,1.0,0.0,-1.2469999999999999,0.9164112978179647,2.046999931335449,1.0,0,1,1,0,0.3779134452342987,-0.00962033960968256,-0.03776304066250346,FOLLOW_MAIN,cascade_pd_tracking,planner_hold,inner_wheel_pd,lidar_disabled,FOLLOW_MAIN,COMMITTED,HOLD,1,1,1,1,1,1,1,2.79095721244812,0.38965868949890137,0.00011205673217773438,nan,nan,nan,0.01387442400027794,0.015456298000117386
1784803281.5080597,4.079679489135742,-2.4000000000000004,-0.0024000000000000002,-2.4000000000000004,-0.0020283828925941687,-2.028382892594169,0.0,0.0,-0.017,-0.014634159558839632,0.0,0.0,0.001268432550726639,0.0,0.0,0.0,3.5516111420345894e-05,0.78,0.04,0.72,0.028,0.75,0.07308380100098269,0.12339124320249198,0.13571593186280523,0.10172340854769979,0.06162500008940697,0.0,0.0,0.04154746623144728,0.015431781247015776,0.031521737575531006,0.12339124320249198,0.059497282803058625,0.165918015635907,0.12339124320249198,0.06375271737575532,0.17201465470247806,0.06389396039943335,0.05963852582673666,0.014300080907022866,-0.025468555574120116,0.030812101800798235,0.028371806841092397,nan,1.0,0.0,-1.2469999999999999,0.9164112978179647,2.046999931335449,1.0,0,1,1,0,0.3779134452342987,-0.00962033960968256,-0.03776304066250346,FOLLOW_MAIN,cascade_pd_tracking,planner_hold,inner_wheel_pd,lidar_disabled,FOLLOW_MAIN,COMMITTED,HOLD,1,1,1,1,1,1,1,3.1924400329589844,0.7911417484283447,0.4015951156616211,0.00013947486877441406,nan,nan,0.01387442400027794,0.015456298000117386
1784803281.945952,4.517571687698364,-2.4000000000000004,-0.0024000000000000002,-2.4000000000000004,-0.0020283828925941687,-2.028382892594169,0.0,0.0,-0.017,-0.014634159558839632,0.0,0.0,0.001268432550726639,0.0,0.0,0.0,3.5516111420345894e-05,0.78,0.04,0.72,0.028,0.75,0.07308380100098269,0.12339124320249198,0.13571593186280523,0.10172340854769979,0.06162500008940697,0.0,0.0,0.04154746623144728,0.015431781247015776,0.031521737575531006,0.12339124320249198,0.059497282803058625,0.165918015635907,0.12339124320249198,0.06375271737575532,0.17201465470247806,0.06389396039943335,0.05963852582673666,0.014300080907022866,-0.025468555574120116,0.030812101800798235,0.028371806841092397,nan,1.0,0.0,-1.2469999999999999,0.9164112978179647,2.046999931335449,1.0,0,1,1,0,0.3779134452342987,-0.00962033960968256,-0.03776304066250346,FOLLOW_MAIN,cascade_pd_tracking,planner_hold,inner_wheel_pd,lidar_disabled,FOLLOW_MAIN,COMMITTED,HOLD,1,1,1,1,1,1,1,3.6303040981292725,1.2290050983428955,0.8394584655761719,0.4380028247833252,9.226799011230469e-05,nan,0.01387442400027794,0.015456298000117386
1784803282.3354092,4.907028913497925,-2.4000000000000004,-0.0024000000000000002,-2.4000000000000004,-0.0020283828925941687,-2.028382892594169,0.0,0.0,-0.017,-0.014634159558839632,0.0,0.0,0.001268432550726639,0.0,0.0,0.0,3.5516111420345894e-05,0.78,0.04,0.72,0.028,0.75,0.07308380100098269,0.12339124320249198,0.13571593186280523,0.10172340854769979,0.06162500008940697,0.0,0.0,0.04154746623144728,0.015431781247015776,0.031521737575531006,0.12339124320249198,0.059497282803058625,0.165918015635907,0.12339124320249198,0.06375271737575532,0.17201465470247806,0.06389396039943335,0.05963852582673666,0.014300080907022866,-0.025468555574120116,0.030812101800798235,0.028371806841092397,nan,1.0,0.0,-1.2469999999999999,0.9164112978179647,2.046999931335449,1.0,0,1,1,0,0.3779134452342987,-0.00962033960968256,-0.03776304066250346,FOLLOW_MAIN,cascade_pd_tracking,planner_hold,inner_wheel_pd,lidar_disabled,FOLLOW_MAIN,COMMITTED,HOLD,1,1,1,1,1,1,1,4.01978325843811,1.6184847354888916,1.228938102722168,0.8274822235107422,0.3895721435546875,0.00010919570922851562,0.01387442400027794,0.015456298000117386
1784803282.697387,5.269006729125977,-2.4000000000000004,-0.0024000000000000002,-2.4000000000000004,-0.0020283828925941687,-2.028382892594169,0.0,0.0,-0.017,-0.014634159558839632,0.0,0.0,0.001268432550726639,0.0,0.0,0.0,3.5516111420345894e-05,0.78,0.04,0.72,0.028,0.75,0.07308380100098269,0.12339124320249198,0.13571593186280523,0.10172340854769979,0.06162500008940697,0.0,0.0,0.04154746623144728,0.015431781247015776,0.031521737575531006,0.12339124320249198,0.059497282803058625,0.165918015635907,0.12339124320249198,0.06375271737575532,0.17201465470247806,0.06389396039943335,0.05963852582673666,0.014300080907022866,-0.025468555574120116,0.030812101800798235,0.028371806841092397,nan,1.0,0.0,-1.2469999999999999,0.9164112978179647,2.046999931335449,1.0,0,1,1,0,0.3779134452342987,-0.00962033960968256,-0.03776304066250346,FOLLOW_MAIN,cascade_pd_tracking,planner_hold,inner_wheel_pd,lidar_disabled,FOLLOW_MAIN,COMMITTED,HOLD,1,1,1,1,1,1,1,8.96453857421875e-05,1.9804537296295166,1.590907335281372,1.1894516944885254,0.7515411376953125,0.3620786666870117,0.01387442400027794,0.015456298000117386
1784803283.1012561,5.672875881195068,-4.4,-0.0044,-4.4,-0.0026618304244015534,-2.6618304244015536,0.0,0.0,-0.031,-0.019009385521736637,0.0,0.0,1.717257449537973e-05,0.0,0.0,0.0,4.808320858706324e-07,0.78,0.04,0.72,0.028,0.75,0.06649832382233413,0.09739089618821213,0.07609891810530792,0.10172340854769979,0.10512500256299973,0.0,0.0,0.011166609099712928,0.015431781247015776,-0.0315217524766922,0.09739089618821213,0.10725272085517645,0.09392386378650985,0.09739089618821213,0.102997284270823,0.09556244229570686,-0.009861824666964322,-0.005606388082610866,-0.1173770519041406,-0.093747244948286,-0.005907446359184281,-0.003628538729136076,nan,1.0,0.0,-2.5959999999999996,0.8338347814712743,1.8359999656677246,1.0,0,1,1,0,0.6028513312339783,-0.01682412251830101,-0.02950434406320424,FOLLOW_MAIN,cascade_pd_tracking,planner_hold,inner_wheel_pd,lidar_disabled,FOLLOW_MAIN,COMMITTED,HOLD,1,1,1,1,1,1,1,0.4039430618286133,9.179115295410156e-05,1.994760274887085,1.5933046340942383,1.1553940773010254,0.7659311294555664,0.04802752799969312,0.08946755799979655
1784803283.458537,6.030156850814819,-4.4,-0.0044,-4.4,-0.0026618304244015534,-2.6618304244015536,0.0,0.0,-0.031,-0.019009385521736637,0.0,0.0,1.717257449537973e-05,0.0,0.0,0.0,4.808320858706324e-07,0.78,0.04,0.72,0.028,0.75,0.06649832382233413,0.09739089618821213,0.07609891810530792,0.10172340854769979,0.10512500256299973,0.0,0.0,0.011166609099712928,0.015431781247015776,-0.0315217524766922,0.09739089618821213,0.10725272085517645,0.09392386378650985,0.09739089618821213,0.102997284270823,0.09556244229570686,-0.009861824666964322,-0.005606388082610866,-0.1173770519041406,-0.093747244948286,-0.005907446359184281,-0.003628538729136076,nan,1.0,0.0,-2.5959999999999996,0.8338347814712743,1.8359999656677246,1.0,0,1,1,0,0.6028513312339783,-0.01682412251830101,-0.02950434406320424,FOLLOW_MAIN,cascade_pd_tracking,planner_hold,inner_wheel_pd,lidar_disabled,FOLLOW_MAIN,COMMITTED,HOLD,1,1,1,1,1,1,1,0.7612347602844238,0.35738396644592285,9.298324584960938e-05,1.950596570968628,1.5126862525939941,1.1232235431671143,0.04802752799969312,0.08946755799979655
1784803283.807914,6.379533767700195,-4.4,-0.0044,-4.4,-0.0026618304244015534,-2.6618304244015536,0.0,0.0,-0.031,-0.019009385521736637,0.0,0.0,1.717257449537973e-05,0.0,0.0,0.0,4.808320858706324e-07,0.78,0.04,0.72,0.028,0.75,0.06649832382233413,0.09739089618821213,0.07609891810530792,0.05388743715033751,0.10512500256299973,0.0,0.0,0.011166609099712928,0.027150767637105926,-0.0315217524766922,0.09739089618821213,0.10725272085517645,0.09392386378650985,0.09739089618821213,0.102997284270823,0.09556244229570686,-0.009861824666964322,-0.005606388082610866,-0.1173770519041406,-0.093747244948286,-0.005907446359184281,-0.003628538729136076,nan,1.0,0.0,-2.5959999999999996,0.8338347814712743,1.8359999656677246,1.0,0,1,1,0,0.6028513312339783,-0.01682412251830101,-0.02950434406320424,FOLLOW_MAIN,cascade_pd_tracking,planner_hold,inner_wheel_pd,lidar_disabled,FOLLOW_MAIN,COMMITTED,HOLD,1,1,1,1,1,1,1,1.1106138229370117,0.7067627906799316,0.3494718074798584,0.00010251998901367188,1.862065315246582,1.472602367401123,0.04802752799969312,0.08946755799979655
1784803284.1688974,6.7405171394348145,-4.4,-0.0044,-4.4,-0.0026618304244015534,-2.6618304244015536,0.0,0.0,-0.031,-0.019009385521736637,0.0,0.0,1.717257449537973e-05,0.0,0.0,0.0,4.808320858706324e-07,0.78,0.04,0.72,0.028,0.75,0.06649832382233413,0.09739089618821213,0.07609891810530792,0.05388743715033751,0.10512500256299973,0.0,0.0,0.011166609099712928,0.027150767637105926,-0.0315217524766922,0.09739089618821213,0.10725272085517645,0.09392386378650985,0.09739089618821213,0.102997284270823,0.09556244229570686,-0.009861824666964322,-0.005606388082610866,-0.1173770519041406,-0.093747244948286,-0.005907446359184281,-0.003628538729136076,nan,1.0,0.0,-2.5959999999999996,0.8338347814712743,1.8359999656677246,1.0,0,1,1,0,0.6028513312339783,-0.01682412251830101,-0.02950434406320424,FOLLOW_MAIN,cascade_pd_tracking,planner_hold,inner_wheel_pd,lidar_disabled,FOLLOW_MAIN,COMMITTED,HOLD,1,1,1,1,1,1,1,1.471590518951416,1.0677392482757568,0.7104485034942627,0.36107921600341797,9.274482727050781e-05,1.8335785865783691,0.04802752799969312,0.08946755799979655
1784803284.5456243,7.117244005203247,-4.4,-0.0044,-4.4,-0.0026618304244015534,-2.6618304244015536,0.0,0.0,-0.031,-0.019009385521736637,0.0,0.0,1.717257449537973e-05,0.0,0.0,0.0,4.808320858706324e-07,0.78,0.04,0.72,0.028,0.75,0.06649832382233413,0.09739089618821213,0.07609891810530792,0.05388743715033751,0.10512500256299973,0.0,0.0,0.011166609099712928,0.027150767637105926,-0.0315217524766922,0.09739089618821213,0.10725272085517645,0.09392386378650985,0.09739089618821213,0.102997284270823,0.09556244229570686,-0.009861824666964322,-0.005606388082610866,-0.1173770519041406,-0.093747244948286,-0.005907446359184281,-0.003628538729136076,nan,1.0,0.0,-2.5959999999999996,0.8338347814712743,1.8359999656677246,1.0,0,1,1,0,0.6028513312339783,-0.01682412251830101,-0.02950434406320424,FOLLOW_MAIN,cascade_pd_tracking,planner_hold,inner_wheel_pd,lidar_disabled,FOLLOW_MAIN,COMMITTED,HOLD,1,1,1,1,1,1,1,1.8483150005340576,1.4444637298583984,1.0871729850769043,0.7378036975860596,0.3768174648284912,9.751319885253906e-05,0.04802752799969312,0.08946755799979655
1784803284.9058852,7.4775049686431885,-4.4,-0.0044,-4.4,-0.0026618304244015534,-2.6618304244015536,0.0,0.0,-0.031,-0.019009385521736637,0.0,0.0,1.717257449537973e-05,0.0,0.0,0.0,4.808320858706324e-07,0.78,0.04,0.72,0.028,0.75,0.06649832382233413,0.09739089618821213,0.07609891810530792,0.05388743715033751,0.10512500256299973,0.0,0.0,0.011166609099712928,0.027150767637105926,-0.0315217524766922,0.09739089618821213,0.10725272085517645,0.09392386378650985,0.09739089618821213,0.102997284270823,0.09556244229570686,-0.009861824666964322,-0.005606388082610866,-0.1173770519041406,-0.093747244948286,-0.005907446359184281,-0.003628538729136076,nan,1.0,0.0,-2.5959999999999996,0.8338347814712743,1.8359999656677246,1.0,0,1,1,0,0.6028513312339783,-0.01682412251830101,-0.02950434406320424,FOLLOW_MAIN,cascade_pd_tracking,planner_hold,inner_wheel_pd,lidar_disabled,FOLLOW_MAIN,COMMITTED,HOLD,1,1,1,1,1,1,1,0.00011849403381347656,1.8047258853912354,1.447434663772583,1.0980656147003174,0.737079381942749,0.36035943031311035,0.04802752799969312,0.08946755799979655
1784803285.2445679,7.816187620162964,-15.8,-0.0158,-15.8,-0.013905991176742741,-13.905991176742742,-0.013905991176742741,-13.905991176742742,-0.112,-0.0990626091830906,-0.0990626091830906,-0.013358473767492147,-0.036863626416177284,-0.010846673117859338,-0.000534338950699686,-0.07132507861182523,-0.0010321815396529639,0.78,0.04,0.72,0.028,1.0,0.1163900527631677,0.1163900527631677,0.09583738792006931,0.05388743715033751,0.11237499862909317,0.08373827222003723,0.08373827222003723,0.11711360040726199,0.027150767637105926,-0.03152172267436981,0.11073771938831518,0.11450271490961313,0.11072497401756219,0.12204238613802022,0.11024728234857321,0.12791012190341042,0.0,0.011795103789447009,-0.0012745370752992949,0.020608594645563364,-1.2745370752992949e-05,0.005867735765390197,nan,1.0,0.0,-1.557,0.8026900190563291,1.6720000505447388,1.0,0,1,1,0,0.7853325009346008,-0.02309728041291237,-0.03625000496091852,FOLLOW_MAIN,cascade_pd_tracking,follow_main,inner_wheel_pd,lidar_disabled,FOLLOW_MAIN,COMMITTED,UNKNOWN,1,2,1,1,1,1,2,0.33879542350769043,9.465217590332031e-05,1.7861123085021973,1.4367430210113525,1.0757567882537842,0.6990365982055664,0.049677420999614696,0.06575818399960554
1784803285.6109214,8.182541131973267,-15.8,-0.0158,-15.8,-0.013905991176742741,-13.905991176742742,-0.013905991176742741,-13.905991176742742,-0.112,-0.0990626091830906,-0.0990626091830906,-0.013358473767492147,-0.036863626416177284,-0.010846673117859338,-0.000534338950699686,-0.07132507861182523,-0.0010321815396529639,0.78,0.04,0.72,0.028,1.0,0.1163900527631677,0.1163900527631677,0.09583738792006931,0.05388743715033751,0.11237499862909317,0.08373827222003723,0.08373827222003723,0.11711360040726199,0.027150767637105926,-0.03152172267436981,0.11073771938831518,0.11450271490961313,0.11072497401756219,0.12204238613802022,0.11024728234857321,0.12791012190341042,0.0,0.011795103789447009,-0.0012745370752992949,0.020608594645563364,-1.2745370752992949e-05,0.005867735765390197,nan,1.0,0.0,-1.557,0.8026900190563291,1.6720000505447388,1.0,0,1,1,0,0.7853325009346008,-0.02309728041291237,-0.03625000496091852,FOLLOW_MAIN,cascade_pd_tracking,follow_main,inner_wheel_pd,lidar_disabled,FOLLOW_MAIN,COMMITTED,UNKNOWN,1,2,1,1,1,1,2,0.7051961421966553,0.36649584770202637,0.00018143653869628906,1.8031446933746338,1.442159652709961,1.0654401779174805,0.049677420999614696,0.06575818399960554
1784803285.958555,8.530174732208252,-15.8,-0.0158,-15.8,-0.013905991176742741,-13.905991176742742,-0.013905991176742741,-13.905991176742742,-0.112,-0.0990626091830906,-0.0990626091830906,-0.013358473767492147,-0.036863626416177284,-0.010846673117859338,-0.000534338950699686,-0.07132507861182523,-0.0010321815396529639,0.78,0.04,0.72,0.028,1.0,0.1163900527631677,0.1163900527631677,0.09583738792006931,0.052802309295352956,0.11237499862909317,0.08373827222003723,0.08373827222003723,0.11711360040726199,0.051067838335799816,-0.03152172267436981,0.11073771938831518,0.11450271490961313,0.11072497401756219,0.12204238613802022,0.11024728234857321,0.12791012190341042,0.0,0.011795103789447009,-0.0012745370752992949,0.020608594645563364,-1.2745370752992949e-05,0.005867735765390197,nan,1.0,0.0,-1.557,0.8026900190563291,1.6720000505447388,1.0,0,1,1,0,0.7853325009346008,-0.02309728041291237,-0.03625000496091852,FOLLOW_MAIN,cascade_pd_tracking,follow_main,inner_wheel_pd,lidar_disabled,FOLLOW_MAIN,COMMITTED,UNKNOWN,1,2,1,1,1,1,2,1.0527794361114502,0.7140781879425049,0.3477637767791748,8.273124694824219e-05,1.7897403240203857,1.4130198955535889,0.049677420999614696,0.06575818399960554
1784803286.3184564,8.890076160430908,-15.8,-0.0158,-15.8,-0.013905991176742741,-13.905991176742742,-0.013905991176742741,-13.905991176742742,-0.112,-0.0990626091830906,-0.0990626091830906,-0.013358473767492147,-0.036863626416177284,-0.010846673117859338,-0.000534338950699686,-0.07132507861182523,-0.0010321815396529639,0.78,0.04,0.72,0.028,1.0,0.1163900527631677,0.1163900527631677,0.09583738792006931,0.052802309295352956,0.11237499862909317,0.08373827222003723,0.08373827222003723,0.11711360040726199,0.051067838335799816,-0.03152172267436981,0.11073771938831518,0.11450271490961313,0.11072497401756219,0.12204238613802022,0.11024728234857321,0.12791012190341042,0.0,0.011795103789447009,-0.0012745370752992949,0.020608594645563364,-1.2745370752992949e-05,0.005867735765390197,nan,1.0,0.0,-1.557,0.8026900190563291,1.6720000505447388,1.0,0,1,1,0,0.7853325009346008,-0.02309728041291237,-0.03625000496091852,FOLLOW_MAIN,cascade_pd_tracking,follow_main,inner_wheel_pd,lidar_disabled,FOLLOW_MAIN,COMMITTED,UNKNOWN,1,2,1,1,1,1,2,1.4126884937286377,1.0739874839782715,0.7076728343963623,0.35999202728271484,0.00011420249938964844,1.7729289531707764,0.049677420999614696,0.06575818399960554
1784803286.6824024,9.254022121429443,-15.8,-0.0158,-15.8,-0.013905991176742741,-13.905991176742742,-0.013905991176742741,-13.905991176742742,-0.112,-0.0990626091830906,-0.0990626091830906,-0.013358473767492147,-0.036863626416177284,-0.010846673117859338,-0.000534338950699686,-0.07132507861182523,-0.0010321815396529639,0.78,0.04,0.72,0.028,1.0,0.1163900527631677,0.1163900527631677,0.09583738792006931,0.052802309295352956,0.11237499862909317,0.08373827222003723,0.08373827222003723,0.11711360040726199,0.051067838335799816,-0.03152172267436981,0.11073771938831518,0.11450271490961313,0.11072497401756219,0.12204238613802022,0.11024728234857321,0.12791012190341042,0.0,0.011795103789447009,-0.0012745370752992949,0.020608594645563364,-1.2745370752992949e-05,0.005867735765390197,nan,1.0,0.0,-1.557,0.8026900190563291,1.6720000505447388,1.0,0,1,1,0,0.7853325009346008,-0.02309728041291237,-0.03625000496091852,FOLLOW_MAIN,cascade_pd_tracking,follow_main,inner_wheel_pd,lidar_disabled,FOLLOW_MAIN,COMMITTED,UNKNOWN,1,2,1,1,1,1,2,1.7766470909118652,1.4379463195800781,1.0716314315795898,0.7239506244659424,0.3640732765197754,0.0001220703125,0.049677420999614696,0.06575818399960554
1784803287.043213,9.614832639694214,-15.8,-0.0158,-15.8,-0.013905991176742741,-13.905991176742742,-0.013905991176742741,-13.905991176742742,-0.112,-0.0990626091830906,-0.0990626091830906,-0.013358473767492147,-0.036863626416177284,-0.010846673117859338,-0.000534338950699686,-0.07132507861182523,-0.0010321815396529639,0.78,0.04,0.72,0.028,1.0,0.1163900527631677,0.1163900527631677,0.09583738792006931,0.052802309295352956,0.11237499862909317,0.08373827222003723,0.08373827222003723,0.11711360040726199,0.051067838335799816,-0.03152172267436981,0.11073771938831518,0.11450271490961313,0.11072497401756219,0.12204238613802022,0.11024728234857321,0.12791012190341042,0.0,0.011795103789447009,-0.0012745370752992949,0.020608594645563364,-1.2745370752992949e-05,0.005867735765390197,nan,1.0,0.0,-1.557,0.8026900190563291,1.6720000505447388,1.0,0,1,1,0,0.7853325009346008,-0.02309728041291237,-0.03625000496091852,FOLLOW_MAIN,cascade_pd_tracking,follow_main,inner_wheel_pd,lidar_disabled,FOLLOW_MAIN,COMMITTED,UNKNOWN,1,2,1,1,1,1,2,6.985664367675781e-05,1.798738956451416,1.4324240684509277,1.0847434997558594,0.7248656749725342,0.3609151840209961,0.049677420999614696,0.06575818399960554
1784803287.3991723,9.970792055130005,-25.5,-0.0255,-25.5,-0.024512902999069133,-24.512902999069134,-0.024512902999069133,-24.512902999069134,-0.18,-0.17332871880624812,-0.17332871880624812,-0.003721336176720884,-0.024906438255236387,-0.019120064339273924,-0.00014885344706883535,-0.12479667754049864,-0.0006973802711466189,0.78,0.04,0.72,0.028,1.0,0.11596123752039415,0.07167751021994265,0.05770053691544767,0.052802309295352956,0.06887499988079071,0.14476297559798804,0.12975534546231313,0.12627190114042924,0.051067838335799816,0.09456521272659302,0.0629190244012365,0.062491848021745684,0.06257265397388564,0.08043599603864879,0.07525815173983574,0.08110168294557907,0.0,0.005177844298813045,-0.03463704273508648,-0.0451259450988491,-0.0003463704273508648,0.00203410581244177,nan,1.0,0.0,-0.42,0.7997326725544425,1.590000033378601,1.0,0,1,1,0,0.9275333285331726,-0.019132407382130623,0.12107497431204597,FOLLOW_MAIN,cascade_pd_tracking,follow_main,inner_wheel_pd,lidar_disabled,FOLLOW_MAIN,COMMITTED,UNKNOWN,1,2,1,1,1,1,2,0.356034517288208,9.5367431640625e-05,1.7883899211883545,1.4407093524932861,1.080831527709961,0.7168805599212646,0.032890471999962756,0.0505679049997525
1784803287.7565906,10.328210353851318,-25.5,-0.0255,-25.5,-0.024512902999069133,-24.512902999069134,-0.024512902999069133,-24.512902999069134,-0.18,-0.17332871880624812,-0.17332871880624812,-0.003721336176720884,-0.024906438255236387,-0.019120064339273924,-0.00014885344706883535,-0.12479667754049864,-0.0006973802711466189,0.78,0.04,0.72,0.028,1.0,0.11596123752039415,0.07167751021994265,0.05770053691544767,0.052802309295352956,0.06887499988079071,0.14476297559798804,0.12975534546231313,0.12627190114042924,0.051067838335799816,0.09456521272659302,0.0629190244012365,0.062491848021745684,0.06257265397388564,0.08043599603864879,0.07525815173983574,0.08110168294557907,0.0,0.005177844298813045,-0.03463704273508648,-0.0451259450988491,-0.0003463704273508648,0.00203410581244177,nan,1.0,0.0,-0.42,0.7997326725544425,1.590000033378601,1.0,0,1,1,0,0.9275333285331726,-0.019132407382130623,0.12107497431204597,FOLLOW_MAIN,cascade_pd_tracking,follow_main,inner_wheel_pd,lidar_disabled,FOLLOW_MAIN,COMMITTED,UNKNOWN,1,2,1,1,1,1,2,0.7134482860565186,0.35750865936279297,7.081031799316406e-05,1.7981221675872803,1.4382445812225342,1.0742933750152588,0.032890471999962756,0.0505679049997525
1784803288.1196613,10.691281080245972,-25.5,-0.0255,-25.5,-0.024512902999069133,-24.512902999069134,-0.024512902999069133,-24.512902999069134,-0.18,-0.17332871880624812,-0.17332871880624812,-0.003721336176720884,-0.024906438255236387,-0.019120064339273924,-0.00014885344706883535,-0.12479667754049864,-0.0006973802711466189,0.78,0.04,0.72,0.028,1.0,0.11596123752039415,0.07167751021994265,0.05770053691544767,0.06677286091421829,0.06887499988079071,0.14476297559798804,0.12975534546231313,0.12627190114042924,0.19134546791780985,0.09456521272659302,0.0629190244012365,0.062491848021745684,0.06257265397388564,0.08043599603864879,0.07525815173983574,0.08110168294557907,0.0,0.005177844298813045,-0.03463704273508648,-0.0451259450988491,-0.0003463704273508648,0.00203410581244177,nan,1.0,0.0,-0.42,0.7997326725544425,1.590000033378601,1.0,0,1,1,0,0.9275333285331726,-0.019132407382130623,0.12107497431204597,FOLLOW_MAIN,cascade_pd_tracking,follow_main,inner_wheel_pd,lidar_disabled,FOLLOW_MAIN,COMMITTED,UNKNOWN,1,2,1,1,1,1,2,1.076537847518921,0.7205984592437744,0.3631610870361328,0.00010347366333007812,1.8013346195220947,1.4373838901519775,0.032890471999962756,0.0505679049997525
1784803288.4909272,11.062546968460083,-25.5,-0.0255,-25.5,-0.024512902999069133,-24.512902999069134,-0.024512902999069133,-24.512902999069134,-0.18,-0.17332871880624812,-0.17332871880624812,-0.003721336176720884,-0.024906438255236387,-0.019120064339273924,-0.00014885344706883535,-0.12479667754049864,-0.0006973802711466189,0.78,0.04,0.72,0.028,1.0,0.11596123752039415,0.07167751021994265,0.05770053691544767,0.06677286091421829,0.06887499988079071,0.14476297559798804,0.12975534546231313,0.12627190114042924,0.19134546791780985,0.09456521272659302,0.0629190244012365,0.062491848021745684,0.06257265397388564,0.08043599603864879,0.07525815173983574,0.08110168294557907,0.0,0.005177844298813045,-0.03463704273508648,-0.0451259450988491,-0.0003463704273508648,0.00203410581244177,nan,1.0,0.0,-0.42,0.7997326725544425,1.590000033378601,1.0,0,1,1,0,0.9275333285331726,-0.019132407382130623,0.12107497431204597,FOLLOW_MAIN,cascade_pd_tracking,follow_main,inner_wheel_pd,lidar_disabled,FOLLOW_MAIN,COMMITTED,UNKNOWN,1,2,1,1,1,1,2,1.447786808013916,1.0918471813201904,0.7344093322753906,0.3713517189025879,8.440017700195312e-05,1.8086318969726562,0.032890471999962756,0.0505679049997525
1784803288.8576856,11.4293053150177,-25.5,-0.0255,-25.5,-0.024512902999069133,-24.512902999069134,-0.024512902999069133,-24.512902999069134,-0.18,-0.17332871880624812,-0.17332871880624812,-0.003721336176720884,-0.024906438255236387,-0.019120064339273924,-0.00014885344706883535,-0.12479667754049864,-0.0006973802711466189,0.78,0.04,0.72,0.028,1.0,0.11596123752039415,0.07167751021994265,0.05770053691544767,0.06677286091421829,0.06887499988079071,0.14476297559798804,0.12975534546231313,0.12627190114042924,0.19134546791780985,0.09456521272659302,0.0629190244012365,0.062491848021745684,0.06257265397388564,0.08043599603864879,0.07525815173983574,0.08110168294557907,0.0,0.005177844298813045,-0.03463704273508648,-0.0451259450988491,-0.0003463704273508648,0.00203410581244177,nan,1.0,0.0,-0.42,0.7997326725544425,1.590000033378601,1.0,0,1,1,0,0.9275333285331726,-0.019132407382130623,0.12107497431204597,FOLLOW_MAIN,cascade_pd_tracking,follow_main,inner_wheel_pd,lidar_disabled,FOLLOW_MAIN,COMMITTED,UNKNOWN,1,2,1,1,1,1,2,1.8145384788513184,1.4585986137390137,1.1011607646942139,0.7381227016448975,0.3668556213378906,8.797645568847656e-05,0.032890471999962756,0.0505679049997525
1784803289.2317526,11.803372383117676,-25.5,-0.0255,-25.5,-0.024512902999069133,-24.512902999069134,-0.024512902999069133,-24.512902999069134,-0.18,-0.17332871880624812,-0.17332871880624812,-0.003721336176720884,-0.024906438255236387,-0.019120064339273924,-0.00014885344706883535,-0.12479667754049864,-0.0006973802711466189,0.78,0.04,0.72,0.028,1.0,0.11596123752039415,0.07167751021994265,0.05770053691544767,0.06677286091421829,0.06887499988079071,0.14476297559798804,0.12975534546231313,0.12627190114042924,0.19134546791780985,0.09456521272659302,0.0629190244012365,0.062491848021745684,0.06257265397388564,0.08043599603864879,0.07525815173983574,0.08110168294557907,0.0,0.005177844298813045,-0.03463704273508648,-0.0451259450988491,-0.0003463704273508648,0.00203410581244177,nan,1.0,0.0,-0.42,0.7997326725544425,1.590000033378601,1.0,0,1,1,0,0.9275333285331726,-0.019132407382130623,0.12107497431204597,FOLLOW_MAIN,cascade_pd_tracking,follow_main,inner_wheel_pd,lidar_disabled,FOLLOW_MAIN,COMMITTED,UNKNOWN,1,2,1,1,1,1,2,6.270408630371094e-05,1.8326668739318848,1.475229263305664,1.1121716499328613,0.7409043312072754,0.37413692474365234,0.032890471999962756,0.0505679049997525
1784803289.6095295,12.181149244308472,-39.300000000000004,-0.0393,-39.300000000000004,-0.03761662604298971,-37.61662604298971,-0.03761662604298971,-37.61662604298971,-0.273,-0.2626077946458973,-0.2626077946458973,-0.006592612131333472,-0.044724811282548294,-0.029340968313531973,-0.0002637044852533389,-0.18907761214504604,-0.0012522947159113523,0.78,0.04,0.72,0.028,0.75,0.065,0.065,0.05567676603321038,0.06677286091421829,0.054375000298023224,0.16495093474480702,0.16495093474480702,0.221747070748974,0.19134546791780985,0.031521737575531006,0.05386581190472553,0.05224728301167488,0.053048087542264595,0.07613418809527447,0.056502717584371566,0.08558705988042926,0.0,0.01963147051090291,-0.08177243624609325,0.002976593992138858,-0.0008177243624609325,0.009452871785154785,nan,1.0,0.0,-0.369,0.7258242624754849,1.4830000400543213,1.0,0,1,1,0,1.0534623861312866,0.015074622817337513,0.4398858075878152,FOLLOW_MAIN,cascade_pd_tracking,planner_hold,inner_wheel_pd,lidar_disabled,FOLLOW_MAIN,COMMITTED,HOLD,1,1,1,1,1,1,1,0.37785792350769043,0.00018906593322753906,1.853024959564209,1.4899673461914062,1.1187007427215576,0.7519340515136719,0.11322702600000412,0.10537361800015788
1784803289.9655282,12.537147998809814,-39.300000000000004,-0.0393,-39.300000000000004,-0.03761662604298971,-37.61662604298971,-0.03761662604298971,-37.61662604298971,-0.273,-0.2626077946458973,-0.2626077946458973,-0.006592612131333472,-0.044724811282548294,-0.029340968313531973,-0.0002637044852533389,-0.18907761214504604,-0.0012522947159113523,0.78,0.04,0.72,0.028,0.75,0.065,0.065,0.05567676603321038,0.06677286091421829,0.054375000298023224,0.16495093474480702,0.16495093474480702,0.221747070748974,0.19134546791780985,0.031521737575531006,0.05386581190472553,0.05224728301167488,0.053048087542264595,0.07613418809527447,0.056502717584371566,0.08558705988042926,0.0,0.01963147051090291,-0.08177243624609325,0.002976593992138858,-0.0008177243624609325,0.009452871785154785,nan,1.0,0.0,-0.369,0.7258242624754849,1.4830000400543213,1.0,0,1,1,0,1.0534623861312866,0.015074622817337513,0.4398858075878152,FOLLOW_MAIN,cascade_pd_tracking,planner_hold,inner_wheel_pd,lidar_disabled,FOLLOW_MAIN,COMMITTED,HOLD,1,1,1,1,1,1,1,0.7338411808013916,0.3561718463897705,7.200241088867188e-05,1.8459501266479492,1.4746830463409424,1.1079156398773193,0.11322702600000412,0.10537361800015788
1784803290.3269234,12.898543119430542,-39.300000000000004,-0.0393,-39.300000000000004,-0.03761662604298971,-37.61662604298971,-0.03761662604298971,-37.61662604298971,-0.273,-0.2626077946458973,-0.2626077946458973,-0.006592612131333472,-0.044724811282548294,-0.029340968313531973,-0.0002637044852533389,-0.18907761214504604,-0.0012522947159113523,0.78,0.04,0.72,0.028,0.75,0.065,0.065,0.05567676603321038,0.06331567069755929,0.054375000298023224,0.16495093474480702,0.16495093474480702,0.221747070748974,0.10195679780664536,0.031521737575531006,0.05386581190472553,0.05224728301167488,0.053048087542264595,0.07613418809527447,0.056502717584371566,0.08558705988042926,0.0,0.01963147051090291,-0.08177243624609325,0.002976593992138858,-0.0008177243624609325,0.009452871785154785,nan,1.0,0.0,-0.369,0.7258242624754849,1.4830000400543213,1.0,0,1,1,0,1.0534623861312866,0.015074622817337513,0.4398858075878152,FOLLOW_MAIN,cascade_pd_tracking,planner_hold,inner_wheel_pd,lidar_disabled,FOLLOW_MAIN,COMMITTED,HOLD,1,1,1,1,1,1,1,1.0952396392822266,0.7175703048706055,0.36146998405456543,0.00010943412780761719,1.8360815048217773,1.4693138599395752,0.11322702600000412,0.10537361800015788
1784803290.6756306,13.247250318527222,-39.300000000000004,-0.0393,-39.300000000000004,-0.03761662604298971,-37.61662604298971,-0.03761662604298971,-37.61662604298971,-0.273,-0.2626077946458973,-0.2626077946458973,-0.006592612131333472,-0.044724811282548294,-0.029340968313531973,-0.0002637044852533389,-0.18907761214504604,-0.0012522947159113523,0.78,0.04,0.72,0.028,0.75,0.065,0.065,0.05567676603321038,0.06331567069755929,0.054375000298023224,0.16495093474480702,0.16495093474480702,0.221747070748974,0.10195679780664536,0.031521737575531006,0.05386581190472553,0.05224728301167488,0.053048087542264595,0.07613418809527447,0.056502717584371566,0.08558705988042926,0.0,0.01963147051090291,-0.08177243624609325,0.002976593992138858,-0.0008177243624609325,0.009452871785154785,nan,1.0,0.0,-0.369,0.7258242624754849,1.4830000400543213,1.0,0,1,1,0,1.0534623861312866,0.015074622817337513,0.4398858075878152,FOLLOW_MAIN,cascade_pd_tracking,planner_hold,inner_wheel_pd,lidar_disabled,FOLLOW_MAIN,COMMITTED,HOLD,1,1,1,1,1,1,1,1.4439404010772705,1.0662708282470703,0.7101705074310303,0.34880995750427246,7.104873657226562e-05,1.8180139064788818,0.11322702600000412,0.10537361800015788
1784803291.024999,13.59661865234375,-39.300000000000004,-0.0393,-39.300000000000004,-0.03761662604298971,-37.61662604298971,-0.03761662604298971,-37.61662604298971,-0.273,-0.2626077946458973,-0.2626077946458973,-0.006592612131333472,-0.044724811282548294,-0.029340968313531973,-0.0002637044852533389,-0.18907761214504604,-0.0012522947159113523,0.78,0.04,0.72,0.028,0.75,0.065,0.065,0.05567676603321038,0.06331567069755929,0.054375000298023224,0.16495093474480702,0.16495093474480702,0.221747070748974,0.10195679780664536,0.031521737575531006,0.05386581190472553,0.05224728301167488,0.053048087542264595,0.07613418809527447,0.056502717584371566,0.08558705988042926,0.0,0.01963147051090291,-0.08177243624609325,0.002976593992138858,-0.0008177243624609325,0.009452871785154785,nan,1.0,0.0,-0.369,0.7258242624754849,1.4830000400543213,1.0,0,1,1,0,1.0534623861312866,0.015074622817337513,0.4398858075878152,FOLLOW_MAIN,cascade_pd_tracking,planner_hold,inner_wheel_pd,lidar_disabled,FOLLOW_MAIN,COMMITTED,HOLD,1,1,1,1,1,1,1,1.7933080196380615,1.4156386852264404,1.0595383644104004,0.6981778144836426,0.3494389057159424,7.009506225585938e-05,0.11322702600000412,0.10537361800015788
1784803291.3944879,13.966107606887817,-39.300000000000004,-0.0393,-39.300000000000004,-0.03761662604298971,-37.61662604298971,-0.03761662604298971,-37.61662604298971,-0.273,-0.2626077946458973,-0.2626077946458973,-0.006592612131333472,-0.044724811282548294,-0.029340968313531973,-0.0002637044852533389,-0.18907761214504604,-0.0012522947159113523,0.78,0.04,0.72,0.028,0.75,0.065,0.065,0.05567676603321038,0.06331567069755929,0.054375000298023224,0.16495093474480702,0.16495093474480702,0.221747070748974,0.10195679780664536,0.031521737575531006,0.05386581190472553,0.05224728301167488,0.053048087542264595,0.07613418809527447,0.056502717584371566,0.08558705988042926,0.0,0.01963147051090291,-0.08177243624609325,0.002976593992138858,-0.0008177243624609325,0.009452871785154785,nan,1.0,0.0,-0.369,0.7258242624754849,1.4830000400543213,1.0,0,1,1,0,1.0534623861312866,0.015074622817337513,0.4398858075878152,FOLLOW_MAIN,cascade_pd_tracking,planner_hold,inner_wheel_pd,lidar_disabled,FOLLOW_MAIN,COMMITTED,HOLD,1,1,1,1,1,1,1,8.630752563476562e-05,1.7851359844207764,1.4290359020233154,1.0676753520965576,0.7189366817474365,0.36956787109375,0.11322702600000412,0.10537361800015788
1784803291.7506015,14.322221279144287,-33.800000000000004,-0.033800000000000004,-33.800000000000004,-0.03159810384345884,-31.59810384345884,-0.03159810384345884,-31.59810384345884,-0.23700000000000002,-0.2219666506298356,-0.2219666506298356,0.0030805566916430245,0.020569998425482523,-0.024646520997897894,0.00012322226766572097,-0.1598159884534816,0.0005759599559135107,0.78,0.04,0.72,0.028,0.75,0.065,0.065,0.06724332729003506,0.06331567069755929,0.028999999165534973,0.1378224954208502,0.1378224954208502,0.10112048378937706,0.10195679780664536,0.18913042545318604,0.05569698155909261,0.016233695447444914,0.07629877654589479,0.07430301844090739,0.04176630288362503,0.09113710840629251,0.0394632861116477,0.03253671555728236,0.16594176532112784,0.12164664978895877,0.020601794986802174,0.01683408996538512,nan,1.0,0.0,0.016,0.7788739605197705,1.3639999628067017,1.0,0,1,1,0,1.165808081626892,0.09320226311683655,0.7855217029478812,FOLLOW_MAIN,cascade_pd_tracking,planner_hold,inner_wheel_pd,lidar_disabled,FOLLOW_MAIN,COMMITTED,HOLD,1,1,1,1,1,1,1,0.35619330406188965,7.891654968261719e-05,1.7851426601409912,1.4237823486328125,1.0750434398651123,0.7256746292114258,0.0698852129999068,0.06304834399998072
1784803292.1085992,14.680218935012817,-33.800000000000004,-0.033800000000000004,-33.800000000000004,-0.03159810384345884,-31.59810384345884,-0.03159810384345884,-31.59810384345884,-0.23700000000000002,-0.2219666506298356,-0.2219666506298356,0.0030805566916430245,0.020569998425482523,-0.024646520997897894,0.00012322226766572097,-0.1598159884534816,0.0005759599559135107,0.78,0.04,0.72,0.028,0.75,0.065,0.065,0.06724332729003506,0.06331567069755929,0.028999999165534973,0.1378224954208502,0.1378224954208502,0.10112048378937706,0.10195679780664536,0.18913042545318604,0.05569698155909261,0.016233695447444914,0.07629877654589479,0.07430301844090739,0.04176630288362503,0.09113710840629251,0.0394632861116477,0.03253671555728236,0.16594176532112784,0.12164664978895877,0.020601794986802174,0.01683408996538512,nan,1.0,0.0,0.016,0.7788739605197705,1.3639999628067017,1.0,0,1,1,0,1.165808081626892,0.09320226311683655,0.7855217029478812,FOLLOW_MAIN,cascade_pd_tracking,planner_hold,inner_wheel_pd,lidar_disabled,FOLLOW_MAIN,COMMITTED,HOLD,1,1,1,1,1,1,1,0.7141928672790527,0.3580782413482666,7.200241088867188e-05,1.7817816734313965,1.4330430030822754,1.083674430847168,0.0698852129999068,0.06304834399998072
1784803292.4575334,15.029153108596802,-33.800000000000004,-0.033800000000000004,-33.800000000000004,-0.03159810384345884,-31.59810384345884,-0.03159810384345884,-31.59810384345884,-0.23700000000000002,-0.2219666506298356,-0.2219666506298356,0.0030805566916430245,0.020569998425482523,-0.024646520997897894,0.00012322226766572097,-0.1598159884534816,0.0005759599559135107,0.78,0.04,0.72,0.028,0.75,0.065,0.065,0.06724332729003506,0.07596391636265627,0.028999999165534973,0.1378224954208502,0.1378224954208502,0.10112048378937706,0.1975292508665791,0.18913042545318604,0.05569698155909261,0.016233695447444914,0.07629877654589479,0.07430301844090739,0.04176630288362503,0.09113710840629251,0.0394632861116477,0.03253671555728236,0.16594176532112784,0.12164664978895877,0.020601794986802174,0.01683408996538512,nan,1.0,0.0,0.016,0.7788739605197705,1.3639999628067017,1.0,0,1,1,0,1.165808081626892,0.09320226311683655,0.7855217029478812,FOLLOW_MAIN,cascade_pd_tracking,planner_hold,inner_wheel_pd,lidar_disabled,FOLLOW_MAIN,COMMITTED,HOLD,1,1,1,1,1,1,1,1.0631322860717773,0.7070183753967285,0.3490121364593506,8.678436279296875e-05,1.7819831371307373,1.4326143264770508,0.0698852129999068,0.06304834399998072
1784803292.8175619,15.38918161392212,-33.800000000000004,-0.033800000000000004,-33.800000000000004,-0.03159810384345884,-31.59810384345884,-0.03159810384345884,-31.59810384345884,-0.23700000000000002,-0.2219666506298356,-0.2219666506298356,0.0030805566916430245,0.020569998425482523,-0.024646520997897894,0.00012322226766572097,-0.1598159884534816,0.0005759599559135107,0.78,0.04,0.72,0.028,0.75,0.065,0.065,0.06724332729003506,0.07596391636265627,0.028999999165534973,0.1378224954208502,0.1378224954208502,0.10112048378937706,0.1975292508665791,0.18913042545318604,0.05569698155909261,0.016233695447444914,0.07629877654589479,0.07430301844090739,0.04176630288362503,0.09113710840629251,0.0394632861116477,0.03253671555728236,0.16594176532112784,0.12164664978895877,0.020601794986802174,0.01683408996538512,nan,1.0,0.0,0.016,0.7788739605197705,1.3639999628067017,1.0,0,1,1,0,1.165808081626892,0.09320226311683655,0.7855217029478812,FOLLOW_MAIN,cascade_pd_tracking,planner_hold,inner_wheel_pd,lidar_disabled,FOLLOW_MAIN,COMMITTED,HOLD,1,1,1,1,1,1,1,1.4231722354888916,1.0670580863952637,0.7090520858764648,0.3601264953613281,0.00011444091796875,1.792654275894165,0.0698852129999068,0.06304834399998072
1784803293.1865218,15.75814151763916,-33.800000000000004,-0.033800000000000004,-33.800000000000004,-0.03159810384345884,-31.59810384345884,-0.03159810384345884,-31.59810384345884,-0.23700000000000002,-0.2219666506298356,-0.2219666506298356,0.0030805566916430245,0.020569998425482523,-0.024646520997897894,0.00012322226766572097,-0.1598159884534816,0.0005759599559135107,0.78,0.04,0.72,0.028,0.75,0.065,0.065,0.06724332729003506,0.07596391636265627,0.028999999165534973,0.1378224954208502,0.1378224954208502,0.10112048378937706,0.1975292508665791,0.18913042545318604,0.05569698155909261,0.016233695447444914,0.07629877654589479,0.07430301844090739,0.04176630288362503,0.09113710840629251,0.0394632861116477,0.03253671555728236,0.16594176532112784,0.12164664978895877,0.020601794986802174,0.01683408996538512,nan,1.0,0.0,0.016,0.7788739605197705,1.3639999628067017,1.0,0,1,1,0,1.165808081626892,0.09320226311683655,0.7855217029478812,FOLLOW_MAIN,cascade_pd_tracking,planner_hold,inner_wheel_pd,lidar_disabled,FOLLOW_MAIN,COMMITTED,HOLD,1,1,1,1,1,1,1,1.7921154499053955,1.4360010623931885,1.0779945850372314,0.7290692329406738,0.36905670166015625,9.965896606445312e-05,0.0698852129999068,0.06304834399998072
1784803293.5618632,16.133482933044434,-33.800000000000004,-0.033800000000000004,-33.800000000000004,-0.03159810384345884,-31.59810384345884,-0.03159810384345884,-31.59810384345884,-0.23700000000000002,-0.2219666506298356,-0.2219666506298356,0.0030805566916430245,0.020569998425482523,-0.024646520997897894,0.00012322226766572097,-0.1598159884534816,0.0005759599559135107,0.78,0.04,0.72,0.028,0.75,0.065,0.065,0.06724332729003506,0.07596391636265627,0.028999999165534973,0.1378224954208502,0.1378224954208502,0.10112048378937706,0.1975292508665791,0.18913042545318604,0.05569698155909261,0.016233695447444914,0.07629877654589479,0.07430301844090739,0.04176630288362503,0.09113710840629251,0.0394632861116477,0.03253671555728236,0.16594176532112784,0.12164664978895877,0.020601794986802174,0.01683408996538512,nan,1.0,0.0,0.016,0.7788739605197705,1.3639999628067017,1.0,0,1,1,0,1.165808081626892,0.09320226311683655,0.7855217029478812,FOLLOW_MAIN,cascade_pd_tracking,planner_hold,inner_wheel_pd,lidar_disabled,FOLLOW_MAIN,COMMITTED,HOLD,1,1,1,1,1,1,1,8.416175842285156e-05,1.8113489151000977,1.4533429145812988,1.1044175624847412,0.7444050312042236,0.37544775009155273,0.0698852129999068,0.06304834399998072
1784803295.9472008,18.5188205242157,-10.600000000000001,-0.010600000000000002,-10.600000000000001,-0.009030962767454352,-9.030962767454351,0.0,0.0,-0.076,-0.06454682582659123,-0.06454682582659123,0.0013817688987924886,-0.00046274472406033444,0.0,5.5270755951699544e-05,-0.04647371459514568,-1.2956852273689364e-05,0.78,0.04,0.72,0.028,0.75,0.065,0.065,0.0666595954050512,0.07596391636265627,0.028999999165534973,0.034823550518600754,0.034823550518600754,-0.010770186656038556,0.1975292508665791,0.12608695030212402,0.06264941033999445,0.0204891300201416,0.08378140019155245,0.06735058966000555,0.03751086831092834,0.08220099236702505,0.04216028031985285,0.02983972134907721,0.08950552980286336,0.05273364594624408,0.021131989851558,0.0148504027070195,nan,1.0,0.0,-2.6769999999999996,0.7798064863241317,2.447999954223633,1.0,0,1,1,0,1.3161773681640625,0.36560505628585815,1.216392149005756,FOLLOW_MAIN,cascade_pd_tracking,planner_hold,inner_wheel_pd,lidar_disabled,FOLLOW_MAIN,COMMITTED,HOLD,1,1,1,1,1,1,1,2.385411262512207,7.891654968261719e-05,3.838670015335083,3.4897444248199463,3.1297318935394287,2.7607743740081787,0.05572447399981684,0.009203560000059952
1784803296.3369358,18.908555507659912,-10.600000000000001,-0.010600000000000002,-10.600000000000001,-0.009030962767454352,-9.030962767454351,0.0,0.0,-0.076,-0.06454682582659123,-0.06454682582659123,0.0013817688987924886,-0.00046274472406033444,0.0,5.5270755951699544e-05,-0.04647371459514568,-1.2956852273689364e-05,0.78,0.04,0.72,0.028,0.75,0.065,0.065,0.0666595954050512,0.07596391636265627,0.028999999165534973,0.034823550518600754,0.034823550518600754,-0.010770186656038556,0.1975292508665791,0.12608695030212402,0.06264941033999445,0.0204891300201416,0.08378140019155245,0.06735058966000555,0.03751086831092834,0.08220099236702505,0.04216028031985285,0.02983972134907721,0.08950552980286336,0.05273364594624408,0.021131989851558,0.0148504027070195,nan,1.0,0.0,-2.6769999999999996,0.7798064863241317,2.447999954223633,1.0,0,1,1,0,1.3161773681640625,0.36560505628585815,1.216392149005756,FOLLOW_MAIN,cascade_pd_tracking,planner_hold,inner_wheel_pd,lidar_disabled,FOLLOW_MAIN,COMMITTED,HOLD,1,1,1,1,1,1,1,2.775153160095215,0.38982081413269043,7.414817810058594e-05,3.879486083984375,3.5194740295410156,3.1505165100097656,0.05572447399981684,0.009203560000059952
1784803296.712732,19.28435182571411,-10.600000000000001,-0.010600000000000002,-10.600000000000001,-0.009030962767454352,-9.030962767454351,0.0,0.0,-0.076,-0.06454682582659123,-0.06454682582659123,0.0013817688987924886,-0.00046274472406033444,0.0,5.5270755951699544e-05,-0.04647371459514568,-1.2956852273689364e-05,0.78,0.04,0.72,0.028,0.75,0.065,0.065,0.0666595954050512,0.06204165165403321,0.028999999165534973,0.034823550518600754,0.034823550518600754,-0.010770186656038556,0.017352166318008053,0.12608695030212402,0.06264941033999445,0.0204891300201416,0.08378140019155245,0.06735058966000555,0.03751086831092834,0.08220099236702505,0.04216028031985285,0.02983972134907721,0.08950552980286336,0.05273364594624408,0.021131989851558,0.0148504027070195,nan,1.0,0.0,-2.6769999999999996,0.7798064863241317,2.447999954223633,1.0,0,1,1,0,1.3161773681640625,0.36560505628585815,1.216392149005756,FOLLOW_MAIN,cascade_pd_tracking,planner_hold,inner_wheel_pd,lidar_disabled,FOLLOW_MAIN,COMMITTED,HOLD,1,1,1,1,1,1,1,3.1509456634521484,0.7656135559082031,0.3758671283721924,6.914138793945312e-05,3.8952670097351074,3.5263094902038574,0.05572447399981684,0.009203560000059952
1784803297.0918849,19.663504600524902,-10.600000000000001,-0.010600000000000002,-10.600000000000001,-0.009030962767454352,-9.030962767454351,0.0,0.0,-0.076,-0.06454682582659123,-0.06454682582659123,0.0013817688987924886,-0.00046274472406033444,0.0,5.5270755951699544e-05,-0.04647371459514568,-1.2956852273689364e-05,0.78,0.04,0.72,0.028,0.75,0.065,0.065,0.0666595954050512,0.06204165165403321,0.028999999165534973,0.034823550518600754,0.034823550518600754,-0.010770186656038556,0.017352166318008053,0.12608695030212402,0.06264941033999445,0.0204891300201416,0.08378140019155245,0.06735058966000555,0.03751086831092834,0.08220099236702505,0.04216028031985285,0.02983972134907721,0.08950552980286336,0.05273364594624408,0.021131989851558,0.0148504027070195,nan,1.0,0.0,-2.6769999999999996,0.7798064863241317,2.447999954223633,1.0,0,1,1,0,1.3161773681640625,0.36560505628585815,1.216392149005756,FOLLOW_MAIN,cascade_pd_tracking,planner_hold,inner_wheel_pd,lidar_disabled,FOLLOW_MAIN,COMMITTED,HOLD,1,1,1,1,1,1,1,3.530097484588623,1.1447651386260986,0.7550184726715088,0.37922072410583496,7.104873657226562e-05,3.9054601192474365,0.05572447399981684,0.009203560000059952
1784803297.4647877,20.036407470703125,-10.600000000000001,-0.010600000000000002,-10.600000000000001,-0.009030962767454352,-9.030962767454351,0.0,0.0,-0.076,-0.06454682582659123,-0.06454682582659123,0.0013817688987924886,-0.00046274472406033444,0.0,5.5270755951699544e-05,-0.04647371459514568,-1.2956852273689364e-05,0.78,0.04,0.72,0.028,0.75,0.065,0.065,0.0666595954050512,0.06204165165403321,0.028999999165534973,0.034823550518600754,0.034823550518600754,-0.010770186656038556,0.017352166318008053,0.12608695030212402,0.06264941033999445,0.0204891300201416,0.08378140019155245,0.06735058966000555,0.03751086831092834,0.08220099236702505,0.04216028031985285,0.02983972134907721,0.08950552980286336,0.05273364594624408,0.021131989851558,0.0148504027070195,nan,1.0,0.0,-2.6769999999999996,0.7798064863241317,2.447999954223633,1.0,0,1,1,0,1.3161773681640625,0.36560505628585815,1.216392149005756,FOLLOW_MAIN,cascade_pd_tracking,planner_hold,inner_wheel_pd,lidar_disabled,FOLLOW_MAIN,COMMITTED,HOLD,1,1,1,1,1,1,1,3.9030046463012695,1.5176723003387451,1.1279256343841553,0.7521283626556396,0.37297868728637695,8.535385131835938e-05,0.05572447399981684,0.009203560000059952
1784803297.8470793,20.418699026107788,-10.600000000000001,-0.010600000000000002,-10.600000000000001,-0.009030962767454352,-9.030962767454351,0.0,0.0,-0.076,-0.06454682582659123,-0.06454682582659123,0.0013817688987924886,-0.00046274472406033444,0.0,5.5270755951699544e-05,-0.04647371459514568,-1.2956852273689364e-05,0.78,0.04,0.72,0.028,0.75,0.065,0.065,0.0666595954050512,0.06204165165403321,0.028999999165534973,0.034823550518600754,0.034823550518600754,-0.010770186656038556,0.017352166318008053,0.12608695030212402,0.06264941033999445,0.0204891300201416,0.08378140019155245,0.06735058966000555,0.03751086831092834,0.08220099236702505,0.04216028031985285,0.02983972134907721,0.08950552980286336,0.05273364594624408,0.021131989851558,0.0148504027070195,nan,1.0,0.0,-2.6769999999999996,0.7798064863241317,2.447999954223633,1.0,0,1,1,0,1.3161773681640625,0.36560505628585815,1.216392149005756,FOLLOW_MAIN,cascade_pd_tracking,planner_hold,inner_wheel_pd,lidar_disabled,FOLLOW_MAIN,COMMITTED,HOLD,1,1,1,1,1,1,1,7.367134094238281e-05,1.899963140487671,1.5102167129516602,1.1344189643859863,0.7552697658538818,0.38237643241882324,0.05572447399981684,0.009203560000059952
1784803298.2375078,20.80912756919861,-17.6,-0.0176,-17.6,-0.016374781736721425,-16.374781736721424,-0.016374781736721425,-16.374781736721424,-0.125,-0.11630612856861461,-0.11630612856861461,-0.005207668222832981,-0.02400407858314278,-0.012772329754642712,-0.00020830672891331922,-0.08374041256940251,-0.0006721142003279978,0.78,0.04,0.72,0.028,1.0,0.10874690199887181,0.0815510950400585,0.07354854629506338,0.06204165165403321,0.06162499636411667,0.09739316325328654,0.09739316325328654,0.12005651067922953,0.017352166318008053,0.031521737575531006,0.07497705652046166,0.05949727907776833,0.08275944614730175,0.08812513355965534,0.06375271365046502,0.10037643412740609,0.015479777442693334,0.024372419909190327,0.0352096454347294,0.05525390113393883,0.0077823896268400935,0.012251300567750745,nan,1.0,0.0,-2.251,0.749978634474978,2.3469998836517334,1.0,0,1,1,0,1.3593958616256714,0.4986659586429596,1.3045584382805757,FOLLOW_MAIN,cascade_pd_tracking,follow_main,inner_wheel_pd,lidar_disabled,FOLLOW_MAIN,COMMITTED,UNKNOWN,1,2,1,1,1,1,2,0.39051389694213867,0.00012421607971191406,1.9006569385528564,1.5248591899871826,1.14570951461792,0.7728159427642822,0.0926015479999478,0.08903818700036936
1784803298.6388736,21.210493326187134,-17.6,-0.0176,-17.6,-0.016374781736721425,-16.374781736721424,-0.016374781736721425,-16.374781736721424,-0.125,-0.11630612856861461,-0.11630612856861461,-0.005207668222832981,-0.02400407858314278,-0.012772329754642712,-0.00020830672891331922,-0.08374041256940251,-0.0006721142003279978,0.78,0.04,0.72,0.028,1.0,0.10874690199887181,0.0815510950400585,0.07354854629506338,0.06204165165403321,0.06162499636411667,0.09739316325328654,0.09739316325328654,0.12005651067922953,0.017352166318008053,0.031521737575531006,0.07497705652046166,0.05949727907776833,0.08275944614730175,0.08812513355965534,0.06375271365046502,0.10037643412740609,0.015479777442693334,0.024372419909190327,0.0352096454347294,0.05525390113393883,0.0077823896268400935,0.012251300567750745,nan,1.0,0.0,-2.251,0.749978634474978,2.3469998836517334,1.0,0,1,1,0,1.3593958616256714,0.4986659586429596,1.3045584382805757,FOLLOW_MAIN,cascade_pd_tracking,follow_main,inner_wheel_pd,lidar_disabled,FOLLOW_MAIN,COMMITTED,UNKNOWN,1,2,1,1,1,1,2,0.7918651103973389,0.4014754295349121,6.699562072753906e-05,1.9262101650238037,1.5470607280731201,1.1741671562194824,0.0926015479999478,0.08903818700036936
1784803299.034521,21.606140851974487,-17.6,-0.0176,-17.6,-0.016374781736721425,-16.374781736721424,-0.016374781736721425,-16.374781736721424,-0.125,-0.11630612856861461,-0.11630612856861461,-0.005207668222832981,-0.02400407858314278,-0.012772329754642712,-0.00020830672891331922,-0.08374041256940251,-0.0006721142003279978,0.78,0.04,0.72,0.028,1.0,0.10874690199887181,0.0815510950400585,0.07354854629506338,0.05014565401023323,0.06162499636411667,0.09739316325328654,0.09739316325328654,0.12005651067922953,0.07915123380887526,0.031521737575531006,0.07497705652046166,0.05949727907776833,0.08275944614730175,0.08812513355965534,0.06375271365046502,0.10037643412740609,0.015479777442693334,0.024372419909190327,0.0352096454347294,0.05525390113393883,0.0077823896268400935,0.012251300567750745,nan,1.0,0.0,-2.251,0.749978634474978,2.3469998836517334,1.0,0,1,1,0,1.3593958616256714,0.4986659586429596,1.3045584382805757,FOLLOW_MAIN,cascade_pd_tracking,follow_main,inner_wheel_pd,lidar_disabled,FOLLOW_MAIN,COMMITTED,UNKNOWN,1,2,1,1,1,1,2,1.1875412464141846,0.7971515655517578,0.39574289321899414,9.870529174804688e-05,1.9427368640899658,1.5698435306549072,0.0926015479999478,0.08903818700036936
1784803299.4365733,22.008193016052246,-17.6,-0.0176,-17.6,-0.016374781736721425,-16.374781736721424,-0.016374781736721425,-16.374781736721424,-0.125,-0.11630612856861461,-0.11630612856861461,-0.005207668222832981,-0.02400407858314278,-0.012772329754642712,-0.00020830672891331922,-0.08374041256940251,-0.0006721142003279978,0.78,0.04,0.72,0.028,1.0,0.10874690199887181,0.0815510950400585,0.07354854629506338,0.05014565401023323,0.06162499636411667,0.09739316325328654,0.09739316325328654,0.12005651067922953,0.07915123380887526,0.031521737575531006,0.07497705652046166,0.05949727907776833,0.08275944614730175,0.08812513355965534,0.06375271365046502,0.10037643412740609,0.015479777442693334,0.024372419909190327,0.0352096454347294,0.05525390113393883,0.0077823896268400935,0.012251300567750745,nan,1.0,0.0,-2.251,0.749978634474978,2.3469998836517334,1.0,0,1,1,0,1.3593958616256714,0.4986659586429596,1.3045584382805757,FOLLOW_MAIN,cascade_pd_tracking,follow_main,inner_wheel_pd,lidar_disabled,FOLLOW_MAIN,COMMITTED,UNKNOWN,1,2,1,1,1,1,2,1.5895750522613525,1.1991853713989258,0.7977766990661621,0.4021322727203369,0.00010466575622558594,1.971877098083496,0.0926015479999478,0.08903818700036936
1784803299.814848,22.386467695236206,-17.6,-0.0176,-17.6,-0.016374781736721425,-16.374781736721424,-0.016374781736721425,-16.374781736721424,-0.125,-0.11630612856861461,-0.11630612856861461,-0.005207668222832981,-0.02400407858314278,-0.012772329754642712,-0.00020830672891331922,-0.08374041256940251,-0.0006721142003279978,0.78,0.04,0.72,0.028,1.0,0.10874690199887181,0.0815510950400585,0.07354854629506338,0.05014565401023323,0.06162499636411667,0.09739316325328654,0.09739316325328654,0.12005651067922953,0.07915123380887526,0.031521737575531006,0.07497705652046166,0.05949727907776833,0.08275944614730175,0.08812513355965534,0.06375271365046502,0.10037643412740609,0.015479777442693334,0.024372419909190327,0.0352096454347294,0.05525390113393883,0.0077823896268400935,0.012251300567750745,nan,1.0,0.0,-2.251,0.749978634474978,2.3469998836517334,1.0,0,1,1,0,1.3593958616256714,0.4986659586429596,1.3045584382805757,FOLLOW_MAIN,cascade_pd_tracking,follow_main,inner_wheel_pd,lidar_disabled,FOLLOW_MAIN,COMMITTED,UNKNOWN,1,2,1,1,1,1,2,1.967848777770996,1.5774590969085693,1.1760504245758057,0.7804059982299805,0.37837862968444824,9.5367431640625e-05,0.0926015479999478,0.08903818700036936
1784803300.2176738,22.78929352760315,-17.6,-0.0176,-17.6,-0.016374781736721425,-16.374781736721424,-0.016374781736721425,-16.374781736721424,-0.125,-0.11630612856861461,-0.11630612856861461,-0.005207668222832981,-0.02400407858314278,-0.012772329754642712,-0.00020830672891331922,-0.08374041256940251,-0.0006721142003279978,0.78,0.04,0.72,0.028,1.0,0.10874690199887181,0.0815510950400585,0.07354854629506338,0.05014565401023323,0.06162499636411667,0.09739316325328654,0.09739316325328654,0.12005651067922953,0.07915123380887526,0.031521737575531006,0.07497705652046166,0.05949727907776833,0.08275944614730175,0.08812513355965534,0.06375271365046502,0.10037643412740609,0.015479777442693334,0.024372419909190327,0.0352096454347294,0.05525390113393883,0.0077823896268400935,0.012251300567750745,nan,1.0,0.0,-2.251,0.749978634474978,2.3469998836517334,1.0,0,1,1,0,1.3593958616256714,0.4986659586429596,1.3045584382805757,FOLLOW_MAIN,cascade_pd_tracking,follow_main,inner_wheel_pd,lidar_disabled,FOLLOW_MAIN,COMMITTED,UNKNOWN,1,2,1,1,1,1,2,9.584426879882812e-05,1.9803006649017334,1.578892469406128,1.183248519897461,0.7812211513519287,0.4029381275177002,0.0926015479999478,0.08903818700036936
1784803300.6246717,23.19629144668579,-16.2,-0.0162,-16.2,-0.01915536278709601,-19.15536278709601,-0.01915536278709601,-19.15536278709601,-0.115,-0.1359372741774738,-0.1359372741774738,-0.0006230717990873517,-0.004061979803365314,-0.014941182973934887,-2.492287196349407e-05,-0.09787483740778113,-0.00011373543449422878,0.78,0.04,0.72,0.028,1.0,0.10437570071728047,0.07589083412002766,0.06921721203109947,0.05014565401023323,0.054375000298023224,0.11295467868817374,0.11295467868817374,0.08605344960833655,0.07915123380887526,0.15760870277881622,0.06826639330857592,0.04373641286045313,0.0798617247954985,0.0835152749314794,0.06501358773559332,0.09248913316193919,0.024529980448122796,0.018501687195886074,-0.01790591281763755,0.032110847619453514,0.011595331486922565,0.009201918330219851,nan,1.0,0.0,-2.523,0.7198324187398654,2.4040000438690186,1.0,0,1,1,0,1.3830649852752686,0.6259595155715942,1.5460777263120413,FOLLOW_MAIN,cascade_pd_tracking,follow_main,inner_wheel_pd,lidar_disabled,FOLLOW_MAIN,COMMITTED,UNKNOWN,1,2,1,1,1,1,2,0.40706348419189453,6.604194641113281e-05,1.9858593940734863,1.5902149677276611,1.1881871223449707,0.8099038600921631,0.0562787720000415,0.12754871000015555
1784803301.0061076,23.57772731781006,-16.2,-0.0162,-16.2,-0.01915536278709601,-19.15536278709601,-0.01915536278709601,-19.15536278709601,-0.115,-0.1359372741774738,-0.1359372741774738,-0.0006230717990873517,-0.004061979803365314,-0.014941182973934887,-2.492287196349407e-05,-0.09787483740778113,-0.00011373543449422878,0.78,0.04,0.72,0.028,1.0,0.10437570071728047,0.07589083412002766,0.06921721203109947,0.05014565401023323,0.054375000298023224,0.11295467868817374,0.11295467868817374,0.08605344960833655,0.07915123380887526,0.15760870277881622,0.06826639330857592,0.04373641286045313,0.0798617247954985,0.0835152749314794,0.06501358773559332,0.09248913316193919,0.024529980448122796,0.018501687195886074,-0.01790591281763755,0.032110847619453514,0.011595331486922565,0.009201918330219851,nan,1.0,0.0,-2.523,0.7198324187398654,2.4040000438690186,1.0,0,1,1,0,1.3830649852752686,0.6259595155715942,1.5460777263120413,FOLLOW_MAIN,cascade_pd_tracking,follow_main,inner_wheel_pd,lidar_disabled,FOLLOW_MAIN,COMMITTED,UNKNOWN,1,2,1,1,1,1,2,0.788506269454956,0.38150882720947266,6.985664367675781e-05,1.9716579914093018,1.5696303844451904,1.191347360610962,0.0562787720000415,0.12754871000015555
1784803301.382853,23.95447278022766,-16.2,-0.0162,-16.2,-0.01915536278709601,-19.15536278709601,-0.01915536278709601,-19.15536278709601,-0.115,-0.1359372741774738,-0.1359372741774738,-0.0006230717990873517,-0.004061979803365314,-0.014941182973934887,-2.492287196349407e-05,-0.09787483740778113,-0.00011373543449422878,0.78,0.04,0.72,0.028,1.0,0.10437570071728047,0.07589083412002766,0.06921721203109947,0.06781242016490077,0.054375000298023224,0.11295467868817374,0.11295467868817374,0.08605344960833655,0.1257154308345499,0.15760870277881622,0.06826639330857592,0.04373641286045313,0.0798617247954985,0.0835152749314794,0.06501358773559332,0.09248913316193919,0.024529980448122796,0.018501687195886074,-0.01790591281763755,0.032110847619453514,0.011595331486922565,0.009201918330219851,nan,1.0,0.0,-2.523,0.7198324187398654,2.4040000438690186,1.0,0,1,1,0,1.3830649852752686,0.6259595155715942,1.5460777263120413,FOLLOW_MAIN,cascade_pd_tracking,follow_main,inner_wheel_pd,lidar_disabled,FOLLOW_MAIN,COMMITTED,UNKNOWN,1,2,1,1,1,1,2,1.1652569770812988,0.7582595348358154,0.37682080268859863,0.000110626220703125,1.9463810920715332,1.5680978298187256,0.0562787720000415,0.12754871000015555
1784803301.742868,24.31448769569397,-16.2,-0.0162,-16.2,-0.01915536278709601,-19.15536278709601,-0.01915536278709601,-19.15536278709601,-0.115,-0.1359372741774738,-0.1359372741774738,-0.0006230717990873517,-0.004061979803365314,-0.014941182973934887,-2.492287196349407e-05,-0.09787483740778113,-0.00011373543449422878,0.78,0.04,0.72,0.028,1.0,0.10437570071728047,0.07589083412002766,0.06921721203109947,0.06781242016490077,0.054375000298023224,0.11295467868817374,0.11295467868817374,0.08605344960833655,0.1257154308345499,0.15760870277881622,0.06826639330857592,0.04373641286045313,0.0798617247954985,0.0835152749314794,0.06501358773559332,0.09248913316193919,0.024529980448122796,0.018501687195886074,-0.01790591281763755,0.032110847619453514,0.011595331486922565,0.009201918330219851,nan,1.0,0.0,-2.523,0.7198324187398654,2.4040000438690186,1.0,0,1,1,0,1.3830649852752686,0.6259595155715942,1.5460777263120413,FOLLOW_MAIN,cascade_pd_tracking,follow_main,inner_wheel_pd,lidar_disabled,FOLLOW_MAIN,COMMITTED,UNKNOWN,1,2,1,1,1,1,2,1.525263786315918,1.1182661056518555,0.7368273735046387,0.36011695861816406,6.890296936035156e-05,1.9281041622161865,0.0562787720000415,0.12754871000015555
1784803302.0959291,24.667548894882202,-16.2,-0.0162,-16.2,-0.01915536278709601,-19.15536278709601,-0.01915536278709601,-19.15536278709601,-0.115,-0.1359372741774738,-0.1359372741774738,-0.0006230717990873517,-0.004061979803365314,-0.014941182973934887,-2.492287196349407e-05,-0.09787483740778113,-0.00011373543449422878,0.78,0.04,0.72,0.028,1.0,0.10437570071728047,0.07589083412002766,0.06921721203109947,0.06781242016490077,0.054375000298023224,0.11295467868817374,0.11295467868817374,0.08605344960833655,0.1257154308345499,0.15760870277881622,0.06826639330857592,0.04373641286045313,0.0798617247954985,0.0835152749314794,0.06501358773559332,0.09248913316193919,0.024529980448122796,0.018501687195886074,-0.01790591281763755,0.032110847619453514,0.011595331486922565,0.009201918330219851,nan,1.0,0.0,-2.523,0.7198324187398654,2.4040000438690186,1.0,0,1,1,0,1.3830649852752686,0.6259595155715942,1.5460777263120413,FOLLOW_MAIN,cascade_pd_tracking,follow_main,inner_wheel_pd,lidar_disabled,FOLLOW_MAIN,COMMITTED,UNKNOWN,1,2,1,1,1,1,2,1.8783411979675293,1.471343755722046,1.089905023574829,0.7131953239440918,0.3531475067138672,0.00010395050048828125,0.0562787720000415,0.12754871000015555
1784803302.4523437,25.023963451385498,-16.2,-0.0162,-16.2,-0.01915536278709601,-19.15536278709601,-0.01915536278709601,-19.15536278709601,-0.115,-0.1359372741774738,-0.1359372741774738,-0.0006230717990873517,-0.004061979803365314,-0.014941182973934887,-2.492287196349407e-05,-0.09787483740778113,-0.00011373543449422878,0.78,0.04,0.72,0.028,1.0,0.10437570071728047,0.07589083412002766,0.06921721203109947,0.06781242016490077,0.054375000298023224,0.11295467868817374,0.11295467868817374,0.08605344960833655,0.1257154308345499,0.15760870277881622,0.06826639330857592,0.04373641286045313,0.0798617247954985,0.0835152749314794,0.06501358773559332,0.09248913316193919,0.024529980448122796,0.018501687195886074,-0.01790591281763755,0.032110847619453514,0.011595331486922565,0.009201918330219851,nan,1.0,0.0,-2.523,0.7198324187398654,2.4040000438690186,1.0,0,1,1,0,1.3830649852752686,0.6259595155715942,1.5460777263120413,FOLLOW_MAIN,cascade_pd_tracking,follow_main,inner_wheel_pd,lidar_disabled,FOLLOW_MAIN,COMMITTED,UNKNOWN,1,2,1,1,1,1,2,0.00013899803161621094,1.8278050422668457,1.4463670253753662,1.069657325744629,0.709611177444458,0.3565676212310791,0.0562787720000415,0.12754871000015555
1784803302.8041754,25.375795125961304,-21.700000000000003,-0.021700000000000004,-21.700000000000003,-0.020566370862042826,-20.566370862042827,-0.020566370862042826,-20.566370862042827,-0.154,-0.14571712077045312,-0.14571712077045312,-0.0023326000311362045,-0.016231383755557393,-0.016041769272393404,-9.330400124544819e-05,-0.10491632695472625,-0.000454478745155607,0.78,0.04,0.72,0.028,0.75,0.065,0.065,0.057654007428291056,0.06781242016490077,0.03987500071525574,0.09112940923014053,0.09112940923014053,0.08273239762717279,0.1257154308345499,0.031521737575531006,0.05884876487696552,0.037747283428907395,0.06570919920492437,0.07115123512303449,0.04200271800160408,0.07784927929152037,0.021101481448058124,0.029148517121430413,0.12482645401020624,0.15257410967277626,0.011376975635169961,0.01551702931501436,nan,1.0,0.0,-1.751,0.7515023747608308,2.2679998874664307,1.0,0,1,1,0,1.3790260553359985,0.7767581343650818,1.7047582128356005,FOLLOW_MAIN,cascade_pd_tracking,planner_hold,inner_wheel_pd,lidar_disabled,FOLLOW_MAIN,COMMITTED,HOLD,1,1,1,1,1,1,1,0.35190320014953613,6.556510925292969e-05,1.7981300354003906,1.4214200973510742,1.0613720417022705,0.7083280086517334,0.045848837999983516,0.016316503999860288
1784803303.1703033,25.741923093795776,-21.700000000000003,-0.021700000000000004,-21.700000000000003,-0.020566370862042826,-20.566370862042827,-0.020566370862042826,-20.566370862042827,-0.154,-0.14571712077045312,-0.14571712077045312,-0.0023326000311362045,-0.016231383755557393,-0.016041769272393404,-9.330400124544819e-05,-0.10491632695472625,-0.000454478745155607,0.78,0.04,0.72,0.028,0.75,0.065,0.065,0.057654007428291056,0.06781242016490077,0.03987500071525574,0.09112940923014053,0.09112940923014053,0.08273239762717279,0.1257154308345499,0.031521737575531006,0.05884876487696552,0.037747283428907395,0.06570919920492437,0.07115123512303449,0.04200271800160408,0.07784927929152037,0.021101481448058124,0.029148517121430413,0.12482645401020624,0.15257410967277626,0.011376975635169961,0.01551702931501436,nan,1.0,0.0,-1.751,0.7515023747608308,2.2679998874664307,1.0,0,1,1,0,1.3790260553359985,0.7767581343650818,1.7047582128356005,FOLLOW_MAIN,cascade_pd_tracking,planner_hold,inner_wheel_pd,lidar_disabled,FOLLOW_MAIN,COMMITTED,HOLD,1,1,1,1,1,1,1,0.718041181564331,0.36620402336120605,7.319450378417969e-05,1.7875583171844482,1.4275104999542236,1.0744667053222656,0.045848837999983516,0.016316503999860288
1784803303.5157282,26.087347984313965,-21.700000000000003,-0.021700000000000004,-21.700000000000003,-0.020566370862042826,-20.566370862042827,-0.020566370862042826,-20.566370862042827,-0.154,-0.14571712077045312,-0.14571712077045312,-0.0023326000311362045,-0.016231383755557393,-0.016041769272393404,-9.330400124544819e-05,-0.10491632695472625,-0.000454478745155607,0.78,0.04,0.72,0.028,0.75,0.065,0.065,0.057654007428291056,0.05129156799471124,0.03987500071525574,0.09112940923014053,0.09112940923014053,0.08273239762717279,0.10469579296186736,0.031521737575531006,0.05884876487696552,0.037747283428907395,0.06570919920492437,0.07115123512303449,0.04200271800160408,0.07784927929152037,0.021101481448058124,0.029148517121430413,0.12482645401020624,0.15257410967277626,0.011376975635169961,0.01551702931501436,nan,1.0,0.0,-1.751,0.7515023747608308,2.2679998874664307,1.0,0,1,1,0,1.3790260553359985,0.7767581343650818,1.7047582128356005,FOLLOW_MAIN,cascade_pd_tracking,planner_hold,inner_wheel_pd,lidar_disabled,FOLLOW_MAIN,COMMITTED,HOLD,1,1,1,1,1,1,1,1.0634665489196777,0.7116291522979736,0.34549832344055176,7.390975952148438e-05,1.7729358673095703,1.4198920726776123,0.045848837999983516,0.016316503999860288
1784803303.8721044,26.443724155426025,-21.700000000000003,-0.021700000000000004,-21.700000000000003,-0.020566370862042826,-20.566370862042827,-0.020566370862042826,-20.566370862042827,-0.154,-0.14571712077045312,-0.14571712077045312,-0.0023326000311362045,-0.016231383755557393,-0.016041769272393404,-9.330400124544819e-05,-0.10491632695472625,-0.000454478745155607,0.78,0.04,0.72,0.028,0.75,0.065,0.065,0.057654007428291056,0.05129156799471124,0.03987500071525574,0.09112940923014053,0.09112940923014053,0.08273239762717279,0.10469579296186736,0.031521737575531006,0.05884876487696552,0.037747283428907395,0.06570919920492437,0.07115123512303449,0.04200271800160408,0.07784927929152037,0.021101481448058124,0.029148517121430413,0.12482645401020624,0.15257410967277626,0.011376975635169961,0.01551702931501436,nan,1.0,0.0,-1.751,0.7515023747608308,2.2679998874664307,1.0,0,1,1,0,1.3790260553359985,0.7767581343650818,1.7047582128356005,FOLLOW_MAIN,cascade_pd_tracking,planner_hold,inner_wheel_pd,lidar_disabled,FOLLOW_MAIN,COMMITTED,HOLD,1,1,1,1,1,1,1,1.4198377132415771,1.068000078201294,0.7018692493438721,0.3564450740814209,7.05718994140625e-05,1.7762629985809326,0.045848837999983516,0.016316503999860288
1784803304.2356467,26.80726647377014,-21.700000000000003,-0.021700000000000004,-21.700000000000003,-0.020566370862042826,-20.566370862042827,-0.020566370862042826,-20.566370862042827,-0.154,-0.14571712077045312,-0.14571712077045312,-0.0023326000311362045,-0.016231383755557393,-0.016041769272393404,-9.330400124544819e-05,-0.10491632695472625,-0.000454478745155607,0.78,0.04,0.72,0.028,0.75,0.065,0.065,0.057654007428291056,0.05129156799471124,0.03987500071525574,0.09112940923014053,0.09112940923014053,0.08273239762717279,0.10469579296186736,0.031521737575531006,0.05884876487696552,0.037747283428907395,0.06570919920492437,0.07115123512303449,0.04200271800160408,0.07784927929152037,0.021101481448058124,0.029148517121430413,0.12482645401020624,0.15257410967277626,0.011376975635169961,0.01551702931501436,nan,1.0,0.0,-1.751,0.7515023747608308,2.2679998874664307,1.0,0,1,1,0,1.3790260553359985,0.7767581343650818,1.7047582128356005,FOLLOW_MAIN,cascade_pd_tracking,planner_hold,inner_wheel_pd,lidar_disabled,FOLLOW_MAIN,COMMITTED,HOLD,1,1,1,1,1,1,1,1.783383846282959,1.4315464496612549,1.065415859222412,0.7199914455413818,0.3636171817779541,8.058547973632812e-05,0.045848837999983516,0.016316503999860288
1784803304.5819979,27.15361762046814,-21.700000000000003,-0.021700000000000004,-21.700000000000003,-0.020566370862042826,-20.566370862042827,-0.020566370862042826,-20.566370862042827,-0.154,-0.14571712077045312,-0.14571712077045312,-0.0023326000311362045,-0.016231383755557393,-0.016041769272393404,-9.330400124544819e-05,-0.10491632695472625,-0.000454478745155607,0.78,0.04,0.72,0.028,0.75,0.065,0.065,0.057654007428291056,0.05129156799471124,0.03987500071525574,0.09112940923014053,0.09112940923014053,0.08273239762717279,0.10469579296186736,0.031521737575531006,0.05884876487696552,0.037747283428907395,0.06570919920492437,0.07115123512303449,0.04200271800160408,0.07784927929152037,0.021101481448058124,0.029148517121430413,0.12482645401020624,0.15257410967277626,0.011376975635169961,0.01551702931501436,nan,1.0,0.0,-1.751,0.7515023747608308,2.2679998874664307,1.0,0,1,1,0,1.3790260553359985,0.7767581343650818,1.7047582128356005,FOLLOW_MAIN,cascade_pd_tracking,planner_hold,inner_wheel_pd,lidar_disabled,FOLLOW_MAIN,COMMITTED,HOLD,1,1,1,1,1,1,1,8.559226989746094e-05,1.777904987335205,1.4117743968963623,1.0663502216339111,0.7099757194519043,0.3464393615722656,0.045848837999983516,0.016316503999860288
1784803304.9312036,27.50282335281372,-23.400000000000002,-0.0234,-23.400000000000002,-0.024575011664261306,-24.575011664261307,-0.024575011664261306,-24.575011664261307,-0.165,-0.17328345932812153,-0.17328345932812153,-0.0013107405555155436,-0.008663252594622218,-0.01916850909812382,-5.242962222062175e-05,-0.1247640907162475,-0.0002425710726494221,0.78,0.04,0.72,0.028,0.75,0.065,0.065,0.04362444077497625,0.05129156799471124,0.08699999749660492,0.10817070038193102,0.10817070038193102,0.08829247160923477,0.10469579296186736,0.12608695030212402,0.057698477724219654,0.07848912835121155,0.04783444851090702,0.07230152227578035,0.09551086664199829,0.06079040901878386,-0.020790650626991897,-0.023209344366217938,0.011548308764347676,-0.0370627961211883,-0.009864029213312633,-0.011511113256996492,nan,1.0,0.0,-1.323,0.7507224267800822,2.1530001163482666,1.0,0,1,1,0,1.3522191047668457,0.8945940136909485,1.897639678553886,FOLLOW_MAIN,cascade_pd_tracking,planner_hold,inner_wheel_pd,lidar_disabled,FOLLOW_MAIN,COMMITTED,HOLD,1,1,1,1,1,1,1,0.34927845001220703,8.392333984375e-05,1.7609672546386719,1.4155428409576416,1.0591681003570557,0.6956315040588379,0.14937346799979423,0.06308102899993173
1784803305.3130262,27.88464593887329,-23.400000000000002,-0.0234,-23.400000000000002,-0.024575011664261306,-24.575011664261307,-0.024575011664261306,-24.575011664261307,-0.165,-0.17328345932812153,-0.17328345932812153,-0.0013107405555155436,-0.008663252594622218,-0.01916850909812382,-5.242962222062175e-05,-0.1247640907162475,-0.0002425710726494221,0.78,0.04,0.72,0.028,0.75,0.065,0.065,0.04362444077497625,0.05129156799471124,0.08699999749660492,0.10817070038193102,0.10817070038193102,0.08829247160923477,0.10469579296186736,0.12608695030212402,0.057698477724219654,0.07848912835121155,0.04783444851090702,0.07230152227578035,0.09551086664199829,0.06079040901878386,-0.020790650626991897,-0.023209344366217938,0.011548308764347676,-0.0370627961211883,-0.009864029213312633,-0.011511113256996492,nan,1.0,0.0,-1.323,0.7507224267800822,2.1530001163482666,1.0,0,1,1,0,1.3522191047668457,0.8945940136909485,1.897639678553886,FOLLOW_MAIN,cascade_pd_tracking,planner_hold,inner_wheel_pd,lidar_disabled,FOLLOW_MAIN,COMMITTED,HOLD,1,1,1,1,1,1,1,0.7311046123504639,0.3819103240966797,6.890296936035156e-05,1.7973687648773193,1.4409942626953125,1.0774579048156738,0.14937346799979423,0.06308102899993173
1784803305.6701198,28.241739511489868,-23.400000000000002,-0.0234,-23.400000000000002,-0.024575011664261306,-24.575011664261307,-0.024575011664261306,-24.575011664261307,-0.165,-0.17328345932812153,-0.17328345932812153,-0.0013107405555155436,-0.008663252594622218,-0.01916850909812382,-5.242962222062175e-05,-0.1247640907162475,-0.0002425710726494221,0.78,0.04,0.72,0.028,0.75,0.065,0.065,0.04362444077497625,0.03690287003948122,0.08699999749660492,0.10817070038193102,0.10817070038193102,0.08829247160923477,0.11661100185600659,0.12608695030212402,0.057698477724219654,0.07848912835121155,0.04783444851090702,0.07230152227578035,0.09551086664199829,0.06079040901878386,-0.020790650626991897,-0.023209344366217938,0.011548308764347676,-0.0370627961211883,-0.009864029213312633,-0.011511113256996492,nan,1.0,0.0,-1.323,0.7507224267800822,2.1530001163482666,1.0,0,1,1,0,1.3522191047668457,0.8945940136909485,1.897639678553886,FOLLOW_MAIN,cascade_pd_tracking,planner_hold,inner_wheel_pd,lidar_disabled,FOLLOW_MAIN,COMMITTED,HOLD,1,1,1,1,1,1,1,1.088198184967041,0.7390038967132568,0.3571624755859375,7.152557373046875e-05,1.7980880737304688,1.43455171585083,0.14937346799979423,0.06308102899993173
1784803306.0191066,28.590726375579834,-23.400000000000002,-0.0234,-23.400000000000002,-0.024575011664261306,-24.575011664261307,-0.024575011664261306,-24.575011664261307,-0.165,-0.17328345932812153,-0.17328345932812153,-0.0013107405555155436,-0.008663252594622218,-0.01916850909812382,-5.242962222062175e-05,-0.1247640907162475,-0.0002425710726494221,0.78,0.04,0.72,0.028,0.75,0.065,0.065,0.04362444077497625,0.03690287003948122,0.08699999749660492,0.10817070038193102,0.10817070038193102,0.08829247160923477,0.11661100185600659,0.12608695030212402,0.057698477724219654,0.07848912835121155,0.04783444851090702,0.07230152227578035,0.09551086664199829,0.06079040901878386,-0.020790650626991897,-0.023209344366217938,0.011548308764347676,-0.0370627961211883,-0.009864029213312633,-0.011511113256996492,nan,1.0,0.0,-1.323,0.7507224267800822,2.1530001163482666,1.0,0,1,1,0,1.3522191047668457,0.8945940136909485,1.897639678553886,FOLLOW_MAIN,cascade_pd_tracking,planner_hold,inner_wheel_pd,lidar_disabled,FOLLOW_MAIN,COMMITTED,HOLD,1,1,1,1,1,1,1,1.4372177124023438,1.0880236625671387,0.7061822414398193,0.3490910530090332,0.00010991096496582031,1.7835707664489746,0.14937346799979423,0.06308102899993173
1784803306.3730142,28.944633960723877,-23.400000000000002,-0.0234,-23.400000000000002,-0.024575011664261306,-24.575011664261307,-0.024575011664261306,-24.575011664261307,-0.165,-0.17328345932812153,-0.17328345932812153,-0.0013107405555155436,-0.008663252594622218,-0.01916850909812382,-5.242962222062175e-05,-0.1247640907162475,-0.0002425710726494221,0.78,0.04,0.72,0.028,0.75,0.065,0.065,0.04362444077497625,0.03690287003948122,0.08699999749660492,0.10817070038193102,0.10817070038193102,0.08829247160923477,0.11661100185600659,0.12608695030212402,0.057698477724219654,0.07848912835121155,0.04783444851090702,0.07230152227578035,0.09551086664199829,0.06079040901878386,-0.020790650626991897,-0.023209344366217938,0.011548308764347676,-0.0370627961211883,-0.009864029213312633,-0.011511113256996492,nan,1.0,0.0,-1.323,0.7507224267800822,2.1530001163482666,1.0,0,1,1,0,1.3522191047668457,0.8945940136909485,1.897639678553886,FOLLOW_MAIN,cascade_pd_tracking,planner_hold,inner_wheel_pd,lidar_disabled,FOLLOW_MAIN,COMMITTED,HOLD,1,1,1,1,1,1,1,1.7911391258239746,1.4419448375701904,1.060103416442871,0.703012228012085,0.3540315628051758,0.00013446807861328125,0.14937346799979423,0.06308102899993173
1784803306.7452397,29.316859483718872,-23.400000000000002,-0.0234,-23.400000000000002,-0.024575011664261306,-24.575011664261307,-0.024575011664261306,-24.575011664261307,-0.165,-0.17328345932812153,-0.17328345932812153,-0.0013107405555155436,-0.008663252594622218,-0.01916850909812382,-5.242962222062175e-05,-0.1247640907162475,-0.0002425710726494221,0.78,0.04,0.72,0.028,0.75,0.065,0.065,0.04362444077497625,0.03690287003948122,0.08699999749660492,0.10817070038193102,0.10817070038193102,0.08829247160923477,0.11661100185600659,0.12608695030212402,0.057698477724219654,0.07848912835121155,0.04783444851090702,0.07230152227578035,0.09551086664199829,0.06079040901878386,-0.020790650626991897,-0.023209344366217938,0.011548308764347676,-0.0370627961211883,-0.009864029213312633,-0.011511113256996492,nan,1.0,0.0,-1.323,0.7507224267800822,2.1530001163482666,1.0,0,1,1,0,1.3522191047668457,0.8945940136909485,1.897639678553886,FOLLOW_MAIN,cascade_pd_tracking,planner_hold,inner_wheel_pd,lidar_disabled,FOLLOW_MAIN,COMMITTED,HOLD,1,1,1,1,1,1,1,6.771087646484375e-05,1.8141238689422607,1.4322824478149414,1.0751912593841553,0.7262098789215088,0.3723127841949463,0.14937346799979423,0.06308102899993173
1784803307.1208494,29.692469120025635,-65.60000000000001,-0.0656,-65.60000000000001,-0.02416854485909411,-24.16854485909411,-0.02416854485909411,-24.16854485909411,-0.438,-0.1710825338337338,-0.1710825338337338,-0.0008048120815321515,-0.00569436818128622,-0.018851464990093405,-3.219248326128606e-05,-0.12317942436028834,-0.00015944230907601417,0.78,0.04,0.72,0.028,0.75,0.065,0.065,0.05600016660863326,0.03690287003948122,0.057999998331069946,0.10666689310703928,0.10666689310703928,0.030588575699831148,0.11661100185600659,0.18913042545318604,0.05779998471527485,0.04523369461297989,0.06747593692803254,0.07220001528472515,0.07076630204916,0.07196447792746428,0.012566290102294965,0.0,-0.14333534646556145,-0.14905898725050243,0.004598465784445969,-0.0014905898725050242,nan,1.0,0.0,-2.651,0.6858470323916036,2.0350000858306885,1.0,0,1,1,0,1.3008238077163696,1.0061004161834717,2.1484262611291,FOLLOW_MAIN,cascade_pd_tracking,planner_hold,inner_wheel_pd,lidar_disabled,FOLLOW_MAIN,COMMITTED,HOLD,1,1,1,1,1,1,1,0.3756711483001709,6.937980651855469e-05,1.8078858852386475,1.4507946968078613,1.1018133163452148,0.7479162216186523,0.03992506399981721,0.018300194999937958
1784803307.511551,30.083170652389526,-65.60000000000001,-0.0656,-65.60000000000001,-0.02416854485909411,-24.16854485909411,-0.02416854485909411,-24.16854485909411,-0.438,-0.1710825338337338,-0.1710825338337338,-0.0008048120815321515,-0.00569436818128622,-0.018851464990093405,-3.219248326128606e-05,-0.12317942436028834,-0.00015944230907601417,0.78,0.04,0.72,0.028,0.75,0.065,0.065,0.05600016660863326,0.03690287003948122,0.057999998331069946,0.10666689310703928,0.10666689310703928,0.030588575699831148,0.11661100185600659,0.18913042545318604,0.05779998471527485,0.04523369461297989,0.06747593692803254,0.07220001528472515,0.07076630204916,0.07196447792746428,0.012566290102294965,0.0,-0.14333534646556145,-0.14905898725050243,0.004598465784445969,-0.0014905898725050242,nan,1.0,0.0,-2.651,0.6858470323916036,2.0350000858306885,1.0,0,1,1,0,1.3008238077163696,1.0061004161834717,2.1484262611291,FOLLOW_MAIN,cascade_pd_tracking,planner_hold,inner_wheel_pd,lidar_disabled,FOLLOW_MAIN,COMMITTED,HOLD,1,1,1,1,1,1,1,0.7663941383361816,0.3907923698425293,0.0001010894775390625,1.8415181636810303,1.492537021636963,1.1386399269104004,0.03992506399981721,0.018300194999937958
1784803307.869093,30.440712690353394,-65.60000000000001,-0.0656,-65.60000000000001,-0.02416854485909411,-24.16854485909411,-0.02416854485909411,-24.16854485909411,-0.438,-0.1710825338337338,-0.1710825338337338,-0.0008048120815321515,-0.00569436818128622,-0.018851464990093405,-3.219248326128606e-05,-0.12317942436028834,-0.00015944230907601417,0.78,0.04,0.72,0.028,0.75,0.065,0.065,0.05600016660863326,0.06757049370193581,0.057999998331069946,0.10666689310703928,0.10666689310703928,0.030588575699831148,0.10954906344361652,0.18913042545318604,0.05779998471527485,0.04523369461297989,0.06747593692803254,0.07220001528472515,0.07076630204916,0.07196447792746428,0.012566290102294965,0.0,-0.14333534646556145,-0.14905898725050243,0.004598465784445969,-0.0014905898725050242,nan,1.0,0.0,-2.651,0.6858470323916036,2.0350000858306885,1.0,0,1,1,0,1.3008238077163696,1.0061004161834717,2.1484262611291,FOLLOW_MAIN,cascade_pd_tracking,planner_hold,inner_wheel_pd,lidar_disabled,FOLLOW_MAIN,COMMITTED,HOLD,1,1,1,1,1,1,1,1.1239194869995117,0.7483177185058594,0.35762619972229004,6.67572021484375e-05,1.8500618934631348,1.4961652755737305,0.03992506399981721,0.018300194999937958
1784803308.248045,30.81966471672058,-65.60000000000001,-0.0656,-65.60000000000001,-0.02416854485909411,-24.16854485909411,-0.02416854485909411,-24.16854485909411,-0.438,-0.1710825338337338,-0.1710825338337338,-0.0008048120815321515,-0.00569436818128622,-0.018851464990093405,-3.219248326128606e-05,-0.12317942436028834,-0.00015944230907601417,0.78,0.04,0.72,0.028,0.75,0.065,0.065,0.05600016660863326,0.06757049370193581,0.057999998331069946,0.10666689310703928,0.10666689310703928,0.030588575699831148,0.10954906344361652,0.18913042545318604,0.05779998471527485,0.04523369461297989,0.06747593692803254,0.07220001528472515,0.07076630204916,0.07196447792746428,0.012566290102294965,0.0,-0.14333534646556145,-0.14905898725050243,0.004598465784445969,-0.0014905898725050242,nan,1.0,0.0,-2.651,0.6858470323916036,2.0350000858306885,1.0,0,1,1,0,1.3008238077163696,1.0061004161834717,2.1484262611291,FOLLOW_MAIN,cascade_pd_tracking,planner_hold,inner_wheel_pd,lidar_disabled,FOLLOW_MAIN,COMMITTED,HOLD,1,1,1,1,1,1,1,1.5028891563415527,1.1272878646850586,0.7365965843200684,0.37903761863708496,0.00011014938354492188,1.8751366138458252,0.03992506399981721,0.018300194999937958
1784803308.6211777,31.192797422409058,-65.60000000000001,-0.0656,-65.60000000000001,-0.02416854485909411,-24.16854485909411,-0.02416854485909411,-24.16854485909411,-0.438,-0.1710825338337338,-0.1710825338337338,-0.0008048120815321515,-0.00569436818128622,-0.018851464990093405,-3.219248326128606e-05,-0.12317942436028834,-0.00015944230907601417,0.78,0.04,0.72,0.028,0.75,0.065,0.065,0.05600016660863326,0.06757049370193581,0.057999998331069946,0.10666689310703928,0.10666689310703928,0.030588575699831148,0.10954906344361652,0.18913042545318604,0.05779998471527485,0.04523369461297989,0.06747593692803254,0.07220001528472515,0.07076630204916,0.07196447792746428,0.012566290102294965,0.0,-0.14333534646556145,-0.14905898725050243,0.004598465784445969,-0.0014905898725050242,nan,1.0,0.0,-2.651,0.6858470323916036,2.0350000858306885,1.0,0,1,1,0,1.3008238077163696,1.0061004161834717,2.1484262611291,FOLLOW_MAIN,cascade_pd_tracking,planner_hold,inner_wheel_pd,lidar_disabled,FOLLOW_MAIN,COMMITTED,HOLD,1,1,1,1,1,1,1,1.876009225845337,1.5004074573516846,1.1097159385681152,0.7521567344665527,0.3732290267944336,8.559226989746094e-05,0.03992506399981721,0.018300194999937958
1784803310.9717305,33.54335021972656,-65.60000000000001,-0.0656,-65.60000000000001,-0.02416854485909411,-24.16854485909411,-0.02416854485909411,-24.16854485909411,-0.438,-0.1710825338337338,-0.1710825338337338,-0.0008048120815321515,-0.00569436818128622,-0.018851464990093405,-3.219248326128606e-05,-0.12317942436028834,-0.00015944230907601417,0.78,0.04,0.72,0.028,0.75,0.065,0.065,0.05600016660863326,0.06757049370193581,0.057999998331069946,0.10666689310703928,0.10666689310703928,0.030588575699831148,0.10954906344361652,0.18913042545318604,0.05779998471527485,0.04523369461297989,0.06747593692803254,0.07220001528472515,0.07076630204916,0.07196447792746428,0.012566290102294965,0.0,-0.14333534646556145,-0.14905898725050243,0.004598465784445969,-0.0014905898725050242,nan,1.0,0.0,-2.651,0.6858470323916036,2.0350000858306885,1.0,0,1,1,0,1.3008238077163696,1.0061004161834717,2.1484262611291,FOLLOW_MAIN,cascade_pd_tracking,planner_hold,inner_wheel_pd,lidar_disabled,FOLLOW_MAIN,COMMITTED,HOLD,1,1,1,1,1,1,1,7.915496826171875e-05,3.8509573936462402,3.46026611328125,3.1027066707611084,2.72377872467041,2.350635290145874,0.03992506399981721,0.018300194999937958
1784803311.377023,33.94864273071289,-11.8,-0.011800000000000001,-11.8,-0.008507294149662602,-8.507294149662602,0.0,0.0,-0.084,-0.06069263422395463,-0.06069263422395463,0.0019401057509321556,-0.0008294483683355851,0.0,7.760423003728623e-05,-0.04369869664124733,-2.3224554313396385e-05,0.78,0.04,0.72,0.028,1.0,0.12859986215428665,0.08456325117290346,0.08775969918605529,0.06757049370193581,0.032624997198581696,0.04364431696552344,0.04364431696552344,0.10512838456470187,0.10954906344361652,-0.09456521272659302,0.08161725977773063,0.03900814905762672,0.10154760161911995,0.0875092425680763,0.026241845339536666,0.11697404935415773,0.042609110720103906,0.06126739722853963,-0.052203130426055025,0.005645611638240877,0.019930341841389324,0.02946480678608143,nan,1.0,0.0,-0.891,0.886895601064046,2.4570000171661377,1.0,0,1,1,0,1.128318428993225,1.1745312213897705,2.5498871932966303,FOLLOW_MAIN,cascade_pd_tracking,follow_main,inner_wheel_pd,lidar_disabled,FOLLOW_MAIN,COMMITTED,UNKNOWN,1,2,1,1,1,1,2,0.405364990234375,7.510185241699219e-05,3.865551710128784,3.5079920291900635,3.1290643215179443,2.755920886993408,0.06841328300015448,0.08683669999982158
1784803311.7928865,34.364506244659424,-11.8,-0.011800000000000001,-11.8,-0.008507294149662602,-8.507294149662602,0.0,0.0,-0.084,-0.06069263422395463,-0.06069263422395463,0.0019401057509321556,-0.0008294483683355851,0.0,7.760423003728623e-05,-0.04369869664124733,-2.3224554313396385e-05,0.78,0.04,0.72,0.028,1.0,0.12859986215428665,0.08456325117290346,0.08775969918605529,0.06757049370193581,0.032624997198581696,0.04364431696552344,0.04364431696552344,0.10512838456470187,0.10954906344361652,-0.09456521272659302,0.08161725977773063,0.03900814905762672,0.10154760161911995,0.0875092425680763,0.026241845339536666,0.11697404935415773,0.042609110720103906,0.06126739722853963,-0.052203130426055025,0.005645611638240877,0.019930341841389324,0.02946480678608143,nan,1.0,0.0,-0.891,0.886895601064046,2.4570000171661377,1.0,0,1,1,0,1.128318428993225,1.1745312213897705,2.5498871932966303,FOLLOW_MAIN,cascade_pd_tracking,follow_main,inner_wheel_pd,lidar_disabled,FOLLOW_MAIN,COMMITTED,UNKNOWN,1,2,1,1,1,1,2,0.821237325668335,0.41594767570495605,7.772445678710938e-05,3.9238646030426025,3.5449368953704834,3.1717934608459473,0.06841328300015448,0.08683669999982158
1784803312.200469,34.77208876609802,-11.8,-0.011800000000000001,-11.8,-0.008507294149662602,-8.507294149662602,0.0,0.0,-0.084,-0.06069263422395463,-0.06069263422395463,0.0019401057509321556,-0.0008294483683355851,0.0,7.760423003728623e-05,-0.04369869664124733,-2.3224554313396385e-05,0.78,0.04,0.72,0.028,1.0,0.12859986215428665,0.08456325117290346,0.08775969918605529,0.0754966788757167,0.032624997198581696,0.04364431696552344,0.04364431696552344,0.10512838456470187,0.0822041302795972,-0.09456521272659302,0.08161725977773063,0.03900814905762672,0.10154760161911995,0.0875092425680763,0.026241845339536666,0.11697404935415773,0.042609110720103906,0.06126739722853963,-0.052203130426055025,0.005645611638240877,0.019930341841389324,0.02946480678608143,nan,1.0,0.0,-0.891,0.886895601064046,2.4570000171661377,1.0,0,1,1,0,1.128318428993225,1.1745312213897705,2.5498871932966303,FOLLOW_MAIN,cascade_pd_tracking,follow_main,inner_wheel_pd,lidar_disabled,FOLLOW_MAIN,COMMITTED,UNKNOWN,1,2,1,1,1,1,2,1.2288227081298828,0.8235328197479248,0.40766358375549316,9.226799011230469e-05,3.9525229930877686,3.5793800354003906,0.06841328300015448,0.08683669999982158
1784803312.5875697,35.15918946266174,-11.8,-0.011800000000000001,-11.8,-0.008507294149662602,-8.507294149662602,0.0,0.0,-0.084,-0.06069263422395463,-0.06069263422395463,0.0019401057509321556,-0.0008294483683355851,0.0,7.760423003728623e-05,-0.04369869664124733,-2.3224554313396385e-05,0.78,0.04,0.72,0.028,1.0,0.12859986215428665,0.08456325117290346,0.08775969918605529,0.0754966788757167,0.032624997198581696,0.04364431696552344,0.04364431696552344,0.10512838456470187,0.0822041302795972,-0.09456521272659302,0.08161725977773063,0.03900814905762672,0.10154760161911995,0.0875092425680763,0.026241845339536666,0.11697404935415773,0.042609110720103906,0.06126739722853963,-0.052203130426055025,0.005645611638240877,0.019930341841389324,0.02946480678608143,nan,1.0,0.0,-0.891,0.886895601064046,2.4570000171661377,1.0,0,1,1,0,1.128318428993225,1.1745312213897705,2.5498871932966303,FOLLOW_MAIN,cascade_pd_tracking,follow_main,inner_wheel_pd,lidar_disabled,FOLLOW_MAIN,COMMITTED,UNKNOWN,1,2,1,1,1,1,2,1.6159212589263916,1.2106313705444336,0.7947618961334229,0.3871908187866211,8.082389831542969e-05,3.966477632522583,0.06841328300015448,0.08683669999982158
1784803312.9853098,35.55692958831787,-11.8,-0.011800000000000001,-11.8,-0.008507294149662602,-8.507294149662602,0.0,0.0,-0.084,-0.06069263422395463,-0.06069263422395463,0.0019401057509321556,-0.0008294483683355851,0.0,7.760423003728623e-05,-0.04369869664124733,-2.3224554313396385e-05,0.78,0.04,0.72,0.028,1.0,0.12859986215428665,0.08456325117290346,0.08775969918605529,0.0754966788757167,0.032624997198581696,0.04364431696552344,0.04364431696552344,0.10512838456470187,0.0822041302795972,-0.09456521272659302,0.08161725977773063,0.03900814905762672,0.10154760161911995,0.0875092425680763,0.026241845339536666,0.11697404935415773,0.042609110720103906,0.06126739722853963,-0.052203130426055025,0.005645611638240877,0.019930341841389324,0.02946480678608143,nan,1.0,0.0,-0.891,0.886895601064046,2.4570000171661377,1.0,0,1,1,0,1.128318428993225,1.1745312213897705,2.5498871932966303,FOLLOW_MAIN,cascade_pd_tracking,follow_main,inner_wheel_pd,lidar_disabled,FOLLOW_MAIN,COMMITTED,UNKNOWN,1,2,1,1,1,1,2,2.013672113418579,1.608382225036621,1.1925125122070312,0.7849414348602295,0.39783215522766113,0.00010275840759277344,0.06841328300015448,0.08683669999982158
1784803313.392155,35.96377468109131,-11.8,-0.011800000000000001,-11.8,-0.008507294149662602,-8.507294149662602,0.0,0.0,-0.084,-0.06069263422395463,-0.06069263422395463,0.0019401057509321556,-0.0008294483683355851,0.0,7.760423003728623e-05,-0.04369869664124733,-2.3224554313396385e-05,0.78,0.04,0.72,0.028,1.0,0.12859986215428665,0.08456325117290346,0.08775969918605529,0.0754966788757167,0.032624997198581696,0.04364431696552344,0.04364431696552344,0.10512838456470187,0.0822041302795972,-0.09456521272659302,0.08161725977773063,0.03900814905762672,0.10154760161911995,0.0875092425680763,0.026241845339536666,0.11697404935415773,0.042609110720103906,0.06126739722853963,-0.052203130426055025,0.005645611638240877,0.019930341841389324,0.02946480678608143,nan,1.0,0.0,-0.891,0.886895601064046,2.4570000171661377,1.0,0,1,1,0,1.128318428993225,1.1745312213897705,2.5498871932966303,FOLLOW_MAIN,cascade_pd_tracking,follow_main,inner_wheel_pd,lidar_disabled,FOLLOW_MAIN,COMMITTED,UNKNOWN,1,2,1,1,1,1,2,6.890296936035156e-05,2.01521372795105,1.59934401512146,1.1917729377746582,0.8046629428863525,0.4069335460662842,0.06841328300015448,0.08683669999982158
1784803313.8002234,36.371843099594116,-21.0,-0.021,-21.0,-0.01897839830003475,-18.97839830003475,-0.01897839830003475,-18.97839830003475,-0.149,-0.13472716853633004,-0.13472716853633004,-0.0036763881682993237,-0.022832424259899953,-0.014803150674027106,-0.00014705552673197295,-0.09700356134615763,-0.0006393078792771987,0.78,0.04,0.72,0.028,0.75,0.06593384254337119,0.07821076310050848,0.08894042003551832,0.0754966788757167,0.010874999687075615,0.08444480656964544,0.09262421793731335,0.08414962917873926,0.0822041302795972,0.031521737575531006,0.07195862838973982,0.008747282400727273,0.1045568012381715,0.08446289781127714,0.013002716973423957,0.11690484465026911,0.06321134598901254,0.07146018083785319,0.2256726773705662,0.22195749169545884,0.03259817284843168,0.03652046171912412,nan,1.0,0.0,0.564,0.8267566463118644,2.4619998931884766,1.0,0,1,1,0,0.9837723970413208,1.2562745809555054,2.720072728651467,FOLLOW_MAIN,cascade_pd_tracking,planner_hold,inner_wheel_pd,lidar_disabled,FOLLOW_MAIN,COMMITTED,HOLD,1,1,1,1,1,1,1,0.4081292152404785,6.508827209472656e-05,2.007404088973999,1.5998327732086182,1.2127227783203125,0.8149933815002441,0.0014938930003154383,0.05715657000018837
1784803314.2206905,36.79231023788452,-21.0,-0.021,-21.0,-0.01897839830003475,-18.97839830003475,-0.01897839830003475,-18.97839830003475,-0.149,-0.13472716853633004,-0.13472716853633004,-0.0036763881682993237,-0.022832424259899953,-0.014803150674027106,-0.00014705552673197295,-0.09700356134615763,-0.0006393078792771987,0.78,0.04,0.72,0.028,0.75,0.06593384254337119,0.07821076310050848,0.08894042003551832,0.0754966788757167,0.010874999687075615,0.08444480656964544,0.09262421793731335,0.08414962917873926,0.0822041302795972,0.031521737575531006,0.07195862838973982,0.008747282400727273,0.1045568012381715,0.08446289781127714,0.013002716973423957,0.11690484465026911,0.06321134598901254,0.07146018083785319,0.2256726773705662,0.22195749169545884,0.03259817284843168,0.03652046171912412,nan,1.0,0.0,0.564,0.8267566463118644,2.4619998931884766,1.0,0,1,1,0,0.9837723970413208,1.2562745809555054,2.720072728651467,FOLLOW_MAIN,cascade_pd_tracking,planner_hold,inner_wheel_pd,lidar_disabled,FOLLOW_MAIN,COMMITTED,HOLD,1,1,1,1,1,1,1,0.828606128692627,0.42054200172424316,7.319450378417969e-05,2.0203099250793457,1.63319993019104,1.2354710102081299,0.0014938930003154383,0.05715657000018837
1784803314.636637,37.20825672149658,-21.0,-0.021,-21.0,-0.01897839830003475,-18.97839830003475,-0.01897839830003475,-18.97839830003475,-0.149,-0.13472716853633004,-0.13472716853633004,-0.0036763881682993237,-0.022832424259899953,-0.014803150674027106,-0.00014705552673197295,-0.09700356134615763,-0.0006393078792771987,0.78,0.04,0.72,0.028,0.75,0.06593384254337119,0.07821076310050848,0.08894042003551832,0.123580688319689,0.010874999687075615,0.08444480656964544,0.09262421793731335,0.08414962917873926,0.0999459487858921,0.031521737575531006,0.07195862838973982,0.008747282400727273,0.1045568012381715,0.08446289781127714,0.013002716973423957,0.11690484465026911,0.06321134598901254,0.07146018083785319,0.2256726773705662,0.22195749169545884,0.03259817284843168,0.03652046171912412,nan,1.0,0.0,0.564,0.8267566463118644,2.4619998931884766,1.0,0,1,1,0,0.9837723970413208,1.2562745809555054,2.720072728651467,FOLLOW_MAIN,cascade_pd_tracking,planner_hold,inner_wheel_pd,lidar_disabled,FOLLOW_MAIN,COMMITTED,HOLD,1,1,1,1,1,1,1,1.244556188583374,0.8364920616149902,0.41602325439453125,0.00010728836059570312,2.0491504669189453,1.651421308517456,0.0014938930003154383,0.05715657000018837
1784803315.0558023,37.62742209434509,-21.0,-0.021,-21.0,-0.01897839830003475,-18.97839830003475,-0.01897839830003475,-18.97839830003475,-0.149,-0.13472716853633004,-0.13472716853633004,-0.0036763881682993237,-0.022832424259899953,-0.014803150674027106,-0.00014705552673197295,-0.09700356134615763,-0.0006393078792771987,0.78,0.04,0.72,0.028,0.75,0.06593384254337119,0.07821076310050848,0.08894042003551832,0.123580688319689,0.010874999687075615,0.08444480656964544,0.09262421793731335,0.08414962917873926,0.0999459487858921,0.031521737575531006,0.07195862838973982,0.008747282400727273,0.1045568012381715,0.08446289781127714,0.013002716973423957,0.11690484465026911,0.06321134598901254,0.07146018083785319,0.2256726773705662,0.22195749169545884,0.03259817284843168,0.03652046171912412,nan,1.0,0.0,0.564,0.8267566463118644,2.4619998931884766,1.0,0,1,1,0,0.9837723970413208,1.2562745809555054,2.720072728651467,FOLLOW_MAIN,cascade_pd_tracking,planner_hold,inner_wheel_pd,lidar_disabled,FOLLOW_MAIN,COMMITTED,HOLD,1,1,1,1,1,1,1,1.6637213230133057,1.255657434463501,0.835188627243042,0.41927289962768555,9.512901306152344e-05,2.0705862045288086,0.0014938930003154383,0.05715657000018837
1784803315.4908524,38.062472105026245,-21.0,-0.021,-21.0,-0.01897839830003475,-18.97839830003475,-0.01897839830003475,-18.97839830003475,-0.149,-0.13472716853633004,-0.13472716853633004,-0.0036763881682993237,-0.022832424259899953,-0.014803150674027106,-0.00014705552673197295,-0.09700356134615763,-0.0006393078792771987,0.78,0.04,0.72,0.028,0.75,0.06593384254337119,0.07821076310050848,0.08894042003551832,0.123580688319689,0.010874999687075615,0.08444480656964544,0.09262421793731335,0.08414962917873926,0.0999459487858921,0.031521737575531006,0.07195862838973982,0.008747282400727273,0.1045568012381715,0.08446289781127714,0.013002716973423957,0.11690484465026911,0.06321134598901254,0.07146018083785319,0.2256726773705662,0.22195749169545884,0.03259817284843168,0.03652046171912412,nan,1.0,0.0,0.564,0.8267566463118644,2.4619998931884766,1.0,0,1,1,0,0.9837723970413208,1.2562745809555054,2.720072728651467,FOLLOW_MAIN,cascade_pd_tracking,planner_hold,inner_wheel_pd,lidar_disabled,FOLLOW_MAIN,COMMITTED,HOLD,1,1,1,1,1,1,1,2.098764657974243,1.6907005310058594,1.2702314853668213,0.8543155193328857,0.4351382255554199,7.200241088867188e-05,0.0014938930003154383,0.05715657000018837
1784803315.8739638,38.44558358192444,-21.0,-0.021,-21.0,-0.01897839830003475,-18.97839830003475,-0.01897839830003475,-18.97839830003475,-0.149,-0.13472716853633004,-0.13472716853633004,-0.0036763881682993237,-0.022832424259899953,-0.014803150674027106,-0.00014705552673197295,-0.09700356134615763,-0.0006393078792771987,0.78,0.04,0.72,0.028,0.75,0.06593384254337119,0.07821076310050848,0.08894042003551832,0.123580688319689,0.010874999687075615,0.08444480656964544,0.09262421793731335,0.08414962917873926,0.0999459487858921,0.031521737575531006,0.07195862838973982,0.008747282400727273,0.1045568012381715,0.08446289781127714,0.013002716973423957,0.11690484465026911,0.06321134598901254,0.07146018083785319,0.2256726773705662,0.22195749169545884,0.03259817284843168,0.03652046171912412,nan,1.0,0.0,0.564,0.8267566463118644,2.4619998931884766,1.0,0,1,1,0,0.9837723970413208,1.2562745809555054,2.720072728651467,FOLLOW_MAIN,cascade_pd_tracking,planner_hold,inner_wheel_pd,lidar_disabled,FOLLOW_MAIN,COMMITTED,HOLD,1,1,1,1,1,1,1,6.794929504394531e-05,2.073812246322632,1.6533434391021729,1.2374272346496582,0.8182494640350342,0.38318371772766113,0.0014938930003154383,0.05715657000018837
1784803316.2829936,38.854613304138184,-30.200000000000003,-0.0302,-30.200000000000003,-0.03010253011319873,-30.102530113198732,-0.03010253011319873,-30.102530113198732,-0.213,-0.21166220962289134,-0.21166220962289134,-0.004876040582031103,-0.03328972422131179,-0.02347997348829501,-0.00019504162328124413,-0.15239679092848177,-0.0009321122781967301,0.78,0.04,0.72,0.028,1.0,0.09703110596450687,0.09703110596450687,0.09275620211444813,0.123580688319689,0.06162499636411667,0.17700391831825474,0.17700391831825474,0.1697463374335501,0.0999459487858921,0.15760868787765503,0.08508334147802467,0.05098640993237495,0.10302725665774376,0.10897887045098907,0.07226358279585839,0.1279356866072321,0.03409693154564972,0.036715287655130685,0.1577388037807221,0.13334780817803002,0.017943915179719085,0.018956816156243027,nan,1.0,0.0,2.35,0.6691800411345302,2.8320000171661377,1.0,0,1,1,0,0.8218456506729126,1.311804175376892,2.9113147165928894,FOLLOW_MAIN,cascade_pd_tracking,follow_main,inner_wheel_pd,lidar_disabled,FOLLOW_MAIN,COMMITTED,UNKNOWN,1,2,1,1,1,1,2,0.4091053009033203,9.369850158691406e-05,2.062380790710449,1.6464648246765137,1.2272875308990479,0.7922215461730957,0.1422345440000754,0.1358102690001033
1784803316.7461417,39.31776142120361,-30.200000000000003,-0.0302,-30.200000000000003,-0.03010253011319873,-30.102530113198732,-0.03010253011319873,-30.102530113198732,-0.213,-0.21166220962289134,-0.21166220962289134,-0.004876040582031103,-0.03328972422131179,-0.02347997348829501,-0.00019504162328124413,-0.15239679092848177,-0.0009321122781967301,0.78,0.04,0.72,0.028,1.0,0.09703110596450687,0.09703110596450687,0.09275620211444813,0.123580688319689,0.06162499636411667,0.17700391831825474,0.17700391831825474,0.1697463374335501,0.0999459487858921,0.15760868787765503,0.08508334147802467,0.05098640993237495,0.10302725665774376,0.10897887045098907,0.07226358279585839,0.1279356866072321,0.03409693154564972,0.036715287655130685,0.1577388037807221,0.13334780817803002,0.017943915179719085,0.018956816156243027,nan,1.0,0.0,2.35,0.6691800411345302,2.8320000171661377,1.0,0,1,1,0,0.8218456506729126,1.311804175376892,2.9113147165928894,FOLLOW_MAIN,cascade_pd_tracking,follow_main,inner_wheel_pd,lidar_disabled,FOLLOW_MAIN,COMMITTED,UNKNOWN,1,2,1,1,1,1,2,0.8722572326660156,0.46324610710144043,8.368492126464844e-05,2.1096177101135254,1.6904406547546387,1.2553746700286865,0.1422345440000754,0.1358102690001033
1784803317.152423,39.724042654037476,-30.200000000000003,-0.0302,-30.200000000000003,-0.03010253011319873,-30.102530113198732,-0.03010253011319873,-30.102530113198732,-0.213,-0.21166220962289134,-0.21166220962289134,-0.004876040582031103,-0.03328972422131179,-0.02347997348829501,-0.00019504162328124413,-0.15239679092848177,-0.0009321122781967301,0.78,0.04,0.72,0.028,1.0,0.09703110596450687,0.09703110596450687,0.09275620211444813,0.07497643840845038,0.06162499636411667,0.17700391831825474,0.17700391831825474,0.1697463374335501,0.04268537287634802,0.15760868787765503,0.08508334147802467,0.05098640993237495,0.10302725665774376,0.10897887045098907,0.07226358279585839,0.1279356866072321,0.03409693154564972,0.036715287655130685,0.1577388037807221,0.13334780817803002,0.017943915179719085,0.018956816156243027,nan,1.0,0.0,2.35,0.6691800411345302,2.8320000171661377,1.0,0,1,1,0,0.8218456506729126,1.311804175376892,2.9113147165928894,FOLLOW_MAIN,cascade_pd_tracking,follow_main,inner_wheel_pd,lidar_disabled,FOLLOW_MAIN,COMMITTED,UNKNOWN,1,2,1,1,1,1,2,1.2785489559173584,0.8695375919342041,0.4063749313354492,9.822845458984375e-05,2.096731185913086,1.6616649627685547,0.1422345440000754,0.1358102690001033
1784803317.5629408,40.13456058502197,-30.200000000000003,-0.0302,-30.200000000000003,-0.03010253011319873,-30.102530113198732,-0.03010253011319873,-30.102530113198732,-0.213,-0.21166220962289134,-0.21166220962289134,-0.004876040582031103,-0.03328972422131179,-0.02347997348829501,-0.00019504162328124413,-0.15239679092848177,-0.0009321122781967301,0.78,0.04,0.72,0.028,1.0,0.09703110596450687,0.09703110596450687,0.09275620211444813,0.07497643840845038,0.06162499636411667,0.17700391831825474,0.17700391831825474,0.1697463374335501,0.04268537287634802,0.15760868787765503,0.08508334147802467,0.05098640993237495,0.10302725665774376,0.10897887045098907,0.07226358279585839,0.1279356866072321,0.03409693154564972,0.036715287655130685,0.1577388037807221,0.13334780817803002,0.017943915179719085,0.018956816156243027,nan,1.0,0.0,2.35,0.6691800411345302,2.8320000171661377,1.0,0,1,1,0,0.8218456506729126,1.311804175376892,2.9113147165928894,FOLLOW_MAIN,cascade_pd_tracking,follow_main,inner_wheel_pd,lidar_disabled,FOLLOW_MAIN,COMMITTED,UNKNOWN,1,2,1,1,1,1,2,1.6890459060668945,1.280034065246582,0.8168714046478271,0.4105947017669678,7.748603820800781e-05,2.0721611976623535,0.1422345440000754,0.1358102690001033
1784803317.978129,40.54974865913391,-30.200000000000003,-0.0302,-30.200000000000003,-0.03010253011319873,-30.102530113198732,-0.03010253011319873,-30.102530113198732,-0.213,-0.21166220962289134,-0.21166220962289134,-0.004876040582031103,-0.03328972422131179,-0.02347997348829501,-0.00019504162328124413,-0.15239679092848177,-0.0009321122781967301,0.78,0.04,0.72,0.028,1.0,0.09703110596450687,0.09703110596450687,0.09275620211444813,0.07497643840845038,0.06162499636411667,0.17700391831825474,0.17700391831825474,0.1697463374335501,0.04268537287634802,0.15760868787765503,0.08508334147802467,0.05098640993237495,0.10302725665774376,0.10897887045098907,0.07226358279585839,0.1279356866072321,0.03409693154564972,0.036715287655130685,0.1577388037807221,0.13334780817803002,0.017943915179719085,0.018956816156243027,nan,1.0,0.0,2.35,0.6691800411345302,2.8320000171661377,1.0,0,1,1,0,0.8218456506729126,1.311804175376892,2.9113147165928894,FOLLOW_MAIN,cascade_pd_tracking,follow_main,inner_wheel_pd,lidar_disabled,FOLLOW_MAIN,COMMITTED,UNKNOWN,1,2,1,1,1,1,2,2.104243755340576,1.6952323913574219,1.232069969177246,0.8257932662963867,0.41527652740478516,9.679794311523438e-05,0.1422345440000754,0.1358102690001033
1784803318.3976157,40.96923542022705,-30.200000000000003,-0.0302,-30.200000000000003,-0.03010253011319873,-30.102530113198732,-0.03010253011319873,-30.102530113198732,-0.213,-0.21166220962289134,-0.21166220962289134,-0.004876040582031103,-0.03328972422131179,-0.02347997348829501,-0.00019504162328124413,-0.15239679092848177,-0.0009321122781967301,0.78,0.04,0.72,0.028,1.0,0.09703110596450687,0.09703110596450687,0.09275620211444813,0.07497643840845038,0.06162499636411667,0.17700391831825474,0.17700391831825474,0.1697463374335501,0.04268537287634802,0.15760868787765503,0.08508334147802467,0.05098640993237495,0.10302725665774376,0.10897887045098907,0.07226358279585839,0.1279356866072321,0.03409693154564972,0.036715287655130685,0.1577388037807221,0.13334780817803002,0.017943915179719085,0.018956816156243027,nan,1.0,0.0,2.35,0.6691800411345302,2.8320000171661377,1.0,0,1,1,0,0.8218456506729126,1.311804175376892,2.9113147165928894,FOLLOW_MAIN,cascade_pd_tracking,follow_main,inner_wheel_pd,lidar_disabled,FOLLOW_MAIN,COMMITTED,UNKNOWN,1,2,1,1,1,1,2,9.036064147949219e-05,2.1147217750549316,1.6515591144561768,1.2452826499938965,0.834766149520874,0.4195864200592041,0.1422345440000754,0.1358102690001033
1784803318.9816456,41.55326533317566,-4.0,-0.004,-4.0,-0.00581544199619523,-5.81544199619523,0.0,0.0,-0.029,-0.04172566860528896,-0.04172566860528896,0.003663278906039443,0.03718531840724449,0.0,0.0001465311562415777,-0.03004248139580805,0.0010411889154028457,0.78,0.04,0.72,0.028,0.75,0.065,0.065,0.07682526545902822,0.07497643840845038,0.0,0.02164107099312272,0.02164107099312272,0.004918568981620015,0.04268537287634802,0.0,0.06353922770796422,0.0,0.09528658222881693,0.06646077229203579,0.0,0.09600832876416335,0.06353922770796422,0.06646077229203579,0.12485252210298917,0.15981020947779745,0.031747354520852714,0.03349927279495515,nan,1.0,0.0,2.3699999999999997,0.8142080262100303,2.694999933242798,1.0,0,1,1,0,0.6749864220619202,1.3196297883987427,-3.113140167708199,FOLLOW_MAIN,cascade_pd_tracking,planner_hold,inner_wheel_pd,lidar_disabled,FOLLOW_MAIN,COMMITTED,HOLD,1,1,1,1,1,1,1,0.5841004848480225,6.723403930664062e-05,2.2355687618255615,1.8292922973632812,1.4187748432159424,1.0035951137542725,0.055266584000037255,0.013466331000017817
1784803319.3896427,41.961262464523315,-4.0,-0.004,-4.0,-0.00581544199619523,-5.81544199619523,0.0,0.0,-0.029,-0.04172566860528896,-0.04172566860528896,0.003663278906039443,0.03718531840724449,0.0,0.0001465311562415777,-0.03004248139580805,0.0010411889154028457,0.78,0.04,0.72,0.028,0.75,0.065,0.065,0.07682526545902822,0.07497643840845038,0.0,0.02164107099312272,0.02164107099312272,0.004918568981620015,0.04268537287634802,0.0,0.06353922770796422,0.0,0.09528658222881693,0.06646077229203579,0.0,0.09600832876416335,0.06353922770796422,0.06646077229203579,0.12485252210298917,0.15981020947779745,0.031747354520852714,0.03349927279495515,nan,1.0,0.0,2.3699999999999997,0.8142080262100303,2.694999933242798,1.0,0,1,1,0,0.6749864220619202,1.3196297883987427,-3.113140167708199,FOLLOW_MAIN,cascade_pd_tracking,planner_hold,inner_wheel_pd,lidar_disabled,FOLLOW_MAIN,COMMITTED,HOLD,1,1,1,1,1,1,1,0.9921033382415771,0.40807032585144043,7.081031799316406e-05,2.237295389175415,1.8267784118652344,1.4115984439849854,0.055266584000037255,0.013466331000017817
1784803319.813189,42.38480877876282,-4.0,-0.004,-4.0,-0.00581544199619523,-5.81544199619523,0.0,0.0,-0.029,-0.04172566860528896,-0.04172566860528896,0.003663278906039443,0.03718531840724449,0.0,0.0001465311562415777,-0.03004248139580805,0.0010411889154028457,0.78,0.04,0.72,0.028,0.75,0.065,0.065,0.07682526545902822,0.08184131419569292,0.0,0.02164107099312272,0.02164107099312272,0.004918568981620015,0.014875039323337705,0.0,0.06353922770796422,0.0,0.09528658222881693,0.06646077229203579,0.0,0.09600832876416335,0.06353922770796422,0.06646077229203579,0.12485252210298917,0.15981020947779745,0.031747354520852714,0.03349927279495515,nan,1.0,0.0,2.3699999999999997,0.8142080262100303,2.694999933242798,1.0,0,1,1,0,0.6749864220619202,1.3196297883987427,-3.113140167708199,FOLLOW_MAIN,cascade_pd_tracking,planner_hold,inner_wheel_pd,lidar_disabled,FOLLOW_MAIN,COMMITTED,HOLD,1,1,1,1,1,1,1,1.4156494140625,0.8316159248352051,0.4236164093017578,6.580352783203125e-05,2.25032377243042,1.83514404296875,0.055266584000037255,0.013466331000017817
1784803320.2594285,42.831048250198364,-4.0,-0.004,-4.0,-0.00581544199619523,-5.81544199619523,0.0,0.0,-0.029,-0.04172566860528896,-0.04172566860528896,0.003663278906039443,0.03718531840724449,0.0,0.0001465311562415777,-0.03004248139580805,0.0010411889154028457,0.78,0.04,0.72,0.028,0.75,0.065,0.065,0.07682526545902822,0.08184131419569292,0.0,0.02164107099312272,0.02164107099312272,0.004918568981620015,0.014875039323337705,0.0,0.06353922770796422,0.0,0.09528658222881693,0.06646077229203579,0.0,0.09600832876416335,0.06353922770796422,0.06646077229203579,0.12485252210298917,0.15981020947779745,0.031747354520852714,0.03349927279495515,nan,1.0,0.0,2.3699999999999997,0.8142080262100303,2.694999933242798,1.0,0,1,1,0,0.6749864220619202,1.3196297883987427,-3.113140167708199,FOLLOW_MAIN,cascade_pd_tracking,planner_hold,inner_wheel_pd,lidar_disabled,FOLLOW_MAIN,COMMITTED,HOLD,1,1,1,1,1,1,1,1.861891269683838,1.277858018875122,0.8698582649230957,0.4463076591491699,8.344650268554688e-05,2.281386137008667,0.055266584000037255,0.013466331000017817
1784803320.6600354,43.23165512084961,-4.0,-0.004,-4.0,-0.00581544199619523,-5.81544199619523,0.0,0.0,-0.029,-0.04172566860528896,-0.04172566860528896,0.003663278906039443,0.03718531840724449,0.0,0.0001465311562415777,-0.03004248139580805,0.0010411889154028457,0.78,0.04,0.72,0.028,0.75,0.065,0.065,0.07682526545902822,0.08184131419569292,0.0,0.02164107099312272,0.02164107099312272,0.004918568981620015,0.014875039323337705,0.0,0.06353922770796422,0.0,0.09528658222881693,0.06646077229203579,0.0,0.09600832876416335,0.06353922770796422,0.06646077229203579,0.12485252210298917,0.15981020947779745,0.031747354520852714,0.03349927279495515,nan,1.0,0.0,2.3699999999999997,0.8142080262100303,2.694999933242798,1.0,0,1,1,0,0.6749864220619202,1.3196297883987427,-3.113140167708199,FOLLOW_MAIN,cascade_pd_tracking,planner_hold,inner_wheel_pd,lidar_disabled,FOLLOW_MAIN,COMMITTED,HOLD,1,1,1,1,1,1,1,2.262495517730713,1.678462266921997,1.2704625129699707,0.8469119071960449,0.40068793296813965,7.128715515136719e-05,0.055266584000037255,0.013466331000017817
1784803321.0443494,43.61596918106079,-4.0,-0.004,-4.0,-0.00581544199619523,-5.81544199619523,0.0,0.0,-0.029,-0.04172566860528896,-0.04172566860528896,0.003663278906039443,0.03718531840724449,0.0,0.0001465311562415777,-0.03004248139580805,0.0010411889154028457,0.78,0.04,0.72,0.028,0.75,0.065,0.065,0.07682526545902822,0.08184131419569292,0.0,0.02164107099312272,0.02164107099312272,0.004918568981620015,0.014875039323337705,0.0,0.06353922770796422,0.0,0.09528658222881693,0.06646077229203579,0.0,0.09600832876416335,0.06353922770796422,0.06646077229203579,0.12485252210298917,0.15981020947779745,0.031747354520852714,0.03349927279495515,nan,1.0,0.0,2.3699999999999997,0.8142080262100303,2.694999933242798,1.0,0,1,1,0,0.6749864220619202,1.3196297883987427,-3.113140167708199,FOLLOW_MAIN,cascade_pd_tracking,planner_hold,inner_wheel_pd,lidar_disabled,FOLLOW_MAIN,COMMITTED,HOLD,1,1,1,1,1,1,1,0.00010800361633300781,2.062790870666504,1.6547913551330566,1.2312407493591309,0.7850170135498047,0.3844003677368164,0.055266584000037255,0.013466331000017817
1784803321.4622676,44.03388738632202,3.1,0.0031,3.1,0.002206662947100913,2.2066629471009134,0.0,0.0,0.022,0.01566941774567766,0.0,3.870646004043569e-05,0.003287729692972924,0.0,1.5482584016174276e-06,0.0,9.205643140324187e-05,0.78,0.04,0.72,0.028,0.75,0.07737445920172241,0.07737445920172241,0.09295480599697405,0.08184131419569292,0.0,0.0,0.0,0.0001222143142320695,0.014875039323337705,0.0,0.07737445920172241,0.0,0.11571976665513414,0.07737445920172241,0.0,0.11573770027733124,0.07737445920172241,0.07737445920172241,0.1205567036584974,0.12235006587820782,0.038345307453411734,0.03836324107560884,nan,1.0,0.0,0.432,0.9702126545670521,2.549999952316284,1.0,0,1,1,0,0.522476851940155,1.3110220432281494,-3.070743383418606,FOLLOW_MAIN,cascade_pd_tracking,planner_hold,inner_wheel_pd,lidar_disabled,FOLLOW_MAIN,COMMITTED,HOLD,1,1,1,1,1,1,1,0.418046236038208,0.00014925003051757812,2.072730302810669,1.6491804122924805,1.2029566764831543,0.8023407459259033,0.05438484000023891,0.05685027200024706
1784803321.892387,44.464006662368774,3.1,0.0031,3.1,0.002206662947100913,2.2066629471009134,0.0,0.0,0.022,0.01566941774567766,0.0,3.870646004043569e-05,0.003287729692972924,0.0,1.5482584016174276e-06,0.0,9.205643140324187e-05,0.78,0.04,0.72,0.028,0.75,0.07737445920172241,0.07737445920172241,0.09295480599697405,0.08184131419569292,0.0,0.0,0.0,0.0001222143142320695,0.014875039323337705,0.0,0.07737445920172241,0.0,0.11571976665513414,0.07737445920172241,0.0,0.11573770027733124,0.07737445920172241,0.07737445920172241,0.1205567036584974,0.12235006587820782,0.038345307453411734,0.03836324107560884,nan,1.0,0.0,0.432,0.9702126545670521,2.549999952316284,1.0,0,1,1,0,0.522476851940155,1.3110220432281494,-3.070743383418606,FOLLOW_MAIN,cascade_pd_tracking,planner_hold,inner_wheel_pd,lidar_disabled,FOLLOW_MAIN,COMMITTED,HOLD,1,1,1,1,1,1,1,0.848160982131958,0.4302632808685303,9.679794311523438e-05,2.0792932510375977,1.6330692768096924,1.232452630996704,0.05438484000023891,0.05685027200024706
1784803322.2706795,44.84229922294617,3.1,0.0031,3.1,0.002206662947100913,2.2066629471009134,0.0,0.0,0.022,0.01566941774567766,0.0,3.870646004043569e-05,0.003287729692972924,0.0,1.5482584016174276e-06,0.0,9.205643140324187e-05,0.78,0.04,0.72,0.028,0.75,0.07737445920172241,0.07737445920172241,0.09295480599697405,0.08562841387475242,0.0,0.0,0.0,0.0001222143142320695,0.014797420532769095,0.0,0.07737445920172241,0.0,0.11571976665513414,0.07737445920172241,0.0,0.11573770027733124,0.07737445920172241,0.07737445920172241,0.1205567036584974,0.12235006587820782,0.038345307453411734,0.03836324107560884,nan,1.0,0.0,0.432,0.9702126545670521,2.549999952316284,1.0,0,1,1,0,0.522476851940155,1.3110220432281494,-3.070743383418606,FOLLOW_MAIN,cascade_pd_tracking,planner_hold,inner_wheel_pd,lidar_disabled,FOLLOW_MAIN,COMMITTED,HOLD,1,1,1,1,1,1,1,1.2264370918273926,0.808539867401123,0.378373384475708,9.608268737792969e-05,2.0113461017608643,1.610729455947876,0.05438484000023891,0.05685027200024706
1784803322.651965,45.22358465194702,3.1,0.0031,3.1,0.002206662947100913,2.2066629471009134,0.0,0.0,0.022,0.01566941774567766,0.0,3.870646004043569e-05,0.003287729692972924,0.0,1.5482584016174276e-06,0.0,9.205643140324187e-05,0.78,0.04,0.72,0.028,0.75,0.07737445920172241,0.07737445920172241,0.09295480599697405,0.08562841387475242,0.0,0.0,0.0,0.0001222143142320695,0.014797420532769095,0.0,0.07737445920172241,0.0,0.11571976665513414,0.07737445920172241,0.0,0.11573770027733124,0.07737445920172241,0.07737445920172241,0.1205567036584974,0.12235006587820782,0.038345307453411734,0.03836324107560884,nan,1.0,0.0,0.432,0.9702126545670521,2.549999952316284,1.0,0,1,1,0,0.522476851940155,1.3110220432281494,-3.070743383418606,FOLLOW_MAIN,cascade_pd_tracking,planner_hold,inner_wheel_pd,lidar_disabled,FOLLOW_MAIN,COMMITTED,HOLD,1,1,1,1,1,1,1,1.607710361480713,1.1898126602172852,0.7596461772918701,0.38136911392211914,7.128715515136719e-05,1.9920017719268799,0.05438484000023891,0.05685027200024706
1784803323.0153863,45.58700609207153,3.1,0.0031,3.1,0.002206662947100913,2.2066629471009134,0.0,0.0,0.022,0.01566941774567766,0.0,3.870646004043569e-05,0.003287729692972924,0.0,1.5482584016174276e-06,0.0,9.205643140324187e-05,0.78,0.04,0.72,0.028,0.75,0.07737445920172241,0.07737445920172241,0.09295480599697405,0.08562841387475242,0.0,0.0,0.0,0.0001222143142320695,0.014797420532769095,0.0,0.07737445920172241,0.0,0.11571976665513414,0.07737445920172241,0.0,0.11573770027733124,0.07737445920172241,0.07737445920172241,0.1205567036584974,0.12235006587820782,0.038345307453411734,0.03836324107560884,nan,1.0,0.0,0.432,0.9702126545670521,2.549999952316284,1.0,0,1,1,0,0.522476851940155,1.3110220432281494,-3.070743383418606,FOLLOW_MAIN,cascade_pd_tracking,planner_hold,inner_wheel_pd,lidar_disabled,FOLLOW_MAIN,COMMITTED,HOLD,1,1,1,1,1,1,1,1.9712460041046143,1.5533502101898193,1.1231846809387207,0.7449088096618652,0.3636131286621094,0.0002923011779785156,0.05438484000023891,0.05685027200024706
1784803323.3994715,45.97109127044678,3.1,0.0031,3.1,0.002206662947100913,2.2066629471009134,0.0,0.0,0.022,0.01566941774567766,0.0,3.870646004043569e-05,0.003287729692972924,0.0,1.5482584016174276e-06,0.0,9.205643140324187e-05,0.78,0.04,0.72,0.028,0.75,0.07737445920172241,0.07737445920172241,0.09295480599697405,0.08562841387475242,0.0,0.0,0.0,0.0001222143142320695,0.014797420532769095,0.0,0.07737445920172241,0.0,0.11571976665513414,0.07737445920172241,0.0,0.11573770027733124,0.07737445920172241,0.07737445920172241,0.1205567036584974,0.12235006587820782,0.038345307453411734,0.03836324107560884,nan,1.0,0.0,0.432,0.9702126545670521,2.549999952316284,1.0,0,1,1,0,0.522476851940155,1.3110220432281494,-3.070743383418606,FOLLOW_MAIN,cascade_pd_tracking,planner_hold,inner_wheel_pd,lidar_disabled,FOLLOW_MAIN,COMMITTED,HOLD,1,1,1,1,1,1,1,0.00011992454528808594,1.9373297691345215,1.5071632862091064,1.1288859844207764,0.7475886344909668,0.38426637649536133,0.05438484000023891,0.05685027200024706
1784803323.775836,46.347455739974976,4.7,0.0047,4.7,0.004791223007467968,4.791223007467968,0.0,0.0,0.034,0.034400943496010986,0.034400943496010986,5.400532411269755e-07,0.013345505089299589,0.0,2.160212964507902e-08,0.02476867931712791,0.0003736741425003885,0.78,0.04,0.72,0.028,0.75,0.07354120382072214,0.07354120382072214,0.034197788771541164,0.08562841387475242,0.1341249942779541,-0.018856781296318455,-0.018856781296318455,-0.10090795796244588,0.014797420532769095,0.15760868787765503,0.07481403655822363,0.12348640784621238,0.0499798200232482,0.07226837108322065,0.1447635807096958,0.035172674017889295,-0.04867237128798875,-0.07249520962647515,-0.1471478316740835,-0.2297996444623277,-0.02483421653497543,-0.037095697065331355,nan,1.0,0.0,0.691,0.9221467563726915,2.4100000858306885,1.0,0,1,1,0,0.3619289696216583,1.3008928298950195,-3.0633040151101874,FOLLOW_MAIN,cascade_pd_tracking,planner_hold,inner_wheel_pd,lidar_disabled,FOLLOW_MAIN,COMMITTED,HOLD,1,1,1,1,1,1,1,0.3764665126800537,6.461143493652344e-05,1.883509635925293,1.505232334136963,1.1239347457885742,0.7606122493743896,0.0038390469999285415,0.03408899400028531
1784803326.175591,48.74721074104309,4.7,0.0047,4.7,0.004791223007467968,4.791223007467968,0.0,0.0,0.034,0.034400943496010986,0.034400943496010986,5.400532411269755e-07,0.013345505089299589,0.0,2.160212964507902e-08,0.02476867931712791,0.0003736741425003885,0.78,0.04,0.72,0.028,0.75,0.07354120382072214,0.07354120382072214,0.034197788771541164,0.08562841387475242,0.1341249942779541,-0.018856781296318455,-0.018856781296318455,-0.10090795796244588,0.014797420532769095,0.15760868787765503,0.07481403655822363,0.12348640784621238,0.0499798200232482,0.07226837108322065,0.1447635807096958,0.035172674017889295,-0.04867237128798875,-0.07249520962647515,-0.1471478316740835,-0.2297996444623277,-0.02483421653497543,-0.037095697065331355,nan,1.0,0.0,0.691,0.9221467563726915,2.4100000858306885,1.0,0,1,1,0,0.3619289696216583,1.3008928298950195,-3.0633040151101874,FOLLOW_MAIN,cascade_pd_tracking,planner_hold,inner_wheel_pd,lidar_disabled,FOLLOW_MAIN,COMMITTED,HOLD,1,1,1,1,1,1,1,2.7762367725372314,2.3998348712921143,8.487701416015625e-05,3.9050023555755615,3.523705244064331,3.1603829860687256,0.0038390469999285415,0.03408899400028531
1784803326.5647767,49.136396408081055,4.7,0.0047,4.7,0.004791223007467968,4.791223007467968,0.0,0.0,0.034,0.034400943496010986,0.034400943496010986,5.400532411269755e-07,0.013345505089299589,0.0,2.160212964507902e-08,0.02476867931712791,0.0003736741425003885,0.78,0.04,0.72,0.028,0.75,0.07354120382072214,0.07354120382072214,0.034197788771541164,0.09711453823127802,0.1341249942779541,-0.018856781296318455,-0.018856781296318455,-0.10090795796244588,0.01514636368029536,0.15760868787765503,0.07481403655822363,0.12348640784621238,0.0499798200232482,0.07226837108322065,0.1447635807096958,0.035172674017889295,-0.04867237128798875,-0.07249520962647515,-0.1471478316740835,-0.2297996444623277,-0.02483421653497543,-0.037095697065331355,nan,1.0,0.0,0.691,0.9221467563726915,2.4100000858306885,1.0,0,1,1,0,0.3619289696216583,1.3008928298950195,-3.0633040151101874,FOLLOW_MAIN,cascade_pd_tracking,planner_hold,inner_wheel_pd,lidar_disabled,FOLLOW_MAIN,COMMITTED,HOLD,1,1,1,1,1,1,1,3.1654179096221924,2.789015769958496,0.3892660140991211,7.724761962890625e-05,3.912886381149292,3.5495641231536865,0.0038390469999285415,0.03408899400028531
1784803326.931985,49.50360465049744,4.7,0.0047,4.7,0.004791223007467968,4.791223007467968,0.0,0.0,0.034,0.034400943496010986,0.034400943496010986,5.400532411269755e-07,0.013345505089299589,0.0,2.160212964507902e-08,0.02476867931712791,0.0003736741425003885,0.78,0.04,0.72,0.028,0.75,0.07354120382072214,0.07354120382072214,0.034197788771541164,0.09711453823127802,0.1341249942779541,-0.018856781296318455,-0.018856781296318455,-0.10090795796244588,0.01514636368029536,0.15760868787765503,0.07481403655822363,0.12348640784621238,0.0499798200232482,0.07226837108322065,0.1447635807096958,0.035172674017889295,-0.04867237128798875,-0.07249520962647515,-0.1471478316740835,-0.2297996444623277,-0.02483421653497543,-0.037095697065331355,nan,1.0,0.0,0.691,0.9221467563726915,2.4100000858306885,1.0,0,1,1,0,0.3619289696216583,1.3008928298950195,-3.0633040151101874,FOLLOW_MAIN,cascade_pd_tracking,planner_hold,inner_wheel_pd,lidar_disabled,FOLLOW_MAIN,COMMITTED,HOLD,1,1,1,1,1,1,1,3.532647132873535,3.156244993209839,0.7564952373504639,0.3673064708709717,9.489059448242188e-05,3.91679310798645,0.0038390469999285415,0.03408899400028531
1784803327.323923,49.89554286003113,4.7,0.0047,4.7,0.004791223007467968,4.791223007467968,0.0,0.0,0.034,0.034400943496010986,0.034400943496010986,5.400532411269755e-07,0.013345505089299589,0.0,2.160212964507902e-08,0.02476867931712791,0.0003736741425003885,0.78,0.04,0.72,0.028,0.75,0.07354120382072214,0.07354120382072214,0.034197788771541164,0.09711453823127802,0.1341249942779541,-0.018856781296318455,-0.018856781296318455,-0.10090795796244588,0.01514636368029536,0.15760868787765503,0.07481403655822363,0.12348640784621238,0.0499798200232482,0.07226837108322065,0.1447635807096958,0.035172674017889295,-0.04867237128798875,-0.07249520962647515,-0.1471478316740835,-0.2297996444623277,-0.02483421653497543,-0.037095697065331355,nan,1.0,0.0,0.691,0.9221467563726915,2.4100000858306885,1.0,0,1,1,0,0.3619289696216583,1.3008928298950195,-3.0633040151101874,FOLLOW_MAIN,cascade_pd_tracking,planner_hold,inner_wheel_pd,lidar_disabled,FOLLOW_MAIN,COMMITTED,HOLD,1,1,1,1,1,1,1,3.9245619773864746,3.5481600761413574,1.1484103202819824,0.7592215538024902,0.3920102119445801,7.081031799316406e-05,0.0038390469999285415,0.03408899400028531
1784803327.7088258,50.28044557571411,4.7,0.0047,4.7,0.004791223007467968,4.791223007467968,0.0,0.0,0.034,0.034400943496010986,0.034400943496010986,5.400532411269755e-07,0.013345505089299589,0.0,2.160212964507902e-08,0.02476867931712791,0.0003736741425003885,0.78,0.04,0.72,0.028,0.75,0.07354120382072214,0.07354120382072214,0.034197788771541164,0.09711453823127802,0.1341249942779541,-0.018856781296318455,-0.018856781296318455,-0.10090795796244588,0.01514636368029536,0.15760868787765503,0.07481403655822363,0.12348640784621238,0.0499798200232482,0.07226837108322065,0.1447635807096958,0.035172674017889295,-0.04867237128798875,-0.07249520962647515,-0.1471478316740835,-0.2297996444623277,-0.02483421653497543,-0.037095697065331355,nan,1.0,0.0,0.691,0.9221467563726915,2.4100000858306885,1.0,0,1,1,0,0.3619289696216583,1.3008928298950195,-3.0633040151101874,FOLLOW_MAIN,cascade_pd_tracking,planner_hold,inner_wheel_pd,lidar_disabled,FOLLOW_MAIN,COMMITTED,HOLD,1,1,1,1,1,1,1,8.821487426757812e-05,3.9330742359161377,1.5333242416381836,1.1441359519958496,0.7769246101379395,0.38498568534851074,0.0038390469999285415,0.03408899400028531
1784803328.094245,50.66586470603943,3.2,0.0032,3.2,0.004163619286495841,4.163619286495841,0.0,0.0,0.023,0.02957619584752566,0.02957619584752566,2.1695386405743636e-10,0.00992286593070936,0.0,8.678154562297455e-12,0.021294861010218474,0.00027784024605986206,0.78,0.04,0.72,0.028,1.0,0.13536385246911814,0.07440488352094862,0.045480031455993074,0.09711453823127802,0.10512500256299973,-0.02157270126495649,-0.018691402040620007,-0.022481946437660376,0.01514636368029536,-0.0315217524766922,0.07566655315869047,0.10725272085517645,0.0582721297980832,0.07314321388320677,0.102997284270823,0.05497314852733956,-0.03158616769648598,-0.029854070387616227,-0.1325341305567535,-0.11533540633628087,-0.016486701799880803,-0.015483307849418598,nan,1.0,0.0,-0.5810000000000001,0.9335438101318494,2.055000066757202,1.0,0,1,1,0,-0.008379695937037468,1.2739557027816772,-3.0972211991971377,FOLLOW_MAIN,cascade_pd_tracking,follow_main,inner_wheel_pd,lidar_disabled,FOLLOW_MAIN,COMMITTED,UNKNOWN,1,2,1,1,1,1,2,0.3854942321777344,7.534027099609375e-05,1.9187302589416504,1.5295417308807373,1.1623303890228271,0.7703907489776611,0.0019301340003039513,0.00045107500000085565
1784803328.4960155,51.06763529777527,3.2,0.0032,3.2,0.004163619286495841,4.163619286495841,0.0,0.0,0.023,0.02957619584752566,0.02957619584752566,2.1695386405743636e-10,0.00992286593070936,0.0,8.678154562297455e-12,0.021294861010218474,0.00027784024605986206,0.78,0.04,0.72,0.028,1.0,0.13536385246911814,0.07440488352094862,0.045480031455993074,0.09711453823127802,0.10512500256299973,-0.02157270126495649,-0.018691402040620007,-0.022481946437660376,0.01514636368029536,-0.0315217524766922,0.07566655315869047,0.10725272085517645,0.0582721297980832,0.07314321388320677,0.102997284270823,0.05497314852733956,-0.03158616769648598,-0.029854070387616227,-0.1325341305567535,-0.11533540633628087,-0.016486701799880803,-0.015483307849418598,nan,1.0,0.0,-0.5810000000000001,0.9335438101318494,2.055000066757202,1.0,0,1,1,0,-0.008379695937037468,1.2739557027816772,-3.0972211991971377,FOLLOW_MAIN,cascade_pd_tracking,follow_main,inner_wheel_pd,lidar_disabled,FOLLOW_MAIN,COMMITTED,UNKNOWN,1,2,1,1,1,1,2,0.7872722148895264,0.401853084564209,7.843971252441406e-05,1.9313194751739502,1.5641083717346191,1.1721689701080322,0.0019301340003039513,0.00045107500000085565
1784803328.9018197,51.47343945503235,3.2,0.0032,3.2,0.004163619286495841,4.163619286495841,0.0,0.0,0.023,0.02957619584752566,0.02957619584752566,2.1695386405743636e-10,0.00992286593070936,0.0,8.678154562297455e-12,0.021294861010218474,0.00027784024605986206,0.78,0.04,0.72,0.028,1.0,0.13536385246911814,0.07440488352094862,0.045480031455993074,0.13395100833415574,0.10512500256299973,-0.02157270126495649,-0.018691402040620007,-0.022481946437660376,-0.016751340980698772,-0.0315217524766922,0.07566655315869047,0.10725272085517645,0.0582721297980832,0.07314321388320677,0.102997284270823,0.05497314852733956,-0.03158616769648598,-0.029854070387616227,-0.1325341305567535,-0.11533540633628087,-0.016486701799880803,-0.015483307849418598,nan,1.0,0.0,-0.5810000000000001,0.9335438101318494,2.055000066757202,1.0,0,1,1,0,-0.008379695937037468,1.2739557027816772,-3.0972211991971377,FOLLOW_MAIN,cascade_pd_tracking,follow_main,inner_wheel_pd,lidar_disabled,FOLLOW_MAIN,COMMITTED,UNKNOWN,1,2,1,1,1,1,2,1.1930749416351318,0.8076558113098145,0.4058816432952881,7.43865966796875e-05,1.9699115753173828,1.577972173690796,0.0019301340003039513,0.00045107500000085565
1784803329.3105693,51.88218903541565,3.2,0.0032,3.2,0.004163619286495841,4.163619286495841,0.0,0.0,0.023,0.02957619584752566,0.02957619584752566,2.1695386405743636e-10,0.00992286593070936,0.0,8.678154562297455e-12,0.021294861010218474,0.00027784024605986206,0.78,0.04,0.72,0.028,1.0,0.13536385246911814,0.07440488352094862,0.045480031455993074,0.13395100833415574,0.10512500256299973,-0.02157270126495649,-0.018691402040620007,-0.022481946437660376,-0.016751340980698772,-0.0315217524766922,0.07566655315869047,0.10725272085517645,0.0582721297980832,0.07314321388320677,0.102997284270823,0.05497314852733956,-0.03158616769648598,-0.029854070387616227,-0.1325341305567535,-0.11533540633628087,-0.016486701799880803,-0.015483307849418598,nan,1.0,0.0,-0.5810000000000001,0.9335438101318494,2.055000066757202,1.0,0,1,1,0,-0.008379695937037468,1.2739557027816772,-3.0972211991971377,FOLLOW_MAIN,cascade_pd_tracking,follow_main,inner_wheel_pd,lidar_disabled,FOLLOW_MAIN,COMMITTED,UNKNOWN,1,2,1,1,1,1,2,1.6018266677856445,1.2164077758789062,0.8146331310272217,0.4088263511657715,8.96453857421875e-05,1.9867236614227295,0.0019301340003039513,0.00045107500000085565
1784803329.7011604,52.27278017997742,3.2,0.0032,3.2,0.004163619286495841,4.163619286495841,0.0,0.0,0.023,0.02957619584752566,0.02957619584752566,2.1695386405743636e-10,0.00992286593070936,0.0,8.678154562297455e-12,0.021294861010218474,0.00027784024605986206,0.78,0.04,0.72,0.028,1.0,0.13536385246911814,0.07440488352094862,0.045480031455993074,0.13395100833415574,0.10512500256299973,-0.02157270126495649,-0.018691402040620007,-0.022481946437660376,-0.016751340980698772,-0.0315217524766922,0.07566655315869047,0.10725272085517645,0.0582721297980832,0.07314321388320677,0.102997284270823,0.05497314852733956,-0.03158616769648598,-0.029854070387616227,-0.1325341305567535,-0.11533540633628087,-0.016486701799880803,-0.015483307849418598,nan,1.0,0.0,-0.5810000000000001,0.9335438101318494,2.055000066757202,1.0,0,1,1,0,-0.008379695937037468,1.2739557027816772,-3.0972211991971377,FOLLOW_MAIN,cascade_pd_tracking,follow_main,inner_wheel_pd,lidar_disabled,FOLLOW_MAIN,COMMITTED,UNKNOWN,1,2,1,1,1,1,2,1.9924395084381104,1.6070210933685303,1.2052466869354248,0.7994401454925537,0.3907041549682617,0.0001232624053955078,0.0019301340003039513,0.00045107500000085565
1784803330.0836372,52.65525698661804,3.2,0.0032,3.2,0.004163619286495841,4.163619286495841,0.0,0.0,0.023,0.02957619584752566,0.02957619584752566,2.1695386405743636e-10,0.00992286593070936,0.0,8.678154562297455e-12,0.021294861010218474,0.00027784024605986206,0.78,0.04,0.72,0.028,1.0,0.13536385246911814,0.07440488352094862,0.045480031455993074,0.13395100833415574,0.10512500256299973,-0.02157270126495649,-0.018691402040620007,-0.022481946437660376,-0.016751340980698772,-0.0315217524766922,0.07566655315869047,0.10725272085517645,0.0582721297980832,0.07314321388320677,0.102997284270823,0.05497314852733956,-0.03158616769648598,-0.029854070387616227,-0.1325341305567535,-0.11533540633628087,-0.016486701799880803,-0.015483307849418598,nan,1.0,0.0,-0.5810000000000001,0.9335438101318494,2.055000066757202,1.0,0,1,1,0,-0.008379695937037468,1.2739557027816772,-3.0972211991971377,FOLLOW_MAIN,cascade_pd_tracking,follow_main,inner_wheel_pd,lidar_disabled,FOLLOW_MAIN,COMMITTED,UNKNOWN,1,2,1,1,1,1,2,8.869171142578125e-05,1.9894795417785645,1.587705373764038,1.181898593902588,0.7731618881225586,0.3825809955596924,0.0019301340003039513,0.00045107500000085565
1784803330.5064855,53.078105211257935,-5.5,-0.0055,-5.5,-0.0025648188025692415,-2.5648188025692416,0.0,0.0,-0.039,-0.018547429954111863,0.0,2.8422469354523804e-12,-0.0015515261277945802,0.0,1.1368987741809523e-13,0.0,-4.3442731578248246e-05,0.78,0.04,0.72,0.028,0.75,0.06793332718838585,0.06793332718838585,0.06324423842337984,0.13395100833415574,0.04712499678134918,0.0,0.0,-0.015414544997219302,-0.016751340980698772,0.031521737575531006,0.06793332718838585,0.04499727949500084,0.0798700353015778,0.06793332718838585,0.049252714067697524,0.07760811837263801,0.02293604769338501,0.018680613120688326,0.0927405220367148,0.07080968863217643,0.011936708113191951,0.00967479118425216,nan,1.0,0.0,-2.291,0.851828554086343,1.8300000429153442,1.0,0,1,1,0,-0.2335146814584732,1.26829993724823,-3.136938635725028,FOLLOW_MAIN,cascade_pd_tracking,planner_hold,inner_wheel_pd,lidar_disabled,FOLLOW_MAIN,COMMITTED,HOLD,1,1,1,1,1,1,1,0.4229261875152588,9.632110595703125e-05,2.010542631149292,1.6047356128692627,1.1959991455078125,0.8054180145263672,0.05749855199974263,0.049893643999894266
1784803330.9021318,53.47375154495239,-5.5,-0.0055,-5.5,-0.0025648188025692415,-2.5648188025692416,0.0,0.0,-0.039,-0.018547429954111863,0.0,2.8422469354523804e-12,-0.0015515261277945802,0.0,1.1368987741809523e-13,0.0,-4.3442731578248246e-05,0.78,0.04,0.72,0.028,0.75,0.06793332718838585,0.06793332718838585,0.06324423842337984,0.13395100833415574,0.04712499678134918,0.0,0.0,-0.015414544997219302,-0.016751340980698772,0.031521737575531006,0.06793332718838585,0.04499727949500084,0.0798700353015778,0.06793332718838585,0.049252714067697524,0.07760811837263801,0.02293604769338501,0.018680613120688326,0.0927405220367148,0.07080968863217643,0.011936708113191951,0.00967479118425216,nan,1.0,0.0,-2.291,0.851828554086343,1.8300000429153442,1.0,0,1,1,0,-0.2335146814584732,1.26829993724823,-3.136938635725028,FOLLOW_MAIN,cascade_pd_tracking,planner_hold,inner_wheel_pd,lidar_disabled,FOLLOW_MAIN,COMMITTED,HOLD,1,1,1,1,1,1,1,0.8185744285583496,0.39574503898620605,7.104873657226562e-05,2.0003840923309326,1.5916476249694824,1.2010667324066162,0.05749855199974263,0.049893643999894266
1784803331.2757297,53.847349405288696,-5.5,-0.0055,-5.5,-0.0025648188025692415,-2.5648188025692416,0.0,0.0,-0.039,-0.018547429954111863,0.0,2.8422469354523804e-12,-0.0015515261277945802,0.0,1.1368987741809523e-13,0.0,-4.3442731578248246e-05,0.78,0.04,0.72,0.028,0.75,0.06793332718838585,0.06793332718838585,0.06324423842337984,0.05186652670983188,0.04712499678134918,0.0,0.0,-0.015414544997219302,0.07176161137217225,0.031521737575531006,0.06793332718838585,0.04499727949500084,0.0798700353015778,0.06793332718838585,0.049252714067697524,0.07760811837263801,0.02293604769338501,0.018680613120688326,0.0927405220367148,0.07080968863217643,0.011936708113191951,0.00967479118425216,nan,1.0,0.0,-2.291,0.851828554086343,1.8300000429153442,1.0,0,1,1,0,-0.2335146814584732,1.26829993724823,-3.136938635725028,FOLLOW_MAIN,cascade_pd_tracking,planner_hold,inner_wheel_pd,lidar_disabled,FOLLOW_MAIN,COMMITTED,HOLD,1,1,1,1,1,1,1,1.1921756267547607,0.769345760345459,0.3736717700958252,8.0108642578125e-05,1.9652483463287354,1.57466721534729,0.05749855199974263,0.049893643999894266
1784803331.6759448,54.24756455421448,-5.5,-0.0055,-5.5,-0.0025648188025692415,-2.5648188025692416,0.0,0.0,-0.039,-0.018547429954111863,0.0,2.8422469354523804e-12,-0.0015515261277945802,0.0,1.1368987741809523e-13,0.0,-4.3442731578248246e-05,0.78,0.04,0.72,0.028,0.75,0.06793332718838585,0.06793332718838585,0.06324423842337984,0.05186652670983188,0.04712499678134918,0.0,0.0,-0.015414544997219302,0.07176161137217225,0.031521737575531006,0.06793332718838585,0.04499727949500084,0.0798700353015778,0.06793332718838585,0.049252714067697524,0.07760811837263801,0.02293604769338501,0.018680613120688326,0.0927405220367148,0.07080968863217643,0.011936708113191951,0.00967479118425216,nan,1.0,0.0,-2.291,0.851828554086343,1.8300000429153442,1.0,0,1,1,0,-0.2335146814584732,1.26829993724823,-3.136938635725028,FOLLOW_MAIN,cascade_pd_tracking,planner_hold,inner_wheel_pd,lidar_disabled,FOLLOW_MAIN,COMMITTED,HOLD,1,1,1,1,1,1,1,1.5923995971679688,1.169569969177246,0.7738962173461914,0.40030455589294434,0.00010013580322265625,1.9748923778533936,0.05749855199974263,0.049893643999894266
1784803332.0565178,54.62813758850098,-5.5,-0.0055,-5.5,-0.0025648188025692415,-2.5648188025692416,0.0,0.0,-0.039,-0.018547429954111863,0.0,2.8422469354523804e-12,-0.0015515261277945802,0.0,1.1368987741809523e-13,0.0,-4.3442731578248246e-05,0.78,0.04,0.72,0.028,0.75,0.06793332718838585,0.06793332718838585,0.06324423842337984,0.05186652670983188,0.04712499678134918,0.0,0.0,-0.015414544997219302,0.07176161137217225,0.031521737575531006,0.06793332718838585,0.04499727949500084,0.0798700353015778,0.06793332718838585,0.049252714067697524,0.07760811837263801,0.02293604769338501,0.018680613120688326,0.0927405220367148,0.07080968863217643,0.011936708113191951,0.00967479118425216,nan,1.0,0.0,-2.291,0.851828554086343,1.8300000429153442,1.0,0,1,1,0,-0.2335146814584732,1.26829993724823,-3.136938635725028,FOLLOW_MAIN,cascade_pd_tracking,planner_hold,inner_wheel_pd,lidar_disabled,FOLLOW_MAIN,COMMITTED,HOLD,1,1,1,1,1,1,1,1.972959041595459,1.5501294136047363,1.1544554233551025,0.7808637619018555,0.3806588649749756,9.179115295410156e-05,0.05749855199974263,0.049893643999894266
1784803332.457687,55.02930665016174,-5.5,-0.0055,-5.5,-0.0025648188025692415,-2.5648188025692416,0.0,0.0,-0.039,-0.018547429954111863,0.0,2.8422469354523804e-12,-0.0015515261277945802,0.0,1.1368987741809523e-13,0.0,-4.3442731578248246e-05,0.78,0.04,0.72,0.028,0.75,0.06793332718838585,0.06793332718838585,0.06324423842337984,0.05186652670983188,0.04712499678134918,0.0,0.0,-0.015414544997219302,0.07176161137217225,0.031521737575531006,0.06793332718838585,0.04499727949500084,0.0798700353015778,0.06793332718838585,0.049252714067697524,0.07760811837263801,0.02293604769338501,0.018680613120688326,0.0927405220367148,0.07080968863217643,0.011936708113191951,0.00967479118425216,nan,1.0,0.0,-2.291,0.851828554086343,1.8300000429153442,1.0,0,1,1,0,-0.2335146814584732,1.26829993724823,-3.136938635725028,FOLLOW_MAIN,cascade_pd_tracking,planner_hold,inner_wheel_pd,lidar_disabled,FOLLOW_MAIN,COMMITTED,HOLD,1,1,1,1,1,1,1,7.343292236328125e-05,1.9513003826141357,1.555626630783081,1.182034969329834,0.7818303108215332,0.4012632369995117,0.05749855199974263,0.049893643999894266
1784803332.8718681,55.443487882614136,-19.0,-0.019,-19.0,-0.017192426593742316,-17.192426593742315,-0.017192426593742316,-17.192426593742315,-0.135,-0.12240195468343446,-0.12240195468343446,-0.008548994380103293,-0.041144062341322035,-0.013410092743119007,-0.00034195977520413176,-0.08812940737207281,-0.001152033745557017,0.78,0.04,0.72,0.028,1.0,0.11704295141697982,0.07503951187992243,0.06483007523400104,0.05186652670983188,0.0507500022649765,0.10303349363595296,0.10303349363595296,0.07256344275984357,0.07176161137217225,0.12608695030212402,0.0680847510594956,0.04223913311958313,0.07538949542036452,0.08199427270034926,0.05926087141036987,0.08603739191229809,0.02584561793991247,0.022733401289979388,0.10815851730362304,0.08763103501889677,0.013487481784194216,0.011788342969379074,nan,1.0,0.0,-1.1039999999999999,0.8071927683929643,1.6890000104904175,1.0,0,1,1,0,-0.3753967881202698,1.2689354419708252,-3.1030212067865195,FOLLOW_MAIN,cascade_pd_tracking,follow_main,inner_wheel_pd,lidar_disabled,FOLLOW_MAIN,COMMITTED,UNKNOWN,1,2,1,1,1,1,2,0.4142477512359619,6.794929504394531e-05,1.9698007106781006,1.5962090492248535,1.1960043907165527,0.8154373168945312,0.04682902499962438,0.007694740999795613
1784803333.2784538,55.85007357597351,-19.0,-0.019,-19.0,-0.017192426593742316,-17.192426593742315,-0.017192426593742316,-17.192426593742315,-0.135,-0.12240195468343446,-0.12240195468343446,-0.008548994380103293,-0.041144062341322035,-0.013410092743119007,-0.00034195977520413176,-0.08812940737207281,-0.001152033745557017,0.78,0.04,0.72,0.028,1.0,0.11704295141697982,0.07503951187992243,0.06483007523400104,0.05186652670983188,0.0507500022649765,0.10303349363595296,0.10303349363595296,0.07256344275984357,0.07176161137217225,0.12608695030212402,0.0680847510594956,0.04223913311958313,0.07538949542036452,0.08199427270034926,0.05926087141036987,0.08603739191229809,0.02584561793991247,0.022733401289979388,0.10815851730362304,0.08763103501889677,0.013487481784194216,0.011788342969379074,nan,1.0,0.0,-1.1039999999999999,0.8071927683929643,1.6890000104904175,1.0,0,1,1,0,-0.3753967881202698,1.2689354419708252,-3.1030212067865195,FOLLOW_MAIN,cascade_pd_tracking,follow_main,inner_wheel_pd,lidar_disabled,FOLLOW_MAIN,COMMITTED,UNKNOWN,1,2,1,1,1,1,2,0.8208425045013428,0.4066624641418457,7.653236389160156e-05,2.0028040409088135,1.6025993824005127,1.2220323085784912,0.04682902499962438,0.007694740999795613
1784803333.6773856,56.24900531768799,-19.0,-0.019,-19.0,-0.017192426593742316,-17.192426593742315,-0.017192426593742316,-17.192426593742315,-0.135,-0.12240195468343446,-0.12240195468343446,-0.008548994380103293,-0.041144062341322035,-0.013410092743119007,-0.00034195977520413176,-0.08812940737207281,-0.001152033745557017,0.78,0.04,0.72,0.028,1.0,0.11704295141697982,0.07503951187992243,0.06483007523400104,0.07843825315388522,0.0507500022649765,0.10303349363595296,0.10303349363595296,0.07256344275984357,0.18522997362204655,0.12608695030212402,0.0680847510594956,0.04223913311958313,0.07538949542036452,0.08199427270034926,0.05926087141036987,0.08603739191229809,0.02584561793991247,0.022733401289979388,0.10815851730362304,0.08763103501889677,0.013487481784194216,0.011788342969379074,nan,1.0,0.0,-1.1039999999999999,0.8071927683929643,1.6890000104904175,1.0,0,1,1,0,-0.3753967881202698,1.2689354419708252,-3.1030212067865195,FOLLOW_MAIN,cascade_pd_tracking,follow_main,inner_wheel_pd,lidar_disabled,FOLLOW_MAIN,COMMITTED,UNKNOWN,1,2,1,1,1,1,2,1.219787836074829,0.8056080341339111,0.39902210235595703,8.940696716308594e-05,2.001544952392578,1.6209778785705566,0.04682902499962438,0.007694740999795613
1784803334.0545654,56.626185178756714,-19.0,-0.019,-19.0,-0.017192426593742316,-17.192426593742315,-0.017192426593742316,-17.192426593742315,-0.135,-0.12240195468343446,-0.12240195468343446,-0.008548994380103293,-0.041144062341322035,-0.013410092743119007,-0.00034195977520413176,-0.08812940737207281,-0.001152033745557017,0.78,0.04,0.72,0.028,1.0,0.11704295141697982,0.07503951187992243,0.06483007523400104,0.07843825315388522,0.0507500022649765,0.10303349363595296,0.10303349363595296,0.07256344275984357,0.18522997362204655,0.12608695030212402,0.0680847510594956,0.04223913311958313,0.07538949542036452,0.08199427270034926,0.05926087141036987,0.08603739191229809,0.02584561793991247,0.022733401289979388,0.10815851730362304,0.08763103501889677,0.013487481784194216,0.011788342969379074,nan,1.0,0.0,-1.1039999999999999,0.8071927683929643,1.6890000104904175,1.0,0,1,1,0,-0.3753967881202698,1.2689354419708252,-3.1030212067865195,FOLLOW_MAIN,cascade_pd_tracking,follow_main,inner_wheel_pd,lidar_disabled,FOLLOW_MAIN,COMMITTED,UNKNOWN,1,2,1,1,1,1,2,1.5969808101654053,1.1828010082244873,0.7762150764465332,0.37728261947631836,0.00010561943054199219,1.9981706142425537,0.04682902499962438,0.007694740999795613
1784803334.436215,57.007834672927856,-19.0,-0.019,-19.0,-0.017192426593742316,-17.192426593742315,-0.017192426593742316,-17.192426593742315,-0.135,-0.12240195468343446,-0.12240195468343446,-0.008548994380103293,-0.041144062341322035,-0.013410092743119007,-0.00034195977520413176,-0.08812940737207281,-0.001152033745557017,0.78,0.04,0.72,0.028,1.0,0.11704295141697982,0.07503951187992243,0.06483007523400104,0.07843825315388522,0.0507500022649765,0.10303349363595296,0.10303349363595296,0.07256344275984357,0.18522997362204655,0.12608695030212402,0.0680847510594956,0.04223913311958313,0.07538949542036452,0.08199427270034926,0.05926087141036987,0.08603739191229809,0.02584561793991247,0.022733401289979388,0.10815851730362304,0.08763103501889677,0.013487481784194216,0.011788342969379074,nan,1.0,0.0,-1.1039999999999999,0.8071927683929643,1.6890000104904175,1.0,0,1,1,0,-0.3753967881202698,1.2689354419708252,-3.1030212067865195,FOLLOW_MAIN,cascade_pd_tracking,follow_main,inner_wheel_pd,lidar_disabled,FOLLOW_MAIN,COMMITTED,UNKNOWN,1,2,1,1,1,1,2,1.9786996841430664,1.564521312713623,1.1579365730285645,0.759005069732666,0.38182973861694336,0.0002353191375732422,0.04682902499962438,0.007694740999795613
1784803334.830805,57.402424812316895,-19.0,-0.019,-19.0,-0.017192426593742316,-17.192426593742315,-0.017192426593742316,-17.192426593742315,-0.135,-0.12240195468343446,-0.12240195468343446,-0.008548994380103293,-0.041144062341322035,-0.013410092743119007,-0.00034195977520413176,-0.08812940737207281,-0.001152033745557017,0.78,0.04,0.72,0.028,1.0,0.11704295141697982,0.07503951187992243,0.06483007523400104,0.07843825315388522,0.0507500022649765,0.10303349363595296,0.10303349363595296,0.07256344275984357,0.18522997362204655,0.12608695030212402,0.0680847510594956,0.04223913311958313,0.07538949542036452,0.08199427270034926,0.05926087141036987,0.08603739191229809,0.02584561793991247,0.022733401289979388,0.10815851730362304,0.08763103501889677,0.013487481784194216,0.011788342969379074,nan,1.0,0.0,-1.1039999999999999,0.8071927683929643,1.6890000104904175,1.0,0,1,1,0,-0.3753967881202698,1.2689354419708252,-3.1030212067865195,FOLLOW_MAIN,cascade_pd_tracking,follow_main,inner_wheel_pd,lidar_disabled,FOLLOW_MAIN,COMMITTED,UNKNOWN,1,2,1,1,1,1,2,7.557868957519531e-05,1.9590153694152832,1.552429437637329,1.1534969806671143,0.7763199806213379,0.39472436904907227,0.04682902499962438,0.007694740999795613
1784803335.2107108,57.78233051300049,-23.3,-0.0233,-23.3,-0.024194511406202622,-24.194511406202622,-0.024194511406202622,-24.194511406202622,-0.165,-0.17120646385922894,-0.17120646385922894,-0.0011701121983884008,-0.0077904327080951016,-0.018871718896838047,-4.680448793553603e-05,-0.12326865397864484,-0.00021813211582666285,0.78,0.04,0.72,0.028,1.0,0.11376833004104496,0.07566319351999481,0.05825115647048854,0.07843825315388522,0.06162499636411667,0.1424053094792451,0.1424053094792451,0.11944461585246405,0.18522997362204655,0.15760868787765503,0.06605083513014577,0.05098640993237495,0.06375909027310463,0.08527555190984386,0.07226358279585839,0.08128628933841185,0.01506442519777082,0.013011969113985472,0.02238186791379631,-0.004788093555055505,0.007454742774067957,0.006197864239162472,nan,1.0,0.0,-0.727,0.7846091726968618,1.565999984741211,1.0,0,1,1,0,-0.5156868696212769,1.2538816928863525,-2.9223390083514778,FOLLOW_MAIN,cascade_pd_tracking,follow_main,inner_wheel_pd,lidar_disabled,FOLLOW_MAIN,COMMITTED,UNKNOWN,1,2,1,1,1,1,2,0.379971981048584,7.05718994140625e-05,1.9323251247406006,1.5333929061889648,1.1562156677246094,0.7746200561523438,0.04617330099972605,0.02243025999996462
1784803335.6045814,58.1762011051178,-23.3,-0.0233,-23.3,-0.024194511406202622,-24.194511406202622,-0.024194511406202622,-24.194511406202622,-0.165,-0.17120646385922894,-0.17120646385922894,-0.0011701121983884008,-0.0077904327080951016,-0.018871718896838047,-4.680448793553603e-05,-0.12326865397864484,-0.00021813211582666285,0.78,0.04,0.72,0.028,1.0,0.11376833004104496,0.07566319351999481,0.05825115647048854,0.07843825315388522,0.06162499636411667,0.1424053094792451,0.1424053094792451,0.11944461585246405,0.18522997362204655,0.15760868787765503,0.06605083513014577,0.05098640993237495,0.06375909027310463,0.08527555190984386,0.07226358279585839,0.08128628933841185,0.01506442519777082,0.013011969113985472,0.02238186791379631,-0.004788093555055505,0.007454742774067957,0.006197864239162472,nan,1.0,0.0,-0.727,0.7846091726968618,1.565999984741211,1.0,0,1,1,0,-0.5156868696212769,1.2538816928863525,-2.9223390083514778,FOLLOW_MAIN,cascade_pd_tracking,follow_main,inner_wheel_pd,lidar_disabled,FOLLOW_MAIN,COMMITTED,UNKNOWN,1,2,1,1,1,1,2,0.7738597393035889,0.39395856857299805,9.417533874511719e-05,1.927281141281128,1.5501043796539307,1.168508768081665,0.04617330099972605,0.02243025999996462
1784803336.0046077,58.57622742652893,-23.3,-0.0233,-23.3,-0.024194511406202622,-24.194511406202622,-0.024194511406202622,-24.194511406202622,-0.165,-0.17120646385922894,-0.17120646385922894,-0.0011701121983884008,-0.0077904327080951016,-0.018871718896838047,-4.680448793553603e-05,-0.12326865397864484,-0.00021813211582666285,0.78,0.04,0.72,0.028,1.0,0.11376833004104496,0.07566319351999481,0.05825115647048854,0.05542241707707274,0.06162499636411667,0.1424053094792451,0.1424053094792451,0.11944461585246405,0.03296998578110919,0.15760868787765503,0.06605083513014577,0.05098640993237495,0.06375909027310463,0.08527555190984386,0.07226358279585839,0.08128628933841185,0.01506442519777082,0.013011969113985472,0.02238186791379631,-0.004788093555055505,0.007454742774067957,0.006197864239162472,nan,1.0,0.0,-0.727,0.7846091726968618,1.565999984741211,1.0,0,1,1,0,-0.5156868696212769,1.2538816928863525,-2.9223390083514778,FOLLOW_MAIN,cascade_pd_tracking,follow_main,inner_wheel_pd,lidar_disabled,FOLLOW_MAIN,COMMITTED,UNKNOWN,1,2,1,1,1,1,2,1.173919677734375,0.7940182685852051,0.40015363693237305,0.00011992454528808594,1.9501636028289795,1.5685679912567139,0.04617330099972605,0.02243025999996462
1784803336.3925502,58.96416997909546,-23.3,-0.0233,-23.3,-0.024194511406202622,-24.194511406202622,-0.024194511406202622,-24.194511406202622,-0.165,-0.17120646385922894,-0.17120646385922894,-0.0011701121983884008,-0.0077904327080951016,-0.018871718896838047,-4.680448793553603e-05,-0.12326865397864484,-0.00021813211582666285,0.78,0.04,0.72,0.028,1.0,0.11376833004104496,0.07566319351999481,0.05825115647048854,0.05542241707707274,0.06162499636411667,0.1424053094792451,0.1424053094792451,0.11944461585246405,0.03296998578110919,0.15760868787765503,0.06605083513014577,0.05098640993237495,0.06375909027310463,0.08527555190984386,0.07226358279585839,0.08128628933841185,0.01506442519777082,0.013011969113985472,0.02238186791379631,-0.004788093555055505,0.007454742774067957,0.006197864239162472,nan,1.0,0.0,-0.727,0.7846091726968618,1.565999984741211,1.0,0,1,1,0,-0.5156868696212769,1.2538816928863525,-2.9223390083514778,FOLLOW_MAIN,cascade_pd_tracking,follow_main,inner_wheel_pd,lidar_disabled,FOLLOW_MAIN,COMMITTED,UNKNOWN,1,2,1,1,1,1,2,1.5618407726287842,1.1819393634796143,0.7880747318267822,0.38804125785827637,0.0001201629638671875,1.956488847732544,0.04617330099972605,0.02243025999996462
1784803336.7916152,59.363234996795654,-23.3,-0.0233,-23.3,-0.024194511406202622,-24.194511406202622,-0.024194511406202622,-24.194511406202622,-0.165,-0.17120646385922894,-0.17120646385922894,-0.0011701121983884008,-0.0077904327080951016,-0.018871718896838047,-4.680448793553603e-05,-0.12326865397864484,-0.00021813211582666285,0.78,0.04,0.72,0.028,1.0,0.11376833004104496,0.07566319351999481,0.05825115647048854,0.05542241707707274,0.06162499636411667,0.1424053094792451,0.1424053094792451,0.11944461585246405,0.03296998578110919,0.15760868787765503,0.06605083513014577,0.05098640993237495,0.06375909027310463,0.08527555190984386,0.07226358279585839,0.08128628933841185,0.01506442519777082,0.013011969113985472,0.02238186791379631,-0.004788093555055505,0.007454742774067957,0.006197864239162472,nan,1.0,0.0,-0.727,0.7846091726968618,1.565999984741211,1.0,0,1,1,0,-0.5156868696212769,1.2538816928863525,-2.9223390083514778,FOLLOW_MAIN,cascade_pd_tracking,follow_main,inner_wheel_pd,lidar_disabled,FOLLOW_MAIN,COMMITTED,UNKNOWN,1,2,1,1,1,1,2,1.9608793258666992,1.5809779167175293,1.1871132850646973,0.7870795726776123,0.3991584777832031,7.081031799316406e-05,0.04617330099972605,0.02243025999996462
1784803337.1816463,59.75326609611511,-23.3,-0.0233,-23.3,-0.024194511406202622,-24.194511406202622,-0.024194511406202622,-24.194511406202622,-0.165,-0.17120646385922894,-0.17120646385922894,-0.0011701121983884008,-0.0077904327080951016,-0.018871718896838047,-4.680448793553603e-05,-0.12326865397864484,-0.00021813211582666285,0.78,0.04,0.72,0.028,1.0,0.11376833004104496,0.07566319351999481,0.05825115647048854,0.05542241707707274,0.06162499636411667,0.1424053094792451,0.1424053094792451,0.11944461585246405,0.03296998578110919,0.15760868787765503,0.06605083513014577,0.05098640993237495,0.06375909027310463,0.08527555190984386,0.07226358279585839,0.08128628933841185,0.01506442519777082,0.013011969113985472,0.02238186791379631,-0.004788093555055505,0.007454742774067957,0.006197864239162472,nan,1.0,0.0,-0.727,0.7846091726968618,1.565999984741211,1.0,0,1,1,0,-0.5156868696212769,1.2538816928863525,-2.9223390083514778,FOLLOW_MAIN,cascade_pd_tracking,follow_main,inner_wheel_pd,lidar_disabled,FOLLOW_MAIN,COMMITTED,UNKNOWN,1,2,1,1,1,1,2,8.440017700195312e-05,1.9710192680358887,1.5771546363830566,1.1771209239959717,0.7892003059387207,0.39011287689208984,0.04617330099972605,0.02243025999996462
1784803337.5881665,60.159786224365234,-21.3,-0.0213,-21.3,-0.021100528510873195,-21.100528510873193,-0.021100528510873195,-21.100528510873193,-0.151,-0.14966763658788373,-0.14966763658788373,0.0008254062717799358,0.005675737434477005,-0.01645841223848109,3.301625087119743e-05,-0.10776069834327628,0.00015892064816535613,0.78,0.04,0.72,0.028,1.0,0.11109535131812213,0.07216607143995134,0.06186275259601984,0.05542241707707274,0.057999998331069946,0.12402717368272081,0.11699755680204989,0.1358363962261309,0.03296998578110919,0.0,0.06426873635581297,0.057999998331069946,0.06705286965023619,0.0800634065240897,0.057999998331069946,0.08698538431385322,0.006268738024743023,0.02206340819301976,-0.022486095745343555,0.02154506649664914,0.0027841332944232157,0.010805886597615975,nan,1.0,0.0,-1.412,0.7661748366767044,1.4270000457763672,1.0,0,1,1,0,-0.6528947949409485,1.2001416683197021,-2.636278958152388,FOLLOW_MAIN,cascade_pd_tracking,follow_main,inner_wheel_pd,lidar_disabled,FOLLOW_MAIN,COMMITTED,UNKNOWN,1,2,1,1,1,1,2,0.40659260749816895,7.724761962890625e-05,1.9836626052856445,1.5836288928985596,1.1957080364227295,0.7966201305389404,0.03775196600008712,0.011940103999677376
1784803337.982492,60.55411171913147,-21.3,-0.0213,-21.3,-0.021100528510873195,-21.100528510873193,-0.021100528510873195,-21.100528510873193,-0.151,-0.14966763658788373,-0.14966763658788373,0.0008254062717799358,0.005675737434477005,-0.01645841223848109,3.301625087119743e-05,-0.10776069834327628,0.00015892064816535613,0.78,0.04,0.72,0.028,1.0,0.11109535131812213,0.07216607143995134,0.06186275259601984,0.05542241707707274,0.057999998331069946,0.12402717368272081,0.11699755680204989,0.1358363962261309,0.03296998578110919,0.0,0.06426873635581297,0.057999998331069946,0.06705286965023619,0.0800634065240897,0.057999998331069946,0.08698538431385322,0.006268738024743023,0.02206340819301976,-0.022486095745343555,0.02154506649664914,0.0027841332944232157,0.010805886597615975,nan,1.0,0.0,-1.412,0.7661748366767044,1.4270000457763672,1.0,0,1,1,0,-0.6528947949409485,1.2001416683197021,-2.636278958152388,FOLLOW_MAIN,cascade_pd_tracking,follow_main,inner_wheel_pd,lidar_disabled,FOLLOW_MAIN,COMMITTED,UNKNOWN,1,2,1,1,1,1,2,0.8009395599365234,0.3944242000579834,0.00010395050048828125,1.977975845336914,1.590054988861084,1.190967082977295,0.03775196600008712,0.011940103999677376
1784803338.3833654,60.95498514175415,-21.3,-0.0213,-21.3,-0.021100528510873195,-21.100528510873193,-0.021100528510873195,-21.100528510873193,-0.151,-0.14966763658788373,-0.14966763658788373,0.0008254062717799358,0.005675737434477005,-0.01645841223848109,3.301625087119743e-05,-0.10776069834327628,0.00015892064816535613,0.78,0.04,0.72,0.028,1.0,0.11109535131812213,0.07216607143995134,0.06186275259601984,0.04296978612830138,0.057999998331069946,0.12402717368272081,0.11699755680204989,0.1358363962261309,0.07581832792128945,0.0,0.06426873635581297,0.057999998331069946,0.06705286965023619,0.0800634065240897,0.057999998331069946,0.08698538431385322,0.006268738024743023,0.02206340819301976,-0.022486095745343555,0.02154506649664914,0.0027841332944232157,0.010805886597615975,nan,1.0,0.0,-1.412,0.7661748366767044,1.4270000457763672,1.0,0,1,1,0,-0.6528947949409485,1.2001416683197021,-2.636278958152388,FOLLOW_MAIN,cascade_pd_tracking,follow_main,inner_wheel_pd,lidar_disabled,FOLLOW_MAIN,COMMITTED,UNKNOWN,1,2,1,1,1,1,2,1.2018015384674072,0.7952861785888672,0.4009664058685303,9.1552734375e-05,1.9909296035766602,1.5918426513671875,0.03775196600008712,0.011940103999677376
1784803338.7732158,61.34483551979065,-21.3,-0.0213,-21.3,-0.021100528510873195,-21.100528510873193,-0.021100528510873195,-21.100528510873193,-0.151,-0.14966763658788373,-0.14966763658788373,0.0008254062717799358,0.005675737434477005,-0.01645841223848109,3.301625087119743e-05,-0.10776069834327628,0.00015892064816535613,0.78,0.04,0.72,0.028,1.0,0.11109535131812213,0.07216607143995134,0.06186275259601984,0.04296978612830138,0.057999998331069946,0.12402717368272081,0.11699755680204989,0.1358363962261309,0.07581832792128945,0.0,0.06426873635581297,0.057999998331069946,0.06705286965023619,0.0800634065240897,0.057999998331069946,0.08698538431385322,0.006268738024743023,0.02206340819301976,-0.022486095745343555,0.02154506649664914,0.0027841332944232157,0.010805886597615975,nan,1.0,0.0,-1.412,0.7661748366767044,1.4270000457763672,1.0,0,1,1,0,-0.6528947949409485,1.2001416683197021,-2.636278958152388,FOLLOW_MAIN,cascade_pd_tracking,follow_main,inner_wheel_pd,lidar_disabled,FOLLOW_MAIN,COMMITTED,UNKNOWN,1,2,1,1,1,1,2,1.59165358543396,1.18513822555542,0.7908179759979248,0.38993120193481445,9.1552734375e-05,1.9816813468933105,0.03775196600008712,0.011940103999677376
1784803339.1773078,61.7489275932312,-21.3,-0.0213,-21.3,-0.021100528510873195,-21.100528510873193,-0.021100528510873195,-21.100528510873193,-0.151,-0.14966763658788373,-0.14966763658788373,0.0008254062717799358,0.005675737434477005,-0.01645841223848109,3.301625087119743e-05,-0.10776069834327628,0.00015892064816535613,0.78,0.04,0.72,0.028,1.0,0.11109535131812213,0.07216607143995134,0.06186275259601984,0.04296978612830138,0.057999998331069946,0.12402717368272081,0.11699755680204989,0.1358363962261309,0.07581832792128945,0.0,0.06426873635581297,0.057999998331069946,0.06705286965023619,0.0800634065240897,0.057999998331069946,0.08698538431385322,0.006268738024743023,0.02206340819301976,-0.022486095745343555,0.02154506649664914,0.0027841332944232157,0.010805886597615975,nan,1.0,0.0,-1.412,0.7661748366767044,1.4270000457763672,1.0,0,1,1,0,-0.6528947949409485,1.2001416683197021,-2.636278958152388,FOLLOW_MAIN,cascade_pd_tracking,follow_main,inner_wheel_pd,lidar_disabled,FOLLOW_MAIN,COMMITTED,UNKNOWN,1,2,1,1,1,1,2,1.9957356452941895,1.5892202854156494,1.1949000358581543,0.7940130233764648,0.4041736125946045,7.081031799316406e-05,0.03775196600008712,0.011940103999677376
1784803341.6451457,64.21676540374756,-21.3,-0.0213,-21.3,-0.021100528510873195,-21.100528510873193,-0.021100528510873195,-21.100528510873193,-0.151,-0.14966763658788373,-0.14966763658788373,0.0008254062717799358,0.005675737434477005,-0.01645841223848109,3.301625087119743e-05,-0.10776069834327628,0.00015892064816535613,0.78,0.04,0.72,0.028,1.0,0.11109535131812213,0.07216607143995134,0.06186275259601984,0.04296978612830138,0.057999998331069946,0.12402717368272081,0.11699755680204989,0.1358363962261309,0.07581832792128945,0.0,0.06426873635581297,0.057999998331069946,0.06705286965023619,0.0800634065240897,0.057999998331069946,0.08698538431385322,0.006268738024743023,0.02206340819301976,-0.022486095745343555,0.02154506649664914,0.0027841332944232157,0.010805886597615975,nan,1.0,0.0,-1.412,0.7661748366767044,1.4270000457763672,1.0,0,1,1,0,-0.6528947949409485,1.2001416683197021,-2.636278958152388,FOLLOW_MAIN,cascade_pd_tracking,follow_main,inner_wheel_pd,lidar_disabled,FOLLOW_MAIN,COMMITTED,UNKNOWN,1,2,1,1,1,1,2,8.678436279296875e-05,4.057069540023804,3.6627492904663086,3.2618625164031982,2.872023105621338,2.4679203033447266,0.03775196600008712,0.011940103999677376
1784803342.03889,64.61050963401794,-23.200000000000003,-0.023200000000000002,-23.200000000000003,-0.021994438125803793,-21.994438125803793,-0.021994438125803793,-21.994438125803793,-0.164,-0.15562620311476238,-0.15562620311476238,-0.0020069515024199653,-0.013733692658114121,-0.017155661738126958,-8.027806009679861e-05,-0.11205086624262892,-0.0003845433944271954,0.78,0.04,0.72,0.028,0.75,0.065,0.065,0.06116303191156116,0.04296978612830138,0.04349999874830246,0.09725351207645991,0.09725351207645991,0.13532416303367537,0.07581832792128945,0.0,0.05843538793483896,0.04349999874830246,0.06621929972470551,0.07156461206516104,0.04349999874830246,0.08607664973508179,0.014935389186536502,0.028064613316858583,0.061492498032902985,0.10410232778286291,0.007783911789866551,0.014512037669920748,nan,1.0,0.0,-1.464,0.758268132782457,1.284999966621399,1.0,0,1,1,0,-0.8461669087409973,1.0274479389190674,-2.2068894215548895,FOLLOW_MAIN,cascade_pd_tracking,planner_hold,inner_wheel_pd,lidar_disabled,FOLLOW_MAIN,COMMITTED,HOLD,1,1,1,1,1,1,1,0.39381957054138184,7.82012939453125e-05,4.056481838226318,3.655595302581787,3.2657554149627686,2.8616526126861572,0.09529518499994083,0.05060529399997904
1784803342.434509,65.00612878799438,-23.200000000000003,-0.023200000000000002,-23.200000000000003,-0.021994438125803793,-21.994438125803793,-0.021994438125803793,-21.994438125803793,-0.164,-0.15562620311476238,-0.15562620311476238,-0.0020069515024199653,-0.013733692658114121,-0.017155661738126958,-8.027806009679861e-05,-0.11205086624262892,-0.0003845433944271954,0.78,0.04,0.72,0.028,0.75,0.065,0.065,0.06116303191156116,0.04296978612830138,0.04349999874830246,0.09725351207645991,0.09725351207645991,0.13532416303367537,0.07581832792128945,0.0,0.05843538793483896,0.04349999874830246,0.06621929972470551,0.07156461206516104,0.04349999874830246,0.08607664973508179,0.014935389186536502,0.028064613316858583,0.061492498032902985,0.10410232778286291,0.007783911789866551,0.014512037669920748,nan,1.0,0.0,-1.464,0.758268132782457,1.284999966621399,1.0,0,1,1,0,-0.8461669087409973,1.0274479389190674,-2.2068894215548895,FOLLOW_MAIN,cascade_pd_tracking,planner_hold,inner_wheel_pd,lidar_disabled,FOLLOW_MAIN,COMMITTED,HOLD,1,1,1,1,1,1,1,0.7894561290740967,0.39571499824523926,0.00011515617370605469,4.051232099533081,3.6613929271698,3.2572901248931885,0.09529518499994083,0.05060529399997904
1784803342.812315,65.38393473625183,-23.200000000000003,-0.023200000000000002,-23.200000000000003,-0.021994438125803793,-21.994438125803793,-0.021994438125803793,-21.994438125803793,-0.164,-0.15562620311476238,-0.15562620311476238,-0.0020069515024199653,-0.013733692658114121,-0.017155661738126958,-8.027806009679861e-05,-0.11205086624262892,-0.0003845433944271954,0.78,0.04,0.72,0.028,0.75,0.065,0.065,0.06116303191156116,0.05588180192391515,0.04349999874830246,0.09725351207645991,0.09725351207645991,0.13532416303367537,0.03850267698204079,0.0,0.05843538793483896,0.04349999874830246,0.06621929972470551,0.07156461206516104,0.04349999874830246,0.08607664973508179,0.014935389186536502,0.028064613316858583,0.061492498032902985,0.10410232778286291,0.007783911789866551,0.014512037669920748,nan,1.0,0.0,-1.464,0.758268132782457,1.284999966621399,1.0,0,1,1,0,-0.8461669087409973,1.0274479389190674,-2.2068894215548895,FOLLOW_MAIN,cascade_pd_tracking,planner_hold,inner_wheel_pd,lidar_disabled,FOLLOW_MAIN,COMMITTED,HOLD,1,1,1,1,1,1,1,1.1672658920288086,0.7735252380371094,0.3779256343841553,0.00010085105895996094,4.039202451705933,3.6351003646850586,0.09529518499994083,0.05060529399997904
1784803343.207112,65.77873182296753,-23.200000000000003,-0.023200000000000002,-23.200000000000003,-0.021994438125803793,-21.994438125803793,-0.021994438125803793,-21.994438125803793,-0.164,-0.15562620311476238,-0.15562620311476238,-0.0020069515024199653,-0.013733692658114121,-0.017155661738126958,-8.027806009679861e-05,-0.11205086624262892,-0.0003845433944271954,0.78,0.04,0.72,0.028,0.75,0.065,0.065,0.06116303191156116,0.05588180192391515,0.04349999874830246,0.09725351207645991,0.09725351207645991,0.13532416303367537,0.03850267698204079,0.0,0.05843538793483896,0.04349999874830246,0.06621929972470551,0.07156461206516104,0.04349999874830246,0.08607664973508179,0.014935389186536502,0.028064613316858583,0.061492498032902985,0.10410232778286291,0.007783911789866551,0.014512037669920748,nan,1.0,0.0,-1.464,0.758268132782457,1.284999966621399,1.0,0,1,1,0,-0.8461669087409973,1.0274479389190674,-2.2068894215548895,FOLLOW_MAIN,cascade_pd_tracking,planner_hold,inner_wheel_pd,lidar_disabled,FOLLOW_MAIN,COMMITTED,HOLD,1,1,1,1,1,1,1,1.5620460510253906,1.1683049201965332,0.7727053165435791,0.3948805332183838,0.00012946128845214844,4.029879093170166,0.09529518499994083,0.05060529399997904
1784803343.6129272,66.18454694747925,-23.200000000000003,-0.023200000000000002,-23.200000000000003,-0.021994438125803793,-21.994438125803793,-0.021994438125803793,-21.994438125803793,-0.164,-0.15562620311476238,-0.15562620311476238,-0.0020069515024199653,-0.013733692658114121,-0.017155661738126958,-8.027806009679861e-05,-0.11205086624262892,-0.0003845433944271954,0.78,0.04,0.72,0.028,0.75,0.065,0.065,0.06116303191156116,0.05588180192391515,0.04349999874830246,0.09725351207645991,0.09725351207645991,0.13532416303367537,0.03850267698204079,0.0,0.05843538793483896,0.04349999874830246,0.06621929972470551,0.07156461206516104,0.04349999874830246,0.08607664973508179,0.014935389186536502,0.028064613316858583,0.061492498032902985,0.10410232778286291,0.007783911789866551,0.014512037669920748,nan,1.0,0.0,-1.464,0.758268132782457,1.284999966621399,1.0,0,1,1,0,-0.8461669087409973,1.0274479389190674,-2.2068894215548895,FOLLOW_MAIN,cascade_pd_tracking,planner_hold,inner_wheel_pd,lidar_disabled,FOLLOW_MAIN,COMMITTED,HOLD,1,1,1,1,1,1,1,1.9678606986999512,1.5741193294525146,1.1785194873809814,0.8006947040557861,0.4059441089630127,7.843971252441406e-05,0.09529518499994083,0.05060529399997904
1784803344.0125616,66.58418130874634,-23.200000000000003,-0.023200000000000002,-23.200000000000003,-0.021994438125803793,-21.994438125803793,-0.021994438125803793,-21.994438125803793,-0.164,-0.15562620311476238,-0.15562620311476238,-0.0020069515024199653,-0.013733692658114121,-0.017155661738126958,-8.027806009679861e-05,-0.11205086624262892,-0.0003845433944271954,0.78,0.04,0.72,0.028,0.75,0.065,0.065,0.06116303191156116,0.05588180192391515,0.04349999874830246,0.09725351207645991,0.09725351207645991,0.13532416303367537,0.03850267698204079,0.0,0.05843538793483896,0.04349999874830246,0.06621929972470551,0.07156461206516104,0.04349999874830246,0.08607664973508179,0.014935389186536502,0.028064613316858583,0.061492498032902985,0.10410232778286291,0.007783911789866551,0.014512037669920748,nan,1.0,0.0,-1.464,0.758268132782457,1.284999966621399,1.0,0,1,1,0,-0.8461669087409973,1.0274479389190674,-2.2068894215548895,FOLLOW_MAIN,cascade_pd_tracking,planner_hold,inner_wheel_pd,lidar_disabled,FOLLOW_MAIN,COMMITTED,HOLD,1,1,1,1,1,1,1,9.632110595703125e-05,1.9737825393676758,1.5781829357147217,1.2003581523895264,0.8056073188781738,0.39974188804626465,0.09529518499994083,0.05060529399997904
1784803344.4085531,66.98017287254333,-46.7,-0.046700000000000005,-46.7,-0.07996678984849649,-79.96678984849649,-0.07996678984849649,-79.96678984849649,-0.322,-0.5158365756687655,-0.5158365756687655,-0.021527039158984324,-0.1338088153646753,-0.062374096081827264,-0.000861081566359373,-0.37140233448151116,-0.003746646830210908,0.78,0.04,0.72,0.028,1.0,0.065,0.065,0.047232691111953926,0.05588180192391515,0.07612499594688416,0.38,0.38,0.36714110376102815,0.03850267698204079,0.34673914313316345,0.039349999999999996,0.05272010378539562,0.031867717278002854,0.09065000000000001,0.09952988810837268,0.08574168359076242,-0.013370103785395625,-0.008879888108372674,-0.10646329050072435,-0.06459701172187039,-0.007482282721997143,-0.004908316409237588,nan,1.0,0.0,-5.0,0.3921915562274149,1.312999963760376,1.0,0,1,1,0,-0.9090408086776733,0.9207069873809814,-1.8711841824631688,FOLLOW_MAIN,cascade_pd_tracking,follow_main,inner_wheel_pd,lidar_disabled,FOLLOW_MAIN,COMMITTED,UNKNOWN,1,2,1,1,1,1,2,0.396054744720459,0.00011038780212402344,1.9741408824920654,1.5963160991668701,1.2015933990478516,0.7957277297973633,0.05279585500011308,0.0976096710001002
1784803344.8230119,67.3946316242218,-46.7,-0.046700000000000005,-46.7,-0.07996678984849649,-79.96678984849649,-0.07996678984849649,-79.96678984849649,-0.322,-0.5158365756687655,-0.5158365756687655,-0.021527039158984324,-0.1338088153646753,-0.062374096081827264,-0.000861081566359373,-0.37140233448151116,-0.003746646830210908,0.78,0.04,0.72,0.028,1.0,0.065,0.065,0.047232691111953926,0.05588180192391515,0.07612499594688416,0.38,0.38,0.36714110376102815,0.03850267698204079,0.34673914313316345,0.039349999999999996,0.05272010378539562,0.031867717278002854,0.09065000000000001,0.09952988810837268,0.08574168359076242,-0.013370103785395625,-0.008879888108372674,-0.10646329050072435,-0.06459701172187039,-0.007482282721997143,-0.004908316409237588,nan,1.0,0.0,-5.0,0.3921915562274149,1.312999963760376,1.0,0,1,1,0,-0.9090408086776733,0.9207069873809814,-1.8711841824631688,FOLLOW_MAIN,cascade_pd_tracking,follow_main,inner_wheel_pd,lidar_disabled,FOLLOW_MAIN,COMMITTED,UNKNOWN,1,2,1,1,1,1,2,0.8105175495147705,0.41457295417785645,8.821487426757812e-05,2.0107789039611816,1.61602783203125,1.2101624011993408,0.05279585500011308,0.0976096710001002
1784803345.239902,67.81152176856995,-46.7,-0.046700000000000005,-46.7,-0.07996678984849649,-79.96678984849649,-0.07996678984849649,-79.96678984849649,-0.322,-0.5158365756687655,-0.5158365756687655,-0.021527039158984324,-0.1338088153646753,-0.062374096081827264,-0.000861081566359373,-0.37140233448151116,-0.003746646830210908,0.78,0.04,0.72,0.028,1.0,0.065,0.065,0.047232691111953926,0.05129819029724525,0.07612499594688416,0.38,0.38,0.36714110376102815,7.880961280455675e-06,0.34673914313316345,0.039349999999999996,0.05272010378539562,0.031867717278002854,0.09065000000000001,0.09952988810837268,0.08574168359076242,-0.013370103785395625,-0.008879888108372674,-0.10646329050072435,-0.06459701172187039,-0.007482282721997143,-0.004908316409237588,nan,1.0,0.0,-5.0,0.3921915562274149,1.312999963760376,1.0,0,1,1,0,-0.9090408086776733,0.9207069873809814,-1.8711841824631688,FOLLOW_MAIN,cascade_pd_tracking,follow_main,inner_wheel_pd,lidar_disabled,FOLLOW_MAIN,COMMITTED,UNKNOWN,1,2,1,1,1,1,2,1.227410078048706,0.831465482711792,0.41698145866394043,8.487701416015625e-05,2.032921075820923,1.6270556449890137,0.05279585500011308,0.0976096710001002
1784803345.6344461,68.20606589317322,-46.7,-0.046700000000000005,-46.7,-0.07996678984849649,-79.96678984849649,-0.07996678984849649,-79.96678984849649,-0.322,-0.5158365756687655,-0.5158365756687655,-0.021527039158984324,-0.1338088153646753,-0.062374096081827264,-0.000861081566359373,-0.37140233448151116,-0.003746646830210908,0.78,0.04,0.72,0.028,1.0,0.065,0.065,0.047232691111953926,0.05129819029724525,0.07612499594688416,0.38,0.38,0.36714110376102815,7.880961280455675e-06,0.34673914313316345,0.039349999999999996,0.05272010378539562,0.031867717278002854,0.09065000000000001,0.09952988810837268,0.08574168359076242,-0.013370103785395625,-0.008879888108372674,-0.10646329050072435,-0.06459701172187039,-0.007482282721997143,-0.004908316409237588,nan,1.0,0.0,-5.0,0.3921915562274149,1.312999963760376,1.0,0,1,1,0,-0.9090408086776733,0.9207069873809814,-1.8711841824631688,FOLLOW_MAIN,cascade_pd_tracking,follow_main,inner_wheel_pd,lidar_disabled,FOLLOW_MAIN,COMMITTED,UNKNOWN,1,2,1,1,1,1,2,1.621967077255249,1.226022481918335,0.8115377426147461,0.3946411609649658,0.00012159347534179688,2.0216119289398193,0.05279585500011308,0.0976096710001002
1784803346.0841253,68.65574502944946,-46.7,-0.046700000000000005,-46.7,-0.07996678984849649,-79.96678984849649,-0.07996678984849649,-79.96678984849649,-0.322,-0.5158365756687655,-0.5158365756687655,-0.021527039158984324,-0.1338088153646753,-0.062374096081827264,-0.000861081566359373,-0.37140233448151116,-0.003746646830210908,0.78,0.04,0.72,0.028,1.0,0.065,0.065,0.047232691111953926,0.05129819029724525,0.07612499594688416,0.38,0.38,0.36714110376102815,7.880961280455675e-06,0.34673914313316345,0.039349999999999996,0.05272010378539562,0.031867717278002854,0.09065000000000001,0.09952988810837268,0.08574168359076242,-0.013370103785395625,-0.008879888108372674,-0.10646329050072435,-0.06459701172187039,-0.007482282721997143,-0.004908316409237588,nan,1.0,0.0,-5.0,0.3921915562274149,1.312999963760376,1.0,0,1,1,0,-0.9090408086776733,0.9207069873809814,-1.8711841824631688,FOLLOW_MAIN,cascade_pd_tracking,follow_main,inner_wheel_pd,lidar_disabled,FOLLOW_MAIN,COMMITTED,UNKNOWN,1,2,1,1,1,1,2,2.0716371536254883,1.6756927967071533,1.2612080574035645,0.8443117141723633,0.44979238510131836,9.465217590332031e-05,0.05279585500011308,0.0976096710001002
1784803346.490733,69.06235265731812,-46.7,-0.046700000000000005,-46.7,-0.07996678984849649,-79.96678984849649,-0.07996678984849649,-79.96678984849649,-0.322,-0.5158365756687655,-0.5158365756687655,-0.021527039158984324,-0.1338088153646753,-0.062374096081827264,-0.000861081566359373,-0.37140233448151116,-0.003746646830210908,0.78,0.04,0.72,0.028,1.0,0.065,0.065,0.047232691111953926,0.05129819029724525,0.07612499594688416,0.38,0.38,0.36714110376102815,7.880961280455675e-06,0.34673914313316345,0.039349999999999996,0.05272010378539562,0.031867717278002854,0.09065000000000001,0.09952988810837268,0.08574168359076242,-0.013370103785395625,-0.008879888108372674,-0.10646329050072435,-0.06459701172187039,-0.007482282721997143,-0.004908316409237588,nan,1.0,0.0,-5.0,0.3921915562274149,1.312999963760376,1.0,0,1,1,0,-0.9090408086776733,0.9207069873809814,-1.8711841824631688,FOLLOW_MAIN,cascade_pd_tracking,follow_main,inner_wheel_pd,lidar_disabled,FOLLOW_MAIN,COMMITTED,UNKNOWN,1,2,1,1,1,1,2,8.988380432128906e-05,2.0822927951812744,1.6678082942962646,1.2509117126464844,0.8563923835754395,0.4066946506500244,0.05279585500011308,0.0976096710001002
1784803346.8948011,69.46642088890076,-10.700000000000001,-0.010700000000000001,-10.700000000000001,-0.008118602748236869,-8.118602748236869,0.0,0.0,-0.076,-0.057862953859345534,-0.057862953859345534,0.007381370888536853,0.02688552469062657,0.0,0.0002952548355414741,-0.04166132677872878,0.000752794691337544,0.78,0.04,0.72,0.028,1.0,0.10538116671828932,0.07578823376000401,0.061036603262405016,0.05129819029724525,0.07249999791383743,0.040613277251849766,0.040613277251849766,0.04556969426694929,7.880961280455675e-06,0.0,0.07304683754550416,0.07249999791383743,0.07264714240623873,0.07852962997450387,0.07249999791383743,0.07933399971714977,0.0,0.006029632060666437,-0.03996951392654236,-0.003573384417309429,-0.0003996951392654236,0.0028584895449467952,nan,1.0,0.0,-3.774,0.726766667022685,1.5269999504089355,1.0,0,1,1,0,-0.9190133810043335,0.7599585056304932,-1.5121196682097346,FOLLOW_MAIN,cascade_pd_tracking,follow_main,inner_wheel_pd,lidar_disabled,FOLLOW_MAIN,COMMITTED,UNKNOWN,1,2,1,1,1,1,2,0.404155969619751,8.082389831542969e-05,2.0718741416931152,1.654977560043335,1.260457992553711,0.8107609748840332,0.057594181999775174,0.024119152999901416
1784803347.3070543,69.87867403030396,-10.700000000000001,-0.010700000000000001,-10.700000000000001,-0.008118602748236869,-8.118602748236869,0.0,0.0,-0.076,-0.057862953859345534,-0.057862953859345534,0.007381370888536853,0.02688552469062657,0.0,0.0002952548355414741,-0.04166132677872878,0.000752794691337544,0.78,0.04,0.72,0.028,1.0,0.10538116671828932,0.07578823376000401,0.061036603262405016,0.05129819029724525,0.07249999791383743,0.040613277251849766,0.040613277251849766,0.04556969426694929,7.880961280455675e-06,0.0,0.07304683754550416,0.07249999791383743,0.07264714240623873,0.07852962997450387,0.07249999791383743,0.07933399971714977,0.0,0.006029632060666437,-0.03996951392654236,-0.003573384417309429,-0.0003996951392654236,0.0028584895449467952,nan,1.0,0.0,-3.774,0.726766667022685,1.5269999504089355,1.0,0,1,1,0,-0.9190133810043335,0.7599585056304932,-1.5121196682097346,FOLLOW_MAIN,cascade_pd_tracking,follow_main,inner_wheel_pd,lidar_disabled,FOLLOW_MAIN,COMMITTED,UNKNOWN,1,2,1,1,1,1,2,0.8164217472076416,0.41234683990478516,8.368492126464844e-05,2.0672435760498047,1.6727242469787598,1.2230265140533447,0.057594181999775174,0.024119152999901416
1784803347.698808,70.27042770385742,-10.700000000000001,-0.010700000000000001,-10.700000000000001,-0.008118602748236869,-8.118602748236869,0.0,0.0,-0.076,-0.057862953859345534,-0.057862953859345534,0.007381370888536853,0.02688552469062657,0.0,0.0002952548355414741,-0.04166132677872878,0.000752794691337544,0.78,0.04,0.72,0.028,1.0,0.10538116671828932,0.07578823376000401,0.061036603262405016,0.06395506433627467,0.07249999791383743,0.040613277251849766,0.040613277251849766,0.04556969426694929,0.07836218277770055,0.0,0.07304683754550416,0.07249999791383743,0.07264714240623873,0.07852962997450387,0.07249999791383743,0.07933399971714977,0.0,0.006029632060666437,-0.03996951392654236,-0.003573384417309429,-0.0003996951392654236,0.0028584895449467952,nan,1.0,0.0,-3.774,0.726766667022685,1.5269999504089355,1.0,0,1,1,0,-0.9190133810043335,0.7599585056304932,-1.5121196682097346,FOLLOW_MAIN,cascade_pd_tracking,follow_main,inner_wheel_pd,lidar_disabled,FOLLOW_MAIN,COMMITTED,UNKNOWN,1,2,1,1,1,1,2,1.2081680297851562,0.8040928840637207,0.3918297290802002,7.700920104980469e-05,2.0644702911376953,1.6147725582122803,0.057594181999775174,0.024119152999901416
1784803348.0966377,70.66825747489929,-10.700000000000001,-0.010700000000000001,-10.700000000000001,-0.008118602748236869,-8.118602748236869,0.0,0.0,-0.076,-0.057862953859345534,-0.057862953859345534,0.007381370888536853,0.02688552469062657,0.0,0.0002952548355414741,-0.04166132677872878,0.000752794691337544,0.78,0.04,0.72,0.028,1.0,0.10538116671828932,0.07578823376000401,0.061036603262405016,0.06395506433627467,0.07249999791383743,0.040613277251849766,0.040613277251849766,0.04556969426694929,0.07836218277770055,0.0,0.07304683754550416,0.07249999791383743,0.07264714240623873,0.07852962997450387,0.07249999791383743,0.07933399971714977,0.0,0.006029632060666437,-0.03996951392654236,-0.003573384417309429,-0.0003996951392654236,0.0028584895449467952,nan,1.0,0.0,-3.774,0.726766667022685,1.5269999504089355,1.0,0,1,1,0,-0.9190133810043335,0.7599585056304932,-1.5121196682097346,FOLLOW_MAIN,cascade_pd_tracking,follow_main,inner_wheel_pd,lidar_disabled,FOLLOW_MAIN,COMMITTED,UNKNOWN,1,2,1,1,1,1,2,1.6059975624084473,1.2019226551055908,0.7896595001220703,0.3979065418243408,7.843971252441406e-05,2.0126020908355713,0.057594181999775174,0.024119152999901416
1784803348.50305,71.07466983795166,-10.700000000000001,-0.010700000000000001,-10.700000000000001,-0.008118602748236869,-8.118602748236869,0.0,0.0,-0.076,-0.057862953859345534,-0.057862953859345534,0.007381370888536853,0.02688552469062657,0.0,0.0002952548355414741,-0.04166132677872878,0.000752794691337544,0.78,0.04,0.72,0.028,1.0,0.10538116671828932,0.07578823376000401,0.061036603262405016,0.06395506433627467,0.07249999791383743,0.040613277251849766,0.040613277251849766,0.04556969426694929,0.07836218277770055,0.0,0.07304683754550416,0.07249999791383743,0.07264714240623873,0.07852962997450387,0.07249999791383743,0.07933399971714977,0.0,0.006029632060666437,-0.03996951392654236,-0.003573384417309429,-0.0003996951392654236,0.0028584895449467952,nan,1.0,0.0,-3.774,0.726766667022685,1.5269999504089355,1.0,0,1,1,0,-0.9190133810043335,0.7599585056304932,-1.5121196682097346,FOLLOW_MAIN,cascade_pd_tracking,follow_main,inner_wheel_pd,lidar_disabled,FOLLOW_MAIN,COMMITTED,UNKNOWN,1,2,1,1,1,1,2,2.0124106407165527,1.6083354949951172,1.1960725784301758,0.8043198585510254,0.4064922332763672,8.96453857421875e-05,0.057594181999775174,0.024119152999901416
1784803348.9089122,71.48053193092346,-10.700000000000001,-0.010700000000000001,-10.700000000000001,-0.008118602748236869,-8.118602748236869,0.0,0.0,-0.076,-0.057862953859345534,-0.057862953859345534,0.007381370888536853,0.02688552469062657,0.0,0.0002952548355414741,-0.04166132677872878,0.000752794691337544,0.78,0.04,0.72,0.028,1.0,0.10538116671828932,0.07578823376000401,0.061036603262405016,0.06395506433627467,0.07249999791383743,0.040613277251849766,0.040613277251849766,0.04556969426694929,0.07836218277770055,0.0,0.07304683754550416,0.07249999791383743,0.07264714240623873,0.07852962997450387,0.07249999791383743,0.07933399971714977,0.0,0.006029632060666437,-0.03996951392654236,-0.003573384417309429,-0.0003996951392654236,0.0028584895449467952,nan,1.0,0.0,-3.774,0.726766667022685,1.5269999504089355,1.0,0,1,1,0,-0.9190133810043335,0.7599585056304932,-1.5121196682097346,FOLLOW_MAIN,cascade_pd_tracking,follow_main,inner_wheel_pd,lidar_disabled,FOLLOW_MAIN,COMMITTED,UNKNOWN,1,2,1,1,1,1,2,6.771087646484375e-05,2.014195203781128,1.6019320487976074,1.210179328918457,0.8123512268066406,0.4059486389160156,0.057594181999775174,0.024119152999901416
1784803349.3296182,71.90123796463013,-16.900000000000002,-0.016900000000000002,-16.900000000000002,-0.016782549076402323,-16.782549076402322,-0.016782549076402323,-16.782549076402322,-0.12,-0.11948259686318907,-0.11948259686318907,-0.0019925106971098905,-0.009663187456428019,-0.013090388279593811,-7.970042788439563e-05,-0.08602746974149612,-0.00027056924877998453,0.78,0.04,0.72,0.028,1.0,0.1046389880105228,0.07197115412001949,0.0633279786370625,0.06395506433627467,0.057999998331069946,0.09946812769775432,0.09773651741941826,0.10211255674767312,0.07836218277770055,0.06304347515106201,0.06537393919420875,0.05374456375837326,0.07135137951132985,0.07856836904583023,0.06225543290376663,0.08633528729495579,0.01162937543583549,0.016312936142063597,0.03953401079200569,0.05738265481654789,0.005977440317121092,0.008404035896356006,nan,1.0,0.0,-2.751,0.7216481931760194,1.628000020980835,1.0,0,1,1,0,-0.902998149394989,0.6196596622467041,-1.3926527830507056,FOLLOW_MAIN,cascade_pd_tracking,follow_main,inner_wheel_pd,lidar_disabled,FOLLOW_MAIN,COMMITTED,UNKNOWN,1,2,1,1,1,1,2,0.42076969146728516,0.00010204315185546875,2.0226333141326904,1.6308808326721191,1.2330524921417236,0.8266499042510986,0.026880381999944802,0.06853565399978834
1784803349.723631,72.29525065422058,-16.900000000000002,-0.016900000000000002,-16.900000000000002,-0.016782549076402323,-16.782549076402322,-0.016782549076402323,-16.782549076402322,-0.12,-0.11948259686318907,-0.11948259686318907,-0.0019925106971098905,-0.009663187456428019,-0.013090388279593811,-7.970042788439563e-05,-0.08602746974149612,-0.00027056924877998453,0.78,0.04,0.72,0.028,1.0,0.1046389880105228,0.07197115412001949,0.0633279786370625,0.06395506433627467,0.057999998331069946,0.09946812769775432,0.09773651741941826,0.10211255674767312,0.07836218277770055,0.06304347515106201,0.06537393919420875,0.05374456375837326,0.07135137951132985,0.07856836904583023,0.06225543290376663,0.08633528729495579,0.01162937543583549,0.016312936142063597,0.03953401079200569,0.05738265481654789,0.005977440317121092,0.008404035896356006,nan,1.0,0.0,-2.751,0.7216481931760194,1.628000020980835,1.0,0,1,1,0,-0.902998149394989,0.6196596622467041,-1.3926527830507056,FOLLOW_MAIN,cascade_pd_tracking,follow_main,inner_wheel_pd,lidar_disabled,FOLLOW_MAIN,COMMITTED,UNKNOWN,1,2,1,1,1,1,2,0.8147964477539062,0.39412927627563477,9.131431579589844e-05,2.0249078273773193,1.627079725265503,1.220677137374878,0.026880381999944802,0.06853565399978834
1784803350.1300404,72.70166015625,-16.900000000000002,-0.016900000000000002,-16.900000000000002,-0.016782549076402323,-16.782549076402322,-0.016782549076402323,-16.782549076402322,-0.12,-0.11948259686318907,-0.11948259686318907,-0.0019925106971098905,-0.009663187456428019,-0.013090388279593811,-7.970042788439563e-05,-0.08602746974149612,-0.00027056924877998453,0.78,0.04,0.72,0.028,1.0,0.1046389880105228,0.07197115412001949,0.0633279786370625,0.05340820672851535,0.057999998331069946,0.09946812769775432,0.09773651741941826,0.10211255674767312,0.09091885247204219,0.06304347515106201,0.06537393919420875,0.05374456375837326,0.07135137951132985,0.07856836904583023,0.06225543290376663,0.08633528729495579,0.01162937543583549,0.016312936142063597,0.03953401079200569,0.05738265481654789,0.005977440317121092,0.008404035896356006,nan,1.0,0.0,-2.751,0.7216481931760194,1.628000020980835,1.0,0,1,1,0,-0.902998149394989,0.6196596622467041,-1.3926527830507056,FOLLOW_MAIN,cascade_pd_tracking,follow_main,inner_wheel_pd,lidar_disabled,FOLLOW_MAIN,COMMITTED,UNKNOWN,1,2,1,1,1,1,2,1.221217393875122,0.8005504608154297,0.4065122604370117,0.00010323524475097656,2.033501386642456,1.627098798751831,0.026880381999944802,0.06853565399978834
1784803350.5613086,73.13292837142944,-16.900000000000002,-0.016900000000000002,-16.900000000000002,-0.016782549076402323,-16.782549076402322,-0.016782549076402323,-16.782549076402322,-0.12,-0.11948259686318907,-0.11948259686318907,-0.0019925106971098905,-0.009663187456428019,-0.013090388279593811,-7.970042788439563e-05,-0.08602746974149612,-0.00027056924877998453,0.78,0.04,0.72,0.028,1.0,0.1046389880105228,0.07197115412001949,0.0633279786370625,0.05340820672851535,0.057999998331069946,0.09946812769775432,0.09773651741941826,0.10211255674767312,0.09091885247204219,0.06304347515106201,0.06537393919420875,0.05374456375837326,0.07135137951132985,0.07856836904583023,0.06225543290376663,0.08633528729495579,0.01162937543583549,0.016312936142063597,0.03953401079200569,0.05738265481654789,0.005977440317121092,0.008404035896356006,nan,1.0,0.0,-2.751,0.7216481931760194,1.628000020980835,1.0,0,1,1,0,-0.902998149394989,0.6196596622467041,-1.3926527830507056,FOLLOW_MAIN,cascade_pd_tracking,follow_main,inner_wheel_pd,lidar_disabled,FOLLOW_MAIN,COMMITTED,UNKNOWN,1,2,1,1,1,1,2,1.6524643898010254,1.2317967414855957,0.8377587795257568,0.4313492774963379,7.748603820800781e-05,2.0583443641662598,0.026880381999944802,0.06853565399978834
1784803350.9638793,73.53549909591675,-16.900000000000002,-0.016900000000000002,-16.900000000000002,-0.016782549076402323,-16.782549076402322,-0.016782549076402323,-16.782549076402322,-0.12,-0.11948259686318907,-0.11948259686318907,-0.0019925106971098905,-0.009663187456428019,-0.013090388279593811,-7.970042788439563e-05,-0.08602746974149612,-0.00027056924877998453,0.78,0.04,0.72,0.028,1.0,0.1046389880105228,0.07197115412001949,0.0633279786370625,0.05340820672851535,0.057999998331069946,0.09946812769775432,0.09773651741941826,0.10211255674767312,0.09091885247204219,0.06304347515106201,0.06537393919420875,0.05374456375837326,0.07135137951132985,0.07856836904583023,0.06225543290376663,0.08633528729495579,0.01162937543583549,0.016312936142063597,0.03953401079200569,0.05738265481654789,0.005977440317121092,0.008404035896356006,nan,1.0,0.0,-2.751,0.7216481931760194,1.628000020980835,1.0,0,1,1,0,-0.902998149394989,0.6196596622467041,-1.3926527830507056,FOLLOW_MAIN,cascade_pd_tracking,follow_main,inner_wheel_pd,lidar_disabled,FOLLOW_MAIN,COMMITTED,UNKNOWN,1,2,1,1,1,1,2,2.0550365447998047,1.634369134902954,1.2403314113616943,0.8339216709136963,0.4026501178741455,8.082389831542969e-05,0.026880381999944802,0.06853565399978834
1784803351.368657,73.9402768611908,-16.900000000000002,-0.016900000000000002,-16.900000000000002,-0.016782549076402323,-16.782549076402322,-0.016782549076402323,-16.782549076402322,-0.12,-0.11948259686318907,-0.11948259686318907,-0.0019925106971098905,-0.009663187456428019,-0.013090388279593811,-7.970042788439563e-05,-0.08602746974149612,-0.00027056924877998453,0.78,0.04,0.72,0.028,1.0,0.1046389880105228,0.07197115412001949,0.0633279786370625,0.05340820672851535,0.057999998331069946,0.09946812769775432,0.09773651741941826,0.10211255674767312,0.09091885247204219,0.06304347515106201,0.06537393919420875,0.05374456375837326,0.07135137951132985,0.07856836904583023,0.06225543290376663,0.08633528729495579,0.01162937543583549,0.016312936142063597,0.03953401079200569,0.05738265481654789,0.005977440317121092,0.008404035896356006,nan,1.0,0.0,-2.751,0.7216481931760194,1.628000020980835,1.0,0,1,1,0,-0.902998149394989,0.6196596622467041,-1.3926527830507056,FOLLOW_MAIN,cascade_pd_tracking,follow_main,inner_wheel_pd,lidar_disabled,FOLLOW_MAIN,COMMITTED,UNKNOWN,1,2,1,1,1,1,2,0.00012421607971191406,2.0391554832458496,1.6451175212860107,1.2387080192565918,0.8074362277984619,0.40486693382263184,0.026880381999944802,0.06853565399978834
1784803351.7617648,74.33338451385498,-23.5,-0.0235,-23.5,-0.02237052752358548,-22.37052752358548,-0.02237052752358548,-22.37052752358548,-0.166,-0.15836590952880836,-0.15836590952880836,-0.0036050328507722705,-0.025033923223507667,-0.017449011468396676,-0.00014420131403089083,-0.11402345486074202,-0.0007009498502582147,0.78,0.04,0.72,0.028,0.75,0.065,0.065,0.030248963244981008,0.05340820672851535,0.11599999666213989,0.09923821312007085,0.09923821312007085,0.13748892782307431,0.09091885247204219,0.0,0.05830142061439522,0.11599999666213989,0.027572456383417106,0.07169857938560478,0.11599999666213989,0.04774746209658562,-0.05769857604774467,-0.04430141727653511,-0.30336477280606733,-0.268643699628231,-0.030728964230978116,-0.023951117289019164,nan,1.0,0.0,-0.96,0.783102059668925,1.7350000143051147,1.0,0,1,1,0,-0.8566142320632935,0.47904273867607117,-1.1387140754797225,FOLLOW_MAIN,cascade_pd_tracking,planner_hold,inner_wheel_pd,lidar_disabled,FOLLOW_MAIN,COMMITTED,HOLD,1,1,1,1,1,1,1,0.3932163715362549,0.00010609626770019531,2.0382096767425537,1.6318001747131348,1.2005283832550049,0.7979590892791748,0.05353237500003161,0.01667002300018794
1784803352.1476202,74.71923995018005,-23.5,-0.0235,-23.5,-0.02237052752358548,-22.37052752358548,-0.02237052752358548,-22.37052752358548,-0.166,-0.15836590952880836,-0.15836590952880836,-0.0036050328507722705,-0.025033923223507667,-0.017449011468396676,-0.00014420131403089083,-0.11402345486074202,-0.0007009498502582147,0.78,0.04,0.72,0.028,0.75,0.065,0.065,0.030248963244981008,0.05340820672851535,0.11599999666213989,0.09923821312007085,0.09923821312007085,0.13748892782307431,0.09091885247204219,0.0,0.05830142061439522,0.11599999666213989,0.027572456383417106,0.07169857938560478,0.11599999666213989,0.04774746209658562,-0.05769857604774467,-0.04430141727653511,-0.30336477280606733,-0.268643699628231,-0.030728964230978116,-0.023951117289019164,nan,1.0,0.0,-0.96,0.783102059668925,1.7350000143051147,1.0,0,1,1,0,-0.8566142320632935,0.47904273867607117,-1.1387140754797225,FOLLOW_MAIN,cascade_pd_tracking,planner_hold,inner_wheel_pd,lidar_disabled,FOLLOW_MAIN,COMMITTED,HOLD,1,1,1,1,1,1,1,0.7790777683258057,0.3859672546386719,7.128715515136719e-05,2.0176615715026855,1.5863897800445557,1.1838204860687256,0.05353237500003161,0.01667002300018794
1784803352.6101635,75.1817831993103,-23.5,-0.0235,-23.5,-0.02237052752358548,-22.37052752358548,-0.02237052752358548,-22.37052752358548,-0.166,-0.15836590952880836,-0.15836590952880836,-0.0036050328507722705,-0.025033923223507667,-0.017449011468396676,-0.00014420131403089083,-0.11402345486074202,-0.0007009498502582147,0.78,0.04,0.72,0.028,0.75,0.065,0.065,0.030248963244981008,0.030699575563732567,0.11599999666213989,0.09923821312007085,0.09923821312007085,0.13748892782307431,0.09260367326331635,0.0,0.05830142061439522,0.11599999666213989,0.027572456383417106,0.07169857938560478,0.11599999666213989,0.04774746209658562,-0.05769857604774467,-0.04430141727653511,-0.30336477280606733,-0.268643699628231,-0.030728964230978116,-0.023951117289019164,nan,1.0,0.0,-0.96,0.783102059668925,1.7350000143051147,1.0,0,1,1,0,-0.8566142320632935,0.47904273867607117,-1.1387140754797225,FOLLOW_MAIN,cascade_pd_tracking,planner_hold,inner_wheel_pd,lidar_disabled,FOLLOW_MAIN,COMMITTED,HOLD,1,1,1,1,1,1,1,1.2416174411773682,0.8485076427459717,0.46261119842529297,6.580352783203125e-05,2.0489296913146973,1.6463606357574463,0.05353237500003161,0.01667002300018794
1784803353.021242,75.59286165237427,-23.5,-0.0235,-23.5,-0.02237052752358548,-22.37052752358548,-0.02237052752358548,-22.37052752358548,-0.166,-0.15836590952880836,-0.15836590952880836,-0.0036050328507722705,-0.025033923223507667,-0.017449011468396676,-0.00014420131403089083,-0.11402345486074202,-0.0007009498502582147,0.78,0.04,0.72,0.028,0.75,0.065,0.065,0.030248963244981008,0.030699575563732567,0.11599999666213989,0.09923821312007085,0.09923821312007085,0.13748892782307431,0.09260367326331635,0.0,0.05830142061439522,0.11599999666213989,0.027572456383417106,0.07169857938560478,0.11599999666213989,0.04774746209658562,-0.05769857604774467,-0.04430141727653511,-0.30336477280606733,-0.268643699628231,-0.030728964230978116,-0.023951117289019164,nan,1.0,0.0,-0.96,0.783102059668925,1.7350000143051147,1.0,0,1,1,0,-0.8566142320632935,0.47904273867607117,-1.1387140754797225,FOLLOW_MAIN,cascade_pd_tracking,planner_hold,inner_wheel_pd,lidar_disabled,FOLLOW_MAIN,COMMITTED,HOLD,1,1,1,1,1,1,1,1.6527056694030762,1.2595956325531006,0.873699426651001,0.41115427017211914,0.00010132789611816406,2.0574488639831543,0.05353237500003161,0.01667002300018794
1784803353.4204059,75.99202561378479,-23.5,-0.0235,-23.5,-0.02237052752358548,-22.37052752358548,-0.02237052752358548,-22.37052752358548,-0.166,-0.15836590952880836,-0.15836590952880836,-0.0036050328507722705,-0.025033923223507667,-0.017449011468396676,-0.00014420131403089083,-0.11402345486074202,-0.0007009498502582147,0.78,0.04,0.72,0.028,0.75,0.065,0.065,0.030248963244981008,0.030699575563732567,0.11599999666213989,0.09923821312007085,0.09923821312007085,0.13748892782307431,0.09260367326331635,0.0,0.05830142061439522,0.11599999666213989,0.027572456383417106,0.07169857938560478,0.11599999666213989,0.04774746209658562,-0.05769857604774467,-0.04430141727653511,-0.30336477280606733,-0.268643699628231,-0.030728964230978116,-0.023951117289019164,nan,1.0,0.0,-0.96,0.783102059668925,1.7350000143051147,1.0,0,1,1,0,-0.8566142320632935,0.47904273867607117,-1.1387140754797225,FOLLOW_MAIN,cascade_pd_tracking,planner_hold,inner_wheel_pd,lidar_disabled,FOLLOW_MAIN,COMMITTED,HOLD,1,1,1,1,1,1,1,2.051938533782959,1.6588287353515625,1.272932767868042,0.8103883266448975,0.3993358612060547,0.0001747608184814453,0.05353237500003161,0.01667002300018794
1784803353.8239317,76.39555144309998,-23.5,-0.0235,-23.5,-0.02237052752358548,-22.37052752358548,-0.02237052752358548,-22.37052752358548,-0.166,-0.15836590952880836,-0.15836590952880836,-0.0036050328507722705,-0.025033923223507667,-0.017449011468396676,-0.00014420131403089083,-0.11402345486074202,-0.0007009498502582147,0.78,0.04,0.72,0.028,0.75,0.065,0.065,0.030248963244981008,0.030699575563732567,0.11599999666213989,0.09923821312007085,0.09923821312007085,0.13748892782307431,0.09260367326331635,0.0,0.05830142061439522,0.11599999666213989,0.027572456383417106,0.07169857938560478,0.11599999666213989,0.04774746209658562,-0.05769857604774467,-0.04430141727653511,-0.30336477280606733,-0.268643699628231,-0.030728964230978116,-0.023951117289019164,nan,1.0,0.0,-0.96,0.783102059668925,1.7350000143051147,1.0,0,1,1,0,-0.8566142320632935,0.47904273867607117,-1.1387140754797225,FOLLOW_MAIN,cascade_pd_tracking,planner_hold,inner_wheel_pd,lidar_disabled,FOLLOW_MAIN,COMMITTED,HOLD,1,1,1,1,1,1,1,6.604194641113281e-05,2.0622763633728027,1.6763801574707031,1.2138350009918213,0.8027820587158203,0.40362119674682617,0.05353237500003161,0.01667002300018794
1784803354.2199697,76.7915894985199,-92.30000000000001,-0.09230000000000001,-92.30000000000001,-0.06275882440319938,-62.758824403199384,-0.06275882440319938,-62.758824403199384,-0.583,-0.4152912149350415,-0.4152912149350415,-0.042252765153582374,-0.26063585296632363,-0.04895188303449552,-0.001690110606143295,-0.29900967475322987,-0.007297803883057062,0.78,0.04,0.72,0.028,1.0,0.065,0.065,0.036006246743531464,0.030699575563732567,0.101500004529953,0.35694947227692575,0.2867324998575407,0.2784594804102946,0.09260367326331635,0.25217393040657043,0.045645556259616006,0.0844782642275095,0.024397326187332678,0.084354443740384,0.11852174483239651,0.06525822820406069,-0.03883270796789349,-0.034167301092012506,-0.26085302476944533,-0.26959110121573165,-0.02124823007228333,-0.01909621553632332,nan,1.0,0.0,-5.0,0.4405033434666162,2.0250000953674316,1.0,0,1,1,0,-0.7883772850036621,0.36082762479782104,-0.8843973268366834,FOLLOW_MAIN,cascade_pd_tracking,follow_main,inner_wheel_pd,lidar_disabled,FOLLOW_MAIN,COMMITTED,UNKNOWN,1,2,1,1,1,1,2,0.3961153030395508,0.00010037422180175781,2.0724306106567383,1.6098859310150146,1.1988334655761719,0.7996723651885986,0.06346066000014616,0.07260831200028406
1784803356.7694802,79.34109997749329,-92.30000000000001,-0.09230000000000001,-92.30000000000001,-0.06275882440319938,-62.758824403199384,-0.06275882440319938,-62.758824403199384,-0.583,-0.4152912149350415,-0.4152912149350415,-0.042252765153582374,-0.26063585296632363,-0.04895188303449552,-0.001690110606143295,-0.29900967475322987,-0.007297803883057062,0.78,0.04,0.72,0.028,1.0,0.065,0.065,0.036006246743531464,0.030699575563732567,0.101500004529953,0.35694947227692575,0.2867324998575407,0.2784594804102946,0.09260367326331635,0.25217393040657043,0.045645556259616006,0.0844782642275095,0.024397326187332678,0.084354443740384,0.11852174483239651,0.06525822820406069,-0.03883270796789349,-0.034167301092012506,-0.26085302476944533,-0.26959110121573165,-0.02124823007228333,-0.01909621553632332,nan,1.0,0.0,-5.0,0.4405033434666162,2.0250000953674316,1.0,0,1,1,0,-0.7883772850036621,0.36082762479782104,-0.8843973268366834,FOLLOW_MAIN,cascade_pd_tracking,follow_main,inner_wheel_pd,lidar_disabled,FOLLOW_MAIN,COMMITTED,UNKNOWN,1,2,1,1,1,1,2,2.945626974105835,2.5496113300323486,9.608268737792969e-05,4.1593968868255615,3.7483444213867188,3.3491835594177246,0.06346066000014616,0.07260831200028406
1784803357.1781235,79.74974322319031,-92.30000000000001,-0.09230000000000001,-92.30000000000001,-0.06275882440319938,-62.758824403199384,-0.06275882440319938,-62.758824403199384,-0.583,-0.4152912149350415,-0.4152912149350415,-0.042252765153582374,-0.26063585296632363,-0.04895188303449552,-0.001690110606143295,-0.29900967475322987,-0.007297803883057062,0.78,0.04,0.72,0.028,1.0,0.065,0.065,0.036006246743531464,0.05119648768539087,0.101500004529953,0.35694947227692575,0.2867324998575407,0.2784594804102946,0.03700264174936065,0.25217393040657043,0.045645556259616006,0.0844782642275095,0.024397326187332678,0.084354443740384,0.11852174483239651,0.06525822820406069,-0.03883270796789349,-0.034167301092012506,-0.26085302476944533,-0.26959110121573165,-0.02124823007228333,-0.01909621553632332,nan,1.0,0.0,-5.0,0.4405033434666162,2.0250000953674316,1.0,0,1,1,0,-0.7883772850036621,0.36082762479782104,-0.8843973268366834,FOLLOW_MAIN,cascade_pd_tracking,follow_main,inner_wheel_pd,lidar_disabled,FOLLOW_MAIN,COMMITTED,UNKNOWN,1,2,1,1,1,1,2,3.3542613983154297,2.958245277404785,0.40872979164123535,7.2479248046875e-05,4.15697717666626,3.7578163146972656,0.06346066000014616,0.07260831200028406
1784803357.602018,80.17363786697388,-92.30000000000001,-0.09230000000000001,-92.30000000000001,-0.06275882440319938,-62.758824403199384,-0.06275882440319938,-62.758824403199384,-0.583,-0.4152912149350415,-0.4152912149350415,-0.042252765153582374,-0.26063585296632363,-0.04895188303449552,-0.001690110606143295,-0.29900967475322987,-0.007297803883057062,0.78,0.04,0.72,0.028,1.0,0.065,0.065,0.036006246743531464,0.05119648768539087,0.101500004529953,0.35694947227692575,0.2867324998575407,0.2784594804102946,0.03700264174936065,0.25217393040657043,0.045645556259616006,0.0844782642275095,0.024397326187332678,0.084354443740384,0.11852174483239651,0.06525822820406069,-0.03883270796789349,-0.034167301092012506,-0.26085302476944533,-0.26959110121573165,-0.02124823007228333,-0.01909621553632332,nan,1.0,0.0,-5.0,0.4405033434666162,2.0250000953674316,1.0,0,1,1,0,-0.7883772850036621,0.36082762479782104,-0.8843973268366834,FOLLOW_MAIN,cascade_pd_tracking,follow_main,inner_wheel_pd,lidar_disabled,FOLLOW_MAIN,COMMITTED,UNKNOWN,1,2,1,1,1,1,2,3.778188467025757,3.3821723461151123,0.8326568603515625,0.4239993095397949,0.00010848045349121094,4.181742429733276,0.06346066000014616,0.07260831200028406
1784803358.0029683,80.57458806037903,-92.30000000000001,-0.09230000000000001,-92.30000000000001,-0.06275882440319938,-62.758824403199384,-0.06275882440319938,-62.758824403199384,-0.583,-0.4152912149350415,-0.4152912149350415,-0.042252765153582374,-0.26063585296632363,-0.04895188303449552,-0.001690110606143295,-0.29900967475322987,-0.007297803883057062,0.78,0.04,0.72,0.028,1.0,0.065,0.065,0.036006246743531464,0.05119648768539087,0.101500004529953,0.35694947227692575,0.2867324998575407,0.2784594804102946,0.03700264174936065,0.25217393040657043,0.045645556259616006,0.0844782642275095,0.024397326187332678,0.084354443740384,0.11852174483239651,0.06525822820406069,-0.03883270796789349,-0.034167301092012506,-0.26085302476944533,-0.26959110121573165,-0.02124823007228333,-0.01909621553632332,nan,1.0,0.0,-5.0,0.4405033434666162,2.0250000953674316,1.0,0,1,1,0,-0.7883772850036621,0.36082762479782104,-0.8843973268366834,FOLLOW_MAIN,cascade_pd_tracking,follow_main,inner_wheel_pd,lidar_disabled,FOLLOW_MAIN,COMMITTED,UNKNOWN,1,2,1,1,1,1,2,4.179153680801392,3.783137559890747,1.2336223125457764,0.8249647617340088,0.401073694229126,0.00014972686767578125,0.06346066000014616,0.07260831200028406
1784803358.4420364,81.01365613937378,-92.30000000000001,-0.09230000000000001,-92.30000000000001,-0.06275882440319938,-62.758824403199384,-0.06275882440319938,-62.758824403199384,-0.583,-0.4152912149350415,-0.4152912149350415,-0.042252765153582374,-0.26063585296632363,-0.04895188303449552,-0.001690110606143295,-0.29900967475322987,-0.007297803883057062,0.78,0.04,0.72,0.028,1.0,0.065,0.065,0.036006246743531464,0.05119648768539087,0.101500004529953,0.35694947227692575,0.2867324998575407,0.2784594804102946,0.03700264174936065,0.25217393040657043,0.045645556259616006,0.0844782642275095,0.024397326187332678,0.084354443740384,0.11852174483239651,0.06525822820406069,-0.03883270796789349,-0.034167301092012506,-0.26085302476944533,-0.26959110121573165,-0.02124823007228333,-0.01909621553632332,nan,1.0,0.0,-5.0,0.4405033434666162,2.0250000953674316,1.0,0,1,1,0,-0.7883772850036621,0.36082762479782104,-0.8843973268366834,FOLLOW_MAIN,cascade_pd_tracking,follow_main,inner_wheel_pd,lidar_disabled,FOLLOW_MAIN,COMMITTED,UNKNOWN,1,2,1,1,1,1,2,0.0001251697540283203,4.222193002700806,1.6726782321929932,1.2640211582183838,0.8401305675506592,0.4392075538635254,0.06346066000014616,0.07260831200028406
1784803358.8758364,81.4474561214447,-11.9,-0.0119,-11.9,-0.012327955568502271,-12.32795556850227,-0.012327955568502271,-12.32795556850227,-0.085,-0.08799029320868165,-0.08799029320868165,-0.007104636190717811,-0.007685710915010577,-0.009615805343431772,-0.0002841854476287124,-0.06335301111025078,-0.00021519990562029616,0.78,0.04,0.72,0.028,0.75,0.065,0.065,0.05491981596948849,0.05119648768539087,0.057999998331069946,0.05510115135519867,0.05510115135519867,0.047158191977836335,0.03700264174936065,0.06304347515106201,0.061280672283524094,0.05374456375837326,0.06491519484016106,0.06871932771647592,0.06225543290376663,0.0718351469238653,0.007536108525150832,0.0064638948127092866,0.0017190464564567085,0.001314969728893798,0.0036345225566369664,0.0031158192073893953,nan,1.0,0.0,-2.5829999999999997,0.7563929027074267,1.5759999752044678,1.0,0,1,1,0,-0.56072998046875,0.22384683787822723,-0.3322928717871443,FOLLOW_MAIN,cascade_pd_tracking,planner_hold,inner_wheel_pd,lidar_disabled,FOLLOW_MAIN,COMMITTED,HOLD,1,1,1,1,1,1,1,0.43392133712768555,0.00013685226440429688,2.106473684310913,1.6978168487548828,1.2739262580871582,0.8730025291442871,0.0717534219998015,0.06724831799965614
1784803359.3292725,81.90089225769043,-11.9,-0.0119,-11.9,-0.012327955568502271,-12.32795556850227,-0.012327955568502271,-12.32795556850227,-0.085,-0.08799029320868165,-0.08799029320868165,-0.007104636190717811,-0.007685710915010577,-0.009615805343431772,-0.0002841854476287124,-0.06335301111025078,-0.00021519990562029616,0.78,0.04,0.72,0.028,0.75,0.065,0.065,0.05491981596948849,0.05119648768539087,0.057999998331069946,0.05510115135519867,0.05510115135519867,0.047158191977836335,0.03700264174936065,0.06304347515106201,0.061280672283524094,0.05374456375837326,0.06491519484016106,0.06871932771647592,0.06225543290376663,0.0718351469238653,0.007536108525150832,0.0064638948127092866,0.0017190464564567085,0.001314969728893798,0.0036345225566369664,0.0031158192073893953,nan,1.0,0.0,-2.5829999999999997,0.7563929027074267,1.5759999752044678,1.0,0,1,1,0,-0.56072998046875,0.22384683787822723,-0.3322928717871443,FOLLOW_MAIN,cascade_pd_tracking,planner_hold,inner_wheel_pd,lidar_disabled,FOLLOW_MAIN,COMMITTED,HOLD,1,1,1,1,1,1,1,0.8873617649078369,0.45357704162597656,0.00011467933654785156,2.1512563228607178,1.727365493774414,1.326441764831543,0.0717534219998015,0.06724831799965614
1784803359.7309437,82.30256342887878,-11.9,-0.0119,-11.9,-0.012327955568502271,-12.32795556850227,-0.012327955568502271,-12.32795556850227,-0.085,-0.08799029320868165,-0.08799029320868165,-0.007104636190717811,-0.007685710915010577,-0.009615805343431772,-0.0002841854476287124,-0.06335301111025078,-0.00021519990562029616,0.78,0.04,0.72,0.028,0.75,0.065,0.065,0.05491981596948849,0.05198292663142033,0.057999998331069946,0.05510115135519867,0.05510115135519867,0.047158191977836335,0.05758689630157811,0.06304347515106201,0.061280672283524094,0.05374456375837326,0.06491519484016106,0.06871932771647592,0.06225543290376663,0.0718351469238653,0.007536108525150832,0.0064638948127092866,0.0017190464564567085,0.001314969728893798,0.0036345225566369664,0.0031158192073893953,nan,1.0,0.0,-2.5829999999999997,0.7563929027074267,1.5759999752044678,1.0,0,1,1,0,-0.56072998046875,0.22384683787822723,-0.3322928717871443,FOLLOW_MAIN,cascade_pd_tracking,planner_hold,inner_wheel_pd,lidar_disabled,FOLLOW_MAIN,COMMITTED,HOLD,1,1,1,1,1,1,1,1.2890217304229736,0.8552367687225342,0.40177416801452637,9.560585021972656e-05,2.129025459289551,1.7281014919281006,0.0717534219998015,0.06724831799965614
1784803360.1400528,82.71167254447937,-11.9,-0.0119,-11.9,-0.012327955568502271,-12.32795556850227,-0.012327955568502271,-12.32795556850227,-0.085,-0.08799029320868165,-0.08799029320868165,-0.007104636190717811,-0.007685710915010577,-0.009615805343431772,-0.0002841854476287124,-0.06335301111025078,-0.00021519990562029616,0.78,0.04,0.72,0.028,0.75,0.065,0.065,0.05491981596948849,0.05198292663142033,0.057999998331069946,0.05510115135519867,0.05510115135519867,0.047158191977836335,0.05758689630157811,0.06304347515106201,0.061280672283524094,0.05374456375837326,0.06491519484016106,0.06871932771647592,0.06225543290376663,0.0718351469238653,0.007536108525150832,0.0064638948127092866,0.0017190464564567085,0.001314969728893798,0.0036345225566369664,0.0031158192073893953,nan,1.0,0.0,-2.5829999999999997,0.7563929027074267,1.5759999752044678,1.0,0,1,1,0,-0.56072998046875,0.22384683787822723,-0.3322928717871443,FOLLOW_MAIN,cascade_pd_tracking,planner_hold,inner_wheel_pd,lidar_disabled,FOLLOW_MAIN,COMMITTED,HOLD,1,1,1,1,1,1,1,1.6981256008148193,1.264340877532959,0.8108782768249512,0.40919995307922363,0.00010442733764648438,2.1372058391571045,0.0717534219998015,0.06724831799965614
1784803360.5601099,83.13172960281372,-11.9,-0.0119,-11.9,-0.012327955568502271,-12.32795556850227,-0.012327955568502271,-12.32795556850227,-0.085,-0.08799029320868165,-0.08799029320868165,-0.007104636190717811,-0.007685710915010577,-0.009615805343431772,-0.0002841854476287124,-0.06335301111025078,-0.00021519990562029616,0.78,0.04,0.72,0.028,0.75,0.065,0.065,0.05491981596948849,0.05198292663142033,0.057999998331069946,0.05510115135519867,0.05510115135519867,0.047158191977836335,0.05758689630157811,0.06304347515106201,0.061280672283524094,0.05374456375837326,0.06491519484016106,0.06871932771647592,0.06225543290376663,0.0718351469238653,0.007536108525150832,0.0064638948127092866,0.0017190464564567085,0.001314969728893798,0.0036345225566369664,0.0031158192073893953,nan,1.0,0.0,-2.5829999999999997,0.7563929027074267,1.5759999752044678,1.0,0,1,1,0,-0.56072998046875,0.22384683787822723,-0.3322928717871443,FOLLOW_MAIN,cascade_pd_tracking,planner_hold,inner_wheel_pd,lidar_disabled,FOLLOW_MAIN,COMMITTED,HOLD,1,1,1,1,1,1,1,2.1181704998016357,1.6843857765197754,1.2309231758117676,0.82924485206604,0.4201493263244629,8.726119995117188e-05,0.0717534219998015,0.06724831799965614
1784803360.9771767,83.54879641532898,-11.9,-0.0119,-11.9,-0.012327955568502271,-12.32795556850227,-0.012327955568502271,-12.32795556850227,-0.085,-0.08799029320868165,-0.08799029320868165,-0.007104636190717811,-0.007685710915010577,-0.009615805343431772,-0.0002841854476287124,-0.06335301111025078,-0.00021519990562029616,0.78,0.04,0.72,0.028,0.75,0.065,0.065,0.05491981596948849,0.05198292663142033,0.057999998331069946,0.05510115135519867,0.05510115135519867,0.047158191977836335,0.05758689630157811,0.06304347515106201,0.061280672283524094,0.05374456375837326,0.06491519484016106,0.06871932771647592,0.06225543290376663,0.0718351469238653,0.007536108525150832,0.0064638948127092866,0.0017190464564567085,0.001314969728893798,0.0036345225566369664,0.0031158192073893953,nan,1.0,0.0,-2.5829999999999997,0.7563929027074267,1.5759999752044678,1.0,0,1,1,0,-0.56072998046875,0.22384683787822723,-0.3322928717871443,FOLLOW_MAIN,cascade_pd_tracking,planner_hold,inner_wheel_pd,lidar_disabled,FOLLOW_MAIN,COMMITTED,HOLD,1,1,1,1,1,1,1,6.198883056640625e-05,2.101440906524658,1.6479783058166504,1.2462999820709229,0.8372044563293457,0.417142391204834,0.0717534219998015,0.06724831799965614
1784803361.3845632,83.95618295669556,-16.3,-0.016300000000000002,-16.3,-0.01636857559816224,-16.368575598162238,-0.01636857559816224,-16.368575598162238,-0.116,-0.1166087907563797,-0.1166087907563797,-0.0007008958449830029,-0.0036760846880664277,-0.012767488966566546,-2.8035833799320117e-05,-0.08395832934459338,-0.00010293037126585998,0.78,0.04,0.72,0.028,0.75,0.0667401085463827,0.0667401085463827,0.05700695430006034,0.05198292663142033,0.057999998331069946,0.07264258838716883,0.07264258838716883,0.04082926179943117,0.05758689630157811,0.12608695030212402,0.0618367338302488,0.04948912918567658,0.06797803291720382,0.07164348326251659,0.06651086747646331,0.07396928328994644,0.01234760464457222,0.005132615786053271,0.021444885756035908,-0.013785554987571313,0.006141299086955025,0.002325800027429857,nan,1.0,0.0,-0.6809999999999999,0.8368665648449242,1.434000015258789,1.0,0,1,1,0,-0.41576695442199707,0.18263407051563263,-0.1870411048192483,FOLLOW_MAIN,cascade_pd_tracking,planner_hold,inner_wheel_pd,lidar_disabled,FOLLOW_MAIN,COMMITTED,HOLD,1,1,1,1,1,1,1,0.40746045112609863,0.00010442733764648438,2.055377244949341,1.6536989212036133,1.2446036338806152,0.8245415687561035,0.056719476000125724,0.02522424900007536
1784803361.8224819,84.39410161972046,-16.3,-0.016300000000000002,-16.3,-0.01636857559816224,-16.368575598162238,-0.01636857559816224,-16.368575598162238,-0.116,-0.1166087907563797,-0.1166087907563797,-0.0007008958449830029,-0.0036760846880664277,-0.012767488966566546,-2.8035833799320117e-05,-0.08395832934459338,-0.00010293037126585998,0.78,0.04,0.72,0.028,0.75,0.0667401085463827,0.0667401085463827,0.05700695430006034,0.05198292663142033,0.057999998331069946,0.07264258838716883,0.07264258838716883,0.04082926179943117,0.05758689630157811,0.12608695030212402,0.0618367338302488,0.04948912918567658,0.06797803291720382,0.07164348326251659,0.06651086747646331,0.07396928328994644,0.01234760464457222,0.005132615786053271,0.021444885756035908,-0.013785554987571313,0.006141299086955025,0.002325800027429857,nan,1.0,0.0,-0.6809999999999999,0.8368665648449242,1.434000015258789,1.0,0,1,1,0,-0.41576695442199707,0.18263407051563263,-0.1870411048192483,FOLLOW_MAIN,cascade_pd_tracking,planner_hold,inner_wheel_pd,lidar_disabled,FOLLOW_MAIN,COMMITTED,HOLD,1,1,1,1,1,1,1,0.8453707695007324,0.43801450729370117,7.05718994140625e-05,2.091608762741089,1.6825129985809326,1.262450933456421,0.056719476000125724,0.02522424900007536
1784803362.2362137,84.80783343315125,-16.3,-0.016300000000000002,-16.3,-0.01636857559816224,-16.368575598162238,-0.01636857559816224,-16.368575598162238,-0.116,-0.1166087907563797,-0.1166087907563797,-0.0007008958449830029,-0.0036760846880664277,-0.012767488966566546,-2.8035833799320117e-05,-0.08395832934459338,-0.00010293037126585998,0.78,0.04,0.72,0.028,0.75,0.0667401085463827,0.0667401085463827,0.05700695430006034,0.0600463141517082,0.057999998331069946,0.07264258838716883,0.07264258838716883,0.04082926179943117,0.06827759220104863,0.12608695030212402,0.0618367338302488,0.04948912918567658,0.06797803291720382,0.07164348326251659,0.06651086747646331,0.07396928328994644,0.01234760464457222,0.005132615786053271,0.021444885756035908,-0.013785554987571313,0.006141299086955025,0.002325800027429857,nan,1.0,0.0,-0.6809999999999999,0.8368665648449242,1.434000015258789,1.0,0,1,1,0,-0.41576695442199707,0.18263407051563263,-0.1870411048192483,FOLLOW_MAIN,cascade_pd_tracking,planner_hold,inner_wheel_pd,lidar_disabled,FOLLOW_MAIN,COMMITTED,HOLD,1,1,1,1,1,1,1,1.2591521739959717,0.8517959117889404,0.4138524532318115,0.00013494491577148438,2.0962955951690674,1.6762337684631348,0.056719476000125724,0.02522424900007536
1784803362.6421816,85.21380138397217,-16.3,-0.016300000000000002,-16.3,-0.01636857559816224,-16.368575598162238,-0.01636857559816224,-16.368575598162238,-0.116,-0.1166087907563797,-0.1166087907563797,-0.0007008958449830029,-0.0036760846880664277,-0.012767488966566546,-2.8035833799320117e-05,-0.08395832934459338,-0.00010293037126585998,0.78,0.04,0.72,0.028,0.75,0.0667401085463827,0.0667401085463827,0.05700695430006034,0.0600463141517082,0.057999998331069946,0.07264258838716883,0.07264258838716883,0.04082926179943117,0.06827759220104863,0.12608695030212402,0.0618367338302488,0.04948912918567658,0.06797803291720382,0.07164348326251659,0.06651086747646331,0.07396928328994644,0.01234760464457222,0.005132615786053271,0.021444885756035908,-0.013785554987571313,0.006141299086955025,0.002325800027429857,nan,1.0,0.0,-0.6809999999999999,0.8368665648449242,1.434000015258789,1.0,0,1,1,0,-0.41576695442199707,0.18263407051563263,-0.1870411048192483,FOLLOW_MAIN,cascade_pd_tracking,planner_hold,inner_wheel_pd,lidar_disabled,FOLLOW_MAIN,COMMITTED,HOLD,1,1,1,1,1,1,1,1.6650705337524414,1.2577142715454102,0.8197705745697021,0.4060523509979248,0.0001049041748046875,2.08215069770813,0.056719476000125724,0.02522424900007536
1784803363.0341172,85.60573697090149,-16.3,-0.016300000000000002,-16.3,-0.01636857559816224,-16.368575598162238,-0.01636857559816224,-16.368575598162238,-0.116,-0.1166087907563797,-0.1166087907563797,-0.0007008958449830029,-0.0036760846880664277,-0.012767488966566546,-2.8035833799320117e-05,-0.08395832934459338,-0.00010293037126585998,0.78,0.04,0.72,0.028,0.75,0.0667401085463827,0.0667401085463827,0.05700695430006034,0.0600463141517082,0.057999998331069946,0.07264258838716883,0.07264258838716883,0.04082926179943117,0.06827759220104863,0.12608695030212402,0.0618367338302488,0.04948912918567658,0.06797803291720382,0.07164348326251659,0.06651086747646331,0.07396928328994644,0.01234760464457222,0.005132615786053271,0.021444885756035908,-0.013785554987571313,0.006141299086955025,0.002325800027429857,nan,1.0,0.0,-0.6809999999999999,0.8368665648449242,1.434000015258789,1.0,0,1,1,0,-0.41576695442199707,0.18263407051563263,-0.1870411048192483,FOLLOW_MAIN,cascade_pd_tracking,planner_hold,inner_wheel_pd,lidar_disabled,FOLLOW_MAIN,COMMITTED,HOLD,1,1,1,1,1,1,1,2.0570125579833984,1.6496562957763672,1.21171236038208,0.7979943752288818,0.3920474052429199,0.00011324882507324219,0.056719476000125724,0.02522424900007536
1784803363.4391713,86.01079106330872,-16.3,-0.016300000000000002,-16.3,-0.01636857559816224,-16.368575598162238,-0.01636857559816224,-16.368575598162238,-0.116,-0.1166087907563797,-0.1166087907563797,-0.0007008958449830029,-0.0036760846880664277,-0.012767488966566546,-2.8035833799320117e-05,-0.08395832934459338,-0.00010293037126585998,0.78,0.04,0.72,0.028,0.75,0.0667401085463827,0.0667401085463827,0.05700695430006034,0.0600463141517082,0.057999998331069946,0.07264258838716883,0.07264258838716883,0.04082926179943117,0.06827759220104863,0.12608695030212402,0.0618367338302488,0.04948912918567658,0.06797803291720382,0.07164348326251659,0.06651086747646331,0.07396928328994644,0.01234760464457222,0.005132615786053271,0.021444885756035908,-0.013785554987571313,0.006141299086955025,0.002325800027429857,nan,1.0,0.0,-0.6809999999999999,0.8368665648449242,1.434000015258789,1.0,0,1,1,0,-0.41576695442199707,0.18263407051563263,-0.1870411048192483,FOLLOW_MAIN,cascade_pd_tracking,planner_hold,inner_wheel_pd,lidar_disabled,FOLLOW_MAIN,COMMITTED,HOLD,1,1,1,1,1,1,1,7.915496826171875e-05,2.054708957672119,1.616765022277832,1.203047513961792,0.797100305557251,0.4051661491394043,0.056719476000125724,0.02522424900007536
1784803363.828114,86.39973378181458,-16.0,-0.016,-16.0,-0.016626140702679853,-16.62614070267985,-0.016626140702679853,-16.62614070267985,-0.113,-0.1182820063069146,-0.1182820063069146,0.0008668939362337072,0.006442883021357447,-0.012968389748090286,3.467575744934829e-05,-0.0851630445409785,0.00018040072459800851,0.78,0.04,0.72,0.028,0.75,0.065,0.065,0.06808571060874606,0.0600463141517082,0.02174999937415123,0.07343726835526608,0.07343726835526608,0.06754374958379783,0.06827759220104863,0.0,0.06004298438601954,0.02174999937415123,0.07981105416777326,0.06995701561398046,0.02174999937415123,0.08972236524800446,0.038292985011868313,0.04820701623982923,0.13874369760569183,0.22536064214961923,0.01976806978175371,0.025392974216614225,nan,1.0,0.0,2.072,0.757782196124676,1.3040000200271606,1.0,0,1,1,0,-0.268230676651001,0.17001023888587952,0.04483240407944374,FOLLOW_MAIN,cascade_pd_tracking,planner_hold,inner_wheel_pd,lidar_disabled,FOLLOW_MAIN,COMMITTED,HOLD,1,1,1,1,1,1,1,0.3890399932861328,9.72747802734375e-05,2.0057260990142822,1.592008113861084,1.1860606670379639,0.794126033782959,0.015026741999918158,0.021079553999697964
1784803364.230225,86.80184483528137,-16.0,-0.016,-16.0,-0.016626140702679853,-16.62614070267985,-0.016626140702679853,-16.62614070267985,-0.113,-0.1182820063069146,-0.1182820063069146,0.0008668939362337072,0.006442883021357447,-0.012968389748090286,3.467575744934829e-05,-0.0851630445409785,0.00018040072459800851,0.78,0.04,0.72,0.028,0.75,0.065,0.065,0.06808571060874606,0.0600463141517082,0.02174999937415123,0.07343726835526608,0.07343726835526608,0.06754374958379783,0.06827759220104863,0.0,0.06004298438601954,0.02174999937415123,0.07981105416777326,0.06995701561398046,0.02174999937415123,0.08972236524800446,0.038292985011868313,0.04820701623982923,0.13874369760569183,0.22536064214961923,0.01976806978175371,0.025392974216614225,nan,1.0,0.0,2.072,0.757782196124676,1.3040000200271606,1.0,0,1,1,0,-0.268230676651001,0.17001023888587952,0.04483240407944374,FOLLOW_MAIN,cascade_pd_tracking,planner_hold,inner_wheel_pd,lidar_disabled,FOLLOW_MAIN,COMMITTED,HOLD,1,1,1,1,1,1,1,0.7911267280578613,0.40218377113342285,6.651878356933594e-05,1.9940943717956543,1.5881471633911133,1.1962125301361084,0.015026741999918158,0.021079553999697964
1784803364.6388803,87.21050000190735,-16.0,-0.016,-16.0,-0.016626140702679853,-16.62614070267985,-0.016626140702679853,-16.62614070267985,-0.113,-0.1182820063069146,-0.1182820063069146,0.0008668939362337072,0.006442883021357447,-0.012968389748090286,3.467575744934829e-05,-0.0851630445409785,0.00018040072459800851,0.78,0.04,0.72,0.028,0.75,0.065,0.065,0.06808571060874606,0.07577844602993505,0.02174999937415123,0.07343726835526608,0.07343726835526608,0.06754374958379783,0.04483686722177838,0.0,0.06004298438601954,0.02174999937415123,0.07981105416777326,0.06995701561398046,0.02174999937415123,0.08972236524800446,0.038292985011868313,0.04820701623982923,0.13874369760569183,0.22536064214961923,0.01976806978175371,0.025392974216614225,nan,1.0,0.0,2.072,0.757782196124676,1.3040000200271606,1.0,0,1,1,0,-0.268230676651001,0.17001023888587952,0.04483240407944374,FOLLOW_MAIN,cascade_pd_tracking,planner_hold,inner_wheel_pd,lidar_disabled,FOLLOW_MAIN,COMMITTED,HOLD,1,1,1,1,1,1,1,1.199784755706787,0.8108417987823486,0.4087245464324951,7.271766662597656e-05,1.9968056678771973,1.6048710346221924,0.015026741999918158,0.021079553999697964
1784803365.042036,87.61365580558777,-16.0,-0.016,-16.0,-0.016626140702679853,-16.62614070267985,-0.016626140702679853,-16.62614070267985,-0.113,-0.1182820063069146,-0.1182820063069146,0.0008668939362337072,0.006442883021357447,-0.012968389748090286,3.467575744934829e-05,-0.0851630445409785,0.00018040072459800851,0.78,0.04,0.72,0.028,0.75,0.065,0.065,0.06808571060874606,0.07577844602993505,0.02174999937415123,0.07343726835526608,0.07343726835526608,0.06754374958379783,0.04483686722177838,0.0,0.06004298438601954,0.02174999937415123,0.07981105416777326,0.06995701561398046,0.02174999937415123,0.08972236524800446,0.038292985011868313,0.04820701623982923,0.13874369760569183,0.22536064214961923,0.01976806978175371,0.025392974216614225,nan,1.0,0.0,2.072,0.757782196124676,1.3040000200271606,1.0,0,1,1,0,-0.268230676651001,0.17001023888587952,0.04483240407944374,FOLLOW_MAIN,cascade_pd_tracking,planner_hold,inner_wheel_pd,lidar_disabled,FOLLOW_MAIN,COMMITTED,HOLD,1,1,1,1,1,1,1,1.6029491424560547,1.2140066623687744,0.8118898868560791,0.40323829650878906,9.822845458984375e-05,2.0080363750457764,0.015026741999918158,0.021079553999697964
1784803365.4698632,88.04148292541504,-16.0,-0.016,-16.0,-0.016626140702679853,-16.62614070267985,-0.016626140702679853,-16.62614070267985,-0.113,-0.1182820063069146,-0.1182820063069146,0.0008668939362337072,0.006442883021357447,-0.012968389748090286,3.467575744934829e-05,-0.0851630445409785,0.00018040072459800851,0.78,0.04,0.72,0.028,0.75,0.065,0.065,0.06808571060874606,0.07577844602993505,0.02174999937415123,0.07343726835526608,0.07343726835526608,0.06754374958379783,0.04483686722177838,0.0,0.06004298438601954,0.02174999937415123,0.07981105416777326,0.06995701561398046,0.02174999937415123,0.08972236524800446,0.038292985011868313,0.04820701623982923,0.13874369760569183,0.22536064214961923,0.01976806978175371,0.025392974216614225,nan,1.0,0.0,2.072,0.757782196124676,1.3040000200271606,1.0,0,1,1,0,-0.268230676651001,0.17001023888587952,0.04483240407944374,FOLLOW_MAIN,cascade_pd_tracking,planner_hold,inner_wheel_pd,lidar_disabled,FOLLOW_MAIN,COMMITTED,HOLD,1,1,1,1,1,1,1,2.030783176422119,1.641840934753418,1.2397239208221436,0.8310725688934326,0.4279327392578125,0.00010967254638671875,0.015026741999918158,0.021079553999697964
1784803365.8962178,88.46783757209778,-16.0,-0.016,-16.0,-0.016626140702679853,-16.62614070267985,-0.016626140702679853,-16.62614070267985,-0.113,-0.1182820063069146,-0.1182820063069146,0.0008668939362337072,0.006442883021357447,-0.012968389748090286,3.467575744934829e-05,-0.0851630445409785,0.00018040072459800851,0.78,0.04,0.72,0.028,0.75,0.065,0.065,0.06808571060874606,0.07577844602993505,0.02174999937415123,0.07343726835526608,0.07343726835526608,0.06754374958379783,0.04483686722177838,0.0,0.06004298438601954,0.02174999937415123,0.07981105416777326,0.06995701561398046,0.02174999937415123,0.08972236524800446,0.038292985011868313,0.04820701623982923,0.13874369760569183,0.22536064214961923,0.01976806978175371,0.025392974216614225,nan,1.0,0.0,2.072,0.757782196124676,1.3040000200271606,1.0,0,1,1,0,-0.268230676651001,0.17001023888587952,0.04483240407944374,FOLLOW_MAIN,cascade_pd_tracking,planner_hold,inner_wheel_pd,lidar_disabled,FOLLOW_MAIN,COMMITTED,HOLD,1,1,1,1,1,1,1,0.00010442733764648438,2.0682103633880615,1.666093111038208,1.257441520690918,0.8543014526367188,0.42647814750671387,0.015026741999918158,0.021079553999697964
1784803366.3048227,88.87644243240356,-19.400000000000002,-0.0194,-19.400000000000002,-0.015335283159198672,-15.33528315919867,-0.015335283159198672,-15.33528315919867,-0.138,-0.11131190968552539,-0.11131190968552539,-0.0002748443338795575,-0.002583503441115249,-0.011961520864174964,-1.0993773355182302e-05,-0.08014457497357827,-7.233809635122698e-05,0.78,0.04,0.72,0.028,0.75,0.06542000428909422,0.06542000428909422,0.07350466483990249,0.07577844602993505,0.0253749992698431,0.06914207078059473,0.06914207078059473,0.09351655543238484,0.04483686722177838,0.15760868787765503,0.06075291451140408,0.014736412838101386,0.08465203871297647,0.07008709406678437,0.03601358570158482,0.09837457673838076,0.04601650167330269,0.034073508365199554,0.05526271260613133,-0.05344479260220503,0.022640547929246607,0.015820836089273736,nan,1.0,0.0,1.0559999999999998,0.8203135334055701,1.1729999780654907,1.0,0,1,1,0,-0.14177677035331726,0.18304798007011414,0.19806019994760063,FOLLOW_MAIN,cascade_pd_tracking,planner_hold,inner_wheel_pd,lidar_disabled,FOLLOW_MAIN,COMMITTED,HOLD,1,1,1,1,1,1,1,0.4086742401123047,7.200241088867188e-05,2.074662685394287,1.666011095046997,1.2628710269927979,0.8350474834442139,0.012615291000201978,0.011748585000077583
1784803366.723724,89.29534363746643,-19.400000000000002,-0.0194,-19.400000000000002,-0.015335283159198672,-15.33528315919867,-0.015335283159198672,-15.33528315919867,-0.138,-0.11131190968552539,-0.11131190968552539,-0.0002748443338795575,-0.002583503441115249,-0.011961520864174964,-1.0993773355182302e-05,-0.08014457497357827,-7.233809635122698e-05,0.78,0.04,0.72,0.028,0.75,0.06542000428909422,0.06542000428909422,0.07350466483990249,0.07577844602993505,0.0253749992698431,0.06914207078059473,0.06914207078059473,0.09351655543238484,0.04483686722177838,0.15760868787765503,0.06075291451140408,0.014736412838101386,0.08465203871297647,0.07008709406678437,0.03601358570158482,0.09837457673838076,0.04601650167330269,0.034073508365199554,0.05526271260613133,-0.05344479260220503,0.022640547929246607,0.015820836089273736,nan,1.0,0.0,1.0559999999999998,0.8203135334055701,1.1729999780654907,1.0,0,1,1,0,-0.14177677035331726,0.18304798007011414,0.19806019994760063,FOLLOW_MAIN,cascade_pd_tracking,planner_hold,inner_wheel_pd,lidar_disabled,FOLLOW_MAIN,COMMITTED,HOLD,1,1,1,1,1,1,1,0.8276374340057373,0.4190363883972168,0.00016498565673828125,2.0849766731262207,1.681837797164917,1.2540154457092285,0.012615291000201978,0.011748585000077583
1784803367.1418035,89.71342325210571,-19.400000000000002,-0.0194,-19.400000000000002,-0.015335283159198672,-15.33528315919867,-0.015335283159198672,-15.33528315919867,-0.138,-0.11131190968552539,-0.11131190968552539,-0.0002748443338795575,-0.002583503441115249,-0.011961520864174964,-1.0993773355182302e-05,-0.08014457497357827,-7.233809635122698e-05,0.78,0.04,0.72,0.028,0.75,0.06542000428909422,0.06542000428909422,0.07350466483990249,0.06188055779783162,0.0253749992698431,0.06914207078059473,0.06914207078059473,0.09351655543238484,0.077914048467054,0.15760868787765503,0.06075291451140408,0.014736412838101386,0.08465203871297647,0.07008709406678437,0.03601358570158482,0.09837457673838076,0.04601650167330269,0.034073508365199554,0.05526271260613133,-0.05344479260220503,0.022640547929246607,0.015820836089273736,nan,1.0,0.0,1.0559999999999998,0.8203135334055701,1.1729999780654907,1.0,0,1,1,0,-0.14177677035331726,0.18304798007011414,0.19806019994760063,FOLLOW_MAIN,cascade_pd_tracking,planner_hold,inner_wheel_pd,lidar_disabled,FOLLOW_MAIN,COMMITTED,HOLD,1,1,1,1,1,1,1,1.2456579208374023,0.8370556831359863,0.4181835651397705,6.890296936035156e-05,2.0998544692993164,1.6720311641693115,0.012615291000201978,0.011748585000077583
1784803367.576622,90.14824175834656,-19.400000000000002,-0.0194,-19.400000000000002,-0.015335283159198672,-15.33528315919867,-0.015335283159198672,-15.33528315919867,-0.138,-0.11131190968552539,-0.11131190968552539,-0.0002748443338795575,-0.002583503441115249,-0.011961520864174964,-1.0993773355182302e-05,-0.08014457497357827,-7.233809635122698e-05,0.78,0.04,0.72,0.028,0.75,0.06542000428909422,0.06542000428909422,0.07350466483990249,0.06188055779783162,0.0253749992698431,0.06914207078059473,0.06914207078059473,0.09351655543238484,0.077914048467054,0.15760868787765503,0.06075291451140408,0.014736412838101386,0.08465203871297647,0.07008709406678437,0.03601358570158482,0.09837457673838076,0.04601650167330269,0.034073508365199554,0.05526271260613133,-0.05344479260220503,0.022640547929246607,0.015820836089273736,nan,1.0,0.0,1.0559999999999998,0.8203135334055701,1.1729999780654907,1.0,0,1,1,0,-0.14177677035331726,0.18304798007011414,0.19806019994760063,FOLLOW_MAIN,cascade_pd_tracking,planner_hold,inner_wheel_pd,lidar_disabled,FOLLOW_MAIN,COMMITTED,HOLD,1,1,1,1,1,1,1,1.68049955368042,1.271897792816162,0.8530259132385254,0.43491172790527344,0.00011420249938964844,2.1068739891052246,0.012615291000201978,0.011748585000077583
1784803367.9920323,90.56365203857422,-19.400000000000002,-0.0194,-19.400000000000002,-0.015335283159198672,-15.33528315919867,-0.015335283159198672,-15.33528315919867,-0.138,-0.11131190968552539,-0.11131190968552539,-0.0002748443338795575,-0.002583503441115249,-0.011961520864174964,-1.0993773355182302e-05,-0.08014457497357827,-7.233809635122698e-05,0.78,0.04,0.72,0.028,0.75,0.06542000428909422,0.06542000428909422,0.07350466483990249,0.06188055779783162,0.0253749992698431,0.06914207078059473,0.06914207078059473,0.09351655543238484,0.077914048467054,0.15760868787765503,0.06075291451140408,0.014736412838101386,0.08465203871297647,0.07008709406678437,0.03601358570158482,0.09837457673838076,0.04601650167330269,0.034073508365199554,0.05526271260613133,-0.05344479260220503,0.022640547929246607,0.015820836089273736,nan,1.0,0.0,1.0559999999999998,0.8203135334055701,1.1729999780654907,1.0,0,1,1,0,-0.14177677035331726,0.18304798007011414,0.19806019994760063,FOLLOW_MAIN,cascade_pd_tracking,planner_hold,inner_wheel_pd,lidar_disabled,FOLLOW_MAIN,COMMITTED,HOLD,1,1,1,1,1,1,1,2.095914125442505,1.6873118877410889,1.2684400081634521,0.850325345993042,0.4155280590057373,9.894371032714844e-05,0.012615291000201978,0.011748585000077583
1784803368.4326725,91.00429224967957,-19.400000000000002,-0.0194,-19.400000000000002,-0.015335283159198672,-15.33528315919867,-0.015335283159198672,-15.33528315919867,-0.138,-0.11131190968552539,-0.11131190968552539,-0.0002748443338795575,-0.002583503441115249,-0.011961520864174964,-1.0993773355182302e-05,-0.08014457497357827,-7.233809635122698e-05,0.78,0.04,0.72,0.028,0.75,0.06542000428909422,0.06542000428909422,0.07350466483990249,0.06188055779783162,0.0253749992698431,0.06914207078059473,0.06914207078059473,0.09351655543238484,0.077914048467054,0.15760868787765503,0.06075291451140408,0.014736412838101386,0.08465203871297647,0.07008709406678437,0.03601358570158482,0.09837457673838076,0.04601650167330269,0.034073508365199554,0.05526271260613133,-0.05344479260220503,0.022640547929246607,0.015820836089273736,nan,1.0,0.0,1.0559999999999998,0.8203135334055701,1.1729999780654907,1.0,0,1,1,0,-0.14177677035331726,0.18304798007011414,0.19806019994760063,FOLLOW_MAIN,cascade_pd_tracking,planner_hold,inner_wheel_pd,lidar_disabled,FOLLOW_MAIN,COMMITTED,HOLD,1,1,1,1,1,1,1,7.581710815429688e-05,2.1279284954071045,1.7090561389923096,1.2909417152404785,0.8561444282531738,0.4407155513763428,0.012615291000201978,0.011748585000077583
1784803368.8260696,91.39768934249878,-14.600000000000001,-0.014600000000000002,-14.600000000000001,-0.01548272153877223,-15.48272153877223,-0.01548272153877223,-15.48272153877223,-0.106,-0.11223333567646776,-0.11223333567646776,0.0013442212548981994,0.009784276235714753,-0.012076522800242339,5.376885019592797e-05,-0.08080800168705679,0.0002739597346000131,0.78,0.04,0.72,0.028,0.75,0.07019519117160411,0.0708966963500472,0.07388439071739115,0.06188055779783162,0.028999999165534973,0.06941759692687739,0.07557707432285372,0.12057422045696577,0.077914048467054,0.0,0.06579524383325457,0.028999999165534973,0.08313958831179852,0.07599814886683982,0.028999999165534973,0.10083254457450545,0.03679524466771959,0.04699814970130485,-0.031737296196145695,-0.022753556707085988,0.017344344478543945,0.02233157628955547,nan,1.0,0.0,-0.03451428670537323,0.8801904849103964,1.0609999895095825,1.0,0,1,1,0,-0.02444600872695446,0.2159772366285324,0.3476311573731221,FOLLOW_MAIN,cascade_pd_tracking,planner_hold,inner_wheel_pd,lidar_disabled,FOLLOW_MAIN,COMMITTED,HOLD,1,1,1,1,1,1,1,0.3934628963470459,6.890296936035156e-05,2.1024434566497803,1.6843290328979492,1.2495312690734863,0.8341023921966553,0.0015908380000837496,0.13462672800005748
1784803369.243861,91.81548070907593,-14.600000000000001,-0.014600000000000002,-14.600000000000001,-0.01548272153877223,-15.48272153877223,-0.01548272153877223,-15.48272153877223,-0.106,-0.11223333567646776,-0.11223333567646776,0.0013442212548981994,0.009784276235714753,-0.012076522800242339,5.376885019592797e-05,-0.08080800168705679,0.0002739597346000131,0.78,0.04,0.72,0.028,0.75,0.07019519117160411,0.0708966963500472,0.07388439071739115,0.06188055779783162,0.028999999165534973,0.06941759692687739,0.07557707432285372,0.12057422045696577,0.077914048467054,0.0,0.06579524383325457,0.028999999165534973,0.08313958831179852,0.07599814886683982,0.028999999165534973,0.10083254457450545,0.03679524466771959,0.04699814970130485,-0.031737296196145695,-0.022753556707085988,0.017344344478543945,0.02233157628955547,nan,1.0,0.0,-0.03451428670537323,0.8801904849103964,1.0609999895095825,1.0,0,1,1,0,-0.02444600872695446,0.2159772366285324,0.3476311573731221,FOLLOW_MAIN,cascade_pd_tracking,planner_hold,inner_wheel_pd,lidar_disabled,FOLLOW_MAIN,COMMITTED,HOLD,1,1,1,1,1,1,1,0.8112761974334717,0.41788220405578613,9.632110595703125e-05,2.102142810821533,1.6673457622528076,1.2519168853759766,0.0015908380000837496,0.13462672800005748
1784803371.9259484,94.49756813049316,-14.600000000000001,-0.014600000000000002,-14.600000000000001,-0.01548272153877223,-15.48272153877223,-0.01548272153877223,-15.48272153877223,-0.106,-0.11223333567646776,-0.11223333567646776,0.0013442212548981994,0.009784276235714753,-0.012076522800242339,5.376885019592797e-05,-0.08080800168705679,0.0002739597346000131,0.78,0.04,0.72,0.028,0.75,0.07019519117160411,0.0708966963500472,0.07388439071739115,0.08182299759516368,0.028999999165534973,0.06941759692687739,0.07557707432285372,0.12057422045696577,0.08037194289340106,0.0,0.06579524383325457,0.028999999165534973,0.08313958831179852,0.07599814886683982,0.028999999165534973,0.10083254457450545,0.03679524466771959,0.04699814970130485,-0.031737296196145695,-0.022753556707085988,0.017344344478543945,0.02233157628955547,nan,1.0,0.0,-0.03451428670537323,0.8801904849103964,1.0609999895095825,1.0,0,1,1,0,-0.02444600872695446,0.2159772366285324,0.3476311573731221,FOLLOW_MAIN,cascade_pd_tracking,planner_hold,inner_wheel_pd,lidar_disabled,FOLLOW_MAIN,COMMITTED,HOLD,1,1,1,1,1,1,1,3.493366241455078,3.0999722480773926,2.6821861267089844,0.00011277198791503906,4.349435567855835,3.934006690979004,0.0015908380000837496,0.13462672800005748
1784803372.305148,94.87676763534546,-14.600000000000001,-0.014600000000000002,-14.600000000000001,-0.01548272153877223,-15.48272153877223,-0.01548272153877223,-15.48272153877223,-0.106,-0.11223333567646776,-0.11223333567646776,0.0013442212548981994,0.009784276235714753,-0.012076522800242339,5.376885019592797e-05,-0.08080800168705679,0.0002739597346000131,0.78,0.04,0.72,0.028,0.75,0.07019519117160411,0.0708966963500472,0.07388439071739115,0.08182299759516368,0.028999999165534973,0.06941759692687739,0.07557707432285372,0.12057422045696577,0.08037194289340106,0.0,0.06579524383325457,0.028999999165534973,0.08313958831179852,0.07599814886683982,0.028999999165534973,0.10083254457450545,0.03679524466771959,0.04699814970130485,-0.031737296196145695,-0.022753556707085988,0.017344344478543945,0.02233157628955547,nan,1.0,0.0,-0.03451428670537323,0.8801904849103964,1.0609999895095825,1.0,0,1,1,0,-0.02444600872695446,0.2159772366285324,0.3476311573731221,FOLLOW_MAIN,cascade_pd_tracking,planner_hold,inner_wheel_pd,lidar_disabled,FOLLOW_MAIN,COMMITTED,HOLD,1,1,1,1,1,1,1,3.8725554943084717,3.479161500930786,3.061375379562378,0.3793017864227295,9.274482727050781e-05,4.313195705413818,0.0015908380000837496,0.13462672800005748
1784803372.712053,95.28367280960083,-14.600000000000001,-0.014600000000000002,-14.600000000000001,-0.01548272153877223,-15.48272153877223,-0.01548272153877223,-15.48272153877223,-0.106,-0.11223333567646776,-0.11223333567646776,0.0013442212548981994,0.009784276235714753,-0.012076522800242339,5.376885019592797e-05,-0.08080800168705679,0.0002739597346000131,0.78,0.04,0.72,0.028,0.75,0.07019519117160411,0.0708966963500472,0.07388439071739115,0.08182299759516368,0.028999999165534973,0.06941759692687739,0.07557707432285372,0.12057422045696577,0.08037194289340106,0.0,0.06579524383325457,0.028999999165534973,0.08313958831179852,0.07599814886683982,0.028999999165534973,0.10083254457450545,0.03679524466771959,0.04699814970130485,-0.031737296196145695,-0.022753556707085988,0.017344344478543945,0.02233157628955547,nan,1.0,0.0,-0.03451428670537323,0.8801904849103964,1.0609999895095825,1.0,0,1,1,0,-0.02444600872695446,0.2159772366285324,0.3476311573731221,FOLLOW_MAIN,cascade_pd_tracking,planner_hold,inner_wheel_pd,lidar_disabled,FOLLOW_MAIN,COMMITTED,HOLD,1,1,1,1,1,1,1,4.279449701309204,3.8860557079315186,3.4682693481445312,0.7861957550048828,0.4069862365722656,6.628036499023438e-05,0.0015908380000837496,0.13462672800005748
1784803373.1097934,95.68141317367554,-14.600000000000001,-0.014600000000000002,-14.600000000000001,-0.01548272153877223,-15.48272153877223,-0.01548272153877223,-15.48272153877223,-0.106,-0.11223333567646776,-0.11223333567646776,0.0013442212548981994,0.009784276235714753,-0.012076522800242339,5.376885019592797e-05,-0.08080800168705679,0.0002739597346000131,0.78,0.04,0.72,0.028,0.75,0.07019519117160411,0.0708966963500472,0.07388439071739115,0.08182299759516368,0.028999999165534973,0.06941759692687739,0.07557707432285372,0.12057422045696577,0.08037194289340106,0.0,0.06579524383325457,0.028999999165534973,0.08313958831179852,0.07599814886683982,0.028999999165534973,0.10083254457450545,0.03679524466771959,0.04699814970130485,-0.031737296196145695,-0.022753556707085988,0.017344344478543945,0.02233157628955547,nan,1.0,0.0,-0.03451428670537323,0.8801904849103964,1.0609999895095825,1.0,0,1,1,0,-0.02444600872695446,0.2159772366285324,0.3476311573731221,FOLLOW_MAIN,cascade_pd_tracking,planner_hold,inner_wheel_pd,lidar_disabled,FOLLOW_MAIN,COMMITTED,HOLD,1,1,1,1,1,1,1,6.413459777832031e-05,4.2837975025177,3.866011142730713,1.1839377880096436,0.8047280311584473,0.397808313369751,0.0015908380000837496,0.13462672800005748
1784803373.4913676,96.06298732757568,-4.3,-0.0043,-4.3,-0.006489240342288255,-6.489240342288255,0.0,0.0,-0.031,-0.04669747915098513,-0.04669747915098513,0.002686014604166445,0.03448799201386071,0.0,0.00010744058416665781,-0.03362218498870929,0.0009656637763881,0.78,0.04,0.72,0.028,0.75,0.07345311146702538,0.07345311146702538,0.08598978409378555,0.08182299759516368,0.0036249998956918716,0.024411810471115895,0.024411810471115895,0.008670798468658423,0.08037194289340106,0.031521737575531006,0.07180531426022506,0.0014972826093435287,0.10642110848302992,0.0751009086738257,0.005752717182040215,0.1076934539104961,0.07030803165088154,0.06934819149178548,0.23939056118756033,0.2643844473906657,0.036141760804298734,0.03593097638996368,nan,1.0,0.0,-0.541241043523996,0.9210421500567446,4.263999938964844,1.0,0,1,1,0,0.22997359931468964,0.3618217706680298,0.6884743424993222,FOLLOW_MAIN,cascade_pd_tracking,planner_hold,inner_wheel_pd,lidar_disabled,FOLLOW_MAIN,COMMITTED,HOLD,1,1,1,1,1,1,1,0.381633996963501,7.05718994140625e-05,4.247581243515015,1.5655078887939453,1.1862983703613281,0.7793784141540527,0.03565821900019728,0.0476516570001877
1784803373.9125757,96.48419547080994,-4.3,-0.0043,-4.3,-0.006489240342288255,-6.489240342288255,0.0,0.0,-0.031,-0.04669747915098513,-0.04669747915098513,0.002686014604166445,0.03448799201386071,0.0,0.00010744058416665781,-0.03362218498870929,0.0009656637763881,0.78,0.04,0.72,0.028,0.75,0.07345311146702538,0.07345311146702538,0.08598978409378555,0.08182299759516368,0.0036249998956918716,0.024411810471115895,0.024411810471115895,0.008670798468658423,0.08037194289340106,0.031521737575531006,0.07180531426022506,0.0014972826093435287,0.10642110848302992,0.0751009086738257,0.005752717182040215,0.1076934539104961,0.07030803165088154,0.06934819149178548,0.23939056118756033,0.2643844473906657,0.036141760804298734,0.03593097638996368,nan,1.0,0.0,-0.541241043523996,0.9210421500567446,4.263999938964844,1.0,0,1,1,0,0.22997359931468964,0.3618217706680298,0.6884743424993222,FOLLOW_MAIN,cascade_pd_tracking,planner_hold,inner_wheel_pd,lidar_disabled,FOLLOW_MAIN,COMMITTED,HOLD,1,1,1,1,1,1,1,0.802844762802124,0.4212813377380371,6.532669067382812e-05,1.9867184162139893,1.607508897781372,1.2005889415740967,0.03565821900019728,0.0476516570001877
1784803374.305108,96.87672781944275,-4.3,-0.0043,-4.3,-0.006489240342288255,-6.489240342288255,0.0,0.0,-0.031,-0.04669747915098513,-0.04669747915098513,0.002686014604166445,0.03448799201386071,0.0,0.00010744058416665781,-0.03362218498870929,0.0009656637763881,0.78,0.04,0.72,0.028,0.75,0.07345311146702538,0.07345311146702538,0.08598978409378555,0.09183038916054702,0.0036249998956918716,0.024411810471115895,0.024411810471115895,0.008670798468658423,0.06026203902807679,0.031521737575531006,0.07180531426022506,0.0014972826093435287,0.10642110848302992,0.0751009086738257,0.005752717182040215,0.1076934539104961,0.07030803165088154,0.06934819149178548,0.23939056118756033,0.2643844473906657,0.036141760804298734,0.03593097638996368,nan,1.0,0.0,-0.541241043523996,0.9210421500567446,4.263999938964844,1.0,0,1,1,0,0.22997359931468964,0.3618217706680298,0.6884743424993222,FOLLOW_MAIN,cascade_pd_tracking,planner_hold,inner_wheel_pd,lidar_disabled,FOLLOW_MAIN,COMMITTED,HOLD,1,1,1,1,1,1,1,1.1954071521759033,0.8138442039489746,0.39262843132019043,0.00010538101196289062,2.000072717666626,1.5931527614593506,0.03565821900019728,0.0476516570001877
1784803374.7173817,97.28900146484375,-4.3,-0.0043,-4.3,-0.006489240342288255,-6.489240342288255,0.0,0.0,-0.031,-0.04669747915098513,-0.04669747915098513,0.002686014604166445,0.03448799201386071,0.0,0.00010744058416665781,-0.03362218498870929,0.0009656637763881,0.78,0.04,0.72,0.028,0.75,0.07345311146702538,0.07345311146702538,0.08598978409378555,0.09183038916054702,0.0036249998956918716,0.024411810471115895,0.024411810471115895,0.008670798468658423,0.06026203902807679,0.031521737575531006,0.07180531426022506,0.0014972826093435287,0.10642110848302992,0.0751009086738257,0.005752717182040215,0.1076934539104961,0.07030803165088154,0.06934819149178548,0.23939056118756033,0.2643844473906657,0.036141760804298734,0.03593097638996368,nan,1.0,0.0,-0.541241043523996,0.9210421500567446,4.263999938964844,1.0,0,1,1,0,0.22997359931468964,0.3618217706680298,0.6884743424993222,FOLLOW_MAIN,cascade_pd_tracking,planner_hold,inner_wheel_pd,lidar_disabled,FOLLOW_MAIN,COMMITTED,HOLD,1,1,1,1,1,1,1,1.6076669692993164,1.2261040210723877,0.8048882484436035,0.4123649597167969,8.7738037109375e-05,2.0054123401641846,0.03565821900019728,0.0476516570001877
1784803375.107876,97.6794958114624,-4.3,-0.0043,-4.3,-0.006489240342288255,-6.489240342288255,0.0,0.0,-0.031,-0.04669747915098513,-0.04669747915098513,0.002686014604166445,0.03448799201386071,0.0,0.00010744058416665781,-0.03362218498870929,0.0009656637763881,0.78,0.04,0.72,0.028,0.75,0.07345311146702538,0.07345311146702538,0.08598978409378555,0.09183038916054702,0.0036249998956918716,0.024411810471115895,0.024411810471115895,0.008670798468658423,0.06026203902807679,0.031521737575531006,0.07180531426022506,0.0014972826093435287,0.10642110848302992,0.0751009086738257,0.005752717182040215,0.1076934539104961,0.07030803165088154,0.06934819149178548,0.23939056118756033,0.2643844473906657,0.036141760804298734,0.03593097638996368,nan,1.0,0.0,-0.541241043523996,0.9210421500567446,4.263999938964844,1.0,0,1,1,0,0.22997359931468964,0.3618217706680298,0.6884743424993222,FOLLOW_MAIN,cascade_pd_tracking,planner_hold,inner_wheel_pd,lidar_disabled,FOLLOW_MAIN,COMMITTED,HOLD,1,1,1,1,1,1,1,1.9981484413146973,1.6165852546691895,1.1953692436218262,0.8028459548950195,0.39056849479675293,7.605552673339844e-05,0.03565821900019728,0.0476516570001877
1784803375.5096416,98.08126139640808,-4.3,-0.0043,-4.3,-0.006489240342288255,-6.489240342288255,0.0,0.0,-0.031,-0.04669747915098513,-0.04669747915098513,0.002686014604166445,0.03448799201386071,0.0,0.00010744058416665781,-0.03362218498870929,0.0009656637763881,0.78,0.04,0.72,0.028,0.75,0.07345311146702538,0.07345311146702538,0.08598978409378555,0.09183038916054702,0.0036249998956918716,0.024411810471115895,0.024411810471115895,0.008670798468658423,0.06026203902807679,0.031521737575531006,0.07180531426022506,0.0014972826093435287,0.10642110848302992,0.0751009086738257,0.005752717182040215,0.1076934539104961,0.07030803165088154,0.06934819149178548,0.23939056118756033,0.2643844473906657,0.036141760804298734,0.03593097638996368,nan,1.0,0.0,-0.541241043523996,0.9210421500567446,4.263999938964844,1.0,0,1,1,0,0.22997359931468964,0.3618217706680298,0.6884743424993222,FOLLOW_MAIN,cascade_pd_tracking,planner_hold,inner_wheel_pd,lidar_disabled,FOLLOW_MAIN,COMMITTED,HOLD,1,1,1,1,1,1,1,6.628036499023438e-05,2.018347978591919,1.5971322059631348,1.2046089172363281,0.7923312187194824,0.4018385410308838,0.03565821900019728,0.0476516570001877
1784803375.9441943,98.51581406593323,6.1000000000000005,0.0061,6.1000000000000005,0.004290244913524389,4.290244913524389,0.0,0.0,0.044,0.030827405030391178,0.030827405030391178,3.1606260435860955e-05,0.03463357515813312,0.0,1.2642504174344383e-06,0.022195731621881647,0.0009697401044277273,0.78,0.04,0.72,0.028,0.75,0.0700035556817469,0.0700035556817469,0.05369971578806316,0.09183038916054702,0.07249999791383743,-0.017375051982545107,-0.017375051982545107,-0.04366883913768003,0.06026203902807679,0.0630434900522232,0.0711763716905687,0.06824456233531237,0.07006010989721842,0.0688307396729251,0.0767554334923625,0.06365218241505885,0.0,-0.00792469381943739,-0.11162617933502869,-0.13747042245363117,-0.0011162617933502868,-0.005178557257866258,nan,1.0,0.0,1.443781009617733,0.8777875320595224,4.104000091552734,1.0,0,1,1,0,0.35881221294403076,0.47360488772392273,0.7291685860980797,FOLLOW_MAIN,cascade_pd_tracking,planner_hold,inner_wheel_pd,lidar_disabled,FOLLOW_MAIN,COMMITTED,HOLD,1,1,1,1,1,1,1,0.43462300300598145,8.320808410644531e-05,2.031688928604126,1.6391656398773193,1.226888656616211,0.8363957405090332,0.07078799300006722,0.051825038000060886
1784803376.3687701,98.94038987159729,6.1000000000000005,0.0061,6.1000000000000005,0.004290244913524389,4.290244913524389,0.0,0.0,0.044,0.030827405030391178,0.030827405030391178,3.1606260435860955e-05,0.03463357515813312,0.0,1.2642504174344383e-06,0.022195731621881647,0.0009697401044277273,0.78,0.04,0.72,0.028,0.75,0.0700035556817469,0.0700035556817469,0.05369971578806316,0.09183038916054702,0.07249999791383743,-0.017375051982545107,-0.017375051982545107,-0.04366883913768003,0.06026203902807679,0.0630434900522232,0.0711763716905687,0.06824456233531237,0.07006010989721842,0.0688307396729251,0.0767554334923625,0.06365218241505885,0.0,-0.00792469381943739,-0.11162617933502869,-0.13747042245363117,-0.0011162617933502868,-0.005178557257866258,nan,1.0,0.0,1.443781009617733,0.8777875320595224,4.104000091552734,1.0,0,1,1,0,0.35881221294403076,0.47360488772392273,0.7291685860980797,FOLLOW_MAIN,cascade_pd_tracking,planner_hold,inner_wheel_pd,lidar_disabled,FOLLOW_MAIN,COMMITTED,HOLD,1,1,1,1,1,1,1,0.8591959476470947,0.4246561527252197,6.771087646484375e-05,2.0637383460998535,1.651460886001587,1.2609684467315674,0.07078799300006722,0.051825038000060886
1784803376.787975,99.35959482192993,6.1000000000000005,0.0061,6.1000000000000005,0.004290244913524389,4.290244913524389,0.0,0.0,0.044,0.030827405030391178,0.030827405030391178,3.1606260435860955e-05,0.03463357515813312,0.0,1.2642504174344383e-06,0.022195731621881647,0.0009697401044277273,0.78,0.04,0.72,0.028,0.75,0.0700035556817469,0.0700035556817469,0.05369971578806316,0.06296113472376193,0.07249999791383743,-0.017375051982545107,-0.017375051982545107,-0.04366883913768003,-0.07132091678225116,0.0630434900522232,0.0711763716905687,0.06824456233531237,0.07006010989721842,0.0688307396729251,0.0767554334923625,0.06365218241505885,0.0,-0.00792469381943739,-0.11162617933502869,-0.13747042245363117,-0.0011162617933502868,-0.005178557257866258,nan,1.0,0.0,1.443781009617733,0.8777875320595224,4.104000091552734,1.0,0,1,1,0,0.35881221294403076,0.47360488772392273,0.7291685860980797,FOLLOW_MAIN,cascade_pd_tracking,planner_hold,inner_wheel_pd,lidar_disabled,FOLLOW_MAIN,COMMITTED,HOLD,1,1,1,1,1,1,1,1.2784059047698975,0.8438661098480225,0.4192776679992676,7.700920104980469e-05,2.0706710815429688,1.6801784038543701,0.07078799300006722,0.051825038000060886
1784803377.20482,99.77643966674805,6.1000000000000005,0.0061,6.1000000000000005,0.004290244913524389,4.290244913524389,0.0,0.0,0.044,0.030827405030391178,0.030827405030391178,3.1606260435860955e-05,0.03463357515813312,0.0,1.2642504174344383e-06,0.022195731621881647,0.0009697401044277273,0.78,0.04,0.72,0.028,0.75,0.0700035556817469,0.0700035556817469,0.05369971578806316,0.06296113472376193,0.07249999791383743,-0.017375051982545107,-0.017375051982545107,-0.04366883913768003,-0.07132091678225116,0.0630434900522232,0.0711763716905687,0.06824456233531237,0.07006010989721842,0.0688307396729251,0.0767554334923625,0.06365218241505885,0.0,-0.00792469381943739,-0.11162617933502869,-0.13747042245363117,-0.0011162617933502868,-0.005178557257866258,nan,1.0,0.0,1.443781009617733,0.8777875320595224,4.104000091552734,1.0,0,1,1,0,0.35881221294403076,0.47360488772392273,0.7291685860980797,FOLLOW_MAIN,cascade_pd_tracking,planner_hold,inner_wheel_pd,lidar_disabled,FOLLOW_MAIN,COMMITTED,HOLD,1,1,1,1,1,1,1,1.695255994796753,1.260716438293457,0.8361284732818604,0.4169275760650635,9.202957153320312e-05,2.097028970718384,0.07078799300006722,0.051825038000060886
1784803377.6125846,100.18420433998108,6.1000000000000005,0.0061,6.1000000000000005,0.004290244913524389,4.290244913524389,0.0,0.0,0.044,0.030827405030391178,0.030827405030391178,3.1606260435860955e-05,0.03463357515813312,0.0,1.2642504174344383e-06,0.022195731621881647,0.0009697401044277273,0.78,0.04,0.72,0.028,0.75,0.0700035556817469,0.0700035556817469,0.05369971578806316,0.06296113472376193,0.07249999791383743,-0.017375051982545107,-0.017375051982545107,-0.04366883913768003,-0.07132091678225116,0.0630434900522232,0.0711763716905687,0.06824456233531237,0.07006010989721842,0.0688307396729251,0.0767554334923625,0.06365218241505885,0.0,-0.00792469381943739,-0.11162617933502869,-0.13747042245363117,-0.0011162617933502868,-0.005178557257866258,nan,1.0,0.0,1.443781009617733,0.8777875320595224,4.104000091552734,1.0,0,1,1,0,0.35881221294403076,0.47360488772392273,0.7291685860980797,FOLLOW_MAIN,cascade_pd_tracking,planner_hold,inner_wheel_pd,lidar_disabled,FOLLOW_MAIN,COMMITTED,HOLD,1,1,1,1,1,1,1,2.103040933609009,1.668501377105713,1.243912935256958,0.8247122764587402,0.40787649154663086,0.00010776519775390625,0.07078799300006722,0.051825038000060886
1784803378.0135953,100.58521509170532,6.1000000000000005,0.0061,6.1000000000000005,0.004290244913524389,4.290244913524389,0.0,0.0,0.044,0.030827405030391178,0.030827405030391178,3.1606260435860955e-05,0.03463357515813312,0.0,1.2642504174344383e-06,0.022195731621881647,0.0009697401044277273,0.78,0.04,0.72,0.028,0.75,0.0700035556817469,0.0700035556817469,0.05369971578806316,0.06296113472376193,0.07249999791383743,-0.017375051982545107,-0.017375051982545107,-0.04366883913768003,-0.07132091678225116,0.0630434900522232,0.0711763716905687,0.06824456233531237,0.07006010989721842,0.0688307396729251,0.0767554334923625,0.06365218241505885,0.0,-0.00792469381943739,-0.11162617933502869,-0.13747042245363117,-0.0011162617933502868,-0.005178557257866258,nan,1.0,0.0,1.443781009617733,0.8777875320595224,4.104000091552734,1.0,0,1,1,0,0.35881221294403076,0.47360488772392273,0.7291685860980797,FOLLOW_MAIN,cascade_pd_tracking,planner_hold,inner_wheel_pd,lidar_disabled,FOLLOW_MAIN,COMMITTED,HOLD,1,1,1,1,1,1,1,8.535385131835938e-05,2.069490432739258,1.644902229309082,1.2257020473480225,0.8088662624359131,0.40109777450561523,0.07078799300006722,0.051825038000060886
1784803378.4114685,100.98308825492859,3.5,0.0035,3.5,0.007624564219370895,7.624564219370895,0.0,0.0,0.025,0.05442135388662259,0.05442135388662259,-0.013514349585124071,-0.06800050069646534,0.0,-0.0005405739834049629,0.03918337479836826,-0.0019040140195010294,0.78,0.04,0.72,0.028,1.0,0.13513198253024905,0.13513198253024905,0.11960173414603835,0.06296113472376193,0.1014999970793724,-0.03673878679546227,-0.03673878679546227,-0.06539849047543965,-0.07132091678225116,0.0,0.13761185063894277,0.1014999970793724,0.15370241782387448,0.13265211442155533,0.1014999970793724,0.14410590019976105,0.03611185355957036,0.031152117342182928,0.13334987208440263,0.13654862141298374,0.0186671884294378,0.016318502538377643,nan,1.0,0.0,-0.26830724292226754,0.9319447071051659,3.934999942779541,1.0,0,1,1,0,0.5065708756446838,0.6021692752838135,0.6987811606627241,FOLLOW_MAIN,cascade_pd_tracking,follow_main,inner_wheel_pd,lidar_disabled,FOLLOW_MAIN,COMMITTED,UNKNOWN,1,2,1,1,1,1,2,0.397946834564209,7.271766662597656e-05,2.0427634716033936,1.6235625743865967,1.2067272663116455,0.7989585399627686,0.054407525999977224,0.016518967999672896
1784803378.8253691,101.39698886871338,3.5,0.0035,3.5,0.007624564219370895,7.624564219370895,0.0,0.0,0.025,0.05442135388662259,0.05442135388662259,-0.013514349585124071,-0.06800050069646534,0.0,-0.0005405739834049629,0.03918337479836826,-0.0019040140195010294,0.78,0.04,0.72,0.028,1.0,0.13513198253024905,0.13513198253024905,0.11960173414603835,0.06296113472376193,0.1014999970793724,-0.03673878679546227,-0.03673878679546227,-0.06539849047543965,-0.07132091678225116,0.0,0.13761185063894277,0.1014999970793724,0.15370241782387448,0.13265211442155533,0.1014999970793724,0.14410590019976105,0.03611185355957036,0.031152117342182928,0.13334987208440263,0.13654862141298374,0.0186671884294378,0.016318502538377643,nan,1.0,0.0,-0.26830724292226754,0.9319447071051659,3.934999942779541,1.0,0,1,1,0,0.5065708756446838,0.6021692752838135,0.6987811606627241,FOLLOW_MAIN,cascade_pd_tracking,follow_main,inner_wheel_pd,lidar_disabled,FOLLOW_MAIN,COMMITTED,UNKNOWN,1,2,1,1,1,1,2,0.8119156360626221,0.41404128074645996,0.0001442432403564453,2.037531614303589,1.6206963062286377,1.2129275798797607,0.054407525999977224,0.016518967999672896
1784803379.2482753,101.819895029068,3.5,0.0035,3.5,0.007624564219370895,7.624564219370895,0.0,0.0,0.025,0.05442135388662259,0.05442135388662259,-0.013514349585124071,-0.06800050069646534,0.0,-0.0005405739834049629,0.03918337479836826,-0.0019040140195010294,0.78,0.04,0.72,0.028,1.0,0.13513198253024905,0.13513198253024905,0.11960173414603835,0.11864039334740833,0.1014999970793724,-0.03673878679546227,-0.03673878679546227,-0.06539849047543965,-0.0011112278355946065,0.0,0.13761185063894277,0.1014999970793724,0.15370241782387448,0.13265211442155533,0.1014999970793724,0.14410590019976105,0.03611185355957036,0.031152117342182928,0.13334987208440263,0.13654862141298374,0.0186671884294378,0.016318502538377643,nan,1.0,0.0,-0.26830724292226754,0.9319447071051659,3.934999942779541,1.0,0,1,1,0,0.5065708756446838,0.6021692752838135,0.6987811606627241,FOLLOW_MAIN,cascade_pd_tracking,follow_main,inner_wheel_pd,lidar_disabled,FOLLOW_MAIN,COMMITTED,UNKNOWN,1,2,1,1,1,1,2,1.2347543239593506,0.8368802070617676,0.42298293113708496,6.437301635742188e-05,2.043534517288208,1.6357660293579102,0.054407525999977224,0.016518967999672896
1784803379.6412828,102.21290254592896,3.5,0.0035,3.5,0.007624564219370895,7.624564219370895,0.0,0.0,0.025,0.05442135388662259,0.05442135388662259,-0.013514349585124071,-0.06800050069646534,0.0,-0.0005405739834049629,0.03918337479836826,-0.0019040140195010294,0.78,0.04,0.72,0.028,1.0,0.13513198253024905,0.13513198253024905,0.11960173414603835,0.11864039334740833,0.1014999970793724,-0.03673878679546227,-0.03673878679546227,-0.06539849047543965,-0.0011112278355946065,0.0,0.13761185063894277,0.1014999970793724,0.15370241782387448,0.13265211442155533,0.1014999970793724,0.14410590019976105,0.03611185355957036,0.031152117342182928,0.13334987208440263,0.13654862141298374,0.0186671884294378,0.016318502538377643,nan,1.0,0.0,-0.26830724292226754,0.9319447071051659,3.934999942779541,1.0,0,1,1,0,0.5065708756446838,0.6021692752838135,0.6987811606627241,FOLLOW_MAIN,cascade_pd_tracking,follow_main,inner_wheel_pd,lidar_disabled,FOLLOW_MAIN,COMMITTED,UNKNOWN,1,2,1,1,1,1,2,1.6277670860290527,1.2298927307128906,0.8159959316253662,0.39307737350463867,7.915496826171875e-05,2.0287787914276123,0.054407525999977224,0.016518967999672896
1784803380.0571096,102.6287293434143,3.5,0.0035,3.5,0.007624564219370895,7.624564219370895,0.0,0.0,0.025,0.05442135388662259,0.05442135388662259,-0.013514349585124071,-0.06800050069646534,0.0,-0.0005405739834049629,0.03918337479836826,-0.0019040140195010294,0.78,0.04,0.72,0.028,1.0,0.13513198253024905,0.13513198253024905,0.11960173414603835,0.11864039334740833,0.1014999970793724,-0.03673878679546227,-0.03673878679546227,-0.06539849047543965,-0.0011112278355946065,0.0,0.13761185063894277,0.1014999970793724,0.15370241782387448,0.13265211442155533,0.1014999970793724,0.14410590019976105,0.03611185355957036,0.031152117342182928,0.13334987208440263,0.13654862141298374,0.0186671884294378,0.016318502538377643,nan,1.0,0.0,-0.26830724292226754,0.9319447071051659,3.934999942779541,1.0,0,1,1,0,0.5065708756446838,0.6021692752838135,0.6987811606627241,FOLLOW_MAIN,cascade_pd_tracking,follow_main,inner_wheel_pd,lidar_disabled,FOLLOW_MAIN,COMMITTED,UNKNOWN,1,2,1,1,1,1,2,2.0435950756073,1.6457207202911377,1.2318236827850342,0.8089053630828857,0.4159071445465088,8.082389831542969e-05,0.054407525999977224,0.016518967999672896
1784803380.4509177,103.02253746986389,3.5,0.0035,3.5,0.007624564219370895,7.624564219370895,0.0,0.0,0.025,0.05442135388662259,0.05442135388662259,-0.013514349585124071,-0.06800050069646534,0.0,-0.0005405739834049629,0.03918337479836826,-0.0019040140195010294,0.78,0.04,0.72,0.028,1.0,0.13513198253024905,0.13513198253024905,0.11960173414603835,0.11864039334740833,0.1014999970793724,-0.03673878679546227,-0.03673878679546227,-0.06539849047543965,-0.0011112278355946065,0.0,0.13761185063894277,0.1014999970793724,0.15370241782387448,0.13265211442155533,0.1014999970793724,0.14410590019976105,0.03611185355957036,0.031152117342182928,0.13334987208440263,0.13654862141298374,0.0186671884294378,0.016318502538377643,nan,1.0,0.0,-0.26830724292226754,0.9319447071051659,3.934999942779541,1.0,0,1,1,0,0.5065708756446838,0.6021692752838135,0.6987811606627241,FOLLOW_MAIN,cascade_pd_tracking,follow_main,inner_wheel_pd,lidar_disabled,FOLLOW_MAIN,COMMITTED,UNKNOWN,1,2,1,1,1,1,2,6.723403930664062e-05,2.039525032043457,1.6256279945373535,1.202709674835205,0.8097400665283203,0.39391422271728516,0.054407525999977224,0.016518967999672896
1784803380.8723047,103.44392442703247,0.5,0.0005,0.5,0.0005625127363969619,0.5625127363969619,0.0,0.0,0.004,0.004137908544221701,0.0,-0.00013676136513409814,-0.003028419714093674,0.0,-5.470454605363926e-06,0.0,-8.479575199462288e-05,0.78,0.04,0.72,0.028,1.0,0.14301106986008524,0.14301106986008524,0.12084556005819061,0.11864039334740833,0.12687499821186066,0.0,0.0,0.014803659411152453,-0.0011112278355946065,-0.0315217524766922,0.14301106986008524,0.12900271650403738,0.14936658421782473,0.14301106986008524,0.12474727991968393,0.15153886032706992,0.014008353356047859,0.018263789940401315,-0.03684952531634758,-0.023882870440796126,0.006355514357739496,0.00852779046698467,nan,1.0,0.0,-0.19731005068290516,0.986283240414381,3.6610000133514404,1.0,0,1,1,0,0.7392699718475342,0.7742395997047424,0.605980559109365,FOLLOW_MAIN,cascade_pd_tracking,follow_main,inner_wheel_pd,lidar_disabled,FOLLOW_MAIN,COMMITTED,UNKNOWN,1,2,1,1,1,1,2,0.4214489459991455,6.890296936035156e-05,2.0470094680786133,1.6240909099578857,1.231092929840088,0.8152666091918945,0.008645466999951168,0.07590019200006282
1784803381.2707632,103.84238290786743,0.5,0.0005,0.5,0.0005625127363969619,0.5625127363969619,0.0,0.0,0.004,0.004137908544221701,0.0,-0.00013676136513409814,-0.003028419714093674,0.0,-5.470454605363926e-06,0.0,-8.479575199462288e-05,0.78,0.04,0.72,0.028,1.0,0.14301106986008524,0.14301106986008524,0.12084556005819061,0.11864039334740833,0.12687499821186066,0.0,0.0,0.014803659411152453,-0.0011112278355946065,-0.0315217524766922,0.14301106986008524,0.12900271650403738,0.14936658421782473,0.14301106986008524,0.12474727991968393,0.15153886032706992,0.014008353356047859,0.018263789940401315,-0.03684952531634758,-0.023882870440796126,0.006355514357739496,0.00852779046698467,nan,1.0,0.0,-0.19731005068290516,0.986283240414381,3.6610000133514404,1.0,0,1,1,0,0.7392699718475342,0.7742395997047424,0.605980559109365,FOLLOW_MAIN,cascade_pd_tracking,follow_main,inner_wheel_pd,lidar_disabled,FOLLOW_MAIN,COMMITTED,UNKNOWN,1,2,1,1,1,1,2,0.8199265003204346,0.3985464572906494,8.988380432128906e-05,2.022568941116333,1.6295711994171143,1.2137451171875,0.008645466999951168,0.07590019200006282
1784803381.6447508,104.21637058258057,0.5,0.0005,0.5,0.0005625127363969619,0.5625127363969619,0.0,0.0,0.004,0.004137908544221701,0.0,-0.00013676136513409814,-0.003028419714093674,0.0,-5.470454605363926e-06,0.0,-8.479575199462288e-05,0.78,0.04,0.72,0.028,1.0,0.14301106986008524,0.14301106986008524,0.12084556005819061,0.05526501267759976,0.12687499821186066,0.0,0.0,0.014803659411152453,-0.029322932191362908,-0.0315217524766922,0.14301106986008524,0.12900271650403738,0.14936658421782473,0.14301106986008524,0.12474727991968393,0.15153886032706992,0.014008353356047859,0.018263789940401315,-0.03684952531634758,-0.023882870440796126,0.006355514357739496,0.00852779046698467,nan,1.0,0.0,-0.19731005068290516,0.986283240414381,3.6610000133514404,1.0,0,1,1,0,0.7392699718475342,0.7742395997047424,0.605980559109365,FOLLOW_MAIN,cascade_pd_tracking,follow_main,inner_wheel_pd,lidar_disabled,FOLLOW_MAIN,COMMITTED,UNKNOWN,1,2,1,1,1,1,2,1.1939055919647217,0.7725255489349365,0.3740684986114502,7.700920104980469e-05,2.003549814224243,1.5877234935760498,0.008645466999951168,0.07590019200006282
1784803382.0332232,104.60484290122986,0.5,0.0005,0.5,0.0005625127363969619,0.5625127363969619,0.0,0.0,0.004,0.004137908544221701,0.0,-0.00013676136513409814,-0.003028419714093674,0.0,-5.470454605363926e-06,0.0,-8.479575199462288e-05,0.78,0.04,0.72,0.028,1.0,0.14301106986008524,0.14301106986008524,0.12084556005819061,0.05526501267759976,0.12687499821186066,0.0,0.0,0.014803659411152453,-0.029322932191362908,-0.0315217524766922,0.14301106986008524,0.12900271650403738,0.14936658421782473,0.14301106986008524,0.12474727991968393,0.15153886032706992,0.014008353356047859,0.018263789940401315,-0.03684952531634758,-0.023882870440796126,0.006355514357739496,0.00852779046698467,nan,1.0,0.0,-0.19731005068290516,0.986283240414381,3.6610000133514404,1.0,0,1,1,0,0.7392699718475342,0.7742395997047424,0.605980559109365,FOLLOW_MAIN,cascade_pd_tracking,follow_main,inner_wheel_pd,lidar_disabled,FOLLOW_MAIN,COMMITTED,UNKNOWN,1,2,1,1,1,1,2,1.5823760032653809,1.1609959602355957,0.7625391483306885,0.3885476589202881,0.00010609626770019531,1.9761936664581299,0.008645466999951168,0.07590019200006282
1784803382.4357064,105.00732612609863,0.5,0.0005,0.5,0.0005625127363969619,0.5625127363969619,0.0,0.0,0.004,0.004137908544221701,0.0,-0.00013676136513409814,-0.003028419714093674,0.0,-5.470454605363926e-06,0.0,-8.479575199462288e-05,0.78,0.04,0.72,0.028,1.0,0.14301106986008524,0.14301106986008524,0.12084556005819061,0.05526501267759976,0.12687499821186066,0.0,0.0,0.014803659411152453,-0.029322932191362908,-0.0315217524766922,0.14301106986008524,0.12900271650403738,0.14936658421782473,0.14301106986008524,0.12474727991968393,0.15153886032706992,0.014008353356047859,0.018263789940401315,-0.03684952531634758,-0.023882870440796126,0.006355514357739496,0.00852779046698467,nan,1.0,0.0,-0.19731005068290516,0.986283240414381,3.6610000133514404,1.0,0,1,1,0,0.7392699718475342,0.7742395997047424,0.605980559109365,FOLLOW_MAIN,cascade_pd_tracking,follow_main,inner_wheel_pd,lidar_disabled,FOLLOW_MAIN,COMMITTED,UNKNOWN,1,2,1,1,1,1,2,1.9848554134368896,1.5634753704071045,1.1650187969207764,0.7910270690917969,0.4025857448577881,7.295608520507812e-05,0.008645466999951168,0.07590019200006282
1784803382.8123856,105.38400530815125,0.5,0.0005,0.5,0.0005625127363969619,0.5625127363969619,0.0,0.0,0.004,0.004137908544221701,0.0,-0.00013676136513409814,-0.003028419714093674,0.0,-5.470454605363926e-06,0.0,-8.479575199462288e-05,0.78,0.04,0.72,0.028,1.0,0.14301106986008524,0.14301106986008524,0.12084556005819061,0.05526501267759976,0.12687499821186066,0.0,0.0,0.014803659411152453,-0.029322932191362908,-0.0315217524766922,0.14301106986008524,0.12900271650403738,0.14936658421782473,0.14301106986008524,0.12474727991968393,0.15153886032706992,0.014008353356047859,0.018263789940401315,-0.03684952531634758,-0.023882870440796126,0.006355514357739496,0.00852779046698467,nan,1.0,0.0,-0.19731005068290516,0.986283240414381,3.6610000133514404,1.0,0,1,1,0,0.7392699718475342,0.7742395997047424,0.605980559109365,FOLLOW_MAIN,cascade_pd_tracking,follow_main,inner_wheel_pd,lidar_disabled,FOLLOW_MAIN,COMMITTED,UNKNOWN,1,2,1,1,1,1,2,9.179115295410156e-05,1.940173864364624,1.541717290878296,1.1677260398864746,0.7792844772338867,0.3767719268798828,0.008645466999951168,0.07590019200006282
1784803383.1931927,105.76481246948242,1.3,0.0013,1.3,0.005054743507662755,5.054743507662755,0.0,0.0,0.009000000000000001,0.035925845961938326,0.035925845961938326,-1.999123473483737e-06,0.024462812983697853,0.0,-7.996493893934948e-08,0.025866609092595593,0.0006849587635435399,0.78,0.04,0.72,0.028,0.75,0.07403245694750442,0.07403245694750442,0.06388344880495853,0.05526501267759976,0.06162499636411667,-0.019913615918400147,-0.019913615918400147,-0.013310735214178651,-0.029322932191362908,-0.03152172267436981,0.07537662602199643,0.06375271264463662,0.08051149661756148,0.0726882878730124,0.059497280083596706,0.07855829090678526,0.01162391337735981,0.013191007789415697,-0.04446078255676607,-0.04616807051466797,0.0051348705955650475,0.005870003033772855,nan,1.0,0.0,-0.5751940508334691,0.9283066701881432,3.4779999256134033,1.0,0,1,1,0,0.898479700088501,0.8828878402709961,0.581014804782937,FOLLOW_MAIN,cascade_pd_tracking,planner_hold,inner_wheel_pd,lidar_disabled,FOLLOW_MAIN,COMMITTED,HOLD,1,1,1,1,1,1,1,0.3809072971343994,0.00010800361633300781,1.922532558441162,1.54854154586792,1.160099983215332,0.757587194442749,0.004877902000316681,0.0894190960002561
1784803383.5860023,106.15762209892273,1.3,0.0013,1.3,0.005054743507662755,5.054743507662755,0.0,0.0,0.009000000000000001,0.035925845961938326,0.035925845961938326,-1.999123473483737e-06,0.024462812983697853,0.0,-7.996493893934948e-08,0.025866609092595593,0.0006849587635435399,0.78,0.04,0.72,0.028,0.75,0.07403245694750442,0.07403245694750442,0.06388344880495853,0.05526501267759976,0.06162499636411667,-0.019913615918400147,-0.019913615918400147,-0.013310735214178651,-0.029322932191362908,-0.03152172267436981,0.07537662602199643,0.06375271264463662,0.08051149661756148,0.0726882878730124,0.059497280083596706,0.07855829090678526,0.01162391337735981,0.013191007789415697,-0.04446078255676607,-0.04616807051466797,0.0051348705955650475,0.005870003033772855,nan,1.0,0.0,-0.5751940508334691,0.9283066701881432,3.4779999256134033,1.0,0,1,1,0,0.898479700088501,0.8828878402709961,0.581014804782937,FOLLOW_MAIN,cascade_pd_tracking,planner_hold,inner_wheel_pd,lidar_disabled,FOLLOW_MAIN,COMMITTED,HOLD,1,1,1,1,1,1,1,0.7737016677856445,0.392902135848999,8.678436279296875e-05,1.941335678100586,1.5528943538665771,1.1503815650939941,0.004877902000316681,0.0894190960002561
1784803383.9767785,106.54839825630188,1.3,0.0013,1.3,0.005054743507662755,5.054743507662755,0.0,0.0,0.009000000000000001,0.035925845961938326,0.035925845961938326,-1.999123473483737e-06,0.024462812983697853,0.0,-7.996493893934948e-08,0.025866609092595593,0.0006849587635435399,0.78,0.04,0.72,0.028,0.75,0.07403245694750442,0.07403245694750442,0.06388344880495853,0.0694915842849141,0.06162499636411667,-0.019913615918400147,-0.019913615918400147,-0.013310735214178651,0.005482389203874466,-0.03152172267436981,0.07537662602199643,0.06375271264463662,0.08051149661756148,0.0726882878730124,0.059497280083596706,0.07855829090678526,0.01162391337735981,0.013191007789415697,-0.04446078255676607,-0.04616807051466797,0.0051348705955650475,0.005870003033772855,nan,1.0,0.0,-0.5751940508334691,0.9283066701881432,3.4779999256134033,1.0,0,1,1,0,0.898479700088501,0.8828878402709961,0.581014804782937,FOLLOW_MAIN,cascade_pd_tracking,planner_hold,inner_wheel_pd,lidar_disabled,FOLLOW_MAIN,COMMITTED,HOLD,1,1,1,1,1,1,1,1.1644740104675293,0.7836744785308838,0.39085888862609863,8.58306884765625e-05,1.9436659812927246,1.5411534309387207,0.004877902000316681,0.0894190960002561
1784803384.3784747,106.95009446144104,1.3,0.0013,1.3,0.005054743507662755,5.054743507662755,0.0,0.0,0.009000000000000001,0.035925845961938326,0.035925845961938326,-1.999123473483737e-06,0.024462812983697853,0.0,-7.996493893934948e-08,0.025866609092595593,0.0006849587635435399,0.78,0.04,0.72,0.028,0.75,0.07403245694750442,0.07403245694750442,0.06388344880495853,0.0694915842849141,0.06162499636411667,-0.019913615918400147,-0.019913615918400147,-0.013310735214178651,0.005482389203874466,-0.03152172267436981,0.07537662602199643,0.06375271264463662,0.08051149661756148,0.0726882878730124,0.059497280083596706,0.07855829090678526,0.01162391337735981,0.013191007789415697,-0.04446078255676607,-0.04616807051466797,0.0051348705955650475,0.005870003033772855,nan,1.0,0.0,-0.5751940508334691,0.9283066701881432,3.4779999256134033,1.0,0,1,1,0,0.898479700088501,0.8828878402709961,0.581014804782937,FOLLOW_MAIN,cascade_pd_tracking,planner_hold,inner_wheel_pd,lidar_disabled,FOLLOW_MAIN,COMMITTED,HOLD,1,1,1,1,1,1,1,1.5661633014678955,1.185363531112671,0.7925481796264648,0.40177488327026367,0.00010466575622558594,1.9428422451019287,0.004877902000316681,0.0894190960002561
1784803386.9297671,109.50138688087463,1.3,0.0013,1.3,0.005054743507662755,5.054743507662755,0.0,0.0,0.009000000000000001,0.035925845961938326,0.035925845961938326,-1.999123473483737e-06,0.024462812983697853,0.0,-7.996493893934948e-08,0.025866609092595593,0.0006849587635435399,0.78,0.04,0.72,0.028,0.75,0.07403245694750442,0.07403245694750442,0.06388344880495853,0.0694915842849141,0.06162499636411667,-0.019913615918400147,-0.019913615918400147,-0.013310735214178651,0.005482389203874466,-0.03152172267436981,0.07537662602199643,0.06375271264463662,0.08051149661756148,0.0726882878730124,0.059497280083596706,0.07855829090678526,0.01162391337735981,0.013191007789415697,-0.04446078255676607,-0.04616807051466797,0.0051348705955650475,0.005870003033772855,nan,1.0,0.0,-0.5751940508334691,0.9283066701881432,3.4779999256134033,1.0,0,1,1,0,0.898479700088501,0.8828878402709961,0.581014804782937,FOLLOW_MAIN,cascade_pd_tracking,planner_hold,inner_wheel_pd,lidar_disabled,FOLLOW_MAIN,COMMITTED,HOLD,1,1,1,1,1,1,1,4.117459297180176,3.7366597652435303,3.343844413757324,2.953071117401123,2.551401138305664,8.320808410644531e-05,0.004877902000316681,0.0894190960002561
1784803387.3460681,109.91768789291382,1.3,0.0013,1.3,0.005054743507662755,5.054743507662755,0.0,0.0,0.009000000000000001,0.035925845961938326,0.035925845961938326,-1.999123473483737e-06,0.024462812983697853,0.0,-7.996493893934948e-08,0.025866609092595593,0.0006849587635435399,0.78,0.04,0.72,0.028,0.75,0.07403245694750442,0.07403245694750442,0.06388344880495853,0.0694915842849141,0.06162499636411667,-0.019913615918400147,-0.019913615918400147,-0.013310735214178651,0.005482389203874466,-0.03152172267436981,0.07537662602199643,0.06375271264463662,0.08051149661756148,0.0726882878730124,0.059497280083596706,0.07855829090678526,0.01162391337735981,0.013191007789415697,-0.04446078255676607,-0.04616807051466797,0.0051348705955650475,0.005870003033772855,nan,1.0,0.0,-0.5751940508334691,0.9283066701881432,3.4779999256134033,1.0,0,1,1,0,0.898479700088501,0.8828878402709961,0.581014804782937,FOLLOW_MAIN,cascade_pd_tracking,planner_hold,inner_wheel_pd,lidar_disabled,FOLLOW_MAIN,COMMITTED,HOLD,1,1,1,1,1,1,1,7.176399230957031e-05,4.152958869934082,3.760143518447876,3.369370698928833,2.967700719833374,0.4163825511932373,0.004877902000316681,0.0894190960002561
1784803387.7479331,110.31955289840698,1.8,0.0018,1.8,0.0010408381270570726,1.0408381270570726,0.0,0.0,0.013000000000000001,0.007531647499828768,0.0,-5.667426378593872e-10,-0.043702758016268335,0.0,-2.2669705514375487e-11,0.0,-0.0012236772244555135,0.78,0.04,0.72,0.028,1.0,0.13634429726321212,0.11029527122635709,0.11703030591859266,0.0694915842849141,0.03987499698996544,0.0,0.0,0.04386074580242566,0.005482389203874466,-0.09456521272659302,0.11029527122635709,0.046258148849010465,0.1424846870190134,0.11029527122635709,0.03349184513092041,0.14892077471828238,0.06403712237734663,0.07680342609543667,0.1451597051529941,0.17598589661156955,0.03218941579265632,0.0386255034919253,nan,1.0,0.0,-0.8792922607976885,0.9403054983669802,3.1679999828338623,1.0,0,1,1,0,1.1676658391952515,1.0528452396392822,0.5283729358931736,FOLLOW_MAIN,cascade_pd_tracking,follow_main,inner_wheel_pd,lidar_disabled,FOLLOW_MAIN,COMMITTED,UNKNOWN,1,2,1,1,1,1,2,0.4019327163696289,7.700920104980469e-05,4.162004232406616,3.7712314128875732,3.369561195373535,0.8182721138000488,0.05180692600015391,0.13162885000019742
1784803388.166827,110.7384467124939,1.8,0.0018,1.8,0.0010408381270570726,1.0408381270570726,0.0,0.0,0.013000000000000001,0.007531647499828768,0.0,-5.667426378593872e-10,-0.043702758016268335,0.0,-2.2669705514375487e-11,0.0,-0.0012236772244555135,0.78,0.04,0.72,0.028,1.0,0.13634429726321212,0.11029527122635709,0.11703030591859266,0.0694915842849141,0.03987499698996544,0.0,0.0,0.04386074580242566,0.005482389203874466,-0.09456521272659302,0.11029527122635709,0.046258148849010465,0.1424846870190134,0.11029527122635709,0.03349184513092041,0.14892077471828238,0.06403712237734663,0.07680342609543667,0.1451597051529941,0.17598589661156955,0.03218941579265632,0.0386255034919253,nan,1.0,0.0,-0.8792922607976885,0.9403054983669802,3.1679999828338623,1.0,0,1,1,0,1.1676658391952515,1.0528452396392822,0.5283729358931736,FOLLOW_MAIN,cascade_pd_tracking,follow_main,inner_wheel_pd,lidar_disabled,FOLLOW_MAIN,COMMITTED,UNKNOWN,1,2,1,1,1,1,2,0.8208436965942383,0.4189879894256592,9.918212890625e-05,4.190141916275024,3.7884721755981445,1.2371537685394287,0.05180692600015391,0.13162885000019742
1784803388.5712903,111.14291000366211,1.8,0.0018,1.8,0.0010408381270570726,1.0408381270570726,0.0,0.0,0.013000000000000001,0.007531647499828768,0.0,-5.667426378593872e-10,-0.043702758016268335,0.0,-2.2669705514375487e-11,0.0,-0.0012236772244555135,0.78,0.04,0.72,0.028,1.0,0.13634429726321212,0.11029527122635709,0.11703030591859266,0.057105805678053206,0.03987499698996544,0.0,0.0,0.04386074580242566,-0.01137200055220211,-0.09456521272659302,0.11029527122635709,0.046258148849010465,0.1424846870190134,0.11029527122635709,0.03349184513092041,0.14892077471828238,0.06403712237734663,0.07680342609543667,0.1451597051529941,0.17598589661156955,0.03218941579265632,0.0386255034919253,nan,1.0,0.0,-0.8792922607976885,0.9403054983669802,3.1679999828338623,1.0,0,1,1,0,1.1676658391952515,1.0528452396392822,0.5283729358931736,FOLLOW_MAIN,cascade_pd_tracking,follow_main,inner_wheel_pd,lidar_disabled,FOLLOW_MAIN,COMMITTED,UNKNOWN,1,2,1,1,1,1,2,1.2253031730651855,0.8234479427337646,0.4045593738555908,8.988380432128906e-05,4.19293212890625,1.6416141986846924,0.05180692600015391,0.13162885000019742
1784803388.964876,111.53649568557739,1.8,0.0018,1.8,0.0010408381270570726,1.0408381270570726,0.0,0.0,0.013000000000000001,0.007531647499828768,0.0,-5.667426378593872e-10,-0.043702758016268335,0.0,-2.2669705514375487e-11,0.0,-0.0012236772244555135,0.78,0.04,0.72,0.028,1.0,0.13634429726321212,0.11029527122635709,0.11703030591859266,0.057105805678053206,0.03987499698996544,0.0,0.0,0.04386074580242566,-0.01137200055220211,-0.09456521272659302,0.11029527122635709,0.046258148849010465,0.1424846870190134,0.11029527122635709,0.03349184513092041,0.14892077471828238,0.06403712237734663,0.07680342609543667,0.1451597051529941,0.17598589661156955,0.03218941579265632,0.0386255034919253,nan,1.0,0.0,-0.8792922607976885,0.9403054983669802,3.1679999828338623,1.0,0,1,1,0,1.1676658391952515,1.0528452396392822,0.5283729358931736,FOLLOW_MAIN,cascade_pd_tracking,follow_main,inner_wheel_pd,lidar_disabled,FOLLOW_MAIN,COMMITTED,UNKNOWN,1,2,1,1,1,1,2,1.61887526512146,1.2170195579528809,0.798130989074707,0.3936614990234375,7.295608520507812e-05,2.0351853370666504,0.05180692600015391,0.13162885000019742
1784803389.3841517,111.95577144622803,1.8,0.0018,1.8,0.0010408381270570726,1.0408381270570726,0.0,0.0,0.013000000000000001,0.007531647499828768,0.0,-5.667426378593872e-10,-0.043702758016268335,0.0,-2.2669705514375487e-11,0.0,-0.0012236772244555135,0.78,0.04,0.72,0.028,1.0,0.13634429726321212,0.11029527122635709,0.11703030591859266,0.057105805678053206,0.03987499698996544,0.0,0.0,0.04386074580242566,-0.01137200055220211,-0.09456521272659302,0.11029527122635709,0.046258148849010465,0.1424846870190134,0.11029527122635709,0.03349184513092041,0.14892077471828238,0.06403712237734663,0.07680342609543667,0.1451597051529941,0.17598589661156955,0.03218941579265632,0.0386255034919253,nan,1.0,0.0,-0.8792922607976885,0.9403054983669802,3.1679999828338623,1.0,0,1,1,0,1.1676658391952515,1.0528452396392822,0.5283729358931736,FOLLOW_MAIN,cascade_pd_tracking,follow_main,inner_wheel_pd,lidar_disabled,FOLLOW_MAIN,COMMITTED,UNKNOWN,1,2,1,1,1,1,2,2.03814959526062,1.636293649673462,1.217405080795288,0.8129353523254395,0.41934704780578613,6.842613220214844e-05,0.05180692600015391,0.13162885000019742
1784803389.7855968,112.3572165966034,1.8,0.0018,1.8,0.0010408381270570726,1.0408381270570726,0.0,0.0,0.013000000000000001,0.007531647499828768,0.0,-5.667426378593872e-10,-0.043702758016268335,0.0,-2.2669705514375487e-11,0.0,-0.0012236772244555135,0.78,0.04,0.72,0.028,1.0,0.13634429726321212,0.11029527122635709,0.11703030591859266,0.057105805678053206,0.03987499698996544,0.0,0.0,0.04386074580242566,-0.01137200055220211,-0.09456521272659302,0.11029527122635709,0.046258148849010465,0.1424846870190134,0.11029527122635709,0.03349184513092041,0.14892077471828238,0.06403712237734663,0.07680342609543667,0.1451597051529941,0.17598589661156955,0.03218941579265632,0.0386255034919253,nan,1.0,0.0,-0.8792922607976885,0.9403054983669802,3.1679999828338623,1.0,0,1,1,0,1.1676658391952515,1.0528452396392822,0.5283729358931736,FOLLOW_MAIN,cascade_pd_tracking,follow_main,inner_wheel_pd,lidar_disabled,FOLLOW_MAIN,COMMITTED,UNKNOWN,1,2,1,1,1,1,2,0.00010228157043457031,2.0377445220947266,1.6188559532165527,1.2143864631652832,0.8207979202270508,0.4015192985534668,0.05180692600015391,0.13162885000019742
1784803390.189125,112.76074481010437,17.7,0.0177,17.7,0.019534869383054435,19.534869383054435,0.019534869383054435,19.534869383054435,0.126,0.1384534507186881,0.1384534507186881,0.016566052536054903,0.07316004579555888,0.01523719811878246,0.0006626421014421962,0.09968648451745542,0.0020484812822756486,0.78,0.04,0.72,0.028,1.0,0.09986818045739262,0.09986818045739262,0.0894629233501139,0.057105805678053206,0.07612499594688416,-0.11763480601995573,-0.11763480601995573,-0.1461262072056807,-0.01137200055220211,-0.0315217524766922,0.10780852986373964,0.07825271423906088,0.12210255586043903,0.09192783105104561,0.07399727765470743,0.10066012328134458,0.029555815624678752,0.017930553396338186,0.01072344968535968,0.012562660005664231,0.014294025996699398,0.00873229223029897,nan,1.0,0.0,-3.113,0.6887460721199492,2.9760000705718994,1.0,0,1,1,0,1.373931646347046,1.1709102392196655,0.48225657652029935,FOLLOW_MAIN,cascade_pd_tracking,follow_main,inner_wheel_pd,lidar_disabled,FOLLOW_MAIN,COMMITTED,UNKNOWN,1,2,1,1,1,1,2,0.40363335609436035,8.749961853027344e-05,2.0223870277404785,1.617917776107788,1.224329948425293,0.805051326751709,0.009356690000004164,0.05943296400027975
1784803390.574007,113.14562678337097,17.7,0.0177,17.7,0.019534869383054435,19.534869383054435,0.019534869383054435,19.534869383054435,0.126,0.1384534507186881,0.1384534507186881,0.016566052536054903,0.07316004579555888,0.01523719811878246,0.0006626421014421962,0.09968648451745542,0.0020484812822756486,0.78,0.04,0.72,0.028,1.0,0.09986818045739262,0.09986818045739262,0.0894629233501139,0.057105805678053206,0.07612499594688416,-0.11763480601995573,-0.11763480601995573,-0.1461262072056807,-0.01137200055220211,-0.0315217524766922,0.10780852986373964,0.07825271423906088,0.12210255586043903,0.09192783105104561,0.07399727765470743,0.10066012328134458,0.029555815624678752,0.017930553396338186,0.01072344968535968,0.012562660005664231,0.014294025996699398,0.00873229223029897,nan,1.0,0.0,-3.113,0.6887460721199492,2.9760000705718994,1.0,0,1,1,0,1.373931646347046,1.1709102392196655,0.48225657652029935,FOLLOW_MAIN,cascade_pd_tracking,follow_main,inner_wheel_pd,lidar_disabled,FOLLOW_MAIN,COMMITTED,UNKNOWN,1,2,1,1,1,1,2,0.7885384559631348,0.3849923610687256,9.679794311523438e-05,2.002821922302246,1.6092336177825928,1.1899547576904297,0.009356690000004164,0.05943296400027975
1784803390.9826906,113.55431032180786,17.7,0.0177,17.7,0.019534869383054435,19.534869383054435,0.019534869383054435,19.534869383054435,0.126,0.1384534507186881,0.1384534507186881,0.016566052536054903,0.07316004579555888,0.01523719811878246,0.0006626421014421962,0.09968648451745542,0.0020484812822756486,0.78,0.04,0.72,0.028,1.0,0.09986818045739262,0.09986818045739262,0.0894629233501139,0.0836072073758211,0.07612499594688416,-0.11763480601995573,-0.11763480601995573,-0.1461262072056807,-0.10179004494913645,-0.0315217524766922,0.10780852986373964,0.07825271423906088,0.12210255586043903,0.09192783105104561,0.07399727765470743,0.10066012328134458,0.029555815624678752,0.017930553396338186,0.01072344968535968,0.012562660005664231,0.014294025996699398,0.00873229223029897,nan,1.0,0.0,-3.113,0.6887460721199492,2.9760000705718994,1.0,0,1,1,0,1.373931646347046,1.1709102392196655,0.48225657652029935,FOLLOW_MAIN,cascade_pd_tracking,follow_main,inner_wheel_pd,lidar_disabled,FOLLOW_MAIN,COMMITTED,UNKNOWN,1,2,1,1,1,1,2,1.1971909999847412,0.7936453819274902,0.4087498188018799,6.413459777832031e-05,2.0178866386413574,1.5986080169677734,0.009356690000004164,0.05943296400027975
1784803391.383478,113.95509767532349,17.7,0.0177,17.7,0.019534869383054435,19.534869383054435,0.019534869383054435,19.534869383054435,0.126,0.1384534507186881,0.1384534507186881,0.016566052536054903,0.07316004579555888,0.01523719811878246,0.0006626421014421962,0.09968648451745542,0.0020484812822756486,0.78,0.04,0.72,0.028,1.0,0.09986818045739262,0.09986818045739262,0.0894629233501139,0.0836072073758211,0.07612499594688416,-0.11763480601995573,-0.11763480601995573,-0.1461262072056807,-0.10179004494913645,-0.0315217524766922,0.10780852986373964,0.07825271423906088,0.12210255586043903,0.09192783105104561,0.07399727765470743,0.10066012328134458,0.029555815624678752,0.017930553396338186,0.01072344968535968,0.012562660005664231,0.014294025996699398,0.00873229223029897,nan,1.0,0.0,-3.113,0.6887460721199492,2.9760000705718994,1.0,0,1,1,0,1.373931646347046,1.1709102392196655,0.48225657652029935,FOLLOW_MAIN,cascade_pd_tracking,follow_main,inner_wheel_pd,lidar_disabled,FOLLOW_MAIN,COMMITTED,UNKNOWN,1,2,1,1,1,1,2,1.5979962348937988,1.1944499015808105,0.8095545768737793,0.40086889266967773,0.00013327598571777344,1.9994127750396729,0.009356690000004164,0.05943296400027975
1784803391.7844791,114.35609889030457,17.7,0.0177,17.7,0.019534869383054435,19.534869383054435,0.019534869383054435,19.534869383054435,0.126,0.1384534507186881,0.1384534507186881,0.016566052536054903,0.07316004579555888,0.01523719811878246,0.0006626421014421962,0.09968648451745542,0.0020484812822756486,0.78,0.04,0.72,0.028,1.0,0.09986818045739262,0.09986818045739262,0.0894629233501139,0.0836072073758211,0.07612499594688416,-0.11763480601995573,-0.11763480601995573,-0.1461262072056807,-0.10179004494913645,-0.0315217524766922,0.10780852986373964,0.07825271423906088,0.12210255586043903,0.09192783105104561,0.07399727765470743,0.10066012328134458,0.029555815624678752,0.017930553396338186,0.01072344968535968,0.012562660005664231,0.014294025996699398,0.00873229223029897,nan,1.0,0.0,-3.113,0.6887460721199492,2.9760000705718994,1.0,0,1,1,0,1.373931646347046,1.1709102392196655,0.48225657652029935,FOLLOW_MAIN,cascade_pd_tracking,follow_main,inner_wheel_pd,lidar_disabled,FOLLOW_MAIN,COMMITTED,UNKNOWN,1,2,1,1,1,1,2,1.9989845752716064,1.5954382419586182,1.210542917251587,0.8018574714660645,0.4011216163635254,7.915496826171875e-05,0.009356690000004164,0.05943296400027975
1784803392.1806784,114.75229811668396,17.7,0.0177,17.7,0.019534869383054435,19.534869383054435,0.019534869383054435,19.534869383054435,0.126,0.1384534507186881,0.1384534507186881,0.016566052536054903,0.07316004579555888,0.01523719811878246,0.0006626421014421962,0.09968648451745542,0.0020484812822756486,0.78,0.04,0.72,0.028,1.0,0.09986818045739262,0.09986818045739262,0.0894629233501139,0.0836072073758211,0.07612499594688416,-0.11763480601995573,-0.11763480601995573,-0.1461262072056807,-0.10179004494913645,-0.0315217524766922,0.10780852986373964,0.07825271423906088,0.12210255586043903,0.09192783105104561,0.07399727765470743,0.10066012328134458,0.029555815624678752,0.017930553396338186,0.01072344968535968,0.012562660005664231,0.014294025996699398,0.00873229223029897,nan,1.0,0.0,-3.113,0.6887460721199492,2.9760000705718994,1.0,0,1,1,0,1.373931646347046,1.1709102392196655,0.48225657652029935,FOLLOW_MAIN,cascade_pd_tracking,follow_main,inner_wheel_pd,lidar_disabled,FOLLOW_MAIN,COMMITTED,UNKNOWN,1,2,1,1,1,1,2,6.651878356933594e-05,1.9916348457336426,1.6067395210266113,1.1980540752410889,0.7973184585571289,0.39627599716186523,0.009356690000004164,0.05943296400027975
1784803392.589202,115.16082167625427,-5.7,-0.0057,-5.7,-0.00151247174114863,-1.51247174114863,0.0,0.0,-0.04,-0.010866457412518148,0.0,-0.0025205775977645128,-0.0410466336639254,0.0,-0.00010082310391058052,0.0,-0.0011493057425899112,0.78,0.04,0.72,0.028,1.0,0.11087725098390779,0.11087725098390779,0.10601855969831178,0.0836072073758211,0.06887499988079071,0.0,0.0,0.014771964373956526,-0.10179004494913645,-0.031521737575531006,0.11087725098390779,0.07100271716713906,0.1309092942208742,0.11087725098390779,0.06674728259444236,0.13307691942792216,0.039874533816768726,0.044129968389465424,0.08922670049174278,0.10172836170709625,0.020032043236966415,0.022199668444014362,nan,1.0,0.0,-3.833,0.7646706964407434,2.7790000438690186,1.0,0,1,1,0,1.550784945487976,1.247499704360962,0.35787216489022927,FOLLOW_MAIN,cascade_pd_tracking,follow_main,inner_wheel_pd,lidar_disabled,FOLLOW_MAIN,COMMITTED,UNKNOWN,1,2,1,1,1,1,2,0.40859270095825195,8.416175842285156e-05,2.015265464782715,1.6065800189971924,1.2058446407318115,0.8048021793365479,0.015182611999989604,0.12101369399988471
1784803392.9918013,115.56342101097107,-5.7,-0.0057,-5.7,-0.00151247174114863,-1.51247174114863,0.0,0.0,-0.04,-0.010866457412518148,0.0,-0.0025205775977645128,-0.0410466336639254,0.0,-0.00010082310391058052,0.0,-0.0011493057425899112,0.78,0.04,0.72,0.028,1.0,0.11087725098390779,0.11087725098390779,0.10601855969831178,0.0836072073758211,0.06887499988079071,0.0,0.0,0.014771964373956526,-0.10179004494913645,-0.031521737575531006,0.11087725098390779,0.07100271716713906,0.1309092942208742,0.11087725098390779,0.06674728259444236,0.13307691942792216,0.039874533816768726,0.044129968389465424,0.08922670049174278,0.10172836170709625,0.020032043236966415,0.022199668444014362,nan,1.0,0.0,-3.833,0.7646706964407434,2.7790000438690186,1.0,0,1,1,0,1.550784945487976,1.247499704360962,0.35787216489022927,FOLLOW_MAIN,cascade_pd_tracking,follow_main,inner_wheel_pd,lidar_disabled,FOLLOW_MAIN,COMMITTED,UNKNOWN,1,2,1,1,1,1,2,0.8111968040466309,0.40268826484680176,7.915496826171875e-05,2.0091841220855713,1.6084485054016113,1.2074060440063477,0.015182611999989604,0.12101369399988471
1784803393.3874567,115.95907640457153,-5.7,-0.0057,-5.7,-0.00151247174114863,-1.51247174114863,0.0,0.0,-0.04,-0.010866457412518148,0.0,-0.0025205775977645128,-0.0410466336639254,0.0,-0.00010082310391058052,0.0,-0.0011493057425899112,0.78,0.04,0.72,0.028,1.0,0.11087725098390779,0.11087725098390779,0.10601855969831178,0.10296006054637839,0.06887499988079071,0.0,0.0,0.014771964373956526,0.046263648089468146,-0.031521737575531006,0.11087725098390779,0.07100271716713906,0.1309092942208742,0.11087725098390779,0.06674728259444236,0.13307691942792216,0.039874533816768726,0.044129968389465424,0.08922670049174278,0.10172836170709625,0.020032043236966415,0.022199668444014362,nan,1.0,0.0,-3.833,0.7646706964407434,2.7790000438690186,1.0,0,1,1,0,1.550784945487976,1.247499704360962,0.35787216489022927,FOLLOW_MAIN,cascade_pd_tracking,follow_main,inner_wheel_pd,lidar_disabled,FOLLOW_MAIN,COMMITTED,UNKNOWN,1,2,1,1,1,1,2,1.2068567276000977,0.7983481884002686,0.3957390785217285,9.989738464355469e-05,2.0041089057922363,1.6030664443969727,0.015182611999989604,0.12101369399988471
1784803393.7830074,116.35462713241577,-5.7,-0.0057,-5.7,-0.00151247174114863,-1.51247174114863,0.0,0.0,-0.04,-0.010866457412518148,0.0,-0.0025205775977645128,-0.0410466336639254,0.0,-0.00010082310391058052,0.0,-0.0011493057425899112,0.78,0.04,0.72,0.028,1.0,0.11087725098390779,0.11087725098390779,0.10601855969831178,0.10296006054637839,0.06887499988079071,0.0,0.0,0.014771964373956526,0.046263648089468146,-0.031521737575531006,0.11087725098390779,0.07100271716713906,0.1309092942208742,0.11087725098390779,0.06674728259444236,0.13307691942792216,0.039874533816768726,0.044129968389465424,0.08922670049174278,0.10172836170709625,0.020032043236966415,0.022199668444014362,nan,1.0,0.0,-3.833,0.7646706964407434,2.7790000438690186,1.0,0,1,1,0,1.550784945487976,1.247499704360962,0.35787216489022927,FOLLOW_MAIN,cascade_pd_tracking,follow_main,inner_wheel_pd,lidar_disabled,FOLLOW_MAIN,COMMITTED,UNKNOWN,1,2,1,1,1,1,2,1.602409839630127,1.1939013004302979,0.7912924289703369,0.39565324783325195,9.632110595703125e-05,1.998619556427002,0.015182611999989604,0.12101369399988471
1784803394.182968,116.75458765029907,-5.7,-0.0057,-5.7,-0.00151247174114863,-1.51247174114863,0.0,0.0,-0.04,-0.010866457412518148,0.0,-0.0025205775977645128,-0.0410466336639254,0.0,-0.00010082310391058052,0.0,-0.0011493057425899112,0.78,0.04,0.72,0.028,1.0,0.11087725098390779,0.11087725098390779,0.10601855969831178,0.10296006054637839,0.06887499988079071,0.0,0.0,0.014771964373956526,0.046263648089468146,-0.031521737575531006,0.11087725098390779,0.07100271716713906,0.1309092942208742,0.11087725098390779,0.06674728259444236,0.13307691942792216,0.039874533816768726,0.044129968389465424,0.08922670049174278,0.10172836170709625,0.020032043236966415,0.022199668444014362,nan,1.0,0.0,-3.833,0.7646706964407434,2.7790000438690186,1.0,0,1,1,0,1.550784945487976,1.247499704360962,0.35787216489022927,FOLLOW_MAIN,cascade_pd_tracking,follow_main,inner_wheel_pd,lidar_disabled,FOLLOW_MAIN,COMMITTED,UNKNOWN,1,2,1,1,1,1,2,2.0023531913757324,1.5938446521759033,1.1912355422973633,0.7955963611602783,0.4000394344329834,6.723403930664062e-05,0.015182611999989604,0.12101369399988471
1784803394.5420413,117.11366105079651,-5.7,-0.0057,-5.7,-0.00151247174114863,-1.51247174114863,0.0,0.0,-0.04,-0.010866457412518148,0.0,-0.0025205775977645128,-0.0410466336639254,0.0,-0.00010082310391058052,0.0,-0.0011493057425899112,0.78,0.04,0.72,0.028,1.0,0.11087725098390779,0.11087725098390779,0.10601855969831178,0.10296006054637839,0.06887499988079071,0.0,0.0,0.014771964373956526,0.046263648089468146,-0.031521737575531006,0.11087725098390779,0.07100271716713906,0.1309092942208742,0.11087725098390779,0.06674728259444236,0.13307691942792216,0.039874533816768726,0.044129968389465424,0.08922670049174278,0.10172836170709625,0.020032043236966415,0.022199668444014362,nan,1.0,0.0,-3.833,0.7646706964407434,2.7790000438690186,1.0,0,1,1,0,1.550784945487976,1.247499704360962,0.35787216489022927,FOLLOW_MAIN,cascade_pd_tracking,follow_main,inner_wheel_pd,lidar_disabled,FOLLOW_MAIN,COMMITTED,UNKNOWN,1,2,1,1,1,1,2,6.771087646484375e-05,1.95292067527771,1.550311803817749,1.154672622680664,0.75911545753479,0.3591434955596924,0.015182611999989604,0.12101369399988471
1784803394.9447825,117.51640224456787,-26.6,-0.026600000000000002,-26.6,-0.023201877737076153,-23.201877737076153,-0.023201877737076153,-23.201877737076153,-0.187,-0.16394078681877194,-0.16394078681877194,-0.012353053779959638,-0.07120491697346862,-0.0180974646349194,-0.0004941221511983856,-0.1180373665095158,-0.0019937376752571213,0.78,0.04,0.72,0.028,1.0,0.11230942010939905,0.11230942010939905,0.11112916153290082,0.10296006054637839,0.028999999165534973,0.1386226909708907,0.1386226909708907,0.16105420068188872,0.046263648089468146,0.0,0.10295238846886393,0.028999999165534973,0.12653932942799687,0.12166645174993418,0.028999999165534973,0.1501722827889262,0.07395238930332895,0.0926664525843992,0.34050346466767645,0.3433360415944764,0.03890218151227466,0.047913257656456376,nan,1.0,0.0,-1.027,0.7745477248924073,2.563999891281128,1.0,0,1,1,0,1.7594168186187744,1.3239247798919678,0.3556968522671119,FOLLOW_MAIN,cascade_pd_tracking,follow_main,inner_wheel_pd,lidar_disabled,FOLLOW_MAIN,COMMITTED,UNKNOWN,1,2,1,1,1,1,2,0.40280985832214355,7.987022399902344e-05,1.9530537128448486,1.5574145317077637,1.1618576049804688,0.7618856430053711,0.12553818700007469,0.008743040999888763
1784803395.384411,117.95603084564209,-26.6,-0.026600000000000002,-26.6,-0.023201877737076153,-23.201877737076153,-0.023201877737076153,-23.201877737076153,-0.187,-0.16394078681877194,-0.16394078681877194,-0.012353053779959638,-0.07120491697346862,-0.0180974646349194,-0.0004941221511983856,-0.1180373665095158,-0.0019937376752571213,0.78,0.04,0.72,0.028,1.0,0.11230942010939905,0.11230942010939905,0.11112916153290082,0.10296006054637839,0.028999999165534973,0.1386226909708907,0.1386226909708907,0.16105420068188872,0.046263648089468146,0.0,0.10295238846886393,0.028999999165534973,0.12653932942799687,0.12166645174993418,0.028999999165534973,0.1501722827889262,0.07395238930332895,0.0926664525843992,0.34050346466767645,0.3433360415944764,0.03890218151227466,0.047913257656456376,nan,1.0,0.0,-1.027,0.7745477248924073,2.563999891281128,1.0,0,1,1,0,1.7594168186187744,1.3239247798919678,0.3556968522671119,FOLLOW_MAIN,cascade_pd_tracking,follow_main,inner_wheel_pd,lidar_disabled,FOLLOW_MAIN,COMMITTED,UNKNOWN,1,2,1,1,1,1,2,0.8424503803253174,0.43972039222717285,8.463859558105469e-05,1.9970552921295166,1.6014986038208008,1.2015266418457031,0.12553818700007469,0.008743040999888763
1784803395.7987008,118.37032055854797,-26.6,-0.026600000000000002,-26.6,-0.023201877737076153,-23.201877737076153,-0.023201877737076153,-23.201877737076153,-0.187,-0.16394078681877194,-0.16394078681877194,-0.012353053779959638,-0.07120491697346862,-0.0180974646349194,-0.0004941221511983856,-0.1180373665095158,-0.0019937376752571213,0.78,0.04,0.72,0.028,1.0,0.11230942010939905,0.11230942010939905,0.11112916153290082,0.10051281182147187,0.028999999165534973,0.1386226909708907,0.1386226909708907,0.16105420068188872,0.1432180575040899,0.0,0.10295238846886393,0.028999999165534973,0.12653932942799687,0.12166645174993418,0.028999999165534973,0.1501722827889262,0.07395238930332895,0.0926664525843992,0.34050346466767645,0.3433360415944764,0.03890218151227466,0.047913257656456376,nan,1.0,0.0,-1.027,0.7745477248924073,2.563999891281128,1.0,0,1,1,0,1.7594168186187744,1.3239247798919678,0.3556968522671119,FOLLOW_MAIN,cascade_pd_tracking,follow_main,inner_wheel_pd,lidar_disabled,FOLLOW_MAIN,COMMITTED,UNKNOWN,1,2,1,1,1,1,2,1.256730318069458,0.8540003299713135,0.4143645763397217,7.152557373046875e-05,2.015777826309204,1.6158061027526855,0.12553818700007469,0.008743040999888763
1784803396.2016683,118.7732880115509,-26.6,-0.026600000000000002,-26.6,-0.023201877737076153,-23.201877737076153,-0.023201877737076153,-23.201877737076153,-0.187,-0.16394078681877194,-0.16394078681877194,-0.012353053779959638,-0.07120491697346862,-0.0180974646349194,-0.0004941221511983856,-0.1180373665095158,-0.0019937376752571213,0.78,0.04,0.72,0.028,1.0,0.11230942010939905,0.11230942010939905,0.11112916153290082,0.10051281182147187,0.028999999165534973,0.1386226909708907,0.1386226909708907,0.16105420068188872,0.1432180575040899,0.0,0.10295238846886393,0.028999999165534973,0.12653932942799687,0.12166645174993418,0.028999999165534973,0.1501722827889262,0.07395238930332895,0.0926664525843992,0.34050346466767645,0.3433360415944764,0.03890218151227466,0.047913257656456376,nan,1.0,0.0,-1.027,0.7745477248924073,2.563999891281128,1.0,0,1,1,0,1.7594168186187744,1.3239247798919678,0.3556968522671119,FOLLOW_MAIN,cascade_pd_tracking,follow_main,inner_wheel_pd,lidar_disabled,FOLLOW_MAIN,COMMITTED,UNKNOWN,1,2,1,1,1,1,2,1.6597034931182861,1.2569735050201416,0.8173377513885498,0.4030449390411377,9.322166442871094e-05,2.0187792778015137,0.12553818700007469,0.008743040999888763
1784803396.5842662,119.15588593482971,-26.6,-0.026600000000000002,-26.6,-0.023201877737076153,-23.201877737076153,-0.023201877737076153,-23.201877737076153,-0.187,-0.16394078681877194,-0.16394078681877194,-0.012353053779959638,-0.07120491697346862,-0.0180974646349194,-0.0004941221511983856,-0.1180373665095158,-0.0019937376752571213,0.78,0.04,0.72,0.028,1.0,0.11230942010939905,0.11230942010939905,0.11112916153290082,0.10051281182147187,0.028999999165534973,0.1386226909708907,0.1386226909708907,0.16105420068188872,0.1432180575040899,0.0,0.10295238846886393,0.028999999165534973,0.12653932942799687,0.12166645174993418,0.028999999165534973,0.1501722827889262,0.07395238930332895,0.0926664525843992,0.34050346466767645,0.3433360415944764,0.03890218151227466,0.047913257656456376,nan,1.0,0.0,-1.027,0.7745477248924073,2.563999891281128,1.0,0,1,1,0,1.7594168186187744,1.3239247798919678,0.3556968522671119,FOLLOW_MAIN,cascade_pd_tracking,follow_main,inner_wheel_pd,lidar_disabled,FOLLOW_MAIN,COMMITTED,UNKNOWN,1,2,1,1,1,1,2,2.0423033237457275,1.639573574066162,1.1999380588531494,0.7856452465057373,0.3826935291290283,9.250640869140625e-05,0.12553818700007469,0.008743040999888763
1784803396.9766536,119.54827332496643,-26.6,-0.026600000000000002,-26.6,-0.023201877737076153,-23.201877737076153,-0.023201877737076153,-23.201877737076153,-0.187,-0.16394078681877194,-0.16394078681877194,-0.012353053779959638,-0.07120491697346862,-0.0180974646349194,-0.0004941221511983856,-0.1180373665095158,-0.0019937376752571213,0.78,0.04,0.72,0.028,1.0,0.11230942010939905,0.11230942010939905,0.11112916153290082,0.10051281182147187,0.028999999165534973,0.1386226909708907,0.1386226909708907,0.16105420068188872,0.1432180575040899,0.0,0.10295238846886393,0.028999999165534973,0.12653932942799687,0.12166645174993418,0.028999999165534973,0.1501722827889262,0.07395238930332895,0.0926664525843992,0.34050346466767645,0.3433360415944764,0.03890218151227466,0.047913257656456376,nan,1.0,0.0,-1.027,0.7745477248924073,2.563999891281128,1.0,0,1,1,0,1.7594168186187744,1.3239247798919678,0.3556968522671119,FOLLOW_MAIN,cascade_pd_tracking,follow_main,inner_wheel_pd,lidar_disabled,FOLLOW_MAIN,COMMITTED,UNKNOWN,1,2,1,1,1,1,2,6.532669067382812e-05,2.031949758529663,1.5923140048980713,1.1780211925506592,0.7750694751739502,0.3924684524536133,0.12553818700007469,0.008743040999888763
1784803397.3831837,119.95480346679688,-15.8,-0.0158,-15.8,-0.024632948487126296,-24.632948487126296,-0.024632948487126296,-24.632948487126296,-0.113,-0.17393878624947423,-0.17393878624947423,0.007604938775193601,0.05251578857199031,-0.01921369981995851,0.000304197551007744,-0.12523592609962145,0.0014704420800157286,0.78,0.04,0.72,0.028,1.0,0.11527866340621057,0.11527866340621057,0.10378704242007257,0.10051281182147187,0.08699999749660492,0.1426749862885565,0.1426749862885565,0.11104653203472402,0.1432180575040899,0.18913044035434723,0.10564810183173301,0.07423369277268649,0.12106743203870353,0.12490922498068813,0.09976630222052335,0.13736230358727716,0.03141440905904652,0.025142922760164776,0.034041385862818296,0.03844756817099374,0.015419330206970514,0.01245307860658903,nan,1.0,0.0,-0.494,0.7950252648704178,2.3519999980926514,1.0,0,1,1,0,1.9523465633392334,1.4290763139724731,0.6975814946971343,FOLLOW_MAIN,cascade_pd_tracking,follow_main,inner_wheel_pd,lidar_disabled,FOLLOW_MAIN,COMMITTED,UNKNOWN,1,2,1,1,1,1,2,0.40659189224243164,6.985664367675781e-05,1.9988408088684082,1.584547996520996,1.181595802307129,0.798994779586792,0.014818797000316408,0.023685873999966134
1784803397.7904446,120.36206436157227,-15.8,-0.0158,-15.8,-0.024632948487126296,-24.632948487126296,-0.024632948487126296,-24.632948487126296,-0.113,-0.17393878624947423,-0.17393878624947423,0.007604938775193601,0.05251578857199031,-0.01921369981995851,0.000304197551007744,-0.12523592609962145,0.0014704420800157286,0.78,0.04,0.72,0.028,1.0,0.11527866340621057,0.11527866340621057,0.10378704242007257,0.10051281182147187,0.08699999749660492,0.1426749862885565,0.1426749862885565,0.11104653203472402,0.1432180575040899,0.18913044035434723,0.10564810183173301,0.07423369277268649,0.12106743203870353,0.12490922498068813,0.09976630222052335,0.13736230358727716,0.03141440905904652,0.025142922760164776,0.034041385862818296,0.03844756817099374,0.015419330206970514,0.01245307860658903,nan,1.0,0.0,-0.494,0.7950252648704178,2.3519999980926514,1.0,0,1,1,0,1.9523465633392334,1.4290763139724731,0.6975814946971343,FOLLOW_MAIN,cascade_pd_tracking,follow_main,inner_wheel_pd,lidar_disabled,FOLLOW_MAIN,COMMITTED,UNKNOWN,1,2,1,1,1,1,2,0.8138809204101562,0.40735912322998047,9.775161743164062e-05,1.9918370246887207,1.5888850688934326,1.2062842845916748,0.014818797000316408,0.023685873999966134
1784803398.2018847,120.77350449562073,-15.8,-0.0158,-15.8,-0.024632948487126296,-24.632948487126296,-0.024632948487126296,-24.632948487126296,-0.113,-0.17393878624947423,-0.17393878624947423,0.007604938775193601,0.05251578857199031,-0.01921369981995851,0.000304197551007744,-0.12523592609962145,0.0014704420800157286,0.78,0.04,0.72,0.028,1.0,0.11527866340621057,0.11527866340621057,0.10378704242007257,0.11035580536157563,0.08699999749660492,0.1426749862885565,0.1426749862885565,0.11104653203472402,-0.019830460474901696,0.18913044035434723,0.10564810183173301,0.07423369277268649,0.12106743203870353,0.12490922498068813,0.09976630222052335,0.13736230358727716,0.03141440905904652,0.025142922760164776,0.034041385862818296,0.03844756817099374,0.015419330206970514,0.01245307860658903,nan,1.0,0.0,-0.494,0.7950252648704178,2.3519999980926514,1.0,0,1,1,0,1.9523465633392334,1.4290763139724731,0.6975814946971343,FOLLOW_MAIN,cascade_pd_tracking,follow_main,inner_wheel_pd,lidar_disabled,FOLLOW_MAIN,COMMITTED,UNKNOWN,1,2,1,1,1,1,2,1.22529935836792,0.818777322769165,0.4115161895751953,6.985664367675781e-05,2.0003035068511963,1.6177024841308594,0.014818797000316408,0.023685873999966134
1784803398.600199,121.17181873321533,-15.8,-0.0158,-15.8,-0.024632948487126296,-24.632948487126296,-0.024632948487126296,-24.632948487126296,-0.113,-0.17393878624947423,-0.17393878624947423,0.007604938775193601,0.05251578857199031,-0.01921369981995851,0.000304197551007744,-0.12523592609962145,0.0014704420800157286,0.78,0.04,0.72,0.028,1.0,0.11527866340621057,0.11527866340621057,0.10378704242007257,0.11035580536157563,0.08699999749660492,0.1426749862885565,0.1426749862885565,0.11104653203472402,-0.019830460474901696,0.18913044035434723,0.10564810183173301,0.07423369277268649,0.12106743203870353,0.12490922498068813,0.09976630222052335,0.13736230358727716,0.03141440905904652,0.025142922760164776,0.034041385862818296,0.03844756817099374,0.015419330206970514,0.01245307860658903,nan,1.0,0.0,-0.494,0.7950252648704178,2.3519999980926514,1.0,0,1,1,0,1.9523465633392334,1.4290763139724731,0.6975814946971343,FOLLOW_MAIN,cascade_pd_tracking,follow_main,inner_wheel_pd,lidar_disabled,FOLLOW_MAIN,COMMITTED,UNKNOWN,1,2,1,1,1,1,2,1.623610258102417,1.2170884609222412,0.8098270893096924,0.3983805179595947,6.985664367675781e-05,2.0160131454467773,0.014818797000316408,0.023685873999966134
1784803398.9786365,121.55025625228882,-15.8,-0.0158,-15.8,-0.024632948487126296,-24.632948487126296,-0.024632948487126296,-24.632948487126296,-0.113,-0.17393878624947423,-0.17393878624947423,0.007604938775193601,0.05251578857199031,-0.01921369981995851,0.000304197551007744,-0.12523592609962145,0.0014704420800157286,0.78,0.04,0.72,0.028,1.0,0.11527866340621057,0.11527866340621057,0.10378704242007257,0.11035580536157563,0.08699999749660492,0.1426749862885565,0.1426749862885565,0.11104653203472402,-0.019830460474901696,0.18913044035434723,0.10564810183173301,0.07423369277268649,0.12106743203870353,0.12490922498068813,0.09976630222052335,0.13736230358727716,0.03141440905904652,0.025142922760164776,0.034041385862818296,0.03844756817099374,0.015419330206970514,0.01245307860658903,nan,1.0,0.0,-0.494,0.7950252648704178,2.3519999980926514,1.0,0,1,1,0,1.9523465633392334,1.4290763139724731,0.6975814946971343,FOLLOW_MAIN,cascade_pd_tracking,follow_main,inner_wheel_pd,lidar_disabled,FOLLOW_MAIN,COMMITTED,UNKNOWN,1,2,1,1,1,1,2,2.002046823501587,1.595524787902832,1.1882636547088623,0.7768170833587646,0.3785064220428467,7.152557373046875e-05,0.014818797000316408,0.023685873999966134
1784803399.4075358,121.97915554046631,-15.8,-0.0158,-15.8,-0.024632948487126296,-24.632948487126296,-0.024632948487126296,-24.632948487126296,-0.113,-0.17393878624947423,-0.17393878624947423,0.007604938775193601,0.05251578857199031,-0.01921369981995851,0.000304197551007744,-0.12523592609962145,0.0014704420800157286,0.78,0.04,0.72,0.028,1.0,0.11527866340621057,0.11527866340621057,0.10378704242007257,0.11035580536157563,0.08699999749660492,0.1426749862885565,0.1426749862885565,0.11104653203472402,-0.019830460474901696,0.18913044035434723,0.10564810183173301,0.07423369277268649,0.12106743203870353,0.12490922498068813,0.09976630222052335,0.13736230358727716,0.03141440905904652,0.025142922760164776,0.034041385862818296,0.03844756817099374,0.015419330206970514,0.01245307860658903,nan,1.0,0.0,-0.494,0.7950252648704178,2.3519999980926514,1.0,0,1,1,0,1.9523465633392334,1.4290763139724731,0.6975814946971343,FOLLOW_MAIN,cascade_pd_tracking,follow_main,inner_wheel_pd,lidar_disabled,FOLLOW_MAIN,COMMITTED,UNKNOWN,1,2,1,1,1,1,2,0.00010895729064941406,2.024426221847534,1.6171648502349854,1.2057185173034668,0.8074078559875488,0.4289729595184326,0.014818797000316408,0.023685873999966134
1784803401.9285607,124.50018048286438,38.400000000000006,0.038400000000000004,38.400000000000006,0.03909309761105271,39.093097611052706,0.03909309761105271,39.093097611052706,0.268,0.2722771563917966,0.2722771563917966,0.006594590962030118,0.04407919877438813,0.030492616136621114,0.0002637836384812047,0.19603955260209355,0.0012342175656828676,0.78,0.04,0.72,0.028,1.0,0.09985795505217279,0.09985795505217279,0.0798479962418881,0.11035580536157563,0.1014999970793724,-0.22803016994287872,-0.22803016994287872,-0.20865176890572232,-0.019830460474901696,-0.2521739602088928,0.11524999152331711,0.11852173939347267,0.11471944488760315,0.08446591858102848,0.08447825476527214,0.08410206575469824,0.0,0.0,-0.05305466357139656,-0.0363852826330242,-0.0005305466357139655,-0.00036385282633024204,nan,1.0,0.0,0.963,0.6886755520839504,1.9850000143051147,1.0,0,1,1,0,2.254276990890503,1.7448900938034058,0.6531340703211037,FOLLOW_MAIN,cascade_pd_tracking,follow_main,inner_wheel_pd,lidar_disabled,FOLLOW_MAIN,COMMITTED,UNKNOWN,1,2,1,1,1,1,2,2.521134614944458,8.511543273925781e-05,4.138190269470215,3.7267439365386963,3.3284335136413574,2.9499988555908203,0.014910037999925407,0.11734972199974436
1784803402.3453622,124.9169819355011,38.400000000000006,0.038400000000000004,38.400000000000006,0.03909309761105271,39.093097611052706,0.03909309761105271,39.093097611052706,0.268,0.2722771563917966,0.2722771563917966,0.006594590962030118,0.04407919877438813,0.030492616136621114,0.0002637836384812047,0.19603955260209355,0.0012342175656828676,0.78,0.04,0.72,0.028,1.0,0.09985795505217279,0.09985795505217279,0.0798479962418881,0.11035580536157563,0.1014999970793724,-0.22803016994287872,-0.22803016994287872,-0.20865176890572232,-0.019830460474901696,-0.2521739602088928,0.11524999152331711,0.11852173939347267,0.11471944488760315,0.08446591858102848,0.08447825476527214,0.08410206575469824,0.0,0.0,-0.05305466357139656,-0.0363852826330242,-0.0005305466357139655,-0.00036385282633024204,nan,1.0,0.0,0.963,0.6886755520839504,1.9850000143051147,1.0,0,1,1,0,2.254276990890503,1.7448900938034058,0.6531340703211037,FOLLOW_MAIN,cascade_pd_tracking,follow_main,inner_wheel_pd,lidar_disabled,FOLLOW_MAIN,COMMITTED,UNKNOWN,1,2,1,1,1,1,2,2.937943458557129,0.41689443588256836,8.058547973632812e-05,4.143553018569946,3.7452425956726074,3.3668079376220703,0.014910037999925407,0.11734972199974436
1784803402.7593095,125.33092927932739,38.400000000000006,0.038400000000000004,38.400000000000006,0.03909309761105271,39.093097611052706,0.03909309761105271,39.093097611052706,0.268,0.2722771563917966,0.2722771563917966,0.006594590962030118,0.04407919877438813,0.030492616136621114,0.0002637836384812047,0.19603955260209355,0.0012342175656828676,0.78,0.04,0.72,0.028,1.0,0.09985795505217279,0.09985795505217279,0.0798479962418881,0.09636760351240947,0.1014999970793724,-0.22803016994287872,-0.22803016994287872,-0.20865176890572232,-0.162744960409938,-0.2521739602088928,0.11524999152331711,0.11852173939347267,0.11471944488760315,0.08446591858102848,0.08447825476527214,0.08410206575469824,0.0,0.0,-0.05305466357139656,-0.0363852826330242,-0.0005305466357139655,-0.00036385282633024204,nan,1.0,0.0,0.963,0.6886755520839504,1.9850000143051147,1.0,0,1,1,0,2.254276990890503,1.7448900938034058,0.6531340703211037,FOLLOW_MAIN,cascade_pd_tracking,follow_main,inner_wheel_pd,lidar_disabled,FOLLOW_MAIN,COMMITTED,UNKNOWN,1,2,1,1,1,1,2,3.3518941402435303,0.8308451175689697,0.4140312671661377,9.083747863769531e-05,4.159193754196167,3.78075909614563,0.014910037999925407,0.11734972199974436
1784803403.142628,125.71424770355225,38.400000000000006,0.038400000000000004,38.400000000000006,0.03909309761105271,39.093097611052706,0.03909309761105271,39.093097611052706,0.268,0.2722771563917966,0.2722771563917966,0.006594590962030118,0.04407919877438813,0.030492616136621114,0.0002637836384812047,0.19603955260209355,0.0012342175656828676,0.78,0.04,0.72,0.028,1.0,0.09985795505217279,0.09985795505217279,0.0798479962418881,0.09636760351240947,0.1014999970793724,-0.22803016994287872,-0.22803016994287872,-0.20865176890572232,-0.162744960409938,-0.2521739602088928,0.11524999152331711,0.11852173939347267,0.11471944488760315,0.08446591858102848,0.08447825476527214,0.08410206575469824,0.0,0.0,-0.05305466357139656,-0.0363852826330242,-0.0005305466357139655,-0.00036385282633024204,nan,1.0,0.0,0.963,0.6886755520839504,1.9850000143051147,1.0,0,1,1,0,2.254276990890503,1.7448900938034058,0.6531340703211037,FOLLOW_MAIN,cascade_pd_tracking,follow_main,inner_wheel_pd,lidar_disabled,FOLLOW_MAIN,COMMITTED,UNKNOWN,1,2,1,1,1,1,2,3.7352335453033447,1.2141845226287842,0.7973706722259521,0.38343095779418945,0.00013399124145507812,4.1640989780426025,0.014910037999925407,0.11734972199974436
1784803403.529202,126.10082173347473,38.400000000000006,0.038400000000000004,38.400000000000006,0.03909309761105271,39.093097611052706,0.03909309761105271,39.093097611052706,0.268,0.2722771563917966,0.2722771563917966,0.006594590962030118,0.04407919877438813,0.030492616136621114,0.0002637836384812047,0.19603955260209355,0.0012342175656828676,0.78,0.04,0.72,0.028,1.0,0.09985795505217279,0.09985795505217279,0.0798479962418881,0.09636760351240947,0.1014999970793724,-0.22803016994287872,-0.22803016994287872,-0.20865176890572232,-0.162744960409938,-0.2521739602088928,0.11524999152331711,0.11852173939347267,0.11471944488760315,0.08446591858102848,0.08447825476527214,0.08410206575469824,0.0,0.0,-0.05305466357139656,-0.0363852826330242,-0.0005305466357139655,-0.00036385282633024204,nan,1.0,0.0,0.963,0.6886755520839504,1.9850000143051147,1.0,0,1,1,0,2.254276990890503,1.7448900938034058,0.6531340703211037,FOLLOW_MAIN,cascade_pd_tracking,follow_main,inner_wheel_pd,lidar_disabled,FOLLOW_MAIN,COMMITTED,UNKNOWN,1,2,1,1,1,1,2,4.121780157089233,1.6007306575775146,1.1839170455932617,0.7699766159057617,0.38667964935302734,0.00011444091796875,0.014910037999925407,0.11734972199974436
1784803403.9309978,126.50261759757996,38.400000000000006,0.038400000000000004,38.400000000000006,0.03909309761105271,39.093097611052706,0.03909309761105271,39.093097611052706,0.268,0.2722771563917966,0.2722771563917966,0.006594590962030118,0.04407919877438813,0.030492616136621114,0.0002637836384812047,0.19603955260209355,0.0012342175656828676,0.78,0.04,0.72,0.028,1.0,0.09985795505217279,0.09985795505217279,0.0798479962418881,0.09636760351240947,0.1014999970793724,-0.22803016994287872,-0.22803016994287872,-0.20865176890572232,-0.162744960409938,-0.2521739602088928,0.11524999152331711,0.11852173939347267,0.11471944488760315,0.08446591858102848,0.08447825476527214,0.08410206575469824,0.0,0.0,-0.05305466357139656,-0.0363852826330242,-0.0005305466357139655,-0.00036385282633024204,nan,1.0,0.0,0.963,0.6886755520839504,1.9850000143051147,1.0,0,1,1,0,2.254276990890503,1.7448900938034058,0.6531340703211037,FOLLOW_MAIN,cascade_pd_tracking,follow_main,inner_wheel_pd,lidar_disabled,FOLLOW_MAIN,COMMITTED,UNKNOWN,1,2,1,1,1,1,2,0.00011324882507324219,2.002560615539551,1.5857467651367188,1.171806812286377,0.7885096073150635,0.401944637298584,0.014910037999925407,0.11734972199974436
1784803404.350107,126.9217267036438,21.0,0.021,21.0,0.021410265434255574,21.410265434255574,0.021410265434255574,21.410265434255574,0.149,0.15203783941760254,0.15203783941760254,-0.006499463873516668,-0.044367890376456096,0.016700007038719347,-0.0002599785549406667,0.10946724438067383,-0.0012423009305407707,0.78,0.04,0.72,0.028,1.0,0.11637706461037438,0.07555771999998796,0.05560055974160038,0.09636760351240947,0.0833749920129776,-0.12466497193391175,-0.12466497193391175,-0.07255952005827586,-0.162744960409938,-0.15760868787765503,0.08397260560552701,0.09401357844471932,0.07454635731735076,0.06714283439444892,0.07273640558123588,0.0638990364392342,-0.010040972839192308,-0.005593571186786966,0.0517167461275972,0.06713754067377392,-0.0043024995015363355,-0.0020135387629200046,nan,1.0,0.0,0.711,0.8026004455887888,1.777999997138977,1.0,0,1,1,0,2.4558041095733643,1.8284785747528076,0.1654936650927024,FOLLOW_MAIN,cascade_pd_tracking,follow_main,inner_wheel_pd,lidar_disabled,FOLLOW_MAIN,COMMITTED,UNKNOWN,1,2,1,1,1,1,2,0.4191768169403076,6.985664367675781e-05,2.004810094833374,1.590869665145874,1.2075722217559814,0.821007251739502,0.041497159999835276,0.05035892399973818
1784803404.7411335,127.312753200531,21.0,0.021,21.0,0.021410265434255574,21.410265434255574,0.021410265434255574,21.410265434255574,0.149,0.15203783941760254,0.15203783941760254,-0.006499463873516668,-0.044367890376456096,0.016700007038719347,-0.0002599785549406667,0.10946724438067383,-0.0012423009305407707,0.78,0.04,0.72,0.028,1.0,0.11637706461037438,0.07555771999998796,0.05560055974160038,0.09636760351240947,0.0833749920129776,-0.12466497193391175,-0.12466497193391175,-0.07255952005827586,-0.162744960409938,-0.15760868787765503,0.08397260560552701,0.09401357844471932,0.07454635731735076,0.06714283439444892,0.07273640558123588,0.0638990364392342,-0.010040972839192308,-0.005593571186786966,0.0517167461275972,0.06713754067377392,-0.0043024995015363355,-0.0020135387629200046,nan,1.0,0.0,0.711,0.8026004455887888,1.777999997138977,1.0,0,1,1,0,2.4558041095733643,1.8284785747528076,0.1654936650927024,FOLLOW_MAIN,cascade_pd_tracking,follow_main,inner_wheel_pd,lidar_disabled,FOLLOW_MAIN,COMMITTED,UNKNOWN,1,2,1,1,1,1,2,0.8102102279663086,0.39110326766967773,6.604194641113281e-05,1.981902837753296,1.5986056327819824,1.212040662765503,0.041497159999835276,0.05035892399973818
1784803405.1185727,127.6901924610138,21.0,0.021,21.0,0.021410265434255574,21.410265434255574,0.021410265434255574,21.410265434255574,0.149,0.15203783941760254,0.15203783941760254,-0.006499463873516668,-0.044367890376456096,0.016700007038719347,-0.0002599785549406667,0.10946724438067383,-0.0012423009305407707,0.78,0.04,0.72,0.028,1.0,0.11637706461037438,0.07555771999998796,0.05560055974160038,0.04856354476277275,0.0833749920129776,-0.12466497193391175,-0.12466497193391175,-0.07255952005827586,-0.10868884166092342,-0.15760868787765503,0.08397260560552701,0.09401357844471932,0.07454635731735076,0.06714283439444892,0.07273640558123588,0.0638990364392342,-0.010040972839192308,-0.005593571186786966,0.0517167461275972,0.06713754067377392,-0.0043024995015363355,-0.0020135387629200046,nan,1.0,0.0,0.711,0.8026004455887888,1.777999997138977,1.0,0,1,1,0,2.4558041095733643,1.8284785747528076,0.1654936650927024,FOLLOW_MAIN,cascade_pd_tracking,follow_main,inner_wheel_pd,lidar_disabled,FOLLOW_MAIN,COMMITTED,UNKNOWN,1,2,1,1,1,1,2,1.1876540184020996,0.7685468196868896,0.37750983238220215,7.605552673339844e-05,1.9760496616363525,1.5894849300384521,0.041497159999835276,0.05035892399973818
1784803405.5089607,128.08058047294617,21.0,0.021,21.0,0.021410265434255574,21.410265434255574,0.021410265434255574,21.410265434255574,0.149,0.15203783941760254,0.15203783941760254,-0.006499463873516668,-0.044367890376456096,0.016700007038719347,-0.0002599785549406667,0.10946724438067383,-0.0012423009305407707,0.78,0.04,0.72,0.028,1.0,0.11637706461037438,0.07555771999998796,0.05560055974160038,0.04856354476277275,0.0833749920129776,-0.12466497193391175,-0.12466497193391175,-0.07255952005827586,-0.10868884166092342,-0.15760868787765503,0.08397260560552701,0.09401357844471932,0.07454635731735076,0.06714283439444892,0.07273640558123588,0.0638990364392342,-0.010040972839192308,-0.005593571186786966,0.0517167461275972,0.06713754067377392,-0.0043024995015363355,-0.0020135387629200046,nan,1.0,0.0,0.711,0.8026004455887888,1.777999997138977,1.0,0,1,1,0,2.4558041095733643,1.8284785747528076,0.1654936650927024,FOLLOW_MAIN,cascade_pd_tracking,follow_main,inner_wheel_pd,lidar_disabled,FOLLOW_MAIN,COMMITTED,UNKNOWN,1,2,1,1,1,1,2,1.5780651569366455,1.1589584350585938,0.7679212093353271,0.3904874324798584,0.00010395050048828125,1.9798955917358398,0.041497159999835276,0.05035892399973818
1784803405.89402,128.46563982963562,21.0,0.021,21.0,0.021410265434255574,21.410265434255574,0.021410265434255574,21.410265434255574,0.149,0.15203783941760254,0.15203783941760254,-0.006499463873516668,-0.044367890376456096,0.016700007038719347,-0.0002599785549406667,0.10946724438067383,-0.0012423009305407707,0.78,0.04,0.72,0.028,1.0,0.11637706461037438,0.07555771999998796,0.05560055974160038,0.04856354476277275,0.0833749920129776,-0.12466497193391175,-0.12466497193391175,-0.07255952005827586,-0.10868884166092342,-0.15760868787765503,0.08397260560552701,0.09401357844471932,0.07454635731735076,0.06714283439444892,0.07273640558123588,0.0638990364392342,-0.010040972839192308,-0.005593571186786966,0.0517167461275972,0.06713754067377392,-0.0043024995015363355,-0.0020135387629200046,nan,1.0,0.0,0.711,0.8026004455887888,1.777999997138977,1.0,0,1,1,0,2.4558041095733643,1.8284785747528076,0.1654936650927024,FOLLOW_MAIN,cascade_pd_tracking,follow_main,inner_wheel_pd,lidar_disabled,FOLLOW_MAIN,COMMITTED,UNKNOWN,1,2,1,1,1,1,2,1.9631237983703613,1.5440168380737305,1.1529796123504639,0.7755463123321533,0.3851630687713623,9.751319885253906e-05,0.041497159999835276,0.05035892399973818
1784803406.311876,128.8834958076477,21.0,0.021,21.0,0.021410265434255574,21.410265434255574,0.021410265434255574,21.410265434255574,0.149,0.15203783941760254,0.15203783941760254,-0.006499463873516668,-0.044367890376456096,0.016700007038719347,-0.0002599785549406667,0.10946724438067383,-0.0012423009305407707,0.78,0.04,0.72,0.028,1.0,0.11637706461037438,0.07555771999998796,0.05560055974160038,0.04856354476277275,0.0833749920129776,-0.12466497193391175,-0.12466497193391175,-0.07255952005827586,-0.10868884166092342,-0.15760868787765503,0.08397260560552701,0.09401357844471932,0.07454635731735076,0.06714283439444892,0.07273640558123588,0.0638990364392342,-0.010040972839192308,-0.005593571186786966,0.0517167461275972,0.06713754067377392,-0.0043024995015363355,-0.0020135387629200046,nan,1.0,0.0,0.711,0.8026004455887888,1.777999997138977,1.0,0,1,1,0,2.4558041095733643,1.8284785747528076,0.1654936650927024,FOLLOW_MAIN,cascade_pd_tracking,follow_main,inner_wheel_pd,lidar_disabled,FOLLOW_MAIN,COMMITTED,UNKNOWN,1,2,1,1,1,1,2,8.249282836914062e-05,1.9618542194366455,1.570817232131958,1.1933834552764893,0.8030002117156982,0.4179353713989258,0.041497159999835276,0.05035892399973818
1784803406.707988,129.27960777282715,20.0,0.02,20.0,0.021152954298377283,21.15295429837728,0.021152954298377283,21.15295429837728,0.14200000000000002,0.14970718596904956,0.14970718596904956,-0.000916400321343011,-0.0064910374437897505,0.016499304352734282,-3.665601285372044e-05,0.10778917389771568,-0.000181749048426113,0.78,0.04,0.72,0.028,0.75,0.065,0.07076372674002414,0.07376491476150618,0.04856354476277275,0.03987500071525574,-0.0930525548918776,-0.1069339828006655,-0.050155863357631704,-0.10868884166092342,-0.28369560837745667,0.07798177057906906,0.059024454280734065,0.09551723276572753,0.06354568290097921,0.02072554714977741,0.08815740499042288,0.018957316298334997,0.042820135751201804,-0.011023665583590317,0.04534841957339679,0.008989275167364896,0.021007149356310834,nan,1.0,0.0,1.21,0.7770074256580802,1.6349999904632568,1.0,0,1,1,0,2.5933501720428467,1.8372255563735962,-0.10515100688404452,FOLLOW_MAIN,cascade_pd_tracking,planner_hold,inner_wheel_pd,lidar_disabled,FOLLOW_MAIN,COMMITTED,HOLD,1,1,1,1,1,1,1,0.39618968963623047,8.869171142578125e-05,1.9669244289398193,1.5894908905029297,1.1991078853607178,0.814042329788208,0.011065417000281741,0.0028912850002598134
1784803407.1039479,129.67556762695312,20.0,0.02,20.0,0.021152954298377283,21.15295429837728,0.021152954298377283,21.15295429837728,0.14200000000000002,0.14970718596904956,0.14970718596904956,-0.000916400321343011,-0.0064910374437897505,0.016499304352734282,-3.665601285372044e-05,0.10778917389771568,-0.000181749048426113,0.78,0.04,0.72,0.028,0.75,0.065,0.07076372674002414,0.07376491476150618,0.04856354476277275,0.03987500071525574,-0.0930525548918776,-0.1069339828006655,-0.050155863357631704,-0.10868884166092342,-0.28369560837745667,0.07798177057906906,0.059024454280734065,0.09551723276572753,0.06354568290097921,0.02072554714977741,0.08815740499042288,0.018957316298334997,0.042820135751201804,-0.011023665583590317,0.04534841957339679,0.008989275167364896,0.021007149356310834,nan,1.0,0.0,1.21,0.7770074256580802,1.6349999904632568,1.0,0,1,1,0,2.5933501720428467,1.8372255563735962,-0.10515100688404452,FOLLOW_MAIN,cascade_pd_tracking,planner_hold,inner_wheel_pd,lidar_disabled,FOLLOW_MAIN,COMMITTED,HOLD,1,1,1,1,1,1,1,0.7921528816223145,0.39605188369750977,8.320808410644531e-05,1.9854536056518555,1.5950706005096436,1.210005283355713,0.011065417000281741,0.0028912850002598134
1784803407.4804661,130.05208587646484,20.0,0.02,20.0,0.021152954298377283,21.15295429837728,0.021152954298377283,21.15295429837728,0.14200000000000002,0.14970718596904956,0.14970718596904956,-0.000916400321343011,-0.0064910374437897505,0.016499304352734282,-3.665601285372044e-05,0.10778917389771568,-0.000181749048426113,0.78,0.04,0.72,0.028,0.75,0.065,0.07076372674002414,0.07376491476150618,0.0710048841153266,0.03987500071525574,-0.0930525548918776,-0.1069339828006655,-0.050155863357631704,-0.07948730289287141,-0.28369560837745667,0.07798177057906906,0.059024454280734065,0.09551723276572753,0.06354568290097921,0.02072554714977741,0.08815740499042288,0.018957316298334997,0.042820135751201804,-0.011023665583590317,0.04534841957339679,0.008989275167364896,0.021007149356310834,nan,1.0,0.0,1.21,0.7770074256580802,1.6349999904632568,1.0,0,1,1,0,2.5933501720428467,1.8372255563735962,-0.10515100688404452,FOLLOW_MAIN,cascade_pd_tracking,planner_hold,inner_wheel_pd,lidar_disabled,FOLLOW_MAIN,COMMITTED,HOLD,1,1,1,1,1,1,1,1.1686763763427734,0.7725753784179688,0.37660670280456543,0.00011444091796875,1.9715938568115234,1.5865285396575928,0.011065417000281741,0.0028912850002598134
1784803407.8590832,130.4307029247284,20.0,0.02,20.0,0.021152954298377283,21.15295429837728,0.021152954298377283,21.15295429837728,0.14200000000000002,0.14970718596904956,0.14970718596904956,-0.000916400321343011,-0.0064910374437897505,0.016499304352734282,-3.665601285372044e-05,0.10778917389771568,-0.000181749048426113,0.78,0.04,0.72,0.028,0.75,0.065,0.07076372674002414,0.07376491476150618,0.0710048841153266,0.03987500071525574,-0.0930525548918776,-0.1069339828006655,-0.050155863357631704,-0.07948730289287141,-0.28369560837745667,0.07798177057906906,0.059024454280734065,0.09551723276572753,0.06354568290097921,0.02072554714977741,0.08815740499042288,0.018957316298334997,0.042820135751201804,-0.011023665583590317,0.04534841957339679,0.008989275167364896,0.021007149356310834,nan,1.0,0.0,1.21,0.7770074256580802,1.6349999904632568,1.0,0,1,1,0,2.5933501720428467,1.8372255563735962,-0.10515100688404452,FOLLOW_MAIN,cascade_pd_tracking,planner_hold,inner_wheel_pd,lidar_disabled,FOLLOW_MAIN,COMMITTED,HOLD,1,1,1,1,1,1,1,1.5472819805145264,1.1511809825897217,0.7552123069763184,0.3787200450897217,7.62939453125e-05,1.9651339054107666,0.011065417000281741,0.0028912850002598134
1784803408.2604222,130.83204197883606,20.0,0.02,20.0,0.021152954298377283,21.15295429837728,0.021152954298377283,21.15295429837728,0.14200000000000002,0.14970718596904956,0.14970718596904956,-0.000916400321343011,-0.0064910374437897505,0.016499304352734282,-3.665601285372044e-05,0.10778917389771568,-0.000181749048426113,0.78,0.04,0.72,0.028,0.75,0.065,0.07076372674002414,0.07376491476150618,0.0710048841153266,0.03987500071525574,-0.0930525548918776,-0.1069339828006655,-0.050155863357631704,-0.07948730289287141,-0.28369560837745667,0.07798177057906906,0.059024454280734065,0.09551723276572753,0.06354568290097921,0.02072554714977741,0.08815740499042288,0.018957316298334997,0.042820135751201804,-0.011023665583590317,0.04534841957339679,0.008989275167364896,0.021007149356310834,nan,1.0,0.0,1.21,0.7770074256580802,1.6349999904632568,1.0,0,1,1,0,2.5933501720428467,1.8372255563735962,-0.10515100688404452,FOLLOW_MAIN,cascade_pd_tracking,planner_hold,inner_wheel_pd,lidar_disabled,FOLLOW_MAIN,COMMITTED,HOLD,1,1,1,1,1,1,1,1.9486236572265625,1.5525224208831787,1.1565537452697754,0.7800619602203369,0.40141820907592773,8.153915405273438e-05,0.011065417000281741,0.0028912850002598134
1784803408.6490738,131.22069358825684,20.0,0.02,20.0,0.021152954298377283,21.15295429837728,0.021152954298377283,21.15295429837728,0.14200000000000002,0.14970718596904956,0.14970718596904956,-0.000916400321343011,-0.0064910374437897505,0.016499304352734282,-3.665601285372044e-05,0.10778917389771568,-0.000181749048426113,0.78,0.04,0.72,0.028,0.75,0.065,0.07076372674002414,0.07376491476150618,0.0710048841153266,0.03987500071525574,-0.0930525548918776,-0.1069339828006655,-0.050155863357631704,-0.07948730289287141,-0.28369560837745667,0.07798177057906906,0.059024454280734065,0.09551723276572753,0.06354568290097921,0.02072554714977741,0.08815740499042288,0.018957316298334997,0.042820135751201804,-0.011023665583590317,0.04534841957339679,0.008989275167364896,0.021007149356310834,nan,1.0,0.0,1.21,0.7770074256580802,1.6349999904632568,1.0,0,1,1,0,2.5933501720428467,1.8372255563735962,-0.10515100688404452,FOLLOW_MAIN,cascade_pd_tracking,planner_hold,inner_wheel_pd,lidar_disabled,FOLLOW_MAIN,COMMITTED,HOLD,1,1,1,1,1,1,1,6.628036499023438e-05,1.9411699771881104,1.5452015399932861,1.1687090396881104,0.7900655269622803,0.38872838020324707,0.011065417000281741,0.0028912850002598134
1784803409.0485435,131.62016320228577,23.700000000000003,0.023700000000000002,23.700000000000003,0.023273368753421012,23.27336875342101,0.023273368753421012,23.27336875342101,0.168,0.16471301687336704,0.16471301687336704,0.0014897976885968095,0.010448178405406327,0.01815322762766839,5.959190754387238e-05,0.11859337214882426,0.00029254899535137717,0.78,0.04,0.72,0.028,0.75,0.065,0.07231892986006642,0.061487333782696676,0.0710048841153266,0.06524999439716339,-0.10282405550954093,-0.12076057353383385,-0.16381968318637538,-0.07948730289287141,1.6196914032207133e-08,0.0804702685736002,0.0652499933038717,0.08857110948889252,0.06416759114653264,0.06524999549045508,0.06453235163002222,0.015220275269728509,0.0,0.07951087858226288,0.036476048348957596,0.008100840915292312,0.00036476048348957596,nan,1.0,0.0,1.307,0.7588923002688526,5.636000156402588,1.0,0,1,1,0,2.7375385761260986,1.8070075511932373,-0.3067005425784469,FOLLOW_MAIN,cascade_pd_tracking,planner_hold,inner_wheel_pd,lidar_disabled,FOLLOW_MAIN,COMMITTED,HOLD,1,1,1,1,1,1,1,0.39953160285949707,7.200241088867188e-05,1.9446666240692139,1.5681743621826172,1.189530611038208,0.7881934642791748,0.012018177999834734,0.025022284999977273
1784803409.4236627,131.99528241157532,23.700000000000003,0.023700000000000002,23.700000000000003,0.023273368753421012,23.27336875342101,0.023273368753421012,23.27336875342101,0.168,0.16471301687336704,0.16471301687336704,0.0014897976885968095,0.010448178405406327,0.01815322762766839,5.959190754387238e-05,0.11859337214882426,0.00029254899535137717,0.78,0.04,0.72,0.028,0.75,0.065,0.07231892986006642,0.061487333782696676,0.0710048841153266,0.06524999439716339,-0.10282405550954093,-0.12076057353383385,-0.16381968318637538,-0.07948730289287141,1.6196914032207133e-08,0.0804702685736002,0.0652499933038717,0.08857110948889252,0.06416759114653264,0.06524999549045508,0.06453235163002222,0.015220275269728509,0.0,0.07951087858226288,0.036476048348957596,0.008100840915292312,0.00036476048348957596,nan,1.0,0.0,1.307,0.7588923002688526,5.636000156402588,1.0,0,1,1,0,2.7375385761260986,1.8070075511932373,-0.3067005425784469,FOLLOW_MAIN,cascade_pd_tracking,planner_hold,inner_wheel_pd,lidar_disabled,FOLLOW_MAIN,COMMITTED,HOLD,1,1,1,1,1,1,1,0.7746601104736328,0.3752005100250244,0.00010228157043457031,1.9433026313781738,1.5646593570709229,1.1633224487304688,0.012018177999834734,0.025022284999977273
1784803409.817481,132.3891007900238,23.700000000000003,0.023700000000000002,23.700000000000003,0.023273368753421012,23.27336875342101,0.023273368753421012,23.27336875342101,0.168,0.16471301687336704,0.16471301687336704,0.0014897976885968095,0.010448178405406327,0.01815322762766839,5.959190754387238e-05,0.11859337214882426,0.00029254899535137717,0.78,0.04,0.72,0.028,0.75,0.065,0.07231892986006642,0.061487333782696676,0.047055621421688405,0.06524999439716339,-0.10282405550954093,-0.12076057353383385,-0.16381968318637538,-0.1169081820006733,1.6196914032207133e-08,0.0804702685736002,0.0652499933038717,0.08857110948889252,0.06416759114653264,0.06524999549045508,0.06453235163002222,0.015220275269728509,0.0,0.07951087858226288,0.036476048348957596,0.008100840915292312,0.00036476048348957596,nan,1.0,0.0,1.307,0.7588923002688526,5.636000156402588,1.0,0,1,1,0,2.7375385761260986,1.8070075511932373,-0.3067005425784469,FOLLOW_MAIN,cascade_pd_tracking,planner_hold,inner_wheel_pd,lidar_disabled,FOLLOW_MAIN,COMMITTED,HOLD,1,1,1,1,1,1,1,1.168483018875122,0.769024133682251,0.39392566680908203,8.702278137207031e-05,1.9584829807281494,1.5571460723876953,0.012018177999834734,0.025022284999977273
1784803410.21471,132.78632974624634,23.700000000000003,0.023700000000000002,23.700000000000003,0.023273368753421012,23.27336875342101,0.023273368753421012,23.27336875342101,0.168,0.16471301687336704,0.16471301687336704,0.0014897976885968095,0.010448178405406327,0.01815322762766839,5.959190754387238e-05,0.11859337214882426,0.00029254899535137717,0.78,0.04,0.72,0.028,0.75,0.065,0.07231892986006642,0.061487333782696676,0.047055621421688405,0.06524999439716339,-0.10282405550954093,-0.12076057353383385,-0.16381968318637538,-0.1169081820006733,1.6196914032207133e-08,0.0804702685736002,0.0652499933038717,0.08857110948889252,0.06416759114653264,0.06524999549045508,0.06453235163002222,0.015220275269728509,0.0,0.07951087858226288,0.036476048348957596,0.008100840915292312,0.00036476048348957596,nan,1.0,0.0,1.307,0.7588923002688526,5.636000156402588,1.0,0,1,1,0,2.7375385761260986,1.8070075511932373,-0.3067005425784469,FOLLOW_MAIN,cascade_pd_tracking,planner_hold,inner_wheel_pd,lidar_disabled,FOLLOW_MAIN,COMMITTED,HOLD,1,1,1,1,1,1,1,1.5657093524932861,1.1662499904632568,0.791151762008667,0.39731311798095703,8.440017700195312e-05,1.9543721675872803,0.012018177999834734,0.025022284999977273
1784803410.5798678,133.15148758888245,23.700000000000003,0.023700000000000002,23.700000000000003,0.023273368753421012,23.27336875342101,0.023273368753421012,23.27336875342101,0.168,0.16471301687336704,0.16471301687336704,0.0014897976885968095,0.010448178405406327,0.01815322762766839,5.959190754387238e-05,0.11859337214882426,0.00029254899535137717,0.78,0.04,0.72,0.028,0.75,0.065,0.07231892986006642,0.061487333782696676,0.047055621421688405,0.06524999439716339,-0.10282405550954093,-0.12076057353383385,-0.16381968318637538,-0.1169081820006733,1.6196914032207133e-08,0.0804702685736002,0.0652499933038717,0.08857110948889252,0.06416759114653264,0.06524999549045508,0.06453235163002222,0.015220275269728509,0.0,0.07951087858226288,0.036476048348957596,0.008100840915292312,0.00036476048348957596,nan,1.0,0.0,1.307,0.7588923002688526,5.636000156402588,1.0,0,1,1,0,2.7375385761260986,1.8070075511932373,-0.3067005425784469,FOLLOW_MAIN,cascade_pd_tracking,planner_hold,inner_wheel_pd,lidar_disabled,FOLLOW_MAIN,COMMITTED,HOLD,1,1,1,1,1,1,1,1.930858850479126,1.5313994884490967,1.1563010215759277,0.7624623775482178,0.3652334213256836,8.0108642578125e-05,0.012018177999834734,0.025022284999977273
1784803410.9568317,133.5284514427185,23.700000000000003,0.023700000000000002,23.700000000000003,0.023273368753421012,23.27336875342101,0.023273368753421012,23.27336875342101,0.168,0.16471301687336704,0.16471301687336704,0.0014897976885968095,0.010448178405406327,0.01815322762766839,5.959190754387238e-05,0.11859337214882426,0.00029254899535137717,0.78,0.04,0.72,0.028,0.75,0.065,0.07231892986006642,0.061487333782696676,0.047055621421688405,0.06524999439716339,-0.10282405550954093,-0.12076057353383385,-0.16381968318637538,-0.1169081820006733,1.6196914032207133e-08,0.0804702685736002,0.0652499933038717,0.08857110948889252,0.06416759114653264,0.06524999549045508,0.06453235163002222,0.015220275269728509,0.0,0.07951087858226288,0.036476048348957596,0.008100840915292312,0.00036476048348957596,nan,1.0,0.0,1.307,0.7588923002688526,5.636000156402588,1.0,0,1,1,0,2.7375385761260986,1.8070075511932373,-0.3067005425784469,FOLLOW_MAIN,cascade_pd_tracking,planner_hold,inner_wheel_pd,lidar_disabled,FOLLOW_MAIN,COMMITTED,HOLD,1,1,1,1,1,1,1,7.62939453125e-05,1.9083716869354248,1.5332732200622559,1.139435052871704,0.742206335067749,0.37705349922180176,0.012018177999834734,0.025022284999977273
1784803411.3321667,133.90378642082214,24.200000000000003,0.024200000000000003,24.200000000000003,0.024234874769191103,24.2348747691911,0.024234874769191103,24.2348747691911,0.171,0.1714547452107953,0.1714547452107953,0.0007676554541764247,0.005128112216821331,0.018903202319969063,3.0706218167056985e-05,0.1234474165517726,0.00014358714207099725,0.78,0.04,0.72,0.028,0.75,0.065,0.065,0.06299106956247699,0.047055621421688405,0.03624999523162842,-0.10689368417398479,-0.10689368417398479,-0.029624259793901216,-0.1169081820006733,-0.25217387080192566,0.07221532368174398,0.0532717315107584,0.08059740066624944,0.057784676318256026,0.019228258952498436,0.07625036254431829,0.018943592170985582,0.038556417365757586,-0.07108472575676136,-0.0041394109501381214,0.008382076984505465,0.01846568622606226,nan,1.0,0.0,1.543,0.7408375876468272,5.485000133514404,1.0,0,1,1,0,2.8490099906921387,1.7556557655334473,-0.5636327790330196,FOLLOW_MAIN,cascade_pd_tracking,planner_hold,inner_wheel_pd,lidar_disabled,FOLLOW_MAIN,COMMITTED,HOLD,1,1,1,1,1,1,1,0.3754312992095947,0.00011014938354492188,1.9086284637451172,1.5147898197174072,1.1175611019134521,0.7524080276489258,0.04265318100033255,0.04807149099997332
1784803411.7116268,134.2832465171814,24.200000000000003,0.024200000000000003,24.200000000000003,0.024234874769191103,24.2348747691911,0.024234874769191103,24.2348747691911,0.171,0.1714547452107953,0.1714547452107953,0.0007676554541764247,0.005128112216821331,0.018903202319969063,3.0706218167056985e-05,0.1234474165517726,0.00014358714207099725,0.78,0.04,0.72,0.028,0.75,0.065,0.065,0.06299106956247699,0.047055621421688405,0.03624999523162842,-0.10689368417398479,-0.10689368417398479,-0.029624259793901216,-0.1169081820006733,-0.25217387080192566,0.07221532368174398,0.0532717315107584,0.08059740066624944,0.057784676318256026,0.019228258952498436,0.07625036254431829,0.018943592170985582,0.038556417365757586,-0.07108472575676136,-0.0041394109501381214,0.008382076984505465,0.01846568622606226,nan,1.0,0.0,1.543,0.7408375876468272,5.485000133514404,1.0,0,1,1,0,2.8490099906921387,1.7556557655334473,-0.5636327790330196,FOLLOW_MAIN,cascade_pd_tracking,planner_hold,inner_wheel_pd,lidar_disabled,FOLLOW_MAIN,COMMITTED,HOLD,1,1,1,1,1,1,1,0.7549543380737305,0.37963414192199707,0.00020074844360351562,1.8943157196044922,1.4970886707305908,1.1319365501403809,0.04265318100033255,0.04807149099997332
1784803412.0954003,134.66702008247375,24.200000000000003,0.024200000000000003,24.200000000000003,0.024234874769191103,24.2348747691911,0.024234874769191103,24.2348747691911,0.171,0.1714547452107953,0.1714547452107953,0.0007676554541764247,0.005128112216821331,0.018903202319969063,3.0706218167056985e-05,0.1234474165517726,0.00014358714207099725,0.78,0.04,0.72,0.028,0.75,0.065,0.065,0.06299106956247699,0.06878952659931403,0.03624999523162842,-0.10689368417398479,-0.10689368417398479,-0.029624259793901216,-0.10140880880676775,-0.25217387080192566,0.07221532368174398,0.0532717315107584,0.08059740066624944,0.057784676318256026,0.019228258952498436,0.07625036254431829,0.018943592170985582,0.038556417365757586,-0.07108472575676136,-0.0041394109501381214,0.008382076984505465,0.01846568622606226,nan,1.0,0.0,1.543,0.7408375876468272,5.485000133514404,1.0,0,1,1,0,2.8490099906921387,1.7556557655334473,-0.5636327790330196,FOLLOW_MAIN,cascade_pd_tracking,planner_hold,inner_wheel_pd,lidar_disabled,FOLLOW_MAIN,COMMITTED,HOLD,1,1,1,1,1,1,1,1.138657808303833,0.7633366584777832,0.38390207290649414,0.0001327991485595703,1.8807876110076904,1.5156347751617432,0.04265318100033255,0.04807149099997332
1784803412.4655135,135.0371332168579,24.200000000000003,0.024200000000000003,24.200000000000003,0.024234874769191103,24.2348747691911,0.024234874769191103,24.2348747691911,0.171,0.1714547452107953,0.1714547452107953,0.0007676554541764247,0.005128112216821331,0.018903202319969063,3.0706218167056985e-05,0.1234474165517726,0.00014358714207099725,0.78,0.04,0.72,0.028,0.75,0.065,0.065,0.06299106956247699,0.06878952659931403,0.03624999523162842,-0.10689368417398479,-0.10689368417398479,-0.029624259793901216,-0.10140880880676775,-0.25217387080192566,0.07221532368174398,0.0532717315107584,0.08059740066624944,0.057784676318256026,0.019228258952498436,0.07625036254431829,0.018943592170985582,0.038556417365757586,-0.07108472575676136,-0.0041394109501381214,0.008382076984505465,0.01846568622606226,nan,1.0,0.0,1.543,0.7408375876468272,5.485000133514404,1.0,0,1,1,0,2.8490099906921387,1.7556557655334473,-0.5636327790330196,FOLLOW_MAIN,cascade_pd_tracking,planner_hold,inner_wheel_pd,lidar_disabled,FOLLOW_MAIN,COMMITTED,HOLD,1,1,1,1,1,1,1,1.5087552070617676,1.1334340572357178,0.7539994716644287,0.37023019790649414,8.20159912109375e-05,1.8857316970825195,0.04265318100033255,0.04807149099997332
1784803412.8323267,135.40394639968872,24.200000000000003,0.024200000000000003,24.200000000000003,0.024234874769191103,24.2348747691911,0.024234874769191103,24.2348747691911,0.171,0.1714547452107953,0.1714547452107953,0.0007676554541764247,0.005128112216821331,0.018903202319969063,3.0706218167056985e-05,0.1234474165517726,0.00014358714207099725,0.78,0.04,0.72,0.028,0.75,0.065,0.065,0.06299106956247699,0.06878952659931403,0.03624999523162842,-0.10689368417398479,-0.10689368417398479,-0.029624259793901216,-0.10140880880676775,-0.25217387080192566,0.07221532368174398,0.0532717315107584,0.08059740066624944,0.057784676318256026,0.019228258952498436,0.07625036254431829,0.018943592170985582,0.038556417365757586,-0.07108472575676136,-0.0041394109501381214,0.008382076984505465,0.01846568622606226,nan,1.0,0.0,1.543,0.7408375876468272,5.485000133514404,1.0,0,1,1,0,2.8490099906921387,1.7556557655334473,-0.5636327790330196,FOLLOW_MAIN,cascade_pd_tracking,planner_hold,inner_wheel_pd,lidar_disabled,FOLLOW_MAIN,COMMITTED,HOLD,1,1,1,1,1,1,1,1.875565767288208,1.5002448558807373,1.1208102703094482,0.7370405197143555,0.36689257621765137,7.104873657226562e-05,0.04265318100033255,0.04807149099997332
1784803413.2034652,135.7750849723816,24.200000000000003,0.024200000000000003,24.200000000000003,0.024234874769191103,24.2348747691911,0.024234874769191103,24.2348747691911,0.171,0.1714547452107953,0.1714547452107953,0.0007676554541764247,0.005128112216821331,0.018903202319969063,3.0706218167056985e-05,0.1234474165517726,0.00014358714207099725,0.78,0.04,0.72,0.028,0.75,0.065,0.065,0.06299106956247699,0.06878952659931403,0.03624999523162842,-0.10689368417398479,-0.10689368417398479,-0.029624259793901216,-0.10140880880676775,-0.25217387080192566,0.07221532368174398,0.0532717315107584,0.08059740066624944,0.057784676318256026,0.019228258952498436,0.07625036254431829,0.018943592170985582,0.038556417365757586,-0.07108472575676136,-0.0041394109501381214,0.008382076984505465,0.01846568622606226,nan,1.0,0.0,1.543,0.7408375876468272,5.485000133514404,1.0,0,1,1,0,2.8490099906921387,1.7556557655334473,-0.5636327790330196,FOLLOW_MAIN,cascade_pd_tracking,planner_hold,inner_wheel_pd,lidar_disabled,FOLLOW_MAIN,COMMITTED,HOLD,1,1,1,1,1,1,1,0.00010991096496582031,1.871394157409668,1.491959810256958,1.1081902980804443,0.7380423545837402,0.37122130393981934,0.04265318100033255,0.04807149099997332
1784803413.566305,136.1379246711731,24.700000000000003,0.024700000000000003,24.700000000000003,0.024316976819235957,24.316976819235958,0.024316976819235957,24.316976819235958,0.17500000000000002,0.1719910750714269,0.1719910750714269,2.716321647710554e-05,-4.188696715643831e-05,0.018967241919004046,1.0865286590842215e-06,0.12383357405142738,-1.1728350803802727e-06,0.78,0.04,0.72,0.028,0.75,0.065,0.08618544975983242,0.08100491108574777,0.06878952659931403,0.0507500022649765,-0.10710054724800758,-0.12480839465959928,-0.12479671290432305,-0.10140880880676775,0.0,0.09461001639935537,0.0507500022649765,0.11000739486810576,0.07776088312030946,0.0507500022649765,0.09169483373540618,0.04386001413437887,0.027010880855332958,0.2120831536958078,0.16766827289355307,0.023173638321459935,0.01464190553949535,nan,1.0,0.0,1.366,0.7496177316656332,4.806000232696533,1.0,0,1,1,0,2.9625422954559326,1.662969708442688,-0.8054679165461817,FOLLOW_MAIN,cascade_pd_tracking,planner_hold,inner_wheel_pd,lidar_disabled,FOLLOW_MAIN,COMMITTED,HOLD,1,1,1,1,1,1,1,0.36293578147888184,7.653236389160156e-05,1.8547849655151367,1.471015453338623,1.100867509841919,0.734046459197998,0.01790528599985919,0.046133078999901045
1784803413.9308622,136.50248193740845,24.700000000000003,0.024700000000000003,24.700000000000003,0.024316976819235957,24.316976819235958,0.024316976819235957,24.316976819235958,0.17500000000000002,0.1719910750714269,0.1719910750714269,2.716321647710554e-05,-4.188696715643831e-05,0.018967241919004046,1.0865286590842215e-06,0.12383357405142738,-1.1728350803802727e-06,0.78,0.04,0.72,0.028,0.75,0.065,0.08618544975983242,0.08100491108574777,0.06878952659931403,0.0507500022649765,-0.10710054724800758,-0.12480839465959928,-0.12479671290432305,-0.10140880880676775,0.0,0.09461001639935537,0.0507500022649765,0.11000739486810576,0.07776088312030946,0.0507500022649765,0.09169483373540618,0.04386001413437887,0.027010880855332958,0.2120831536958078,0.16766827289355307,0.023173638321459935,0.01464190553949535,nan,1.0,0.0,1.366,0.7496177316656332,4.806000232696533,1.0,0,1,1,0,2.9625422954559326,1.662969708442688,-0.8054679165461817,FOLLOW_MAIN,cascade_pd_tracking,planner_hold,inner_wheel_pd,lidar_disabled,FOLLOW_MAIN,COMMITTED,HOLD,1,1,1,1,1,1,1,0.7274980545043945,0.3646390438079834,7.081031799316406e-05,1.835578203201294,1.4654300212860107,1.0986087322235107,0.01790528599985919,0.046133078999901045
1784803414.3210063,136.8926260471344,24.700000000000003,0.024700000000000003,24.700000000000003,0.024316976819235957,24.316976819235958,0.024316976819235957,24.316976819235958,0.17500000000000002,0.1719910750714269,0.1719910750714269,2.716321647710554e-05,-4.188696715643831e-05,0.018967241919004046,1.0865286590842215e-06,0.12383357405142738,-1.1728350803802727e-06,0.78,0.04,0.72,0.028,0.75,0.065,0.08618544975983242,0.08100491108574777,0.054863519226528365,0.0507500022649765,-0.10710054724800758,-0.12480839465959928,-0.12479671290432305,-0.15158776861539583,0.0,0.09461001639935537,0.0507500022649765,0.11000739486810576,0.07776088312030946,0.0507500022649765,0.09169483373540618,0.04386001413437887,0.027010880855332958,0.2120831536958078,0.16766827289355307,0.023173638321459935,0.01464190553949535,nan,1.0,0.0,1.366,0.7496177316656332,4.806000232696533,1.0,0,1,1,0,2.9625422954559326,1.662969708442688,-0.8054679165461817,FOLLOW_MAIN,cascade_pd_tracking,planner_hold,inner_wheel_pd,lidar_disabled,FOLLOW_MAIN,COMMITTED,HOLD,1,1,1,1,1,1,1,1.117647647857666,0.7547886371612549,0.39022040367126465,8.296966552734375e-05,1.8555798530578613,1.4887590408325195,0.01790528599985919,0.046133078999901045
1784803414.698627,137.27024674415588,24.700000000000003,0.024700000000000003,24.700000000000003,0.024316976819235957,24.316976819235958,0.024316976819235957,24.316976819235958,0.17500000000000002,0.1719910750714269,0.1719910750714269,2.716321647710554e-05,-4.188696715643831e-05,0.018967241919004046,1.0865286590842215e-06,0.12383357405142738,-1.1728350803802727e-06,0.78,0.04,0.72,0.028,0.75,0.065,0.08618544975983242,0.08100491108574777,0.054863519226528365,0.0507500022649765,-0.10710054724800758,-0.12480839465959928,-0.12479671290432305,-0.15158776861539583,0.0,0.09461001639935537,0.0507500022649765,0.11000739486810576,0.07776088312030946,0.0507500022649765,0.09169483373540618,0.04386001413437887,0.027010880855332958,0.2120831536958078,0.16766827289355307,0.023173638321459935,0.01464190553949535,nan,1.0,0.0,1.366,0.7496177316656332,4.806000232696533,1.0,0,1,1,0,2.9625422954559326,1.662969708442688,-0.8054679165461817,FOLLOW_MAIN,cascade_pd_tracking,planner_hold,inner_wheel_pd,lidar_disabled,FOLLOW_MAIN,COMMITTED,HOLD,1,1,1,1,1,1,1,1.4952588081359863,1.132399559020996,0.7678313255310059,0.37769389152526855,7.581710815429688e-05,1.8663692474365234,0.01790528599985919,0.046133078999901045
1784803417.084025,139.65564465522766,24.700000000000003,0.024700000000000003,24.700000000000003,0.024316976819235957,24.316976819235958,0.024316976819235957,24.316976819235958,0.17500000000000002,0.1719910750714269,0.1719910750714269,2.716321647710554e-05,-4.188696715643831e-05,0.018967241919004046,1.0865286590842215e-06,0.12383357405142738,-1.1728350803802727e-06,0.78,0.04,0.72,0.028,0.75,0.065,0.08618544975983242,0.08100491108574777,0.054863519226528365,0.0507500022649765,-0.10710054724800758,-0.12480839465959928,-0.12479671290432305,-0.15158776861539583,0.0,0.09461001639935537,0.0507500022649765,0.11000739486810576,0.07776088312030946,0.0507500022649765,0.09169483373540618,0.04386001413437887,0.027010880855332958,0.2120831536958078,0.16766827289355307,0.023173638321459935,0.01464190553949535,nan,1.0,0.0,1.366,0.7496177316656332,4.806000232696533,1.0,0,1,1,0,2.9625422954559326,1.662969708442688,-0.8054679165461817,FOLLOW_MAIN,cascade_pd_tracking,planner_hold,inner_wheel_pd,lidar_disabled,FOLLOW_MAIN,COMMITTED,HOLD,1,1,1,1,1,1,1,3.880660057067871,3.51780104637146,3.1532328128814697,2.7630953788757324,2.385477304458618,7.963180541992188e-05,0.01790528599985919,0.046133078999901045
1784803417.469135,140.04075479507446,24.700000000000003,0.024700000000000003,24.700000000000003,0.024316976819235957,24.316976819235958,0.024316976819235957,24.316976819235958,0.17500000000000002,0.1719910750714269,0.1719910750714269,2.716321647710554e-05,-4.188696715643831e-05,0.018967241919004046,1.0865286590842215e-06,0.12383357405142738,-1.1728350803802727e-06,0.78,0.04,0.72,0.028,0.75,0.065,0.08618544975983242,0.08100491108574777,0.054863519226528365,0.0507500022649765,-0.10710054724800758,-0.12480839465959928,-0.12479671290432305,-0.15158776861539583,0.0,0.09461001639935537,0.0507500022649765,0.11000739486810576,0.07776088312030946,0.0507500022649765,0.09169483373540618,0.04386001413437887,0.027010880855332958,0.2120831536958078,0.16766827289355307,0.023173638321459935,0.01464190553949535,nan,1.0,0.0,1.366,0.7496177316656332,4.806000232696533,1.0,0,1,1,0,2.9625422954559326,1.662969708442688,-0.8054679165461817,FOLLOW_MAIN,cascade_pd_tracking,planner_hold,inner_wheel_pd,lidar_disabled,FOLLOW_MAIN,COMMITTED,HOLD,1,1,1,1,1,1,1,6.723403930664062e-05,3.902909994125366,3.538341522216797,3.1482045650482178,2.7705867290496826,0.3851890563964844,0.01790528599985919,0.046133078999901045
1784803417.8654964,140.43711614608765,41.900000000000006,0.04190000000000001,41.900000000000006,0.09723643645050883,97.23643645050883,0.09723643645050883,97.23643645050883,0.29,0.2199311777985215,0.2199311777985215,0.08008286048113977,-0.006739239338327348,0.0758444204313969,0.003203314419245591,0.15835044801493547,-0.00018869870147316574,0.78,0.04,0.72,0.028,1.0,0.10467971967878976,0.10467971967878976,0.09309441361590623,0.054863519226528365,0.0833749994635582,-0.23720948416410478,-0.23720948416410478,-0.2220470554209729,-0.15158776861539583,-0.22065217792987823,0.12069135985986684,0.09826902147382498,0.13219404086584205,0.08866807949771269,0.06848097745329142,0.0996110490377645,0.022422338386041865,0.02018710204442127,0.07399585806751,0.12531605587296143,0.011502681005975195,0.010942969540051825,nan,1.0,0.0,-0.003,0.7219291012330329,3.078000068664551,1.0,0,1,1,0,3.086305618286133,1.4299646615982056,-1.3036698007185687,FOLLOW_MAIN,cascade_pd_tracking,follow_main,inner_wheel_pd,lidar_disabled,FOLLOW_MAIN,COMMITTED,UNKNOWN,1,2,1,1,1,1,2,0.3964388370513916,0.00010776519775390625,3.934713125228882,3.5445754528045654,3.1669580936431885,0.7815601825714111,0.0433326649999799,0.04562742999996772
1784803418.2548475,140.8264672756195,41.900000000000006,0.04190000000000001,41.900000000000006,0.09723643645050883,97.23643645050883,0.09723643645050883,97.23643645050883,0.29,0.2199311777985215,0.2199311777985215,0.08008286048113977,-0.006739239338327348,0.0758444204313969,0.003203314419245591,0.15835044801493547,-0.00018869870147316574,0.78,0.04,0.72,0.028,1.0,0.10467971967878976,0.10467971967878976,0.09309441361590623,0.054863519226528365,0.0833749994635582,-0.23720948416410478,-0.23720948416410478,-0.2220470554209729,-0.15158776861539583,-0.22065217792987823,0.12069135985986684,0.09826902147382498,0.13219404086584205,0.08866807949771269,0.06848097745329142,0.0996110490377645,0.022422338386041865,0.02018710204442127,0.07399585806751,0.12531605587296143,0.011502681005975195,0.010942969540051825,nan,1.0,0.0,-0.003,0.7219291012330329,3.078000068664551,1.0,0,1,1,0,3.086305618286133,1.4299646615982056,-1.3036698007185687,FOLLOW_MAIN,cascade_pd_tracking,follow_main,inner_wheel_pd,lidar_disabled,FOLLOW_MAIN,COMMITTED,UNKNOWN,1,2,1,1,1,1,2,0.7857804298400879,0.3894495964050293,6.890296936035156e-05,3.933917284011841,3.5562992095947266,1.1709015369415283,0.0433326649999799,0.04562742999996772
1784803418.6547077,141.226327419281,41.900000000000006,0.04190000000000001,41.900000000000006,0.09723643645050883,97.23643645050883,0.09723643645050883,97.23643645050883,0.29,0.2199311777985215,0.2199311777985215,0.08008286048113977,-0.006739239338327348,0.0758444204313969,0.003203314419245591,0.15835044801493547,-0.00018869870147316574,0.78,0.04,0.72,0.028,1.0,0.10467971967878976,0.10467971967878976,0.09309441361590623,0.037742200425917194,0.0833749994635582,-0.23720948416410478,-0.23720948416410478,-0.2220470554209729,-0.39510987211623044,-0.22065217792987823,0.12069135985986684,0.09826902147382498,0.13219404086584205,0.08866807949771269,0.06848097745329142,0.0996110490377645,0.022422338386041865,0.02018710204442127,0.07399585806751,0.12531605587296143,0.011502681005975195,0.010942969540051825,nan,1.0,0.0,-0.003,0.7219291012330329,3.078000068664551,1.0,0,1,1,0,3.086305618286133,1.4299646615982056,-1.3036698007185687,FOLLOW_MAIN,cascade_pd_tracking,follow_main,inner_wheel_pd,lidar_disabled,FOLLOW_MAIN,COMMITTED,UNKNOWN,1,2,1,1,1,1,2,1.1856393814086914,0.7893085479736328,0.39992785453796387,6.842613220214844e-05,3.95615816116333,1.5707602500915527,0.0433326649999799,0.04562742999996772
1784803419.0649939,141.63661360740662,41.900000000000006,0.04190000000000001,41.900000000000006,0.09723643645050883,97.23643645050883,0.09723643645050883,97.23643645050883,0.29,0.2199311777985215,0.2199311777985215,0.08008286048113977,-0.006739239338327348,0.0758444204313969,0.003203314419245591,0.15835044801493547,-0.00018869870147316574,0.78,0.04,0.72,0.028,1.0,0.10467971967878976,0.10467971967878976,0.09309441361590623,0.037742200425917194,0.0833749994635582,-0.23720948416410478,-0.23720948416410478,-0.2220470554209729,-0.39510987211623044,-0.22065217792987823,0.12069135985986684,0.09826902147382498,0.13219404086584205,0.08866807949771269,0.06848097745329142,0.0996110490377645,0.022422338386041865,0.02018710204442127,0.07399585806751,0.12531605587296143,0.011502681005975195,0.010942969540051825,nan,1.0,0.0,-0.003,0.7219291012330329,3.078000068664551,1.0,0,1,1,0,3.086305618286133,1.4299646615982056,-1.3036698007185687,FOLLOW_MAIN,cascade_pd_tracking,follow_main,inner_wheel_pd,lidar_disabled,FOLLOW_MAIN,COMMITTED,UNKNOWN,1,2,1,1,1,1,2,1.5959370136260986,1.19960618019104,0.8102259635925293,0.4103665351867676,9.72747802734375e-05,1.9810590744018555,0.0433326649999799,0.04562742999996772
1784803419.4744322,142.04605197906494,41.900000000000006,0.04190000000000001,41.900000000000006,0.09723643645050883,97.23643645050883,0.09723643645050883,97.23643645050883,0.29,0.2199311777985215,0.2199311777985215,0.08008286048113977,-0.006739239338327348,0.0758444204313969,0.003203314419245591,0.15835044801493547,-0.00018869870147316574,0.78,0.04,0.72,0.028,1.0,0.10467971967878976,0.10467971967878976,0.09309441361590623,0.037742200425917194,0.0833749994635582,-0.23720948416410478,-0.23720948416410478,-0.2220470554209729,-0.39510987211623044,-0.22065217792987823,0.12069135985986684,0.09826902147382498,0.13219404086584205,0.08866807949771269,0.06848097745329142,0.0996110490377645,0.022422338386041865,0.02018710204442127,0.07399585806751,0.12531605587296143,0.011502681005975195,0.010942969540051825,nan,1.0,0.0,-0.003,0.7219291012330329,3.078000068664551,1.0,0,1,1,0,3.086305618286133,1.4299646615982056,-1.3036698007185687,FOLLOW_MAIN,cascade_pd_tracking,follow_main,inner_wheel_pd,lidar_disabled,FOLLOW_MAIN,COMMITTED,UNKNOWN,1,2,1,1,1,1,2,2.005361795425415,1.6090307235717773,1.2196500301361084,0.8197906017303467,0.40952134132385254,7.772445678710938e-05,0.0433326649999799,0.04562742999996772
1784803419.8753855,142.44700527191162,41.900000000000006,0.04190000000000001,41.900000000000006,0.09723643645050883,97.23643645050883,0.09723643645050883,97.23643645050883,0.29,0.2199311777985215,0.2199311777985215,0.08008286048113977,-0.006739239338327348,0.0758444204313969,0.003203314419245591,0.15835044801493547,-0.00018869870147316574,0.78,0.04,0.72,0.028,1.0,0.10467971967878976,0.10467971967878976,0.09309441361590623,0.037742200425917194,0.0833749994635582,-0.23720948416410478,-0.23720948416410478,-0.2220470554209729,-0.39510987211623044,-0.22065217792987823,0.12069135985986684,0.09826902147382498,0.13219404086584205,0.08866807949771269,0.06848097745329142,0.0996110490377645,0.022422338386041865,0.02018710204442127,0.07399585806751,0.12531605587296143,0.011502681005975195,0.010942969540051825,nan,1.0,0.0,-0.003,0.7219291012330329,3.078000068664551,1.0,0,1,1,0,3.086305618286133,1.4299646615982056,-1.3036698007185687,FOLLOW_MAIN,cascade_pd_tracking,follow_main,inner_wheel_pd,lidar_disabled,FOLLOW_MAIN,COMMITTED,UNKNOWN,1,2,1,1,1,1,2,0.00010466575622558594,2.010012149810791,1.6206319332122803,1.2207729816436768,0.8105037212371826,0.4010603427886963,0.0433326649999799,0.04562742999996772
1784803420.275007,142.84662675857544,51.800000000000004,0.051800000000000006,51.800000000000004,0.09589219628937162,95.89219628937163,0.09589219628937162,95.89219628937163,0.354,0.5933190618660876,0.5933190618660876,-0.03731213850469233,-0.15562210050742054,0.07479591310570986,-0.0014924855401876932,0.42718972454358306,-0.004357418814207775,0.78,0.04,0.72,0.028,0.75,0.065,0.065,0.051541394012018786,0.037742200425917194,0.06524999439716339,-0.37210179997117315,-0.37210179997117315,-0.4010020544222623,-0.39510987211623044,-0.25217387080192566,0.0901168714980542,0.08227173067629337,0.09359038192920546,0.03988312850194581,0.04822825811803341,0.03474768916072132,0.007845140821760826,-0.008345129616087604,-0.029215716329393304,-0.11297771255024357,0.0034735104311512635,-0.005135439341224486,nan,1.0,0.0,-4.0969999999999995,0.38078752205289845,3.0350000858306885,1.0,0,1,1,0,3.077986478805542,1.274793028831482,-2.0972622364817273,FOLLOW_MAIN,cascade_pd_tracking,planner_hold,inner_wheel_pd,lidar_disabled,FOLLOW_MAIN,COMMITTED,HOLD,1,1,1,1,1,1,1,0.39969778060913086,7.414817810058594e-05,2.0202248096466064,1.6203653812408447,1.2100961208343506,0.8006525039672852,0.021396924999862676,0.05703644000004715
1784803420.6750546,143.2466742992401,51.800000000000004,0.051800000000000006,51.800000000000004,0.09589219628937162,95.89219628937163,0.09589219628937162,95.89219628937163,0.354,0.5933190618660876,0.5933190618660876,-0.03731213850469233,-0.15562210050742054,0.07479591310570986,-0.0014924855401876932,0.42718972454358306,-0.004357418814207775,0.78,0.04,0.72,0.028,0.75,0.065,0.065,0.051541394012018786,0.037742200425917194,0.06524999439716339,-0.37210179997117315,-0.37210179997117315,-0.4010020544222623,-0.39510987211623044,-0.25217387080192566,0.0901168714980542,0.08227173067629337,0.09359038192920546,0.03988312850194581,0.04822825811803341,0.03474768916072132,0.007845140821760826,-0.008345129616087604,-0.029215716329393304,-0.11297771255024357,0.0034735104311512635,-0.005135439341224486,nan,1.0,0.0,-4.0969999999999995,0.38078752205289845,3.0350000858306885,1.0,0,1,1,0,3.077986478805542,1.274793028831482,-2.0972622364817273,FOLLOW_MAIN,cascade_pd_tracking,planner_hold,inner_wheel_pd,lidar_disabled,FOLLOW_MAIN,COMMITTED,HOLD,1,1,1,1,1,1,1,0.7997677326202393,0.4001436233520508,8.988380432128906e-05,2.020434856414795,1.6101658344268799,1.2007222175598145,0.021396924999862676,0.05703644000004715
1784803421.0841398,143.6557595729828,51.800000000000004,0.051800000000000006,51.800000000000004,0.09589219628937162,95.89219628937163,0.09589219628937162,95.89219628937163,0.354,0.5933190618660876,0.5933190618660876,-0.03731213850469233,-0.15562210050742054,0.07479591310570986,-0.0014924855401876932,0.42718972454358306,-0.004357418814207775,0.78,0.04,0.72,0.028,0.75,0.065,0.065,0.051541394012018786,0.07138104752816748,0.06524999439716339,-0.37210179997117315,-0.37210179997117315,-0.4010020544222623,0.000579335979477651,-0.25217387080192566,0.0901168714980542,0.08227173067629337,0.09359038192920546,0.03988312850194581,0.04822825811803341,0.03474768916072132,0.007845140821760826,-0.008345129616087604,-0.029215716329393304,-0.11297771255024357,0.0034735104311512635,-0.005135439341224486,nan,1.0,0.0,-4.0969999999999995,0.38078752205289845,3.0350000858306885,1.0,0,1,1,0,3.077986478805542,1.274793028831482,-2.0972622364817273,FOLLOW_MAIN,cascade_pd_tracking,planner_hold,inner_wheel_pd,lidar_disabled,FOLLOW_MAIN,COMMITTED,HOLD,1,1,1,1,1,1,1,1.2088377475738525,0.8092143535614014,0.4091606140136719,7.677078247070312e-05,2.0192360877990723,1.6097924709320068,0.021396924999862676,0.05703644000004715
1784803421.4908774,144.06249713897705,51.800000000000004,0.051800000000000006,51.800000000000004,0.09589219628937162,95.89219628937163,0.09589219628937162,95.89219628937163,0.354,0.5933190618660876,0.5933190618660876,-0.03731213850469233,-0.15562210050742054,0.07479591310570986,-0.0014924855401876932,0.42718972454358306,-0.004357418814207775,0.78,0.04,0.72,0.028,0.75,0.065,0.065,0.051541394012018786,0.07138104752816748,0.06524999439716339,-0.37210179997117315,-0.37210179997117315,-0.4010020544222623,0.000579335979477651,-0.25217387080192566,0.0901168714980542,0.08227173067629337,0.09359038192920546,0.03988312850194581,0.04822825811803341,0.03474768916072132,0.007845140821760826,-0.008345129616087604,-0.029215716329393304,-0.11297771255024357,0.0034735104311512635,-0.005135439341224486,nan,1.0,0.0,-4.0969999999999995,0.38078752205289845,3.0350000858306885,1.0,0,1,1,0,3.077986478805542,1.274793028831482,-2.0972622364817273,FOLLOW_MAIN,cascade_pd_tracking,planner_hold,inner_wheel_pd,lidar_disabled,FOLLOW_MAIN,COMMITTED,HOLD,1,1,1,1,1,1,1,1.615621566772461,1.2159979343414307,0.8159444332122803,0.4068610668182373,0.00013875961303710938,2.0165772438049316,0.021396924999862676,0.05703644000004715
1784803421.8681347,144.43975448608398,51.800000000000004,0.051800000000000006,51.800000000000004,0.09589219628937162,95.89219628937163,0.09589219628937162,95.89219628937163,0.354,0.5933190618660876,0.5933190618660876,-0.03731213850469233,-0.15562210050742054,0.07479591310570986,-0.0014924855401876932,0.42718972454358306,-0.004357418814207775,0.78,0.04,0.72,0.028,0.75,0.065,0.065,0.051541394012018786,0.07138104752816748,0.06524999439716339,-0.37210179997117315,-0.37210179997117315,-0.4010020544222623,0.000579335979477651,-0.25217387080192566,0.0901168714980542,0.08227173067629337,0.09359038192920546,0.03988312850194581,0.04822825811803341,0.03474768916072132,0.007845140821760826,-0.008345129616087604,-0.029215716329393304,-0.11297771255024357,0.0034735104311512635,-0.005135439341224486,nan,1.0,0.0,-4.0969999999999995,0.38078752205289845,3.0350000858306885,1.0,0,1,1,0,3.077986478805542,1.274793028831482,-2.0972622364817273,FOLLOW_MAIN,cascade_pd_tracking,planner_hold,inner_wheel_pd,lidar_disabled,FOLLOW_MAIN,COMMITTED,HOLD,1,1,1,1,1,1,1,1.9928514957427979,1.5932273864746094,1.1931736469268799,0.7840898036956787,0.3773670196533203,9.298324584960938e-05,0.021396924999862676,0.05703644000004715
1784803422.2607741,144.8323938846588,51.800000000000004,0.051800000000000006,51.800000000000004,0.09589219628937162,95.89219628937163,0.09589219628937162,95.89219628937163,0.354,0.5933190618660876,0.5933190618660876,-0.03731213850469233,-0.15562210050742054,0.07479591310570986,-0.0014924855401876932,0.42718972454358306,-0.004357418814207775,0.78,0.04,0.72,0.028,0.75,0.065,0.065,0.051541394012018786,0.07138104752816748,0.06524999439716339,-0.37210179997117315,-0.37210179997117315,-0.4010020544222623,0.000579335979477651,-0.25217387080192566,0.0901168714980542,0.08227173067629337,0.09359038192920546,0.03988312850194581,0.04822825811803341,0.03474768916072132,0.007845140821760826,-0.008345129616087604,-0.029215716329393304,-0.11297771255024357,0.0034735104311512635,-0.005135439341224486,nan,1.0,0.0,-4.0969999999999995,0.38078752205289845,3.0350000858306885,1.0,0,1,1,0,3.077986478805542,1.274793028831482,-2.0972622364817273,FOLLOW_MAIN,cascade_pd_tracking,planner_hold,inner_wheel_pd,lidar_disabled,FOLLOW_MAIN,COMMITTED,HOLD,1,1,1,1,1,1,1,7.176399230957031e-05,1.9858441352844238,1.5857903957366943,1.1767065525054932,0.7699835300445557,0.39270973205566406,0.021396924999862676,0.05703644000004715
1784803422.6443024,145.21592211723328,-48.2,-0.0482,-48.2,-0.041850610995056575,-41.85061099505658,-0.041850610995056575,-41.85061099505658,-0.332,-0.28999022722378043,-0.28999022722378043,-0.035664740459534446,-0.23785646886890408,-0.03264347657614413,-0.0014265896183813778,-0.2087929636011219,-0.006659981128329314,0.78,0.04,0.72,0.028,1.0,0.07650470891357529,0.07650470891357529,0.06042870386628073,0.07138104752816748,0.07612499594688416,0.24952301092397672,0.24952301092397672,0.2222099762021838,0.000579335979477651,0.22065216302871704,0.059661905676206856,0.061230974942445754,0.05893028697259842,0.09334751215094372,0.09101901695132256,0.0915371856544406,0.0,0.0,-0.0731618703608439,-0.1810326496503124,-0.000731618703608439,-0.0018103264965031241,nan,1.0,0.0,-4.481,0.5276186821625882,0.800000011920929,1.0,0,1,1,0,2.9656684398651123,1.1651506423950195,-2.4300056073508287,FOLLOW_MAIN,cascade_pd_tracking,follow_main,inner_wheel_pd,lidar_disabled,FOLLOW_MAIN,COMMITTED,UNKNOWN,1,2,1,1,1,1,2,0.383603572845459,8.869171142578125e-05,1.9693224430084229,1.5602388381958008,1.1535160541534424,0.7762422561645508,0.06313271500039264,0.025271545000123297
1784803423.0212684,145.59288811683655,-48.2,-0.0482,-48.2,-0.041850610995056575,-41.85061099505658,-0.041850610995056575,-41.85061099505658,-0.332,-0.28999022722378043,-0.28999022722378043,-0.035664740459534446,-0.23785646886890408,-0.03264347657614413,-0.0014265896183813778,-0.2087929636011219,-0.006659981128329314,0.78,0.04,0.72,0.028,1.0,0.07650470891357529,0.07650470891357529,0.06042870386628073,0.07138104752816748,0.07612499594688416,0.24952301092397672,0.24952301092397672,0.2222099762021838,0.000579335979477651,0.22065216302871704,0.059661905676206856,0.061230974942445754,0.05893028697259842,0.09334751215094372,0.09101901695132256,0.0915371856544406,0.0,0.0,-0.0731618703608439,-0.1810326496503124,-0.000731618703608439,-0.0018103264965031241,nan,1.0,0.0,-4.481,0.5276186821625882,0.800000011920929,1.0,0,1,1,0,2.9656684398651123,1.1651506423950195,-2.4300056073508287,FOLLOW_MAIN,cascade_pd_tracking,follow_main,inner_wheel_pd,lidar_disabled,FOLLOW_MAIN,COMMITTED,UNKNOWN,1,2,1,1,1,1,2,0.7605674266815186,0.37705206871032715,7.104873657226562e-05,1.937201738357544,1.5304794311523438,1.153205394744873,0.06313271500039264,0.025271545000123297
1784803423.4109883,145.98260807991028,-48.2,-0.0482,-48.2,-0.041850610995056575,-41.85061099505658,-0.041850610995056575,-41.85061099505658,-0.332,-0.28999022722378043,-0.28999022722378043,-0.035664740459534446,-0.23785646886890408,-0.03264347657614413,-0.0014265896183813778,-0.2087929636011219,-0.006659981128329314,0.78,0.04,0.72,0.028,1.0,0.07650470891357529,0.07650470891357529,0.06042870386628073,0.04699431901014766,0.07612499594688416,0.24952301092397672,0.24952301092397672,0.2222099762021838,0.27770376822065657,0.22065216302871704,0.059661905676206856,0.061230974942445754,0.05893028697259842,0.09334751215094372,0.09101901695132256,0.0915371856544406,0.0,0.0,-0.0731618703608439,-0.1810326496503124,-0.000731618703608439,-0.0018103264965031241,nan,1.0,0.0,-4.481,0.5276186821625882,0.800000011920929,1.0,0,1,1,0,2.9656684398651123,1.1651506423950195,-2.4300056073508287,FOLLOW_MAIN,cascade_pd_tracking,follow_main,inner_wheel_pd,lidar_disabled,FOLLOW_MAIN,COMMITTED,UNKNOWN,1,2,1,1,1,1,2,1.15028715133667,0.7667722702026367,0.38979125022888184,6.890296936035156e-05,1.9201991558074951,1.5429251194000244,0.06313271500039264,0.025271545000123297
1784803423.7639642,146.3355839252472,-48.2,-0.0482,-48.2,-0.041850610995056575,-41.85061099505658,-0.041850610995056575,-41.85061099505658,-0.332,-0.28999022722378043,-0.28999022722378043,-0.035664740459534446,-0.23785646886890408,-0.03264347657614413,-0.0014265896183813778,-0.2087929636011219,-0.006659981128329314,0.78,0.04,0.72,0.028,1.0,0.07650470891357529,0.07650470891357529,0.06042870386628073,0.04699431901014766,0.07612499594688416,0.24952301092397672,0.24952301092397672,0.2222099762021838,0.27770376822065657,0.22065216302871704,0.059661905676206856,0.061230974942445754,0.05893028697259842,0.09334751215094372,0.09101901695132256,0.0915371856544406,0.0,0.0,-0.0731618703608439,-0.1810326496503124,-0.000731618703608439,-0.0018103264965031241,nan,1.0,0.0,-4.481,0.5276186821625882,0.800000011920929,1.0,0,1,1,0,2.9656684398651123,1.1651506423950195,-2.4300056073508287,FOLLOW_MAIN,cascade_pd_tracking,follow_main,inner_wheel_pd,lidar_disabled,FOLLOW_MAIN,COMMITTED,UNKNOWN,1,2,1,1,1,1,2,1.5032618045806885,1.1197466850280762,0.7427659034729004,0.3530435562133789,7.271766662597656e-05,1.895899772644043,0.06313271500039264,0.025271545000123297
1784803424.146526,146.71814584732056,-48.2,-0.0482,-48.2,-0.041850610995056575,-41.85061099505658,-0.041850610995056575,-41.85061099505658,-0.332,-0.28999022722378043,-0.28999022722378043,-0.035664740459534446,-0.23785646886890408,-0.03264347657614413,-0.0014265896183813778,-0.2087929636011219,-0.006659981128329314,0.78,0.04,0.72,0.028,1.0,0.07650470891357529,0.07650470891357529,0.06042870386628073,0.04699431901014766,0.07612499594688416,0.24952301092397672,0.24952301092397672,0.2222099762021838,0.27770376822065657,0.22065216302871704,0.059661905676206856,0.061230974942445754,0.05893028697259842,0.09334751215094372,0.09101901695132256,0.0915371856544406,0.0,0.0,-0.0731618703608439,-0.1810326496503124,-0.000731618703608439,-0.0018103264965031241,nan,1.0,0.0,-4.481,0.5276186821625882,0.800000011920929,1.0,0,1,1,0,2.9656684398651123,1.1651506423950195,-2.4300056073508287,FOLLOW_MAIN,cascade_pd_tracking,follow_main,inner_wheel_pd,lidar_disabled,FOLLOW_MAIN,COMMITTED,UNKNOWN,1,2,1,1,1,1,2,1.8858239650726318,1.5023086071014404,1.1253278255462646,0.7356054782867432,0.38263487815856934,8.726119995117188e-05,0.06313271500039264,0.025271545000123297
1784803424.5248542,147.09647393226624,-48.2,-0.0482,-48.2,-0.041850610995056575,-41.85061099505658,-0.041850610995056575,-41.85061099505658,-0.332,-0.28999022722378043,-0.28999022722378043,-0.035664740459534446,-0.23785646886890408,-0.03264347657614413,-0.0014265896183813778,-0.2087929636011219,-0.006659981128329314,0.78,0.04,0.72,0.028,1.0,0.07650470891357529,0.07650470891357529,0.06042870386628073,0.04699431901014766,0.07612499594688416,0.24952301092397672,0.24952301092397672,0.2222099762021838,0.27770376822065657,0.22065216302871704,0.059661905676206856,0.061230974942445754,0.05893028697259842,0.09334751215094372,0.09101901695132256,0.0915371856544406,0.0,0.0,-0.0731618703608439,-0.1810326496503124,-0.000731618703608439,-0.0018103264965031241,nan,1.0,0.0,-4.481,0.5276186821625882,0.800000011920929,1.0,0,1,1,0,2.9656684398651123,1.1651506423950195,-2.4300056073508287,FOLLOW_MAIN,cascade_pd_tracking,follow_main,inner_wheel_pd,lidar_disabled,FOLLOW_MAIN,COMMITTED,UNKNOWN,1,2,1,1,1,1,2,6.556510925292969e-05,1.8806366920471191,1.5036556720733643,1.1139335632324219,0.760962963104248,0.3784153461456299,0.06313271500039264,0.025271545000123297
1784803424.92406,147.49567985534668,-25.400000000000002,-0.025400000000000002,-25.400000000000002,-0.03653076403031048,-36.53076403031048,-0.03653076403031048,-36.53076403031048,-0.179,-0.2548940843398095,-0.2548940843398095,0.01640825655622202,0.10735127847879276,-0.028493995943642172,0.0006563302622488808,-0.18352374072466282,0.0030058357974061976,0.78,0.04,0.72,0.028,0.75,0.065,0.065,0.05339908196649578,0.04699431901014766,0.06162499636411667,0.1562666779564874,0.1562666779564874,0.17296701535164788,0.27770376822065657,0.09456521272659302,0.0544519992379371,0.05524184450507164,0.053791342334987,0.0755480007620629,0.0680081482231617,0.0791723717615875,0.0,0.007539852538901201,-0.0660656902950102,0.0005241780852023812,-0.000660656902950102,0.0036243709995246003,nan,1.0,0.0,-4.19,0.5602981103643776,2.7300000190734863,1.0,0,1,1,0,2.881282091140747,1.0571781396865845,-1.9518197504264603,FOLLOW_MAIN,cascade_pd_tracking,planner_hold,inner_wheel_pd,lidar_disabled,FOLLOW_MAIN,COMMITTED,HOLD,1,1,1,1,1,1,1,0.3992748260498047,8.463859558105469e-05,1.9028654098510742,1.5131430625915527,1.1601722240447998,0.7776248455047607,0.06336328999987018,0.04033258399977058
1784803425.326778,147.8983976840973,-25.400000000000002,-0.025400000000000002,-25.400000000000002,-0.03653076403031048,-36.53076403031048,-0.03653076403031048,-36.53076403031048,-0.179,-0.2548940843398095,-0.2548940843398095,0.01640825655622202,0.10735127847879276,-0.028493995943642172,0.0006563302622488808,-0.18352374072466282,0.0030058357974061976,0.78,0.04,0.72,0.028,0.75,0.065,0.065,0.05339908196649578,0.04699431901014766,0.06162499636411667,0.1562666779564874,0.1562666779564874,0.17296701535164788,0.27770376822065657,0.09456521272659302,0.0544519992379371,0.05524184450507164,0.053791342334987,0.0755480007620629,0.0680081482231617,0.0791723717615875,0.0,0.007539852538901201,-0.0660656902950102,0.0005241780852023812,-0.000660656902950102,0.0036243709995246003,nan,1.0,0.0,-4.19,0.5602981103643776,2.7300000190734863,1.0,0,1,1,0,2.881282091140747,1.0571781396865845,-1.9518197504264603,FOLLOW_MAIN,cascade_pd_tracking,planner_hold,inner_wheel_pd,lidar_disabled,FOLLOW_MAIN,COMMITTED,HOLD,1,1,1,1,1,1,1,0.8019921779632568,0.4028017520904541,7.82012939453125e-05,1.9158599376678467,1.5628890991210938,1.1803417205810547,0.06336328999987018,0.04033258399977058
1784803425.7240984,148.2957181930542,-25.400000000000002,-0.025400000000000002,-25.400000000000002,-0.03653076403031048,-36.53076403031048,-0.03653076403031048,-36.53076403031048,-0.179,-0.2548940843398095,-0.2548940843398095,0.01640825655622202,0.10735127847879276,-0.028493995943642172,0.0006563302622488808,-0.18352374072466282,0.0030058357974061976,0.78,0.04,0.72,0.028,0.75,0.065,0.065,0.05339908196649578,0.06487333192039603,0.06162499636411667,0.1562666779564874,0.1562666779564874,0.17296701535164788,-0.010534737723633994,0.09456521272659302,0.0544519992379371,0.05524184450507164,0.053791342334987,0.0755480007620629,0.0680081482231617,0.0791723717615875,0.0,0.007539852538901201,-0.0660656902950102,0.0005241780852023812,-0.000660656902950102,0.0036243709995246003,nan,1.0,0.0,-4.19,0.5602981103643776,2.7300000190734863,1.0,0,1,1,0,2.881282091140747,1.0571781396865845,-1.9518197504264603,FOLLOW_MAIN,cascade_pd_tracking,planner_hold,inner_wheel_pd,lidar_disabled,FOLLOW_MAIN,COMMITTED,HOLD,1,1,1,1,1,1,1,1.1993207931518555,0.8001306056976318,0.39740729331970215,8.559226989746094e-05,1.9602186679840088,1.5776712894439697,0.06336328999987018,0.04033258399977058
1784803426.1115372,148.6831569671631,-25.400000000000002,-0.025400000000000002,-25.400000000000002,-0.03653076403031048,-36.53076403031048,-0.03653076403031048,-36.53076403031048,-0.179,-0.2548940843398095,-0.2548940843398095,0.01640825655622202,0.10735127847879276,-0.028493995943642172,0.0006563302622488808,-0.18352374072466282,0.0030058357974061976,0.78,0.04,0.72,0.028,0.75,0.065,0.065,0.05339908196649578,0.06487333192039603,0.06162499636411667,0.1562666779564874,0.1562666779564874,0.17296701535164788,-0.010534737723633994,0.09456521272659302,0.0544519992379371,0.05524184450507164,0.053791342334987,0.0755480007620629,0.0680081482231617,0.0791723717615875,0.0,0.007539852538901201,-0.0660656902950102,0.0005241780852023812,-0.000660656902950102,0.0036243709995246003,nan,1.0,0.0,-4.19,0.5602981103643776,2.7300000190734863,1.0,0,1,1,0,2.881282091140747,1.0571781396865845,-1.9518197504264603,FOLLOW_MAIN,cascade_pd_tracking,planner_hold,inner_wheel_pd,lidar_disabled,FOLLOW_MAIN,COMMITTED,HOLD,1,1,1,1,1,1,1,1.586759328842163,1.1875691413879395,0.7848458290100098,0.3875246047973633,9.965896606445312e-05,1.9651098251342773,0.06336328999987018,0.04033258399977058
1784803426.5206187,149.0922384262085,-25.400000000000002,-0.025400000000000002,-25.400000000000002,-0.03653076403031048,-36.53076403031048,-0.03653076403031048,-36.53076403031048,-0.179,-0.2548940843398095,-0.2548940843398095,0.01640825655622202,0.10735127847879276,-0.028493995943642172,0.0006563302622488808,-0.18352374072466282,0.0030058357974061976,0.78,0.04,0.72,0.028,0.75,0.065,0.065,0.05339908196649578,0.06487333192039603,0.06162499636411667,0.1562666779564874,0.1562666779564874,0.17296701535164788,-0.010534737723633994,0.09456521272659302,0.0544519992379371,0.05524184450507164,0.053791342334987,0.0755480007620629,0.0680081482231617,0.0791723717615875,0.0,0.007539852538901201,-0.0660656902950102,0.0005241780852023812,-0.000660656902950102,0.0036243709995246003,nan,1.0,0.0,-4.19,0.5602981103643776,2.7300000190734863,1.0,0,1,1,0,2.881282091140747,1.0571781396865845,-1.9518197504264603,FOLLOW_MAIN,cascade_pd_tracking,planner_hold,inner_wheel_pd,lidar_disabled,FOLLOW_MAIN,COMMITTED,HOLD,1,1,1,1,1,1,1,1.9958305358886719,1.5966401100158691,1.1939167976379395,0.7965950965881348,0.40917015075683594,7.963180541992188e-05,0.06336328999987018,0.04033258399977058
1784803426.9338102,149.50542998313904,-25.400000000000002,-0.025400000000000002,-25.400000000000002,-0.03653076403031048,-36.53076403031048,-0.03653076403031048,-36.53076403031048,-0.179,-0.2548940843398095,-0.2548940843398095,0.01640825655622202,0.10735127847879276,-0.028493995943642172,0.0006563302622488808,-0.18352374072466282,0.0030058357974061976,0.78,0.04,0.72,0.028,0.75,0.065,0.065,0.05339908196649578,0.06487333192039603,0.06162499636411667,0.1562666779564874,0.1562666779564874,0.17296701535164788,-0.010534737723633994,0.09456521272659302,0.0544519992379371,0.05524184450507164,0.053791342334987,0.0755480007620629,0.0680081482231617,0.0791723717615875,0.0,0.007539852538901201,-0.0660656902950102,0.0005241780852023812,-0.000660656902950102,0.0036243709995246003,nan,1.0,0.0,-4.19,0.5602981103643776,2.7300000190734863,1.0,0,1,1,0,2.881282091140747,1.0571781396865845,-1.9518197504264603,FOLLOW_MAIN,cascade_pd_tracking,planner_hold,inner_wheel_pd,lidar_disabled,FOLLOW_MAIN,COMMITTED,HOLD,1,1,1,1,1,1,1,7.200241088867188e-05,2.009833812713623,1.6071105003356934,1.2097890377044678,0.822364091873169,0.41327404975891113,0.06336328999987018,0.04033258399977058
1784803427.32985,149.901469707489,-1.4000000000000001,-0.0014000000000000002,-1.4000000000000001,0.0009250484414958893,0.9250484414958893,0.0,0.0,-0.01,0.006895091619359911,0.0,0.003404540998027378,0.030832995059599043,0.0,0.00013618163992109512,0.0,0.0008633238616687733,0.78,0.04,0.72,0.028,1.0,0.10221554218900798,0.10221554218900798,0.08817525041599496,0.06487333192039603,0.08699999749660492,0.0,0.0,0.0007735365399571372,-0.010534737723633994,0.0,0.10221554218900798,0.08699999749660492,0.1097214327282973,0.10221554218900798,0.08699999749660492,0.10983494080753015,0.015215544692403063,0.015215544692403063,0.020242908693585405,0.03159371661687009,0.007505890539289324,0.00761939861852217,nan,1.0,0.0,-4.994999999999999,0.7049347737172965,2.490999937057495,1.0,0,1,1,0,2.835726261138916,0.8850526213645935,-1.78916715760998,FOLLOW_MAIN,cascade_pd_tracking,follow_main,inner_wheel_pd,lidar_disabled,FOLLOW_MAIN,COMMITTED,UNKNOWN,1,2,1,1,1,1,2,0.3961060047149658,7.724761962890625e-05,2.0031442642211914,1.6058228015899658,1.218397617340088,0.8093075752258301,0.07447740999987218,0.07024606599998151
1784803427.725961,150.29758071899414,-1.4000000000000001,-0.0014000000000000002,-1.4000000000000001,0.0009250484414958893,0.9250484414958893,0.0,0.0,-0.01,0.006895091619359911,0.0,0.003404540998027378,0.030832995059599043,0.0,0.00013618163992109512,0.0,0.0008633238616687733,0.78,0.04,0.72,0.028,1.0,0.10221554218900798,0.10221554218900798,0.08817525041599496,0.06487333192039603,0.08699999749660492,0.0,0.0,0.0007735365399571372,-0.010534737723633994,0.0,0.10221554218900798,0.08699999749660492,0.1097214327282973,0.10221554218900798,0.08699999749660492,0.10983494080753015,0.015215544692403063,0.015215544692403063,0.020242908693585405,0.03159371661687009,0.007505890539289324,0.00761939861852217,nan,1.0,0.0,-4.994999999999999,0.7049347737172965,2.490999937057495,1.0,0,1,1,0,2.835726261138916,0.8850526213645935,-1.78916715760998,FOLLOW_MAIN,cascade_pd_tracking,follow_main,inner_wheel_pd,lidar_disabled,FOLLOW_MAIN,COMMITTED,UNKNOWN,1,2,1,1,1,1,2,0.7922275066375732,0.39619922637939453,8.20159912109375e-05,2.0019447803497314,1.6145198345184326,1.2054295539855957,0.07447740999987218,0.07024606599998151
1784803428.1729956,150.744615316391,-1.4000000000000001,-0.0014000000000000002,-1.4000000000000001,0.0009250484414958893,0.9250484414958893,0.0,0.0,-0.01,0.006895091619359911,0.0,0.003404540998027378,0.030832995059599043,0.0,0.00013618163992109512,0.0,0.0008633238616687733,0.78,0.04,0.72,0.028,1.0,0.10221554218900798,0.10221554218900798,0.08817525041599496,0.08853230795956941,0.08699999749660492,0.0,0.0,0.0007735365399571372,0.018416975571004548,0.0,0.10221554218900798,0.08699999749660492,0.1097214327282973,0.10221554218900798,0.08699999749660492,0.10983494080753015,0.015215544692403063,0.015215544692403063,0.020242908693585405,0.03159371661687009,0.007505890539289324,0.00761939861852217,nan,1.0,0.0,-4.994999999999999,0.7049347737172965,2.490999937057495,1.0,0,1,1,0,2.835726261138916,0.8850526213645935,-1.78916715760998,FOLLOW_MAIN,cascade_pd_tracking,follow_main,inner_wheel_pd,lidar_disabled,FOLLOW_MAIN,COMMITTED,UNKNOWN,1,2,1,1,1,1,2,1.2393062114715576,0.8432779312133789,0.4471611976623535,0.000156402587890625,2.0615999698638916,1.652510643005371,0.07447740999987218,0.07024606599998151
1784803428.5946283,151.16624808311462,-1.4000000000000001,-0.0014000000000000002,-1.4000000000000001,0.0009250484414958893,0.9250484414958893,0.0,0.0,-0.01,0.006895091619359911,0.0,0.003404540998027378,0.030832995059599043,0.0,0.00013618163992109512,0.0,0.0008633238616687733,0.78,0.04,0.72,0.028,1.0,0.10221554218900798,0.10221554218900798,0.08817525041599496,0.08853230795956941,0.08699999749660492,0.0,0.0,0.0007735365399571372,0.018416975571004548,0.0,0.10221554218900798,0.08699999749660492,0.1097214327282973,0.10221554218900798,0.08699999749660492,0.10983494080753015,0.015215544692403063,0.015215544692403063,0.020242908693585405,0.03159371661687009,0.007505890539289324,0.00761939861852217,nan,1.0,0.0,-4.994999999999999,0.7049347737172965,2.490999937057495,1.0,0,1,1,0,2.835726261138916,0.8850526213645935,-1.78916715760998,FOLLOW_MAIN,cascade_pd_tracking,follow_main,inner_wheel_pd,lidar_disabled,FOLLOW_MAIN,COMMITTED,UNKNOWN,1,2,1,1,1,1,2,1.660888433456421,1.264859676361084,0.8687427043914795,0.4217376708984375,7.724761962890625e-05,2.074090003967285,0.07447740999987218,0.07024606599998151
1784803428.9962647,151.56788444519043,-1.4000000000000001,-0.0014000000000000002,-1.4000000000000001,0.0009250484414958893,0.9250484414958893,0.0,0.0,-0.01,0.006895091619359911,0.0,0.003404540998027378,0.030832995059599043,0.0,0.00013618163992109512,0.0,0.0008633238616687733,0.78,0.04,0.72,0.028,1.0,0.10221554218900798,0.10221554218900798,0.08817525041599496,0.08853230795956941,0.08699999749660492,0.0,0.0,0.0007735365399571372,0.018416975571004548,0.0,0.10221554218900798,0.08699999749660492,0.1097214327282973,0.10221554218900798,0.08699999749660492,0.10983494080753015,0.015215544692403063,0.015215544692403063,0.020242908693585405,0.03159371661687009,0.007505890539289324,0.00761939861852217,nan,1.0,0.0,-4.994999999999999,0.7049347737172965,2.490999937057495,1.0,0,1,1,0,2.835726261138916,0.8850526213645935,-1.78916715760998,FOLLOW_MAIN,cascade_pd_tracking,follow_main,inner_wheel_pd,lidar_disabled,FOLLOW_MAIN,COMMITTED,UNKNOWN,1,2,1,1,1,1,2,2.0625312328338623,1.6665029525756836,1.270385980606079,0.8233809471130371,0.4017210006713867,8.654594421386719e-05,0.07447740999987218,0.07024606599998151
1784803429.4005494,151.9721691608429,-1.4000000000000001,-0.0014000000000000002,-1.4000000000000001,0.0009250484414958893,0.9250484414958893,0.0,0.0,-0.01,0.006895091619359911,0.0,0.003404540998027378,0.030832995059599043,0.0,0.00013618163992109512,0.0,0.0008633238616687733,0.78,0.04,0.72,0.028,1.0,0.10221554218900798,0.10221554218900798,0.08817525041599496,0.08853230795956941,0.08699999749660492,0.0,0.0,0.0007735365399571372,0.018416975571004548,0.0,0.10221554218900798,0.08699999749660492,0.1097214327282973,0.10221554218900798,0.08699999749660492,0.10983494080753015,0.015215544692403063,0.015215544692403063,0.020242908693585405,0.03159371661687009,0.007505890539289324,0.00761939861852217,nan,1.0,0.0,-4.994999999999999,0.7049347737172965,2.490999937057495,1.0,0,1,1,0,2.835726261138916,0.8850526213645935,-1.78916715760998,FOLLOW_MAIN,cascade_pd_tracking,follow_main,inner_wheel_pd,lidar_disabled,FOLLOW_MAIN,COMMITTED,UNKNOWN,1,2,1,1,1,1,2,6.842613220214844e-05,2.070779800415039,1.6746628284454346,1.2276580333709717,0.8059976100921631,0.40436315536499023,0.07447740999987218,0.07024606599998151
1784803429.7948582,152.3664779663086,-22.6,-0.022600000000000002,-22.6,-0.020507827104271244,-20.507827104271243,-0.020507827104271244,-20.507827104271243,-0.16,-0.14550858403124148,-0.14550858403124148,-0.010620748506633559,-0.058652002178575406,-0.01599610514133157,-0.00042482994026534236,-0.10476618050249387,-0.0016422560610001114,0.78,0.04,0.72,0.028,1.0,0.10911159818938355,0.10911159818938355,0.09494285584594014,0.08853230795956941,0.09062500298023224,0.1228293716450909,0.1228293716450909,0.12366984842948998,0.018416975571004548,0.09456519782543182,0.10082061560333992,0.08424185212701558,0.10913025251842312,0.11740258077542719,0.09700815383344889,0.12727745853796785,0.016578763476324337,0.020394426941978294,0.035183044644751915,0.008555283039108373,0.0083096369150832,0.009874877762540663,nan,1.0,0.0,-1.736,0.7524937806164383,2.2899999618530273,1.0,0,1,1,0,2.792292594909668,0.6591786742210388,-1.7239492483700223,FOLLOW_MAIN,cascade_pd_tracking,follow_main,inner_wheel_pd,lidar_disabled,FOLLOW_MAIN,COMMITTED,DROPOUT,1,2,1,1,1,1,3,0.3943800926208496,9.417533874511719e-05,2.068974494934082,1.6219696998596191,1.2003095149993896,0.7986750602722168,0.039420265999979165,0.05350998600033563
1784803432.2550387,154.82665848731995,-22.6,-0.022600000000000002,-22.6,-0.020507827104271244,-20.507827104271243,-0.020507827104271244,-20.507827104271243,-0.16,-0.14550858403124148,-0.14550858403124148,-0.010620748506633559,-0.058652002178575406,-0.01599610514133157,-0.00042482994026534236,-0.10476618050249387,-0.0016422560610001114,0.78,0.04,0.72,0.028,1.0,0.10911159818938355,0.10911159818938355,0.09494285584594014,0.08853230795956941,0.09062500298023224,0.1228293716450909,0.1228293716450909,0.12366984842948998,0.018416975571004548,0.09456519782543182,0.10082061560333992,0.08424185212701558,0.10913025251842312,0.11740258077542719,0.09700815383344889,0.12727745853796785,0.016578763476324337,0.020394426941978294,0.035183044644751915,0.008555283039108373,0.0083096369150832,0.009874877762540663,nan,1.0,0.0,-1.736,0.7524937806164383,2.2899999618530273,1.0,0,1,1,0,2.792292594909668,0.6591786742210388,-1.7239492483700223,FOLLOW_MAIN,cascade_pd_tracking,follow_main,inner_wheel_pd,lidar_disabled,FOLLOW_MAIN,COMMITTED,DROPOUT,1,2,1,1,1,1,3,2.854562997817993,2.4602770805358887,0.00010848045349121094,4.0821521282196045,3.660491943359375,3.258857250213623,0.039420265999979165,0.05350998600033563
1784803432.6488383,155.22045803070068,-22.6,-0.022600000000000002,-22.6,-0.020507827104271244,-20.507827104271243,-0.020507827104271244,-20.507827104271243,-0.16,-0.14550858403124148,-0.14550858403124148,-0.010620748506633559,-0.058652002178575406,-0.01599610514133157,-0.00042482994026534236,-0.10476618050249387,-0.0016422560610001114,0.78,0.04,0.72,0.028,1.0,0.10911159818938355,0.10911159818938355,0.09494285584594014,0.10125704217839138,0.09062500298023224,0.1228293716450909,0.1228293716450909,0.12366984842948998,0.04193704246162339,0.09456519782543182,0.10082061560333992,0.08424185212701558,0.10913025251842312,0.11740258077542719,0.09700815383344889,0.12727745853796785,0.016578763476324337,0.020394426941978294,0.035183044644751915,0.008555283039108373,0.0083096369150832,0.009874877762540663,nan,1.0,0.0,-1.736,0.7524937806164383,2.2899999618530273,1.0,0,1,1,0,2.792292594909668,0.6591786742210388,-1.7239492483700223,FOLLOW_MAIN,cascade_pd_tracking,follow_main,inner_wheel_pd,lidar_disabled,FOLLOW_MAIN,COMMITTED,DROPOUT,1,2,1,1,1,1,3,3.2483596801757812,2.8540737628936768,0.3939054012298584,0.00011658668518066406,4.054288864135742,3.6526544094085693,0.039420265999979165,0.05350998600033563
1784803433.0275123,155.59913206100464,-22.6,-0.022600000000000002,-22.6,-0.020507827104271244,-20.507827104271243,-0.020507827104271244,-20.507827104271243,-0.16,-0.14550858403124148,-0.14550858403124148,-0.010620748506633559,-0.058652002178575406,-0.01599610514133157,-0.00042482994026534236,-0.10476618050249387,-0.0016422560610001114,0.78,0.04,0.72,0.028,1.0,0.10911159818938355,0.10911159818938355,0.09494285584594014,0.10125704217839138,0.09062500298023224,0.1228293716450909,0.1228293716450909,0.12366984842948998,0.04193704246162339,0.09456519782543182,0.10082061560333992,0.08424185212701558,0.10913025251842312,0.11740258077542719,0.09700815383344889,0.12727745853796785,0.016578763476324337,0.020394426941978294,0.035183044644751915,0.008555283039108373,0.0083096369150832,0.009874877762540663,nan,1.0,0.0,-1.736,0.7524937806164383,2.2899999618530273,1.0,0,1,1,0,2.792292594909668,0.6591786742210388,-1.7239492483700223,FOLLOW_MAIN,cascade_pd_tracking,follow_main,inner_wheel_pd,lidar_disabled,FOLLOW_MAIN,COMMITTED,DROPOUT,1,2,1,1,1,1,3,3.6270315647125244,3.232745885848999,0.7725772857666016,0.37878847122192383,7.653236389160156e-05,4.031326055526733,0.039420265999979165,0.05350998600033563
1784803433.4176486,155.98926830291748,-22.6,-0.022600000000000002,-22.6,-0.020507827104271244,-20.507827104271243,-0.020507827104271244,-20.507827104271243,-0.16,-0.14550858403124148,-0.14550858403124148,-0.010620748506633559,-0.058652002178575406,-0.01599610514133157,-0.00042482994026534236,-0.10476618050249387,-0.0016422560610001114,0.78,0.04,0.72,0.028,1.0,0.10911159818938355,0.10911159818938355,0.09494285584594014,0.10125704217839138,0.09062500298023224,0.1228293716450909,0.1228293716450909,0.12366984842948998,0.04193704246162339,0.09456519782543182,0.10082061560333992,0.08424185212701558,0.10913025251842312,0.11740258077542719,0.09700815383344889,0.12727745853796785,0.016578763476324337,0.020394426941978294,0.035183044644751915,0.008555283039108373,0.0083096369150832,0.009874877762540663,nan,1.0,0.0,-1.736,0.7524937806164383,2.2899999618530273,1.0,0,1,1,0,2.792292594909668,0.6591786742210388,-1.7239492483700223,FOLLOW_MAIN,cascade_pd_tracking,follow_main,inner_wheel_pd,lidar_disabled,FOLLOW_MAIN,COMMITTED,DROPOUT,1,2,1,1,1,1,3,4.017174959182739,3.6228890419006348,1.1627206802368164,0.7689321041107178,0.39021992683410645,9.083747863769531e-05,0.039420265999979165,0.05350998600033563
1784803433.7986355,156.3702552318573,-22.6,-0.022600000000000002,-22.6,-0.020507827104271244,-20.507827104271243,-0.020507827104271244,-20.507827104271243,-0.16,-0.14550858403124148,-0.14550858403124148,-0.010620748506633559,-0.058652002178575406,-0.01599610514133157,-0.00042482994026534236,-0.10476618050249387,-0.0016422560610001114,0.78,0.04,0.72,0.028,1.0,0.10911159818938355,0.10911159818938355,0.09494285584594014,0.10125704217839138,0.09062500298023224,0.1228293716450909,0.1228293716450909,0.12366984842948998,0.04193704246162339,0.09456519782543182,0.10082061560333992,0.08424185212701558,0.10913025251842312,0.11740258077542719,0.09700815383344889,0.12727745853796785,0.016578763476324337,0.020394426941978294,0.035183044644751915,0.008555283039108373,0.0083096369150832,0.009874877762540663,nan,1.0,0.0,-1.736,0.7524937806164383,2.2899999618530273,1.0,0,1,1,0,2.792292594909668,0.6591786742210388,-1.7239492483700223,FOLLOW_MAIN,cascade_pd_tracking,follow_main,inner_wheel_pd,lidar_disabled,FOLLOW_MAIN,COMMITTED,DROPOUT,1,2,1,1,1,1,3,6.580352783203125e-05,4.0038673877716064,1.543699026107788,1.1499106884002686,0.7711982727050781,0.3810691833496094,0.039420265999979165,0.05350998600033563
1784803434.1809778,156.7525975704193,24.1,0.0241,24.1,0.017493624481812322,17.493624481812322,0.017493624481812322,17.493624481812322,0.17,0.1240673484731059,0.1240673484731059,0.01965671674157292,0.11132342292385804,0.013645027095813611,0.0007862686696629168,0.08932849090063624,0.003117055841868025,0.78,0.04,0.72,0.028,1.0,0.11778458579191715,0.0786403478000011,0.054526079603095204,0.10125704217839138,0.09787499904632568,-0.1068768425079808,-0.1068768425079808,-0.14960004940574137,0.04193704246162339,0.0315217524766922,0.08585453466928981,0.09574728075414896,0.07886105968725304,0.0714261609307124,0.10000271733850241,0.05690887852445404,-0.009892746084859141,-0.028576556407790013,-0.04665393269445989,-0.08005353305191558,-0.005215057447676987,-0.014517282406258361,nan,1.0,0.0,0.9859999999999999,0.8123074882201183,2.0160000324249268,1.0,0,1,1,0,2.8422064781188965,0.2812398076057434,-1.2447226213070663,FOLLOW_MAIN,cascade_pd_tracking,follow_main,inner_wheel_pd,lidar_disabled,FOLLOW_MAIN,COMMITTED,UNKNOWN,1,2,1,1,1,1,2,0.38243532180786133,0.00010967254638671875,1.9260690212249756,1.5322802066802979,1.1535682678222656,0.7634391784667969,0.08236000399983823,0.036121257999639056
1784803434.5464625,157.11808228492737,24.1,0.0241,24.1,0.017493624481812322,17.493624481812322,0.017493624481812322,17.493624481812322,0.17,0.1240673484731059,0.1240673484731059,0.01965671674157292,0.11132342292385804,0.013645027095813611,0.0007862686696629168,0.08932849090063624,0.003117055841868025,0.78,0.04,0.72,0.028,1.0,0.11778458579191715,0.0786403478000011,0.054526079603095204,0.10125704217839138,0.09787499904632568,-0.1068768425079808,-0.1068768425079808,-0.14960004940574137,0.04193704246162339,0.0315217524766922,0.08585453466928981,0.09574728075414896,0.07886105968725304,0.0714261609307124,0.10000271733850241,0.05690887852445404,-0.009892746084859141,-0.028576556407790013,-0.04665393269445989,-0.08005353305191558,-0.005215057447676987,-0.014517282406258361,nan,1.0,0.0,0.9859999999999999,0.8123074882201183,2.0160000324249268,1.0,0,1,1,0,2.8422064781188965,0.2812398076057434,-1.2447226213070663,FOLLOW_MAIN,cascade_pd_tracking,follow_main,inner_wheel_pd,lidar_disabled,FOLLOW_MAIN,COMMITTED,UNKNOWN,1,2,1,1,1,1,2,0.7479407787322998,0.3656153678894043,0.00012063980102539062,1.8977854251861572,1.519073486328125,1.1289441585540771,0.08236000399983823,0.036121257999639056
1784803434.9752789,157.54689860343933,24.1,0.0241,24.1,0.017493624481812322,17.493624481812322,0.017493624481812322,17.493624481812322,0.17,0.1240673484731059,0.1240673484731059,0.01965671674157292,0.11132342292385804,0.013645027095813611,0.0007862686696629168,0.08932849090063624,0.003117055841868025,0.78,0.04,0.72,0.028,1.0,0.11778458579191715,0.0786403478000011,0.054526079603095204,0.04977907975519812,0.09787499904632568,-0.1068768425079808,-0.1068768425079808,-0.14960004940574137,-0.16893743583473092,0.0315217524766922,0.08585453466928981,0.09574728075414896,0.07886105968725304,0.0714261609307124,0.10000271733850241,0.05690887852445404,-0.009892746084859141,-0.028576556407790013,-0.04665393269445989,-0.08005353305191558,-0.005215057447676987,-0.014517282406258361,nan,1.0,0.0,0.9859999999999999,0.8123074882201183,2.0160000324249268,1.0,0,1,1,0,2.8422064781188965,0.2812398076057434,-1.2447226213070663,FOLLOW_MAIN,cascade_pd_tracking,follow_main,inner_wheel_pd,lidar_disabled,FOLLOW_MAIN,COMMITTED,UNKNOWN,1,2,1,1,1,1,2,1.1767101287841797,0.794384241104126,0.42888975143432617,6.699562072753906e-05,1.9478428363800049,1.5577137470245361,0.08236000399983823,0.036121257999639056
1784803435.3688316,157.9404513835907,24.1,0.0241,24.1,0.017493624481812322,17.493624481812322,0.017493624481812322,17.493624481812322,0.17,0.1240673484731059,0.1240673484731059,0.01965671674157292,0.11132342292385804,0.013645027095813611,0.0007862686696629168,0.08932849090063624,0.003117055841868025,0.78,0.04,0.72,0.028,1.0,0.11778458579191715,0.0786403478000011,0.054526079603095204,0.04977907975519812,0.09787499904632568,-0.1068768425079808,-0.1068768425079808,-0.14960004940574137,-0.16893743583473092,0.0315217524766922,0.08585453466928981,0.09574728075414896,0.07886105968725304,0.0714261609307124,0.10000271733850241,0.05690887852445404,-0.009892746084859141,-0.028576556407790013,-0.04665393269445989,-0.08005353305191558,-0.005215057447676987,-0.014517282406258361,nan,1.0,0.0,0.9859999999999999,0.8123074882201183,2.0160000324249268,1.0,0,1,1,0,2.8422064781188965,0.2812398076057434,-1.2447226213070663,FOLLOW_MAIN,cascade_pd_tracking,follow_main,inner_wheel_pd,lidar_disabled,FOLLOW_MAIN,COMMITTED,UNKNOWN,1,2,1,1,1,1,2,1.5702645778656006,1.187938928604126,0.8224449157714844,0.39362239837646484,7.987022399902344e-05,1.9512686729431152,0.08236000399983823,0.036121257999639056
1784803435.766086,158.3377058506012,24.1,0.0241,24.1,0.017493624481812322,17.493624481812322,0.017493624481812322,17.493624481812322,0.17,0.1240673484731059,0.1240673484731059,0.01965671674157292,0.11132342292385804,0.013645027095813611,0.0007862686696629168,0.08932849090063624,0.003117055841868025,0.78,0.04,0.72,0.028,1.0,0.11778458579191715,0.0786403478000011,0.054526079603095204,0.04977907975519812,0.09787499904632568,-0.1068768425079808,-0.1068768425079808,-0.14960004940574137,-0.16893743583473092,0.0315217524766922,0.08585453466928981,0.09574728075414896,0.07886105968725304,0.0714261609307124,0.10000271733850241,0.05690887852445404,-0.009892746084859141,-0.028576556407790013,-0.04665393269445989,-0.08005353305191558,-0.005215057447676987,-0.014517282406258361,nan,1.0,0.0,0.9859999999999999,0.8123074882201183,2.0160000324249268,1.0,0,1,1,0,2.8422064781188965,0.2812398076057434,-1.2447226213070663,FOLLOW_MAIN,cascade_pd_tracking,follow_main,inner_wheel_pd,lidar_disabled,FOLLOW_MAIN,COMMITTED,UNKNOWN,1,2,1,1,1,1,2,1.967519760131836,1.5851941108703613,1.2196993827819824,0.7908766269683838,0.39733457565307617,7.796287536621094e-05,0.08236000399983823,0.036121257999639056
1784803436.1291704,158.70079016685486,24.1,0.0241,24.1,0.017493624481812322,17.493624481812322,0.017493624481812322,17.493624481812322,0.17,0.1240673484731059,0.1240673484731059,0.01965671674157292,0.11132342292385804,0.013645027095813611,0.0007862686696629168,0.08932849090063624,0.003117055841868025,0.78,0.04,0.72,0.028,1.0,0.11778458579191715,0.0786403478000011,0.054526079603095204,0.04977907975519812,0.09787499904632568,-0.1068768425079808,-0.1068768425079808,-0.14960004940574137,-0.16893743583473092,0.0315217524766922,0.08585453466928981,0.09574728075414896,0.07886105968725304,0.0714261609307124,0.10000271733850241,0.05690887852445404,-0.009892746084859141,-0.028576556407790013,-0.04665393269445989,-0.08005353305191558,-0.005215057447676987,-0.014517282406258361,nan,1.0,0.0,0.9859999999999999,0.8123074882201183,2.0160000324249268,1.0,0,1,1,0,2.8422064781188965,0.2812398076057434,-1.2447226213070663,FOLLOW_MAIN,cascade_pd_tracking,follow_main,inner_wheel_pd,lidar_disabled,FOLLOW_MAIN,COMMITTED,UNKNOWN,1,2,1,1,1,1,2,8.487701416015625e-05,1.9482860565185547,1.582791805267334,1.1539690494537354,0.7604267597198486,0.3631703853607178,0.08236000399983823,0.036121257999639056
1784803436.5956209,159.16724061965942,59.400000000000006,0.05940000000000001,59.400000000000006,0.05478694523334275,54.78694523334275,0.05478694523334275,54.78694523334275,0.401,0.3729826290957163,0.3729826290957163,0.010276483721935459,0.06571964863189442,0.04273381728200735,0.00041105934887741835,0.2685474929489157,0.0018401501616930438,0.78,0.04,0.72,0.028,0.75,0.065,0.065,0.07229739925861771,0.04977907975519812,0.014499999582767487,-0.23514938980612016,-0.23514938980612016,-0.26568223854589174,-0.16893743583473092,-0.12608695030212402,0.08087258381191312,0.02301086872816086,0.10950325240507437,0.049127416188086886,0.005989130437374115,0.07051727174888374,0.05786171508375226,0.04313828575071277,0.08570453529601704,0.0683478400454727,0.028630668593161254,0.021389855560796853,nan,1.0,0.0,0.135,0.6508163168775214,1.8769999742507935,1.0,0,1,1,0,2.873797655105591,0.14586661756038666,-1.5446517915435436,FOLLOW_MAIN,cascade_pd_tracking,planner_hold,inner_wheel_pd,lidar_disabled,FOLLOW_MAIN,COMMITTED,HOLD,1,1,1,1,1,1,1,0.46654772758483887,0.00010323524475097656,2.0492544174194336,1.620431661605835,1.2268891334533691,0.8296327590942383,0.036156591000235494,0.06853972799990515
1784803437.0216503,159.59327006340027,59.400000000000006,0.05940000000000001,59.400000000000006,0.05478694523334275,54.78694523334275,0.05478694523334275,54.78694523334275,0.401,0.3729826290957163,0.3729826290957163,0.010276483721935459,0.06571964863189442,0.04273381728200735,0.00041105934887741835,0.2685474929489157,0.0018401501616930438,0.78,0.04,0.72,0.028,0.75,0.065,0.065,0.07229739925861771,0.04977907975519812,0.014499999582767487,-0.23514938980612016,-0.23514938980612016,-0.26568223854589174,-0.16893743583473092,-0.12608695030212402,0.08087258381191312,0.02301086872816086,0.10950325240507437,0.049127416188086886,0.005989130437374115,0.07051727174888374,0.05786171508375226,0.04313828575071277,0.08570453529601704,0.0683478400454727,0.028630668593161254,0.021389855560796853,nan,1.0,0.0,0.135,0.6508163168775214,1.8769999742507935,1.0,0,1,1,0,2.873797655105591,0.14586661756038666,-1.5446517915435436,FOLLOW_MAIN,cascade_pd_tracking,planner_hold,inner_wheel_pd,lidar_disabled,FOLLOW_MAIN,COMMITTED,HOLD,1,1,1,1,1,1,1,0.892578125,0.4261338710784912,9.846687316894531e-05,2.0464625358581543,1.6529204845428467,1.255664587020874,0.036156591000235494,0.06853972799990515
1784803437.4215863,159.99320602416992,59.400000000000006,0.05940000000000001,59.400000000000006,0.05478694523334275,54.78694523334275,0.05478694523334275,54.78694523334275,0.401,0.3729826290957163,0.3729826290957163,0.010276483721935459,0.06571964863189442,0.04273381728200735,0.00041105934887741835,0.2685474929489157,0.0018401501616930438,0.78,0.04,0.72,0.028,0.75,0.065,0.065,0.07229739925861771,0.07379583589793746,0.014499999582767487,-0.23514938980612016,-0.23514938980612016,-0.26568223854589174,-0.22235296073607438,-0.12608695030212402,0.08087258381191312,0.02301086872816086,0.10950325240507437,0.049127416188086886,0.005989130437374115,0.07051727174888374,0.05786171508375226,0.04313828575071277,0.08570453529601704,0.0683478400454727,0.028630668593161254,0.021389855560796853,nan,1.0,0.0,0.135,0.6508163168775214,1.8769999742507935,1.0,0,1,1,0,2.873797655105591,0.14586661756038666,-1.5446517915435436,FOLLOW_MAIN,cascade_pd_tracking,planner_hold,inner_wheel_pd,lidar_disabled,FOLLOW_MAIN,COMMITTED,HOLD,1,1,1,1,1,1,1,1.2924904823303223,0.8260459899902344,0.400010347366333,6.747245788574219e-05,2.0528316497802734,1.6555752754211426,0.036156591000235494,0.06853972799990515
1784803437.842116,160.41373586654663,59.400000000000006,0.05940000000000001,59.400000000000006,0.05478694523334275,54.78694523334275,0.05478694523334275,54.78694523334275,0.401,0.3729826290957163,0.3729826290957163,0.010276483721935459,0.06571964863189442,0.04273381728200735,0.00041105934887741835,0.2685474929489157,0.0018401501616930438,0.78,0.04,0.72,0.028,0.75,0.065,0.065,0.07229739925861771,0.07379583589793746,0.014499999582767487,-0.23514938980612016,-0.23514938980612016,-0.26568223854589174,-0.22235296073607438,-0.12608695030212402,0.08087258381191312,0.02301086872816086,0.10950325240507437,0.049127416188086886,0.005989130437374115,0.07051727174888374,0.05786171508375226,0.04313828575071277,0.08570453529601704,0.0683478400454727,0.028630668593161254,0.021389855560796853,nan,1.0,0.0,0.135,0.6508163168775214,1.8769999742507935,1.0,0,1,1,0,2.873797655105591,0.14586661756038666,-1.5446517915435436,FOLLOW_MAIN,cascade_pd_tracking,planner_hold,inner_wheel_pd,lidar_disabled,FOLLOW_MAIN,COMMITTED,HOLD,1,1,1,1,1,1,1,1.713033676147461,1.246589183807373,0.8205537796020508,0.4206111431121826,9.322166442871094e-05,2.0761191844940186,0.036156591000235494,0.06853972799990515
1784803438.2494102,160.82102990150452,59.400000000000006,0.05940000000000001,59.400000000000006,0.05478694523334275,54.78694523334275,0.05478694523334275,54.78694523334275,0.401,0.3729826290957163,0.3729826290957163,0.010276483721935459,0.06571964863189442,0.04273381728200735,0.00041105934887741835,0.2685474929489157,0.0018401501616930438,0.78,0.04,0.72,0.028,0.75,0.065,0.065,0.07229739925861771,0.07379583589793746,0.014499999582767487,-0.23514938980612016,-0.23514938980612016,-0.26568223854589174,-0.22235296073607438,-0.12608695030212402,0.08087258381191312,0.02301086872816086,0.10950325240507437,0.049127416188086886,0.005989130437374115,0.07051727174888374,0.05786171508375226,0.04313828575071277,0.08570453529601704,0.0683478400454727,0.028630668593161254,0.021389855560796853,nan,1.0,0.0,0.135,0.6508163168775214,1.8769999742507935,1.0,0,1,1,0,2.873797655105591,0.14586661756038666,-1.5446517915435436,FOLLOW_MAIN,cascade_pd_tracking,planner_hold,inner_wheel_pd,lidar_disabled,FOLLOW_MAIN,COMMITTED,HOLD,1,1,1,1,1,1,1,2.1203925609588623,1.6539490222930908,1.2279140949249268,0.8279716968536377,0.4074544906616211,0.0002040863037109375,0.036156591000235494,0.06853972799990515
1784803438.6557407,161.22736048698425,59.400000000000006,0.05940000000000001,59.400000000000006,0.05478694523334275,54.78694523334275,0.05478694523334275,54.78694523334275,0.401,0.3729826290957163,0.3729826290957163,0.010276483721935459,0.06571964863189442,0.04273381728200735,0.00041105934887741835,0.2685474929489157,0.0018401501616930438,0.78,0.04,0.72,0.028,0.75,0.065,0.065,0.07229739925861771,0.07379583589793746,0.014499999582767487,-0.23514938980612016,-0.23514938980612016,-0.26568223854589174,-0.22235296073607438,-0.12608695030212402,0.08087258381191312,0.02301086872816086,0.10950325240507437,0.049127416188086886,0.005989130437374115,0.07051727174888374,0.05786171508375226,0.04313828575071277,0.08570453529601704,0.0683478400454727,0.028630668593161254,0.021389855560796853,nan,1.0,0.0,0.135,0.6508163168775214,1.8769999742507935,1.0,0,1,1,0,2.873797655105591,0.14586661756038666,-1.5446517915435436,FOLLOW_MAIN,cascade_pd_tracking,planner_hold,inner_wheel_pd,lidar_disabled,FOLLOW_MAIN,COMMITTED,HOLD,1,1,1,1,1,1,1,6.67572021484375e-05,2.0602011680603027,1.6341657638549805,1.2342233657836914,0.8137052059173584,0.40645384788513184,0.036156591000235494,0.06853972799990515
1784803439.0536194,161.62523913383484,16.6,0.0166,16.6,0.018175589144966246,18.175589144966246,0.018175589144966246,18.175589144966246,0.11800000000000001,0.12892646890718334,0.12892646890718334,-0.017108487416702515,-0.11621376410246398,0.014176959533073673,-0.0006843394966681006,0.092827057613172,-0.0032539853948689913,0.78,0.04,0.72,0.028,0.75,0.065,0.065,0.06538465700278087,0.07379583589793746,0.032624997198581696,-0.07729926919103144,-0.07729926919103144,-0.029651666908698422,-0.22235296073607438,-0.15760868787765503,0.07021770067039462,0.04326358363032341,0.0835794278775243,0.05978229932960538,0.02198641076683998,0.07922836805940008,0.02695411704007121,0.0377958885627654,0.04237510278954986,0.13040422196672988,0.013361727207129678,0.019446068729794694,nan,1.0,0.0,1.686,0.7692718565062734,1.590999960899353,1.0,0,1,1,0,2.8367559909820557,0.0023351225536316633,-2.075855150497063,FOLLOW_MAIN,cascade_pd_tracking,planner_hold,inner_wheel_pd,lidar_disabled,FOLLOW_MAIN,COMMITTED,HOLD,1,1,1,1,1,1,1,0.39793968200683594,6.914138793945312e-05,2.032038688659668,1.6320958137512207,1.2115776538848877,0.8043265342712402,0.031321116000071925,0.020958256000085385
1784803439.4587061,162.0303258895874,16.6,0.0166,16.6,0.018175589144966246,18.175589144966246,0.018175589144966246,18.175589144966246,0.11800000000000001,0.12892646890718334,0.12892646890718334,-0.017108487416702515,-0.11621376410246398,0.014176959533073673,-0.0006843394966681006,0.092827057613172,-0.0032539853948689913,0.78,0.04,0.72,0.028,0.75,0.065,0.065,0.06538465700278087,0.07379583589793746,0.032624997198581696,-0.07729926919103144,-0.07729926919103144,-0.029651666908698422,-0.22235296073607438,-0.15760868787765503,0.07021770067039462,0.04326358363032341,0.0835794278775243,0.05978229932960538,0.02198641076683998,0.07922836805940008,0.02695411704007121,0.0377958885627654,0.04237510278954986,0.13040422196672988,0.013361727207129678,0.019446068729794694,nan,1.0,0.0,1.686,0.7692718565062734,1.590999960899353,1.0,0,1,1,0,2.8367559909820557,0.0023351225536316633,-2.075855150497063,FOLLOW_MAIN,cascade_pd_tracking,planner_hold,inner_wheel_pd,lidar_disabled,FOLLOW_MAIN,COMMITTED,HOLD,1,1,1,1,1,1,1,0.8030350208282471,0.4051649570465088,7.390975952148438e-05,2.037191390991211,1.616673231124878,1.2094221115112305,0.031321116000071925,0.020958256000085385
1784803439.8293684,162.40098810195923,16.6,0.0166,16.6,0.018175589144966246,18.175589144966246,0.018175589144966246,18.175589144966246,0.11800000000000001,0.12892646890718334,0.12892646890718334,-0.017108487416702515,-0.11621376410246398,0.014176959533073673,-0.0006843394966681006,0.092827057613172,-0.0032539853948689913,0.78,0.04,0.72,0.028,0.75,0.065,0.065,0.06538465700278087,0.056222074443859966,0.032624997198581696,-0.07729926919103144,-0.07729926919103144,-0.029651666908698422,-0.03637879213957391,-0.15760868787765503,0.07021770067039462,0.04326358363032341,0.0835794278775243,0.05978229932960538,0.02198641076683998,0.07922836805940008,0.02695411704007121,0.0377958885627654,0.04237510278954986,0.13040422196672988,0.013361727207129678,0.019446068729794694,nan,1.0,0.0,1.686,0.7692718565062734,1.590999960899353,1.0,0,1,1,0,2.8367559909820557,0.0023351225536316633,-2.075855150497063,FOLLOW_MAIN,cascade_pd_tracking,planner_hold,inner_wheel_pd,lidar_disabled,FOLLOW_MAIN,COMMITTED,HOLD,1,1,1,1,1,1,1,1.1736981868743896,0.775841236114502,0.37075138092041016,9.226799011230469e-05,1.9873507022857666,1.5800995826721191,0.031321116000071925,0.020958256000085385
1784803440.218015,162.78963470458984,16.6,0.0166,16.6,0.018175589144966246,18.175589144966246,0.018175589144966246,18.175589144966246,0.11800000000000001,0.12892646890718334,0.12892646890718334,-0.017108487416702515,-0.11621376410246398,0.014176959533073673,-0.0006843394966681006,0.092827057613172,-0.0032539853948689913,0.78,0.04,0.72,0.028,0.75,0.065,0.065,0.06538465700278087,0.056222074443859966,0.032624997198581696,-0.07729926919103144,-0.07729926919103144,-0.029651666908698422,-0.03637879213957391,-0.15760868787765503,0.07021770067039462,0.04326358363032341,0.0835794278775243,0.05978229932960538,0.02198641076683998,0.07922836805940008,0.02695411704007121,0.0377958885627654,0.04237510278954986,0.13040422196672988,0.013361727207129678,0.019446068729794694,nan,1.0,0.0,1.686,0.7692718565062734,1.590999960899353,1.0,0,1,1,0,2.8367559909820557,0.0023351225536316633,-2.075855150497063,FOLLOW_MAIN,cascade_pd_tracking,planner_hold,inner_wheel_pd,lidar_disabled,FOLLOW_MAIN,COMMITTED,HOLD,1,1,1,1,1,1,1,1.562340259552002,1.1644697189331055,0.7593796253204346,0.3887205123901367,0.00010633468627929688,1.9687275886535645,0.031321116000071925,0.020958256000085385
1784803440.5991807,163.170800447464,16.6,0.0166,16.6,0.018175589144966246,18.175589144966246,0.018175589144966246,18.175589144966246,0.11800000000000001,0.12892646890718334,0.12892646890718334,-0.017108487416702515,-0.11621376410246398,0.014176959533073673,-0.0006843394966681006,0.092827057613172,-0.0032539853948689913,0.78,0.04,0.72,0.028,0.75,0.065,0.065,0.06538465700278087,0.056222074443859966,0.032624997198581696,-0.07729926919103144,-0.07729926919103144,-0.029651666908698422,-0.03637879213957391,-0.15760868787765503,0.07021770067039462,0.04326358363032341,0.0835794278775243,0.05978229932960538,0.02198641076683998,0.07922836805940008,0.02695411704007121,0.0377958885627654,0.04237510278954986,0.13040422196672988,0.013361727207129678,0.019446068729794694,nan,1.0,0.0,1.686,0.7692718565062734,1.590999960899353,1.0,0,1,1,0,2.8367559909820557,0.0023351225536316633,-2.075855150497063,FOLLOW_MAIN,cascade_pd_tracking,planner_hold,inner_wheel_pd,lidar_disabled,FOLLOW_MAIN,COMMITTED,HOLD,1,1,1,1,1,1,1,1.9435186386108398,1.5456488132476807,1.1405580043792725,0.7698991298675537,0.3812856674194336,0.00010514259338378906,0.031321116000071925,0.020958256000085385
1784803440.9911695,163.56278920173645,16.6,0.0166,16.6,0.018175589144966246,18.175589144966246,0.018175589144966246,18.175589144966246,0.11800000000000001,0.12892646890718334,0.12892646890718334,-0.017108487416702515,-0.11621376410246398,0.014176959533073673,-0.0006843394966681006,0.092827057613172,-0.0032539853948689913,0.78,0.04,0.72,0.028,0.75,0.065,0.065,0.06538465700278087,0.056222074443859966,0.032624997198581696,-0.07729926919103144,-0.07729926919103144,-0.029651666908698422,-0.03637879213957391,-0.15760868787765503,0.07021770067039462,0.04326358363032341,0.0835794278775243,0.05978229932960538,0.02198641076683998,0.07922836805940008,0.02695411704007121,0.0377958885627654,0.04237510278954986,0.13040422196672988,0.013361727207129678,0.019446068729794694,nan,1.0,0.0,1.686,0.7692718565062734,1.590999960899353,1.0,0,1,1,0,2.8367559909820557,0.0023351225536316633,-2.075855150497063,FOLLOW_MAIN,cascade_pd_tracking,planner_hold,inner_wheel_pd,lidar_disabled,FOLLOW_MAIN,COMMITTED,HOLD,1,1,1,1,1,1,1,6.532669067382812e-05,1.9376249313354492,1.532534122467041,1.1618752479553223,0.7732610702514648,0.39208030700683594,0.031321116000071925,0.020958256000085385
1784803441.3762572,163.94787693023682,22.700000000000003,0.0227,22.700000000000003,0.021433809002068892,21.43380900206889,0.021433809002068892,21.43380900206889,0.161,0.1517074286489555,0.1517074286489555,0.0022847328012336786,0.01566805229753166,0.016718371021613738,9.138931204934715e-05,0.10922934862724797,0.0004387054643308865,0.78,0.04,0.72,0.028,1.0,0.10931035330096721,0.06836676176006222,0.05339441831525059,0.056222074443859966,0.07249999791383743,-0.12647781442524195,-0.10538997116190786,-0.07593175758881797,-0.03637879213957391,-0.12608695030212402,0.075480584813491,0.0810108670592308,0.07204713084297092,0.06125293870663344,0.06398912876844406,0.06090497076200306,-0.005530282245739801,0.0,-0.07789184925649804,-0.034796794463038065,-0.003433453970520085,-0.00034796794463038067,nan,1.0,0.0,1.6099999999999999,0.7538645055239118,1.6269999742507935,1.0,0,1,1,0,2.7565810680389404,-0.11174178123474121,-2.27166917813914,FOLLOW_MAIN,cascade_pd_tracking,follow_main,inner_wheel_pd,lidar_disabled,FOLLOW_MAIN,COMMITTED,UNKNOWN,1,2,1,1,1,1,2,0.3851497173309326,7.390975952148438e-05,1.917618751525879,1.5469598770141602,1.1583456993103027,0.7771651744842529,0.016067781000401737,0.0004808710000361316
1784803441.7689395,164.34055924415588,22.700000000000003,0.0227,22.700000000000003,0.021433809002068892,21.43380900206889,0.021433809002068892,21.43380900206889,0.161,0.1517074286489555,0.1517074286489555,0.0022847328012336786,0.01566805229753166,0.016718371021613738,9.138931204934715e-05,0.10922934862724797,0.0004387054643308865,0.78,0.04,0.72,0.028,1.0,0.10931035330096721,0.06836676176006222,0.05339441831525059,0.056222074443859966,0.07249999791383743,-0.12647781442524195,-0.10538997116190786,-0.07593175758881797,-0.03637879213957391,-0.12608695030212402,0.075480584813491,0.0810108670592308,0.07204713084297092,0.06125293870663344,0.06398912876844406,0.06090497076200306,-0.005530282245739801,0.0,-0.07789184925649804,-0.034796794463038065,-0.003433453970520085,-0.00034796794463038067,nan,1.0,0.0,1.6099999999999999,0.7538645055239118,1.6269999742507935,1.0,0,1,1,0,2.7565810680389404,-0.11174178123474121,-2.27166917813914,FOLLOW_MAIN,cascade_pd_tracking,follow_main,inner_wheel_pd,lidar_disabled,FOLLOW_MAIN,COMMITTED,UNKNOWN,1,2,1,1,1,1,2,0.777836799621582,0.3927609920501709,7.081031799316406e-05,1.9396464824676514,1.551032304763794,1.1698520183563232,0.016067781000401737,0.0004808710000361316
1784803442.1631925,164.73481225967407,22.700000000000003,0.0227,22.700000000000003,0.021433809002068892,21.43380900206889,0.021433809002068892,21.43380900206889,0.161,0.1517074286489555,0.1517074286489555,0.0022847328012336786,0.01566805229753166,0.016718371021613738,9.138931204934715e-05,0.10922934862724797,0.0004387054643308865,0.78,0.04,0.72,0.028,1.0,0.10931035330096721,0.06836676176006222,0.05339441831525059,0.061646940163181244,0.07249999791383743,-0.12647781442524195,-0.10538997116190786,-0.07593175758881797,-0.10915625550973447,-0.12608695030212402,0.075480584813491,0.0810108670592308,0.07204713084297092,0.06125293870663344,0.06398912876844406,0.06090497076200306,-0.005530282245739801,0.0,-0.07789184925649804,-0.034796794463038065,-0.003433453970520085,-0.00034796794463038067,nan,1.0,0.0,1.6099999999999999,0.7538645055239118,1.6269999742507935,1.0,0,1,1,0,2.7565810680389404,-0.11174178123474121,-2.27166917813914,FOLLOW_MAIN,cascade_pd_tracking,follow_main,inner_wheel_pd,lidar_disabled,FOLLOW_MAIN,COMMITTED,UNKNOWN,1,2,1,1,1,1,2,1.1720948219299316,0.7870192527770996,0.3943290710449219,7.82012939453125e-05,1.9452908039093018,1.5641100406646729,0.016067781000401737,0.0004808710000361316
1784803442.5526175,165.12423729896545,22.700000000000003,0.0227,22.700000000000003,0.021433809002068892,21.43380900206889,0.021433809002068892,21.43380900206889,0.161,0.1517074286489555,0.1517074286489555,0.0022847328012336786,0.01566805229753166,0.016718371021613738,9.138931204934715e-05,0.10922934862724797,0.0004387054643308865,0.78,0.04,0.72,0.028,1.0,0.10931035330096721,0.06836676176006222,0.05339441831525059,0.061646940163181244,0.07249999791383743,-0.12647781442524195,-0.10538997116190786,-0.07593175758881797,-0.10915625550973447,-0.12608695030212402,0.075480584813491,0.0810108670592308,0.07204713084297092,0.06125293870663344,0.06398912876844406,0.06090497076200306,-0.005530282245739801,0.0,-0.07789184925649804,-0.034796794463038065,-0.003433453970520085,-0.00034796794463038067,nan,1.0,0.0,1.6099999999999999,0.7538645055239118,1.6269999742507935,1.0,0,1,1,0,2.7565810680389404,-0.11174178123474121,-2.27166917813914,FOLLOW_MAIN,cascade_pd_tracking,follow_main,inner_wheel_pd,lidar_disabled,FOLLOW_MAIN,COMMITTED,UNKNOWN,1,2,1,1,1,1,2,1.5615105628967285,1.1764345169067383,0.7837448120117188,0.3894939422607422,6.866455078125e-05,1.9535253047943115,0.016067781000401737,0.0004808710000361316
1784803442.9583993,165.5300190448761,22.700000000000003,0.0227,22.700000000000003,0.021433809002068892,21.43380900206889,0.021433809002068892,21.43380900206889,0.161,0.1517074286489555,0.1517074286489555,0.0022847328012336786,0.01566805229753166,0.016718371021613738,9.138931204934715e-05,0.10922934862724797,0.0004387054643308865,0.78,0.04,0.72,0.028,1.0,0.10931035330096721,0.06836676176006222,0.05339441831525059,0.061646940163181244,0.07249999791383743,-0.12647781442524195,-0.10538997116190786,-0.07593175758881797,-0.10915625550973447,-0.12608695030212402,0.075480584813491,0.0810108670592308,0.07204713084297092,0.06125293870663344,0.06398912876844406,0.06090497076200306,-0.005530282245739801,0.0,-0.07789184925649804,-0.034796794463038065,-0.003433453970520085,-0.00034796794463038067,nan,1.0,0.0,1.6099999999999999,0.7538645055239118,1.6269999742507935,1.0,0,1,1,0,2.7565810680389404,-0.11174178123474121,-2.27166917813914,FOLLOW_MAIN,cascade_pd_tracking,follow_main,inner_wheel_pd,lidar_disabled,FOLLOW_MAIN,COMMITTED,UNKNOWN,1,2,1,1,1,1,2,1.9673254489898682,1.582249641418457,1.1895596981048584,0.79530930519104,0.4058842658996582,0.00011038780212402344,0.016067781000401737,0.0004808710000361316
1784803443.360181,165.93180084228516,22.700000000000003,0.0227,22.700000000000003,0.021433809002068892,21.43380900206889,0.021433809002068892,21.43380900206889,0.161,0.1517074286489555,0.1517074286489555,0.0022847328012336786,0.01566805229753166,0.016718371021613738,9.138931204934715e-05,0.10922934862724797,0.0004387054643308865,0.78,0.04,0.72,0.028,1.0,0.10931035330096721,0.06836676176006222,0.05339441831525059,0.061646940163181244,0.07249999791383743,-0.12647781442524195,-0.10538997116190786,-0.07593175758881797,-0.10915625550973447,-0.12608695030212402,0.075480584813491,0.0810108670592308,0.07204713084297092,0.06125293870663344,0.06398912876844406,0.06090497076200306,-0.005530282245739801,0.0,-0.07789184925649804,-0.034796794463038065,-0.003433453970520085,-0.00034796794463038067,nan,1.0,0.0,1.6099999999999999,0.7538645055239118,1.6269999742507935,1.0,0,1,1,0,2.7565810680389404,-0.11174178123474121,-2.27166917813914,FOLLOW_MAIN,cascade_pd_tracking,follow_main,inner_wheel_pd,lidar_disabled,FOLLOW_MAIN,COMMITTED,UNKNOWN,1,2,1,1,1,1,2,7.510185241699219e-05,1.9840025901794434,1.5913126468658447,1.1970620155334473,0.8076369762420654,0.40186309814453125,0.016067781000401737,0.0004808710000361316
1784803443.740724,166.3123438358307,28.1,0.0281,28.1,0.02659112421995085,26.59112421995085,0.02659112421995085,26.59112421995085,0.198,0.1875689266565428,0.1875689266565428,0.0033644530090229247,0.023274848119628565,0.020741076891561662,0.00013457812036091698,0.1350496271927108,0.0006516957473495998,0.78,0.04,0.72,0.028,0.75,0.065,0.065,0.0677990732125542,0.061646940163181244,0.0253749992698431,-0.11743273346398722,-0.11743273346398722,-0.05852932197720579,-0.10915625550973447,-0.22065216302871704,0.07292670950881915,0.0402690202742815,0.08870411705556629,0.057073290491180866,0.0104809782654047,0.0801155752436937,0.03265768923453764,0.046592312225776165,0.010171671416907377,0.06779748841402788,0.01577740754674714,0.02304228475251284,nan,1.0,0.0,1.101,0.7503842807122553,1.503999948501587,1.0,0,1,1,0,2.656874418258667,-0.20327146351337433,-2.546160733743636,FOLLOW_MAIN,cascade_pd_tracking,planner_hold,inner_wheel_pd,lidar_disabled,FOLLOW_MAIN,COMMITTED,HOLD,1,1,1,1,1,1,1,0.38060903549194336,6.508827209472656e-05,1.971846103668213,1.5775954723358154,1.1881701946258545,0.7823963165283203,0.02947198100036985,0.06245519399999466
1784803444.1351726,166.70679235458374,28.1,0.0281,28.1,0.02659112421995085,26.59112421995085,0.02659112421995085,26.59112421995085,0.198,0.1875689266565428,0.1875689266565428,0.0033644530090229247,0.023274848119628565,0.020741076891561662,0.00013457812036091698,0.1350496271927108,0.0006516957473495998,0.78,0.04,0.72,0.028,0.75,0.065,0.065,0.0677990732125542,0.061646940163181244,0.0253749992698431,-0.11743273346398722,-0.11743273346398722,-0.05852932197720579,-0.10915625550973447,-0.22065216302871704,0.07292670950881915,0.0402690202742815,0.08870411705556629,0.057073290491180866,0.0104809782654047,0.0801155752436937,0.03265768923453764,0.046592312225776165,0.010171671416907377,0.06779748841402788,0.01577740754674714,0.02304228475251284,nan,1.0,0.0,1.101,0.7503842807122553,1.503999948501587,1.0,0,1,1,0,2.656874418258667,-0.20327146351337433,-2.546160733743636,FOLLOW_MAIN,cascade_pd_tracking,planner_hold,inner_wheel_pd,lidar_disabled,FOLLOW_MAIN,COMMITTED,HOLD,1,1,1,1,1,1,1,0.7750921249389648,0.3945481777191162,9.560585021972656e-05,1.9720790386199951,1.5826542377471924,1.1768803596496582,0.02947198100036985,0.06245519399999466
1784803444.5188644,167.09048414230347,28.1,0.0281,28.1,0.02659112421995085,26.59112421995085,0.02659112421995085,26.59112421995085,0.198,0.1875689266565428,0.1875689266565428,0.0033644530090229247,0.023274848119628565,0.020741076891561662,0.00013457812036091698,0.1350496271927108,0.0006516957473495998,0.78,0.04,0.72,0.028,0.75,0.065,0.065,0.0677990732125542,0.06850801988347792,0.0253749992698431,-0.11743273346398722,-0.11743273346398722,-0.05852932197720579,-0.09652866730383798,-0.22065216302871704,0.07292670950881915,0.0402690202742815,0.08870411705556629,0.057073290491180866,0.0104809782654047,0.0801155752436937,0.03265768923453764,0.046592312225776165,0.010171671416907377,0.06779748841402788,0.01577740754674714,0.02304228475251284,nan,1.0,0.0,1.101,0.7503842807122553,1.503999948501587,1.0,0,1,1,0,2.656874418258667,-0.20327146351337433,-2.546160733743636,FOLLOW_MAIN,cascade_pd_tracking,planner_hold,inner_wheel_pd,lidar_disabled,FOLLOW_MAIN,COMMITTED,HOLD,1,1,1,1,1,1,1,1.1587660312652588,0.7782223224639893,0.3837697505950928,8.20159912109375e-05,1.9663281440734863,1.5605542659759521,0.02947198100036985,0.06245519399999466
1784803444.9138956,167.48551535606384,28.1,0.0281,28.1,0.02659112421995085,26.59112421995085,0.02659112421995085,26.59112421995085,0.198,0.1875689266565428,0.1875689266565428,0.0033644530090229247,0.023274848119628565,0.020741076891561662,0.00013457812036091698,0.1350496271927108,0.0006516957473495998,0.78,0.04,0.72,0.028,0.75,0.065,0.065,0.0677990732125542,0.06850801988347792,0.0253749992698431,-0.11743273346398722,-0.11743273346398722,-0.05852932197720579,-0.09652866730383798,-0.22065216302871704,0.07292670950881915,0.0402690202742815,0.08870411705556629,0.057073290491180866,0.0104809782654047,0.0801155752436937,0.03265768923453764,0.046592312225776165,0.010171671416907377,0.06779748841402788,0.01577740754674714,0.02304228475251284,nan,1.0,0.0,1.101,0.7503842807122553,1.503999948501587,1.0,0,1,1,0,2.656874418258667,-0.20327146351337433,-2.546160733743636,FOLLOW_MAIN,cascade_pd_tracking,planner_hold,inner_wheel_pd,lidar_disabled,FOLLOW_MAIN,COMMITTED,HOLD,1,1,1,1,1,1,1,1.553786039352417,1.1732420921325684,0.7787892818450928,0.39510154724121094,7.009506225585938e-05,1.955573320388794,0.02947198100036985,0.06245519399999466
1784803447.5069723,170.07859206199646,28.1,0.0281,28.1,0.02659112421995085,26.59112421995085,0.02659112421995085,26.59112421995085,0.198,0.1875689266565428,0.1875689266565428,0.0033644530090229247,0.023274848119628565,0.020741076891561662,0.00013457812036091698,0.1350496271927108,0.0006516957473495998,0.78,0.04,0.72,0.028,0.75,0.065,0.065,0.0677990732125542,0.06850801988347792,0.0253749992698431,-0.11743273346398722,-0.11743273346398722,-0.05852932197720579,-0.09652866730383798,-0.22065216302871704,0.07292670950881915,0.0402690202742815,0.08870411705556629,0.057073290491180866,0.0104809782654047,0.0801155752436937,0.03265768923453764,0.046592312225776165,0.010171671416907377,0.06779748841402788,0.01577740754674714,0.02304228475251284,nan,1.0,0.0,1.101,0.7503842807122553,1.503999948501587,1.0,0,1,1,0,2.656874418258667,-0.20327146351337433,-2.546160733743636,FOLLOW_MAIN,cascade_pd_tracking,planner_hold,inner_wheel_pd,lidar_disabled,FOLLOW_MAIN,COMMITTED,HOLD,1,1,1,1,1,1,1,4.146870136260986,3.766326427459717,3.3718743324279785,2.9881863594055176,2.5931549072265625,8.749961853027344e-05,0.02947198100036985,0.06245519399999466
1784803447.9335537,170.50517344474792,28.1,0.0281,28.1,0.02659112421995085,26.59112421995085,0.02659112421995085,26.59112421995085,0.198,0.1875689266565428,0.1875689266565428,0.0033644530090229247,0.023274848119628565,0.020741076891561662,0.00013457812036091698,0.1350496271927108,0.0006516957473495998,0.78,0.04,0.72,0.028,0.75,0.065,0.065,0.0677990732125542,0.06850801988347792,0.0253749992698431,-0.11743273346398722,-0.11743273346398722,-0.05852932197720579,-0.09652866730383798,-0.22065216302871704,0.07292670950881915,0.0402690202742815,0.08870411705556629,0.057073290491180866,0.0104809782654047,0.0801155752436937,0.03265768923453764,0.046592312225776165,0.010171671416907377,0.06779748841402788,0.01577740754674714,0.02304228475251284,nan,1.0,0.0,1.101,0.7503842807122553,1.503999948501587,1.0,0,1,1,0,2.656874418258667,-0.20327146351337433,-2.546160733743636,FOLLOW_MAIN,cascade_pd_tracking,planner_hold,inner_wheel_pd,lidar_disabled,FOLLOW_MAIN,COMMITTED,HOLD,1,1,1,1,1,1,1,8.630752563476562e-05,4.192913055419922,3.7984607219696045,3.4147729873657227,3.0197417736053467,0.42667460441589355,0.02947198100036985,0.06245519399999466
1784803448.3619254,170.93354511260986,26.6,0.026600000000000002,26.6,0.02757676704209668,27.57676704209668,0.02757676704209668,27.57676704209668,0.187,0.19431196829145753,0.19431196829145753,-0.003950973600220619,-0.027082184200200154,0.021509878292835412,-0.00015803894400882474,0.13990461716984942,-0.0007583011576056043,0.78,0.04,0.72,0.028,0.75,0.065,0.065,0.049381749688063706,0.06850801988347792,0.06887499988079071,-0.1203736165208028,-0.1203736165208028,-0.00463023508322603,-0.09652866730383798,-0.34673914313316345,0.0731252191151542,0.09227989204227924,0.061819996696549924,0.056874780884845814,0.045470107719302176,0.06114056002672871,-0.01915467292712504,0.011404673165543638,-0.21109794135842558,-0.12084639775780494,-0.011305222418604275,0.004265779141882897,nan,1.0,0.0,0.9289999999999999,0.7537319408286501,2.188999891281128,1.0,0,1,1,0,2.4041688442230225,-0.28536754846572876,3.0903880617700974,FOLLOW_MAIN,cascade_pd_tracking,planner_hold,inner_wheel_pd,lidar_disabled,FOLLOW_MAIN,COMMITTED,HOLD,1,1,1,1,1,1,1,0.428447961807251,7.843971252441406e-05,4.226821660995483,3.8431339263916016,3.4481022357940674,0.8550350666046143,0.06528564499967615,0.06394671599991852
1784803448.7771838,171.34880352020264,26.6,0.026600000000000002,26.6,0.02757676704209668,27.57676704209668,0.02757676704209668,27.57676704209668,0.187,0.19431196829145753,0.19431196829145753,-0.003950973600220619,-0.027082184200200154,0.021509878292835412,-0.00015803894400882474,0.13990461716984942,-0.0007583011576056043,0.78,0.04,0.72,0.028,0.75,0.065,0.065,0.049381749688063706,0.06850801988347792,0.06887499988079071,-0.1203736165208028,-0.1203736165208028,-0.00463023508322603,-0.09652866730383798,-0.34673914313316345,0.0731252191151542,0.09227989204227924,0.061819996696549924,0.056874780884845814,0.045470107719302176,0.06114056002672871,-0.01915467292712504,0.011404673165543638,-0.21109794135842558,-0.12084639775780494,-0.011305222418604275,0.004265779141882897,nan,1.0,0.0,0.9289999999999999,0.7537319408286501,2.188999891281128,1.0,0,1,1,0,2.4041688442230225,-0.28536754846572876,3.0903880617700974,FOLLOW_MAIN,cascade_pd_tracking,planner_hold,inner_wheel_pd,lidar_disabled,FOLLOW_MAIN,COMMITTED,HOLD,1,1,1,1,1,1,1,0.8437139987945557,0.4153447151184082,0.00010991096496582031,4.258399963378906,3.863368511199951,1.270301342010498,0.06528564499967615,0.06394671599991852
1784803449.1737688,171.74538850784302,26.6,0.026600000000000002,26.6,0.02757676704209668,27.57676704209668,0.02757676704209668,27.57676704209668,0.187,0.19431196829145753,0.19431196829145753,-0.003950973600220619,-0.027082184200200154,0.021509878292835412,-0.00015803894400882474,0.13990461716984942,-0.0007583011576056043,0.78,0.04,0.72,0.028,0.75,0.065,0.065,0.049381749688063706,0.06796589341037153,0.06887499988079071,-0.1203736165208028,-0.1203736165208028,-0.00463023508322603,-0.2851330161727655,-0.34673914313316345,0.0731252191151542,0.09227989204227924,0.061819996696549924,0.056874780884845814,0.045470107719302176,0.06114056002672871,-0.01915467292712504,0.011404673165543638,-0.21109794135842558,-0.12084639775780494,-0.011305222418604275,0.004265779141882897,nan,1.0,0.0,0.9289999999999999,0.7537319408286501,2.188999891281128,1.0,0,1,1,0,2.4041688442230225,-0.28536754846572876,3.0903880617700974,FOLLOW_MAIN,cascade_pd_tracking,planner_hold,inner_wheel_pd,lidar_disabled,FOLLOW_MAIN,COMMITTED,HOLD,1,1,1,1,1,1,1,1.2402942180633545,0.8119244575500488,0.39668989181518555,7.581710815429688e-05,4.259948492050171,1.6668813228607178,0.06528564499967615,0.06394671599991852
1784803449.5670953,172.13871502876282,26.6,0.026600000000000002,26.6,0.02757676704209668,27.57676704209668,0.02757676704209668,27.57676704209668,0.187,0.19431196829145753,0.19431196829145753,-0.003950973600220619,-0.027082184200200154,0.021509878292835412,-0.00015803894400882474,0.13990461716984942,-0.0007583011576056043,0.78,0.04,0.72,0.028,0.75,0.065,0.065,0.049381749688063706,0.06796589341037153,0.06887499988079071,-0.1203736165208028,-0.1203736165208028,-0.00463023508322603,-0.2851330161727655,-0.34673914313316345,0.0731252191151542,0.09227989204227924,0.061819996696549924,0.056874780884845814,0.045470107719302176,0.06114056002672871,-0.01915467292712504,0.011404673165543638,-0.21109794135842558,-0.12084639775780494,-0.011305222418604275,0.004265779141882897,nan,1.0,0.0,0.9289999999999999,0.7537319408286501,2.188999891281128,1.0,0,1,1,0,2.4041688442230225,-0.28536754846572876,3.0903880617700974,FOLLOW_MAIN,cascade_pd_tracking,planner_hold,inner_wheel_pd,lidar_disabled,FOLLOW_MAIN,COMMITTED,HOLD,1,1,1,1,1,1,1,1.6336193084716797,1.2052497863769531,0.7900149822235107,0.3934011459350586,8.177757263183594e-05,2.0602059364318848,0.06528564499967615,0.06394671599991852
1784803449.9478273,172.51944708824158,26.6,0.026600000000000002,26.6,0.02757676704209668,27.57676704209668,0.02757676704209668,27.57676704209668,0.187,0.19431196829145753,0.19431196829145753,-0.003950973600220619,-0.027082184200200154,0.021509878292835412,-0.00015803894400882474,0.13990461716984942,-0.0007583011576056043,0.78,0.04,0.72,0.028,0.75,0.065,0.065,0.049381749688063706,0.06796589341037153,0.06887499988079071,-0.1203736165208028,-0.1203736165208028,-0.00463023508322603,-0.2851330161727655,-0.34673914313316345,0.0731252191151542,0.09227989204227924,0.061819996696549924,0.056874780884845814,0.045470107719302176,0.06114056002672871,-0.01915467292712504,0.011404673165543638,-0.21109794135842558,-0.12084639775780494,-0.011305222418604275,0.004265779141882897,nan,1.0,0.0,0.9289999999999999,0.7537319408286501,2.188999891281128,1.0,0,1,1,0,2.4041688442230225,-0.28536754846572876,3.0903880617700974,FOLLOW_MAIN,cascade_pd_tracking,planner_hold,inner_wheel_pd,lidar_disabled,FOLLOW_MAIN,COMMITTED,HOLD,1,1,1,1,1,1,1,2.014350414276123,1.5859806537628174,1.170746088027954,0.774132251739502,0.3808133602142334,7.843971252441406e-05,0.06528564499967615,0.06394671599991852
1784803450.3322365,172.90385627746582,26.6,0.026600000000000002,26.6,0.02757676704209668,27.57676704209668,0.02757676704209668,27.57676704209668,0.187,0.19431196829145753,0.19431196829145753,-0.003950973600220619,-0.027082184200200154,0.021509878292835412,-0.00015803894400882474,0.13990461716984942,-0.0007583011576056043,0.78,0.04,0.72,0.028,0.75,0.065,0.065,0.049381749688063706,0.06796589341037153,0.06887499988079071,-0.1203736165208028,-0.1203736165208028,-0.00463023508322603,-0.2851330161727655,-0.34673914313316345,0.0731252191151542,0.09227989204227924,0.061819996696549924,0.056874780884845814,0.045470107719302176,0.06114056002672871,-0.01915467292712504,0.011404673165543638,-0.21109794135842558,-0.12084639775780494,-0.011305222418604275,0.004265779141882897,nan,1.0,0.0,0.9289999999999999,0.7537319408286501,2.188999891281128,1.0,0,1,1,0,2.4041688442230225,-0.28536754846572876,3.0903880617700974,FOLLOW_MAIN,cascade_pd_tracking,planner_hold,inner_wheel_pd,lidar_disabled,FOLLOW_MAIN,COMMITTED,HOLD,1,1,1,1,1,1,1,8.559226989746094e-05,1.9703986644744873,1.555163860321045,1.1585500240325928,0.7652316093444824,0.38449692726135254,0.06528564499967615,0.06394671599991852
1784803450.6805637,173.2521834373474,83.0,0.083,83.0,0.10875577785131942,108.75577785131942,0.10875577785131942,108.75577785131942,0.535,0.6585104311314608,0.6585104311314608,-0.002260714794345687,0.001115138345934942,0.08482950672402914,-9.042859177382747e-05,0.47412751041465173,3.122387368617838e-05,0.78,0.04,0.72,0.028,1.0,0.065,0.065,0.06203540592071357,0.06796589341037153,0.03987500071525574,-0.38,-0.38,-0.3654954006044284,-0.2851330161727655,-0.34673914313316345,0.09065000000000001,0.06327989287674426,0.10405031900259157,0.039349999999999996,0.016470108553767203,0.050417841739985224,0.027370107123255744,0.022879891446232793,0.02626675834288008,0.008549384579348836,0.013400319002591558,0.011067841739985228,nan,1.0,0.0,5.0,0.33084944930976395,1.3370000123977661,1.0,0,1,1,0,2.273498058319092,-0.24859322607517242,2.4324660565451577,FOLLOW_MAIN,cascade_pd_tracking,follow_main,inner_wheel_pd,lidar_disabled,FOLLOW_MAIN,COMMITTED,UNKNOWN,1,2,1,1,1,1,2,0.34839582443237305,6.628036499023438e-05,1.9034736156463623,1.5068597793579102,1.1135408878326416,0.7328059673309326,0.11923107799975696,0.0818565760000638
1784803451.050446,173.622065782547,83.0,0.083,83.0,0.10875577785131942,108.75577785131942,0.10875577785131942,108.75577785131942,0.535,0.6585104311314608,0.6585104311314608,-0.002260714794345687,0.001115138345934942,0.08482950672402914,-9.042859177382747e-05,0.47412751041465173,3.122387368617838e-05,0.78,0.04,0.72,0.028,1.0,0.065,0.065,0.06203540592071357,0.06796589341037153,0.03987500071525574,-0.38,-0.38,-0.3654954006044284,-0.2851330161727655,-0.34673914313316345,0.09065000000000001,0.06327989287674426,0.10405031900259157,0.039349999999999996,0.016470108553767203,0.050417841739985224,0.027370107123255744,0.022879891446232793,0.02626675834288008,0.008549384579348836,0.013400319002591558,0.011067841739985228,nan,1.0,0.0,5.0,0.33084944930976395,1.3370000123977661,1.0,0,1,1,0,2.273498058319092,-0.24859322607517242,2.4324660565451577,FOLLOW_MAIN,cascade_pd_tracking,follow_main,inner_wheel_pd,lidar_disabled,FOLLOW_MAIN,COMMITTED,UNKNOWN,1,2,1,1,1,1,2,0.71830153465271,0.36997222900390625,0.00014710426330566406,1.8767666816711426,1.4834480285644531,1.1027133464813232,0.11923107799975696,0.0818565760000638
1784803451.46248,174.034099817276,83.0,0.083,83.0,0.10875577785131942,108.75577785131942,0.10875577785131942,108.75577785131942,0.535,0.6585104311314608,0.6585104311314608,-0.002260714794345687,0.001115138345934942,0.08482950672402914,-9.042859177382747e-05,0.47412751041465173,3.122387368617838e-05,0.78,0.04,0.72,0.028,1.0,0.065,0.065,0.06203540592071357,0.08310970961762248,0.03987500071525574,-0.38,-0.38,-0.3654954006044284,-0.19864387284069063,-0.34673914313316345,0.09065000000000001,0.06327989287674426,0.10405031900259157,0.039349999999999996,0.016470108553767203,0.050417841739985224,0.027370107123255744,0.022879891446232793,0.02626675834288008,0.008549384579348836,0.013400319002591558,0.011067841739985228,nan,1.0,0.0,5.0,0.33084944930976395,1.3370000123977661,1.0,0,1,1,0,2.273498058319092,-0.24859322607517242,2.4324660565451577,FOLLOW_MAIN,cascade_pd_tracking,follow_main,inner_wheel_pd,lidar_disabled,FOLLOW_MAIN,COMMITTED,UNKNOWN,1,2,1,1,1,1,2,1.1303486824035645,0.7820193767547607,0.41219472885131836,0.0001399517059326172,1.8954951763153076,1.5147604942321777,0.11923107799975696,0.0818565760000638
1784803451.8910663,174.46268606185913,83.0,0.083,83.0,0.10875577785131942,108.75577785131942,0.10875577785131942,108.75577785131942,0.535,0.6585104311314608,0.6585104311314608,-0.002260714794345687,0.001115138345934942,0.08482950672402914,-9.042859177382747e-05,0.47412751041465173,3.122387368617838e-05,0.78,0.04,0.72,0.028,1.0,0.065,0.065,0.06203540592071357,0.08310970961762248,0.03987500071525574,-0.38,-0.38,-0.3654954006044284,-0.19864387284069063,-0.34673914313316345,0.09065000000000001,0.06327989287674426,0.10405031900259157,0.039349999999999996,0.016470108553767203,0.050417841739985224,0.027370107123255744,0.022879891446232793,0.02626675834288008,0.008549384579348836,0.013400319002591558,0.011067841739985228,nan,1.0,0.0,5.0,0.33084944930976395,1.3370000123977661,1.0,0,1,1,0,2.273498058319092,-0.24859322607517242,2.4324660565451577,FOLLOW_MAIN,cascade_pd_tracking,follow_main,inner_wheel_pd,lidar_disabled,FOLLOW_MAIN,COMMITTED,UNKNOWN,1,2,1,1,1,1,2,1.5589141845703125,1.2105848789215088,0.8407597541809082,0.42870521545410156,0.00012230873107910156,1.9433248043060303,0.11923107799975696,0.0818565760000638
1784803452.2909856,174.86260533332825,83.0,0.083,83.0,0.10875577785131942,108.75577785131942,0.10875577785131942,108.75577785131942,0.535,0.6585104311314608,0.6585104311314608,-0.002260714794345687,0.001115138345934942,0.08482950672402914,-9.042859177382747e-05,0.47412751041465173,3.122387368617838e-05,0.78,0.04,0.72,0.028,1.0,0.065,0.065,0.06203540592071357,0.08310970961762248,0.03987500071525574,-0.38,-0.38,-0.3654954006044284,-0.19864387284069063,-0.34673914313316345,0.09065000000000001,0.06327989287674426,0.10405031900259157,0.039349999999999996,0.016470108553767203,0.050417841739985224,0.027370107123255744,0.022879891446232793,0.02626675834288008,0.008549384579348836,0.013400319002591558,0.011067841739985228,nan,1.0,0.0,5.0,0.33084944930976395,1.3370000123977661,1.0,0,1,1,0,2.273498058319092,-0.24859322607517242,2.4324660565451577,FOLLOW_MAIN,cascade_pd_tracking,follow_main,inner_wheel_pd,lidar_disabled,FOLLOW_MAIN,COMMITTED,UNKNOWN,1,2,1,1,1,1,2,1.958860158920288,1.6105306148529053,1.2407054901123047,0.828650951385498,0.4000682830810547,0.00011348724365234375,0.11923107799975696,0.0818565760000638
1784803452.6897812,175.26140093803406,83.0,0.083,83.0,0.10875577785131942,108.75577785131942,0.10875577785131942,108.75577785131942,0.535,0.6585104311314608,0.6585104311314608,-0.002260714794345687,0.001115138345934942,0.08482950672402914,-9.042859177382747e-05,0.47412751041465173,3.122387368617838e-05,0.78,0.04,0.72,0.028,1.0,0.065,0.065,0.06203540592071357,0.08310970961762248,0.03987500071525574,-0.38,-0.38,-0.3654954006044284,-0.19864387284069063,-0.34673914313316345,0.09065000000000001,0.06327989287674426,0.10405031900259157,0.039349999999999996,0.016470108553767203,0.050417841739985224,0.027370107123255744,0.022879891446232793,0.02626675834288008,0.008549384579348836,0.013400319002591558,0.011067841739985228,nan,1.0,0.0,5.0,0.33084944930976395,1.3370000123977661,1.0,0,1,1,0,2.273498058319092,-0.24859322607517242,2.4324660565451577,FOLLOW_MAIN,cascade_pd_tracking,follow_main,inner_wheel_pd,lidar_disabled,FOLLOW_MAIN,COMMITTED,UNKNOWN,1,2,1,1,1,1,2,6.866455078125e-05,2.0092923641204834,1.6394672393798828,1.2274127006530762,0.7988297939300537,0.39887475967407227,0.11923107799975696,0.0818565760000638
1784803453.0693548,175.64097452163696,-44.900000000000006,-0.0449,-44.900000000000006,-0.031080696174475116,-31.080696174475115,-0.031080696174475116,-31.080696174475115,-0.327,-0.22459008429593139,-0.22459008429593139,-0.04973769215937342,-0.34452865254352794,-0.02424294301609059,-0.0019895076863749367,-0.16170486069307058,-0.009646802271218783,0.78,0.04,0.72,0.028,1.0,0.1033529288263194,0.07567847353998333,0.05851164421627525,0.08310970961762248,0.07975000143051147,0.19758411366675488,0.1736029293334407,0.22358364127717106,-0.19864387284069063,-1.6196914032207133e-08,0.06396027580997608,0.07975000252380317,0.056442762499035466,0.08739667126999058,0.07975000033721978,0.08925123159948992,-0.015789726713827085,0.007646670932770799,0.006155551169638208,0.03549448821175977,-0.007517513310940619,0.004025346929847582,nan,1.0,0.0,-1.2560957470587573,0.712778819491858,3.61299991607666,1.0,0,1,1,0,2.1900508403778076,-0.10532668977975845,1.938929839477315,FOLLOW_MAIN,cascade_pd_tracking,follow_main,inner_wheel_pd,lidar_disabled,FOLLOW_MAIN,COMMITTED,UNKNOWN,1,2,1,1,1,1,2,0.37964344024658203,8.511543273925781e-05,2.0190422534942627,1.606987476348877,1.1784048080444336,0.7784500122070312,0.05738773700022648,0.13103831099988383
1784803453.4668124,176.03843212127686,-44.900000000000006,-0.0449,-44.900000000000006,-0.031080696174475116,-31.080696174475115,-0.031080696174475116,-31.080696174475115,-0.327,-0.22459008429593139,-0.22459008429593139,-0.04973769215937342,-0.34452865254352794,-0.02424294301609059,-0.0019895076863749367,-0.16170486069307058,-0.009646802271218783,0.78,0.04,0.72,0.028,1.0,0.1033529288263194,0.07567847353998333,0.05851164421627525,0.08310970961762248,0.07975000143051147,0.19758411366675488,0.1736029293334407,0.22358364127717106,-0.19864387284069063,-1.6196914032207133e-08,0.06396027580997608,0.07975000252380317,0.056442762499035466,0.08739667126999058,0.07975000033721978,0.08925123159948992,-0.015789726713827085,0.007646670932770799,0.006155551169638208,0.03549448821175977,-0.007517513310940619,0.004025346929847582,nan,1.0,0.0,-1.2560957470587573,0.712778819491858,3.61299991607666,1.0,0,1,1,0,2.1900508403778076,-0.10532668977975845,1.938929839477315,FOLLOW_MAIN,cascade_pd_tracking,follow_main,inner_wheel_pd,lidar_disabled,FOLLOW_MAIN,COMMITTED,UNKNOWN,1,2,1,1,1,1,2,0.7771079540252686,0.3975496292114258,8.726119995117188e-05,2.0044522285461426,1.5758697986602783,1.1759147644042969,0.05738773700022648,0.13103831099988383
1784803453.8679183,176.43953800201416,-44.900000000000006,-0.0449,-44.900000000000006,-0.031080696174475116,-31.080696174475115,-0.031080696174475116,-31.080696174475115,-0.327,-0.22459008429593139,-0.22459008429593139,-0.04973769215937342,-0.34452865254352794,-0.02424294301609059,-0.0019895076863749367,-0.16170486069307058,-0.009646802271218783,0.78,0.04,0.72,0.028,1.0,0.1033529288263194,0.07567847353998333,0.05851164421627525,0.03561121869365736,0.07975000143051147,0.19758411366675488,0.1736029293334407,0.22358364127717106,0.31808584825981207,-1.6196914032207133e-08,0.06396027580997608,0.07975000252380317,0.056442762499035466,0.08739667126999058,0.07975000033721978,0.08925123159948992,-0.015789726713827085,0.007646670932770799,0.006155551169638208,0.03549448821175977,-0.007517513310940619,0.004025346929847582,nan,1.0,0.0,-1.2560957470587573,0.712778819491858,3.61299991607666,1.0,0,1,1,0,2.1900508403778076,-0.10532668977975845,1.938929839477315,FOLLOW_MAIN,cascade_pd_tracking,follow_main,inner_wheel_pd,lidar_disabled,FOLLOW_MAIN,COMMITTED,UNKNOWN,1,2,1,1,1,1,2,1.178206205368042,0.7986478805541992,0.4011852741241455,7.009506225585938e-05,1.9769675731658936,1.577012538909912,0.05738773700022648,0.13103831099988383
1784803454.2619972,176.8336169719696,-44.900000000000006,-0.0449,-44.900000000000006,-0.031080696174475116,-31.080696174475115,-0.031080696174475116,-31.080696174475115,-0.327,-0.22459008429593139,-0.22459008429593139,-0.04973769215937342,-0.34452865254352794,-0.02424294301609059,-0.0019895076863749367,-0.16170486069307058,-0.009646802271218783,0.78,0.04,0.72,0.028,1.0,0.1033529288263194,0.07567847353998333,0.05851164421627525,0.03561121869365736,0.07975000143051147,0.19758411366675488,0.1736029293334407,0.22358364127717106,0.31808584825981207,-1.6196914032207133e-08,0.06396027580997608,0.07975000252380317,0.056442762499035466,0.08739667126999058,0.07975000033721978,0.08925123159948992,-0.015789726713827085,0.007646670932770799,0.006155551169638208,0.03549448821175977,-0.007517513310940619,0.004025346929847582,nan,1.0,0.0,-1.2560957470587573,0.712778819491858,3.61299991607666,1.0,0,1,1,0,2.1900508403778076,-0.10532668977975845,1.938929839477315,FOLLOW_MAIN,cascade_pd_tracking,follow_main,inner_wheel_pd,lidar_disabled,FOLLOW_MAIN,COMMITTED,UNKNOWN,1,2,1,1,1,1,2,1.5722839832305908,1.192725419998169,0.7952628135681152,0.3941478729248047,0.00010418891906738281,1.9710896015167236,0.05738773700022648,0.13103831099988383
1784803454.676652,177.2482717037201,-44.900000000000006,-0.0449,-44.900000000000006,-0.031080696174475116,-31.080696174475115,-0.031080696174475116,-31.080696174475115,-0.327,-0.22459008429593139,-0.22459008429593139,-0.04973769215937342,-0.34452865254352794,-0.02424294301609059,-0.0019895076863749367,-0.16170486069307058,-0.009646802271218783,0.78,0.04,0.72,0.028,1.0,0.1033529288263194,0.07567847353998333,0.05851164421627525,0.03561121869365736,0.07975000143051147,0.19758411366675488,0.1736029293334407,0.22358364127717106,0.31808584825981207,-1.6196914032207133e-08,0.06396027580997608,0.07975000252380317,0.056442762499035466,0.08739667126999058,0.07975000033721978,0.08925123159948992,-0.015789726713827085,0.007646670932770799,0.006155551169638208,0.03549448821175977,-0.007517513310940619,0.004025346929847582,nan,1.0,0.0,-1.2560957470587573,0.712778819491858,3.61299991607666,1.0,0,1,1,0,2.1900508403778076,-0.10532668977975845,1.938929839477315,FOLLOW_MAIN,cascade_pd_tracking,follow_main,inner_wheel_pd,lidar_disabled,FOLLOW_MAIN,COMMITTED,UNKNOWN,1,2,1,1,1,1,2,1.9869699478149414,1.6074116230010986,1.209949016571045,0.8088340759277344,0.41479063034057617,0.00010752677917480469,0.05738773700022648,0.13103831099988383
1784803455.0904415,177.66206121444702,-44.900000000000006,-0.0449,-44.900000000000006,-0.031080696174475116,-31.080696174475115,-0.031080696174475116,-31.080696174475115,-0.327,-0.22459008429593139,-0.22459008429593139,-0.04973769215937342,-0.34452865254352794,-0.02424294301609059,-0.0019895076863749367,-0.16170486069307058,-0.009646802271218783,0.78,0.04,0.72,0.028,1.0,0.1033529288263194,0.07567847353998333,0.05851164421627525,0.03561121869365736,0.07975000143051147,0.19758411366675488,0.1736029293334407,0.22358364127717106,0.31808584825981207,-1.6196914032207133e-08,0.06396027580997608,0.07975000252380317,0.056442762499035466,0.08739667126999058,0.07975000033721978,0.08925123159948992,-0.015789726713827085,0.007646670932770799,0.006155551169638208,0.03549448821175977,-0.007517513310940619,0.004025346929847582,nan,1.0,0.0,-1.2560957470587573,0.712778819491858,3.61299991607666,1.0,0,1,1,0,2.1900508403778076,-0.10532668977975845,1.938929839477315,FOLLOW_MAIN,cascade_pd_tracking,follow_main,inner_wheel_pd,lidar_disabled,FOLLOW_MAIN,COMMITTED,UNKNOWN,1,2,1,1,1,1,2,0.00010180473327636719,2.0211875438690186,1.6237249374389648,1.2226102352142334,0.8285665512084961,0.4138834476470947,0.05738773700022648,0.13103831099988383
1784803455.516342,178.08796167373657,7.7,0.0077,7.7,-0.03564200257583812,-35.64200257583812,-0.03564200257583812,-35.64200257583812,0.055,-0.2580838672600166,-0.2580838672600166,0.018534205179091347,0.1302530908892526,-0.027800762009153733,0.0007413682071636539,-0.18582038442721194,0.003647086544899073,0.78,0.04,0.72,0.028,0.75,0.065,0.0881905060278134,0.05642320663712373,0.03561121869365736,0.13774998486042023,0.15692451876322722,0.2123983610439859,0.21616757405215473,0.31808584825981207,0.0630435049533844,0.07385361665734436,0.13349454827606677,0.05438677134091422,0.10252739539828246,0.14200542144477368,0.08610701318552388,-0.059640931618722415,-0.03947802604649123,-0.4454592155164322,-0.2765997762690895,-0.03308223933215108,-0.021715450265006684,nan,1.0,0.0,2.095,0.6475235748813832,1.0640000104904175,1.0,0,1,1,0,2.1207919120788574,0.015255946666002274,2.3765147147045025,FOLLOW_MAIN,cascade_pd_tracking,planner_hold,inner_wheel_pd,lidar_disabled,FOLLOW_MAIN,COMMITTED,HOLD,1,1,1,1,1,1,1,0.4259781837463379,7.43865966796875e-05,2.049600839614868,1.6484856605529785,1.2544419765472412,0.8397588729858398,0.0010207440000158385,0.023715023000022484
1784803455.920783,178.49240279197693,7.7,0.0077,7.7,-0.03564200257583812,-35.64200257583812,-0.03564200257583812,-35.64200257583812,0.055,-0.2580838672600166,-0.2580838672600166,0.018534205179091347,0.1302530908892526,-0.027800762009153733,0.0007413682071636539,-0.18582038442721194,0.003647086544899073,0.78,0.04,0.72,0.028,0.75,0.065,0.0881905060278134,0.05642320663712373,0.03561121869365736,0.13774998486042023,0.15692451876322722,0.2123983610439859,0.21616757405215473,0.31808584825981207,0.0630435049533844,0.07385361665734436,0.13349454827606677,0.05438677134091422,0.10252739539828246,0.14200542144477368,0.08610701318552388,-0.059640931618722415,-0.03947802604649123,-0.4454592155164322,-0.2765997762690895,-0.03308223933215108,-0.021715450265006684,nan,1.0,0.0,2.095,0.6475235748813832,1.0640000104904175,1.0,0,1,1,0,2.1207919120788574,0.015255946666002274,2.3765147147045025,FOLLOW_MAIN,cascade_pd_tracking,planner_hold,inner_wheel_pd,lidar_disabled,FOLLOW_MAIN,COMMITTED,HOLD,1,1,1,1,1,1,1,0.8304307460784912,0.4045271873474121,7.891654968261719e-05,2.05293869972229,1.6588950157165527,1.2442121505737305,0.0010207440000158385,0.023715023000022484
1784803456.3313777,178.9029974937439,7.7,0.0077,7.7,-0.03564200257583812,-35.64200257583812,-0.03564200257583812,-35.64200257583812,0.055,-0.2580838672600166,-0.2580838672600166,0.018534205179091347,0.1302530908892526,-0.027800762009153733,0.0007413682071636539,-0.18582038442721194,0.003647086544899073,0.78,0.04,0.72,0.028,0.75,0.065,0.0881905060278134,0.05642320663712373,0.09128023056281821,0.13774998486042023,0.15692451876322722,0.2123983610439859,0.21616757405215473,-0.05534576941019475,0.0630435049533844,0.07385361665734436,0.13349454827606677,0.05438677134091422,0.10252739539828246,0.14200542144477368,0.08610701318552388,-0.059640931618722415,-0.03947802604649123,-0.4454592155164322,-0.2765997762690895,-0.03308223933215108,-0.021715450265006684,nan,1.0,0.0,2.095,0.6475235748813832,1.0640000104904175,1.0,0,1,1,0,2.1207919120788574,0.015255946666002274,2.3765147147045025,FOLLOW_MAIN,cascade_pd_tracking,planner_hold,inner_wheel_pd,lidar_disabled,FOLLOW_MAIN,COMMITTED,HOLD,1,1,1,1,1,1,1,1.2410318851470947,0.8151283264160156,0.41068053245544434,8.034706115722656e-05,2.0694971084594727,1.6548142433166504,0.0010207440000158385,0.023715023000022484
1784803456.7512188,179.32283854484558,7.7,0.0077,7.7,-0.03564200257583812,-35.64200257583812,-0.03564200257583812,-35.64200257583812,0.055,-0.2580838672600166,-0.2580838672600166,0.018534205179091347,0.1302530908892526,-0.027800762009153733,0.0007413682071636539,-0.18582038442721194,0.003647086544899073,0.78,0.04,0.72,0.028,0.75,0.065,0.0881905060278134,0.05642320663712373,0.09128023056281821,0.13774998486042023,0.15692451876322722,0.2123983610439859,0.21616757405215473,-0.05534576941019475,0.0630435049533844,0.07385361665734436,0.13349454827606677,0.05438677134091422,0.10252739539828246,0.14200542144477368,0.08610701318552388,-0.059640931618722415,-0.03947802604649123,-0.4454592155164322,-0.2765997762690895,-0.03308223933215108,-0.021715450265006684,nan,1.0,0.0,2.095,0.6475235748813832,1.0640000104904175,1.0,0,1,1,0,2.1207919120788574,0.015255946666002274,2.3765147147045025,FOLLOW_MAIN,cascade_pd_tracking,planner_hold,inner_wheel_pd,lidar_disabled,FOLLOW_MAIN,COMMITTED,HOLD,1,1,1,1,1,1,1,1.6608595848083496,1.2349557876586914,0.8305079936981201,0.4199073314666748,7.081031799316406e-05,2.0746405124664307,0.0010207440000158385,0.023715023000022484
1784803457.160356,179.7319757938385,7.7,0.0077,7.7,-0.03564200257583812,-35.64200257583812,-0.03564200257583812,-35.64200257583812,0.055,-0.2580838672600166,-0.2580838672600166,0.018534205179091347,0.1302530908892526,-0.027800762009153733,0.0007413682071636539,-0.18582038442721194,0.003647086544899073,0.78,0.04,0.72,0.028,0.75,0.065,0.0881905060278134,0.05642320663712373,0.09128023056281821,0.13774998486042023,0.15692451876322722,0.2123983610439859,0.21616757405215473,-0.05534576941019475,0.0630435049533844,0.07385361665734436,0.13349454827606677,0.05438677134091422,0.10252739539828246,0.14200542144477368,0.08610701318552388,-0.059640931618722415,-0.03947802604649123,-0.4454592155164322,-0.2765997762690895,-0.03308223933215108,-0.021715450265006684,nan,1.0,0.0,2.095,0.6475235748813832,1.0640000104904175,1.0,0,1,1,0,2.1207919120788574,0.015255946666002274,2.3765147147045025,FOLLOW_MAIN,cascade_pd_tracking,planner_hold,inner_wheel_pd,lidar_disabled,FOLLOW_MAIN,COMMITTED,HOLD,1,1,1,1,1,1,1,2.0700011253356934,1.6440973281860352,1.2396492958068848,0.8290491104125977,0.409212589263916,7.677078247070312e-05,0.0010207440000158385,0.023715023000022484
1784803457.5612102,180.13282990455627,7.7,0.0077,7.7,-0.03564200257583812,-35.64200257583812,-0.03564200257583812,-35.64200257583812,0.055,-0.2580838672600166,-0.2580838672600166,0.018534205179091347,0.1302530908892526,-0.027800762009153733,0.0007413682071636539,-0.18582038442721194,0.003647086544899073,0.78,0.04,0.72,0.028,0.75,0.065,0.0881905060278134,0.05642320663712373,0.09128023056281821,0.13774998486042023,0.15692451876322722,0.2123983610439859,0.21616757405215473,-0.05534576941019475,0.0630435049533844,0.07385361665734436,0.13349454827606677,0.05438677134091422,0.10252739539828246,0.14200542144477368,0.08610701318552388,-0.059640931618722415,-0.03947802604649123,-0.4454592155164322,-0.2765997762690895,-0.03308223933215108,-0.021715450265006684,nan,1.0,0.0,2.095,0.6475235748813832,1.0640000104904175,1.0,0,1,1,0,2.1207919120788574,0.015255946666002274,2.3765147147045025,FOLLOW_MAIN,cascade_pd_tracking,planner_hold,inner_wheel_pd,lidar_disabled,FOLLOW_MAIN,COMMITTED,HOLD,1,1,1,1,1,1,1,0.00010180473327636719,2.0449700355529785,1.6405222415924072,1.2299222946166992,0.8100860118865967,0.40095043182373047,0.0010207440000158385,0.023715023000022484
1784803457.9620585,180.53367829322815,112.7,0.11270000000000001,112.7,0.15975262028942283,159.75262028942282,0.15975262028942283,159.75262028942282,0.936,0.8485006438404536,0.8485006438404536,0.05702549933116391,0.26998310919708707,0.12460704382574982,0.0022810199732465563,0.6109204635651266,0.007559527057518438,0.78,0.04,0.72,0.028,1.0,0.065,0.065,0.05851056619045813,0.09128023056281821,0.04712499678134918,-0.38,-0.38,-0.32452168214549143,-0.05534576941019475,-0.4097825586795807,0.09065000000000001,0.07478531949222088,0.09665566962975154,0.039349999999999996,0.019464674070477483,0.049035640184489214,0.01586468050777913,0.019885325929522513,-0.16093770139824454,0.014068373831841192,0.006005669629751537,0.009685640184489218,nan,1.0,0.0,5.0,0.2598167365302913,0.8949999809265137,1.0,0,1,1,0,1.993446707725525,0.11285249143838882,2.4394636396325,FOLLOW_MAIN,cascade_pd_tracking,follow_main,inner_wheel_pd,lidar_disabled,FOLLOW_MAIN,COMMITTED,UNKNOWN,1,2,1,1,1,1,2,0.4009537696838379,0.00015425682067871094,2.0413739681243896,1.6307742595672607,1.2109382152557373,0.8018028736114502,0.009633709999889106,0.021751943999788637
1784803458.3913136,180.96293330192566,112.7,0.11270000000000001,112.7,0.15975262028942283,159.75262028942282,0.15975262028942283,159.75262028942282,0.936,0.8485006438404536,0.8485006438404536,0.05702549933116391,0.26998310919708707,0.12460704382574982,0.0022810199732465563,0.6109204635651266,0.007559527057518438,0.78,0.04,0.72,0.028,1.0,0.065,0.065,0.05851056619045813,0.09128023056281821,0.04712499678134918,-0.38,-0.38,-0.32452168214549143,-0.05534576941019475,-0.4097825586795807,0.09065000000000001,0.07478531949222088,0.09665566962975154,0.039349999999999996,0.019464674070477483,0.049035640184489214,0.01586468050777913,0.019885325929522513,-0.16093770139824454,0.014068373831841192,0.006005669629751537,0.009685640184489218,nan,1.0,0.0,5.0,0.2598167365302913,0.8949999809265137,1.0,0,1,1,0,1.993446707725525,0.11285249143838882,2.4394636396325,FOLLOW_MAIN,cascade_pd_tracking,follow_main,inner_wheel_pd,lidar_disabled,FOLLOW_MAIN,COMMITTED,UNKNOWN,1,2,1,1,1,1,2,0.8301889896392822,0.42938899993896484,7.2479248046875e-05,2.0600080490112305,1.6401715278625488,1.2310359477996826,0.009633709999889106,0.021751943999788637
1784803458.8025327,181.3741524219513,112.7,0.11270000000000001,112.7,0.15975262028942283,159.75262028942282,0.15975262028942283,159.75262028942282,0.936,0.8485006438404536,0.8485006438404536,0.05702549933116391,0.26998310919708707,0.12460704382574982,0.0022810199732465563,0.6109204635651266,0.007559527057518438,0.78,0.04,0.72,0.028,1.0,0.065,0.065,0.05851056619045813,0.03777230486387736,0.04712499678134918,-0.38,-0.38,-0.32452168214549143,-0.3956207109790389,-0.4097825586795807,0.09065000000000001,0.07478531949222088,0.09665566962975154,0.039349999999999996,0.019464674070477483,0.049035640184489214,0.01586468050777913,0.019885325929522513,-0.16093770139824454,0.014068373831841192,0.006005669629751537,0.009685640184489218,nan,1.0,0.0,5.0,0.2598167365302913,0.8949999809265137,1.0,0,1,1,0,1.993446707725525,0.11285249143838882,2.4394636396325,FOLLOW_MAIN,cascade_pd_tracking,follow_main,inner_wheel_pd,lidar_disabled,FOLLOW_MAIN,COMMITTED,UNKNOWN,1,2,1,1,1,1,2,1.2414040565490723,0.8406038284301758,0.4112873077392578,8.869171142578125e-05,2.0513863563537598,1.6422507762908936,0.009633709999889106,0.021751943999788637
1784803459.2090087,181.78062844276428,112.7,0.11270000000000001,112.7,0.15975262028942283,159.75262028942282,0.15975262028942283,159.75262028942282,0.936,0.8485006438404536,0.8485006438404536,0.05702549933116391,0.26998310919708707,0.12460704382574982,0.0022810199732465563,0.6109204635651266,0.007559527057518438,0.78,0.04,0.72,0.028,1.0,0.065,0.065,0.05851056619045813,0.03777230486387736,0.04712499678134918,-0.38,-0.38,-0.32452168214549143,-0.3956207109790389,-0.4097825586795807,0.09065000000000001,0.07478531949222088,0.09665566962975154,0.039349999999999996,0.019464674070477483,0.049035640184489214,0.01586468050777913,0.019885325929522513,-0.16093770139824454,0.014068373831841192,0.006005669629751537,0.009685640184489218,nan,1.0,0.0,5.0,0.2598167365302913,0.8949999809265137,1.0,0,1,1,0,1.993446707725525,0.11285249143838882,2.4394636396325,FOLLOW_MAIN,cascade_pd_tracking,follow_main,inner_wheel_pd,lidar_disabled,FOLLOW_MAIN,COMMITTED,UNKNOWN,1,2,1,1,1,1,2,1.6478838920593262,1.2470839023590088,0.8177673816680908,0.4065685272216797,8.487701416015625e-05,2.0487308502197266,0.009633709999889106,0.021751943999788637
1784803459.594538,182.16615772247314,112.7,0.11270000000000001,112.7,0.15975262028942283,159.75262028942282,0.15975262028942283,159.75262028942282,0.936,0.8485006438404536,0.8485006438404536,0.05702549933116391,0.26998310919708707,0.12460704382574982,0.0022810199732465563,0.6109204635651266,0.007559527057518438,0.78,0.04,0.72,0.028,1.0,0.065,0.065,0.05851056619045813,0.03777230486387736,0.04712499678134918,-0.38,-0.38,-0.32452168214549143,-0.3956207109790389,-0.4097825586795807,0.09065000000000001,0.07478531949222088,0.09665566962975154,0.039349999999999996,0.019464674070477483,0.049035640184489214,0.01586468050777913,0.019885325929522513,-0.16093770139824454,0.014068373831841192,0.006005669629751537,0.009685640184489218,nan,1.0,0.0,5.0,0.2598167365302913,0.8949999809265137,1.0,0,1,1,0,1.993446707725525,0.11285249143838882,2.4394636396325,FOLLOW_MAIN,cascade_pd_tracking,follow_main,inner_wheel_pd,lidar_disabled,FOLLOW_MAIN,COMMITTED,UNKNOWN,1,2,1,1,1,1,2,2.033409833908081,1.6326100826263428,1.2032935619354248,0.7920947074890137,0.38561081886291504,9.751319885253906e-05,0.009633709999889106,0.021751943999788637
1784803459.993411,182.56503081321716,112.7,0.11270000000000001,112.7,0.15975262028942283,159.75262028942282,0.15975262028942283,159.75262028942282,0.936,0.8485006438404536,0.8485006438404536,0.05702549933116391,0.26998310919708707,0.12460704382574982,0.0022810199732465563,0.6109204635651266,0.007559527057518438,0.78,0.04,0.72,0.028,1.0,0.065,0.065,0.05851056619045813,0.03777230486387736,0.04712499678134918,-0.38,-0.38,-0.32452168214549143,-0.3956207109790389,-0.4097825586795807,0.09065000000000001,0.07478531949222088,0.09665566962975154,0.039349999999999996,0.019464674070477483,0.049035640184489214,0.01586468050777913,0.019885325929522513,-0.16093770139824454,0.014068373831841192,0.006005669629751537,0.009685640184489218,nan,1.0,0.0,5.0,0.2598167365302913,0.8949999809265137,1.0,0,1,1,0,1.993446707725525,0.11285249143838882,2.4394636396325,FOLLOW_MAIN,cascade_pd_tracking,follow_main,inner_wheel_pd,lidar_disabled,FOLLOW_MAIN,COMMITTED,UNKNOWN,1,2,1,1,1,1,2,0.00010013580322265625,2.031507968902588,1.602191686630249,1.190993309020996,0.7845094203948975,0.39899635314941406,0.009633709999889106,0.021751943999788637
1784803462.5152912,185.08691096305847,-71.10000000000001,-0.07110000000000001,-71.10000000000001,-0.05928156994672394,-59.28156994672394,-0.05928156994672394,-59.28156994672394,-0.532,-0.4383420105870497,-0.4383420105870497,-0.04077084114111742,-0.3047462344975212,-0.04623962455844468,-0.0016308336456446967,-0.31560624762267575,-0.008532894565930593,0.78,0.04,0.72,0.028,1.0,0.08873412567024064,0.07923979585998495,0.07680379457630356,0.03777230486387736,0.04349999874830246,0.3720096003926957,0.31615592288193517,0.33656786377218034,-0.3956207109790389,0.18913042545318604,0.057899271065454325,0.0307336950302124,0.07092688641638688,0.10058032065451557,0.05626630246639252,0.120314562078609,0.027165576035241924,0.04431401818812305,-0.0011861145983572182,-0.020475312118435708,0.01302761535093255,0.021065975609114707,nan,1.0,0.0,0.05037716795839245,0.61195948738097,3.0350000858306885,1.0,0,1,1,0,1.9520657062530518,0.3802785873413086,1.4632673308922703,FOLLOW_MAIN,cascade_pd_tracking,follow_main,inner_wheel_pd,lidar_disabled,FOLLOW_MAIN,COMMITTED,UNKNOWN,1,2,1,1,1,1,2,2.521951675415039,8.153915405273438e-05,4.124043226242065,3.7128443717956543,3.3063607215881348,2.920846939086914,0.07735291699964364,0.06815298599985908
1784803462.928115,185.49973464012146,-71.10000000000001,-0.07110000000000001,-71.10000000000001,-0.05928156994672394,-59.28156994672394,-0.05928156994672394,-59.28156994672394,-0.532,-0.4383420105870497,-0.4383420105870497,-0.04077084114111742,-0.3047462344975212,-0.04623962455844468,-0.0016308336456446967,-0.31560624762267575,-0.008532894565930593,0.78,0.04,0.72,0.028,1.0,0.08873412567024064,0.07923979585998495,0.07680379457630356,0.03777230486387736,0.04349999874830246,0.3720096003926957,0.31615592288193517,0.33656786377218034,-0.3956207109790389,0.18913042545318604,0.057899271065454325,0.0307336950302124,0.07092688641638688,0.10058032065451557,0.05626630246639252,0.120314562078609,0.027165576035241924,0.04431401818812305,-0.0011861145983572182,-0.020475312118435708,0.01302761535093255,0.021065975609114707,nan,1.0,0.0,0.05037716795839245,0.61195948738097,3.0350000858306885,1.0,0,1,1,0,1.9520657062530518,0.3802785873413086,1.4632673308922703,FOLLOW_MAIN,cascade_pd_tracking,follow_main,inner_wheel_pd,lidar_disabled,FOLLOW_MAIN,COMMITTED,UNKNOWN,1,2,1,1,1,1,2,2.9347825050354004,0.41291236877441406,7.510185241699219e-05,4.125675201416016,3.719191312789917,3.3336777687072754,0.07735291699964364,0.06815298599985908
1784803463.327277,185.89889669418335,-71.10000000000001,-0.07110000000000001,-71.10000000000001,-0.05928156994672394,-59.28156994672394,-0.05928156994672394,-59.28156994672394,-0.532,-0.4383420105870497,-0.4383420105870497,-0.04077084114111742,-0.3047462344975212,-0.04623962455844468,-0.0016308336456446967,-0.31560624762267575,-0.008532894565930593,0.78,0.04,0.72,0.028,1.0,0.08873412567024064,0.07923979585998495,0.07680379457630356,0.07199038412146791,0.04349999874830246,0.3720096003926957,0.31615592288193517,0.33656786377218034,0.42,0.18913042545318604,0.057899271065454325,0.0307336950302124,0.07092688641638688,0.10058032065451557,0.05626630246639252,0.120314562078609,0.027165576035241924,0.04431401818812305,-0.0011861145983572182,-0.020475312118435708,0.01302761535093255,0.021065975609114707,nan,1.0,0.0,0.05037716795839245,0.61195948738097,3.0350000858306885,1.0,0,1,1,0,1.9520657062530518,0.3802785873413086,1.4632673308922703,FOLLOW_MAIN,cascade_pd_tracking,follow_main,inner_wheel_pd,lidar_disabled,FOLLOW_MAIN,COMMITTED,UNKNOWN,1,2,1,1,1,1,2,3.3339407444000244,0.8120708465576172,0.399233341217041,6.747245788574219e-05,4.118349552154541,3.7328360080718994,0.07735291699964364,0.06815298599985908
1784803463.7637455,186.33536529541016,-71.10000000000001,-0.07110000000000001,-71.10000000000001,-0.05928156994672394,-59.28156994672394,-0.05928156994672394,-59.28156994672394,-0.532,-0.4383420105870497,-0.4383420105870497,-0.04077084114111742,-0.3047462344975212,-0.04623962455844468,-0.0016308336456446967,-0.31560624762267575,-0.008532894565930593,0.78,0.04,0.72,0.028,1.0,0.08873412567024064,0.07923979585998495,0.07680379457630356,0.07199038412146791,0.04349999874830246,0.3720096003926957,0.31615592288193517,0.33656786377218034,0.42,0.18913042545318604,0.057899271065454325,0.0307336950302124,0.07092688641638688,0.10058032065451557,0.05626630246639252,0.120314562078609,0.027165576035241924,0.04431401818812305,-0.0011861145983572182,-0.020475312118435708,0.01302761535093255,0.021065975609114707,nan,1.0,0.0,0.05037716795839245,0.61195948738097,3.0350000858306885,1.0,0,1,1,0,1.9520657062530518,0.3802785873413086,1.4632673308922703,FOLLOW_MAIN,cascade_pd_tracking,follow_main,inner_wheel_pd,lidar_disabled,FOLLOW_MAIN,COMMITTED,UNKNOWN,1,2,1,1,1,1,2,3.7704246044158936,1.2485549449920654,0.8357176780700684,0.4365520477294922,0.00010752677917480469,4.169321298599243,0.07735291699964364,0.06815298599985908
1784803464.1636183,186.73523807525635,-71.10000000000001,-0.07110000000000001,-71.10000000000001,-0.05928156994672394,-59.28156994672394,-0.05928156994672394,-59.28156994672394,-0.532,-0.4383420105870497,-0.4383420105870497,-0.04077084114111742,-0.3047462344975212,-0.04623962455844468,-0.0016308336456446967,-0.31560624762267575,-0.008532894565930593,0.78,0.04,0.72,0.028,1.0,0.08873412567024064,0.07923979585998495,0.07680379457630356,0.07199038412146791,0.04349999874830246,0.3720096003926957,0.31615592288193517,0.33656786377218034,0.42,0.18913042545318604,0.057899271065454325,0.0307336950302124,0.07092688641638688,0.10058032065451557,0.05626630246639252,0.120314562078609,0.027165576035241924,0.04431401818812305,-0.0011861145983572182,-0.020475312118435708,0.01302761535093255,0.021065975609114707,nan,1.0,0.0,0.05037716795839245,0.61195948738097,3.0350000858306885,1.0,0,1,1,0,1.9520657062530518,0.3802785873413086,1.4632673308922703,FOLLOW_MAIN,cascade_pd_tracking,follow_main,inner_wheel_pd,lidar_disabled,FOLLOW_MAIN,COMMITTED,UNKNOWN,1,2,1,1,1,1,2,4.170283317565918,1.6484134197235107,1.2355761528015137,0.8364102840423584,0.3999652862548828,7.486343383789062e-05,0.07735291699964364,0.06815298599985908
1784803464.550979,187.1225986480713,-71.10000000000001,-0.07110000000000001,-71.10000000000001,-0.05928156994672394,-59.28156994672394,-0.05928156994672394,-59.28156994672394,-0.532,-0.4383420105870497,-0.4383420105870497,-0.04077084114111742,-0.3047462344975212,-0.04623962455844468,-0.0016308336456446967,-0.31560624762267575,-0.008532894565930593,0.78,0.04,0.72,0.028,1.0,0.08873412567024064,0.07923979585998495,0.07680379457630356,0.07199038412146791,0.04349999874830246,0.3720096003926957,0.31615592288193517,0.33656786377218034,0.42,0.18913042545318604,0.057899271065454325,0.0307336950302124,0.07092688641638688,0.10058032065451557,0.05626630246639252,0.120314562078609,0.027165576035241924,0.04431401818812305,-0.0011861145983572182,-0.020475312118435708,0.01302761535093255,0.021065975609114707,nan,1.0,0.0,0.05037716795839245,0.61195948738097,3.0350000858306885,1.0,0,1,1,0,1.9520657062530518,0.3802785873413086,1.4632673308922703,FOLLOW_MAIN,cascade_pd_tracking,follow_main,inner_wheel_pd,lidar_disabled,FOLLOW_MAIN,COMMITTED,UNKNOWN,1,2,1,1,1,1,2,6.413459777832031e-05,2.0357701778411865,1.6229329109191895,1.2237670421600342,0.7873220443725586,0.3874318599700928,0.07735291699964364,0.06815298599985908
1784803464.9487977,187.52041745185852,-61.0,-0.061,-61.0,-0.0759309473826761,-75.9309473826761,-0.0759309473826761,-75.9309473826761,-0.41100000000000003,-0.5059377607678909,-0.5059377607678909,0.018501492567429646,0.16255635205778807,-0.05922613895848736,0.0007400597026971859,-0.3642751877528814,0.004551577857618066,0.78,0.04,0.72,0.028,0.75,0.065,0.065,0.06202586006284849,0.07199038412146791,0.0253749992698431,0.31365726686329015,0.31365726686329015,0.30626760120255125,0.42,0.22065216302871704,0.04382813448672791,0.0104809782654047,0.05475147503784181,0.08617186551327209,0.0402690202742815,0.09969291651865096,0.03334715622132321,0.04590284523899059,0.17823744444734813,0.28190407720024085,0.017789009430708623,0.02485240648671789,nan,1.0,0.0,0.0,0.5645321129495726,3.007999897003174,1.0,0,1,1,0,1.9169249534606934,0.5240682363510132,2.280216256911989,FOLLOW_MAIN,cascade_pd_tracking,planner_hold,inner_wheel_pd,lidar_disabled,FOLLOW_MAIN,COMMITTED,HOLD,1,1,1,1,1,1,1,0.39788222312927246,7.271766662597656e-05,2.0207509994506836,1.6215851306915283,1.1851401329040527,0.7852497100830078,0.10222849799993128,0.010687470999982907
1784803465.3558109,187.92743062973022,-61.0,-0.061,-61.0,-0.0759309473826761,-75.9309473826761,-0.0759309473826761,-75.9309473826761,-0.41100000000000003,-0.5059377607678909,-0.5059377607678909,0.018501492567429646,0.16255635205778807,-0.05922613895848736,0.0007400597026971859,-0.3642751877528814,0.004551577857618066,0.78,0.04,0.72,0.028,0.75,0.065,0.065,0.06202586006284849,0.07199038412146791,0.0253749992698431,0.31365726686329015,0.31365726686329015,0.30626760120255125,0.42,0.22065216302871704,0.04382813448672791,0.0104809782654047,0.05475147503784181,0.08617186551327209,0.0402690202742815,0.09969291651865096,0.03334715622132321,0.04590284523899059,0.17823744444734813,0.28190407720024085,0.017789009430708623,0.02485240648671789,nan,1.0,0.0,0.0,0.5645321129495726,3.007999897003174,1.0,0,1,1,0,1.9169249534606934,0.5240682363510132,2.280216256911989,FOLLOW_MAIN,cascade_pd_tracking,planner_hold,inner_wheel_pd,lidar_disabled,FOLLOW_MAIN,COMMITTED,HOLD,1,1,1,1,1,1,1,0.8048985004425049,0.4070887565612793,6.651878356933594e-05,2.0286011695861816,1.5921566486358643,1.1922664642333984,0.10222849799993128,0.010687470999982907
1784803465.7472947,188.31891441345215,-61.0,-0.061,-61.0,-0.0759309473826761,-75.9309473826761,-0.0759309473826761,-75.9309473826761,-0.41100000000000003,-0.5059377607678909,-0.5059377607678909,0.018501492567429646,0.16255635205778807,-0.05922613895848736,0.0007400597026971859,-0.3642751877528814,0.004551577857618066,0.78,0.04,0.72,0.028,0.75,0.065,0.065,0.06202586006284849,0.038822355174490064,0.0253749992698431,0.31365726686329015,0.31365726686329015,0.30626760120255125,0.31468635050010296,0.22065216302871704,0.04382813448672791,0.0104809782654047,0.05475147503784181,0.08617186551327209,0.0402690202742815,0.09969291651865096,0.03334715622132321,0.04590284523899059,0.17823744444734813,0.28190407720024085,0.017789009430708623,0.02485240648671789,nan,1.0,0.0,0.0,0.5645321129495726,3.007999897003174,1.0,0,1,1,0,1.9169249534606934,0.5240682363510132,2.280216256911989,FOLLOW_MAIN,cascade_pd_tracking,planner_hold,inner_wheel_pd,lidar_disabled,FOLLOW_MAIN,COMMITTED,HOLD,1,1,1,1,1,1,1,1.1963953971862793,0.7985858917236328,0.39156413078308105,8.988380432128906e-05,1.9836537837982178,1.583763837814331,0.10222849799993128,0.010687470999982907
1784803466.1516805,188.72330021858215,-61.0,-0.061,-61.0,-0.0759309473826761,-75.9309473826761,-0.0759309473826761,-75.9309473826761,-0.41100000000000003,-0.5059377607678909,-0.5059377607678909,0.018501492567429646,0.16255635205778807,-0.05922613895848736,0.0007400597026971859,-0.3642751877528814,0.004551577857618066,0.78,0.04,0.72,0.028,0.75,0.065,0.065,0.06202586006284849,0.038822355174490064,0.0253749992698431,0.31365726686329015,0.31365726686329015,0.30626760120255125,0.31468635050010296,0.22065216302871704,0.04382813448672791,0.0104809782654047,0.05475147503784181,0.08617186551327209,0.0402690202742815,0.09969291651865096,0.03334715622132321,0.04590284523899059,0.17823744444734813,0.28190407720024085,0.017789009430708623,0.02485240648671789,nan,1.0,0.0,0.0,0.5645321129495726,3.007999897003174,1.0,0,1,1,0,1.9169249534606934,0.5240682363510132,2.280216256911989,FOLLOW_MAIN,cascade_pd_tracking,planner_hold,inner_wheel_pd,lidar_disabled,FOLLOW_MAIN,COMMITTED,HOLD,1,1,1,1,1,1,1,1.6007702350616455,1.202960729598999,0.7959387302398682,0.4044642448425293,8.7738037109375e-05,1.98813796043396,0.10222849799993128,0.010687470999982907
1784803466.5646014,189.13622117042542,-61.0,-0.061,-61.0,-0.0759309473826761,-75.9309473826761,-0.0759309473826761,-75.9309473826761,-0.41100000000000003,-0.5059377607678909,-0.5059377607678909,0.018501492567429646,0.16255635205778807,-0.05922613895848736,0.0007400597026971859,-0.3642751877528814,0.004551577857618066,0.78,0.04,0.72,0.028,0.75,0.065,0.065,0.06202586006284849,0.038822355174490064,0.0253749992698431,0.31365726686329015,0.31365726686329015,0.30626760120255125,0.31468635050010296,0.22065216302871704,0.04382813448672791,0.0104809782654047,0.05475147503784181,0.08617186551327209,0.0402690202742815,0.09969291651865096,0.03334715622132321,0.04590284523899059,0.17823744444734813,0.28190407720024085,0.017789009430708623,0.02485240648671789,nan,1.0,0.0,0.0,0.5645321129495726,3.007999897003174,1.0,0,1,1,0,1.9169249534606934,0.5240682363510132,2.280216256911989,FOLLOW_MAIN,cascade_pd_tracking,planner_hold,inner_wheel_pd,lidar_disabled,FOLLOW_MAIN,COMMITTED,HOLD,1,1,1,1,1,1,1,2.0136866569519043,1.6158769130706787,1.2088549137115479,0.8173806667327881,0.41300415992736816,7.081031799316406e-05,0.10222849799993128,0.010687470999982907
1784803466.9786015,189.5502212047577,-61.0,-0.061,-61.0,-0.0759309473826761,-75.9309473826761,-0.0759309473826761,-75.9309473826761,-0.41100000000000003,-0.5059377607678909,-0.5059377607678909,0.018501492567429646,0.16255635205778807,-0.05922613895848736,0.0007400597026971859,-0.3642751877528814,0.004551577857618066,0.78,0.04,0.72,0.028,0.75,0.065,0.065,0.06202586006284849,0.038822355174490064,0.0253749992698431,0.31365726686329015,0.31365726686329015,0.30626760120255125,0.31468635050010296,0.22065216302871704,0.04382813448672791,0.0104809782654047,0.05475147503784181,0.08617186551327209,0.0402690202742815,0.09969291651865096,0.03334715622132321,0.04590284523899059,0.17823744444734813,0.28190407720024085,0.017789009430708623,0.02485240648671789,nan,1.0,0.0,0.0,0.5645321129495726,3.007999897003174,1.0,0,1,1,0,1.9169249534606934,0.5240682363510132,2.280216256911989,FOLLOW_MAIN,cascade_pd_tracking,planner_hold,inner_wheel_pd,lidar_disabled,FOLLOW_MAIN,COMMITTED,HOLD,1,1,1,1,1,1,1,9.393692016601562e-05,2.0299062728881836,1.6228842735290527,1.231410264968872,0.827033519744873,0.41410040855407715,0.10222849799993128,0.010687470999982907
1784803467.3719752,189.94359493255615,-6.1000000000000005,-0.0061,-6.1000000000000005,-0.016994518981069063,-16.994518981069064,-0.016994518981069063,-16.994518981069064,-0.044,-0.12251330706798355,-0.12251330706798355,0.02682069295507553,0.19268767909974932,-0.01325572480523387,0.0010728277182030213,-0.08820958108894815,0.005395255014792981,0.78,0.04,0.72,0.028,1.0,0.11748339106749281,0.11748339106749281,0.09716374484234594,0.038822355174490064,0.10875000059604645,0.09499722316118603,0.09499722316118603,0.07093086258182925,0.31468635050010296,0.1260869801044464,0.11107107850411276,0.10023912943899632,0.11576469578059735,0.12389570363087286,0.11726087175309657,0.12617302887684403,0.010831949065116434,0.00663483187777629,-0.0505718274771291,-0.09073940553614529,0.004693617276484596,0.002277325245971166,nan,1.0,0.0,-1.0522243850399808,0.8102302832240884,4.373000144958496,1.0,0,1,1,0,1.7742390632629395,0.6149024367332458,2.7792682412085576,FOLLOW_MAIN,cascade_pd_tracking,follow_main,inner_wheel_pd,lidar_disabled,FOLLOW_MAIN,COMMITTED,UNKNOWN,1,2,1,1,1,1,2,0.39344096183776855,8.106231689453125e-05,2.0162312984466553,1.6247570514678955,1.2203803062438965,0.8074471950531006,0.04841212199971778,0.01063045199998669
1784803467.771159,190.34277868270874,-6.1000000000000005,-0.0061,-6.1000000000000005,-0.016994518981069063,-16.994518981069064,-0.016994518981069063,-16.994518981069064,-0.044,-0.12251330706798355,-0.12251330706798355,0.02682069295507553,0.19268767909974932,-0.01325572480523387,0.0010728277182030213,-0.08820958108894815,0.005395255014792981,0.78,0.04,0.72,0.028,1.0,0.11748339106749281,0.11748339106749281,0.09716374484234594,0.038822355174490064,0.10875000059604645,0.09499722316118603,0.09499722316118603,0.07093086258182925,0.31468635050010296,0.1260869801044464,0.11107107850411276,0.10023912943899632,0.11576469578059735,0.12389570363087286,0.11726087175309657,0.12617302887684403,0.010831949065116434,0.00663483187777629,-0.0505718274771291,-0.09073940553614529,0.004693617276484596,0.002277325245971166,nan,1.0,0.0,-1.0522243850399808,0.8102302832240884,4.373000144958496,1.0,0,1,1,0,1.7742390632629395,0.6149024367332458,2.7792682412085576,FOLLOW_MAIN,cascade_pd_tracking,follow_main,inner_wheel_pd,lidar_disabled,FOLLOW_MAIN,COMMITTED,UNKNOWN,1,2,1,1,1,1,2,0.7926523685455322,0.3992924690246582,9.775161743164062e-05,2.023967981338501,1.619591474533081,1.206658124923706,0.04841212199971778,0.01063045199998669
1784803468.1752322,190.74685192108154,-6.1000000000000005,-0.0061,-6.1000000000000005,-0.016994518981069063,-16.994518981069064,-0.016994518981069063,-16.994518981069064,-0.044,-0.12251330706798355,-0.12251330706798355,0.02682069295507553,0.19268767909974932,-0.01325572480523387,0.0010728277182030213,-0.08820958108894815,0.005395255014792981,0.78,0.04,0.72,0.028,1.0,0.11748339106749281,0.11748339106749281,0.09716374484234594,0.11131567532127494,0.10875000059604645,0.09499722316118603,0.09499722316118603,0.07093086258182925,-0.05319467309764534,0.1260869801044464,0.11107107850411276,0.10023912943899632,0.11576469578059735,0.12389570363087286,0.11726087175309657,0.12617302887684403,0.010831949065116434,0.00663483187777629,-0.0505718274771291,-0.09073940553614529,0.004693617276484596,0.002277325245971166,nan,1.0,0.0,-1.0522243850399808,0.8102302832240884,4.373000144958496,1.0,0,1,1,0,1.7742390632629395,0.6149024367332458,2.7792682412085576,FOLLOW_MAIN,cascade_pd_tracking,follow_main,inner_wheel_pd,lidar_disabled,FOLLOW_MAIN,COMMITTED,UNKNOWN,1,2,1,1,1,1,2,1.1967012882232666,0.8033416271209717,0.4041469097137451,7.414817810058594e-05,2.0236403942108154,1.6107072830200195,0.04841212199971778,0.01063045199998669
1784803468.5678904,191.13951015472412,-6.1000000000000005,-0.0061,-6.1000000000000005,-0.016994518981069063,-16.994518981069064,-0.016994518981069063,-16.994518981069064,-0.044,-0.12251330706798355,-0.12251330706798355,0.02682069295507553,0.19268767909974932,-0.01325572480523387,0.0010728277182030213,-0.08820958108894815,0.005395255014792981,0.78,0.04,0.72,0.028,1.0,0.11748339106749281,0.11748339106749281,0.09716374484234594,0.11131567532127494,0.10875000059604645,0.09499722316118603,0.09499722316118603,0.07093086258182925,-0.05319467309764534,0.1260869801044464,0.11107107850411276,0.10023912943899632,0.11576469578059735,0.12389570363087286,0.11726087175309657,0.12617302887684403,0.010831949065116434,0.00663483187777629,-0.0505718274771291,-0.09073940553614529,0.004693617276484596,0.002277325245971166,nan,1.0,0.0,-1.0522243850399808,0.8102302832240884,4.373000144958496,1.0,0,1,1,0,1.7742390632629395,0.6149024367332458,2.7792682412085576,FOLLOW_MAIN,cascade_pd_tracking,follow_main,inner_wheel_pd,lidar_disabled,FOLLOW_MAIN,COMMITTED,UNKNOWN,1,2,1,1,1,1,2,1.589355707168579,1.1959960460662842,0.7968015670776367,0.3927290439605713,7.390975952148438e-05,2.003361940383911,0.04841212199971778,0.01063045199998669
1784803468.945928,191.51754784584045,-6.1000000000000005,-0.0061,-6.1000000000000005,-0.016994518981069063,-16.994518981069064,-0.016994518981069063,-16.994518981069064,-0.044,-0.12251330706798355,-0.12251330706798355,0.02682069295507553,0.19268767909974932,-0.01325572480523387,0.0010728277182030213,-0.08820958108894815,0.005395255014792981,0.78,0.04,0.72,0.028,1.0,0.11748339106749281,0.11748339106749281,0.09716374484234594,0.11131567532127494,0.10875000059604645,0.09499722316118603,0.09499722316118603,0.07093086258182925,-0.05319467309764534,0.1260869801044464,0.11107107850411276,0.10023912943899632,0.11576469578059735,0.12389570363087286,0.11726087175309657,0.12617302887684403,0.010831949065116434,0.00663483187777629,-0.0505718274771291,-0.09073940553614529,0.004693617276484596,0.002277325245971166,nan,1.0,0.0,-1.0522243850399808,0.8102302832240884,4.373000144958496,1.0,0,1,1,0,1.7742390632629395,0.6149024367332458,2.7792682412085576,FOLLOW_MAIN,cascade_pd_tracking,follow_main,inner_wheel_pd,lidar_disabled,FOLLOW_MAIN,COMMITTED,UNKNOWN,1,2,1,1,1,1,2,1.967402458190918,1.574042558670044,1.1748478412628174,0.7707750797271729,0.37812042236328125,8.225440979003906e-05,0.04841212199971778,0.01063045199998669
1784803469.34801,191.9196298122406,-6.1000000000000005,-0.0061,-6.1000000000000005,-0.016994518981069063,-16.994518981069064,-0.016994518981069063,-16.994518981069064,-0.044,-0.12251330706798355,-0.12251330706798355,0.02682069295507553,0.19268767909974932,-0.01325572480523387,0.0010728277182030213,-0.08820958108894815,0.005395255014792981,0.78,0.04,0.72,0.028,1.0,0.11748339106749281,0.11748339106749281,0.09716374484234594,0.11131567532127494,0.10875000059604645,0.09499722316118603,0.09499722316118603,0.07093086258182925,-0.05319467309764534,0.1260869801044464,0.11107107850411276,0.10023912943899632,0.11576469578059735,0.12389570363087286,0.11726087175309657,0.12617302887684403,0.010831949065116434,0.00663483187777629,-0.0505718274771291,-0.09073940553614529,0.004693617276484596,0.002277325245971166,nan,1.0,0.0,-1.0522243850399808,0.8102302832240884,4.373000144958496,1.0,0,1,1,0,1.7742390632629395,0.6149024367332458,2.7792682412085576,FOLLOW_MAIN,cascade_pd_tracking,follow_main,inner_wheel_pd,lidar_disabled,FOLLOW_MAIN,COMMITTED,UNKNOWN,1,2,1,1,1,1,2,0.00011897087097167969,1.976168155670166,1.5769734382629395,1.172900915145874,0.7802460193634033,0.4022078514099121,0.04841212199971778,0.01063045199998669
1784803469.7801623,192.35178208351135,206.10000000000002,0.20610000000000003,206.10000000000002,0.202952245609381,202.95224560938098,0.202952245609381,202.95224560938098,0.366,0.36033261142926865,0.36033261142926865,0.06897542113700643,0.13863595225923517,0.15830275157531717,0.0027590168454802574,0.2594394802290734,0.0038818066632585846,0.78,0.04,0.72,0.028,1.0,0.07923293458487954,0.07923293458487954,0.07044616299742051,0.11131567532127494,0.06162500008940697,-0.38,-0.38,-0.3281117138719279,-0.05319467309764534,-0.40978261828422546,0.10488293458487954,0.08928532682359219,0.111778886721305,0.05358293458487953,0.03396467335522174,0.0636320591422721,0.015597607761287352,0.01961826122965779,-0.05908995889924822,0.06323591671568292,0.006895952136425447,0.010049124557392567,nan,1.0,0.0,-0.26404305329635924,0.5464340316198589,4.15500020980835,1.0,0,1,1,0,1.5485225915908813,0.6807505488395691,2.8251013695011324,FOLLOW_MAIN,cascade_pd_tracking,follow_main,inner_wheel_pd,lidar_disabled,FOLLOW_MAIN,COMMITTED,DROPOUT,1,2,1,1,1,1,3,0.4322199821472168,8.296966552734375e-05,2.0090746879577637,1.6050019264221191,1.2123470306396484,0.8343086242675781,0.05219203899969216,0.10207849799962787
1784803470.2128365,192.78445625305176,206.10000000000002,0.20610000000000003,206.10000000000002,0.202952245609381,202.95224560938098,0.202952245609381,202.95224560938098,0.366,0.36033261142926865,0.36033261142926865,0.06897542113700643,0.13863595225923517,0.15830275157531717,0.0027590168454802574,0.2594394802290734,0.0038818066632585846,0.78,0.04,0.72,0.028,1.0,0.07923293458487954,0.07923293458487954,0.07044616299742051,0.11131567532127494,0.06162500008940697,-0.38,-0.38,-0.3281117138719279,-0.05319467309764534,-0.40978261828422546,0.10488293458487954,0.08928532682359219,0.111778886721305,0.05358293458487953,0.03396467335522174,0.0636320591422721,0.015597607761287352,0.01961826122965779,-0.05908995889924822,0.06323591671568292,0.006895952136425447,0.010049124557392567,nan,1.0,0.0,-0.26404305329635924,0.5464340316198589,4.15500020980835,1.0,0,1,1,0,1.5485225915908813,0.6807505488395691,2.8251013695011324,FOLLOW_MAIN,cascade_pd_tracking,follow_main,inner_wheel_pd,lidar_disabled,FOLLOW_MAIN,COMMITTED,DROPOUT,1,2,1,1,1,1,3,0.8648936748504639,0.4327564239501953,6.699562072753906e-05,2.037675380706787,1.6450204849243164,1.2669823169708252,0.05219203899969216,0.10207849799962787
1784803470.6217747,193.19339442253113,206.10000000000002,0.20610000000000003,206.10000000000002,0.202952245609381,202.95224560938098,0.202952245609381,202.95224560938098,0.366,0.36033261142926865,0.36033261142926865,0.06897542113700643,0.13863595225923517,0.15830275157531717,0.0027590168454802574,0.2594394802290734,0.0038818066632585846,0.78,0.04,0.72,0.028,1.0,0.07923293458487954,0.07923293458487954,0.07044616299742051,0.045461887282953174,0.06162500008940697,-0.38,-0.38,-0.3281117138719279,-0.008419252112131582,-0.40978261828422546,0.10488293458487954,0.08928532682359219,0.111778886721305,0.05358293458487953,0.03396467335522174,0.0636320591422721,0.015597607761287352,0.01961826122965779,-0.05908995889924822,0.06323591671568292,0.006895952136425447,0.010049124557392567,nan,1.0,0.0,-0.26404305329635924,0.5464340316198589,4.15500020980835,1.0,0,1,1,0,1.5485225915908813,0.6807505488395691,2.8251013695011324,FOLLOW_MAIN,cascade_pd_tracking,follow_main,inner_wheel_pd,lidar_disabled,FOLLOW_MAIN,COMMITTED,DROPOUT,1,2,1,1,1,1,3,1.273832082748413,0.8416948318481445,0.40900564193725586,6.866455078125e-05,2.0539591312408447,1.6759209632873535,0.05219203899969216,0.10207849799962787
1784803471.0017905,193.57341027259827,206.10000000000002,0.20610000000000003,206.10000000000002,0.202952245609381,202.95224560938098,0.202952245609381,202.95224560938098,0.366,0.36033261142926865,0.36033261142926865,0.06897542113700643,0.13863595225923517,0.15830275157531717,0.0027590168454802574,0.2594394802290734,0.0038818066632585846,0.78,0.04,0.72,0.028,1.0,0.07923293458487954,0.07923293458487954,0.07044616299742051,0.045461887282953174,0.06162500008940697,-0.38,-0.38,-0.3281117138719279,-0.008419252112131582,-0.40978261828422546,0.10488293458487954,0.08928532682359219,0.111778886721305,0.05358293458487953,0.03396467335522174,0.0636320591422721,0.015597607761287352,0.01961826122965779,-0.05908995889924822,0.06323591671568292,0.006895952136425447,0.010049124557392567,nan,1.0,0.0,-0.26404305329635924,0.5464340316198589,4.15500020980835,1.0,0,1,1,0,1.5485225915908813,0.6807505488395691,2.8251013695011324,FOLLOW_MAIN,cascade_pd_tracking,follow_main,inner_wheel_pd,lidar_disabled,FOLLOW_MAIN,COMMITTED,DROPOUT,1,2,1,1,1,1,3,1.6538589000701904,1.22172212600708,0.7890329360961914,0.3800961971282959,0.00010061264038085938,2.055948495864868,0.05219203899969216,0.10207849799962787
1784803471.4098358,193.9814555644989,206.10000000000002,0.20610000000000003,206.10000000000002,0.202952245609381,202.95224560938098,0.202952245609381,202.95224560938098,0.366,0.36033261142926865,0.36033261142926865,0.06897542113700643,0.13863595225923517,0.15830275157531717,0.0027590168454802574,0.2594394802290734,0.0038818066632585846,0.78,0.04,0.72,0.028,1.0,0.07923293458487954,0.07923293458487954,0.07044616299742051,0.045461887282953174,0.06162500008940697,-0.38,-0.38,-0.3281117138719279,-0.008419252112131582,-0.40978261828422546,0.10488293458487954,0.08928532682359219,0.111778886721305,0.05358293458487953,0.03396467335522174,0.0636320591422721,0.015597607761287352,0.01961826122965779,-0.05908995889924822,0.06323591671568292,0.006895952136425447,0.010049124557392567,nan,1.0,0.0,-0.26404305329635924,0.5464340316198589,4.15500020980835,1.0,0,1,1,0,1.5485225915908813,0.6807505488395691,2.8251013695011324,FOLLOW_MAIN,cascade_pd_tracking,follow_main,inner_wheel_pd,lidar_disabled,FOLLOW_MAIN,COMMITTED,DROPOUT,1,2,1,1,1,1,3,2.0619056224823,1.6297686100006104,1.1970794200897217,0.7881424427032471,0.40814661979675293,0.00010752677917480469,0.05219203899969216,0.10207849799962787
1784803471.8157601,194.38737988471985,206.10000000000002,0.20610000000000003,206.10000000000002,0.202952245609381,202.95224560938098,0.202952245609381,202.95224560938098,0.366,0.36033261142926865,0.36033261142926865,0.06897542113700643,0.13863595225923517,0.15830275157531717,0.0027590168454802574,0.2594394802290734,0.0038818066632585846,0.78,0.04,0.72,0.028,1.0,0.07923293458487954,0.07923293458487954,0.07044616299742051,0.045461887282953174,0.06162500008940697,-0.38,-0.38,-0.3281117138719279,-0.008419252112131582,-0.40978261828422546,0.10488293458487954,0.08928532682359219,0.111778886721305,0.05358293458487953,0.03396467335522174,0.0636320591422721,0.015597607761287352,0.01961826122965779,-0.05908995889924822,0.06323591671568292,0.006895952136425447,0.010049124557392567,nan,1.0,0.0,-0.26404305329635924,0.5464340316198589,4.15500020980835,1.0,0,1,1,0,1.5485225915908813,0.6807505488395691,2.8251013695011324,FOLLOW_MAIN,cascade_pd_tracking,follow_main,inner_wheel_pd,lidar_disabled,FOLLOW_MAIN,COMMITTED,DROPOUT,1,2,1,1,1,1,3,6.67572021484375e-05,2.0356805324554443,1.6029913425445557,1.1940550804138184,0.8140590190887451,0.4060196876525879,0.05219203899969216,0.10207849799962787
1784803472.2275846,194.79920434951782,3.4000000000000004,0.0034000000000000002,3.4000000000000004,0.0036864407027648216,3.6864407027648216,0.0,0.0,0.024,0.026019002316468167,0.026019002316468167,-0.010098617360917298,-0.020057070013030788,0.0,-0.00040394469443669195,0.01873368166785708,-0.0005615979603648621,0.78,0.04,0.72,0.028,0.75,0.07004872359960267,0.07004872359960267,0.026615792287435207,0.045461887282953174,0.14137499034404755,-0.013326104259791645,-0.013326104259791645,-0.003773930406027051,-0.008419252112131582,-0.03152172267436981,0.0709482356371386,0.14350270662456752,0.03341355303090773,0.06914921156206673,0.13924727406352758,0.03285976976480594,-0.07255447098742891,-0.07009806250146085,-0.27085365322649907,-0.2642371796559589,-0.03753468260623087,-0.03628944179726079,nan,1.0,0.0,-1.4998234017642267,0.8783539009354566,4.011000156402588,1.0,0,1,1,0,1.3827587366104126,0.7847484946250916,2.5093166853690976,FOLLOW_MAIN,cascade_pd_tracking,planner_hold,inner_wheel_pd,lidar_disabled,FOLLOW_MAIN,COMMITTED,HOLD,1,1,1,1,1,1,1,0.4118952751159668,9.393692016601562e-05,2.014820098876953,1.6058833599090576,1.2258872985839844,0.8178479671478271,0.0085965030002626,0.0030565820002266264
1784803472.6499226,195.22154235839844,3.4000000000000004,0.0034000000000000002,3.4000000000000004,0.0036864407027648216,3.6864407027648216,0.0,0.0,0.024,0.026019002316468167,0.026019002316468167,-0.010098617360917298,-0.020057070013030788,0.0,-0.00040394469443669195,0.01873368166785708,-0.0005615979603648621,0.78,0.04,0.72,0.028,0.75,0.07004872359960267,0.07004872359960267,0.026615792287435207,0.045461887282953174,0.14137499034404755,-0.013326104259791645,-0.013326104259791645,-0.003773930406027051,-0.008419252112131582,-0.03152172267436981,0.0709482356371386,0.14350270662456752,0.03341355303090773,0.06914921156206673,0.13924727406352758,0.03285976976480594,-0.07255447098742891,-0.07009806250146085,-0.27085365322649907,-0.2642371796559589,-0.03753468260623087,-0.03628944179726079,nan,1.0,0.0,-1.4998234017642267,0.8783539009354566,4.011000156402588,1.0,0,1,1,0,1.3827587366104126,0.7847484946250916,2.5093166853690976,FOLLOW_MAIN,cascade_pd_tracking,planner_hold,inner_wheel_pd,lidar_disabled,FOLLOW_MAIN,COMMITTED,HOLD,1,1,1,1,1,1,1,0.8342311382293701,0.42242956161499023,7.224082946777344e-05,2.0282185077667236,1.6482226848602295,1.2401833534240723,0.0085965030002626,0.0030565820002266264
1784803473.0152571,195.58687686920166,3.4000000000000004,0.0034000000000000002,3.4000000000000004,0.0036864407027648216,3.6864407027648216,0.0,0.0,0.024,0.026019002316468167,0.026019002316468167,-0.010098617360917298,-0.020057070013030788,0.0,-0.00040394469443669195,0.01873368166785708,-0.0005615979603648621,0.78,0.04,0.72,0.028,0.75,0.07004872359960267,0.07004872359960267,0.026615792287435207,0.05648971044652436,0.14137499034404755,-0.013326104259791645,-0.013326104259791645,-0.003773930406027051,-0.253906726147394,-0.03152172267436981,0.0709482356371386,0.14350270662456752,0.03341355303090773,0.06914921156206673,0.13924727406352758,0.03285976976480594,-0.07255447098742891,-0.07009806250146085,-0.27085365322649907,-0.2642371796559589,-0.03753468260623087,-0.03628944179726079,nan,1.0,0.0,-1.4998234017642267,0.8783539009354566,4.011000156402588,1.0,0,1,1,0,1.3827587366104126,0.7847484946250916,2.5093166853690976,FOLLOW_MAIN,cascade_pd_tracking,planner_hold,inner_wheel_pd,lidar_disabled,FOLLOW_MAIN,COMMITTED,HOLD,1,1,1,1,1,1,1,1.1995673179626465,0.7877662181854248,0.36540889739990234,7.486343383789062e-05,2.013559579849243,1.605520486831665,0.0085965030002626,0.0030565820002266264
1784803473.4337122,196.00533199310303,3.4000000000000004,0.0034000000000000002,3.4000000000000004,0.0036864407027648216,3.6864407027648216,0.0,0.0,0.024,0.026019002316468167,0.026019002316468167,-0.010098617360917298,-0.020057070013030788,0.0,-0.00040394469443669195,0.01873368166785708,-0.0005615979603648621,0.78,0.04,0.72,0.028,0.75,0.07004872359960267,0.07004872359960267,0.026615792287435207,0.05648971044652436,0.14137499034404755,-0.013326104259791645,-0.013326104259791645,-0.003773930406027051,-0.253906726147394,-0.03152172267436981,0.0709482356371386,0.14350270662456752,0.03341355303090773,0.06914921156206673,0.13924727406352758,0.03285976976480594,-0.07255447098742891,-0.07009806250146085,-0.27085365322649907,-0.2642371796559589,-0.03753468260623087,-0.03628944179726079,nan,1.0,0.0,-1.4998234017642267,0.8783539009354566,4.011000156402588,1.0,0,1,1,0,1.3827587366104126,0.7847484946250916,2.5093166853690976,FOLLOW_MAIN,cascade_pd_tracking,planner_hold,inner_wheel_pd,lidar_disabled,FOLLOW_MAIN,COMMITTED,HOLD,1,1,1,1,1,1,1,1.6180191040039062,1.2062177658081055,0.783860445022583,0.41852664947509766,8.177757263183594e-05,2.0239717960357666,0.0085965030002626,0.0030565820002266264
1784803473.870684,196.44230365753174,3.4000000000000004,0.0034000000000000002,3.4000000000000004,0.0036864407027648216,3.6864407027648216,0.0,0.0,0.024,0.026019002316468167,0.026019002316468167,-0.010098617360917298,-0.020057070013030788,0.0,-0.00040394469443669195,0.01873368166785708,-0.0005615979603648621,0.78,0.04,0.72,0.028,0.75,0.07004872359960267,0.07004872359960267,0.026615792287435207,0.05648971044652436,0.14137499034404755,-0.013326104259791645,-0.013326104259791645,-0.003773930406027051,-0.253906726147394,-0.03152172267436981,0.0709482356371386,0.14350270662456752,0.03341355303090773,0.06914921156206673,0.13924727406352758,0.03285976976480594,-0.07255447098742891,-0.07009806250146085,-0.27085365322649907,-0.2642371796559589,-0.03753468260623087,-0.03628944179726079,nan,1.0,0.0,-1.4998234017642267,0.8783539009354566,4.011000156402588,1.0,0,1,1,0,1.3827587366104126,0.7847484946250916,2.5093166853690976,FOLLOW_MAIN,cascade_pd_tracking,planner_hold,inner_wheel_pd,lidar_disabled,FOLLOW_MAIN,COMMITTED,HOLD,1,1,1,1,1,1,1,2.0549991130828857,1.643198013305664,1.2208409309387207,0.8555073738098145,0.43706297874450684,9.250640869140625e-05,0.0085965030002626,0.0030565820002266264
1784803474.3452206,196.9168403148651,3.4000000000000004,0.0034000000000000002,3.4000000000000004,0.0036864407027648216,3.6864407027648216,0.0,0.0,0.024,0.026019002316468167,0.026019002316468167,-0.010098617360917298,-0.020057070013030788,0.0,-0.00040394469443669195,0.01873368166785708,-0.0005615979603648621,0.78,0.04,0.72,0.028,0.75,0.07004872359960267,0.07004872359960267,0.026615792287435207,0.05648971044652436,0.14137499034404755,-0.013326104259791645,-0.013326104259791645,-0.003773930406027051,-0.253906726147394,-0.03152172267436981,0.0709482356371386,0.14350270662456752,0.03341355303090773,0.06914921156206673,0.13924727406352758,0.03285976976480594,-0.07255447098742891,-0.07009806250146085,-0.27085365322649907,-0.2642371796559589,-0.03753468260623087,-0.03628944179726079,nan,1.0,0.0,-1.4998234017642267,0.8783539009354566,4.011000156402588,1.0,0,1,1,0,1.3827587366104126,0.7847484946250916,2.5093166853690976,FOLLOW_MAIN,cascade_pd_tracking,planner_hold,inner_wheel_pd,lidar_disabled,FOLLOW_MAIN,COMMITTED,HOLD,1,1,1,1,1,1,1,7.915496826171875e-05,2.1177334785461426,1.6953761577606201,1.3300421237945557,0.9115979671478271,0.4746274948120117,0.0085965030002626,0.0030565820002266264
1784803474.8309572,197.40257692337036,43.0,0.043,43.0,0.04390358863380251,43.903588633802514,0.04390358863380251,43.903588633802514,0.312,0.3190692397216854,0.3190692397216854,0.002320703505514981,0.016221946580241658,0.03424479913436596,9.282814022059924e-05,0.22972985259961345,0.00045421450424676645,0.78,0.04,0.72,0.028,1.0,0.0988629747546099,0.0988629747546099,0.09395517648221864,0.05648971044652436,0.06162499636411667,-0.2645216943784468,-0.2645216943784468,-0.3548347438418848,-0.253906726147394,-0.03152172267436981,0.11671818912515505,0.06375271264463662,0.14300826560006571,0.08100776038406474,0.059497280083596706,0.09094012384065871,0.05296547648051843,0.02151048030046803,0.08666477642618294,-0.03926670876306807,0.026290076474910672,0.009932363456593972,nan,1.0,0.0,0.38855514742304786,0.6818136189973096,4.64900016784668,1.0,0,1,1,0,1.2417770624160767,0.9095426201820374,2.17077300960248,FOLLOW_MAIN,cascade_pd_tracking,follow_main,inner_wheel_pd,lidar_disabled,FOLLOW_MAIN,COMMITTED,DROPOUT,1,2,1,1,1,1,3,0.48586010932922363,0.0001685619354248047,2.1811578273773193,1.8158245086669922,1.3973803520202637,0.9604108333587646,0.0017961530002139625,0.061430173000189825
1784803475.2975411,197.86916089057922,43.0,0.043,43.0,0.04390358863380251,43.903588633802514,0.04390358863380251,43.903588633802514,0.312,0.3190692397216854,0.3190692397216854,0.002320703505514981,0.016221946580241658,0.03424479913436596,9.282814022059924e-05,0.22972985259961345,0.00045421450424676645,0.78,0.04,0.72,0.028,1.0,0.0988629747546099,0.0988629747546099,0.09395517648221864,0.05648971044652436,0.06162499636411667,-0.2645216943784468,-0.2645216943784468,-0.3548347438418848,-0.253906726147394,-0.03152172267436981,0.11671818912515505,0.06375271264463662,0.14300826560006571,0.08100776038406474,0.059497280083596706,0.09094012384065871,0.05296547648051843,0.02151048030046803,0.08666477642618294,-0.03926670876306807,0.026290076474910672,0.009932363456593972,nan,1.0,0.0,0.38855514742304786,0.6818136189973096,4.64900016784668,1.0,0,1,1,0,1.2417770624160767,0.9095426201820374,2.17077300960248,FOLLOW_MAIN,cascade_pd_tracking,follow_main,inner_wheel_pd,lidar_disabled,FOLLOW_MAIN,COMMITTED,DROPOUT,1,2,1,1,1,1,3,0.9524002075195312,0.4667081832885742,9.512901306152344e-05,2.282362699508667,1.8639185428619385,1.4269483089447021,0.0017961530002139625,0.061430173000189825
1784803478.1250467,200.69666647911072,43.0,0.043,43.0,0.04390358863380251,43.903588633802514,0.04390358863380251,43.903588633802514,0.312,0.3190692397216854,0.3190692397216854,0.002320703505514981,0.016221946580241658,0.03424479913436596,9.282814022059924e-05,0.22972985259961345,0.00045421450424676645,0.78,0.04,0.72,0.028,1.0,0.0988629747546099,0.0988629747546099,0.09395517648221864,0.049815425203207586,0.06162499636411667,-0.2645216943784468,-0.2645216943784468,-0.3548347438418848,0.0982765744278042,-0.03152172267436981,0.11671818912515505,0.06375271264463662,0.14300826560006571,0.08100776038406474,0.059497280083596706,0.09094012384065871,0.05296547648051843,0.02151048030046803,0.08666477642618294,-0.03926670876306807,0.026290076474910672,0.009932363456593972,nan,1.0,0.0,0.38855514742304786,0.6818136189973096,4.64900016784668,1.0,0,1,1,0,1.2417770624160767,0.9095426201820374,2.17077300960248,FOLLOW_MAIN,cascade_pd_tracking,follow_main,inner_wheel_pd,lidar_disabled,FOLLOW_MAIN,COMMITTED,DROPOUT,1,2,1,1,1,1,3,3.7799034118652344,3.2942113876342773,2.827598810195923,0.0001316070556640625,4.6914215087890625,4.254451274871826,0.0017961530002139625,0.061430173000189825
1784803478.5342135,201.10583329200745,43.0,0.043,43.0,0.04390358863380251,43.903588633802514,0.04390358863380251,43.903588633802514,0.312,0.3190692397216854,0.3190692397216854,0.002320703505514981,0.016221946580241658,0.03424479913436596,9.282814022059924e-05,0.22972985259961345,0.00045421450424676645,0.78,0.04,0.72,0.028,1.0,0.0988629747546099,0.0988629747546099,0.09395517648221864,0.049815425203207586,0.06162499636411667,-0.2645216943784468,-0.2645216943784468,-0.3548347438418848,0.0982765744278042,-0.03152172267436981,0.11671818912515505,0.06375271264463662,0.14300826560006571,0.08100776038406474,0.059497280083596706,0.09094012384065871,0.05296547648051843,0.02151048030046803,0.08666477642618294,-0.03926670876306807,0.026290076474910672,0.009932363456593972,nan,1.0,0.0,0.38855514742304786,0.6818136189973096,4.64900016784668,1.0,0,1,1,0,1.2417770624160767,0.9095426201820374,2.17077300960248,FOLLOW_MAIN,cascade_pd_tracking,follow_main,inner_wheel_pd,lidar_disabled,FOLLOW_MAIN,COMMITTED,DROPOUT,1,2,1,1,1,1,3,4.189069509506226,3.7033772468566895,3.236764430999756,0.40929722785949707,9.179115295410156e-05,4.663617134094238,0.0017961530002139625,0.061430173000189825
1784803478.941133,201.51275277137756,43.0,0.043,43.0,0.04390358863380251,43.903588633802514,0.04390358863380251,43.903588633802514,0.312,0.3190692397216854,0.3190692397216854,0.002320703505514981,0.016221946580241658,0.03424479913436596,9.282814022059924e-05,0.22972985259961345,0.00045421450424676645,0.78,0.04,0.72,0.028,1.0,0.0988629747546099,0.0988629747546099,0.09395517648221864,0.049815425203207586,0.06162499636411667,-0.2645216943784468,-0.2645216943784468,-0.3548347438418848,0.0982765744278042,-0.03152172267436981,0.11671818912515505,0.06375271264463662,0.14300826560006571,0.08100776038406474,0.059497280083596706,0.09094012384065871,0.05296547648051843,0.02151048030046803,0.08666477642618294,-0.03926670876306807,0.026290076474910672,0.009932363456593972,nan,1.0,0.0,0.38855514742304786,0.6818136189973096,4.64900016784668,1.0,0,1,1,0,1.2417770624160767,0.9095426201820374,2.17077300960248,FOLLOW_MAIN,cascade_pd_tracking,follow_main,inner_wheel_pd,lidar_disabled,FOLLOW_MAIN,COMMITTED,DROPOUT,1,2,1,1,1,1,3,4.595988988876343,4.110296964645386,3.643683910369873,0.8162169456481934,0.4070112705230713,8.392333984375e-05,0.0017961530002139625,0.061430173000189825
1784803479.3593707,201.9309904575348,43.0,0.043,43.0,0.04390358863380251,43.903588633802514,0.04390358863380251,43.903588633802514,0.312,0.3190692397216854,0.3190692397216854,0.002320703505514981,0.016221946580241658,0.03424479913436596,9.282814022059924e-05,0.22972985259961345,0.00045421450424676645,0.78,0.04,0.72,0.028,1.0,0.0988629747546099,0.0988629747546099,0.09395517648221864,0.049815425203207586,0.06162499636411667,-0.2645216943784468,-0.2645216943784468,-0.3548347438418848,0.0982765744278042,-0.03152172267436981,0.11671818912515505,0.06375271264463662,0.14300826560006571,0.08100776038406474,0.059497280083596706,0.09094012384065871,0.05296547648051843,0.02151048030046803,0.08666477642618294,-0.03926670876306807,0.026290076474910672,0.009932363456593972,nan,1.0,0.0,0.38855514742304786,0.6818136189973096,4.64900016784668,1.0,0,1,1,0,1.2417770624160767,0.9095426201820374,2.17077300960248,FOLLOW_MAIN,cascade_pd_tracking,follow_main,inner_wheel_pd,lidar_disabled,FOLLOW_MAIN,COMMITTED,DROPOUT,1,2,1,1,1,1,3,0.00011610984802246094,4.528559923171997,4.0619471073150635,1.234480381011963,0.8252742290496826,0.4183468818664551,0.0017961530002139625,0.061430173000189825
1784803479.7670112,202.3386309146881,-53.5,-0.0535,-53.5,-0.052320368001182935,-52.320368001182935,-0.052320368001182935,-52.320368001182935,-0.392,-0.38300080121362456,-0.38300080121362456,-0.011276817980371775,-0.08431036123070339,-0.04080988704092269,-0.000451072719214871,-0.27576057687380967,-0.0023606901144596947,0.78,0.04,0.72,0.028,1.0,0.08710691780018223,0.06893208650001725,0.03949131773308902,0.049815425203207586,0.03987500071525574,0.31938222674840694,0.2513480682318411,0.22649243651192189,0.0982765744278042,0.15760868787765503,0.051966091894367974,0.02923641428351402,0.03254903898578852,0.08589808110566653,0.050513587146997455,0.06578434216960315,0.022729677610853954,0.03538449395866908,0.2679322601262152,0.3070705294563301,0.01358956785447205,0.02005526239472446,nan,1.0,0.0,-1.1851747901225351,0.6007373641391879,2.197000026702881,1.0,0,1,1,0,1.131947636604309,1.2942392826080322,1.8656738353110023,FOLLOW_MAIN,cascade_pd_tracking,follow_main,inner_wheel_pd,lidar_disabled,FOLLOW_MAIN,COMMITTED,UNKNOWN,1,2,1,1,1,1,2,0.4077329635620117,9.393692016601562e-05,4.469563722610474,1.642096757888794,1.2328910827636719,0.8259637355804443,0.016300373999911244,0.008854373999838572
1784803480.1711934,202.74281311035156,-53.5,-0.0535,-53.5,-0.052320368001182935,-52.320368001182935,-0.052320368001182935,-52.320368001182935,-0.392,-0.38300080121362456,-0.38300080121362456,-0.011276817980371775,-0.08431036123070339,-0.04080988704092269,-0.000451072719214871,-0.27576057687380967,-0.0023606901144596947,0.78,0.04,0.72,0.028,1.0,0.08710691780018223,0.06893208650001725,0.03949131773308902,0.049815425203207586,0.03987500071525574,0.31938222674840694,0.2513480682318411,0.22649243651192189,0.0982765744278042,0.15760868787765503,0.051966091894367974,0.02923641428351402,0.03254903898578852,0.08589808110566653,0.050513587146997455,0.06578434216960315,0.022729677610853954,0.03538449395866908,0.2679322601262152,0.3070705294563301,0.01358956785447205,0.02005526239472446,nan,1.0,0.0,-1.1851747901225351,0.6007373641391879,2.197000026702881,1.0,0,1,1,0,1.131947636604309,1.2942392826080322,1.8656738353110023,FOLLOW_MAIN,cascade_pd_tracking,follow_main,inner_wheel_pd,lidar_disabled,FOLLOW_MAIN,COMMITTED,UNKNOWN,1,2,1,1,1,1,2,0.8119137287139893,0.40427470207214355,7.724761962890625e-05,2.0462772846221924,1.6370713710784912,1.2301440238952637,0.016300373999911244,0.008854373999838572
1784803480.5902019,203.16182160377502,-53.5,-0.0535,-53.5,-0.052320368001182935,-52.320368001182935,-0.052320368001182935,-52.320368001182935,-0.392,-0.38300080121362456,-0.38300080121362456,-0.011276817980371775,-0.08431036123070339,-0.04080988704092269,-0.000451072719214871,-0.27576057687380967,-0.0023606901144596947,0.78,0.04,0.72,0.028,1.0,0.08710691780018223,0.06893208650001725,0.03949131773308902,0.05472143176920783,0.03987500071525574,0.31938222674840694,0.2513480682318411,0.22649243651192189,0.1038690979869323,0.15760868787765503,0.051966091894367974,0.02923641428351402,0.03254903898578852,0.08589808110566653,0.050513587146997455,0.06578434216960315,0.022729677610853954,0.03538449395866908,0.2679322601262152,0.3070705294563301,0.01358956785447205,0.02005526239472446,nan,1.0,0.0,-1.1851747901225351,0.6007373641391879,2.197000026702881,1.0,0,1,1,0,1.131947636604309,1.2942392826080322,1.8656738353110023,FOLLOW_MAIN,cascade_pd_tracking,follow_main,inner_wheel_pd,lidar_disabled,FOLLOW_MAIN,COMMITTED,UNKNOWN,1,2,1,1,1,1,2,1.2309186458587646,0.8232793807983398,0.4190819263458252,7.343292236328125e-05,2.0560758113861084,1.6491484642028809,0.016300373999911244,0.008854373999838572
1784803480.9838934,203.55551314353943,-53.5,-0.0535,-53.5,-0.052320368001182935,-52.320368001182935,-0.052320368001182935,-52.320368001182935,-0.392,-0.38300080121362456,-0.38300080121362456,-0.011276817980371775,-0.08431036123070339,-0.04080988704092269,-0.000451072719214871,-0.27576057687380967,-0.0023606901144596947,0.78,0.04,0.72,0.028,1.0,0.08710691780018223,0.06893208650001725,0.03949131773308902,0.05472143176920783,0.03987500071525574,0.31938222674840694,0.2513480682318411,0.22649243651192189,0.1038690979869323,0.15760868787765503,0.051966091894367974,0.02923641428351402,0.03254903898578852,0.08589808110566653,0.050513587146997455,0.06578434216960315,0.022729677610853954,0.03538449395866908,0.2679322601262152,0.3070705294563301,0.01358956785447205,0.02005526239472446,nan,1.0,0.0,-1.1851747901225351,0.6007373641391879,2.197000026702881,1.0,0,1,1,0,1.131947636604309,1.2942392826080322,1.8656738353110023,FOLLOW_MAIN,cascade_pd_tracking,follow_main,inner_wheel_pd,lidar_disabled,FOLLOW_MAIN,COMMITTED,UNKNOWN,1,2,1,1,1,1,2,1.624608039855957,1.2169690132141113,0.8127715587615967,0.39376330375671387,7.2479248046875e-05,2.0428380966186523,0.016300373999911244,0.008854373999838572
1784803481.3856099,203.9572296142578,-53.5,-0.0535,-53.5,-0.052320368001182935,-52.320368001182935,-0.052320368001182935,-52.320368001182935,-0.392,-0.38300080121362456,-0.38300080121362456,-0.011276817980371775,-0.08431036123070339,-0.04080988704092269,-0.000451072719214871,-0.27576057687380967,-0.0023606901144596947,0.78,0.04,0.72,0.028,1.0,0.08710691780018223,0.06893208650001725,0.03949131773308902,0.05472143176920783,0.03987500071525574,0.31938222674840694,0.2513480682318411,0.22649243651192189,0.1038690979869323,0.15760868787765503,0.051966091894367974,0.02923641428351402,0.03254903898578852,0.08589808110566653,0.050513587146997455,0.06578434216960315,0.022729677610853954,0.03538449395866908,0.2679322601262152,0.3070705294563301,0.01358956785447205,0.02005526239472446,nan,1.0,0.0,-1.1851747901225351,0.6007373641391879,2.197000026702881,1.0,0,1,1,0,1.131947636604309,1.2942392826080322,1.8656738353110023,FOLLOW_MAIN,cascade_pd_tracking,follow_main,inner_wheel_pd,lidar_disabled,FOLLOW_MAIN,COMMITTED,UNKNOWN,1,2,1,1,1,1,2,2.0263328552246094,1.6186938285827637,1.2144966125488281,0.7954883575439453,0.4017980098724365,9.274482727050781e-05,0.016300373999911244,0.008854373999838572
1784803481.7748706,204.3464903831482,-53.5,-0.0535,-53.5,-0.052320368001182935,-52.320368001182935,-0.052320368001182935,-52.320368001182935,-0.392,-0.38300080121362456,-0.38300080121362456,-0.011276817980371775,-0.08431036123070339,-0.04080988704092269,-0.000451072719214871,-0.27576057687380967,-0.0023606901144596947,0.78,0.04,0.72,0.028,1.0,0.08710691780018223,0.06893208650001725,0.03949131773308902,0.05472143176920783,0.03987500071525574,0.31938222674840694,0.2513480682318411,0.22649243651192189,0.1038690979869323,0.15760868787765503,0.051966091894367974,0.02923641428351402,0.03254903898578852,0.08589808110566653,0.050513587146997455,0.06578434216960315,0.022729677610853954,0.03538449395866908,0.2679322601262152,0.3070705294563301,0.01358956785447205,0.02005526239472446,nan,1.0,0.0,-1.1851747901225351,0.6007373641391879,2.197000026702881,1.0,0,1,1,0,1.131947636604309,1.2942392826080322,1.8656738353110023,FOLLOW_MAIN,cascade_pd_tracking,follow_main,inner_wheel_pd,lidar_disabled,FOLLOW_MAIN,COMMITTED,UNKNOWN,1,2,1,1,1,1,2,7.295608520507812e-05,2.0079498291015625,1.6037523746490479,1.184743881225586,0.791053295135498,0.38934826850891113,0.016300373999911244,0.008854373999838572
1784803482.1813426,204.75296235084534,20.8,0.0208,20.8,0.012148018486103793,12.148018486103792,0.012148018486103793,12.148018486103792,0.149,0.0871551143950758,0.0871551143950758,0.03761217584734615,0.2523808953913402,0.009475454419160959,0.001504487033893846,0.06275168236445457,0.007066665070957525,0.78,0.04,0.72,0.028,0.75,0.07044785088659357,0.07044785088659357,0.03086220127680625,0.05472143176920783,0.13050000369548798,-0.06059871666635018,-0.06059871666635018,-0.1095423234941006,0.1038690979869323,0.06304347515106201,0.0745382642615722,0.12624456912279128,0.046460513237288774,0.06635743751161494,0.13475543826818467,0.030386367941958793,-0.05170630486121908,-0.06839800075656974,-0.3258724690898269,-0.31400292065026686,-0.028077751024283427,-0.03597106956965614,nan,1.0,0.0,0.38070040628774277,0.8833586318068158,4.164999961853027,1.0,0,1,1,0,1.0484689474105835,1.4178229570388794,2.3360099619448658,FOLLOW_MAIN,cascade_pd_tracking,planner_hold,inner_wheel_pd,lidar_disabled,FOLLOW_MAIN,COMMITTED,HOLD,1,1,1,1,1,1,1,0.4065372943878174,7.152557373046875e-05,2.0102169513702393,1.5912082195281982,1.1975178718566895,0.7958126068115234,0.10444433700013178,0.06847863499979212
1784803482.5727813,205.1444010734558,20.8,0.0208,20.8,0.012148018486103793,12.148018486103792,0.012148018486103793,12.148018486103792,0.149,0.0871551143950758,0.0871551143950758,0.03761217584734615,0.2523808953913402,0.009475454419160959,0.001504487033893846,0.06275168236445457,0.007066665070957525,0.78,0.04,0.72,0.028,0.75,0.07044785088659357,0.07044785088659357,0.03086220127680625,0.05472143176920783,0.13050000369548798,-0.06059871666635018,-0.06059871666635018,-0.1095423234941006,0.1038690979869323,0.06304347515106201,0.0745382642615722,0.12624456912279128,0.046460513237288774,0.06635743751161494,0.13475543826818467,0.030386367941958793,-0.05170630486121908,-0.06839800075656974,-0.3258724690898269,-0.31400292065026686,-0.028077751024283427,-0.03597106956965614,nan,1.0,0.0,0.38070040628774277,0.8833586318068158,4.164999961853027,1.0,0,1,1,0,1.0484689474105835,1.4178229570388794,2.3360099619448658,FOLLOW_MAIN,cascade_pd_tracking,planner_hold,inner_wheel_pd,lidar_disabled,FOLLOW_MAIN,COMMITTED,HOLD,1,1,1,1,1,1,1,0.7979810237884521,0.39151549339294434,6.937980651855469e-05,1.982652187347412,1.5889616012573242,1.1872563362121582,0.10444433700013178,0.06847863499979212
1784803482.9699385,205.54155826568604,20.8,0.0208,20.8,0.012148018486103793,12.148018486103792,0.012148018486103793,12.148018486103792,0.149,0.0871551143950758,0.0871551143950758,0.03761217584734615,0.2523808953913402,0.009475454419160959,0.001504487033893846,0.06275168236445457,0.007066665070957525,0.78,0.04,0.72,0.028,0.75,0.07044785088659357,0.07044785088659357,0.03086220127680625,0.09587498633095536,0.13050000369548798,-0.06059871666635018,-0.06059871666635018,-0.1095423234941006,-0.12422405359353131,0.06304347515106201,0.0745382642615722,0.12624456912279128,0.046460513237288774,0.06635743751161494,0.13475543826818467,0.030386367941958793,-0.05170630486121908,-0.06839800075656974,-0.3258724690898269,-0.31400292065026686,-0.028077751024283427,-0.03597106956965614,nan,1.0,0.0,0.38070040628774277,0.8833586318068158,4.164999961853027,1.0,0,1,1,0,1.0484689474105835,1.4178229570388794,2.3360099619448658,FOLLOW_MAIN,cascade_pd_tracking,planner_hold,inner_wheel_pd,lidar_disabled,FOLLOW_MAIN,COMMITTED,HOLD,1,1,1,1,1,1,1,1.1951415538787842,0.7886757850646973,0.3972296714782715,7.43865966796875e-05,1.9861223697662354,1.5844173431396484,0.10444433700013178,0.06847863499979212
1784803483.3609874,205.93260717391968,20.8,0.0208,20.8,0.012148018486103793,12.148018486103792,0.012148018486103793,12.148018486103792,0.149,0.0871551143950758,0.0871551143950758,0.03761217584734615,0.2523808953913402,0.009475454419160959,0.001504487033893846,0.06275168236445457,0.007066665070957525,0.78,0.04,0.72,0.028,0.75,0.07044785088659357,0.07044785088659357,0.03086220127680625,0.09587498633095536,0.13050000369548798,-0.06059871666635018,-0.06059871666635018,-0.1095423234941006,-0.12422405359353131,0.06304347515106201,0.0745382642615722,0.12624456912279128,0.046460513237288774,0.06635743751161494,0.13475543826818467,0.030386367941958793,-0.05170630486121908,-0.06839800075656974,-0.3258724690898269,-0.31400292065026686,-0.028077751024283427,-0.03597106956965614,nan,1.0,0.0,0.38070040628774277,0.8833586318068158,4.164999961853027,1.0,0,1,1,0,1.0484689474105835,1.4178229570388794,2.3360099619448658,FOLLOW_MAIN,cascade_pd_tracking,planner_hold,inner_wheel_pd,lidar_disabled,FOLLOW_MAIN,COMMITTED,HOLD,1,1,1,1,1,1,1,1.586190938949585,1.179725170135498,0.7882792949676514,0.39112401008605957,8.58306884765625e-05,1.975466251373291,0.10444433700013178,0.06847863499979212
1784803483.7470133,206.3186330795288,20.8,0.0208,20.8,0.012148018486103793,12.148018486103792,0.012148018486103793,12.148018486103792,0.149,0.0871551143950758,0.0871551143950758,0.03761217584734615,0.2523808953913402,0.009475454419160959,0.001504487033893846,0.06275168236445457,0.007066665070957525,0.78,0.04,0.72,0.028,0.75,0.07044785088659357,0.07044785088659357,0.03086220127680625,0.09587498633095536,0.13050000369548798,-0.06059871666635018,-0.06059871666635018,-0.1095423234941006,-0.12422405359353131,0.06304347515106201,0.0745382642615722,0.12624456912279128,0.046460513237288774,0.06635743751161494,0.13475543826818467,0.030386367941958793,-0.05170630486121908,-0.06839800075656974,-0.3258724690898269,-0.31400292065026686,-0.028077751024283427,-0.03597106956965614,nan,1.0,0.0,0.38070040628774277,0.8833586318068158,4.164999961853027,1.0,0,1,1,0,1.0484689474105835,1.4178229570388794,2.3360099619448658,FOLLOW_MAIN,cascade_pd_tracking,planner_hold,inner_wheel_pd,lidar_disabled,FOLLOW_MAIN,COMMITTED,HOLD,1,1,1,1,1,1,1,1.9722108840942383,1.5657448768615723,1.1742987632751465,0.7771434783935547,0.3861057758331299,7.104873657226562e-05,0.10444433700013178,0.06847863499979212
1784803484.1415327,206.71315240859985,20.8,0.0208,20.8,0.012148018486103793,12.148018486103792,0.012148018486103793,12.148018486103792,0.149,0.0871551143950758,0.0871551143950758,0.03761217584734615,0.2523808953913402,0.009475454419160959,0.001504487033893846,0.06275168236445457,0.007066665070957525,0.78,0.04,0.72,0.028,0.75,0.07044785088659357,0.07044785088659357,0.03086220127680625,0.09587498633095536,0.13050000369548798,-0.06059871666635018,-0.06059871666635018,-0.1095423234941006,-0.12422405359353131,0.06304347515106201,0.0745382642615722,0.12624456912279128,0.046460513237288774,0.06635743751161494,0.13475543826818467,0.030386367941958793,-0.05170630486121908,-0.06839800075656974,-0.3258724690898269,-0.31400292065026686,-0.028077751024283427,-0.03597106956965614,nan,1.0,0.0,0.38070040628774277,0.8833586318068158,4.164999961853027,1.0,0,1,1,0,1.0484689474105835,1.4178229570388794,2.3360099619448658,FOLLOW_MAIN,cascade_pd_tracking,planner_hold,inner_wheel_pd,lidar_disabled,FOLLOW_MAIN,COMMITTED,HOLD,1,1,1,1,1,1,1,6.985664367675781e-05,1.9602680206298828,1.5688221454620361,1.1716668605804443,0.7806289196014404,0.3945944309234619,0.10444433700013178,0.06847863499979212
1784803484.5249004,207.09652018547058,51.6,0.0516,51.6,0.04733519609170551,47.335196091705505,0.04733519609170551,47.335196091705505,0.353,0.3257345554855933,0.3257345554855933,0.016096544506506848,0.1040584480502916,0.0369214529515303,0.000643861780260274,0.23452887994962718,0.002913636545408165,0.78,0.04,0.72,0.028,0.75,0.065,0.08508544618433525,0.09741526865453892,0.09587498633095536,0.018124999478459358,-0.20625587342011945,-0.23695591174611144,-0.3323616415046245,-0.12422405359353131,-0.031521737575531006,0.10107997022719778,0.0202527167648077,0.14566723860703376,0.06909092214147272,0.015997282192111016,0.0968967803427682,0.08082725346239009,0.053093639949361705,0.2776069110154534,0.23209110256018697,0.041573150772101775,0.027805858201295486,nan,1.0,0.0,-0.25499999999999995,0.6810632745208375,4.01200008392334,1.0,0,1,1,0,0.930001974105835,1.5341837406158447,2.296103891366516,FOLLOW_MAIN,cascade_pd_tracking,planner_hold,inner_wheel_pd,lidar_disabled,FOLLOW_MAIN,COMMITTED,HOLD,1,1,1,1,1,1,1,0.38343143463134766,7.295608520507812e-05,1.952183485031128,1.5550282001495361,1.1639900207519531,0.7779555320739746,0.024436449999939214,0.04845654799964905
1784803484.9308262,207.502445936203,51.6,0.0516,51.6,0.04733519609170551,47.335196091705505,0.04733519609170551,47.335196091705505,0.353,0.3257345554855933,0.3257345554855933,0.016096544506506848,0.1040584480502916,0.0369214529515303,0.000643861780260274,0.23452887994962718,0.002913636545408165,0.78,0.04,0.72,0.028,0.75,0.065,0.08508544618433525,0.09741526865453892,0.09587498633095536,0.018124999478459358,-0.20625587342011945,-0.23695591174611144,-0.3323616415046245,-0.12422405359353131,-0.031521737575531006,0.10107997022719778,0.0202527167648077,0.14566723860703376,0.06909092214147272,0.015997282192111016,0.0968967803427682,0.08082725346239009,0.053093639949361705,0.2776069110154534,0.23209110256018697,0.041573150772101775,0.027805858201295486,nan,1.0,0.0,-0.25499999999999995,0.6810632745208375,4.01200008392334,1.0,0,1,1,0,0.930001974105835,1.5341837406158447,2.296103891366516,FOLLOW_MAIN,cascade_pd_tracking,planner_hold,inner_wheel_pd,lidar_disabled,FOLLOW_MAIN,COMMITTED,HOLD,1,1,1,1,1,1,1,0.7893617153167725,0.406003475189209,6.628036499023438e-05,1.96095871925354,1.5699207782745361,1.1838862895965576,0.024436449999939214,0.04845654799964905
1784803485.3470218,207.91864156723022,51.6,0.0516,51.6,0.04733519609170551,47.335196091705505,0.04733519609170551,47.335196091705505,0.353,0.3257345554855933,0.3257345554855933,0.016096544506506848,0.1040584480502916,0.0369214529515303,0.000643861780260274,0.23452887994962718,0.002913636545408165,0.78,0.04,0.72,0.028,0.75,0.065,0.08508544618433525,0.09741526865453892,0.06530331265362553,0.018124999478459358,-0.20625587342011945,-0.23695591174611144,-0.3323616415046245,-0.21906432654234234,-0.031521737575531006,0.10107997022719778,0.0202527167648077,0.14566723860703376,0.06909092214147272,0.015997282192111016,0.0968967803427682,0.08082725346239009,0.053093639949361705,0.2776069110154534,0.23209110256018697,0.041573150772101775,0.027805858201295486,nan,1.0,0.0,-0.25499999999999995,0.6810632745208375,4.01200008392334,1.0,0,1,1,0,0.930001974105835,1.5341837406158447,2.296103891366516,FOLLOW_MAIN,cascade_pd_tracking,planner_hold,inner_wheel_pd,lidar_disabled,FOLLOW_MAIN,COMMITTED,HOLD,1,1,1,1,1,1,1,1.2055566310882568,0.8221983909606934,0.4162616729736328,6.842613220214844e-05,1.9861159324645996,1.600081443786621,0.024436449999939214,0.04845654799964905
1784803485.75055,208.3221697807312,51.6,0.0516,51.6,0.04733519609170551,47.335196091705505,0.04733519609170551,47.335196091705505,0.353,0.3257345554855933,0.3257345554855933,0.016096544506506848,0.1040584480502916,0.0369214529515303,0.000643861780260274,0.23452887994962718,0.002913636545408165,0.78,0.04,0.72,0.028,0.75,0.065,0.08508544618433525,0.09741526865453892,0.06530331265362553,0.018124999478459358,-0.20625587342011945,-0.23695591174611144,-0.3323616415046245,-0.21906432654234234,-0.031521737575531006,0.10107997022719778,0.0202527167648077,0.14566723860703376,0.06909092214147272,0.015997282192111016,0.0968967803427682,0.08082725346239009,0.053093639949361705,0.2776069110154534,0.23209110256018697,0.041573150772101775,0.027805858201295486,nan,1.0,0.0,-0.25499999999999995,0.6810632745208375,4.01200008392334,1.0,0,1,1,0,0.930001974105835,1.5341837406158447,2.296103891366516,FOLLOW_MAIN,cascade_pd_tracking,planner_hold,inner_wheel_pd,lidar_disabled,FOLLOW_MAIN,COMMITTED,HOLD,1,1,1,1,1,1,1,1.6090974807739258,1.2257392406463623,0.8198022842407227,0.403609037399292,8.988380432128906e-05,2.003621816635132,0.024436449999939214,0.04845654799964905
1784803486.1547368,208.72635650634766,51.6,0.0516,51.6,0.04733519609170551,47.335196091705505,0.04733519609170551,47.335196091705505,0.353,0.3257345554855933,0.3257345554855933,0.016096544506506848,0.1040584480502916,0.0369214529515303,0.000643861780260274,0.23452887994962718,0.002913636545408165,0.78,0.04,0.72,0.028,0.75,0.065,0.08508544618433525,0.09741526865453892,0.06530331265362553,0.018124999478459358,-0.20625587342011945,-0.23695591174611144,-0.3323616415046245,-0.21906432654234234,-0.031521737575531006,0.10107997022719778,0.0202527167648077,0.14566723860703376,0.06909092214147272,0.015997282192111016,0.0968967803427682,0.08082725346239009,0.053093639949361705,0.2776069110154534,0.23209110256018697,0.041573150772101775,0.027805858201295486,nan,1.0,0.0,-0.25499999999999995,0.6810632745208375,4.01200008392334,1.0,0,1,1,0,0.930001974105835,1.5341837406158447,2.296103891366516,FOLLOW_MAIN,cascade_pd_tracking,planner_hold,inner_wheel_pd,lidar_disabled,FOLLOW_MAIN,COMMITTED,HOLD,1,1,1,1,1,1,1,2.013272762298584,1.6299142837524414,1.2239773273468018,0.8077845573425293,0.4042654037475586,7.43865966796875e-05,0.024436449999939214,0.04845654799964905
1784803486.56037,209.13198971748352,51.6,0.0516,51.6,0.04733519609170551,47.335196091705505,0.04733519609170551,47.335196091705505,0.353,0.3257345554855933,0.3257345554855933,0.016096544506506848,0.1040584480502916,0.0369214529515303,0.000643861780260274,0.23452887994962718,0.002913636545408165,0.78,0.04,0.72,0.028,0.75,0.065,0.08508544618433525,0.09741526865453892,0.06530331265362553,0.018124999478459358,-0.20625587342011945,-0.23695591174611144,-0.3323616415046245,-0.21906432654234234,-0.031521737575531006,0.10107997022719778,0.0202527167648077,0.14566723860703376,0.06909092214147272,0.015997282192111016,0.0968967803427682,0.08082725346239009,0.053093639949361705,0.2776069110154534,0.23209110256018697,0.041573150772101775,0.027805858201295486,nan,1.0,0.0,-0.25499999999999995,0.6810632745208375,4.01200008392334,1.0,0,1,1,0,0.930001974105835,1.5341837406158447,2.296103891366516,FOLLOW_MAIN,cascade_pd_tracking,planner_hold,inner_wheel_pd,lidar_disabled,FOLLOW_MAIN,COMMITTED,HOLD,1,1,1,1,1,1,1,8.940696716308594e-05,2.035564422607422,1.6296279430389404,1.2134349346160889,0.8099160194396973,0.40572500228881836,0.024436449999939214,0.04845654799964905
1784803486.9681275,209.53974723815918,9.5,0.0095,9.5,0.024307500190273133,24.30750019027313,0.024307500190273133,24.30750019027313,0.068,0.1709405463880921,0.1709405463880921,-0.022803437845822817,-0.15526344676299497,0.018959850148413046,-0.0009121375138329127,0.12307719339942631,-0.004347376509363859,0.78,0.04,0.72,0.028,0.75,0.065,0.065,0.07147493311709979,0.06530331265362553,0.018124999478459358,-0.10258314714348193,-0.10258314714348193,-0.06861651118782133,-0.21906432654234234,-0.15760868787765503,0.07192436243218503,0.028763585910201075,0.09402065532337398,0.058075637567814975,0.007486413046717643,0.08395192813820454,0.043160776521983954,0.050589224521097334,0.13791201606366402,0.15934628002628376,0.02209629289118894,0.025876290570389558,nan,1.0,0.0,-3.3269999999999995,0.6541278094681658,1.8389999866485596,1.0,0,1,1,0,0.860160231590271,1.676515817642212,1.7476575794581906,FOLLOW_MAIN,cascade_pd_tracking,planner_hold,inner_wheel_pd,lidar_disabled,FOLLOW_MAIN,COMMITTED,HOLD,1,1,1,1,1,1,1,0.4078376293182373,9.942054748535156e-05,2.037374973297119,1.6211819648742676,1.217663049697876,0.8134720325469971,0.026637493000180257,0.09826119200033645
1784803487.3654459,209.93706560134888,9.5,0.0095,9.5,0.024307500190273133,24.30750019027313,0.024307500190273133,24.30750019027313,0.068,0.1709405463880921,0.1709405463880921,-0.022803437845822817,-0.15526344676299497,0.018959850148413046,-0.0009121375138329127,0.12307719339942631,-0.004347376509363859,0.78,0.04,0.72,0.028,0.75,0.065,0.065,0.07147493311709979,0.06530331265362553,0.018124999478459358,-0.10258314714348193,-0.10258314714348193,-0.06861651118782133,-0.21906432654234234,-0.15760868787765503,0.07192436243218503,0.028763585910201075,0.09402065532337398,0.058075637567814975,0.007486413046717643,0.08395192813820454,0.043160776521983954,0.050589224521097334,0.13791201606366402,0.15934628002628376,0.02209629289118894,0.025876290570389558,nan,1.0,0.0,-3.3269999999999995,0.6541278094681658,1.8389999866485596,1.0,0,1,1,0,0.860160231590271,1.676515817642212,1.7476575794581906,FOLLOW_MAIN,cascade_pd_tracking,planner_hold,inner_wheel_pd,lidar_disabled,FOLLOW_MAIN,COMMITTED,HOLD,1,1,1,1,1,1,1,0.8051512241363525,0.3974130153656006,8.082389831542969e-05,2.0184953212738037,1.614976406097412,1.2107853889465332,0.026637493000180257,0.09826119200033645
1784803487.7613895,210.33300924301147,9.5,0.0095,9.5,0.024307500190273133,24.30750019027313,0.024307500190273133,24.30750019027313,0.068,0.1709405463880921,0.1709405463880921,-0.022803437845822817,-0.15526344676299497,0.018959850148413046,-0.0009121375138329127,0.12307719339942631,-0.004347376509363859,0.78,0.04,0.72,0.028,0.75,0.065,0.065,0.07147493311709979,0.12931515573504024,0.018124999478459358,-0.10258314714348193,-0.10258314714348193,-0.06861651118782133,-0.03806702520888917,-0.15760868787765503,0.07192436243218503,0.028763585910201075,0.09402065532337398,0.058075637567814975,0.007486413046717643,0.08395192813820454,0.043160776521983954,0.050589224521097334,0.13791201606366402,0.15934628002628376,0.02209629289118894,0.025876290570389558,nan,1.0,0.0,-3.3269999999999995,0.6541278094681658,1.8389999866485596,1.0,0,1,1,0,0.860160231590271,1.676515817642212,1.7476575794581906,FOLLOW_MAIN,cascade_pd_tracking,planner_hold,inner_wheel_pd,lidar_disabled,FOLLOW_MAIN,COMMITTED,HOLD,1,1,1,1,1,1,1,1.2011041641235352,0.793365478515625,0.39603281021118164,8.058547973632812e-05,2.0109283924102783,1.6067376136779785,0.026637493000180257,0.09826119200033645
1784803488.1666646,210.73828434944153,9.5,0.0095,9.5,0.024307500190273133,24.30750019027313,0.024307500190273133,24.30750019027313,0.068,0.1709405463880921,0.1709405463880921,-0.022803437845822817,-0.15526344676299497,0.018959850148413046,-0.0009121375138329127,0.12307719339942631,-0.004347376509363859,0.78,0.04,0.72,0.028,0.75,0.065,0.065,0.07147493311709979,0.12931515573504024,0.018124999478459358,-0.10258314714348193,-0.10258314714348193,-0.06861651118782133,-0.03806702520888917,-0.15760868787765503,0.07192436243218503,0.028763585910201075,0.09402065532337398,0.058075637567814975,0.007486413046717643,0.08395192813820454,0.043160776521983954,0.050589224521097334,0.13791201606366402,0.15934628002628376,0.02209629289118894,0.025876290570389558,nan,1.0,0.0,-3.3269999999999995,0.6541278094681658,1.8389999866485596,1.0,0,1,1,0,0.860160231590271,1.676515817642212,1.7476575794581906,FOLLOW_MAIN,cascade_pd_tracking,planner_hold,inner_wheel_pd,lidar_disabled,FOLLOW_MAIN,COMMITTED,HOLD,1,1,1,1,1,1,1,1.6063768863677979,1.198638677597046,0.8013060092926025,0.4053537845611572,9.703636169433594e-05,2.0120110511779785,0.026637493000180257,0.09826119200033645
1784803488.5730755,211.14469528198242,9.5,0.0095,9.5,0.024307500190273133,24.30750019027313,0.024307500190273133,24.30750019027313,0.068,0.1709405463880921,0.1709405463880921,-0.022803437845822817,-0.15526344676299497,0.018959850148413046,-0.0009121375138329127,0.12307719339942631,-0.004347376509363859,0.78,0.04,0.72,0.028,0.75,0.065,0.065,0.07147493311709979,0.12931515573504024,0.018124999478459358,-0.10258314714348193,-0.10258314714348193,-0.06861651118782133,-0.03806702520888917,-0.15760868787765503,0.07192436243218503,0.028763585910201075,0.09402065532337398,0.058075637567814975,0.007486413046717643,0.08395192813820454,0.043160776521983954,0.050589224521097334,0.13791201606366402,0.15934628002628376,0.02209629289118894,0.025876290570389558,nan,1.0,0.0,-3.3269999999999995,0.6541278094681658,1.8389999866485596,1.0,0,1,1,0,0.860160231590271,1.676515817642212,1.7476575794581906,FOLLOW_MAIN,cascade_pd_tracking,planner_hold,inner_wheel_pd,lidar_disabled,FOLLOW_MAIN,COMMITTED,HOLD,1,1,1,1,1,1,1,2.012777328491211,1.6050386428833008,1.2077059745788574,0.811753511428833,0.406496524810791,6.723403930664062e-05,0.026637493000180257,0.09826119200033645
1784803488.9760969,211.54771661758423,9.5,0.0095,9.5,0.024307500190273133,24.30750019027313,0.024307500190273133,24.30750019027313,0.068,0.1709405463880921,0.1709405463880921,-0.022803437845822817,-0.15526344676299497,0.018959850148413046,-0.0009121375138329127,0.12307719339942631,-0.004347376509363859,0.78,0.04,0.72,0.028,0.75,0.065,0.065,0.07147493311709979,0.12931515573504024,0.018124999478459358,-0.10258314714348193,-0.10258314714348193,-0.06861651118782133,-0.03806702520888917,-0.15760868787765503,0.07192436243218503,0.028763585910201075,0.09402065532337398,0.058075637567814975,0.007486413046717643,0.08395192813820454,0.043160776521983954,0.050589224521097334,0.13791201606366402,0.15934628002628376,0.02209629289118894,0.025876290570389558,nan,1.0,0.0,-3.3269999999999995,0.6541278094681658,1.8389999866485596,1.0,0,1,1,0,0.860160231590271,1.676515817642212,1.7476575794581906,FOLLOW_MAIN,cascade_pd_tracking,planner_hold,inner_wheel_pd,lidar_disabled,FOLLOW_MAIN,COMMITTED,HOLD,1,1,1,1,1,1,1,9.5367431640625e-05,2.008089780807495,1.6107573509216309,1.2148048877716064,0.8095483779907227,0.4031188488006592,0.026637493000180257,0.09826119200033645
1784803489.3613257,211.93294548988342,-13.200000000000001,-0.013200000000000002,-13.200000000000001,-0.009347826986208823,-9.347826986208823,0.0,0.0,-0.094,-0.06637083912173104,-0.06637083912173104,-0.001286804518682869,-0.05883286295671558,0.0,-5.147218074731476e-05,-0.04778700416764635,-0.0016473201627880364,0.78,0.04,0.72,0.028,1.0,0.12599742185261165,0.09491676759002664,0.09513311418290395,0.12931515573504024,0.04712499678134918,0.0494857965111817,0.0494857965111817,0.029806345081959798,-0.03806702520888917,0.09456521272659302,0.09157647632552188,0.040741844922304156,0.1162538485783325,0.0982570588545314,0.05350814864039421,0.12062760573709834,0.05083463140321772,0.04474891021413719,0.17060632276603852,0.13554609244877552,0.026106686301204888,0.022834937827273607,nan,1.0,0.0,1.106,0.8689477369145632,1.6430000066757202,1.0,0,1,1,0,0.8435570597648621,1.8435680866241455,1.6576627890546216,FOLLOW_MAIN,cascade_pd_tracking,follow_main,inner_wheel_pd,lidar_disabled,FOLLOW_MAIN,COMMITTED,UNKNOWN,1,2,1,1,1,1,2,0.3852989673614502,0.0001163482666015625,1.9959614276885986,1.6000092029571533,1.1947524547576904,0.788323163986206,0.024055542000041896,0.010720415999912802
1784803489.7667143,212.33833408355713,-13.200000000000001,-0.013200000000000002,-13.200000000000001,-0.009347826986208823,-9.347826986208823,0.0,0.0,-0.094,-0.06637083912173104,-0.06637083912173104,-0.001286804518682869,-0.05883286295671558,0.0,-5.147218074731476e-05,-0.04778700416764635,-0.0016473201627880364,0.78,0.04,0.72,0.028,1.0,0.12599742185261165,0.09491676759002664,0.09513311418290395,0.12931515573504024,0.04712499678134918,0.0494857965111817,0.0494857965111817,0.029806345081959798,-0.03806702520888917,0.09456521272659302,0.09157647632552188,0.040741844922304156,0.1162538485783325,0.0982570588545314,0.05350814864039421,0.12062760573709834,0.05083463140321772,0.04474891021413719,0.17060632276603852,0.13554609244877552,0.026106686301204888,0.022834937827273607,nan,1.0,0.0,1.106,0.8689477369145632,1.6430000066757202,1.0,0,1,1,0,0.8435570597648621,1.8435680866241455,1.6576627890546216,FOLLOW_MAIN,cascade_pd_tracking,follow_main,inner_wheel_pd,lidar_disabled,FOLLOW_MAIN,COMMITTED,UNKNOWN,1,2,1,1,1,1,2,0.7906923294067383,0.40550994873046875,8.177757263183594e-05,2.005402088165283,1.6001451015472412,1.1937158107757568,0.024055542000041896,0.010720415999912802
1784803490.1819427,212.75356245040894,-13.200000000000001,-0.013200000000000002,-13.200000000000001,-0.009347826986208823,-9.347826986208823,0.0,0.0,-0.094,-0.06637083912173104,-0.06637083912173104,-0.001286804518682869,-0.05883286295671558,0.0,-5.147218074731476e-05,-0.04778700416764635,-0.0016473201627880364,0.78,0.04,0.72,0.028,1.0,0.12599742185261165,0.09491676759002664,0.09513311418290395,0.10510401182405167,0.04712499678134918,0.0494857965111817,0.0494857965111817,0.029806345081959798,0.12905730470501647,0.09456521272659302,0.09157647632552188,0.040741844922304156,0.1162538485783325,0.0982570588545314,0.05350814864039421,0.12062760573709834,0.05083463140321772,0.04474891021413719,0.17060632276603852,0.13554609244877552,0.026106686301204888,0.022834937827273607,nan,1.0,0.0,1.106,0.8689477369145632,1.6430000066757202,1.0,0,1,1,0,0.8435570597648621,1.8435680866241455,1.6576627890546216,FOLLOW_MAIN,cascade_pd_tracking,follow_main,inner_wheel_pd,lidar_disabled,FOLLOW_MAIN,COMMITTED,UNKNOWN,1,2,1,1,1,1,2,1.2059180736541748,0.8207354545593262,0.41530752182006836,7.510185241699219e-05,2.015371084213257,1.6089417934417725,0.024055542000041896,0.010720415999912802
1784803490.5704505,213.1420702934265,-13.200000000000001,-0.013200000000000002,-13.200000000000001,-0.009347826986208823,-9.347826986208823,0.0,0.0,-0.094,-0.06637083912173104,-0.06637083912173104,-0.001286804518682869,-0.05883286295671558,0.0,-5.147218074731476e-05,-0.04778700416764635,-0.0016473201627880364,0.78,0.04,0.72,0.028,1.0,0.12599742185261165,0.09491676759002664,0.09513311418290395,0.10510401182405167,0.04712499678134918,0.0494857965111817,0.0494857965111817,0.029806345081959798,0.12905730470501647,0.09456521272659302,0.09157647632552188,0.040741844922304156,0.1162538485783325,0.0982570588545314,0.05350814864039421,0.12062760573709834,0.05083463140321772,0.04474891021413719,0.17060632276603852,0.13554609244877552,0.026106686301204888,0.022834937827273607,nan,1.0,0.0,1.106,0.8689477369145632,1.6430000066757202,1.0,0,1,1,0,0.8435570597648621,1.8435680866241455,1.6576627890546216,FOLLOW_MAIN,cascade_pd_tracking,follow_main,inner_wheel_pd,lidar_disabled,FOLLOW_MAIN,COMMITTED,UNKNOWN,1,2,1,1,1,1,2,1.5944342613220215,1.209251880645752,0.8038239479064941,0.3885915279388428,0.00012063980102539062,1.9974586963653564,0.024055542000041896,0.010720415999912802
1784803493.1409698,215.7125895023346,-13.200000000000001,-0.013200000000000002,-13.200000000000001,-0.009347826986208823,-9.347826986208823,0.0,0.0,-0.094,-0.06637083912173104,-0.06637083912173104,-0.001286804518682869,-0.05883286295671558,0.0,-5.147218074731476e-05,-0.04778700416764635,-0.0016473201627880364,0.78,0.04,0.72,0.028,1.0,0.12599742185261165,0.09491676759002664,0.09513311418290395,0.10510401182405167,0.04712499678134918,0.0494857965111817,0.0494857965111817,0.029806345081959798,0.12905730470501647,0.09456521272659302,0.09157647632552188,0.040741844922304156,0.1162538485783325,0.0982570588545314,0.05350814864039421,0.12062760573709834,0.05083463140321772,0.04474891021413719,0.17060632276603852,0.13554609244877552,0.026106686301204888,0.022834937827273607,nan,1.0,0.0,1.106,0.8689477369145632,1.6430000066757202,1.0,0,1,1,0,0.8435570597648621,1.8435680866241455,1.6576627890546216,FOLLOW_MAIN,cascade_pd_tracking,follow_main,inner_wheel_pd,lidar_disabled,FOLLOW_MAIN,COMMITTED,UNKNOWN,1,2,1,1,1,1,2,4.164943218231201,3.7797608375549316,3.374333143234253,2.9591007232666016,2.570629596710205,8.702278137207031e-05,0.024055542000041896,0.010720415999912802
1784803493.519471,216.0910906791687,-13.200000000000001,-0.013200000000000002,-13.200000000000001,-0.009347826986208823,-9.347826986208823,0.0,0.0,-0.094,-0.06637083912173104,-0.06637083912173104,-0.001286804518682869,-0.05883286295671558,0.0,-5.147218074731476e-05,-0.04778700416764635,-0.0016473201627880364,0.78,0.04,0.72,0.028,1.0,0.12599742185261165,0.09491676759002664,0.09513311418290395,0.10510401182405167,0.04712499678134918,0.0494857965111817,0.0494857965111817,0.029806345081959798,0.12905730470501647,0.09456521272659302,0.09157647632552188,0.040741844922304156,0.1162538485783325,0.0982570588545314,0.05350814864039421,0.12062760573709834,0.05083463140321772,0.04474891021413719,0.17060632276603852,0.13554609244877552,0.026106686301204888,0.022834937827273607,nan,1.0,0.0,1.106,0.8689477369145632,1.6430000066757202,1.0,0,1,1,0,0.8435570597648621,1.8435680866241455,1.6576627890546216,FOLLOW_MAIN,cascade_pd_tracking,follow_main,inner_wheel_pd,lidar_disabled,FOLLOW_MAIN,COMMITTED,UNKNOWN,1,2,1,1,1,1,2,8.96453857421875e-05,4.158268690109253,3.752840757369995,3.3376083374023438,2.9491374492645264,0.37859487533569336,0.024055542000041896,0.010720415999912802
1784803493.9006991,216.47231888771057,1.2000000000000002,0.0012000000000000001,1.2000000000000002,-0.00451001967286102,-4.51001967286102,0.0,0.0,0.008,-0.03244292104164829,-0.03244292104164829,0.01821840323926026,0.12016122242407026,0.0,0.0007287361295704104,-0.023358903149986766,0.0033645142278739674,0.78,0.04,0.72,0.028,1.0,0.12551722089322837,0.12551722089322837,0.10279858497444863,0.10510401182405167,0.11962500214576721,0.019265652792542387,0.019265652792542387,-0.019319868419635754,0.12905730470501647,0.09456522762775421,0.12421678932973175,0.1132418492808938,0.12940172863919444,0.12681765245672497,0.1260081550106406,0.12656674794718267,0.01097494004883795,0.0,-0.008303191397953685,-0.025090450954228682,0.005184939309462679,-0.0002509045095422868,nan,1.0,0.0,-1.6209999999999998,0.8656360061601956,1.99399995803833,1.0,0,1,1,0,0.749752402305603,2.255553722381592,2.0633475504907834,FOLLOW_MAIN,cascade_pd_tracking,follow_main,inner_wheel_pd,lidar_disabled,FOLLOW_MAIN,COMMITTED,UNKNOWN,1,2,1,1,1,1,2,0.38133740425109863,0.00014138221740722656,4.1340882778167725,3.718855857849121,3.3303847312927246,0.7598423957824707,0.01384223800005202,0.0011901510001735005
1784803494.3077893,216.87940907478333,1.2000000000000002,0.0012000000000000001,1.2000000000000002,-0.00451001967286102,-4.51001967286102,0.0,0.0,0.008,-0.03244292104164829,-0.03244292104164829,0.01821840323926026,0.12016122242407026,0.0,0.0007287361295704104,-0.023358903149986766,0.0033645142278739674,0.78,0.04,0.72,0.028,1.0,0.12551722089322837,0.12551722089322837,0.10279858497444863,0.10510401182405167,0.11962500214576721,0.019265652792542387,0.019265652792542387,-0.019319868419635754,0.12905730470501647,0.09456522762775421,0.12421678932973175,0.1132418492808938,0.12940172863919444,0.12681765245672497,0.1260081550106406,0.12656674794718267,0.01097494004883795,0.0,-0.008303191397953685,-0.025090450954228682,0.005184939309462679,-0.0002509045095422868,nan,1.0,0.0,-1.6209999999999998,0.8656360061601956,1.99399995803833,1.0,0,1,1,0,0.749752402305603,2.255553722381592,2.0633475504907834,FOLLOW_MAIN,cascade_pd_tracking,follow_main,inner_wheel_pd,lidar_disabled,FOLLOW_MAIN,COMMITTED,UNKNOWN,1,2,1,1,1,1,2,0.7884013652801514,0.40720534324645996,7.510185241699219e-05,4.125919818878174,3.7374489307403564,1.1669063568115234,0.01384223800005202,0.0011901510001735005
1784803494.6763797,217.24799942970276,1.2000000000000002,0.0012000000000000001,1.2000000000000002,-0.00451001967286102,-4.51001967286102,0.0,0.0,0.008,-0.03244292104164829,-0.03244292104164829,0.01821840323926026,0.12016122242407026,0.0,0.0007287361295704104,-0.023358903149986766,0.0033645142278739674,0.78,0.04,0.72,0.028,1.0,0.12551722089322837,0.12551722089322837,0.10279858497444863,0.09219675966341116,0.11962500214576721,0.019265652792542387,0.019265652792542387,-0.019319868419635754,-0.026029780757462855,0.09456522762775421,0.12421678932973175,0.1132418492808938,0.12940172863919444,0.12681765245672497,0.1260081550106406,0.12656674794718267,0.01097494004883795,0.0,-0.008303191397953685,-0.025090450954228682,0.005184939309462679,-0.0002509045095422868,nan,1.0,0.0,-1.6209999999999998,0.8656360061601956,1.99399995803833,1.0,0,1,1,0,0.749752402305603,2.255553722381592,2.0633475504907834,FOLLOW_MAIN,cascade_pd_tracking,follow_main,inner_wheel_pd,lidar_disabled,FOLLOW_MAIN,COMMITTED,UNKNOWN,1,2,1,1,1,1,2,1.1570277214050293,0.775831937789917,0.36873817443847656,0.00016188621520996094,4.106112718582153,1.5355703830718994,0.01384223800005202,0.0011901510001735005
1784803495.073807,217.6454267501831,1.2000000000000002,0.0012000000000000001,1.2000000000000002,-0.00451001967286102,-4.51001967286102,0.0,0.0,0.008,-0.03244292104164829,-0.03244292104164829,0.01821840323926026,0.12016122242407026,0.0,0.0007287361295704104,-0.023358903149986766,0.0033645142278739674,0.78,0.04,0.72,0.028,1.0,0.12551722089322837,0.12551722089322837,0.10279858497444863,0.09219675966341116,0.11962500214576721,0.019265652792542387,0.019265652792542387,-0.019319868419635754,-0.026029780757462855,0.09456522762775421,0.12421678932973175,0.1132418492808938,0.12940172863919444,0.12681765245672497,0.1260081550106406,0.12656674794718267,0.01097494004883795,0.0,-0.008303191397953685,-0.025090450954228682,0.005184939309462679,-0.0002509045095422868,nan,1.0,0.0,-1.6209999999999998,0.8656360061601956,1.99399995803833,1.0,0,1,1,0,0.749752402305603,2.255553722381592,2.0633475504907834,FOLLOW_MAIN,cascade_pd_tracking,follow_main,inner_wheel_pd,lidar_disabled,FOLLOW_MAIN,COMMITTED,UNKNOWN,1,2,1,1,1,1,2,1.5544545650482178,1.1732587814331055,0.7661285400390625,0.3975512981414795,0.00011444091796875,1.9329590797424316,0.01384223800005202,0.0011901510001735005
1784803495.4736724,218.04529213905334,1.2000000000000002,0.0012000000000000001,1.2000000000000002,-0.00451001967286102,-4.51001967286102,0.0,0.0,0.008,-0.03244292104164829,-0.03244292104164829,0.01821840323926026,0.12016122242407026,0.0,0.0007287361295704104,-0.023358903149986766,0.0033645142278739674,0.78,0.04,0.72,0.028,1.0,0.12551722089322837,0.12551722089322837,0.10279858497444863,0.09219675966341116,0.11962500214576721,0.019265652792542387,0.019265652792542387,-0.019319868419635754,-0.026029780757462855,0.09456522762775421,0.12421678932973175,0.1132418492808938,0.12940172863919444,0.12681765245672497,0.1260081550106406,0.12656674794718267,0.01097494004883795,0.0,-0.008303191397953685,-0.025090450954228682,0.005184939309462679,-0.0002509045095422868,nan,1.0,0.0,-1.6209999999999998,0.8656360061601956,1.99399995803833,1.0,0,1,1,0,0.749752402305603,2.255553722381592,2.0633475504907834,FOLLOW_MAIN,cascade_pd_tracking,follow_main,inner_wheel_pd,lidar_disabled,FOLLOW_MAIN,COMMITTED,UNKNOWN,1,2,1,1,1,1,2,1.9542810916900635,1.573085069656372,1.1659550666809082,0.7973780632019043,0.39994096755981445,7.534027099609375e-05,0.01384223800005202,0.0011901510001735005
1784803495.8899124,218.46153211593628,1.2000000000000002,0.0012000000000000001,1.2000000000000002,-0.00451001967286102,-4.51001967286102,0.0,0.0,0.008,-0.03244292104164829,-0.03244292104164829,0.01821840323926026,0.12016122242407026,0.0,0.0007287361295704104,-0.023358903149986766,0.0033645142278739674,0.78,0.04,0.72,0.028,1.0,0.12551722089322837,0.12551722089322837,0.10279858497444863,0.09219675966341116,0.11962500214576721,0.019265652792542387,0.019265652792542387,-0.019319868419635754,-0.026029780757462855,0.09456522762775421,0.12421678932973175,0.1132418492808938,0.12940172863919444,0.12681765245672497,0.1260081550106406,0.12656674794718267,0.01097494004883795,0.0,-0.008303191397953685,-0.025090450954228682,0.005184939309462679,-0.0002509045095422868,nan,1.0,0.0,-1.6209999999999998,0.8656360061601956,1.99399995803833,1.0,0,1,1,0,0.749752402305603,2.255553722381592,2.0633475504907834,FOLLOW_MAIN,cascade_pd_tracking,follow_main,inner_wheel_pd,lidar_disabled,FOLLOW_MAIN,COMMITTED,UNKNOWN,1,2,1,1,1,1,2,6.67572021484375e-05,1.9893245697021484,1.5821943283081055,1.2136170864105225,0.8161802291870117,0.41631460189819336,0.01384223800005202,0.0011901510001735005
1784803496.3020964,218.87371611595154,-6.6000000000000005,-0.006600000000000001,-6.6000000000000005,-0.002949657074997138,-2.949657074997138,0.0,0.0,-0.047,-0.021099550480551496,-0.021099550480551496,0.0002273824091490685,-0.04375148241235795,0.0,9.095296365962741e-06,-0.015191676345997076,-0.0012250415075460226,0.78,0.04,0.72,0.028,1.0,0.10586123889045072,0.10586123889045072,0.0849746153195795,0.09219675966341116,0.10512499511241913,0.016407622557177138,0.011899252199964393,-0.030292943965694215,-0.026029780757462855,0.09456522762775421,0.10505803936695313,0.09874184224754572,0.10801597620079428,0.10666443841394832,0.11150814797729254,0.10357081594495872,0.00631619711940741,-0.00484370956334422,-0.007383778347439536,-0.07686418785843749,0.0029579368338411615,-0.0030936224689896005,nan,1.0,0.0,-4.208,0.7300775095893154,1.781999945640564,1.0,0,1,1,0,0.6303114295005798,2.447746753692627,2.1059333538947516,FOLLOW_MAIN,cascade_pd_tracking,follow_main,inner_wheel_pd,lidar_disabled,FOLLOW_MAIN,COMMITTED,UNKNOWN,1,2,1,1,1,1,2,0.4122481346130371,7.987022399902344e-05,1.9943761825561523,1.6257989406585693,1.2283618450164795,0.8284962177276611,0.0015827260003788979,0.04216288399993573
1784803496.71182,219.28343963623047,-6.6000000000000005,-0.006600000000000001,-6.6000000000000005,-0.002949657074997138,-2.949657074997138,0.0,0.0,-0.047,-0.021099550480551496,-0.021099550480551496,0.0002273824091490685,-0.04375148241235795,0.0,9.095296365962741e-06,-0.015191676345997076,-0.0012250415075460226,0.78,0.04,0.72,0.028,1.0,0.10586123889045072,0.10586123889045072,0.0849746153195795,0.09219675966341116,0.10512499511241913,0.016407622557177138,0.011899252199964393,-0.030292943965694215,-0.026029780757462855,0.09456522762775421,0.10505803936695313,0.09874184224754572,0.10801597620079428,0.10666443841394832,0.11150814797729254,0.10357081594495872,0.00631619711940741,-0.00484370956334422,-0.007383778347439536,-0.07686418785843749,0.0029579368338411615,-0.0030936224689896005,nan,1.0,0.0,-4.208,0.7300775095893154,1.781999945640564,1.0,0,1,1,0,0.6303114295005798,2.447746753692627,2.1059333538947516,FOLLOW_MAIN,cascade_pd_tracking,follow_main,inner_wheel_pd,lidar_disabled,FOLLOW_MAIN,COMMITTED,UNKNOWN,1,2,1,1,1,1,2,0.8220138549804688,0.40984535217285156,0.0001163482666015625,2.03556489944458,1.6381280422210693,1.238262414932251,0.0015827260003788979,0.04216288399993573
1784803497.1162033,219.68782305717468,-6.6000000000000005,-0.006600000000000001,-6.6000000000000005,-0.002949657074997138,-2.949657074997138,0.0,0.0,-0.047,-0.021099550480551496,-0.021099550480551496,0.0002273824091490685,-0.04375148241235795,0.0,9.095296365962741e-06,-0.015191676345997076,-0.0012250415075460226,0.78,0.04,0.72,0.028,1.0,0.10586123889045072,0.10586123889045072,0.0849746153195795,0.09888109220774936,0.10512499511241913,0.016407622557177138,0.011899252199964393,-0.030292943965694215,0.08600927424157058,0.09456522762775421,0.10505803936695313,0.09874184224754572,0.10801597620079428,0.10666443841394832,0.11150814797729254,0.10357081594495872,0.00631619711940741,-0.00484370956334422,-0.007383778347439536,-0.07686418785843749,0.0029579368338411615,-0.0030936224689896005,nan,1.0,0.0,-4.208,0.7300775095893154,1.781999945640564,1.0,0,1,1,0,0.6303114295005798,2.447746753692627,2.1059333538947516,FOLLOW_MAIN,cascade_pd_tracking,follow_main,inner_wheel_pd,lidar_disabled,FOLLOW_MAIN,COMMITTED,UNKNOWN,1,2,1,1,1,1,2,1.226360559463501,0.8141920566558838,0.4044628143310547,7.081031799316406e-05,2.042473793029785,1.6426081657409668,0.0015827260003788979,0.04216288399993573
1784803497.5203319,220.09195160865784,-6.6000000000000005,-0.006600000000000001,-6.6000000000000005,-0.002949657074997138,-2.949657074997138,0.0,0.0,-0.047,-0.021099550480551496,-0.021099550480551496,0.0002273824091490685,-0.04375148241235795,0.0,9.095296365962741e-06,-0.015191676345997076,-0.0012250415075460226,0.78,0.04,0.72,0.028,1.0,0.10586123889045072,0.10586123889045072,0.0849746153195795,0.09888109220774936,0.10512499511241913,0.016407622557177138,0.011899252199964393,-0.030292943965694215,0.08600927424157058,0.09456522762775421,0.10505803936695313,0.09874184224754572,0.10801597620079428,0.10666443841394832,0.11150814797729254,0.10357081594495872,0.00631619711940741,-0.00484370956334422,-0.007383778347439536,-0.07686418785843749,0.0029579368338411615,-0.0030936224689896005,nan,1.0,0.0,-4.208,0.7300775095893154,1.781999945640564,1.0,0,1,1,0,0.6303114295005798,2.447746753692627,2.1059333538947516,FOLLOW_MAIN,cascade_pd_tracking,follow_main,inner_wheel_pd,lidar_disabled,FOLLOW_MAIN,COMMITTED,UNKNOWN,1,2,1,1,1,1,2,1.6304914951324463,1.2183232307434082,0.8085939884185791,0.4042022228240967,8.726119995117188e-05,2.0467398166656494,0.0015827260003788979,0.04216288399993573
1784803497.914044,220.48566365242004,-6.6000000000000005,-0.006600000000000001,-6.6000000000000005,-0.002949657074997138,-2.949657074997138,0.0,0.0,-0.047,-0.021099550480551496,-0.021099550480551496,0.0002273824091490685,-0.04375148241235795,0.0,9.095296365962741e-06,-0.015191676345997076,-0.0012250415075460226,0.78,0.04,0.72,0.028,1.0,0.10586123889045072,0.10586123889045072,0.0849746153195795,0.09888109220774936,0.10512499511241913,0.016407622557177138,0.011899252199964393,-0.030292943965694215,0.08600927424157058,0.09456522762775421,0.10505803936695313,0.09874184224754572,0.10801597620079428,0.10666443841394832,0.11150814797729254,0.10357081594495872,0.00631619711940741,-0.00484370956334422,-0.007383778347439536,-0.07686418785843749,0.0029579368338411615,-0.0030936224689896005,nan,1.0,0.0,-4.208,0.7300775095893154,1.781999945640564,1.0,0,1,1,0,0.6303114295005798,2.447746753692627,2.1059333538947516,FOLLOW_MAIN,cascade_pd_tracking,follow_main,inner_wheel_pd,lidar_disabled,FOLLOW_MAIN,COMMITTED,UNKNOWN,1,2,1,1,1,1,2,2.024207592010498,1.6120390892028809,1.2023098468780518,0.7979178428649902,0.39380335807800293,8.606910705566406e-05,0.0015827260003788979,0.04216288399993573
1784803498.3375676,220.90918731689453,-6.6000000000000005,-0.006600000000000001,-6.6000000000000005,-0.002949657074997138,-2.949657074997138,0.0,0.0,-0.047,-0.021099550480551496,-0.021099550480551496,0.0002273824091490685,-0.04375148241235795,0.0,9.095296365962741e-06,-0.015191676345997076,-0.0012250415075460226,0.78,0.04,0.72,0.028,1.0,0.10586123889045072,0.10586123889045072,0.0849746153195795,0.09888109220774936,0.10512499511241913,0.016407622557177138,0.011899252199964393,-0.030292943965694215,0.08600927424157058,0.09456522762775421,0.10505803936695313,0.09874184224754572,0.10801597620079428,0.10666443841394832,0.11150814797729254,0.10357081594495872,0.00631619711940741,-0.00484370956334422,-0.007383778347439536,-0.07686418785843749,0.0029579368338411615,-0.0030936224689896005,nan,1.0,0.0,-4.208,0.7300775095893154,1.781999945640564,1.0,0,1,1,0,0.6303114295005798,2.447746753692627,2.1059333538947516,FOLLOW_MAIN,cascade_pd_tracking,follow_main,inner_wheel_pd,lidar_disabled,FOLLOW_MAIN,COMMITTED,UNKNOWN,1,2,1,1,1,1,2,7.43865966796875e-05,2.0355546474456787,1.6258258819580078,1.2214338779449463,0.8173186779022217,0.4236013889312744,0.0015827260003788979,0.04216288399993573
1784803498.7408578,221.31247758865356,-33.4,-0.0334,-33.4,-0.028381331483689938,-28.381331483689937,-0.028381331483689938,-28.381331483689937,-0.234,-0.19985595919612964,-0.19985595919612964,-0.011448063401711284,-0.07514314388823719,-0.022137438557278153,-0.00045792253606845133,-0.14389629062121334,-0.002104008028870641,0.78,0.04,0.72,0.028,0.75,0.065,0.065,0.04432293593962771,0.09888109220774936,0.0833749994635582,0.12644674480757295,0.12644674480757295,0.15830471010309563,0.08600927424157058,0.03152172267436981,0.05646484472548883,0.08124728318303824,0.04356730749270721,0.07353515527451118,0.08550271574407815,0.0667968029969658,-0.024782438457549412,-0.01196756046956697,-0.10019667731579027,-0.0993923252153229,-0.01289753723278162,-0.006738352277545375,nan,1.0,0.0,-0.961,0.7473730962621564,1.5959999561309814,1.0,0,1,1,0,0.5251317024230957,2.6142630577087402,2.2010025531631108,FOLLOW_MAIN,cascade_pd_tracking,planner_hold,inner_wheel_pd,lidar_disabled,FOLLOW_MAIN,COMMITTED,HOLD,1,1,1,1,1,1,1,0.40335655212402344,6.794929504394531e-05,2.0291080474853516,1.62471604347229,1.2206006050109863,0.8268833160400391,0.000802817000021605,0.050557331000163686
1784803499.1316707,221.7032904624939,-33.4,-0.0334,-33.4,-0.028381331483689938,-28.381331483689937,-0.028381331483689938,-28.381331483689937,-0.234,-0.19985595919612964,-0.19985595919612964,-0.011448063401711284,-0.07514314388823719,-0.022137438557278153,-0.00045792253606845133,-0.14389629062121334,-0.002104008028870641,0.78,0.04,0.72,0.028,0.75,0.065,0.065,0.04432293593962771,0.09888109220774936,0.0833749994635582,0.12644674480757295,0.12644674480757295,0.15830471010309563,0.08600927424157058,0.03152172267436981,0.05646484472548883,0.08124728318303824,0.04356730749270721,0.07353515527451118,0.08550271574407815,0.0667968029969658,-0.024782438457549412,-0.01196756046956697,-0.10019667731579027,-0.0993923252153229,-0.01289753723278162,-0.006738352277545375,nan,1.0,0.0,-0.961,0.7473730962621564,1.5959999561309814,1.0,0,1,1,0,0.5251317024230957,2.6142630577087402,2.2010025531631108,FOLLOW_MAIN,cascade_pd_tracking,planner_hold,inner_wheel_pd,lidar_disabled,FOLLOW_MAIN,COMMITTED,HOLD,1,1,1,1,1,1,1,0.7941758632659912,0.3908872604370117,6.556510925292969e-05,2.0155351161956787,1.611419916152954,1.2177026271820068,0.000802817000021605,0.050557331000163686
1784803499.5383575,222.1099772453308,-33.4,-0.0334,-33.4,-0.028381331483689938,-28.381331483689937,-0.028381331483689938,-28.381331483689937,-0.234,-0.19985595919612964,-0.19985595919612964,-0.011448063401711284,-0.07514314388823719,-0.022137438557278153,-0.00045792253606845133,-0.14389629062121334,-0.002104008028870641,0.78,0.04,0.72,0.028,0.75,0.065,0.065,0.04432293593962771,0.044174992393551236,0.0833749994635582,0.12644674480757295,0.12644674480757295,0.15830471010309563,0.18937957982739148,0.03152172267436981,0.05646484472548883,0.08124728318303824,0.04356730749270721,0.07353515527451118,0.08550271574407815,0.0667968029969658,-0.024782438457549412,-0.01196756046956697,-0.10019667731579027,-0.0993923252153229,-0.01289753723278162,-0.006738352277545375,nan,1.0,0.0,-0.961,0.7473730962621564,1.5959999561309814,1.0,0,1,1,0,0.5251317024230957,2.6142630577087402,2.2010025531631108,FOLLOW_MAIN,cascade_pd_tracking,planner_hold,inner_wheel_pd,lidar_disabled,FOLLOW_MAIN,COMMITTED,HOLD,1,1,1,1,1,1,1,1.200873613357544,0.7975845336914062,0.40676331520080566,8.606910705566406e-05,2.018117904663086,1.6244006156921387,0.000802817000021605,0.050557331000163686
1784803499.9296925,222.50131225585938,-33.4,-0.0334,-33.4,-0.028381331483689938,-28.381331483689937,-0.028381331483689938,-28.381331483689937,-0.234,-0.19985595919612964,-0.19985595919612964,-0.011448063401711284,-0.07514314388823719,-0.022137438557278153,-0.00045792253606845133,-0.14389629062121334,-0.002104008028870641,0.78,0.04,0.72,0.028,0.75,0.065,0.065,0.04432293593962771,0.044174992393551236,0.0833749994635582,0.12644674480757295,0.12644674480757295,0.15830471010309563,0.18937957982739148,0.03152172267436981,0.05646484472548883,0.08124728318303824,0.04356730749270721,0.07353515527451118,0.08550271574407815,0.0667968029969658,-0.024782438457549412,-0.01196756046956697,-0.10019667731579027,-0.0993923252153229,-0.01289753723278162,-0.006738352277545375,nan,1.0,0.0,-0.961,0.7473730962621564,1.5959999561309814,1.0,0,1,1,0,0.5251317024230957,2.6142630577087402,2.2010025531631108,FOLLOW_MAIN,cascade_pd_tracking,planner_hold,inner_wheel_pd,lidar_disabled,FOLLOW_MAIN,COMMITTED,HOLD,1,1,1,1,1,1,1,1.5921962261199951,1.1889076232910156,0.7980859279632568,0.39140868186950684,6.961822509765625e-05,2.0157227516174316,0.000802817000021605,0.050557331000163686
1784803500.3383787,222.90999841690063,-33.4,-0.0334,-33.4,-0.028381331483689938,-28.381331483689937,-0.028381331483689938,-28.381331483689937,-0.234,-0.19985595919612964,-0.19985595919612964,-0.011448063401711284,-0.07514314388823719,-0.022137438557278153,-0.00045792253606845133,-0.14389629062121334,-0.002104008028870641,0.78,0.04,0.72,0.028,0.75,0.065,0.065,0.04432293593962771,0.044174992393551236,0.0833749994635582,0.12644674480757295,0.12644674480757295,0.15830471010309563,0.18937957982739148,0.03152172267436981,0.05646484472548883,0.08124728318303824,0.04356730749270721,0.07353515527451118,0.08550271574407815,0.0667968029969658,-0.024782438457549412,-0.01196756046956697,-0.10019667731579027,-0.0993923252153229,-0.01289753723278162,-0.006738352277545375,nan,1.0,0.0,-0.961,0.7473730962621564,1.5959999561309814,1.0,0,1,1,0,0.5251317024230957,2.6142630577087402,2.2010025531631108,FOLLOW_MAIN,cascade_pd_tracking,planner_hold,inner_wheel_pd,lidar_disabled,FOLLOW_MAIN,COMMITTED,HOLD,1,1,1,1,1,1,1,2.000904083251953,1.5976152420043945,1.206794023513794,0.800117015838623,0.40877842903137207,0.00010728836059570312,0.000802817000021605,0.050557331000163686
1784803500.7270749,223.2986946105957,-33.4,-0.0334,-33.4,-0.028381331483689938,-28.381331483689937,-0.028381331483689938,-28.381331483689937,-0.234,-0.19985595919612964,-0.19985595919612964,-0.011448063401711284,-0.07514314388823719,-0.022137438557278153,-0.00045792253606845133,-0.14389629062121334,-0.002104008028870641,0.78,0.04,0.72,0.028,0.75,0.065,0.065,0.04432293593962771,0.044174992393551236,0.0833749994635582,0.12644674480757295,0.12644674480757295,0.15830471010309563,0.18937957982739148,0.03152172267436981,0.05646484472548883,0.08124728318303824,0.04356730749270721,0.07353515527451118,0.08550271574407815,0.0667968029969658,-0.024782438457549412,-0.01196756046956697,-0.10019667731579027,-0.0993923252153229,-0.01289753723278162,-0.006738352277545375,nan,1.0,0.0,-0.961,0.7473730962621564,1.5959999561309814,1.0,0,1,1,0,0.5251317024230957,2.6142630577087402,2.2010025531631108,FOLLOW_MAIN,cascade_pd_tracking,planner_hold,inner_wheel_pd,lidar_disabled,FOLLOW_MAIN,COMMITTED,HOLD,1,1,1,1,1,1,1,0.00010180473327636719,1.986323595046997,1.5955026149749756,1.1888253688812256,0.7974867820739746,0.38881540298461914,0.000802817000021605,0.050557331000163686
1784803501.106912,223.67853164672852,-31.400000000000006,-0.031400000000000004,-31.400000000000006,-0.03433786047025077,-34.33786047025077,-0.03433786047025077,-34.33786047025077,-0.22,-0.2404114825003553,-0.2404114825003553,0.007452552602762695,0.04924584931285992,-0.026783531166795597,0.0002981021041105078,-0.1730962674002558,0.0013788837807600777,0.78,0.04,0.72,0.028,1.0,0.10400275627983835,0.07281481285996962,0.040619168696887406,0.044174992393551236,0.0833749994635582,0.19820281268218082,0.17815852306848942,0.19573391420905764,0.18937957982739148,0.15760870277881622,0.06078911255284658,0.0727364120259881,0.036209952843808096,0.08484051316709265,0.0940135869011283,0.06493177721144155,-0.01194729947314152,-0.009173073734035642,-0.017436888730652828,-0.04457337193344091,-0.005909072634414458,-0.004848809111671517,nan,1.0,0.0,-0.896,0.7172603881368163,2.6640000343322754,1.0,0,1,1,0,0.4250600337982178,2.7144312858581543,2.558774713426671,FOLLOW_MAIN,cascade_pd_tracking,follow_main,inner_wheel_pd,lidar_disabled,FOLLOW_MAIN,COMMITTED,UNKNOWN,1,2,1,1,1,1,2,0.3799123764038086,9.918212890625e-05,1.9753131866455078,1.568636178970337,1.1772971153259277,0.7686259746551514,0.029007776000071317,0.014594536000004155
1784803501.4916112,224.06323099136353,-31.400000000000006,-0.031400000000000004,-31.400000000000006,-0.03433786047025077,-34.33786047025077,-0.03433786047025077,-34.33786047025077,-0.22,-0.2404114825003553,-0.2404114825003553,0.007452552602762695,0.04924584931285992,-0.026783531166795597,0.0002981021041105078,-0.1730962674002558,0.0013788837807600777,0.78,0.04,0.72,0.028,1.0,0.10400275627983835,0.07281481285996962,0.040619168696887406,0.044174992393551236,0.0833749994635582,0.19820281268218082,0.17815852306848942,0.19573391420905764,0.18937957982739148,0.15760870277881622,0.06078911255284658,0.0727364120259881,0.036209952843808096,0.08484051316709265,0.0940135869011283,0.06493177721144155,-0.01194729947314152,-0.009173073734035642,-0.017436888730652828,-0.04457337193344091,-0.005909072634414458,-0.004848809111671517,nan,1.0,0.0,-0.896,0.7172603881368163,2.6640000343322754,1.0,0,1,1,0,0.4250600337982178,2.7144312858581543,2.558774713426671,FOLLOW_MAIN,cascade_pd_tracking,follow_main,inner_wheel_pd,lidar_disabled,FOLLOW_MAIN,COMMITTED,UNKNOWN,1,2,1,1,1,1,2,0.7646059989929199,0.3847925662994385,6.604194641113281e-05,1.9533288478851318,1.5619900226593018,1.1533186435699463,0.029007776000071317,0.014594536000004155
1784803501.8832362,224.45485591888428,-31.400000000000006,-0.031400000000000004,-31.400000000000006,-0.03433786047025077,-34.33786047025077,-0.03433786047025077,-34.33786047025077,-0.22,-0.2404114825003553,-0.2404114825003553,0.007452552602762695,0.04924584931285992,-0.026783531166795597,0.0002981021041105078,-0.1730962674002558,0.0013788837807600777,0.78,0.04,0.72,0.028,1.0,0.10400275627983835,0.07281481285996962,0.040619168696887406,0.028963699613648648,0.0833749994635582,0.19820281268218082,0.17815852306848942,0.19573391420905764,0.1984601272717648,0.15760870277881622,0.06078911255284658,0.0727364120259881,0.036209952843808096,0.08484051316709265,0.0940135869011283,0.06493177721144155,-0.01194729947314152,-0.009173073734035642,-0.017436888730652828,-0.04457337193344091,-0.005909072634414458,-0.004848809111671517,nan,1.0,0.0,-0.896,0.7172603881368163,2.6640000343322754,1.0,0,1,1,0,0.4250600337982178,2.7144312858581543,2.558774713426671,FOLLOW_MAIN,cascade_pd_tracking,follow_main,inner_wheel_pd,lidar_disabled,FOLLOW_MAIN,COMMITTED,UNKNOWN,1,2,1,1,1,1,2,1.1562323570251465,0.776418924331665,0.3916928768157959,7.081031799316406e-05,1.9536168575286865,1.5449459552764893,0.029007776000071317,0.014594536000004155
1784803502.288844,224.86046385765076,-31.400000000000006,-0.031400000000000004,-31.400000000000006,-0.03433786047025077,-34.33786047025077,-0.03433786047025077,-34.33786047025077,-0.22,-0.2404114825003553,-0.2404114825003553,0.007452552602762695,0.04924584931285992,-0.026783531166795597,0.0002981021041105078,-0.1730962674002558,0.0013788837807600777,0.78,0.04,0.72,0.028,1.0,0.10400275627983835,0.07281481285996962,0.040619168696887406,0.028963699613648648,0.0833749994635582,0.19820281268218082,0.17815852306848942,0.19573391420905764,0.1984601272717648,0.15760870277881622,0.06078911255284658,0.0727364120259881,0.036209952843808096,0.08484051316709265,0.0940135869011283,0.06493177721144155,-0.01194729947314152,-0.009173073734035642,-0.017436888730652828,-0.04457337193344091,-0.005909072634414458,-0.004848809111671517,nan,1.0,0.0,-0.896,0.7172603881368163,2.6640000343322754,1.0,0,1,1,0,0.4250600337982178,2.7144312858581543,2.558774713426671,FOLLOW_MAIN,cascade_pd_tracking,follow_main,inner_wheel_pd,lidar_disabled,FOLLOW_MAIN,COMMITTED,UNKNOWN,1,2,1,1,1,1,2,1.5618398189544678,1.1820266246795654,0.7973005771636963,0.40567874908447266,8.082389831542969e-05,1.9505531787872314,0.029007776000071317,0.014594536000004155
1784803502.668645,225.24026465415955,-31.400000000000006,-0.031400000000000004,-31.400000000000006,-0.03433786047025077,-34.33786047025077,-0.03433786047025077,-34.33786047025077,-0.22,-0.2404114825003553,-0.2404114825003553,0.007452552602762695,0.04924584931285992,-0.026783531166795597,0.0002981021041105078,-0.1730962674002558,0.0013788837807600777,0.78,0.04,0.72,0.028,1.0,0.10400275627983835,0.07281481285996962,0.040619168696887406,0.028963699613648648,0.0833749994635582,0.19820281268218082,0.17815852306848942,0.19573391420905764,0.1984601272717648,0.15760870277881622,0.06078911255284658,0.0727364120259881,0.036209952843808096,0.08484051316709265,0.0940135869011283,0.06493177721144155,-0.01194729947314152,-0.009173073734035642,-0.017436888730652828,-0.04457337193344091,-0.005909072634414458,-0.004848809111671517,nan,1.0,0.0,-0.896,0.7172603881368163,2.6640000343322754,1.0,0,1,1,0,0.4250600337982178,2.7144312858581543,2.558774713426671,FOLLOW_MAIN,cascade_pd_tracking,follow_main,inner_wheel_pd,lidar_disabled,FOLLOW_MAIN,COMMITTED,UNKNOWN,1,2,1,1,1,1,2,1.9416513442993164,1.561838150024414,1.177112102508545,0.7854902744293213,0.37989306449890137,0.00013113021850585938,0.029007776000071317,0.014594536000004155
1784803503.0630913,225.63471102714539,-31.400000000000006,-0.031400000000000004,-31.400000000000006,-0.03433786047025077,-34.33786047025077,-0.03433786047025077,-34.33786047025077,-0.22,-0.2404114825003553,-0.2404114825003553,0.007452552602762695,0.04924584931285992,-0.026783531166795597,0.0002981021041105078,-0.1730962674002558,0.0013788837807600777,0.78,0.04,0.72,0.028,1.0,0.10400275627983835,0.07281481285996962,0.040619168696887406,0.028963699613648648,0.0833749994635582,0.19820281268218082,0.17815852306848942,0.19573391420905764,0.1984601272717648,0.15760870277881622,0.06078911255284658,0.0727364120259881,0.036209952843808096,0.08484051316709265,0.0940135869011283,0.06493177721144155,-0.01194729947314152,-0.009173073734035642,-0.017436888730652828,-0.04457337193344091,-0.005909072634414458,-0.004848809111671517,nan,1.0,0.0,-0.896,0.7172603881368163,2.6640000343322754,1.0,0,1,1,0,0.4250600337982178,2.7144312858581543,2.558774713426671,FOLLOW_MAIN,cascade_pd_tracking,follow_main,inner_wheel_pd,lidar_disabled,FOLLOW_MAIN,COMMITTED,UNKNOWN,1,2,1,1,1,1,2,9.775161743164062e-05,1.9563026428222656,1.5715763568878174,1.1799547672271729,0.7743568420410156,0.3945949077606201,0.029007776000071317,0.014594536000004155
1784803503.4508522,226.02247190475464,-22.0,-0.022,-22.0,-0.021750929948999846,-21.750929948999847,-0.021750929948999846,-21.750929948999847,-0.156,-0.15410792096334228,-0.15410792096334228,0.002141142286085516,0.014587074006418949,-0.01696572536021988,8.564569144342064e-05,-0.11095770309360643,0.00040843807217973057,0.78,0.04,0.72,0.028,1.0,0.11019374135195804,0.0757953072199325,0.047205616233770654,0.028963699613648648,0.10512499511241913,0.12742934469020317,0.12742934469020317,0.10302704185757967,0.1984601272717648,0.15760870277881622,0.06719382645334378,0.09448640767484903,0.051211942944319876,0.08439678798652121,0.11576358254998922,0.06633004147776907,-0.027292581221505255,-0.03136679456346801,-0.28814445227013785,-0.3010685118287504,-0.0159818835090239,-0.01806674650875215,nan,1.0,0.0,-1.4569999999999999,0.7599568369100556,2.5399999618530273,1.0,0,1,1,0,0.3103209137916565,2.76227068901062,2.8969085106738497,FOLLOW_MAIN,cascade_pd_tracking,follow_main,inner_wheel_pd,lidar_disabled,FOLLOW_MAIN,COMMITTED,UNKNOWN,1,2,1,1,1,1,2,0.38782310485839844,6.771087646484375e-05,1.959301471710205,1.5676794052124023,1.1620814800262451,0.7823195457458496,0.04437607499994556,0.019891067999651568
1784803503.8272092,226.39882898330688,-22.0,-0.022,-22.0,-0.021750929948999846,-21.750929948999847,-0.021750929948999846,-21.750929948999847,-0.156,-0.15410792096334228,-0.15410792096334228,0.002141142286085516,0.014587074006418949,-0.01696572536021988,8.564569144342064e-05,-0.11095770309360643,0.00040843807217973057,0.78,0.04,0.72,0.028,1.0,0.11019374135195804,0.0757953072199325,0.047205616233770654,0.028963699613648648,0.10512499511241913,0.12742934469020317,0.12742934469020317,0.10302704185757967,0.1984601272717648,0.15760870277881622,0.06719382645334378,0.09448640767484903,0.051211942944319876,0.08439678798652121,0.11576358254998922,0.06633004147776907,-0.027292581221505255,-0.03136679456346801,-0.28814445227013785,-0.3010685118287504,-0.0159818835090239,-0.01806674650875215,nan,1.0,0.0,-1.4569999999999999,0.7599568369100556,2.5399999618530273,1.0,0,1,1,0,0.3103209137916565,2.76227068901062,2.8969085106738497,FOLLOW_MAIN,cascade_pd_tracking,follow_main,inner_wheel_pd,lidar_disabled,FOLLOW_MAIN,COMMITTED,UNKNOWN,1,2,1,1,1,1,2,0.7641868591308594,0.3764317035675049,6.890296936035156e-05,1.9440433979034424,1.5384454727172852,1.1586835384368896,0.04437607499994556,0.019891067999651568
1784803504.2158356,226.78745532035828,-22.0,-0.022,-22.0,-0.021750929948999846,-21.750929948999847,-0.021750929948999846,-21.750929948999847,-0.156,-0.15410792096334228,-0.15410792096334228,0.002141142286085516,0.014587074006418949,-0.01696572536021988,8.564569144342064e-05,-0.11095770309360643,0.00040843807217973057,0.78,0.04,0.72,0.028,1.0,0.11019374135195804,0.0757953072199325,0.047205616233770654,0.061385438538299746,0.10512499511241913,0.12742934469020317,0.12742934469020317,0.10302704185757967,-0.024084987770442667,0.15760870277881622,0.06719382645334378,0.09448640767484903,0.051211942944319876,0.08439678798652121,0.11576358254998922,0.06633004147776907,-0.027292581221505255,-0.03136679456346801,-0.28814445227013785,-0.3010685118287504,-0.0159818835090239,-0.01806674650875215,nan,1.0,0.0,-1.4569999999999999,0.7599568369100556,2.5399999618530273,1.0,0,1,1,0,0.3103209137916565,2.76227068901062,2.8969085106738497,FOLLOW_MAIN,cascade_pd_tracking,follow_main,inner_wheel_pd,lidar_disabled,FOLLOW_MAIN,COMMITTED,UNKNOWN,1,2,1,1,1,1,2,1.1528401374816895,0.7650852203369141,0.38872218132019043,9.441375732421875e-05,1.9270987510681152,1.5473368167877197,0.04437607499994556,0.019891067999651568
1784803504.6036317,227.17525148391724,-22.0,-0.022,-22.0,-0.021750929948999846,-21.750929948999847,-0.021750929948999846,-21.750929948999847,-0.156,-0.15410792096334228,-0.15410792096334228,0.002141142286085516,0.014587074006418949,-0.01696572536021988,8.564569144342064e-05,-0.11095770309360643,0.00040843807217973057,0.78,0.04,0.72,0.028,1.0,0.11019374135195804,0.0757953072199325,0.047205616233770654,0.061385438538299746,0.10512499511241913,0.12742934469020317,0.12742934469020317,0.10302704185757967,-0.024084987770442667,0.15760870277881622,0.06719382645334378,0.09448640767484903,0.051211942944319876,0.08439678798652121,0.11576358254998922,0.06633004147776907,-0.027292581221505255,-0.03136679456346801,-0.28814445227013785,-0.3010685118287504,-0.0159818835090239,-0.01806674650875215,nan,1.0,0.0,-1.4569999999999999,0.7599568369100556,2.5399999618530273,1.0,0,1,1,0,0.3103209137916565,2.76227068901062,2.8969085106738497,FOLLOW_MAIN,cascade_pd_tracking,follow_main,inner_wheel_pd,lidar_disabled,FOLLOW_MAIN,COMMITTED,UNKNOWN,1,2,1,1,1,1,2,1.5406169891357422,1.1528615951538086,0.7764987945556641,0.38787102699279785,9.179115295410156e-05,1.9351139068603516,0.04437607499994556,0.019891067999651568
1784803504.994943,227.5665626525879,-22.0,-0.022,-22.0,-0.021750929948999846,-21.750929948999847,-0.021750929948999846,-21.750929948999847,-0.156,-0.15410792096334228,-0.15410792096334228,0.002141142286085516,0.014587074006418949,-0.01696572536021988,8.564569144342064e-05,-0.11095770309360643,0.00040843807217973057,0.78,0.04,0.72,0.028,1.0,0.11019374135195804,0.0757953072199325,0.047205616233770654,0.061385438538299746,0.10512499511241913,0.12742934469020317,0.12742934469020317,0.10302704185757967,-0.024084987770442667,0.15760870277881622,0.06719382645334378,0.09448640767484903,0.051211942944319876,0.08439678798652121,0.11576358254998922,0.06633004147776907,-0.027292581221505255,-0.03136679456346801,-0.28814445227013785,-0.3010685118287504,-0.0159818835090239,-0.01806674650875215,nan,1.0,0.0,-1.4569999999999999,0.7599568369100556,2.5399999618530273,1.0,0,1,1,0,0.3103209137916565,2.76227068901062,2.8969085106738497,FOLLOW_MAIN,cascade_pd_tracking,follow_main,inner_wheel_pd,lidar_disabled,FOLLOW_MAIN,COMMITTED,UNKNOWN,1,2,1,1,1,1,2,1.9319288730621338,1.5441737174987793,1.1678109169006348,0.7791833877563477,0.3914041519165039,9.226799011230469e-05,0.04437607499994556,0.019891067999651568
1784803505.3935976,227.96521735191345,-22.0,-0.022,-22.0,-0.021750929948999846,-21.750929948999847,-0.021750929948999846,-21.750929948999847,-0.156,-0.15410792096334228,-0.15410792096334228,0.002141142286085516,0.014587074006418949,-0.01696572536021988,8.564569144342064e-05,-0.11095770309360643,0.00040843807217973057,0.78,0.04,0.72,0.028,1.0,0.11019374135195804,0.0757953072199325,0.047205616233770654,0.061385438538299746,0.10512499511241913,0.12742934469020317,0.12742934469020317,0.10302704185757967,-0.024084987770442667,0.15760870277881622,0.06719382645334378,0.09448640767484903,0.051211942944319876,0.08439678798652121,0.11576358254998922,0.06633004147776907,-0.027292581221505255,-0.03136679456346801,-0.28814445227013785,-0.3010685118287504,-0.0159818835090239,-0.01806674650875215,nan,1.0,0.0,-1.4569999999999999,0.7599568369100556,2.5399999618530273,1.0,0,1,1,0,0.3103209137916565,2.76227068901062,2.8969085106738497,FOLLOW_MAIN,cascade_pd_tracking,follow_main,inner_wheel_pd,lidar_disabled,FOLLOW_MAIN,COMMITTED,UNKNOWN,1,2,1,1,1,1,2,6.866455078125e-05,1.9428200721740723,1.5664572715759277,1.1778292655944824,0.7900500297546387,0.39873838424682617,0.04437607499994556,0.019891067999651568
1784803505.7986345,228.37025427818298,-25.1,-0.0251,-25.1,-0.023354102934793224,-23.354102934793225,-0.023354102934793224,-23.354102934793225,-0.177,-0.16515909679235968,-0.16515909679235968,-0.0019479539606127266,-0.013394748897917353,-0.018216200289138715,-7.791815842450906e-05,-0.11891454969049897,-0.0003750529691416859,0.78,0.04,0.72,0.028,0.75,0.065,0.06782036381994658,0.0655625946823163,0.061385438538299746,0.04349999874830246,0.10318779083040293,0.11800743259290536,0.07286700116622875,-0.024084987770442667,0.25217390060424805,0.05985486211992547,0.026478260457515716,0.07627921018522245,0.07578586551996769,0.0605217370390892,0.08697165057374515,0.03337660166240975,0.015264128480878485,0.04035792673402988,-0.005311796943681557,0.01642434806529698,0.007273663701384857,nan,1.0,0.0,-1.8499999999999999,0.7302078455198625,2.4059998989105225,1.0,0,1,1,0,0.1634785234928131,2.7809274196624756,-3.1037154797869353,FOLLOW_MAIN,cascade_pd_tracking,planner_hold,inner_wheel_pd,lidar_disabled,FOLLOW_MAIN,COMMITTED,HOLD,1,1,1,1,1,1,1,0.4051022529602051,7.772445678710938e-05,1.9714908599853516,1.5828630924224854,1.1950836181640625,0.8037714958190918,0.014568037000117329,0.0006942800000615534
1784803508.435009,231.00662875175476,-25.1,-0.0251,-25.1,-0.023354102934793224,-23.354102934793225,-0.023354102934793224,-23.354102934793225,-0.177,-0.16515909679235968,-0.16515909679235968,-0.0019479539606127266,-0.013394748897917353,-0.018216200289138715,-7.791815842450906e-05,-0.11891454969049897,-0.0003750529691416859,0.78,0.04,0.72,0.028,0.75,0.065,0.06782036381994658,0.0655625946823163,0.061385438538299746,0.04349999874830246,0.10318779083040293,0.11800743259290536,0.07286700116622875,-0.024084987770442667,0.25217390060424805,0.05985486211992547,0.026478260457515716,0.07627921018522245,0.07578586551996769,0.0605217370390892,0.08697165057374515,0.03337660166240975,0.015264128480878485,0.04035792673402988,-0.005311796943681557,0.01642434806529698,0.007273663701384857,nan,1.0,0.0,-1.8499999999999999,0.7302078455198625,2.4059998989105225,1.0,0,1,1,0,0.1634785234928131,2.7809274196624756,-3.1037154797869353,FOLLOW_MAIN,cascade_pd_tracking,planner_hold,inner_wheel_pd,lidar_disabled,FOLLOW_MAIN,COMMITTED,HOLD,1,1,1,1,1,1,1,3.041485548019409,2.6364612579345703,8.344650268554688e-05,4.2192463874816895,3.831467390060425,3.440155506134033,0.014568037000117329,0.0006942800000615534
1784803508.8407302,231.4123499393463,-25.1,-0.0251,-25.1,-0.023354102934793224,-23.354102934793225,-0.023354102934793224,-23.354102934793225,-0.177,-0.16515909679235968,-0.16515909679235968,-0.0019479539606127266,-0.013394748897917353,-0.018216200289138715,-7.791815842450906e-05,-0.11891454969049897,-0.0003750529691416859,0.78,0.04,0.72,0.028,0.75,0.065,0.06782036381994658,0.0655625946823163,0.04760921017314092,0.04349999874830246,0.10318779083040293,0.11800743259290536,0.07286700116622875,0.23975818663046536,0.25217390060424805,0.05985486211992547,0.026478260457515716,0.07627921018522245,0.07578586551996769,0.0605217370390892,0.08697165057374515,0.03337660166240975,0.015264128480878485,0.04035792673402988,-0.005311796943681557,0.01642434806529698,0.007273663701384857,nan,1.0,0.0,-1.8499999999999999,0.7302078455198625,2.4059998989105225,1.0,0,1,1,0,0.1634785234928131,2.7809274196624756,-3.1037154797869353,FOLLOW_MAIN,cascade_pd_tracking,planner_hold,inner_wheel_pd,lidar_disabled,FOLLOW_MAIN,COMMITTED,HOLD,1,1,1,1,1,1,1,3.4472031593322754,3.0421786308288574,0.40580105781555176,7.414817810058594e-05,4.237184286117554,3.845872640609741,0.014568037000117329,0.0006942800000615534
1784803509.24288,231.8144998550415,-25.1,-0.0251,-25.1,-0.023354102934793224,-23.354102934793225,-0.023354102934793224,-23.354102934793225,-0.177,-0.16515909679235968,-0.16515909679235968,-0.0019479539606127266,-0.013394748897917353,-0.018216200289138715,-7.791815842450906e-05,-0.11891454969049897,-0.0003750529691416859,0.78,0.04,0.72,0.028,0.75,0.065,0.06782036381994658,0.0655625946823163,0.04760921017314092,0.04349999874830246,0.10318779083040293,0.11800743259290536,0.07286700116622875,0.23975818663046536,0.25217390060424805,0.05985486211992547,0.026478260457515716,0.07627921018522245,0.07578586551996769,0.0605217370390892,0.08697165057374515,0.03337660166240975,0.015264128480878485,0.04035792673402988,-0.005311796943681557,0.01642434806529698,0.007273663701384857,nan,1.0,0.0,-1.8499999999999999,0.7302078455198625,2.4059998989105225,1.0,0,1,1,0,0.1634785234928131,2.7809274196624756,-3.1037154797869353,FOLLOW_MAIN,cascade_pd_tracking,planner_hold,inner_wheel_pd,lidar_disabled,FOLLOW_MAIN,COMMITTED,HOLD,1,1,1,1,1,1,1,3.849350690841675,3.444326162338257,0.8079483509063721,0.4022216796875,7.200241088867188e-05,4.248019456863403,0.014568037000117329,0.0006942800000615534
1784803509.6370268,232.2086465358734,-25.1,-0.0251,-25.1,-0.023354102934793224,-23.354102934793225,-0.023354102934793224,-23.354102934793225,-0.177,-0.16515909679235968,-0.16515909679235968,-0.0019479539606127266,-0.013394748897917353,-0.018216200289138715,-7.791815842450906e-05,-0.11891454969049897,-0.0003750529691416859,0.78,0.04,0.72,0.028,0.75,0.065,0.06782036381994658,0.0655625946823163,0.04760921017314092,0.04349999874830246,0.10318779083040293,0.11800743259290536,0.07286700116622875,0.23975818663046536,0.25217390060424805,0.05985486211992547,0.026478260457515716,0.07627921018522245,0.07578586551996769,0.0605217370390892,0.08697165057374515,0.03337660166240975,0.015264128480878485,0.04035792673402988,-0.005311796943681557,0.01642434806529698,0.007273663701384857,nan,1.0,0.0,-1.8499999999999999,0.7302078455198625,2.4059998989105225,1.0,0,1,1,0,0.1634785234928131,2.7809274196624756,-3.1037154797869353,FOLLOW_MAIN,cascade_pd_tracking,planner_hold,inner_wheel_pd,lidar_disabled,FOLLOW_MAIN,COMMITTED,HOLD,1,1,1,1,1,1,1,4.2434937953948975,3.8384697437286377,1.202091932296753,0.7963652610778809,0.39421558380126953,6.651878356933594e-05,0.014568037000117329,0.0006942800000615534
1784803510.0365152,232.6081349849701,-25.1,-0.0251,-25.1,-0.023354102934793224,-23.354102934793225,-0.023354102934793224,-23.354102934793225,-0.177,-0.16515909679235968,-0.16515909679235968,-0.0019479539606127266,-0.013394748897917353,-0.018216200289138715,-7.791815842450906e-05,-0.11891454969049897,-0.0003750529691416859,0.78,0.04,0.72,0.028,0.75,0.065,0.06782036381994658,0.0655625946823163,0.04760921017314092,0.04349999874830246,0.10318779083040293,0.11800743259290536,0.07286700116622875,0.23975818663046536,0.25217390060424805,0.05985486211992547,0.026478260457515716,0.07627921018522245,0.07578586551996769,0.0605217370390892,0.08697165057374515,0.03337660166240975,0.015264128480878485,0.04035792673402988,-0.005311796943681557,0.01642434806529698,0.007273663701384857,nan,1.0,0.0,-1.8499999999999999,0.7302078455198625,2.4059998989105225,1.0,0,1,1,0,0.1634785234928131,2.7809274196624756,-3.1037154797869353,FOLLOW_MAIN,cascade_pd_tracking,planner_hold,inner_wheel_pd,lidar_disabled,FOLLOW_MAIN,COMMITTED,HOLD,1,1,1,1,1,1,1,8.273124694824219e-05,4.237975120544434,1.601597547531128,1.1958708763122559,0.793736457824707,0.39958739280700684,0.014568037000117329,0.0006942800000615534
1784803510.4636512,233.03527092933655,-29.400000000000002,-0.029400000000000003,-29.400000000000002,-0.06707115005785472,-67.07115005785472,-0.06707115005785472,-67.07115005785472,-0.20700000000000002,-0.435937323201323,-0.435937323201323,0.03739356385202577,0.2095442059076735,-0.05231549704512668,0.0014957425540810306,-0.31387487270495257,0.005867237765414858,0.78,0.04,0.72,0.028,1.0,0.06935289601584299,0.06935289601584299,0.0662373115962551,0.04760921017314092,0.04349999874830246,0.35882738943058334,0.35882738943058334,0.32195306680839575,0.23975818663046536,0.37826085090637207,0.04513204722927862,0.017967391312122345,0.05884389640519985,0.09357374480240736,0.06903260618448258,0.10608700946947532,0.027164655917156274,0.024541138617924785,0.06728143356862218,0.07335181304640527,0.013711849175921234,0.012513264667067949,nan,1.0,0.0,-3.47,0.47829583459202063,2.2070000171661377,1.0,0,1,1,0,-0.08840859681367874,2.691612720489502,-2.1839425872996086,FOLLOW_MAIN,cascade_pd_tracking,follow_main,inner_wheel_pd,lidar_disabled,FOLLOW_MAIN,COMMITTED,UNKNOWN,1,2,1,1,1,1,2,0.42720866203308105,8.630752563476562e-05,2.02872371673584,1.6229970455169678,1.2208476066589355,0.8266987800598145,0.02674271600017164,0.08868642800007365
1784803510.864705,233.4363248348236,-29.400000000000002,-0.029400000000000003,-29.400000000000002,-0.06707115005785472,-67.07115005785472,-0.06707115005785472,-67.07115005785472,-0.20700000000000002,-0.435937323201323,-0.435937323201323,0.03739356385202577,0.2095442059076735,-0.05231549704512668,0.0014957425540810306,-0.31387487270495257,0.005867237765414858,0.78,0.04,0.72,0.028,1.0,0.06935289601584299,0.06935289601584299,0.0662373115962551,0.04760921017314092,0.04349999874830246,0.35882738943058334,0.35882738943058334,0.32195306680839575,0.23975818663046536,0.37826085090637207,0.04513204722927862,0.017967391312122345,0.05884389640519985,0.09357374480240736,0.06903260618448258,0.10608700946947532,0.027164655917156274,0.024541138617924785,0.06728143356862218,0.07335181304640527,0.013711849175921234,0.012513264667067949,nan,1.0,0.0,-3.47,0.47829583459202063,2.2070000171661377,1.0,0,1,1,0,-0.08840859681367874,2.691612720489502,-2.1839425872996086,FOLLOW_MAIN,cascade_pd_tracking,follow_main,inner_wheel_pd,lidar_disabled,FOLLOW_MAIN,COMMITTED,UNKNOWN,1,2,1,1,1,1,2,0.828256368637085,0.4011342525482178,6.389617919921875e-05,2.0240447521209717,1.6218950748443604,1.2277460098266602,0.02674271600017164,0.08868642800007365
1784803511.2689164,233.8405361175537,-29.400000000000002,-0.029400000000000003,-29.400000000000002,-0.06707115005785472,-67.07115005785472,-0.06707115005785472,-67.07115005785472,-0.20700000000000002,-0.435937323201323,-0.435937323201323,0.03739356385202577,0.2095442059076735,-0.05231549704512668,0.0014957425540810306,-0.31387487270495257,0.005867237765414858,0.78,0.04,0.72,0.028,1.0,0.06935289601584299,0.06935289601584299,0.0662373115962551,0.08828216100112445,0.04349999874830246,0.35882738943058334,0.35882738943058334,0.32195306680839575,0.16750638076423174,0.37826085090637207,0.04513204722927862,0.017967391312122345,0.05884389640519985,0.09357374480240736,0.06903260618448258,0.10608700946947532,0.027164655917156274,0.024541138617924785,0.06728143356862218,0.07335181304640527,0.013711849175921234,0.012513264667067949,nan,1.0,0.0,-3.47,0.47829583459202063,2.2070000171661377,1.0,0,1,1,0,-0.08840859681367874,2.691612720489502,-2.1839425872996086,FOLLOW_MAIN,cascade_pd_tracking,follow_main,inner_wheel_pd,lidar_disabled,FOLLOW_MAIN,COMMITTED,UNKNOWN,1,2,1,1,1,1,2,1.232475757598877,0.8053538799285889,0.4042837619781494,7.867813110351562e-05,2.0261149406433105,1.6319904327392578,0.02674271600017164,0.08868642800007365
1784803511.6718092,234.24342894554138,-29.400000000000002,-0.029400000000000003,-29.400000000000002,-0.06707115005785472,-67.07115005785472,-0.06707115005785472,-67.07115005785472,-0.20700000000000002,-0.435937323201323,-0.435937323201323,0.03739356385202577,0.2095442059076735,-0.05231549704512668,0.0014957425540810306,-0.31387487270495257,0.005867237765414858,0.78,0.04,0.72,0.028,1.0,0.06935289601584299,0.06935289601584299,0.0662373115962551,0.08828216100112445,0.04349999874830246,0.35882738943058334,0.35882738943058334,0.32195306680839575,0.16750638076423174,0.37826085090637207,0.04513204722927862,0.017967391312122345,0.05884389640519985,0.09357374480240736,0.06903260618448258,0.10608700946947532,0.027164655917156274,0.024541138617924785,0.06728143356862218,0.07335181304640527,0.013711849175921234,0.012513264667067949,nan,1.0,0.0,-3.47,0.47829583459202063,2.2070000171661377,1.0,0,1,1,0,-0.08840859681367874,2.691612720489502,-2.1839425872996086,FOLLOW_MAIN,cascade_pd_tracking,follow_main,inner_wheel_pd,lidar_disabled,FOLLOW_MAIN,COMMITTED,UNKNOWN,1,2,1,1,1,1,2,1.6353650093078613,1.208242416381836,0.8071720600128174,0.4029674530029297,8.0108642578125e-05,2.0348541736602783,0.02674271600017164,0.08868642800007365
1784803512.079766,234.65138578414917,-29.400000000000002,-0.029400000000000003,-29.400000000000002,-0.06707115005785472,-67.07115005785472,-0.06707115005785472,-67.07115005785472,-0.20700000000000002,-0.435937323201323,-0.435937323201323,0.03739356385202577,0.2095442059076735,-0.05231549704512668,0.0014957425540810306,-0.31387487270495257,0.005867237765414858,0.78,0.04,0.72,0.028,1.0,0.06935289601584299,0.06935289601584299,0.0662373115962551,0.08828216100112445,0.04349999874830246,0.35882738943058334,0.35882738943058334,0.32195306680839575,0.16750638076423174,0.37826085090637207,0.04513204722927862,0.017967391312122345,0.05884389640519985,0.09357374480240736,0.06903260618448258,0.10608700946947532,0.027164655917156274,0.024541138617924785,0.06728143356862218,0.07335181304640527,0.013711849175921234,0.012513264667067949,nan,1.0,0.0,-3.47,0.47829583459202063,2.2070000171661377,1.0,0,1,1,0,-0.08840859681367874,2.691612720489502,-2.1839425872996086,FOLLOW_MAIN,cascade_pd_tracking,follow_main,inner_wheel_pd,lidar_disabled,FOLLOW_MAIN,COMMITTED,UNKNOWN,1,2,1,1,1,1,2,2.043318033218384,1.6161954402923584,1.215125322341919,0.810920238494873,0.4080328941345215,7.05718994140625e-05,0.02674271600017164,0.08868642800007365
1784803512.4893332,235.0609529018402,-29.400000000000002,-0.029400000000000003,-29.400000000000002,-0.06707115005785472,-67.07115005785472,-0.06707115005785472,-67.07115005785472,-0.20700000000000002,-0.435937323201323,-0.435937323201323,0.03739356385202577,0.2095442059076735,-0.05231549704512668,0.0014957425540810306,-0.31387487270495257,0.005867237765414858,0.78,0.04,0.72,0.028,1.0,0.06935289601584299,0.06935289601584299,0.0662373115962551,0.08828216100112445,0.04349999874830246,0.35882738943058334,0.35882738943058334,0.32195306680839575,0.16750638076423174,0.37826085090637207,0.04513204722927862,0.017967391312122345,0.05884389640519985,0.09357374480240736,0.06903260618448258,0.10608700946947532,0.027164655917156274,0.024541138617924785,0.06728143356862218,0.07335181304640527,0.013711849175921234,0.012513264667067949,nan,1.0,0.0,-3.47,0.47829583459202063,2.2070000171661377,1.0,0,1,1,0,-0.08840859681367874,2.691612720489502,-2.1839425872996086,FOLLOW_MAIN,cascade_pd_tracking,follow_main,inner_wheel_pd,lidar_disabled,FOLLOW_MAIN,COMMITTED,UNKNOWN,1,2,1,1,1,1,2,6.270408630371094e-05,2.0257623195648193,1.6246922016143799,1.2204875946044922,0.8176002502441406,0.4096379280090332,0.02674271600017164,0.08868642800007365
1784803512.889292,235.46091175079346,-15.5,-0.0155,-15.5,-0.014211940500264711,-14.211940500264712,-0.014211940500264711,-14.211940500264712,-0.11,-0.10135730334307963,-0.10135730334307963,0.009694383948306804,0.06521501653604711,-0.011085313590206475,0.0003877753579322722,-0.07297725840701733,0.001826020463009319,0.78,0.04,0.72,0.028,0.75,0.065,0.065,0.06559944667094895,0.08828216100112445,0.032624997198581696,0.06138658213221165,0.06138658213221165,-0.017235606451405837,0.16750638076423174,0.22065216302871704,0.060856405706075714,0.017730976194143294,0.08293588005692916,0.06914359429392429,0.0475190182030201,0.08040674215373374,0.04312542951193242,0.021624576090904193,0.13792681851258864,0.08833513361754385,0.02207947435085345,0.011263147859809452,nan,1.0,0.0,-1.7389999999999999,0.790512533916674,2.5759999752044678,1.0,0,1,1,0,-0.15320442616939545,2.5188682079315186,-1.752725426392949,FOLLOW_MAIN,cascade_pd_tracking,planner_hold,inner_wheel_pd,lidar_disabled,FOLLOW_MAIN,COMMITTED,HOLD,1,1,1,1,1,1,1,0.40001773834228516,7.05718994140625e-05,2.0246472358703613,1.6204421520233154,1.2175548076629639,0.8095927238464355,0.07661502600012682,0.07581150500027434
1784803513.2792745,235.85089421272278,-15.5,-0.0155,-15.5,-0.014211940500264711,-14.211940500264712,-0.014211940500264711,-14.211940500264712,-0.11,-0.10135730334307963,-0.10135730334307963,0.009694383948306804,0.06521501653604711,-0.011085313590206475,0.0003877753579322722,-0.07297725840701733,0.001826020463009319,0.78,0.04,0.72,0.028,0.75,0.065,0.065,0.06559944667094895,0.08828216100112445,0.032624997198581696,0.06138658213221165,0.06138658213221165,-0.017235606451405837,0.16750638076423174,0.22065216302871704,0.060856405706075714,0.017730976194143294,0.08293588005692916,0.06914359429392429,0.0475190182030201,0.08040674215373374,0.04312542951193242,0.021624576090904193,0.13792681851258864,0.08833513361754385,0.02207947435085345,0.011263147859809452,nan,1.0,0.0,-1.7389999999999999,0.790512533916674,2.5759999752044678,1.0,0,1,1,0,-0.15320442616939545,2.5188682079315186,-1.752725426392949,FOLLOW_MAIN,cascade_pd_tracking,planner_hold,inner_wheel_pd,lidar_disabled,FOLLOW_MAIN,COMMITTED,HOLD,1,1,1,1,1,1,1,0.7900059223175049,0.3900589942932129,6.604194641113281e-05,2.0104305744171143,1.6075432300567627,1.1995809078216553,0.07661502600012682,0.07581150500027434
1784803513.6651871,236.23680686950684,-15.5,-0.0155,-15.5,-0.014211940500264711,-14.211940500264712,-0.014211940500264711,-14.211940500264712,-0.11,-0.10135730334307963,-0.10135730334307963,0.009694383948306804,0.06521501653604711,-0.011085313590206475,0.0003877753579322722,-0.07297725840701733,0.001826020463009319,0.78,0.04,0.72,0.028,0.75,0.065,0.065,0.06559944667094895,0.07611275054751496,0.032624997198581696,0.06138658213221165,0.06138658213221165,-0.017235606451405837,0.07224230763721469,0.22065216302871704,0.060856405706075714,0.017730976194143294,0.08293588005692916,0.06914359429392429,0.0475190182030201,0.08040674215373374,0.04312542951193242,0.021624576090904193,0.13792681851258864,0.08833513361754385,0.02207947435085345,0.011263147859809452,nan,1.0,0.0,-1.7389999999999999,0.790512533916674,2.5759999752044678,1.0,0,1,1,0,-0.15320442616939545,2.5188682079315186,-1.752725426392949,FOLLOW_MAIN,cascade_pd_tracking,planner_hold,inner_wheel_pd,lidar_disabled,FOLLOW_MAIN,COMMITTED,HOLD,1,1,1,1,1,1,1,1.1759164333343506,0.7759695053100586,0.38597679138183594,6.508827209472656e-05,1.9934539794921875,1.58549165725708,0.07661502600012682,0.07581150500027434
1784803514.0499806,236.6216003894806,-15.5,-0.0155,-15.5,-0.014211940500264711,-14.211940500264712,-0.014211940500264711,-14.211940500264712,-0.11,-0.10135730334307963,-0.10135730334307963,0.009694383948306804,0.06521501653604711,-0.011085313590206475,0.0003877753579322722,-0.07297725840701733,0.001826020463009319,0.78,0.04,0.72,0.028,0.75,0.065,0.065,0.06559944667094895,0.07611275054751496,0.032624997198581696,0.06138658213221165,0.06138658213221165,-0.017235606451405837,0.07224230763721469,0.22065216302871704,0.060856405706075714,0.017730976194143294,0.08293588005692916,0.06914359429392429,0.0475190182030201,0.08040674215373374,0.04312542951193242,0.021624576090904193,0.13792681851258864,0.08833513361754385,0.02207947435085345,0.011263147859809452,nan,1.0,0.0,-1.7389999999999999,0.790512533916674,2.5759999752044678,1.0,0,1,1,0,-0.15320442616939545,2.5188682079315186,-1.752725426392949,FOLLOW_MAIN,cascade_pd_tracking,planner_hold,inner_wheel_pd,lidar_disabled,FOLLOW_MAIN,COMMITTED,HOLD,1,1,1,1,1,1,1,1.5607123374938965,1.1607654094696045,0.7707726955413818,0.3848609924316406,0.00010442733764648438,1.9702873229980469,0.07661502600012682,0.07581150500027434
1784803514.4522824,237.02390217781067,-15.5,-0.0155,-15.5,-0.014211940500264711,-14.211940500264712,-0.014211940500264711,-14.211940500264712,-0.11,-0.10135730334307963,-0.10135730334307963,0.009694383948306804,0.06521501653604711,-0.011085313590206475,0.0003877753579322722,-0.07297725840701733,0.001826020463009319,0.78,0.04,0.72,0.028,0.75,0.065,0.065,0.06559944667094895,0.07611275054751496,0.032624997198581696,0.06138658213221165,0.06138658213221165,-0.017235606451405837,0.07224230763721469,0.22065216302871704,0.060856405706075714,0.017730976194143294,0.08293588005692916,0.06914359429392429,0.0475190182030201,0.08040674215373374,0.04312542951193242,0.021624576090904193,0.13792681851258864,0.08833513361754385,0.02207947435085345,0.011263147859809452,nan,1.0,0.0,-1.7389999999999999,0.790512533916674,2.5759999752044678,1.0,0,1,1,0,-0.15320442616939545,2.5188682079315186,-1.752725426392949,FOLLOW_MAIN,cascade_pd_tracking,planner_hold,inner_wheel_pd,lidar_disabled,FOLLOW_MAIN,COMMITTED,HOLD,1,1,1,1,1,1,1,1.9630324840545654,1.5630857944488525,1.1730930805206299,0.7871816158294678,0.40242552757263184,0.00010752677917480469,0.07661502600012682,0.07581150500027434
1784803514.839361,237.41098070144653,-15.5,-0.0155,-15.5,-0.014211940500264711,-14.211940500264712,-0.014211940500264711,-14.211940500264712,-0.11,-0.10135730334307963,-0.10135730334307963,0.009694383948306804,0.06521501653604711,-0.011085313590206475,0.0003877753579322722,-0.07297725840701733,0.001826020463009319,0.78,0.04,0.72,0.028,0.75,0.065,0.065,0.06559944667094895,0.07611275054751496,0.032624997198581696,0.06138658213221165,0.06138658213221165,-0.017235606451405837,0.07224230763721469,0.22065216302871704,0.060856405706075714,0.017730976194143294,0.08293588005692916,0.06914359429392429,0.0475190182030201,0.08040674215373374,0.04312542951193242,0.021624576090904193,0.13792681851258864,0.08833513361754385,0.02207947435085345,0.011263147859809452,nan,1.0,0.0,-1.7389999999999999,0.790512533916674,2.5759999752044678,1.0,0,1,1,0,-0.15320442616939545,2.5188682079315186,-1.752725426392949,FOLLOW_MAIN,cascade_pd_tracking,planner_hold,inner_wheel_pd,lidar_disabled,FOLLOW_MAIN,COMMITTED,HOLD,1,1,1,1,1,1,1,7.176399230957031e-05,1.950148344039917,1.5601556301116943,1.1742444038391113,0.7894878387451172,0.38716983795166016,0.07661502600012682,0.07581150500027434
1784803515.2304034,237.80202317237854,-15.700000000000003,-0.015700000000000002,-15.700000000000003,-0.01915979804622238,-19.159798046222377,-0.01915979804622238,-19.159798046222377,-0.112,-0.13600272096598237,-0.13600272096598237,0.003945897591288114,0.027587601624781882,-0.014944642476053456,0.00015783590365152456,-0.0979219590955073,0.0007724528454938927,0.78,0.04,0.72,0.028,1.0,0.12132821570788949,0.12132821570788949,0.07998156671050673,0.07611275054751496,0.16312500834465027,0.11193631282241534,0.11193631282241534,0.14144442583198086,0.07224230763721469,0.03152172267436981,0.11377251459237644,0.1609972920641303,0.0891993345288649,0.12888391682340253,0.16525272462517024,0.10995476658029688,-0.047224777471753854,-0.03636880780176771,-0.19052868770696912,-0.14721224982571546,-0.02457318006351154,-0.018929150243105652,nan,1.0,0.0,-0.372,0.8367463152268241,2.944999933242798,1.0,0,1,1,0,-0.16686604917049408,2.368504762649536,-1.5664322766342391,FOLLOW_MAIN,cascade_pd_tracking,follow_main,inner_wheel_pd,lidar_disabled,FOLLOW_MAIN,COMMITTED,DROPOUT,1,2,1,1,1,1,3,0.3911294937133789,0.00010061264038085938,1.9512131214141846,1.5653021335601807,1.1805458068847656,0.7782278060913086,0.05094309099968086,0.04899125299971274
1784803515.6465733,238.21819305419922,-15.700000000000003,-0.015700000000000002,-15.700000000000003,-0.01915979804622238,-19.159798046222377,-0.01915979804622238,-19.159798046222377,-0.112,-0.13600272096598237,-0.13600272096598237,0.003945897591288114,0.027587601624781882,-0.014944642476053456,0.00015783590365152456,-0.0979219590955073,0.0007724528454938927,0.78,0.04,0.72,0.028,1.0,0.12132821570788949,0.12132821570788949,0.07998156671050673,0.07611275054751496,0.16312500834465027,0.11193631282241534,0.11193631282241534,0.14144442583198086,0.07224230763721469,0.03152172267436981,0.11377251459237644,0.1609972920641303,0.0891993345288649,0.12888391682340253,0.16525272462517024,0.10995476658029688,-0.047224777471753854,-0.03636880780176771,-0.19052868770696912,-0.14721224982571546,-0.02457318006351154,-0.018929150243105652,nan,1.0,0.0,-0.372,0.8367463152268241,2.944999933242798,1.0,0,1,1,0,-0.16686604917049408,2.368504762649536,-1.5664322766342391,FOLLOW_MAIN,cascade_pd_tracking,follow_main,inner_wheel_pd,lidar_disabled,FOLLOW_MAIN,COMMITTED,DROPOUT,1,2,1,1,1,1,3,0.807293176651001,0.41626453399658203,9.107589721679688e-05,1.9814655780792236,1.5967090129852295,1.1943914890289307,0.05094309099968086,0.04899125299971274
1784803516.0517466,238.623366355896,-15.700000000000003,-0.015700000000000002,-15.700000000000003,-0.01915979804622238,-19.159798046222377,-0.01915979804622238,-19.159798046222377,-0.112,-0.13600272096598237,-0.13600272096598237,0.003945897591288114,0.027587601624781882,-0.014944642476053456,0.00015783590365152456,-0.0979219590955073,0.0007724528454938927,0.78,0.04,0.72,0.028,1.0,0.12132821570788949,0.12132821570788949,0.07998156671050673,0.10123155438088347,0.16312500834465027,0.11193631282241534,0.11193631282241534,0.14144442583198086,0.09785726474096237,0.03152172267436981,0.11377251459237644,0.1609972920641303,0.0891993345288649,0.12888391682340253,0.16525272462517024,0.10995476658029688,-0.047224777471753854,-0.03636880780176771,-0.19052868770696912,-0.14721224982571546,-0.02457318006351154,-0.018929150243105652,nan,1.0,0.0,-0.372,0.8367463152268241,2.944999933242798,1.0,0,1,1,0,-0.16686604917049408,2.368504762649536,-1.5664322766342391,FOLLOW_MAIN,cascade_pd_tracking,follow_main,inner_wheel_pd,lidar_disabled,FOLLOW_MAIN,COMMITTED,DROPOUT,1,2,1,1,1,1,3,1.2124903202056885,0.8214616775512695,0.4052879810333252,0.00010967254638671875,2.001905918121338,1.5995879173278809,0.05094309099968086,0.04899125299971274
1784803516.4733264,239.04494619369507,-15.700000000000003,-0.015700000000000002,-15.700000000000003,-0.01915979804622238,-19.159798046222377,-0.01915979804622238,-19.159798046222377,-0.112,-0.13600272096598237,-0.13600272096598237,0.003945897591288114,0.027587601624781882,-0.014944642476053456,0.00015783590365152456,-0.0979219590955073,0.0007724528454938927,0.78,0.04,0.72,0.028,1.0,0.12132821570788949,0.12132821570788949,0.07998156671050673,0.10123155438088347,0.16312500834465027,0.11193631282241534,0.11193631282241534,0.14144442583198086,0.09785726474096237,0.03152172267436981,0.11377251459237644,0.1609972920641303,0.0891993345288649,0.12888391682340253,0.16525272462517024,0.10995476658029688,-0.047224777471753854,-0.03636880780176771,-0.19052868770696912,-0.14721224982571546,-0.02457318006351154,-0.018929150243105652,nan,1.0,0.0,-0.372,0.8367463152268241,2.944999933242798,1.0,0,1,1,0,-0.16686604917049408,2.368504762649536,-1.5664322766342391,FOLLOW_MAIN,cascade_pd_tracking,follow_main,inner_wheel_pd,lidar_disabled,FOLLOW_MAIN,COMMITTED,DROPOUT,1,2,1,1,1,1,3,1.6340317726135254,1.2430026531219482,0.8268289566040039,0.42165064811706543,6.842613220214844e-05,2.0211288928985596,0.05094309099968086,0.04899125299971274
1784803516.882969,239.4545886516571,-15.700000000000003,-0.015700000000000002,-15.700000000000003,-0.01915979804622238,-19.159798046222377,-0.01915979804622238,-19.159798046222377,-0.112,-0.13600272096598237,-0.13600272096598237,0.003945897591288114,0.027587601624781882,-0.014944642476053456,0.00015783590365152456,-0.0979219590955073,0.0007724528454938927,0.78,0.04,0.72,0.028,1.0,0.12132821570788949,0.12132821570788949,0.07998156671050673,0.10123155438088347,0.16312500834465027,0.11193631282241534,0.11193631282241534,0.14144442583198086,0.09785726474096237,0.03152172267436981,0.11377251459237644,0.1609972920641303,0.0891993345288649,0.12888391682340253,0.16525272462517024,0.10995476658029688,-0.047224777471753854,-0.03636880780176771,-0.19052868770696912,-0.14721224982571546,-0.02457318006351154,-0.018929150243105652,nan,1.0,0.0,-0.372,0.8367463152268241,2.944999933242798,1.0,0,1,1,0,-0.16686604917049408,2.368504762649536,-1.5664322766342391,FOLLOW_MAIN,cascade_pd_tracking,follow_main,inner_wheel_pd,lidar_disabled,FOLLOW_MAIN,COMMITTED,DROPOUT,1,2,1,1,1,1,3,2.0436742305755615,1.6526453495025635,1.2364716529846191,0.8312935829162598,0.4097113609313965,6.914138793945312e-05,0.05094309099968086,0.04899125299971274
1784803517.2868454,239.85846519470215,-15.700000000000003,-0.015700000000000002,-15.700000000000003,-0.01915979804622238,-19.159798046222377,-0.01915979804622238,-19.159798046222377,-0.112,-0.13600272096598237,-0.13600272096598237,0.003945897591288114,0.027587601624781882,-0.014944642476053456,0.00015783590365152456,-0.0979219590955073,0.0007724528454938927,0.78,0.04,0.72,0.028,1.0,0.12132821570788949,0.12132821570788949,0.07998156671050673,0.10123155438088347,0.16312500834465027,0.11193631282241534,0.11193631282241534,0.14144442583198086,0.09785726474096237,0.03152172267436981,0.11377251459237644,0.1609972920641303,0.0891993345288649,0.12888391682340253,0.16525272462517024,0.10995476658029688,-0.047224777471753854,-0.03636880780176771,-0.19052868770696912,-0.14721224982571546,-0.02457318006351154,-0.018929150243105652,nan,1.0,0.0,-0.372,0.8367463152268241,2.944999933242798,1.0,0,1,1,0,-0.16686604917049408,2.368504762649536,-1.5664322766342391,FOLLOW_MAIN,cascade_pd_tracking,follow_main,inner_wheel_pd,lidar_disabled,FOLLOW_MAIN,COMMITTED,DROPOUT,1,2,1,1,1,1,3,0.00015735626220703125,2.056558609008789,1.640385389328003,1.2352075576782227,0.8136255741119385,0.40398454666137695,0.05094309099968086,0.04899125299971274
1784803517.6863954,240.25801515579224,-3.9000000000000004,-0.0039000000000000003,-3.9000000000000004,-0.006655509830371806,-6.655509830371805,0.0,0.0,-0.028,-0.04739428881514489,-0.04739428881514489,0.012144709068397094,0.06146465949691222,0.0,0.0004857883627358838,-0.03412388794690432,0.0017210104659135422,0.78,0.04,0.72,0.028,0.75,0.07404567757416758,0.07404567757416758,0.09033723172579804,0.10123155438088347,0.0,0.023937816838691173,0.023937816838691173,0.03473587840874298,0.09785726474096237,0.0,0.07242987493755593,0.0,0.10992129720232494,0.07566148021077923,0.0,0.11501840979491222,0.07242987493755593,0.07566148021077923,0.27250822947421577,0.30744712857152284,0.037491422264769,0.03939198178688926,nan,1.0,0.0,0.417,0.9284724460710669,2.740000009536743,1.0,0,1,1,0,-0.1471739113330841,2.164079189300537,-1.3697049568697384,FOLLOW_MAIN,cascade_pd_tracking,planner_hold,inner_wheel_pd,lidar_disabled,FOLLOW_MAIN,COMMITTED,HOLD,1,1,1,1,1,1,1,0.39967918395996094,7.772445678710938e-05,2.0399065017700195,1.634728193283081,1.2131457328796387,0.8035035133361816,0.018457750000379747,0.02978448300018499
1784803518.0802875,240.65190720558167,-3.9000000000000004,-0.0039000000000000003,-3.9000000000000004,-0.006655509830371806,-6.655509830371805,0.0,0.0,-0.028,-0.04739428881514489,-0.04739428881514489,0.012144709068397094,0.06146465949691222,0.0,0.0004857883627358838,-0.03412388794690432,0.0017210104659135422,0.78,0.04,0.72,0.028,0.75,0.07404567757416758,0.07404567757416758,0.09033723172579804,0.10123155438088347,0.0,0.023937816838691173,0.023937816838691173,0.03473587840874298,0.09785726474096237,0.0,0.07242987493755593,0.0,0.10992129720232494,0.07566148021077923,0.0,0.11501840979491222,0.07242987493755593,0.07566148021077923,0.27250822947421577,0.30744712857152284,0.037491422264769,0.03939198178688926,nan,1.0,0.0,0.417,0.9284724460710669,2.740000009536743,1.0,0,1,1,0,-0.1471739113330841,2.164079189300537,-1.3697049568697384,FOLLOW_MAIN,cascade_pd_tracking,planner_hold,inner_wheel_pd,lidar_disabled,FOLLOW_MAIN,COMMITTED,HOLD,1,1,1,1,1,1,1,0.7936205863952637,0.39401912689208984,0.00014448165893554688,2.028669834136963,1.6070878505706787,1.1974461078643799,0.018457750000379747,0.02978448300018499
1784803518.494141,241.06576085090637,-3.9000000000000004,-0.0039000000000000003,-3.9000000000000004,-0.006655509830371806,-6.655509830371805,0.0,0.0,-0.028,-0.04739428881514489,-0.04739428881514489,0.012144709068397094,0.06146465949691222,0.0,0.0004857883627358838,-0.03412388794690432,0.0017210104659135422,0.78,0.04,0.72,0.028,0.75,0.07404567757416758,0.07404567757416758,0.09033723172579804,0.0774255654067633,0.0,0.023937816838691173,0.023937816838691173,0.03473587840874298,0.031204299565977714,0.0,0.07242987493755593,0.0,0.10992129720232494,0.07566148021077923,0.0,0.11501840979491222,0.07242987493755593,0.07566148021077923,0.27250822947421577,0.30744712857152284,0.037491422264769,0.03939198178688926,nan,1.0,0.0,0.417,0.9284724460710669,2.740000009536743,1.0,0,1,1,0,-0.1471739113330841,2.164079189300537,-1.3697049568697384,FOLLOW_MAIN,cascade_pd_tracking,planner_hold,inner_wheel_pd,lidar_disabled,FOLLOW_MAIN,COMMITTED,HOLD,1,1,1,1,1,1,1,1.2074379920959473,0.8078367710113525,0.41396236419677734,9.918212890625e-05,2.0209062099456787,1.6112644672393799,0.018457750000379747,0.02978448300018499
1784803518.9041545,241.4757742881775,-3.9000000000000004,-0.0039000000000000003,-3.9000000000000004,-0.006655509830371806,-6.655509830371805,0.0,0.0,-0.028,-0.04739428881514489,-0.04739428881514489,0.012144709068397094,0.06146465949691222,0.0,0.0004857883627358838,-0.03412388794690432,0.0017210104659135422,0.78,0.04,0.72,0.028,0.75,0.07404567757416758,0.07404567757416758,0.09033723172579804,0.0774255654067633,0.0,0.023937816838691173,0.023937816838691173,0.03473587840874298,0.031204299565977714,0.0,0.07242987493755593,0.0,0.10992129720232494,0.07566148021077923,0.0,0.11501840979491222,0.07242987493755593,0.07566148021077923,0.27250822947421577,0.30744712857152284,0.037491422264769,0.03939198178688926,nan,1.0,0.0,0.417,0.9284724460710669,2.740000009536743,1.0,0,1,1,0,-0.1471739113330841,2.164079189300537,-1.3697049568697384,FOLLOW_MAIN,cascade_pd_tracking,planner_hold,inner_wheel_pd,lidar_disabled,FOLLOW_MAIN,COMMITTED,HOLD,1,1,1,1,1,1,1,1.6174323558807373,1.2178311347961426,0.8239564895629883,0.4100930690765381,7.390975952148438e-05,2.021257162094116,0.018457750000379747,0.02978448300018499
1784803519.2940247,241.86564445495605,-3.9000000000000004,-0.0039000000000000003,-3.9000000000000004,-0.006655509830371806,-6.655509830371805,0.0,0.0,-0.028,-0.04739428881514489,-0.04739428881514489,0.012144709068397094,0.06146465949691222,0.0,0.0004857883627358838,-0.03412388794690432,0.0017210104659135422,0.78,0.04,0.72,0.028,0.75,0.07404567757416758,0.07404567757416758,0.09033723172579804,0.0774255654067633,0.0,0.023937816838691173,0.023937816838691173,0.03473587840874298,0.031204299565977714,0.0,0.07242987493755593,0.0,0.10992129720232494,0.07566148021077923,0.0,0.11501840979491222,0.07242987493755593,0.07566148021077923,0.27250822947421577,0.30744712857152284,0.037491422264769,0.03939198178688926,nan,1.0,0.0,0.417,0.9284724460710669,2.740000009536743,1.0,0,1,1,0,-0.1471739113330841,2.164079189300537,-1.3697049568697384,FOLLOW_MAIN,cascade_pd_tracking,planner_hold,inner_wheel_pd,lidar_disabled,FOLLOW_MAIN,COMMITTED,HOLD,1,1,1,1,1,1,1,2.0073275566101074,1.6077265739440918,1.2138524055480957,0.7999889850616455,0.3899703025817871,0.0001227855682373047,0.018457750000379747,0.02978448300018499
1784803519.7132945,242.2849142551422,-3.9000000000000004,-0.0039000000000000003,-3.9000000000000004,-0.006655509830371806,-6.655509830371805,0.0,0.0,-0.028,-0.04739428881514489,-0.04739428881514489,0.012144709068397094,0.06146465949691222,0.0,0.0004857883627358838,-0.03412388794690432,0.0017210104659135422,0.78,0.04,0.72,0.028,0.75,0.07404567757416758,0.07404567757416758,0.09033723172579804,0.0774255654067633,0.0,0.023937816838691173,0.023937816838691173,0.03473587840874298,0.031204299565977714,0.0,0.07242987493755593,0.0,0.10992129720232494,0.07566148021077923,0.0,0.11501840979491222,0.07242987493755593,0.07566148021077923,0.27250822947421577,0.30744712857152284,0.037491422264769,0.03939198178688926,nan,1.0,0.0,0.417,0.9284724460710669,2.740000009536743,1.0,0,1,1,0,-0.1471739113330841,2.164079189300537,-1.3697049568697384,FOLLOW_MAIN,cascade_pd_tracking,planner_hold,inner_wheel_pd,lidar_disabled,FOLLOW_MAIN,COMMITTED,HOLD,1,1,1,1,1,1,1,8.368492126464844e-05,2.026979446411133,1.633105993270874,1.219242811203003,0.8092236518859863,0.4193758964538574,0.018457750000379747,0.02978448300018499
1784803520.12426,242.69587969779968,-5.0,-0.005,-5.0,-0.005288038207078568,-5.288038207078568,0.0,0.0,-0.036000000000000004,-0.0381328310221307,-0.0381328310221307,0.00013994599053776885,-0.004999709647935991,0.0,5.597839621510754e-06,-0.0274556383359341,-0.00013999187014220775,0.78,0.04,0.72,0.028,0.75,0.07239379216903942,0.07239379216903942,0.04977654628201231,0.0774255654067633,0.09425000101327896,0.020692524274841098,0.020692524274841098,-0.0010352702056220374,0.031204299565977714,0.06304347515106201,0.07099704678048764,0.08999456644058228,0.062047757445974336,0.0737905375575912,0.09850543558597565,0.06189584279623632,-0.018997519660094636,-0.024714898028384447,0.01695201023321162,-0.003154370773034509,-0.008949289334513309,-0.01189469476135488,nan,1.0,0.0,0.865,0.9077591494550397,2.5910000801086426,1.0,0,1,1,0,-0.114297054708004,2.0126285552978516,-1.3481138373982011,FOLLOW_MAIN,cascade_pd_tracking,planner_hold,inner_wheel_pd,lidar_disabled,FOLLOW_MAIN,COMMITTED,HOLD,1,1,1,1,1,1,1,0.41103601455688477,7.081031799316406e-05,2.044057607650757,1.6301941871643066,1.22017502784729,0.830327033996582,0.002726470000197878,0.08948898500011637
1784803520.5213842,243.093003988266,-5.0,-0.005,-5.0,-0.005288038207078568,-5.288038207078568,0.0,0.0,-0.036000000000000004,-0.0381328310221307,-0.0381328310221307,0.00013994599053776885,-0.004999709647935991,0.0,5.597839621510754e-06,-0.0274556383359341,-0.00013999187014220775,0.78,0.04,0.72,0.028,0.75,0.07239379216903942,0.07239379216903942,0.04977654628201231,0.0774255654067633,0.09425000101327896,0.020692524274841098,0.020692524274841098,-0.0010352702056220374,0.031204299565977714,0.06304347515106201,0.07099704678048764,0.08999456644058228,0.062047757445974336,0.0737905375575912,0.09850543558597565,0.06189584279623632,-0.018997519660094636,-0.024714898028384447,0.01695201023321162,-0.003154370773034509,-0.008949289334513309,-0.01189469476135488,nan,1.0,0.0,0.865,0.9077591494550397,2.5910000801086426,1.0,0,1,1,0,-0.114297054708004,2.0126285552978516,-1.3481138373982011,FOLLOW_MAIN,cascade_pd_tracking,planner_hold,inner_wheel_pd,lidar_disabled,FOLLOW_MAIN,COMMITTED,HOLD,1,1,1,1,1,1,1,0.8081722259521484,0.39720702171325684,7.557868957519531e-05,2.0273303985595703,1.6173114776611328,1.2274634838104248,0.002726470000197878,0.08948898500011637
1784803520.9077008,243.47932052612305,-5.0,-0.005,-5.0,-0.005288038207078568,-5.288038207078568,0.0,0.0,-0.036000000000000004,-0.0381328310221307,-0.0381328310221307,0.00013994599053776885,-0.004999709647935991,0.0,5.597839621510754e-06,-0.0274556383359341,-0.00013999187014220775,0.78,0.04,0.72,0.028,0.75,0.07239379216903942,0.07239379216903942,0.04977654628201231,0.03253574697751907,0.09425000101327896,0.020692524274841098,0.020692524274841098,-0.0010352702056220374,0.014984146945350213,0.06304347515106201,0.07099704678048764,0.08999456644058228,0.062047757445974336,0.0737905375575912,0.09850543558597565,0.06189584279623632,-0.018997519660094636,-0.024714898028384447,0.01695201023321162,-0.003154370773034509,-0.008949289334513309,-0.01189469476135488,nan,1.0,0.0,0.865,0.9077591494550397,2.5910000801086426,1.0,0,1,1,0,-0.114297054708004,2.0126285552978516,-1.3481138373982011,FOLLOW_MAIN,cascade_pd_tracking,planner_hold,inner_wheel_pd,lidar_disabled,FOLLOW_MAIN,COMMITTED,HOLD,1,1,1,1,1,1,1,1.194521427154541,0.7835559844970703,0.38642430305480957,0.00011730194091796875,2.003660202026367,1.6138122081756592,0.002726470000197878,0.08948898500011637
1784803523.5011733,246.07279300689697,-5.0,-0.005,-5.0,-0.005288038207078568,-5.288038207078568,0.0,0.0,-0.036000000000000004,-0.0381328310221307,-0.0381328310221307,0.00013994599053776885,-0.004999709647935991,0.0,5.597839621510754e-06,-0.0274556383359341,-0.00013999187014220775,0.78,0.04,0.72,0.028,0.75,0.07239379216903942,0.07239379216903942,0.04977654628201231,0.03253574697751907,0.09425000101327896,0.020692524274841098,0.020692524274841098,-0.0010352702056220374,0.014984146945350213,0.06304347515106201,0.07099704678048764,0.08999456644058228,0.062047757445974336,0.0737905375575912,0.09850543558597565,0.06189584279623632,-0.018997519660094636,-0.024714898028384447,0.01695201023321162,-0.003154370773034509,-0.008949289334513309,-0.01189469476135488,nan,1.0,0.0,0.865,0.9077591494550397,2.5910000801086426,1.0,0,1,1,0,-0.114297054708004,2.0126285552978516,-1.3481138373982011,FOLLOW_MAIN,cascade_pd_tracking,planner_hold,inner_wheel_pd,lidar_disabled,FOLLOW_MAIN,COMMITTED,HOLD,1,1,1,1,1,1,1,3.7879693508148193,3.3770039081573486,2.979872465133667,2.5935657024383545,0.00012874603271484375,4.207261085510254,0.002726470000197878,0.08948898500011637
1784803523.9045694,246.47618913650513,-5.0,-0.005,-5.0,-0.005288038207078568,-5.288038207078568,0.0,0.0,-0.036000000000000004,-0.0381328310221307,-0.0381328310221307,0.00013994599053776885,-0.004999709647935991,0.0,5.597839621510754e-06,-0.0274556383359341,-0.00013999187014220775,0.78,0.04,0.72,0.028,0.75,0.07239379216903942,0.07239379216903942,0.04977654628201231,0.03253574697751907,0.09425000101327896,0.020692524274841098,0.020692524274841098,-0.0010352702056220374,0.014984146945350213,0.06304347515106201,0.07099704678048764,0.08999456644058228,0.062047757445974336,0.0737905375575912,0.09850543558597565,0.06189584279623632,-0.018997519660094636,-0.024714898028384447,0.01695201023321162,-0.003154370773034509,-0.008949289334513309,-0.01189469476135488,nan,1.0,0.0,0.865,0.9077591494550397,2.5910000801086426,1.0,0,1,1,0,-0.114297054708004,2.0126285552978516,-1.3481138373982011,FOLLOW_MAIN,cascade_pd_tracking,planner_hold,inner_wheel_pd,lidar_disabled,FOLLOW_MAIN,COMMITTED,HOLD,1,1,1,1,1,1,1,4.191348314285278,3.7803826332092285,3.3832509517669678,2.9969441890716553,0.4035072326660156,7.271766662597656e-05,0.002726470000197878,0.08948898500011637
1784803524.3065596,246.87817931175232,-5.0,-0.005,-5.0,-0.005288038207078568,-5.288038207078568,0.0,0.0,-0.036000000000000004,-0.0381328310221307,-0.0381328310221307,0.00013994599053776885,-0.004999709647935991,0.0,5.597839621510754e-06,-0.0274556383359341,-0.00013999187014220775,0.78,0.04,0.72,0.028,0.75,0.07239379216903942,0.07239379216903942,0.04977654628201231,0.03253574697751907,0.09425000101327896,0.020692524274841098,0.020692524274841098,-0.0010352702056220374,0.014984146945350213,0.06304347515106201,0.07099704678048764,0.08999456644058228,0.062047757445974336,0.0737905375575912,0.09850543558597565,0.06189584279623632,-0.018997519660094636,-0.024714898028384447,0.01695201023321162,-0.003154370773034509,-0.008949289334513309,-0.01189469476135488,nan,1.0,0.0,0.865,0.9077591494550397,2.5910000801086426,1.0,0,1,1,0,-0.114297054708004,2.0126285552978516,-1.3481138373982011,FOLLOW_MAIN,cascade_pd_tracking,planner_hold,inner_wheel_pd,lidar_disabled,FOLLOW_MAIN,COMMITTED,HOLD,1,1,1,1,1,1,1,9.822845458984375e-05,4.1823883056640625,3.785256862640381,3.3989500999450684,0.805513858795166,0.40207982063293457,0.002726470000197878,0.08948898500011637
1784803524.7082088,247.2798285484314,-7.1000000000000005,-0.0071,-7.1000000000000005,-0.00709952244851009,-7.09952244851009,0.0,0.0,-0.051000000000000004,-0.05052984243517618,-0.05052984243517618,3.522083006317265e-08,-0.0017008601308962565,0.0,1.408833202526906e-09,-0.03638148655332685,-4.762408366509518e-05,0.78,0.04,0.72,0.028,1.0,0.10061289115069928,0.08678206820000013,0.0780049316644372,0.03253574697751907,0.06524999439716339,0.036429109228158736,0.036429109228158736,0.08126881482779545,0.014984146945350213,-0.06304347515106201,0.08432310332709941,0.06950542896986008,0.09115348231257628,0.08924103307290085,0.06099455982446671,0.10307879753187235,0.014817674357239338,0.028246473248434142,-0.028210470599801606,0.027945729972311595,0.006830378985476866,0.013837764458971504,nan,1.0,0.0,4.535,0.6938820079358572,2.316999912261963,1.0,0,1,1,0,-0.03209898993372917,1.744795322418213,-1.1740211203336284,FOLLOW_MAIN,cascade_pd_tracking,follow_main,inner_wheel_pd,lidar_disabled,FOLLOW_MAIN,COMMITTED,UNKNOWN,1,2,1,1,1,1,2,0.4017333984375,7.748603820800781e-05,4.186891794204712,3.8005850315093994,1.2071483135223389,0.8037137985229492,0.026001935999829584,0.012938587999997253
1784803525.133868,247.7054877281189,-7.1000000000000005,-0.0071,-7.1000000000000005,-0.00709952244851009,-7.09952244851009,0.0,0.0,-0.051000000000000004,-0.05052984243517618,-0.05052984243517618,3.522083006317265e-08,-0.0017008601308962565,0.0,1.408833202526906e-09,-0.03638148655332685,-4.762408366509518e-05,0.78,0.04,0.72,0.028,1.0,0.10061289115069928,0.08678206820000013,0.0780049316644372,0.03253574697751907,0.06524999439716339,0.036429109228158736,0.036429109228158736,0.08126881482779545,0.014984146945350213,-0.06304347515106201,0.08432310332709941,0.06950542896986008,0.09115348231257628,0.08924103307290085,0.06099455982446671,0.10307879753187235,0.014817674357239338,0.028246473248434142,-0.028210470599801606,0.027945729972311595,0.006830378985476866,0.013837764458971504,nan,1.0,0.0,4.535,0.6938820079358572,2.316999912261963,1.0,0,1,1,0,-0.03209898993372917,1.744795322418213,-1.1740211203336284,FOLLOW_MAIN,cascade_pd_tracking,follow_main,inner_wheel_pd,lidar_disabled,FOLLOW_MAIN,COMMITTED,UNKNOWN,1,2,1,1,1,1,2,0.8273940086364746,0.4257380962371826,6.890296936035156e-05,4.226245403289795,1.6328082084655762,1.2293739318847656,0.026001935999829584,0.012938587999997253
1784803525.5325167,248.10413646697998,-7.1000000000000005,-0.0071,-7.1000000000000005,-0.00709952244851009,-7.09952244851009,0.0,0.0,-0.051000000000000004,-0.05052984243517618,-0.05052984243517618,3.522083006317265e-08,-0.0017008601308962565,0.0,1.408833202526906e-09,-0.03638148655332685,-4.762408366509518e-05,0.78,0.04,0.72,0.028,1.0,0.10061289115069928,0.08678206820000013,0.0780049316644372,0.04582947692283082,0.06524999439716339,0.036429109228158736,0.036429109228158736,0.08126881482779545,0.00443165967478831,-0.06304347515106201,0.08432310332709941,0.06950542896986008,0.09115348231257628,0.08924103307290085,0.06099455982446671,0.10307879753187235,0.014817674357239338,0.028246473248434142,-0.028210470599801606,0.027945729972311595,0.006830378985476866,0.013837764458971504,nan,1.0,0.0,4.535,0.6938820079358572,2.316999912261963,1.0,0,1,1,0,-0.03209898993372917,1.744795322418213,-1.1740211203336284,FOLLOW_MAIN,cascade_pd_tracking,follow_main,inner_wheel_pd,lidar_disabled,FOLLOW_MAIN,COMMITTED,UNKNOWN,1,2,1,1,1,1,2,1.226046085357666,0.824390172958374,0.39872097969055176,8.7738037109375e-05,2.031460762023926,1.6280264854431152,0.026001935999829584,0.012938587999997253
1784803525.9269269,248.4985466003418,-7.1000000000000005,-0.0071,-7.1000000000000005,-0.00709952244851009,-7.09952244851009,0.0,0.0,-0.051000000000000004,-0.05052984243517618,-0.05052984243517618,3.522083006317265e-08,-0.0017008601308962565,0.0,1.408833202526906e-09,-0.03638148655332685,-4.762408366509518e-05,0.78,0.04,0.72,0.028,1.0,0.10061289115069928,0.08678206820000013,0.0780049316644372,0.04582947692283082,0.06524999439716339,0.036429109228158736,0.036429109228158736,0.08126881482779545,0.00443165967478831,-0.06304347515106201,0.08432310332709941,0.06950542896986008,0.09115348231257628,0.08924103307290085,0.06099455982446671,0.10307879753187235,0.014817674357239338,0.028246473248434142,-0.028210470599801606,0.027945729972311595,0.006830378985476866,0.013837764458971504,nan,1.0,0.0,4.535,0.6938820079358572,2.316999912261963,1.0,0,1,1,0,-0.03209898993372917,1.744795322418213,-1.1740211203336284,FOLLOW_MAIN,cascade_pd_tracking,follow_main,inner_wheel_pd,lidar_disabled,FOLLOW_MAIN,COMMITTED,UNKNOWN,1,2,1,1,1,1,2,1.6204519271850586,1.2187957763671875,0.7931265830993652,0.39449334144592285,7.581710815429688e-05,2.0224318504333496,0.026001935999829584,0.012938587999997253
1784803526.319159,248.89077877998352,-7.1000000000000005,-0.0071,-7.1000000000000005,-0.00709952244851009,-7.09952244851009,0.0,0.0,-0.051000000000000004,-0.05052984243517618,-0.05052984243517618,3.522083006317265e-08,-0.0017008601308962565,0.0,1.408833202526906e-09,-0.03638148655332685,-4.762408366509518e-05,0.78,0.04,0.72,0.028,1.0,0.10061289115069928,0.08678206820000013,0.0780049316644372,0.04582947692283082,0.06524999439716339,0.036429109228158736,0.036429109228158736,0.08126881482779545,0.00443165967478831,-0.06304347515106201,0.08432310332709941,0.06950542896986008,0.09115348231257628,0.08924103307290085,0.06099455982446671,0.10307879753187235,0.014817674357239338,0.028246473248434142,-0.028210470599801606,0.027945729972311595,0.006830378985476866,0.013837764458971504,nan,1.0,0.0,4.535,0.6938820079358572,2.316999912261963,1.0,0,1,1,0,-0.03209898993372917,1.744795322418213,-1.1740211203336284,FOLLOW_MAIN,cascade_pd_tracking,follow_main,inner_wheel_pd,lidar_disabled,FOLLOW_MAIN,COMMITTED,UNKNOWN,1,2,1,1,1,1,2,2.0127131938934326,1.6110570430755615,1.1853880882263184,0.7867546081542969,0.3923370838165283,0.00010848045349121094,0.026001935999829584,0.012938587999997253
1784803526.7066453,249.27826499938965,-7.1000000000000005,-0.0071,-7.1000000000000005,-0.00709952244851009,-7.09952244851009,0.0,0.0,-0.051000000000000004,-0.05052984243517618,-0.05052984243517618,3.522083006317265e-08,-0.0017008601308962565,0.0,1.408833202526906e-09,-0.03638148655332685,-4.762408366509518e-05,0.78,0.04,0.72,0.028,1.0,0.10061289115069928,0.08678206820000013,0.0780049316644372,0.04582947692283082,0.06524999439716339,0.036429109228158736,0.036429109228158736,0.08126881482779545,0.00443165967478831,-0.06304347515106201,0.08432310332709941,0.06950542896986008,0.09115348231257628,0.08924103307290085,0.06099455982446671,0.10307879753187235,0.014817674357239338,0.028246473248434142,-0.028210470599801606,0.027945729972311595,0.006830378985476866,0.013837764458971504,nan,1.0,0.0,4.535,0.6938820079358572,2.316999912261963,1.0,0,1,1,0,-0.03209898993372917,1.744795322418213,-1.1740211203336284,FOLLOW_MAIN,cascade_pd_tracking,follow_main,inner_wheel_pd,lidar_disabled,FOLLOW_MAIN,COMMITTED,UNKNOWN,1,2,1,1,1,1,2,9.083747863769531e-05,1.9985275268554688,1.5728585720062256,1.1742255687713623,0.779808521270752,0.38758015632629395,0.026001935999829584,0.012938587999997253
1784803527.108197,249.67981672286987,-0.7000000000000001,-0.0007000000000000001,-0.7000000000000001,-0.0018043893613540094,-1.8043893613540094,0.0,0.0,-0.005,-0.012791904688378404,0.0,4.473729374836309e-10,0.03175424456646325,0.0,1.7894917499345236e-11,0.0,0.000889118847860971,0.78,0.04,0.72,0.028,1.0,0.11943397908457143,0.11943397908457143,0.10724085818503754,0.04582947692283082,0.09062500298023224,0.0,0.0,0.015250567330381612,0.00443165967478831,-0.03152172267436981,0.11943397908457143,0.0927527192607522,0.1323959409460231,0.11943397908457143,0.08849728669971228,0.1346337959347204,0.026681259823819234,0.030936692384859146,0.015495714601845028,0.03502045054166075,0.012961961861451682,0.015199816850148998,nan,1.0,0.0,2.771,0.8236826143763547,2.131999969482422,1.0,0,1,1,0,0.045719459652900696,1.5750892162322998,-1.1157681776927062,FOLLOW_MAIN,cascade_pd_tracking,follow_main,inner_wheel_pd,lidar_disabled,FOLLOW_MAIN,COMMITTED,UNKNOWN,1,2,1,1,1,1,2,0.40162229537963867,6.747245788574219e-05,1.9743895530700684,1.575756311416626,1.1813385486602783,0.7891099452972412,0.024660654999934195,0.09408275600026172
1784803527.5089533,250.08057308197021,-0.7000000000000001,-0.0007000000000000001,-0.7000000000000001,-0.0018043893613540094,-1.8043893613540094,0.0,0.0,-0.005,-0.012791904688378404,0.0,4.473729374836309e-10,0.03175424456646325,0.0,1.7894917499345236e-11,0.0,0.000889118847860971,0.78,0.04,0.72,0.028,1.0,0.11943397908457143,0.11943397908457143,0.10724085818503754,0.04582947692283082,0.09062500298023224,0.0,0.0,0.015250567330381612,0.00443165967478831,-0.03152172267436981,0.11943397908457143,0.0927527192607522,0.1323959409460231,0.11943397908457143,0.08849728669971228,0.1346337959347204,0.026681259823819234,0.030936692384859146,0.015495714601845028,0.03502045054166075,0.012961961861451682,0.015199816850148998,nan,1.0,0.0,2.771,0.8236826143763547,2.131999969482422,1.0,0,1,1,0,0.045719459652900696,1.5750892162322998,-1.1157681776927062,FOLLOW_MAIN,cascade_pd_tracking,follow_main,inner_wheel_pd,lidar_disabled,FOLLOW_MAIN,COMMITTED,UNKNOWN,1,2,1,1,1,1,2,0.8024070262908936,0.40085268020629883,0.00010418891906738281,1.9765419960021973,1.5821247100830078,1.189896583557129,0.024660654999934195,0.09408275600026172
1784803527.8996165,250.47123622894287,-0.7000000000000001,-0.0007000000000000001,-0.7000000000000001,-0.0018043893613540094,-1.8043893613540094,0.0,0.0,-0.005,-0.012791904688378404,0.0,4.473729374836309e-10,0.03175424456646325,0.0,1.7894917499345236e-11,0.0,0.000889118847860971,0.78,0.04,0.72,0.028,1.0,0.11943397908457143,0.11943397908457143,0.10724085818503754,0.11083934092035667,0.09062500298023224,0.0,0.0,0.015250567330381612,-0.019605500481267576,-0.03152172267436981,0.11943397908457143,0.0927527192607522,0.1323959409460231,0.11943397908457143,0.08849728669971228,0.1346337959347204,0.026681259823819234,0.030936692384859146,0.015495714601845028,0.03502045054166075,0.012961961861451682,0.015199816850148998,nan,1.0,0.0,2.771,0.8236826143763547,2.131999969482422,1.0,0,1,1,0,0.045719459652900696,1.5750892162322998,-1.1157681776927062,FOLLOW_MAIN,cascade_pd_tracking,follow_main,inner_wheel_pd,lidar_disabled,FOLLOW_MAIN,COMMITTED,UNKNOWN,1,2,1,1,1,1,2,1.1930606365203857,0.7915060520172119,0.39075756072998047,8.845329284667969e-05,1.9727778434753418,1.580549955368042,0.024660654999934195,0.09408275600026172
1784803528.308152,250.87977170944214,-0.7000000000000001,-0.0007000000000000001,-0.7000000000000001,-0.0018043893613540094,-1.8043893613540094,0.0,0.0,-0.005,-0.012791904688378404,0.0,4.473729374836309e-10,0.03175424456646325,0.0,1.7894917499345236e-11,0.0,0.000889118847860971,0.78,0.04,0.72,0.028,1.0,0.11943397908457143,0.11943397908457143,0.10724085818503754,0.11083934092035667,0.09062500298023224,0.0,0.0,0.015250567330381612,-0.019605500481267576,-0.03152172267436981,0.11943397908457143,0.0927527192607522,0.1323959409460231,0.11943397908457143,0.08849728669971228,0.1346337959347204,0.026681259823819234,0.030936692384859146,0.015495714601845028,0.03502045054166075,0.012961961861451682,0.015199816850148998,nan,1.0,0.0,2.771,0.8236826143763547,2.131999969482422,1.0,0,1,1,0,0.045719459652900696,1.5750892162322998,-1.1157681776927062,FOLLOW_MAIN,cascade_pd_tracking,follow_main,inner_wheel_pd,lidar_disabled,FOLLOW_MAIN,COMMITTED,UNKNOWN,1,2,1,1,1,1,2,1.6015863418579102,1.2000315189361572,0.7992830276489258,0.4086141586303711,7.390975952148438e-05,1.98907470703125,0.024660654999934195,0.09408275600026172
1784803528.7164817,251.28810143470764,-0.7000000000000001,-0.0007000000000000001,-0.7000000000000001,-0.0018043893613540094,-1.8043893613540094,0.0,0.0,-0.005,-0.012791904688378404,0.0,4.473729374836309e-10,0.03175424456646325,0.0,1.7894917499345236e-11,0.0,0.000889118847860971,0.78,0.04,0.72,0.028,1.0,0.11943397908457143,0.11943397908457143,0.10724085818503754,0.11083934092035667,0.09062500298023224,0.0,0.0,0.015250567330381612,-0.019605500481267576,-0.03152172267436981,0.11943397908457143,0.0927527192607522,0.1323959409460231,0.11943397908457143,0.08849728669971228,0.1346337959347204,0.026681259823819234,0.030936692384859146,0.015495714601845028,0.03502045054166075,0.012961961861451682,0.015199816850148998,nan,1.0,0.0,2.771,0.8236826143763547,2.131999969482422,1.0,0,1,1,0,0.045719459652900696,1.5750892162322998,-1.1157681776927062,FOLLOW_MAIN,cascade_pd_tracking,follow_main,inner_wheel_pd,lidar_disabled,FOLLOW_MAIN,COMMITTED,UNKNOWN,1,2,1,1,1,1,2,2.009953737258911,1.6083989143371582,1.2076504230499268,0.816981315612793,0.40844178199768066,0.00015544891357421875,0.024660654999934195,0.09408275600026172
1784803529.123229,251.69484877586365,-0.7000000000000001,-0.0007000000000000001,-0.7000000000000001,-0.0018043893613540094,-1.8043893613540094,0.0,0.0,-0.005,-0.012791904688378404,0.0,4.473729374836309e-10,0.03175424456646325,0.0,1.7894917499345236e-11,0.0,0.000889118847860971,0.78,0.04,0.72,0.028,1.0,0.11943397908457143,0.11943397908457143,0.10724085818503754,0.11083934092035667,0.09062500298023224,0.0,0.0,0.015250567330381612,-0.019605500481267576,-0.03152172267436981,0.11943397908457143,0.0927527192607522,0.1323959409460231,0.11943397908457143,0.08849728669971228,0.1346337959347204,0.026681259823819234,0.030936692384859146,0.015495714601845028,0.03502045054166075,0.012961961861451682,0.015199816850148998,nan,1.0,0.0,2.771,0.8236826143763547,2.131999969482422,1.0,0,1,1,0,0.045719459652900696,1.5750892162322998,-1.1157681776927062,FOLLOW_MAIN,cascade_pd_tracking,follow_main,inner_wheel_pd,lidar_disabled,FOLLOW_MAIN,COMMITTED,UNKNOWN,1,2,1,1,1,1,2,6.246566772460938e-05,2.0151045322418213,1.6143560409545898,1.2236871719360352,0.8151469230651855,0.4068605899810791,0.024660654999934195,0.09408275600026172
1784803529.5147398,252.086359500885,6.9,0.006900000000000001,6.9,0.007294099234582267,7.294099234582267,0.0,0.0,0.049,0.05201265313878298,0.05201265313878298,5.773613256414562e-12,0.02131417084265443,0.0,2.3094453025658245e-13,0.03744911025992374,0.000596796783594324,0.78,0.04,0.72,0.028,0.75,0.065,0.09562154287036895,0.07586460457829367,0.11083934092035667,0.08699999749660492,-0.02853443028281176,-0.02853443028281176,-0.04936089855941405,-0.019605500481267576,0.0,0.09754761691445873,0.08699999749660492,0.09807302036601959,0.09369546882627916,0.08699999749660492,0.09082984503393166,0.010547619417853815,0.006695471329674241,0.1953396612217461,0.20057778582854147,0.007016253932787292,0.00521960409652905,nan,1.0,0.0,-3.2259999999999995,0.759395907378576,1.9049999713897705,1.0,0,1,1,0,0.15764854848384857,1.3563538789749146,-1.0968249152184666,FOLLOW_MAIN,cascade_pd_tracking,planner_hold,inner_wheel_pd,lidar_disabled,FOLLOW_MAIN,COMMITTED,HOLD,1,1,1,1,1,1,1,0.39157915115356445,8.440017700195312e-05,2.0058724880218506,1.615203857421875,1.2066636085510254,0.798377275466919,0.03140982000013537,0.013668683000105375
1784803529.9247649,252.4963846206665,6.9,0.006900000000000001,6.9,0.007294099234582267,7.294099234582267,0.0,0.0,0.049,0.05201265313878298,0.05201265313878298,5.773613256414562e-12,0.02131417084265443,0.0,2.3094453025658245e-13,0.03744911025992374,0.000596796783594324,0.78,0.04,0.72,0.028,0.75,0.065,0.09562154287036895,0.07586460457829367,0.11083934092035667,0.08699999749660492,-0.02853443028281176,-0.02853443028281176,-0.04936089855941405,-0.019605500481267576,0.0,0.09754761691445873,0.08699999749660492,0.09807302036601959,0.09369546882627916,0.08699999749660492,0.09082984503393166,0.010547619417853815,0.006695471329674241,0.1953396612217461,0.20057778582854147,0.007016253932787292,0.00521960409652905,nan,1.0,0.0,-3.2259999999999995,0.759395907378576,1.9049999713897705,1.0,0,1,1,0,0.15764854848384857,1.3563538789749146,-1.0968249152184666,FOLLOW_MAIN,cascade_pd_tracking,planner_hold,inner_wheel_pd,lidar_disabled,FOLLOW_MAIN,COMMITTED,HOLD,1,1,1,1,1,1,1,0.8016078472137451,0.4101135730743408,8.249282836914062e-05,2.0252327919006348,1.6166927814483643,1.2084064483642578,0.03140982000013537,0.013668683000105375
1784803530.3532338,252.92485356330872,6.9,0.006900000000000001,6.9,0.007294099234582267,7.294099234582267,0.0,0.0,0.049,0.05201265313878298,0.05201265313878298,5.773613256414562e-12,0.02131417084265443,0.0,2.3094453025658245e-13,0.03744911025992374,0.000596796783594324,0.78,0.04,0.72,0.028,0.75,0.065,0.09562154287036895,0.07586460457829367,0.04577601386675778,0.08699999749660492,-0.02853443028281176,-0.02853443028281176,-0.04936089855941405,-0.025965955013078596,0.0,0.09754761691445873,0.08699999749660492,0.09807302036601959,0.09369546882627916,0.08699999749660492,0.09082984503393166,0.010547619417853815,0.006695471329674241,0.1953396612217461,0.20057778582854147,0.007016253932787292,0.00521960409652905,nan,1.0,0.0,-3.2259999999999995,0.759395907378576,1.9049999713897705,1.0,0,1,1,0,0.15764854848384857,1.3563538789749146,-1.0968249152184666,FOLLOW_MAIN,cascade_pd_tracking,planner_hold,inner_wheel_pd,lidar_disabled,FOLLOW_MAIN,COMMITTED,HOLD,1,1,1,1,1,1,1,1.2301080226898193,0.8386139869689941,0.42858290672302246,0.00013875961303710938,2.045194149017334,1.6369085311889648,0.03140982000013537,0.013668683000105375
1784803530.7264483,253.29806804656982,6.9,0.006900000000000001,6.9,0.007294099234582267,7.294099234582267,0.0,0.0,0.049,0.05201265313878298,0.05201265313878298,5.773613256414562e-12,0.02131417084265443,0.0,2.3094453025658245e-13,0.03744911025992374,0.000596796783594324,0.78,0.04,0.72,0.028,0.75,0.065,0.09562154287036895,0.07586460457829367,0.04577601386675778,0.08699999749660492,-0.02853443028281176,-0.02853443028281176,-0.04936089855941405,-0.025965955013078596,0.0,0.09754761691445873,0.08699999749660492,0.09807302036601959,0.09369546882627916,0.08699999749660492,0.09082984503393166,0.010547619417853815,0.006695471329674241,0.1953396612217461,0.20057778582854147,0.007016253932787292,0.00521960409652905,nan,1.0,0.0,-3.2259999999999995,0.759395907378576,1.9049999713897705,1.0,0,1,1,0,0.15764854848384857,1.3563538789749146,-1.0968249152184666,FOLLOW_MAIN,cascade_pd_tracking,planner_hold,inner_wheel_pd,lidar_disabled,FOLLOW_MAIN,COMMITTED,HOLD,1,1,1,1,1,1,1,1.6033201217651367,1.2118256092071533,0.8017942905426025,0.3733503818511963,0.0001227855682373047,2.010118246078491,0.03140982000013537,0.013668683000105375
1784803531.119177,253.69079685211182,6.9,0.006900000000000001,6.9,0.007294099234582267,7.294099234582267,0.0,0.0,0.049,0.05201265313878298,0.05201265313878298,5.773613256414562e-12,0.02131417084265443,0.0,2.3094453025658245e-13,0.03744911025992374,0.000596796783594324,0.78,0.04,0.72,0.028,0.75,0.065,0.09562154287036895,0.07586460457829367,0.04577601386675778,0.08699999749660492,-0.02853443028281176,-0.02853443028281176,-0.04936089855941405,-0.025965955013078596,0.0,0.09754761691445873,0.08699999749660492,0.09807302036601959,0.09369546882627916,0.08699999749660492,0.09082984503393166,0.010547619417853815,0.006695471329674241,0.1953396612217461,0.20057778582854147,0.007016253932787292,0.00521960409652905,nan,1.0,0.0,-3.2259999999999995,0.759395907378576,1.9049999713897705,1.0,0,1,1,0,0.15764854848384857,1.3563538789749146,-1.0968249152184666,FOLLOW_MAIN,cascade_pd_tracking,planner_hold,inner_wheel_pd,lidar_disabled,FOLLOW_MAIN,COMMITTED,HOLD,1,1,1,1,1,1,1,1.9960105419158936,1.604515790939331,1.1944847106933594,0.7660403251647949,0.39281296730041504,6.890296936035156e-05,0.03140982000013537,0.013668683000105375
1784803531.5560722,254.12769198417664,6.9,0.006900000000000001,6.9,0.007294099234582267,7.294099234582267,0.0,0.0,0.049,0.05201265313878298,0.05201265313878298,5.773613256414562e-12,0.02131417084265443,0.0,2.3094453025658245e-13,0.03744911025992374,0.000596796783594324,0.78,0.04,0.72,0.028,0.75,0.065,0.09562154287036895,0.07586460457829367,0.04577601386675778,0.08699999749660492,-0.02853443028281176,-0.02853443028281176,-0.04936089855941405,-0.025965955013078596,0.0,0.09754761691445873,0.08699999749660492,0.09807302036601959,0.09369546882627916,0.08699999749660492,0.09082984503393166,0.010547619417853815,0.006695471329674241,0.1953396612217461,0.20057778582854147,0.007016253932787292,0.00521960409652905,nan,1.0,0.0,-3.2259999999999995,0.759395907378576,1.9049999713897705,1.0,0,1,1,0,0.15764854848384857,1.3563538789749146,-1.0968249152184666,FOLLOW_MAIN,cascade_pd_tracking,planner_hold,inner_wheel_pd,lidar_disabled,FOLLOW_MAIN,COMMITTED,HOLD,1,1,1,1,1,1,1,0.00010704994201660156,2.0414366722106934,1.6314058303833008,1.2029619216918945,0.8297345638275146,0.43699073791503906,0.03140982000013537,0.013668683000105375
1784803532.0019946,254.57361435890198,-10.200000000000001,-0.0102,-10.200000000000001,-0.006677983218863178,-6.677983218863178,0.0,0.0,-0.073,-0.04765199762256227,-0.04765199762256227,6.25038996192621e-14,-0.06164003364315462,0.0,2.5001559847704844e-15,-0.03430943828824483,-0.0017259209420083293,0.78,0.04,0.72,0.028,0.75,0.065,0.065,0.05155824860948303,0.04577601386675778,0.06524999439716339,0.027026519422687995,0.027026519422687995,0.023059536365919554,-0.025965955013078596,1.6196914032207133e-08,0.06317570993896857,0.0652499933038717,0.062498151361524236,0.06682429006103144,0.06524999549045508,0.06588188767608852,0.0,0.0,-0.06775585774443332,-0.09424023849429249,-0.0006775585774443332,-0.0009424023849429249,nan,1.0,0.0,-3.7489999999999997,0.7351362684209495,1.7699999809265137,1.0,0,1,1,0,0.2214171141386032,1.2307251691818237,-1.1032874569586792,FOLLOW_MAIN,cascade_pd_tracking,planner_hold,inner_wheel_pd,lidar_disabled,FOLLOW_MAIN,COMMITTED,HOLD,1,1,1,1,1,1,1,0.44600486755371094,7.963180541992188e-05,2.077303409576416,1.6488592624664307,1.2756316661834717,0.882887601852417,0.04200140200009628,0.02981159299997671
1784803532.4251785,254.99679827690125,-10.200000000000001,-0.0102,-10.200000000000001,-0.006677983218863178,-6.677983218863178,0.0,0.0,-0.073,-0.04765199762256227,-0.04765199762256227,6.25038996192621e-14,-0.06164003364315462,0.0,2.5001559847704844e-15,-0.03430943828824483,-0.0017259209420083293,0.78,0.04,0.72,0.028,0.75,0.065,0.065,0.05155824860948303,0.04577601386675778,0.06524999439716339,0.027026519422687995,0.027026519422687995,0.023059536365919554,-0.025965955013078596,1.6196914032207133e-08,0.06317570993896857,0.0652499933038717,0.062498151361524236,0.06682429006103144,0.06524999549045508,0.06588188767608852,0.0,0.0,-0.06775585774443332,-0.09424023849429249,-0.0006775585774443332,-0.0009424023849429249,nan,1.0,0.0,-3.7489999999999997,0.7351362684209495,1.7699999809265137,1.0,0,1,1,0,0.2214171141386032,1.2307251691818237,-1.1032874569586792,FOLLOW_MAIN,cascade_pd_tracking,planner_hold,inner_wheel_pd,lidar_disabled,FOLLOW_MAIN,COMMITTED,HOLD,1,1,1,1,1,1,1,0.869218111038208,0.4232931137084961,0.00010442733764648438,2.0720736980438232,1.6988468170166016,1.306103229522705,0.04200140200009628,0.02981159299997671
1784803532.8732555,255.44487524032593,-10.200000000000001,-0.0102,-10.200000000000001,-0.006677983218863178,-6.677983218863178,0.0,0.0,-0.073,-0.04765199762256227,-0.04765199762256227,6.25038996192621e-14,-0.06164003364315462,0.0,2.5001559847704844e-15,-0.03430943828824483,-0.0017259209420083293,0.78,0.04,0.72,0.028,0.75,0.065,0.065,0.05155824860948303,0.058808966898404175,0.06524999439716339,0.027026519422687995,0.027026519422687995,0.023059536365919554,0.014871214705463692,1.6196914032207133e-08,0.06317570993896857,0.0652499933038717,0.062498151361524236,0.06682429006103144,0.06524999549045508,0.06588188767608852,0.0,0.0,-0.06775585774443332,-0.09424023849429249,-0.0006775585774443332,-0.0009424023849429249,nan,1.0,0.0,-3.7489999999999997,0.7351362684209495,1.7699999809265137,1.0,0,1,1,0,0.2214171141386032,1.2307251691818237,-1.1032874569586792,FOLLOW_MAIN,cascade_pd_tracking,planner_hold,inner_wheel_pd,lidar_disabled,FOLLOW_MAIN,COMMITTED,HOLD,1,1,1,1,1,1,1,1.3172953128814697,0.8713703155517578,0.44818115234375,0.00011777877807617188,2.1469240188598633,1.7541804313659668,0.04200140200009628,0.02981159299997671
1784803533.318316,255.88993573188782,-10.200000000000001,-0.0102,-10.200000000000001,-0.006677983218863178,-6.677983218863178,0.0,0.0,-0.073,-0.04765199762256227,-0.04765199762256227,6.25038996192621e-14,-0.06164003364315462,0.0,2.5001559847704844e-15,-0.03430943828824483,-0.0017259209420083293,0.78,0.04,0.72,0.028,0.75,0.065,0.065,0.05155824860948303,0.058808966898404175,0.06524999439716339,0.027026519422687995,0.027026519422687995,0.023059536365919554,0.014871214705463692,1.6196914032207133e-08,0.06317570993896857,0.0652499933038717,0.062498151361524236,0.06682429006103144,0.06524999549045508,0.06588188767608852,0.0,0.0,-0.06775585774443332,-0.09424023849429249,-0.0006775585774443332,-0.0009424023849429249,nan,1.0,0.0,-3.7489999999999997,0.7351362684209495,1.7699999809265137,1.0,0,1,1,0,0.2214171141386032,1.2307251691818237,-1.1032874569586792,FOLLOW_MAIN,cascade_pd_tracking,planner_hold,inner_wheel_pd,lidar_disabled,FOLLOW_MAIN,COMMITTED,HOLD,1,1,1,1,1,1,1,1.7623326778411865,1.3164069652557373,0.8932178020477295,0.44515395164489746,8.535385131835938e-05,2.1992151737213135,0.04200140200009628,0.02981159299997671
1784803533.7189941,256.2906138896942,-10.200000000000001,-0.0102,-10.200000000000001,-0.006677983218863178,-6.677983218863178,0.0,0.0,-0.073,-0.04765199762256227,-0.04765199762256227,6.25038996192621e-14,-0.06164003364315462,0.0,2.5001559847704844e-15,-0.03430943828824483,-0.0017259209420083293,0.78,0.04,0.72,0.028,0.75,0.065,0.065,0.05155824860948303,0.058808966898404175,0.06524999439716339,0.027026519422687995,0.027026519422687995,0.023059536365919554,0.014871214705463692,1.6196914032207133e-08,0.06317570993896857,0.0652499933038717,0.062498151361524236,0.06682429006103144,0.06524999549045508,0.06588188767608852,0.0,0.0,-0.06775585774443332,-0.09424023849429249,-0.0006775585774443332,-0.0009424023849429249,nan,1.0,0.0,-3.7489999999999997,0.7351362684209495,1.7699999809265137,1.0,0,1,1,0,0.2214171141386032,1.2307251691818237,-1.1032874569586792,FOLLOW_MAIN,cascade_pd_tracking,planner_hold,inner_wheel_pd,lidar_disabled,FOLLOW_MAIN,COMMITTED,HOLD,1,1,1,1,1,1,1,2.163008451461792,1.7170829772949219,1.293893575668335,0.8458297252655029,0.40076160430908203,7.796287536621094e-05,0.04200140200009628,0.02981159299997671
1784803534.2144692,256.78608894348145,-10.200000000000001,-0.0102,-10.200000000000001,-0.006677983218863178,-6.677983218863178,0.0,0.0,-0.073,-0.04765199762256227,-0.04765199762256227,6.25038996192621e-14,-0.06164003364315462,0.0,2.5001559847704844e-15,-0.03430943828824483,-0.0017259209420083293,0.78,0.04,0.72,0.028,0.75,0.065,0.065,0.05155824860948303,0.058808966898404175,0.06524999439716339,0.027026519422687995,0.027026519422687995,0.023059536365919554,0.014871214705463692,1.6196914032207133e-08,0.06317570993896857,0.0652499933038717,0.062498151361524236,0.06682429006103144,0.06524999549045508,0.06588188767608852,0.0,0.0,-0.06775585774443332,-0.09424023849429249,-0.0006775585774443332,-0.0009424023849429249,nan,1.0,0.0,-3.7489999999999997,0.7351362684209495,1.7699999809265137,1.0,0,1,1,0,0.2214171141386032,1.2307251691818237,-1.1032874569586792,FOLLOW_MAIN,cascade_pd_tracking,planner_hold,inner_wheel_pd,lidar_disabled,FOLLOW_MAIN,COMMITTED,HOLD,1,1,1,1,1,1,1,7.963180541992188e-05,2.2125601768493652,1.7893712520599365,1.3413074016571045,0.8962390422821045,0.4955556392669678,0.04200140200009628,0.02981159299997671
1784803534.6443594,257.2159790992737,-25.700000000000003,-0.025700000000000004,-25.700000000000003,-0.022931574344256647,-22.931574344256646,-0.022931574344256647,-22.931574344256646,-0.182,-0.1622611763673635,-0.1622611763673635,-0.006102056195300587,-0.04071536118486842,-0.017886627988520185,-0.0002440822478120235,-0.11682804698450172,-0.0011400301131763158,0.78,0.04,0.72,0.028,1.0,0.10569924348479418,0.0829812486800347,0.09245628354121631,0.058808966898404175,0.018124999478459358,0.13609878733401023,0.13609878733401023,0.11070908241527423,0.014871214705463692,0.15760868787765503,0.07379458053498901,0.007486413046717643,0.10698539576638931,0.0921679168250804,0.028763585910201075,0.12323075025123933,0.06630816748827137,0.06340433091487932,0.13628948370300428,0.06287545870168666,0.0331908152314003,0.03106283342615894,nan,1.0,0.0,-1.921,0.7289602998951323,1.6339999437332153,1.0,0,1,1,0,0.294260710477829,1.1040256023406982,-1.0001480737442998,FOLLOW_MAIN,cascade_pd_tracking,follow_main,inner_wheel_pd,lidar_disabled,FOLLOW_MAIN,COMMITTED,UNKNOWN,1,2,1,1,1,1,2,0.4299943447113037,0.00012826919555664062,2.2192862033843994,1.7712228298187256,1.3261547088623047,0.9254710674285889,0.08259343000008812,0.03707772300003853
1784803535.0869935,257.65861320495605,-25.700000000000003,-0.025700000000000004,-25.700000000000003,-0.022931574344256647,-22.931574344256646,-0.022931574344256647,-22.931574344256646,-0.182,-0.1622611763673635,-0.1622611763673635,-0.006102056195300587,-0.04071536118486842,-0.017886627988520185,-0.0002440822478120235,-0.11682804698450172,-0.0011400301131763158,0.78,0.04,0.72,0.028,1.0,0.10569924348479418,0.0829812486800347,0.09245628354121631,0.058808966898404175,0.018124999478459358,0.13609878733401023,0.13609878733401023,0.11070908241527423,0.014871214705463692,0.15760868787765503,0.07379458053498901,0.007486413046717643,0.10698539576638931,0.0921679168250804,0.028763585910201075,0.12323075025123933,0.06630816748827137,0.06340433091487932,0.13628948370300428,0.06287545870168666,0.0331908152314003,0.03106283342615894,nan,1.0,0.0,-1.921,0.7289602998951323,1.6339999437332153,1.0,0,1,1,0,0.294260710477829,1.1040256023406982,-1.0001480737442998,FOLLOW_MAIN,cascade_pd_tracking,follow_main,inner_wheel_pd,lidar_disabled,FOLLOW_MAIN,COMMITTED,UNKNOWN,1,2,1,1,1,1,2,0.8726270198822021,0.442760705947876,0.00012230873107910156,2.213855028152466,1.768787145614624,1.3681037425994873,0.08259343000008812,0.03707772300003853
