time_wall_s,t_s,epsilon_x_mm,e_lat_raw_m,e_lat_raw_mm,e_lat_filtered_m,e_lat_filtered_mm,e_lat_used_m,e_lat_used_mm,theta_raw_rad,theta_filtered_rad,theta_used_rad,de_lat_mps,de_heading_rps,p_lat,d_lat,p_heading,d_heading,outer_kp_lat,outer_kd_lat,outer_kp_heading,outer_kd_heading,outer_gain_multiplier,v_target,v_ref,v_cmd_internal,cmd_v,odom_v,omega_target,omega_ref,omega_cmd_internal,cmd_omega,odom_omega,v_left_ref,v_left_measured,v_left_cmd,v_right_ref,v_right_measured,v_right_cmd,left_wheel_error,right_wheel_error,d_left_wheel_error,d_right_wheel_error,left_pd_correction,right_pd_correction,fps,confidence,lookahead_m,curvature,speed_factor,front_min_m,lidar_ratio,lidar_stop,raw_valid,cmd_published,emergency_stop,odom_x,odom_y,odom_yaw,lane_state,controller_mode,outer_mode,mix_mode,lidar_mode,intent_hint,trajectory_hint,planner_status_hint,controller_mode_code,outer_mode_code,mix_mode_code,lidar_mode_code,intent_hint_code,trajectory_hint_code,planner_status_hint_code,control_error_age_s,cascade_state_age_s,cascade_ref_age_s,cmd_vel_age_s,odom_age_local_s,scan_age_s,controller_error_age_s,controller_odom_age_s
1784810089.358449,0.4974081516265869,-3.7,-0.0037,-3.7,nan,nan,nan,nan,-0.026000000000000002,nan,nan,nan,nan,nan,nan,nan,nan,nan,nan,nan,nan,nan,nan,nan,nan,nan,nan,nan,nan,nan,nan,nan,nan,nan,nan,nan,nan,nan,nan,nan,nan,nan,nan,nan,nan,nan,nan,nan,nan,nan,nan,0,0,0,0,nan,nan,nan,FOLLOW_MAIN,,,,,,,,0,0,0,0,0,0,0,0.0001652240753173828,nan,nan,nan,nan,nan,nan,nan
1784810090.4408057,1.5797648429870605,-3.7,-0.0037,-3.7,nan,nan,nan,nan,-0.026000000000000002,nan,nan,nan,nan,nan,nan,nan,nan,nan,nan,nan,nan,nan,nan,nan,nan,nan,0.0,nan,nan,nan,nan,0.0,nan,nan,nan,nan,nan,nan,nan,nan,nan,nan,nan,nan,nan,nan,nan,nan,nan,nan,nan,0,0,0,0,0.906173825263977,-6.354183197021484,0.425334310829692,FOLLOW_MAIN,,,,,,,,0,0,0,0,0,0,0,1.082479476928711,nan,nan,nan,0.00011110305786132812,nan,nan,nan
1784810090.899682,2.0386412143707275,-3.7,-0.0037,-3.7,nan,nan,nan,nan,-0.026000000000000002,nan,nan,nan,nan,nan,nan,nan,nan,nan,nan,nan,nan,nan,nan,nan,nan,nan,0.0,nan,nan,nan,nan,0.0,nan,nan,nan,nan,nan,nan,nan,nan,nan,nan,nan,nan,nan,nan,nan,nan,nan,2.8259999752044678,nan,0,0,0,0,0.906173825263977,-6.354183197021484,0.425334310829692,FOLLOW_MAIN,,,,,,,,0,0,0,0,0,0,0,1.5413463115692139,nan,nan,nan,0.45897817611694336,0.00012183189392089844,nan,nan
1784810091.343619,2.4825782775878906,-3.3000000000000003,-0.0033000000000000004,-3.3000000000000003,nan,nan,nan,nan,-0.023,nan,nan,nan,nan,nan,nan,nan,nan,nan,nan,nan,nan,nan,nan,nan,nan,nan,0.0,nan,nan,nan,nan,0.0,nan,nan,nan,nan,nan,nan,nan,nan,nan,nan,nan,nan,nan,nan,nan,nan,nan,2.8289999961853027,nan,0,0,0,0,0.906173825263977,-6.354183197021484,0.425334310829692,FOLLOW_MAIN,,,,,,,,0,0,0,0,0,0,0,0.4042208194732666,nan,nan,nan,0.400848388671875,0.0001499652862548828,nan,nan
1784810091.3957076,2.5346667766571045,-3.6,-0.0036,-3.6,nan,nan,nan,nan,-0.026000000000000002,nan,nan,nan,nan,nan,nan,nan,nan,nan,nan,nan,nan,nan,nan,nan,nan,nan,0.0,nan,nan,nan,nan,0.0,nan,nan,nan,nan,nan,nan,nan,nan,nan,nan,nan,nan,nan,nan,nan,nan,nan,2.822999954223633,nan,0,0,0,0,0.906173825263977,-6.354183197021484,0.425334310829692,FOLLOW_MAIN,,,,,,,,0,0,0,0,0,0,0,0.00019073486328125,nan,nan,nan,0.00812673568725586,0.0042035579681396484,nan,nan
1784810091.8225777,2.9615368843078613,-3.2,-0.0032,-3.2,nan,nan,nan,nan,-0.023,nan,nan,nan,nan,nan,nan,nan,nan,nan,nan,nan,nan,nan,nan,nan,nan,nan,0.0,nan,nan,nan,nan,0.0,nan,nan,nan,nan,nan,nan,nan,nan,nan,nan,nan,nan,nan,nan,nan,nan,nan,2.8239998817443848,nan,0,0,0,0,0.906173825263977,-6.354183197021484,0.425334310829692,FOLLOW_MAIN,,,,,,,,0,0,0,0,0,0,0,0.0001227855682373047,nan,nan,nan,0.38637638092041016,0.3986828327178955,nan,nan
1784810091.8750792,3.014038324356079,-3.2,-0.0032,-3.2,nan,nan,nan,nan,-0.023,nan,nan,nan,nan,nan,nan,nan,nan,nan,nan,nan,nan,nan,nan,nan,nan,nan,0.0,nan,nan,nan,nan,0.0,nan,nan,nan,nan,nan,nan,nan,nan,nan,nan,nan,nan,nan,nan,nan,nan,nan,2.825000047683716,nan,0,0,0,0,0.906173825263977,-6.354183197021484,0.425334310829692,FOLLOW_MAIN,,,,,,,,0,0,0,0,0,0,0,0.03463387489318848,nan,nan,nan,0.008775949478149414,0.015583038330078125,nan,nan
1784810091.9315755,3.0705347061157227,-3.2,-0.0032,-3.2,nan,nan,nan,nan,-0.023,nan,nan,nan,nan,nan,nan,nan,nan,nan,nan,nan,nan,nan,nan,nan,nan,nan,0.0,nan,nan,nan,nan,0.0,nan,nan,nan,nan,nan,nan,nan,nan,nan,nan,nan,nan,nan,nan,nan,nan,nan,2.8239998817443848,nan,0,0,0,0,0.906173825263977,-6.354183197021484,0.425334310829692,FOLLOW_MAIN,,,,,,,,0,0,0,0,0,0,0,0.0911872386932373,nan,nan,nan,0.06533145904541016,0.017486572265625,nan,nan
1784810092.2935083,3.432467460632324,-3.3000000000000003,-0.0033000000000000004,-3.3000000000000003,nan,nan,nan,nan,-0.024,nan,nan,nan,nan,nan,nan,nan,nan,nan,nan,nan,nan,nan,nan,nan,nan,nan,0.0,nan,nan,nan,nan,0.0,nan,nan,nan,nan,nan,nan,nan,nan,nan,nan,nan,nan,nan,nan,nan,nan,nan,2.8239998817443848,nan,0,0,0,0,0.906173825263977,-6.354183197021484,0.425334310829692,FOLLOW_MAIN,,,,,,,,0,0,0,0,0,0,0,9.131431579589844e-05,nan,nan,nan,0.4271724224090576,0.37932729721069336,nan,nan
1784810092.3485034,3.4874625205993652,-3.3000000000000003,-0.0033000000000000004,-3.3000000000000003,nan,nan,nan,nan,-0.024,nan,nan,nan,nan,nan,nan,nan,nan,nan,nan,nan,nan,nan,nan,nan,nan,nan,0.0,nan,nan,nan,nan,0.0,nan,nan,nan,nan,nan,nan,nan,nan,nan,nan,nan,nan,nan,nan,nan,nan,nan,2.822000026702881,nan,0,0,0,0,0.906173825263977,-6.354183197021484,0.425334310829692,FOLLOW_MAIN,,,,,,,,0,0,0,0,0,0,0,0.055176496505737305,nan,nan,nan,0.008952856063842773,0.021796226501464844,nan,nan
1784810092.4066522,3.5456113815307617,-3.3000000000000003,-0.0033000000000000004,-3.3000000000000003,nan,nan,nan,nan,-0.024,nan,nan,nan,nan,nan,nan,nan,nan,nan,nan,nan,nan,nan,nan,nan,nan,nan,0.0,nan,nan,nan,nan,0.0,nan,nan,nan,nan,nan,nan,nan,nan,nan,nan,nan,nan,nan,nan,nan,nan,nan,2.821000099182129,nan,0,0,0,0,0.906173825263977,-6.354183197021484,0.425334310829692,FOLLOW_MAIN,,,,,,,,0,0,0,0,0,0,0,0.11344456672668457,nan,nan,nan,0.00036454200744628906,0.009572267532348633,nan,nan
1784810092.7908144,3.9297735691070557,-3.5,-0.0035,-3.5,nan,nan,nan,nan,-0.025,nan,nan,nan,nan,nan,nan,nan,nan,nan,nan,nan,nan,nan,nan,nan,nan,nan,0.0,nan,nan,nan,nan,0.0,nan,nan,nan,nan,nan,nan,nan,nan,nan,nan,nan,nan,nan,nan,nan,nan,nan,2.821000099182129,nan,0,0,0,0,0.906173825263977,-6.354183197021484,0.425334310829692,FOLLOW_MAIN,,,,,,,,0,0,0,0,0,0,0,9.34600830078125e-05,nan,nan,nan,0.3843119144439697,0.39351820945739746,nan,nan
1784810092.8412206,3.980179786682129,-3.7,-0.0037,-3.7,nan,nan,nan,nan,-0.026000000000000002,nan,nan,nan,nan,nan,nan,nan,nan,nan,nan,nan,nan,nan,nan,nan,nan,nan,0.0,nan,nan,nan,nan,0.0,nan,nan,nan,nan,nan,nan,nan,nan,nan,nan,nan,nan,nan,nan,nan,nan,nan,2.8259999752044678,nan,0,0,0,0,0.906173825263977,-6.354183197021484,0.425334310829692,FOLLOW_MAIN,,,,,,,,0,0,0,0,0,0,0,0.013206720352172852,nan,nan,nan,0.021046876907348633,0.009066104888916016,nan,nan
1784810092.89486,4.033819198608398,-3.7,-0.0037,-3.7,nan,nan,nan,nan,-0.026000000000000002,nan,nan,nan,nan,nan,nan,nan,nan,nan,nan,nan,nan,nan,nan,nan,nan,nan,0.0,nan,nan,nan,nan,0.0,nan,nan,nan,nan,nan,nan,nan,nan,nan,nan,nan,nan,nan,nan,nan,nan,nan,2.822999954223633,nan,0,0,0,0,0.906173825263977,-6.354183197021484,0.425334310829692,FOLLOW_MAIN,,,,,,,,0,0,0,0,0,0,0,0.06679701805114746,nan,nan,nan,0.008763313293457031,0.029766559600830078,nan,nan
1784810092.9486444,4.087603569030762,-3.7,-0.0037,-3.7,nan,nan,nan,nan,-0.026000000000000002,nan,nan,nan,nan,nan,nan,nan,nan,nan,nan,nan,nan,nan,nan,nan,nan,nan,0.0,nan,nan,nan,nan,0.0,nan,nan,nan,nan,nan,nan,nan,nan,nan,nan,nan,nan,nan,nan,nan,nan,nan,2.822999954223633,nan,0,0,0,0,0.906173825263977,-6.354183197021484,0.425334310829692,FOLLOW_MAIN,,,,,,,,0,0,0,0,0,0,0,0.033267974853515625,nan,nan,nan,0.06253671646118164,0.00872349739074707,nan,nan
1784810093.3210251,4.459984302520752,-3.7,-0.0037,-3.7,nan,nan,nan,nan,-0.026000000000000002,nan,nan,nan,nan,nan,nan,nan,nan,nan,nan,nan,nan,nan,nan,nan,nan,nan,0.0,nan,nan,nan,nan,0.0,nan,nan,nan,nan,nan,nan,nan,nan,nan,nan,nan,nan,nan,nan,nan,nan,nan,2.822999954223633,nan,0,0,0,0,0.906173825263977,-6.354183197021484,0.425334310829692,FOLLOW_MAIN,,,,,,,,0,0,0,0,0,0,0,9.274482727050781e-05,nan,nan,nan,0.43488121032714844,0.38106775283813477,nan,nan
1784810093.375117,4.514076232910156,-3.6,-0.0036,-3.6,nan,nan,nan,nan,-0.026000000000000002,nan,nan,nan,nan,nan,nan,nan,nan,nan,nan,nan,nan,nan,nan,nan,nan,nan,0.0,nan,nan,nan,nan,0.0,nan,nan,nan,nan,nan,nan,nan,nan,nan,nan,nan,nan,nan,nan,nan,nan,nan,2.822999954223633,nan,0,0,0,0,0.906173825263977,-6.354183197021484,0.425334310829692,FOLLOW_MAIN,,,,,,,,0,0,0,0,0,0,0,0.020911455154418945,nan,nan,nan,0.00900721549987793,0.013232946395874023,nan,nan
1784810093.4307296,4.56968879699707,-3.6,-0.0036,-3.6,nan,nan,nan,nan,-0.026000000000000002,nan,nan,nan,nan,nan,nan,nan,nan,nan,nan,nan,nan,nan,nan,nan,nan,nan,0.0,nan,nan,nan,nan,0.0,nan,nan,nan,nan,nan,nan,nan,nan,nan,nan,nan,nan,nan,nan,nan,nan,nan,2.822000026702881,nan,0,0,0,0,0.906173825263977,-6.354183197021484,0.425334310829692,FOLLOW_MAIN,,,,,,,,0,0,0,0,0,0,0,0.07653307914733887,nan,nan,nan,0.0002536773681640625,0.016526460647583008,nan,nan
1784810093.8118062,4.950765371322632,-3.6,-0.0036,-3.6,nan,nan,nan,nan,-0.026000000000000002,nan,nan,nan,nan,nan,nan,nan,nan,nan,nan,nan,nan,nan,nan,nan,nan,nan,0.0,nan,nan,nan,nan,0.0,nan,nan,nan,nan,nan,nan,nan,nan,nan,nan,nan,nan,nan,nan,nan,nan,nan,2.822000026702881,nan,0,0,0,0,0.906173825263977,-6.354183197021484,0.425334310829692,FOLLOW_MAIN,,,,,,,,0,0,0,0,0,0,0,8.797645568847656e-05,nan,nan,nan,0.38121461868286133,0.39748644828796387,nan,nan
1784810093.8624017,5.001360893249512,-3.6,-0.0036,-3.6,nan,nan,nan,nan,-0.026000000000000002,nan,nan,nan,nan,nan,nan,nan,nan,nan,nan,nan,nan,nan,nan,nan,nan,nan,0.0,nan,nan,nan,nan,0.0,nan,nan,nan,nan,nan,nan,nan,nan,nan,nan,nan,nan,nan,nan,nan,nan,nan,2.825000047683716,nan,0,0,0,0,0.906173825263977,-6.354183197021484,0.425334310829692,FOLLOW_MAIN,,,,,,,,0,0,0,0,0,0,0,0.03958296775817871,nan,nan,nan,0.013296842575073242,0.009220600128173828,nan,nan
1784810093.9146464,5.053605556488037,-3.6,-0.0036,-3.6,nan,nan,nan,nan,-0.026000000000000002,nan,nan,nan,nan,nan,nan,nan,nan,nan,nan,nan,nan,nan,nan,nan,nan,nan,0.0,nan,nan,nan,nan,0.0,nan,nan,nan,nan,nan,nan,nan,nan,nan,nan,nan,nan,nan,nan,nan,nan,nan,2.822999954223633,nan,0,0,0,0,0.906173825263977,-6.354183197021484,0.425334310829692,FOLLOW_MAIN,,,,,,,,0,0,0,0,0,0,0,0.0041828155517578125,nan,nan,nan,0.06553506851196289,0.0002548694610595703,nan,nan
1784810093.9668171,5.105776309967041,-3.6,-0.0036,-3.6,nan,nan,nan,nan,-0.026000000000000002,nan,nan,nan,nan,nan,nan,nan,nan,nan,nan,nan,nan,nan,nan,nan,nan,nan,0.0,nan,nan,nan,nan,0.0,nan,nan,nan,nan,nan,nan,nan,nan,nan,nan,nan,nan,nan,nan,nan,nan,nan,2.822999954223633,nan,0,0,0,0,0.906173825263977,-6.354183197021484,0.425334310829692,FOLLOW_MAIN,,,,,,,,0,0,0,0,0,0,0,0.05632472038269043,nan,nan,nan,0.1176748275756836,0.05239415168762207,nan,nan
1784810094.302277,5.441236257553101,-3.7,-0.0037,-3.7,nan,nan,nan,nan,-0.026000000000000002,nan,nan,nan,nan,nan,nan,nan,nan,nan,nan,nan,nan,nan,nan,nan,nan,nan,0.0,nan,nan,nan,nan,0.0,nan,nan,nan,nan,nan,nan,nan,nan,nan,nan,nan,nan,nan,nan,nan,nan,nan,2.822999954223633,nan,0,0,0,0,0.906173825263977,-6.354183197021484,0.425334310829692,FOLLOW_MAIN,,,,,,,,0,0,0,0,0,0,0,0.00010848045349121094,nan,nan,nan,0.4530527591705322,0.3877713680267334,nan,nan
1784810094.359642,5.498601198196411,-3.7,-0.0037,-3.7,nan,nan,nan,nan,-0.026000000000000002,nan,nan,nan,nan,nan,nan,nan,nan,nan,nan,nan,nan,nan,nan,nan,nan,nan,0.0,nan,nan,nan,nan,0.0,nan,nan,nan,nan,nan,nan,nan,nan,nan,nan,nan,nan,nan,nan,nan,nan,nan,2.822000026702881,nan,0,0,0,0,0.906173825263977,-6.354183197021484,0.425334310829692,FOLLOW_MAIN,,,,,,,,0,0,0,0,0,0,0,0.008867979049682617,nan,nan,nan,0.02040553092956543,0.016620397567749023,nan,nan
1784810094.4132261,5.552185297012329,-3.7,-0.0037,-3.7,nan,nan,nan,nan,-0.026000000000000002,nan,nan,nan,nan,nan,nan,nan,nan,nan,nan,nan,nan,nan,nan,nan,nan,nan,0.0,nan,nan,nan,nan,0.0,nan,nan,nan,nan,nan,nan,nan,nan,nan,nan,nan,nan,nan,nan,nan,nan,nan,2.828000068664551,nan,0,0,0,0,0.906173825263977,-6.354183197021484,0.425334310829692,FOLLOW_MAIN,,,,,,,,0,0,0,0,0,0,0,0.062381744384765625,nan,nan,nan,0.025956153869628906,0.04064679145812988,nan,nan
1784810094.4669309,5.6058900356292725,-3.6,-0.0036,-3.6,nan,nan,nan,nan,-0.026000000000000002,nan,nan,nan,nan,nan,nan,nan,nan,nan,nan,nan,nan,nan,nan,nan,nan,nan,0.0,nan,nan,nan,nan,0.0,nan,nan,nan,nan,nan,nan,nan,nan,nan,nan,nan,nan,nan,nan,nan,nan,nan,2.822999954223633,nan,0,0,0,0,0.906173825263977,-6.354183197021484,0.425334310829692,FOLLOW_MAIN,,,,,,,,0,0,0,0,0,0,0,0.04033541679382324,nan,nan,nan,0.07963681221008301,0.017319440841674805,nan,nan
1784810094.7897413,5.9287004470825195,-3.6,-0.0036,-3.6,nan,nan,nan,nan,-0.026000000000000002,nan,nan,nan,nan,nan,nan,nan,nan,nan,nan,nan,nan,nan,nan,nan,nan,nan,0.0,nan,nan,nan,nan,0.0,nan,nan,nan,nan,nan,nan,nan,nan,nan,nan,nan,nan,nan,nan,nan,nan,nan,2.822999954223633,nan,0,0,0,0,0.906173825263977,-6.354183197021484,0.425334310829692,FOLLOW_MAIN,,,,,,,,0,0,0,0,0,0,0,8.940696716308594e-05,nan,nan,nan,0.40239739418029785,0.34008026123046875,nan,nan
1784810094.8401363,5.979095458984375,-3.6,-0.0036,-3.6,nan,nan,nan,nan,-0.026000000000000002,nan,nan,nan,nan,nan,nan,nan,nan,nan,nan,nan,nan,nan,nan,nan,nan,nan,0.0,nan,nan,nan,nan,0.0,nan,nan,nan,nan,nan,nan,nan,nan,nan,nan,nan,nan,nan,nan,nan,nan,nan,2.8239998817443848,nan,0,0,0,0,0.906173825263977,-6.354183197021484,0.425334310829692,FOLLOW_MAIN,,,,,,,,0,0,0,0,0,0,0,0.039938926696777344,nan,nan,nan,0.02101898193359375,0.017348289489746094,nan,nan
1784810094.8949716,6.033930778503418,-3.6,-0.0036,-3.6,nan,nan,nan,nan,-0.026000000000000002,nan,nan,nan,nan,nan,nan,nan,nan,nan,nan,nan,nan,nan,nan,nan,nan,nan,0.0,nan,nan,nan,nan,0.0,nan,nan,nan,nan,nan,nan,nan,nan,nan,nan,nan,nan,nan,nan,nan,nan,nan,2.8239998817443848,nan,0,0,0,0,0.906173825263977,-6.354183197021484,0.425334310829692,FOLLOW_MAIN,,,,,,,,0,0,0,0,0,0,0,0.02372455596923828,nan,nan,nan,0.017780542373657227,0.027931690216064453,nan,nan
1784810094.9517772,6.090736389160156,-3.6,-0.0036,-3.6,nan,nan,nan,nan,-0.026000000000000002,nan,nan,nan,nan,nan,nan,nan,nan,nan,nan,nan,nan,nan,nan,nan,nan,nan,0.0,nan,nan,nan,nan,0.0,nan,nan,nan,nan,nan,nan,nan,nan,nan,nan,nan,nan,nan,nan,nan,nan,nan,2.8239998817443848,nan,0,0,0,0,0.906173825263977,-6.354183197021484,0.425334310829692,FOLLOW_MAIN,,,,,,,,0,0,0,0,0,0,0,0.08052921295166016,nan,nan,nan,0.0745851993560791,0.009111404418945312,nan,nan
1784810095.3189507,6.457909822463989,-3.7,-0.0037,-3.7,nan,nan,nan,nan,-0.026000000000000002,nan,nan,nan,nan,nan,nan,nan,nan,nan,nan,nan,nan,nan,nan,nan,nan,nan,0.0,nan,nan,nan,nan,0.0,nan,nan,nan,nan,nan,nan,nan,nan,nan,nan,nan,nan,nan,nan,nan,nan,nan,2.8239998817443848,nan,0,0,0,0,0.906173825263977,-6.354183197021484,0.425334310829692,FOLLOW_MAIN,,,,,,,,0,0,0,0,0,0,0,0.00011229515075683594,nan,nan,nan,0.3596503734588623,0.3761930465698242,nan,nan
1784810095.377287,6.51624608039856,-3.7,-0.0037,-3.7,nan,nan,nan,nan,-0.026000000000000002,nan,nan,nan,nan,nan,nan,nan,nan,nan,nan,nan,nan,nan,nan,nan,nan,nan,0.0,nan,nan,nan,nan,0.0,nan,nan,nan,nan,nan,nan,nan,nan,nan,nan,nan,nan,nan,nan,nan,nan,nan,2.8269999027252197,nan,0,0,0,0,0.906173825263977,-6.354183197021484,0.425334310829692,FOLLOW_MAIN,,,,,,,,0,0,0,0,0,0,0,0.03662705421447754,nan,nan,nan,0.025709867477416992,0.017760038375854492,nan,nan
1784810095.4329236,6.571882724761963,-3.5,-0.0035,-3.5,nan,nan,nan,nan,-0.025,nan,nan,nan,nan,nan,nan,nan,nan,nan,nan,nan,nan,nan,nan,nan,nan,nan,0.0,nan,nan,nan,nan,0.0,nan,nan,nan,nan,nan,nan,nan,nan,nan,nan,nan,nan,nan,nan,nan,nan,nan,2.8269999027252197,nan,0,0,0,0,0.906173825263977,-6.354183197021484,0.425334310829692,FOLLOW_MAIN,,,,,,,,0,0,0,0,0,0,0,0.03217911720275879,nan,nan,nan,0.008706331253051758,0.02434682846069336,nan,nan
1784810095.8260984,6.965057611465454,-3.5,-0.0035,-3.5,nan,nan,nan,nan,-0.025,nan,nan,nan,nan,nan,nan,nan,nan,nan,nan,nan,nan,nan,nan,nan,nan,nan,0.0,nan,nan,nan,nan,0.0,nan,nan,nan,nan,nan,nan,nan,nan,nan,nan,nan,nan,nan,nan,nan,nan,nan,2.8269999027252197,nan,0,0,0,0,0.906173825263977,-6.354183197021484,0.425334310829692,FOLLOW_MAIN,,,,,,,,0,0,0,0,0,0,0,8.058547973632812e-05,nan,nan,nan,0.40184760093688965,0.41748833656311035,nan,nan
1784810095.8765306,7.015489816665649,-3.5,-0.0035,-3.5,-0.003066514906783543,-3.066514906783543,0.0,0.0,-0.025,-0.021903677905596736,0.0,0.0,0.0,0.0,0.0,0.0,0.0,0.48,0.01,0.72,0.01,nan,0.17232037912025486,0.05145143008005108,0.05453851588485415,0.05084071199028987,0.0,0.0,0.0,0.0,0.0,0.0,0.05145143008005108,0.0,0.05453851588485415,0.05145143008005108,0.0,0.05453851588485415,0.05145143008005108,0.05145143008005108,0.14273596101518535,0.14273596101518535,0.0030870858048030647,0.0030870858048030647,nan,1.0,0.0,-2.296,0.5744012637341829,3.128000020980835,1.0,0,1,1,0,0.906173825263977,-6.354183197021484,0.425334310829692,FOLLOW_MAIN,cascade_pd_tracking,follow_main,inner_wheel_pd,lidar_disabled,FOLLOW_MAIN,COMMITTED,UNKNOWN,1,1,1,1,1,1,1,0.007320880889892578,0.003699779510498047,0.00013899803161621094,0.018841266632080078,0.015104293823242188,0.011339426040649414,0.12941938400035724,0.07790343499982555
1784810095.9273045,7.066263675689697,-3.4000000000000004,-0.0034000000000000002,-3.4000000000000004,-0.003355491996737612,-3.3554919967376122,0.0,0.0,-0.024,-0.02396779997669723,0.0,0.0,0.0,0.0,0.0,0.0,0.0,0.48,0.01,0.72,0.01,nan,0.16668034924800337,0.057721623360121176,0.06118492076172845,0.06118492076172845,0.0,0.0,0.0,0.0,0.0,0.0,0.057721623360121176,0.0,0.06118492076172845,0.057721623360121176,0.0,0.06118492076172845,0.057721623360121176,0.057721623360121176,0.14670527136628111,0.14670527136628111,0.0034632974016072706,0.0034632974016072706,nan,1.0,0.0,-2.386,0.5556011641600113,3.128000020980835,1.0,0,1,1,0,0.906173825263977,-6.354183197021484,0.425334310829692,FOLLOW_MAIN,cascade_pd_tracking,follow_main,inner_wheel_pd,lidar_disabled,FOLLOW_MAIN,COMMITTED,UNKNOWN,1,1,1,1,1,1,1,0.00011444091796875,0.018384218215942383,0.014994621276855469,0.011629343032836914,0.00800013542175293,0.0040891170501708984,0.03678539000065939,0.028413840000212076
1784810095.978272,7.117231130599976,-3.5,-0.0035,-3.5,-0.0034152205601685774,-3.4152205601685774,0.0,0.0,-0.025,-0.0243944325726327,0.0,0.0,0.0,0.0,0.0,0.0,0.0,0.48,0.01,0.72,0.01,nan,0.15989012235376443,0.0670752969599562,0.07109981477755357,0.07109981477755357,0.0,0.0,0.0,0.0,0.0,0.0,0.0670752969599562,0.0,0.07109981477755357,0.0670752969599562,0.0,0.07109981477755357,0.0670752969599562,0.0670752969599562,0.1509963395317738,0.1509963395317738,0.004024517817597372,0.004024517817597372,nan,1.0,0.0,-2.4229999999999996,0.5329670745125481,3.1429998874664307,1.0,0,1,1,0,0.906173825263977,-6.354183197021484,0.425334310829692,FOLLOW_MAIN,cascade_pd_tracking,follow_main,inner_wheel_pd,lidar_disabled,FOLLOW_MAIN,COMMITTED,UNKNOWN,1,1,1,1,1,1,1,0.051099538803100586,0.019411802291870117,0.00014257431030273438,0.012827157974243164,0.02303910255432129,0.03003692626953125,0.031252029999450315,0.004242969998813351
1784810096.3804903,7.519449472427368,-3.5,-0.0035,-3.5,-0.0034152205601685774,-3.4152205601685774,0.0,0.0,-0.025,-0.0243944325726327,0.0,0.0,0.0,0.0,0.0,0.0,0.0,0.48,0.01,0.72,0.01,nan,0.15989012235376443,0.0670752969599562,0.07109981477755357,0.14210116938685025,0.0,0.0,0.0,0.0,-0.0007211669317793465,0.0,0.0670752969599562,0.0,0.07109981477755357,0.0670752969599562,0.0,0.07109981477755357,0.0670752969599562,0.0670752969599562,0.1509963395317738,0.1509963395317738,0.004024517817597372,0.004024517817597372,nan,1.0,0.0,-2.4229999999999996,0.5329670745125481,3.1429998874664307,1.0,0,1,1,0,0.906173825263977,-6.354183197021484,0.425334310829692,FOLLOW_MAIN,cascade_pd_tracking,follow_main,inner_wheel_pd,lidar_disabled,FOLLOW_MAIN,COMMITTED,UNKNOWN,1,1,1,1,1,1,1,0.45327258110046387,0.4215841293334961,0.4023137092590332,9.250640869140625e-05,0.42520856857299805,0.4322059154510498,0.031252029999450315,0.004242969998813351
1784810096.432103,7.571062088012695,-3.7,-0.0037,-3.7,-0.0035214895715913012,-3.5214895715913013,0.0,0.0,-0.026000000000000002,-0.025420843678312495,-0.025420843678312495,0.0,-0.07443181236152151,0.0,0.0,-0.018303007448384995,-0.0007443181236152151,0.48,0.01,0.72,0.01,nan,0.13798517460612997,0.137551395999908,0.14557641059324455,0.14557641059324455,0.0036249998956918716,0.0,0.0,-0.0007211669317793465,-0.0007211669317793465,0.031521737575531006,0.137551395999908,0.0028117469261058643,0.14563577494433613,0.137551395999908,0.004790558629159157,0.14551704624215295,0.13473964907380215,0.13276083737074884,0.15127822344912745,0.15357524723664168,0.00808437894442813,0.00796565024224493,nan,1.0,0.0,-2.467,0.45995058202043326,3.1389999389648438,1.0,0,1,1,0,0.9070191383361816,-6.353800296783447,0.425334310829692,FOLLOW_MAIN,cascade_pd_tracking,follow_main,inner_wheel_pd,lidar_disabled,FOLLOW_MAIN,COMMITTED,UNKNOWN,1,1,1,1,1,1,1,0.007652759552001953,0.026394128799438477,0.022930145263671875,0.019407987594604492,0.003845691680908203,0.00011205673217773438,0.07062997799948789,0.11512271299943677
1784810096.8579917,7.99695086479187,-3.6,-0.0036,-3.6,-0.003566068029747518,-3.5660680297475182,0.0,0.0,-0.026000000000000002,-0.02574969038537485,-0.02574969038537485,0.0,-0.054145861795301925,0.0,0.0,-0.018539777077469892,-0.0005414586179530192,0.48,0.01,0.72,0.01,nan,0.13739822641374996,0.13739822641374996,0.1414087178626764,0.14181915851277035,0.1014999970793724,0.0,0.0,-0.00022840885314396377,0.0,0.0,0.13739822641374996,0.07024333646035782,0.1414275198109535,0.13739822641374996,0.07087006806959412,0.1413899159143993,0.06715488995339214,0.06652815834415585,-0.3062513186678772,-0.2960356954428479,0.0040292933972035285,0.003991689500649351,nan,1.0,0.0,-2.447,0.45799408804583325,3.1389999389648438,1.0,0,1,1,0,0.9198562502861023,-6.347947120666504,0.42779290111309,FOLLOW_MAIN,cascade_pd_tracking,follow_main,inner_wheel_pd,lidar_disabled,FOLLOW_MAIN,COMMITTED,UNKNOWN,1,1,1,1,1,1,1,0.3840644359588623,0.3951535224914551,0.3795046806335449,8.749961853027344e-05,0.39147520065307617,0.3876771926879883,0.009497069999270025,0.016686654998920858
1784810096.9080622,8.047021389007568,-4.1000000000000005,-0.0041,-4.1000000000000005,-0.003880589155399598,-3.880589155399598,0.0,0.0,-0.03,-0.028145293432243756,-0.028145293432243756,0.0,-0.020061490364657843,0.0,0.0,-0.020264611271215503,-0.00020061490364657844,0.48,0.01,0.72,0.01,nan,0.14276154705810934,0.14276154705810934,0.14276154705810934,0.14243298289625,0.148624986410141,0.0,0.0,0.0,0.0,-0.03152172267436981,0.14276154705810934,0.14876414481211464,0.14276154705810934,0.14276154705810934,0.14638977390274355,0.14276154705810934,0.0,0.0,-0.06606993484816631,-0.0663500226294272,0.0,0.0,nan,1.0,0.0,-2.291,0.47587182352703117,3.1010000705718994,1.0,0,1,1,0,0.9768140316009521,-6.322088718414307,0.4251769676354144,FOLLOW_MAIN,cascade_pd_tracking,follow_main,inner_wheel_pd,lidar_disabled,FOLLOW_MAIN,COMMITTED,UNKNOWN,1,1,1,1,1,1,1,0.0036847591400146484,0.00019979476928710938,0.018624305725097656,0.015296697616577148,0.011445999145507812,0.007583141326904297,0.07039953399907972,0.05576484399898618
1784810096.9614627,8.100421905517578,-4.1000000000000005,-0.0041,-4.1000000000000005,-0.003880589155399598,-3.880589155399598,0.0,0.0,-0.03,-0.028145293432243756,-0.028145293432243756,0.0,-0.020061490364657843,0.0,0.0,-0.020264611271215503,-0.00020061490364657844,0.48,0.01,0.72,0.01,nan,0.14336309568414476,0.14336309568414476,0.14336309568414476,0.14336309568414476,0.14137499034404755,0.0,0.0,0.0,0.0,0.03152172267436981,0.14336309568414476,0.14412857453889819,0.14336309568414476,0.14336309568414476,0.14498351299986476,0.14336309568414476,0.0,0.0,-0.0505845331166093,-0.05079897421874309,0.0,0.0,nan,1.0,0.0,-2.291,0.4778769856138159,3.0929999351501465,1.0,0,1,1,0,0.987259030342102,-6.317394733428955,0.4223712807272939,FOLLOW_MAIN,cascade_pd_tracking,follow_main,inner_wheel_pd,lidar_disabled,FOLLOW_MAIN,COMMITTED,UNKNOWN,1,1,1,1,1,1,1,0.01146554946899414,0.007779598236083984,0.004134654998779297,0.0235595703125,0.00020170211791992188,0.0157320499420166,0.11045972499960044,0.015706504998888704
1784810097.326898,8.46585726737976,-4.3,-0.0043,-4.3,-0.004018991856089183,-4.018991856089182,0.0,0.0,-0.031,-0.02931522830228939,-0.02931522830228939,0.0,-0.016683381890932557,0.0,0.0,-0.02110696437764836,-0.00016683381890932557,0.48,0.01,0.72,0.01,nan,0.1436424331219029,0.1436424331219029,0.1436424331219029,0.1436424331219029,0.14137499034404755,0.0,0.0,0.0,0.0,0.03152172267436981,0.1436424331219029,0.14412857453889819,0.1436424331219029,0.1436424331219029,0.14498351299986476,0.1436424331219029,0.0,0.0,-0.044209943356684364,-0.04439736090103187,0.0,0.0,nan,1.0,0.0,-2.259,0.47880811040634297,3.0929999351501465,1.0,0,1,1,0,0.987259030342102,-6.317394733428955,0.4249242467714322,FOLLOW_MAIN,cascade_pd_tracking,follow_main,inner_wheel_pd,lidar_disabled,FOLLOW_MAIN,COMMITTED,UNKNOWN,1,1,1,1,1,1,1,8.797645568847656e-05,0.3574237823486328,0.36950111389160156,0.3540608882904053,0.3505549430847168,0.3468599319458008,0.011096590998931788,0.03591092499846127
1784810097.3802676,8.519226789474487,-4.7,-0.0047,-4.7,-0.004366273211218965,-4.366273211218965,0.0,0.0,-0.034,-0.030876802996818758,-0.030876802996818758,0.0,-0.008703974755453656,0.0,0.0,-0.022231298157709505,-8.703974755453656e-05,0.48,0.01,0.72,0.01,nan,0.14906873805614618,0.14906873805614618,0.14934747374184915,0.14934747374184915,0.14137499034404755,0.0,0.0,-0.003386122404095324,-0.003386122404095324,0.03152172267436981,0.14906873805614618,0.13977754853271407,0.14962620942755211,0.14906873805614618,0.14364920074491577,0.14906873805614618,0.009291189523432108,0.0,0.029149236837640688,-0.003093622873720831,0.0005574713714059264,0.0,nan,1.0,0.0,-2.153,0.4968957935204873,3.062999963760376,1.0,0,1,1,0,1.036787748336792,-6.294633388519287,0.4363034697473967,FOLLOW_MAIN,cascade_pd_tracking,follow_main,inner_wheel_pd,lidar_disabled,FOLLOW_MAIN,COMMITTED,UNKNOWN,1,1,1,1,1,1,1,0.03224992752075195,0.011113882064819336,0.007642984390258789,0.021906375885009766,0.0038907527923583984,0.0001327991485595703,0.0968000930006383,0.05010118800055352
1784810097.432041,8.571000099182129,-5.0,-0.005,-5.0,-0.004592433059019039,-4.592433059019038,0.0,0.0,-0.036000000000000004,-0.0329933299962517,-0.0329933299962517,0.0,-0.011207603543859284,0.0,0.0,-0.023755197597301225,-0.00011207603543859284,0.48,0.01,0.72,0.01,nan,0.1503177417866338,0.1503177417866338,0.1509580685592888,0.1509580685592888,0.13774999976158142,0.0,0.0,-0.000674863434758956,-0.000674863434758956,0.0,0.1503177417866338,0.13871974919672853,0.15101362134202811,0.1503177417866338,0.14057150862137174,0.1509025157765495,0.011597992589905265,0.009746233165262047,0.032271962260309546,0.0515971729980529,0.0006958795553943159,0.0005847739899157228,nan,1.0,0.0,-2.0509999999999997,0.5010591392887793,3.055000066757202,1.0,0,1,1,0,1.0461398363113403,-6.290243148803711,0.43888796102981065,FOLLOW_MAIN,cascade_pd_tracking,follow_main,inner_wheel_pd,lidar_disabled,FOLLOW_MAIN,COMMITTED,UNKNOWN,1,1,1,1,1,1,1,0.028367996215820312,0.006947755813598633,0.003482818603515625,7.987022399902344e-05,0.014187335968017578,0.010624885559082031,0.021175383999434416,0.02183618100025342
1784810097.4821827,8.621141910552979,-5.0,-0.005,-5.0,-0.004592433059019039,-4.592433059019038,0.0,0.0,-0.036000000000000004,-0.0329933299962517,-0.0329933299962517,0.0,-0.011207603543859284,0.0,0.0,-0.023755197597301225,-0.00011207603543859284,0.48,0.01,0.72,0.01,nan,0.15151772068727193,0.15151772068727193,0.15223004619396524,0.15293509941135883,0.13774999976158142,0.0,0.0,-0.000674863434758956,0.00036562451826973013,0.0,0.15151772068727193,0.13871974919672853,0.15228559897670454,0.15151772068727193,0.14057150862137174,0.15217449341122594,0.012797971490543403,0.010946212065900185,0.03136020089590974,0.04595804196796076,0.0007678782894326041,0.000656772723954011,nan,1.0,0.0,-2.0509999999999997,0.5050590689575731,3.055000066757202,1.0,0,1,1,0,1.0461398363113403,-6.290243148803711,0.4362405428771412,FOLLOW_MAIN,cascade_pd_tracking,follow_main,inner_wheel_pd,lidar_disabled,FOLLOW_MAIN,COMMITTED,UNKNOWN,1,1,1,1,1,1,1,0.02651524543762207,0.019408226013183594,0.0037779808044433594,6.699562072753906e-05,0.012033700942993164,0.03197884559631348,0.06325591200038616,0.06391670900120516
1784810097.8703415,9.009300708770752,-5.0,-0.005,-5.0,-0.004592433059019039,-4.592433059019038,0.0,0.0,-0.036000000000000004,-0.0329933299962517,-0.0329933299962517,0.0,-0.011207603543859284,0.0,0.0,-0.023755197597301225,-0.00011207603543859284,0.48,0.01,0.72,0.01,nan,0.15151772068727193,0.15151772068727193,0.15223004619396524,0.15293509941135883,0.13774999976158142,0.0,0.0,-0.000674863434758956,0.00036562451826973013,0.0,0.15151772068727193,0.13871974919672853,0.15228559897670454,0.15151772068727193,0.14057150862137174,0.15217449341122594,0.012797971490543403,0.010946212065900185,0.03136020089590974,0.04595804196796076,0.0007678782894326041,0.000656772723954011,nan,1.0,0.0,-2.0509999999999997,0.5050590689575731,3.055000066757202,1.0,0,1,1,0,1.0461398363113403,-6.290243148803711,0.4362405428771412,FOLLOW_MAIN,cascade_pd_tracking,follow_main,inner_wheel_pd,lidar_disabled,FOLLOW_MAIN,COMMITTED,UNKNOWN,1,1,1,1,1,1,1,7.510185241699219e-05,0.40756869316101074,0.3919386863708496,0.3882274627685547,0.4001941680908203,0.4201393127441406,0.06325591200038616,0.06391670900120516
1784810097.9215016,9.060460805892944,-5.800000000000001,-0.0058000000000000005,-5.800000000000001,-0.005262665994943064,-5.262665994943064,0.0,0.0,-0.041,-0.03771897097318007,-0.03771897097318007,0.0,-0.010278902400668463,0.0,0.0,-0.027157659100689648,-0.00010278902400668463,0.48,0.01,0.72,0.01,nan,0.1626963384900188,0.1626963384900188,0.16367246229676952,0.16437490440606461,0.14499999582767487,0.0,0.0,0.00022747611641687828,0.0002274761164170469,0.0,0.1626963384900188,0.14673969451283503,0.16365373712864983,0.1626963384900188,0.14611552224217872,0.1636911874648892,0.01595664397718377,0.01658081624784008,0.016275393275706113,0.02221854082153427,0.0009573986386310262,0.0009948489748704047,nan,1.0,0.0,-1.8339999999999999,0.5423211283000627,3.01200008392334,1.0,0,1,1,0,1.102726936340332,-6.263650894165039,0.43863616108115006,FOLLOW_MAIN,cascade_pd_tracking,follow_main,inner_wheel_pd,lidar_disabled,FOLLOW_MAIN,COMMITTED,UNKNOWN,1,1,1,1,1,1,1,0.011287689208984375,0.026697635650634766,0.0077440738677978516,0.004194498062133789,0.0001475811004638672,0.015390157699584961,0.06753836200005026,0.07123466399934841
1784810097.9736772,9.11263632774353,-6.300000000000001,-0.006300000000000001,-6.300000000000001,-0.005540083014671292,-5.540083014671293,0.0,0.0,-0.045,-0.03941291419228779,-0.03941291419228779,0.0,-0.012587749350485181,0.0,0.0,-0.028377298218447207,-0.00012587749350485183,0.48,0.01,0.72,0.01,nan,0.1656341647250619,0.1656341647250619,0.16602368090351954,0.16599492493324708,0.15950000286102295,0.0,0.0,-0.004731900242003801,0.0002274761164170469,0.0630435049533844,0.1656341647250619,0.15265029210980746,0.16641319708197716,0.1656341647250619,0.15837466678041517,0.1656341647250619,0.012983872615254438,0.0,-0.012048946017881257,-0.0939296921757441,0.0007790323569152663,0.0,nan,1.0,0.0,-1.7129999999999999,0.552113882416873,3.01200008392334,1.0,0,1,1,0,1.1222209930419922,-6.2545061111450195,0.44714678010744535,FOLLOW_MAIN,cascade_pd_tracking,follow_main,inner_wheel_pd,lidar_disabled,FOLLOW_MAIN,COMMITTED,UNKNOWN,1,1,1,1,1,1,1,0.0038022994995117188,0.00014495849609375,0.02735757827758789,0.02408003807067871,0.020114421844482422,0.007843017578125,0.05944818399984797,0.007815512000888702
1784810098.3475952,9.486554384231567,-6.800000000000001,-0.0068000000000000005,-6.800000000000001,-0.005870853130213733,-5.870853130213733,0.0,0.0,-0.049,-0.04184481274678991,-0.04184481274678991,0.0,-0.01726240893754648,0.0,0.0,-0.030128265177688733,-0.0001726240893754648,0.48,0.01,0.72,0.01,nan,0.16657159532641985,0.16657159532641985,0.16723514227929837,0.16723514227929837,0.15950000286102295,0.0,0.0,-0.0020862165466215715,-0.0020862165466215715,0.0630435049533844,0.16657159532641985,0.15265029210980746,0.1674068735194166,0.16657159532641985,0.15837466678041517,0.16706341103918013,0.01392130321661239,0.008196928546004678,-0.004686334354311201,-0.0309872055822554,0.0008352781929967434,0.0004918157127602806,nan,1.0,0.0,-1.583,0.5552386510880662,3.01200008392334,1.0,0,1,1,0,1.1222209930419922,-6.2545061111450195,0.44714678010744535,FOLLOW_MAIN,cascade_pd_tracking,follow_main,inner_wheel_pd,lidar_disabled,FOLLOW_MAIN,COMMITTED,UNKNOWN,1,1,1,1,1,1,1,0.00011992454528808594,0.36312103271484375,0.3703587055206299,0.3668661117553711,0.3939981460571289,0.3817262649536133,0.011030628000298748,0.02796715400108951
1784810098.4010727,9.540031909942627,-9.4,-0.0094,-9.4,-0.008095631415939435,-8.095631415939435,0.0,0.0,-0.067,-0.058042089295843834,-0.058042089295843834,0.0,-0.03728350078388072,0.0,0.0,-0.041790304293007556,-0.0003728350078388072,0.48,0.01,0.72,0.01,nan,0.20071081853901612,0.20071081853901612,0.20282580354124274,0.20282580354124274,0.1667499989271164,0.02948650805449157,0.02948650805449157,0.024247310923734732,0.024247310923734732,0.06304344534873962,0.19872047924533795,0.16356453543863386,0.2008298358737402,0.2027011578326943,0.16735760156517715,0.2048217712087453,0.03515594380670409,0.035343556267517146,0.07283779136083046,0.05462532468153108,0.0021093566284022453,0.002120613376051029,nan,1.0,0.0,-0.821,0.6690360617967205,2.947000026702881,1.0,0,1,1,0,1.1820452213287354,-6.22605037689209,0.44188249203044505,FOLLOW_MAIN,cascade_pd_tracking,follow_main,inner_wheel_pd,lidar_disabled,FOLLOW_MAIN,COMMITTED,UNKNOWN,1,1,1,1,1,1,1,0.014396190643310547,0.010844230651855469,0.007331371307373047,0.003879547119140625,0.00014066696166992188,0.018254995346069336,0.03360697800053458,0.016736896001020796
1784810098.4540315,9.592990636825562,-10.700000000000001,-0.010700000000000001,-10.700000000000001,-0.008615592366666312,-8.615592366666313,0.0,0.0,-0.076,-0.06161298468781936,-0.06161298468781936,0.0,-0.04119140656014816,0.0,0.0,-0.04436134897522994,-0.0004119140656014816,0.48,0.01,0.72,0.01,nan,0.21308676603411533,0.2105712101333551,0.2132778186312421,0.20944271403928386,0.1667499989271164,0.03492476683491309,0.03492476683491309,0.02897424545567735,0.02793571479757976,0.06304344534873962,0.20821378837199847,0.16356453543863386,0.21089274354800036,0.21292863189471176,0.16735760156517715,0.21566289371448383,0.04464925293336461,0.045571030329534606,0.09982133293465817,0.09187315677582228,0.0026789551760018765,0.002734261819772076,nan,1.0,0.0,-0.337,0.7102892201137178,2.944000005722046,1.0,0,1,1,0,1.1820452213287354,-6.22605037689209,0.4466737306168638,FOLLOW_MAIN,cascade_pd_tracking,follow_main,inner_wheel_pd,lidar_disabled,FOLLOW_MAIN,COMMITTED,UNKNOWN,1,1,1,1,1,1,1,0.022455692291259766,0.0035071372985839844,0.00011682510375976562,0.0341339111328125,0.015062570571899414,0.0072019100189208984,0.0351710169998114,0.07932639899991045
1784810098.862735,10.001694202423096,-10.700000000000001,-0.010700000000000001,-10.700000000000001,-0.008615592366666312,-8.615592366666313,0.0,0.0,-0.076,-0.06161298468781936,-0.06161298468781936,0.0,-0.04119140656014816,0.0,0.0,-0.04436134897522994,-0.0004119140656014816,0.48,0.01,0.72,0.01,nan,0.22280251222921302,0.21668773813333922,0.21976133831122524,0.2818071342347658,0.1667499989271164,0.0365104244882481,0.0365104244882481,0.03035249908795607,0.04812884445264645,0.06304344534873962,0.21422328448038247,0.16356453543863386,0.2172628094228874,0.21915219178629597,0.16735760156517715,0.2222598671995631,0.05065874904174861,0.05179459022111882,0.11273301810320865,0.10782654051739209,0.003039524942504916,0.003107675413267129,nan,1.0,0.0,-0.337,0.7426750407640434,2.9179999828338623,1.0,0,1,1,0,1.1820452213287354,-6.22605037689209,0.4466737306168638,FOLLOW_MAIN,cascade_pd_tracking,follow_main,inner_wheel_pd,lidar_disabled,FOLLOW_MAIN,COMMITTED,UNKNOWN,1,1,1,1,1,1,1,0.4311251640319824,0.37798452377319336,0.38210201263427734,6.628036499023438e-05,0.42372894287109375,0.3875455856323242,0.07339931699971203,0.11755469899981108
1784810098.9136872,10.052646398544312,-11.200000000000001,-0.011200000000000002,-11.200000000000001,-0.011030928511387818,-11.030928511387819,0.0,0.0,-0.08,-0.07880105873361012,-0.07880105873361012,0.0,-0.036631471213766593,0.0,0.0,-0.05673676228819929,-0.00036631471213766597,0.48,0.01,0.72,0.01,nan,0.27698948842761617,0.27698948842761617,0.2814155226345715,0.2829745516050723,0.21024999022483826,0.056020423337652475,0.056020423337652475,0.04846322361063178,0.04830899701867102,3.2393828064414265e-08,0.27320810985232463,0.20290707554897597,0.27742617191052554,0.2807708670029077,0.20353742774108058,0.28540487335861736,0.07030103430334866,0.07723343926182713,0.03370736451925039,0.041150473983936287,0.00421806205820092,0.004634006355709628,nan,1.0,0.0,0.366,0.9232982947587206,2.872999906539917,1.0,0,1,1,0,1.2632336616516113,-6.187250137329102,0.44478166561321725,FOLLOW_MAIN,cascade_pd_tracking,follow_main,inner_wheel_pd,lidar_disabled,FOLLOW_MAIN,COMMITTED,UNKNOWN,1,1,1,1,1,1,1,0.007218360900878906,0.003749847412109375,0.00014519691467285156,0.019209861755371094,0.015328645706176758,0.011247634887695312,0.09471221900093951,0.07545150499936426
1784810098.9657056,10.10466480255127,-11.8,-0.011800000000000001,-11.8,-0.011137288947374953,-11.137288947374953,0.0,0.0,-0.084,-0.07955529539919423,-0.07955529539919423,0.0,-0.02671096106604809,0.0,0.0,-0.05727981268741984,-0.0002671096106604809,0.48,0.01,0.72,0.01,nan,0.2745573970632786,0.2745573970632786,0.27796386700144543,0.2787750816398442,0.23199999332427979,0.056509072997213035,0.056509072997213035,0.049004193330628304,0.049001632355079,0.0,0.2707430346359667,0.2176271913458216,0.2739299852333754,0.27837175949059045,0.2179386048418408,0.28199774876951544,0.053115843290145126,0.060433154648749654,-0.06165135947118421,-0.054587698920239416,0.0031869505974087076,0.003625989278924979,nan,1.0,0.0,0.32399999999999995,0.915191323544262,2.872999906539917,1.0,0,1,1,0,1.2805954217910767,-6.178921699523926,0.44727167653496547,FOLLOW_MAIN,cascade_pd_tracking,follow_main,inner_wheel_pd,lidar_disabled,FOLLOW_MAIN,COMMITTED,UNKNOWN,1,1,1,1,1,1,1,0.036806583404541016,7.152557373046875e-05,0.011004924774169922,0.0263369083404541,0.0074884891510009766,0.0037407875061035156,0.03057376899960218,0.0457082739994803
1784810099.3767633,10.515722513198853,-11.8,-0.011800000000000001,-11.8,-0.011137288947374953,-11.137288947374953,0.0,0.0,-0.084,-0.07955529539919423,-0.07955529539919423,0.0,-0.02671096106604809,0.0,0.0,-0.05727981268741984,-0.0002671096106604809,0.48,0.01,0.72,0.01,nan,0.27392735271891083,0.27392735271891083,0.2772960199964156,0.24428906702830697,0.23199999332427979,0.05651184896021739,0.05651184896021739,0.049006606197671373,0.07648508867937617,0.0,0.2701128029140962,0.2176271913458216,0.27326193960819267,0.2777419025237255,0.2179386048418408,0.28133010038463857,0.05248561156827458,0.05980329768188469,-0.05770418913557414,-0.0515403845053333,0.0031491366940964746,0.0035881978609130813,nan,1.0,0.0,0.32399999999999995,0.9130911757297028,2.8550000190734863,1.0,0,1,1,0,1.2805954217910767,-6.178921699523926,0.44727167653496547,FOLLOW_MAIN,cascade_pd_tracking,follow_main,inner_wheel_pd,lidar_disabled,FOLLOW_MAIN,COMMITTED,UNKNOWN,1,1,1,1,1,1,1,0.44786763191223145,0.3936800956726074,0.39020562171936035,7.200241088867188e-05,0.4010045528411865,0.39757204055786133,0.05107098600092286,0.06620549100080098
1784810099.4305909,10.569550037384033,-15.100000000000001,-0.0151,-15.100000000000001,-0.013991464974773955,-13.991464974773955,-0.013991464974773955,-13.991464974773955,-0.107,-0.09939519954829693,-0.09939519954829693,-0.01754729391489635,-0.040484324581433334,-0.006715903187891498,-0.00017547293914896352,-0.07156454367477379,-0.00040484324581433335,0.48,0.01,0.72,0.01,nan,0.2405014590996003,0.2405014590996003,0.23777745661651697,0.23406580730007848,0.3008750081062317,0.09152496601096029,0.09152496601096029,0.0757634447225839,0.07638464891558609,0.15760867297649384,0.2343235238938605,0.2807017288978462,0.23154083159362135,0.2466793943053401,0.29110127207079856,0.2440140816394126,-0.046378205003985734,-0.044421877765458445,-0.2551779150072449,-0.28503201142796997,-0.002782692300239144,-0.0026653126659275067,nan,1.0,0.0,1.088,0.801671530332001,2.7760000228881836,1.0,0,1,1,0,1.3937245607376099,-6.124144554138184,0.4517797256935063,FOLLOW_MAIN,cascade_pd_tracking,follow_main,inner_wheel_pd,lidar_disabled,FOLLOW_MAIN,COMMITTED,UNKNOWN,1,1,1,1,1,1,1,0.00014138221740722656,0.018131494522094727,0.014892816543579102,0.011612892150878906,0.007771968841552734,0.004123687744140625,0.01310916800139239,0.023432240001056925
1784810099.4822693,10.621228456497192,-15.100000000000001,-0.0151,-15.100000000000001,-0.013991464974773955,-13.991464974773955,-0.013991464974773955,-13.991464974773955,-0.107,-0.09939519954829693,-0.09939519954829693,-0.01754729391489635,-0.040484324581433334,-0.006715903187891498,-0.00017547293914896352,-0.07156454367477379,-0.00040484324581433335,0.48,0.01,0.72,0.01,nan,0.22977110298399583,0.22977110298399583,0.2270333695430986,0.2270333695430986,0.26462501287460327,0.09323487762874509,0.09323487762874509,0.07835490287199927,0.07835490287199927,0.03152172267436981,0.22347774874405554,0.27171650664333696,0.22058342327009867,0.23606445722393612,0.27908348068789574,0.23348331581609855,-0.04823875789928142,-0.04301902346395961,-0.17652876186306554,-0.17659479338257542,-0.002894325473956885,-0.0025811414078375765,nan,1.0,0.0,1.088,0.7659036766133195,2.7760000228881836,1.0,0,1,1,0,1.41264808177948,-6.114654064178467,0.4673827637162177,FOLLOW_MAIN,cascade_pd_tracking,follow_main,inner_wheel_pd,lidar_disabled,FOLLOW_MAIN,COMMITTED,UNKNOWN,1,1,1,1,1,1,1,0.014712333679199219,0.011088848114013672,0.0075800418853759766,0.004099607467651367,0.00014352798461914062,0.018796682357788086,0.07177012900137925,0.00044811200132244267
1784810099.8590863,10.998045444488525,-15.100000000000001,-0.0151,-15.100000000000001,-0.013991464974773955,-13.991464974773955,-0.013991464974773955,-13.991464974773955,-0.107,-0.09939519954829693,-0.09939519954829693,-0.01754729391489635,-0.040484324581433334,-0.006715903187891498,-0.00017547293914896352,-0.07156454367477379,-0.00040484324581433335,0.48,0.01,0.72,0.01,nan,0.2261942271232397,0.2261942271232397,0.2232418811306971,0.2270333695430986,0.26462501287460327,0.09357483516915163,0.09357483516915163,0.07865039396612075,0.07835490287199927,0.03152172267436981,0.21987792574932197,0.27171650664333696,0.21676761089568106,0.23251052849715742,0.27908348068789574,0.22971615136571313,-0.051838580894014996,-0.046572952190738315,-0.17664526123649002,-0.17641676580389418,-0.0031103148536408996,-0.002794377131444299,nan,1.0,0.0,1.088,0.7539807570774657,2.7760000228881836,1.0,0,1,1,0,1.41264808177948,-6.114654064178467,0.4673827637162177,FOLLOW_MAIN,cascade_pd_tracking,follow_main,inner_wheel_pd,lidar_disabled,FOLLOW_MAIN,COMMITTED,UNKNOWN,1,1,1,1,1,1,1,0.39148855209350586,0.3683311939239502,9.918212890625e-05,0.380873441696167,0.37691640853881836,0.37297821044921875,0.09205656700032705,0.020734550000270247
1784810099.9096148,11.048573970794678,-15.4,-0.0154,-15.4,-0.015408774336805441,-15.408774336805442,-0.015408774336805441,-15.408774336805442,-0.109,-0.11019231559318858,-0.11019231559318858,-0.006464815012637776,-0.02696700948949151,-0.007396211681666612,-6.464815012637775e-05,-0.07933846722709577,-0.0002696700948949151,0.48,0.01,0.72,0.01,nan,0.15048159649247317,0.15048159649247317,0.14515688333115537,0.14922520906544035,0.23199999332427979,0.11823752350636442,0.11823752350636442,0.10032471269217397,0.10027083286540266,0.06304347515106201,0.14250056365579356,0.23586918099166854,0.13689844661564105,0.15846262932915278,0.2425844507038708,0.1534153200466697,-0.09336861733587498,-0.08412182137471802,-0.05602292671919883,-0.06266189008136908,-0.005602117040152499,-0.005047309282483081,nan,1.0,0.0,2.312,0.5016053216415772,2.6689999103546143,1.0,0,1,1,0,1.5077276229858398,-6.06589412689209,0.47561011952135196,FOLLOW_MAIN,cascade_pd_tracking,follow_main,inner_wheel_pd,lidar_disabled,FOLLOW_MAIN,COMMITTED,UNKNOWN,1,1,1,1,1,1,1,0.0036504268646240234,0.00013518333435058594,0.018918514251708984,0.015506505966186523,0.011745452880859375,0.007744789123535156,0.09414827399996284,0.02401986999939254
1784810099.9598758,11.098834991455078,-14.3,-0.0143,-14.3,-0.015403737895012516,-15.403737895012517,-0.015403737895012516,-15.403737895012517,-0.10200000000000001,-0.10950793018412058,-0.10950793018412058,-0.004581154795254783,-0.01723621499969425,-0.0073937941896060075,-4.581154795254783e-05,-0.07884570973256681,-0.0001723621499969425,0.48,0.01,0.72,0.01,nan,0.14383309088092078,0.14383309088092078,0.13810946738290986,0.13810946738290986,0.23199999332427979,0.11829054464336809,0.11829054464336809,0.10037079866445749,0.10037079866445749,0.06304347515106201,0.13584847911749343,0.23586918099166854,0.12984723700504291,0.15181770264434813,0.2425844507038708,0.14637169776077677,-0.10002070187417511,-0.09076674805952267,-0.08330377598521271,-0.08843242189406456,-0.006001242112450507,-0.00544600488357136,nan,1.0,0.0,2.698,0.47944363626973596,2.6689999103546143,1.0,0,1,1,0,1.5077276229858398,-6.06589412689209,0.4842475501537018,FOLLOW_MAIN,cascade_pd_tracking,follow_main,inner_wheel_pd,lidar_disabled,FOLLOW_MAIN,COMMITTED,UNKNOWN,1,1,1,1,1,1,1,0.031743526458740234,0.010519742965698242,0.0071566104888916016,0.0037360191345214844,6.127357482910156e-05,0.014122247695922852,0.028458709999540588,0.06072733399923891
1784810100.3865812,11.525540351867676,-12.9,-0.0129,-12.9,-0.014937206434703407,-14.937206434703407,-0.014937206434703407,-14.937206434703407,-0.092,-0.10633445426332065,-0.10633445426332065,-0.002281299874374118,-0.004339259461205971,-0.007169859088657635,-2.281299874374118e-05,-0.07656080706959087,-4.339259461205971e-05,0.48,0.01,0.72,0.01,nan,0.136203048760231,0.136203048760231,0.13082670650834993,0.13082670650834993,0.21387499570846558,0.11580548146618283,0.11580548146618283,0.0970435927863846,0.0970435927863846,0.09456516802310944,0.12838617876126368,0.22084979177895153,0.12283836198020241,0.14401991875919834,0.2307677141375467,0.13881505103649744,-0.09246361301768785,-0.08674779537834837,-0.013706399820472503,-0.03981206037245845,-0.005547816781061271,-0.005204867722700902,nan,1.0,0.0,3.075,0.45401016253410337,2.6659998893737793,1.0,0,1,1,0,1.5243847370147705,-6.057132244110107,0.4925692984452536,FOLLOW_MAIN,cascade_pd_tracking,follow_main,inner_wheel_pd,lidar_disabled,FOLLOW_MAIN,COMMITTED,HOLD,1,1,1,1,1,1,2,9.799003601074219e-05,0.4014151096343994,0.39789867401123047,0.3944518566131592,0.4089794158935547,0.423353910446167,0.002060226001049159,0.009835015000135172
1784810100.4368095,11.57576870918274,-4.0,-0.004,-4.0,-0.008448110736226793,-8.448110736226793,0.0,0.0,-0.029,-0.05990449528842346,-0.05990449528842346,0.029644433485058047,0.09501282107988052,0.0,0.00029644433485058046,-0.04313123660766489,0.0009501282107988052,0.48,0.01,0.72,0.01,nan,0.12,0.12,0.11820637531444544,0.11820637531444544,0.13050000369548798,0.07478305611348474,0.07478305611348474,0.06520279990487313,0.06518109641661352,-3.2393828064414265e-08,0.11495214371233978,0.15017001118901238,0.11283907166373942,0.12504785628766021,0.14961747832947273,0.12357367896515146,-0.035217867476672604,-0.02456962204181251,0.1567593485947047,0.16081181192600882,-0.002113072048600356,-0.0014741773225087505,nan,1.0,0.0,4.158,0.4,2.5959999561309814,1.0,0,1,1,0,1.581799864768982,-6.026010513305664,0.4994405212339544,FOLLOW_MAIN,cascade_pd_tracking,follow_main,inner_wheel_pd,lidar_disabled,FOLLOW_MAIN,COMMITTED,UNKNOWN,1,1,1,1,1,1,1,0.007348060607910156,0.0037147998809814453,0.00013947486877441406,0.018748044967651367,0.015092611312866211,0.011328458786010742,0.09373060700090718,0.051395985999988625
1784810100.4897523,11.628711462020874,-1.2000000000000002,-0.0012000000000000001,-1.2000000000000002,-0.005995602102766702,-5.995602102766703,0.0,0.0,-0.009000000000000001,-0.04286500459177799,-0.04286500459177799,0.021513075441389997,0.11754413752333502,0.0,0.00021513075441389998,-0.030862803306080155,0.0011754413752333502,0.48,0.01,0.72,0.01,nan,0.12,0.12,0.11930321345649654,0.11930321345649654,0.11237499862909317,0.060186295811666145,0.060186295811666145,0.051661536156478685,0.05164889788938193,0.03152172267436981,0.11593742503271254,0.13071805883473353,0.11505058700459128,0.12406257496728745,0.1325081592820484,0.1235558399084018,-0.014780633802020993,-0.008445584314760946,0.21674836593597085,0.19720496772180218,-0.0008868380281212595,-0.0005067350588856567,nan,1.0,0.0,4.223,0.4,2.5959999561309814,1.0,0,1,1,0,1.5896040201187134,-6.0217790603637695,0.4993461393206092,FOLLOW_MAIN,cascade_pd_tracking,follow_main,inner_wheel_pd,lidar_disabled,FOLLOW_MAIN,COMMITTED,UNKNOWN,1,1,1,1,1,1,1,0.024590492248535156,0.003519296646118164,0.00014519691467285156,0.014343738555908203,0.010808467864990234,0.007172822952270508,0.05634412300059921,0.03003984200040577
1784810100.85001,11.988969087600708,-1.2000000000000002,-0.0012000000000000001,-1.2000000000000002,-0.005995602102766702,-5.995602102766703,0.0,0.0,-0.009000000000000001,-0.04286500459177799,-0.04286500459177799,0.021513075441389997,0.11754413752333502,0.0,0.00021513075441389998,-0.030862803306080155,0.0011754413752333502,0.48,0.01,0.72,0.01,nan,0.12,0.12,0.11930321345649654,0.11930321345649654,0.11237499862909317,0.060186295811666145,0.060186295811666145,0.051661536156478685,0.051661536156478685,0.03152172267436981,0.11593742503271254,0.13071805883473353,0.11505058700459128,0.12406257496728745,0.1325081592820484,0.1235558399084018,-0.014780633802020993,-0.008445584314760946,0.21674836593597085,0.19720496772180218,-0.0008868380281212595,-0.0005067350588856567,nan,1.0,0.0,4.223,0.4,2.5959999561309814,1.0,0,1,1,0,1.5896040201187134,-6.0217790603637695,0.4993461393206092,FOLLOW_MAIN,cascade_pd_tracking,follow_main,inner_wheel_pd,lidar_disabled,FOLLOW_MAIN,COMMITTED,UNKNOWN,1,1,1,1,1,1,1,0.38480520248413086,0.36373400688171387,0.36035990715026855,0.3568871021270752,0.37102222442626953,6.818771362304688e-05,0.05634412300059921,0.03003984200040577
1784810100.9024029,12.041362047195435,4.2,0.004200000000000001,4.2,-1.058769721214354e-05,-0.01058769721214354,0.0,0.0,0.03,-0.000152128001302332,0.0,0.008437955925425584,0.12357570138599262,0.0,8.437955925425583e-05,0.0,0.0012357570138599263,0.48,0.01,0.72,0.01,nan,0.12,0.12,0.12056006478868359,0.12056006478868359,0.11237499862909317,0.023927464870734622,0.023927464870734622,0.018812027572351793,0.018812027572351793,0.03152172267436981,0.11838489612122541,0.10794126916630754,0.11901151373852048,0.12161510387877458,0.11338990454423946,0.12210861583884669,0.010443626954917865,0.008225199334535124,0.02767613108367695,0.023385492498344113,0.0006266176172950718,0.0004935119600721074,nan,1.0,0.0,4.025,0.4,2.549999952316284,1.0,0,1,1,0,1.6227933168411255,-6.003384113311768,0.5126479765899189,FOLLOW_MAIN,cascade_pd_tracking,follow_main,inner_wheel_pd,lidar_disabled,FOLLOW_MAIN,COMMITTED,UNKNOWN,1,1,1,1,1,1,1,0.02736186981201172,0.007700443267822266,0.004131317138671875,0.020155906677246094,0.00018453598022460938,0.012153387069702148,0.17737217900139512,0.06776747399999294
1784810100.9560087,12.09496784210205,6.300000000000001,0.006300000000000001,6.300000000000001,0.0034826164301597438,3.482616430159744,0.0,0.0,0.045,0.02486279759992259,0.0,0.004157198252358408,0.06088307338603479,0.0,4.157198252358408e-05,0.0,0.0006088307338603479,0.48,0.01,0.72,0.01,nan,0.12,0.12,0.12027865620549684,0.12027865620549684,0.11237499862909317,0.02471881755764819,0.02471881755764819,0.01688427353049508,0.01688427353049508,0.03152172267436981,0.11833147981485874,0.10904293963163063,0.11888879222585243,0.12166852018514125,0.11392153650647875,0.12166852018514125,0.009288540183228111,0.0,0.013168359452856724,-0.02376473199439939,0.0005573124109936867,0.0,nan,1.0,0.0,3.859,0.4,2.549999952316284,1.0,0,1,1,0,1.6306126117706299,-5.998948097229004,0.5185740844577362,FOLLOW_MAIN,cascade_pd_tracking,follow_main,inner_wheel_pd,lidar_disabled,FOLLOW_MAIN,COMMITTED,UNKNOWN,1,1,1,1,1,1,1,0.045464277267456055,0.007292270660400391,6.270408630371094e-05,0.0187380313873291,0.014914751052856445,0.011113166809082031,0.023251073000210454,0.048065647999465
1784810101.3903673,12.529326438903809,6.300000000000001,0.006300000000000001,6.300000000000001,0.0034826164301597438,3.482616430159744,0.0,0.0,0.045,0.02486279759992259,0.0,0.004157198252358408,0.06088307338603479,0.0,4.157198252358408e-05,0.0,0.0006088307338603479,0.48,0.01,0.72,0.01,nan,0.12,0.12,0.12026010283154595,0.12026010283154595,0.11237499862909317,0.024719329039706583,0.024719329039706583,0.017110082081186233,0.017110082081186233,0.03152172267436981,0.1183314452898198,0.10966135090495441,0.11885165095291172,0.12166855471018019,0.11421996258674186,0.12166855471018019,0.008670094384865393,0.0,0.006085493509951039,-0.017873582880279446,0.0005202056630919235,0.0,nan,1.0,0.0,3.859,0.4,2.5269999504089355,1.0,0,1,1,0,1.639103889465332,-5.994102478027344,0.5213168780783587,FOLLOW_MAIN,cascade_pd_tracking,follow_main,inner_wheel_pd,lidar_disabled,FOLLOW_MAIN,COMMITTED,UNKNOWN,1,1,1,1,1,1,1,0.0001583099365234375,0.4067542552947998,0.41083216667175293,0.40333080291748047,0.41796398162841797,0.4309682846069336,0.06598289700013993,0.004339098999480484
1784810101.441184,12.580143213272095,18.7,0.018699999999999998,18.7,0.014901231405089775,14.901231405089774,0.014901231405089775,14.901231405089774,0.133,0.10604492522815438,0.10604492522815438,0.03746399324601318,0.17925146182004079,0.007152591074443092,0.00037463993246013186,0.07635234616427115,0.0017925146182004078,0.48,0.01,0.72,0.01,nan,0.12,0.12,0.11959943751790689,0.11959943751790689,0.13050000369548798,-0.07794035849340059,-0.07794035849340059,-0.06877718633964543,-0.06877718633964543,6.478765612882853e-08,0.12526097419830454,0.1242864847949039,0.12526097419830454,0.11473902580169545,0.12809110853813221,0.11393790083750925,0.0,-0.01335208273643676,-0.004848326768634611,-0.04548483169266278,0.0,-0.0008011249641862055,nan,1.0,0.0,2.4859999999999998,0.4,2.4809999465942383,1.0,0,1,1,0,1.6809080839157104,-5.969767093658447,0.5355647856949205,FOLLOW_MAIN,cascade_pd_tracking,follow_main,inner_wheel_pd,lidar_disabled,FOLLOW_MAIN,COMMITTED,HOLD,1,1,1,1,1,1,2,0.007575273513793945,0.004004478454589844,0.022889375686645508,0.01947307586669922,0.00014829635620117188,0.011762857437133789,0.0465837570009171,0.04892718600058288
1784810101.4937937,12.632752895355225,20.400000000000002,0.0204,20.400000000000002,0.0167155367122492,16.7155367122492,0.0167155367122492,16.7155367122492,0.145,0.11891876420822904,0.11891876420822904,0.0342205305266098,0.17604186705207805,0.008023457621879615,0.00034220530526609804,0.08562151022992491,0.0017604186705207805,0.48,0.01,0.72,0.01,nan,0.12,0.12,0.1196456411545146,0.11965102866789334,0.12325000017881393,-0.09121281358545809,-0.09121281358545809,-0.07909931089263883,-0.07685225222612482,0.0,0.1261568649170184,0.12376493297000106,0.1261568649170184,0.11384313508298158,0.12565509659916133,0.1131344173920108,0.0,-0.011811961516179748,-0.003171726518244429,-0.021649140920660493,0.0,-0.0007087176909707848,nan,1.0,0.0,2.27,0.4,2.4809999465942383,1.0,0,1,1,0,1.6902353763580322,-5.964231967926025,0.5355647856949205,FOLLOW_MAIN,cascade_pd_tracking,follow_main,inner_wheel_pd,lidar_disabled,FOLLOW_MAIN,COMMITTED,UNKNOWN,1,1,1,1,1,1,1,0.003486156463623047,7.963180541992188e-05,0.014966011047363281,0.03395509719848633,0.011075258255004883,0.007238149642944336,0.032317975999831106,0.028634377000344102
1784810101.856052,12.9950110912323,20.400000000000002,0.0204,20.400000000000002,0.0167155367122492,16.7155367122492,0.0167155367122492,16.7155367122492,0.145,0.11891876420822904,0.11891876420822904,0.0342205305266098,0.17604186705207805,0.008023457621879615,0.00034220530526609804,0.08562151022992491,0.0017604186705207805,0.48,0.01,0.72,0.01,nan,0.12,0.12,0.1196456411545146,0.11965102866789334,0.12325000017881393,-0.09121281358545809,-0.09121281358545809,-0.07909931089263883,-0.07685225222612482,0.0,0.1261568649170184,0.12376493297000106,0.1261568649170184,0.11384313508298158,0.12565509659916133,0.1131344173920108,0.0,-0.011811961516179748,-0.003171726518244429,-0.021649140920660493,0.0,-0.0007087176909707848,nan,1.0,0.0,2.27,0.4,2.4809999465942383,1.0,0,1,1,0,1.6902353763580322,-5.964231967926025,0.5355647856949205,FOLLOW_MAIN,cascade_pd_tracking,follow_main,inner_wheel_pd,lidar_disabled,FOLLOW_MAIN,COMMITTED,UNKNOWN,1,1,1,1,1,1,1,0.36574602127075195,0.3623387813568115,7.772445678710938e-05,0.39621472358703613,0.3733353614807129,0.36949825286865234,0.032317975999831106,0.028634377000344102
1784810101.9073694,13.0463285446167,26.0,0.026,26.0,0.02241398564773831,22.413985647738308,0.02241398564773831,22.413985647738308,0.183,0.1585499835146084,0.1585499835146084,0.024760137376287805,0.14896161759253265,0.010758713110914388,0.00024760137376287803,0.11415598813051804,0.0014896161759253266,0.48,0.01,0.72,0.01,nan,0.13260828793753007,0.13260828793753007,0.1333434342809096,0.1333434342809096,0.12325000762939453,-0.12562118851351992,-0.12562118851351992,-0.1119400412710302,-0.1119400412710302,0.0,0.14108771816219268,0.11658284004954203,0.14255801084895173,0.12412885771286748,0.11766367720772089,0.12412885771286748,0.024504878112650647,0.0,0.052715437619932505,0.007161154660149625,0.0014702926867590387,0.0,nan,1.0,0.0,1.718,0.4420276264584336,2.434999942779541,1.0,0,1,1,0,1.721054196357727,-5.9459147453308105,0.5355647856949205,FOLLOW_MAIN,cascade_pd_tracking,follow_main,inner_wheel_pd,lidar_disabled,FOLLOW_MAIN,COMMITTED,HOLD,1,1,1,1,1,1,2,0.00013303756713867188,0.01895618438720703,0.015517711639404297,0.012029647827148438,0.008202791213989258,0.0042116641998291016,0.13336116800019227,0.10694964600043022
1784810101.9590168,13.097975969314575,29.1,0.0291,29.1,0.024894617510801,24.894617510800998,0.024894617510801,24.894617510800998,0.20500000000000002,0.17546332629245248,0.17546332629245248,0.022058830238048426,0.13799916303766432,0.011949416405184479,0.00022058830238048425,0.12633359493056578,0.0013799916303766434,0.48,0.01,0.72,0.01,nan,0.13516988474241065,0.13516988474241065,0.13644543598766173,0.13731662715051993,0.11237499862909317,-0.14100410486236717,-0.14100410486236717,-0.12373744750908859,-0.12380533486652213,0.03152172267436981,0.14468766182062043,0.11229635036051161,0.14663114050822695,0.12565210766420087,0.11552504428260668,0.12625973146709651,0.03239131146010882,0.010127063381594192,0.0781931296223925,0.0605592412739967,0.001943478687606529,0.0006076238028956515,nan,1.0,0.0,1.575,0.4505662824747022,2.430999994277954,1.0,0,1,1,0,1.734950065612793,-5.937622547149658,0.5380233229394583,FOLLOW_MAIN,cascade_pd_tracking,follow_main,inner_wheel_pd,lidar_disabled,FOLLOW_MAIN,COMMITTED,UNKNOWN,1,1,1,1,1,1,1,0.02941274642944336,0.007185935974121094,0.0036957263946533203,0.00014591217041015625,0.015235185623168945,0.01141667366027832,0.05188385699875653,0.031239195999660296
1784810102.363402,13.502361059188843,35.1,0.0351,35.1,0.027064309700561076,27.064309700561076,0.027064309700561076,27.064309700561076,0.245,0.19070224698976201,0.19070224698976201,0.022779737237308906,0.1473275510873144,0.012990868656269316,0.00022779737237308906,0.13730561783262865,0.0014732755108731442,0.48,0.01,0.72,0.01,nan,0.13697594690436082,0.13697594690436082,0.13835986187932892,0.13835986187932892,0.11237499862909317,-0.15529236622382064,-0.15230739957634395,-0.13356227127447745,-0.13356227127447745,0.03152172267436981,0.14725669637576405,0.11229635036051161,0.1493543171366792,0.1266951974329576,0.11552504428260668,0.12736540662197865,0.03496034601525244,0.011170153150350914,0.07665008378290165,0.05333760070258149,0.0020976207609151466,0.0006702091890210548,nan,1.0,0.0,1.181,0.45658648968120275,2.430999994277954,1.0,0,1,1,0,1.734950065612793,-5.937622547149658,0.5425628398061724,FOLLOW_MAIN,cascade_pd_tracking,follow_main,inner_wheel_pd,lidar_disabled,FOLLOW_MAIN,COMMITTED,HOLD,1,1,1,1,1,1,2,0.0001385211944580078,0.381070613861084,0.38527894020080566,0.37760257720947266,0.36806201934814453,0.3740108013153076,0.0014973729994380847,0.06791634500041255
1784810102.4163032,13.555262327194214,103.80000000000001,0.10380000000000002,103.80000000000001,0.05523577503796921,55.23577503796921,0.05523577503796921,55.23577503796921,0.638,0.3284959650595958,0.3284959650595958,0.07274860357994825,0.3324374059969694,0.02651317201822522,0.0007274860357994825,0.23651709484290895,0.0033243740599696943,0.48,0.01,0.72,0.01,nan,0.16262841880689433,0.16262841880689433,0.1646655512285355,0.16429304753788437,0.1341249942779541,-0.2929658531860301,-0.26937126734572603,-0.23542828315198103,-0.24248042139743398,0.03152172267436981,0.18081097935273083,0.12690532791129666,0.18404531843921687,0.14444585826105782,0.13044709564778595,0.14528578401785414,0.053905651441434166,0.013998762613271876,0.019295494928226433,-0.03372461085943878,0.00323433908648605,0.0008399257567963125,nan,1.0,0.0,0.374,0.5420947293563144,2.388000011444092,1.0,0,1,1,0,1.778678297996521,-5.911124229431152,0.5454000087818469,FOLLOW_MAIN,cascade_pd_tracking,follow_main,inner_wheel_pd,lidar_disabled,FOLLOW_MAIN,COMMITTED,HOLD,1,1,1,1,1,1,2,0.010332107543945312,0.007032632827758789,0.003520488739013672,8.749961853027344e-05,0.01749873161315918,0.01397705078125,0.043671956000252976,0.07399405800060777
1784810102.4669225,13.605881690979004,125.10000000000002,0.12510000000000002,125.10000000000002,0.07517892909222015,75.17892909222016,0.07517892909222015,75.17892909222016,0.729,0.38167770920426497,0.38167770920426497,0.11682485680786078,0.4210673910350118,0.03608588596426567,0.0011682485680786078,0.27480795062707075,0.004210673910350118,0.48,0.01,0.72,0.01,nan,0.15734569195560233,0.15734569195560233,0.15864003261607929,0.1605963899290152,0.13774999976158142,-0.3493293772851702,-0.3021397167958487,-0.2634784098702418,-0.2556337962439048,-0.06304344534873962,0.1777401228393221,0.1345954341567568,0.18032880416027602,0.13695126107188255,0.13199909683813082,0.13695126107188255,0.043144688682565324,0.0,-0.042096414526165506,-0.09785153507106949,0.0025886813209539195,0.0,nan,1.0,0.0,0.27999999999999997,0.5244856398520078,2.388000011444092,1.0,0,1,1,0,1.7884222269058228,-5.905142784118652,0.5453046215557688,FOLLOW_MAIN,cascade_pd_tracking,follow_main,inner_wheel_pd,lidar_disabled,FOLLOW_MAIN,COMMITTED,HOLD,1,1,1,1,1,1,2,0.021701335906982422,0.00013637542724609375,0.014755964279174805,0.01137852668762207,0.00794363021850586,0.0043256282806396484,0.032989106000968604,0.048148481000680476
1784810102.8850825,14.024041652679443,125.10000000000002,0.12510000000000002,125.10000000000002,0.07517892909222015,75.17892909222016,0.07517892909222015,75.17892909222016,0.729,0.38167770920426497,0.38167770920426497,0.11682485680786078,0.4210673910350118,0.03608588596426567,0.0011682485680786078,0.27480795062707075,0.004210673910350118,0.48,0.01,0.72,0.01,nan,0.1559160959823123,0.1559160959823123,0.15719066445327506,0.15719066445327506,0.13774999976158142,-0.34967847628775917,-0.3135548721956032,-0.27259864181060883,-0.27259864181060883,-0.06304344534873962,0.1770810498555155,0.1345954341567568,0.17963018679744103,0.13475114210910907,0.13199909683813082,0.13475114210910907,0.04248561569875872,0.0,-0.04076012181576726,-0.08520719355984883,0.0025491369419255233,0.0,nan,1.0,0.0,0.27999999999999997,0.519720319941041,2.374000072479248,1.0,0,1,1,0,1.7884222269058228,-5.905142784118652,0.5427201618762904,FOLLOW_MAIN,cascade_pd_tracking,follow_main,inner_wheel_pd,lidar_disabled,FOLLOW_MAIN,COMMITTED,HOLD,1,1,1,1,1,1,2,7.82012939453125e-05,0.39928650856018066,0.40710997581481934,0.39577722549438477,0.3913872241973877,0.40324831008911133,0.05374393400052213,0.068903309000234
1784810102.9352891,14.074248313903809,119.10000000000001,0.11910000000000001,119.10000000000001,0.12309221745897775,123.09221745897774,0.12309221745897775,123.09221745897774,0.705,0.6832451515703182,0.6832451515703182,0.0739298033577067,0.5714559707661127,0.059084264380309316,0.000739298033577067,0.4919365091306291,0.005714559707661127,0.48,0.01,0.72,0.01,nan,0.12,0.12,0.1169411060321448,0.1169411060321448,0.17037498950958252,-0.45,-0.45,-0.3898005661985044,-0.3898005661985044,-0.03152172267436981,0.150375,0.17281920396833794,0.14902834776189974,0.089625,0.1691439282935021,0.08485386430238986,-0.022444203968337934,-0.07951892829350211,-0.07745031911139626,-0.10045650214983762,-0.0013466522381002759,-0.004771135697610127,nan,1.0,0.0,0.089,0.4,2.3350000381469727,1.0,0,1,1,0,1.8560307025909424,-5.864601135253906,0.5380547981697839,FOLLOW_MAIN,cascade_pd_tracking,follow_main,inner_wheel_pd,lidar_disabled,FOLLOW_MAIN,COMMITTED,HOLD,1,1,1,1,1,1,2,0.007114887237548828,0.0035283565521240234,9.632110595703125e-05,0.018606901168823242,0.014624834060668945,0.01095438003540039,0.019135159000143176,0.035587554999438
1784810102.98832,14.127279281616211,119.10000000000001,0.11910000000000001,119.10000000000001,0.12309221745897775,123.09221745897774,0.12309221745897775,123.09221745897774,0.705,0.6832451515703182,0.6832451515703182,0.0739298033577067,0.5714559707661127,0.059084264380309316,0.000739298033577067,0.4919365091306291,0.005714559707661127,0.48,0.01,0.72,0.01,nan,0.12,0.12,0.11715977770907016,0.11715977770907016,0.16312500834465027,-0.45,-0.45,-0.3868247929189861,-0.3868247929189861,-0.15760870277881622,0.150375,0.17325729179940894,0.1490020624920355,0.089625,0.16141678456491929,0.08531749292610484,-0.022882291799408927,-0.07179178456491929,-0.06176888489833895,-0.02874470001226319,-0.0013729375079645355,-0.004307507073895157,nan,1.0,0.0,0.089,0.4,2.3340001106262207,1.0,0,1,1,0,1.8669896125793457,-5.858136177062988,0.5206855204678853,FOLLOW_MAIN,cascade_pd_tracking,follow_main,inner_wheel_pd,lidar_disabled,FOLLOW_MAIN,COMMITTED,HOLD,1,1,1,1,1,1,2,0.017600059509277344,0.014220476150512695,0.010866403579711914,0.007417917251586914,0.003820180892944336,6.389617919921875e-05,0.05980810999972164,0.0014520389995595906
1784810103.3993535,14.538312673568726,117.60000000000001,0.11760000000000001,117.60000000000001,0.12125791935810329,121.2579193581033,0.12125791935810329,121.2579193581033,0.6990000000000001,0.6932408187826937,0.6932408187826937,0.052382567887264656,0.4763338462239745,0.058203801291889574,0.0005238256788726466,0.4991333895235395,0.004763338462239745,0.48,0.01,0.72,0.01,nan,0.12,0.12,0.11715977770907016,0.11715977770907016,0.16312500834465027,-0.45,-0.45,-0.3868247929189861,-0.3868247929189861,-0.15760870277881622,0.150375,0.17325729179940894,0.1490020624920355,0.089625,0.16141678456491929,0.08531749292610484,-0.022882291799408927,-0.07179178456491929,-0.04816618780484312,-0.022414563925886522,-0.0013729375079645355,-0.004307507073895157,nan,1.0,0.0,0.067,0.4,2.3340001106262207,1.0,0,1,1,0,1.8669896125793457,-5.858136177062988,0.5206855204678853,FOLLOW_MAIN,cascade_pd_tracking,follow_main,inner_wheel_pd,lidar_disabled,FOLLOW_MAIN,COMMITTED,HOLD,1,1,1,1,1,1,2,0.407501220703125,0.39685940742492676,7.343292236328125e-05,0.4184582233428955,0.41486024856567383,0.4006328582763672,0.023295201999644632,0.03876341099930869
1784810103.4519439,14.590903043746948,86.10000000000001,0.08610000000000001,86.10000000000001,0.09591900105015659,95.9190010501566,0.09591900105015659,95.9190010501566,0.147,0.5908975122465954,0.5908975122465954,-0.04598464265297174,-0.14167823379753347,0.04604112050407516,-0.0004598464265297174,0.42544620881754863,-0.0014167823379753347,0.48,0.01,0.72,0.01,nan,0.12,0.12,0.12085004458403112,0.12085004458403112,0.09787499904632568,-0.45,-0.45,-0.3793264675393411,-0.3793264675393411,-0.28369569778442383,0.150375,0.12204018053229593,0.15207508916806226,0.089625,0.08387930202184468,0.089625,0.02833481946770408,0.0,0.0885351599328074,0.07230848298603655,0.0017000891680622448,0.0,nan,1.0,0.0,1.2860342866691565,0.4,2.3350000381469727,1.0,0,1,1,0,1.9031662940979004,-5.839278221130371,0.4059146511105016,FOLLOW_MAIN,cascade_pd_tracking,follow_main,inner_wheel_pd,lidar_disabled,FOLLOW_MAIN,COMMITTED,HOLD,1,1,1,1,1,1,2,0.007999658584594727,0.04227161407470703,0.05271196365356445,0.04928851127624512,0.004196882247924805,0.00016021728515625,0.048520907999773044,0.045296495000002324
1784810103.5032096,14.642168760299683,86.10000000000001,0.08610000000000001,86.10000000000001,0.09175566783790806,91.75566783790806,0.09175566783790806,91.75566783790806,0.147,0.5400165740617627,0.5400165740617627,-0.049332313909569804,-0.2658180642813379,0.04404272056219587,-0.000493323139095698,0.38881193332446917,-0.0026581806428133794,0.48,0.01,0.72,0.01,nan,0.12,0.12,0.12088064888238464,0.12088064888238464,0.10512499511241913,-0.45,-0.45,-0.37969825308970984,-0.37969825308970984,-0.22065213322639465,0.150375,0.12102003725384505,0.1521362977647693,0.089625,0.08708518232487666,0.089625,0.029354962746154956,0.0,0.06462666709718895,0.04815957418688294,0.0017612977647692974,0.0,nan,1.0,0.0,1.2860338300449818,0.4,2.3350000381469727,1.0,0,1,1,0,1.9111826419830322,-5.8358330726623535,0.38760028663782065,FOLLOW_MAIN,cascade_pd_tracking,follow_main,inner_wheel_pd,lidar_disabled,FOLLOW_MAIN,COMMITTED,HOLD,1,1,1,1,1,1,2,0.017618417739868164,0.043526649475097656,0.040117740631103516,0.0366063117980957,0.032787322998046875,0.02135491371154785,0.043284789000608725,0.02194145999965258
1784810103.8979244,15.03688359260559,86.10000000000001,0.08610000000000001,86.10000000000001,0.09175566783790806,91.75566783790806,0.09175566783790806,91.75566783790806,0.147,0.5400165740617627,0.5400165740617627,-0.049332313909569804,-0.2658180642813379,0.04404272056219587,-0.000493323139095698,0.38881193332446917,-0.0026581806428133794,0.48,0.01,0.72,0.01,nan,0.12,0.12,0.12088064888238464,0.12088064888238464,0.10512499511241913,-0.45,-0.45,-0.37969825308970984,-0.37969825308970984,-0.22065213322639465,0.150375,0.12102003725384505,0.1521362977647693,0.089625,0.08708518232487666,0.089625,0.029354962746154956,0.0,0.06462666709718895,0.04815957418688294,0.0017612977647692974,0.0,nan,1.0,0.0,1.2860338300449818,0.4,2.3350000381469727,1.0,0,1,1,0,1.9111826419830322,-5.8358330726623535,0.38760028663782065,FOLLOW_MAIN,cascade_pd_tracking,follow_main,inner_wheel_pd,lidar_disabled,FOLLOW_MAIN,COMMITTED,HOLD,1,1,1,1,1,1,2,0.00010156631469726562,0.4381990432739258,0.43478989601135254,0.4312777519226074,0.4274578094482422,0.41602492332458496,0.043284789000608725,0.02194145999965258
1784810103.9492881,15.088247299194336,86.10000000000001,0.08610000000000001,86.10000000000001,0.08622025426026961,86.22025426026961,0.08622025426026961,86.22025426026961,0.147,0.22529345077758028,0.22529345077758028,-0.016765242857489992,-0.5845464129623286,0.04138572204492941,-0.00016765242857489992,0.1622112845598578,-0.005845464129623286,0.48,0.01,0.72,0.01,nan,0.12062234003975311,0.12062234003975311,0.12024078722988181,0.12024078722988181,0.13050000369548798,-0.21089513206667712,-0.25357951709866117,-0.20330004396024326,-0.20330004396024326,-0.37826085090637207,0.13773895744391274,0.15045738443962303,0.13697585182417013,0.10350572263559349,0.10057774469892561,0.10350572263559349,-0.012718426995710297,0.0,-0.07742619361896366,0.006801070563384532,-0.0007631056197426178,0.0,nan,1.0,0.0,1.286033583307293,0.4020744667991771,2.555000066757202,1.0,0,1,1,0,1.960881233215332,-5.818411827087402,0.3120111252594112,FOLLOW_MAIN,cascade_pd_tracking,follow_main,inner_wheel_pd,lidar_disabled,FOLLOW_MAIN,COMMITTED,HOLD,1,1,1,1,1,1,2,0.007444858551025391,0.02620673179626465,0.004018068313598633,0.019047021865844727,0.00015616416931152344,0.011405706405639648,0.040232246999948984,0.06025198099996487
1784810103.99993,15.138889074325562,86.10000000000001,0.08610000000000001,86.10000000000001,0.08622025426026961,86.22025426026961,0.08622025426026961,86.22025426026961,0.147,0.22529345077758028,0.22529345077758028,-0.016765242857489992,-0.5845464129623286,0.04138572204492941,-0.00016765242857489992,0.1622112845598578,-0.005845464129623286,0.48,0.01,0.72,0.01,nan,0.1255178376653298,0.1255178376653298,0.12600738686015822,0.12600738686015822,0.11237499117851257,-0.21046249078980925,-0.21046249078980925,-0.16663212630306165,-0.16663212630306165,-0.34673914313316345,0.13972405579364194,0.14339604710898246,0.13972405579364194,0.11131161953701768,0.09499331304273777,0.11229071792667447,0.0,0.016318306494279913,0.008806492828440584,0.08696252778402153,0.0,0.0009790983896567948,nan,1.0,0.0,1.286033583307293,0.41839279221776604,2.555000066757202,1.0,0,1,1,0,1.9691673517227173,-5.816342830657959,0.21832881882832478,FOLLOW_MAIN,cascade_pd_tracking,follow_main,inner_wheel_pd,lidar_disabled,FOLLOW_MAIN,COMMITTED,HOLD,1,1,1,1,1,1,2,0.0423891544342041,0.010948419570922852,0.007453203201293945,0.003917694091796875,0.00013709068298339844,0.015122413635253906,0.1013326739994227,0.04262724999898637
1784810104.4209902,15.559949398040771,86.10000000000001,0.08610000000000001,86.10000000000001,0.08622025426026961,86.22025426026961,0.08622025426026961,86.22025426026961,0.147,0.22529345077758028,0.22529345077758028,-0.016765242857489992,-0.5845464129623286,0.04138572204492941,-0.00016765242857489992,0.1622112845598578,-0.005845464129623286,0.48,0.01,0.72,0.01,nan,0.12650336847247962,0.12650336847247962,0.12702266074963747,0.12600738686015822,0.11237499117851257,-0.2103750053009404,-0.2103750053009404,-0.16619906483166835,-0.16663212630306165,-0.34673914313316345,0.1407036813302931,0.14339604710898246,0.1407036813302931,0.11230305561466614,0.09499331304273777,0.11334164016898184,0.0,0.01730974257192837,0.007721152477218726,0.0824383433123505,0.0,0.001038584554315702,nan,1.0,0.0,1.286033583307293,0.4216778949082654,2.640000104904175,1.0,0,1,1,0,1.9691673517227173,-5.816342830657959,0.21832881882832478,FOLLOW_MAIN,cascade_pd_tracking,follow_main,inner_wheel_pd,lidar_disabled,FOLLOW_MAIN,COMMITTED,HOLD,1,1,1,1,1,1,2,0.46341681480407715,0.4166526794433594,8.630752563476562e-05,0.4249434471130371,0.42116236686706543,0.43614721298217773,0.12106151899934048,0.062356094998904155
1784810104.4728591,15.611818313598633,86.10000000000001,0.08610000000000001,86.10000000000001,0.08610198760935378,86.10198760935378,0.08610198760935378,86.10198760935378,0.147,0.1482940647155095,0.1482940647155095,-0.0033703690663445898,-0.19252032203547598,0.04132895405248981,-3.37036906634459e-05,0.10677172659516683,-0.0019252032203547597,0.48,0.01,0.72,0.01,nan,0.14423082781912522,0.14423082781912522,0.1445724064583428,0.14469576191659084,0.14499999582767487,-0.1512145485547083,-0.1512145485547083,-0.11984638190140272,-0.11978415042371708,-0.18913042545318604,0.15443780984656802,0.14793008390916618,0.15443780984656802,0.13402384579168242,0.12263789115109668,0.13470700307011757,0.0,0.011385954640585741,-0.03515679901646995,-0.030626087685139164,0.0,0.0006831572784351444,nan,1.0,0.0,1.2860335832963212,0.4807694260637507,2.865000009536743,1.0,0,1,1,0,2.0325074195861816,-5.805599212646484,0.1360572393567217,FOLLOW_MAIN,cascade_pd_tracking,follow_main,inner_wheel_pd,lidar_disabled,FOLLOW_MAIN,COMMITTED,HOLD,1,1,1,1,1,1,2,0.014404296875,0.010768651962280273,0.007174253463745117,0.0036973953247070312,8.487701416015625e-05,0.018474102020263672,0.06804790100068203,0.02204423799958022
1784810104.869723,16.008682250976562,86.10000000000001,0.08610000000000001,86.10000000000001,0.0861009893166139,86.1009893166139,0.0861009893166139,86.1009893166139,0.147,0.14764411033289104,0.14764411033289104,-0.0025525454477501055,-0.1475296755850737,0.04132847487197467,-2.5525454477501054e-05,0.10630375943968155,-0.001475296755850737,0.48,0.01,0.72,0.01,nan,0.14449388670845476,0.14449388670845476,0.1448434269849049,0.1448434269849049,0.14499999582767487,-0.15118004457806866,-0.15118004457806866,-0.11972136949195511,-0.11972136949195511,-0.18913042545318604,0.15469853971747438,0.14793008390916618,0.15469853971747438,0.13428923369943513,0.12263789115109668,0.13498831425233543,0.0,0.011651342548338453,-0.022945677966207383,-0.018580569570383038,0.0,0.0006990805529003072,nan,1.0,0.0,1.2860335832963212,0.4816462890281825,2.921999931335449,1.0,0,1,1,0,2.0325074195861816,-5.805599212646484,0.10491406260055297,FOLLOW_MAIN,cascade_pd_tracking,follow_main,inner_wheel_pd,lidar_disabled,FOLLOW_MAIN,COMMITTED,HOLD,1,1,1,1,1,1,2,0.3718442916870117,0.3681623935699463,0.382617712020874,0.3646540641784668,0.00013899803161621094,0.37557268142700195,0.048330351999538834,0.08604750299855368
1784810104.9209688,16.059927940368652,86.10000000000001,0.08610000000000001,86.10000000000001,0.0861000342834578,86.1000342834578,0.0861000342834578,86.1000342834578,0.147,0.14702232079103347,0.14702232079103347,-0.0006663486530081481,-0.03926627575575181,0.04132801645605975,-6.663486530081481e-06,0.1058560709695441,-0.00039266275755751813,0.48,0.01,0.72,0.01,nan,0.1448518495101396,0.1448518495101396,0.1448518495101396,0.14484948661107855,0.12687499821186066,-0.15188063199020563,-0.15188063199020563,-0.12454211823196853,-0.12454228682900632,-0.09456522762775421,0.15510379216947848,0.1504295271211087,0.15510379216947848,0.13459990685080073,0.12703209453663708,0.13459990685080073,0.0,0.0,0.013913092146018475,-0.006278236046936302,0.0,0.0,nan,1.0,0.0,1.2860335832963212,0.482839498367132,3.119999885559082,1.0,0,1,1,0,2.0938363075256348,-5.8002471923828125,0.0713742933021446,FOLLOW_MAIN,cascade_pd_tracking,follow_main,inner_wheel_pd,lidar_disabled,FOLLOW_MAIN,COMMITTED,HOLD,1,1,1,1,1,1,2,0.0036427974700927734,0.0001347064971923828,0.018584489822387695,0.015104293823242188,0.011399507522583008,0.0075626373291015625,0.061507705999247264,0.08127088400033244
1784810104.9740403,16.112999439239502,86.10000000000001,0.08610000000000001,86.10000000000001,0.0861000342834578,86.1000342834578,0.0861000342834578,86.1000342834578,0.147,0.14702232079103347,0.14702232079103347,-0.0006663486530081481,-0.03926627575575181,0.04132801645605975,-6.663486530081481e-06,0.1058560709695441,-0.00039266275755751813,0.48,0.01,0.72,0.01,nan,0.14485501835800127,0.14485501835800127,0.14485501835800127,0.14485362903964738,0.12687499821186066,-0.15188035609402992,-0.15188035609402992,-0.12454189199710466,-0.12454199120808493,-0.09456522762775421,0.1551069423943483,0.1504295271211087,0.1551069423943483,0.13460309432165424,0.12703209453663708,0.13460309432165424,0.0,0.0,0.010714150144075403,-0.004834724225273786,0.0,0.0,nan,1.0,0.0,1.2860335832963212,0.48285006119333757,3.1610000133514404,1.0,0,1,1,0,2.0938363075256348,-5.8002471923828125,0.03906380307087257,FOLLOW_MAIN,cascade_pd_tracking,follow_main,inner_wheel_pd,lidar_disabled,FOLLOW_MAIN,COMMITTED,HOLD,1,1,1,1,1,1,2,0.0072329044342041016,0.003722667694091797,0.00014638900756835938,0.03437614440917969,0.030651569366455078,0.011312484741210938,0.10069745100008731,0.12046062900117249
1784810105.4118676,16.55082678794861,86.10000000000001,0.08610000000000001,86.10000000000001,0.08610001159932183,86.10001159932183,0.08610001159932183,86.10001159932183,0.147,0.1470075519231484,0.1470075519231484,-0.0004320185560557149,-0.02549411547705471,0.04132800556767448,-4.320185560557149e-06,0.10584543738466685,-0.0002549411547705471,0.48,0.01,0.72,0.01,nan,0.14485759780068636,0.14485759780068636,0.14485759780068636,0.14485759780068636,0.13774999976158142,-0.15202508256127412,-0.15202508256127412,-0.12466056770024461,-0.12466056770024461,-0.12608692049980164,0.15511929087357235,0.1476209841491281,0.15511929087357235,0.13459590472780036,0.12851903781918278,0.13459590472780036,0.0,0.0,0.00820870577681123,-0.0037041508793154,0.0,0.0,nan,1.0,0.0,1.2860335832963212,0.4828586593356212,3.1610000133514404,1.0,0,1,1,0,2.1120054721832275,-5.799537181854248,0.022420280091228793,FOLLOW_MAIN,cascade_pd_tracking,follow_main,inner_wheel_pd,lidar_disabled,FOLLOW_MAIN,COMMITTED,HOLD,1,1,1,1,1,1,2,0.42598605155944824,0.4067039489746094,7.05718994140625e-05,0.41478872299194336,0.41077399253845215,0.43006396293640137,0.010606998001094325,0.026013280999904964
1784810105.4628325,16.601791620254517,17.900000000000002,0.017900000000000003,17.900000000000002,0.026353243593251065,26.353243593251065,0.026353243593251065,26.353243593251065,0.127,0.11966253125540964,0.11966253125540964,-0.12198971781469761,-0.056836733948964296,0.01264955692476051,-0.001219897178146976,0.08615702250389494,-0.000568367339489643,0.48,0.01,0.72,0.01,nan,0.12,0.12,0.11821587916639269,0.11821587916639267,0.1522499918937683,-0.09182177568358357,-0.09182177568358357,-0.07446482850767092,-0.07442599194067774,-0.12608695030212402,0.1261979698586419,0.15707070244759647,0.12434560590330462,0.1138020301413581,0.14239999200598075,0.11208615242948075,-0.030872732588954566,-0.028597961864622642,-0.05035438108570681,-0.04063936242716511,-0.0018523639553372738,-0.0017158777118773585,nan,1.0,0.0,2.7039999999999997,0.4,3.3570001125335693,1.0,0,1,1,0,2.170804262161255,-5.799503803253174,-0.012317307982675635,FOLLOW_MAIN,cascade_pd_tracking,follow_main,inner_wheel_pd,lidar_disabled,FOLLOW_MAIN,COMMITTED,UNKNOWN,1,1,1,1,1,1,1,0.01445317268371582,0.010814905166625977,0.007283449172973633,0.003855466842651367,0.00013566017150878906,0.01857900619506836,0.07541630100058683,0.0648193769993668
1784810105.9054954,17.04445457458496,17.900000000000002,0.017900000000000003,17.900000000000002,0.026353243593251065,26.353243593251065,0.026353243593251065,26.353243593251065,0.127,0.11966253125540964,0.11966253125540964,-0.12198971781469761,-0.056836733948964296,0.01264955692476051,-0.001219897178146976,0.08615702250389494,-0.000568367339489643,0.48,0.01,0.72,0.01,nan,0.12,0.12,0.11821587916639267,0.11821587916639267,0.1522499918937683,-0.0917346403050905,-0.0917346403050905,-0.07438909043668479,-0.07438909043668479,-0.12608695030212402,0.1261920882205936,0.15707070244759647,0.12433937136697344,0.11380791177940638,0.14239999200598075,0.11209238696581192,-0.03087861422700286,-0.028592080226574362,-0.038834111360027866,-0.03127968690517996,-0.0018527168536201714,-0.0017155248135944617,nan,1.0,0.0,2.7039999999999997,0.4,3.3570001125335693,1.0,0,1,1,0,2.170804262161255,-5.799503803253174,-0.025619157573508366,FOLLOW_MAIN,cascade_pd_tracking,follow_main,inner_wheel_pd,lidar_disabled,FOLLOW_MAIN,COMMITTED,UNKNOWN,1,1,1,1,1,1,1,7.557868957519531e-05,0.41483163833618164,0.41127848625183105,0.40775561332702637,0.4040241241455078,0.4000554084777832,0.11451697200027411,0.10392004799905408
1784810105.956329,17.095288276672363,24.700000000000003,0.024700000000000003,24.700000000000003,0.02206023053386643,22.06023053386643,0.02206023053386643,22.06023053386643,0.17500000000000002,0.15530606462714097,0.15530606462714097,-0.022784092430928323,0.05852685462985713,0.010588910656255886,-0.00022784092430928323,0.1118203665315415,0.0005852685462985713,0.48,0.01,0.72,0.01,nan,0.12,0.12,0.12,0.12,0.12325000762939453,-0.12573340108095918,-0.12573340108095918,-0.10310138888638659,-0.10310138888638659,-0.12608695030212402,0.12848700457296475,0.12768771738332527,0.12848700457296475,0.11151299542703524,0.1118020266081988,0.11151299542703524,0.0,0.0,0.016960295272246757,0.015038778984684002,0.0,0.0,nan,1.0,0.0,2.12,0.4,3.500999927520752,1.0,0,1,1,0,2.2363455295562744,-5.802671909332275,-0.04563487356905599,FOLLOW_MAIN,cascade_pd_tracking,follow_main,inner_wheel_pd,lidar_disabled,FOLLOW_MAIN,COMMITTED,HOLD,1,1,1,1,1,1,2,0.00740814208984375,0.003690481185913086,0.0001544952392578125,0.0195004940032959,0.015524148941040039,0.011551856994628906,0.07344509399990784,0.013811058001010679
1784810106.0082183,17.14717745780945,26.3,0.0263,26.3,0.023526065387811018,23.52606538781102,0.023526065387811018,23.52606538781102,0.185,0.16624188961156722,0.16624188961156722,-0.012303128734035473,0.07345871421473821,0.011292511386149288,-0.00012303128734035472,0.11969416052032839,0.0007345871421473821,0.48,0.01,0.72,0.01,nan,0.12,0.12,0.12,0.12,0.12325000762939453,-0.13667055323218652,-0.1362443827560938,-0.11172039385999688,-0.11172039385999688,-0.12608695030212402,0.12919649583603632,0.12768771738332527,0.12919649583603632,0.11080350416396366,0.1118020266081988,0.11080350416396366,0.0,0.0,0.01295301492086759,0.011485503374401846,0.0,0.0,nan,1.0,0.0,1.961,0.4,3.500999927520752,1.0,0,1,1,0,2.2363455295562744,-5.802671909332275,-0.07346881062137675,FOLLOW_MAIN,cascade_pd_tracking,follow_main,inner_wheel_pd,lidar_disabled,FOLLOW_MAIN,COMMITTED,UNKNOWN,1,1,1,1,1,1,1,5.1021575927734375e-05,0.014178752899169922,0.010691642761230469,0.029608964920043945,0.00709986686706543,0.003503561019897461,0.016637396000078297,0.054243028000200866
1784810106.3934102,17.532369375228882,80.5,0.0805,80.5,0.05074448969107311,50.74448969107311,0.05074448969107311,50.74448969107311,0.522,0.3049338715499587,0.3049338715499587,0.06401511270203833,0.3528710643533031,0.024357355051715095,0.0006401511270203833,0.21955238751597025,0.003528710643533031,0.48,0.01,0.72,0.01,nan,0.13952953017661854,0.13952953017661854,0.14135089927326122,0.12,0.10512499511241913,-0.26788318495668856,-0.22252548614273185,-0.18633530916444918,-0.11172039385999688,-0.15760870277881622,0.15455000049125295,0.11889206614476727,0.1566894765520421,0.12450905986198414,0.09945469098704757,0.12601232199448034,0.035657934346485676,0.025054368874936575,0.08801742303314045,0.069499424296711,0.0021394760607891406,0.0015032621324961944,nan,1.0,0.0,0.6799999999999999,0.4650984339220618,3.746999979019165,1.0,0,1,1,0,2.2808103561401367,-5.807003974914551,-0.07346881062137675,FOLLOW_MAIN,cascade_pd_tracking,follow_main,inner_wheel_pd,lidar_disabled,FOLLOW_MAIN,COMMITTED,HOLD,1,1,1,1,1,1,2,0.3852813243865967,0.00011014938354492188,0.3959224224090576,0.4148397445678711,0.3923311233520508,0.3887348175048828,0.038247058999331784,0.052229635999538004
1784810106.446598,17.585557222366333,80.5,0.0805,80.5,0.05074448969107311,50.74448969107311,0.05074448969107311,50.74448969107311,0.522,0.3049338715499587,0.3049338715499587,0.06401511270203833,0.3528710643533031,0.024357355051715095,0.0006401511270203833,0.21955238751597025,0.003528710643533031,0.48,0.01,0.72,0.01,nan,0.14160892598917918,0.14160892598917918,0.14288708116053483,0.14288708116053483,0.1341249942779541,-0.26879065244173467,-0.24512162949280614,-0.20844458987293754,-0.20844458987293754,-0.0315217524766922,0.1581546359799436,0.12663807369319324,0.1600456297171486,0.12506321599841477,0.11397460590664288,0.12572853260392108,0.031516562286750344,0.011088610091771894,0.045453717457434345,-0.023668785804262044,0.0018909937372050207,0.0006653166055063136,nan,1.0,0.0,0.6799999999999999,0.47202975329726393,3.746999979019165,1.0,0,1,1,0,2.290916681289673,-5.808333396911621,-0.11662257374648705,FOLLOW_MAIN,cascade_pd_tracking,follow_main,inner_wheel_pd,lidar_disabled,FOLLOW_MAIN,COMMITTED,HOLD,1,1,1,1,1,1,2,7.486343383789062e-05,0.014474868774414062,0.011035680770874023,0.02878117561340332,0.007246255874633789,0.0036835670471191406,0.07933095599946682,0.022403238001061254
1784810106.496789,17.635748147964478,80.5,0.0805,80.5,0.05074448969107311,50.74448969107311,0.05074448969107311,50.74448969107311,0.522,0.3049338715499587,0.3049338715499587,0.06401511270203833,0.3528710643533031,0.024357355051715095,0.0006401511270203833,0.21955238751597025,0.003528710643533031,0.48,0.01,0.72,0.01,nan,0.1459400217837653,0.1459400217837653,0.14747804270279613,0.14590096347175519,0.1341249942779541,-0.2695597126092815,-0.2695597126092815,-0.22968617171777822,-0.22749983391654444,-0.0315217524766922,0.16413530238489182,0.12663807369319324,0.16638513610639374,0.1277447411826388,0.11397460590664288,0.12857094929919854,0.03749722869169858,0.01377013527599591,0.06304814121434987,-0.0006382609710231905,0.0022498337215019148,0.0008262081165597545,nan,1.0,0.0,0.6799999999999999,0.4864667392792177,3.821000099182129,1.0,0,1,1,0,2.290916681289673,-5.808333396911621,-0.1332031528857415,FOLLOW_MAIN,cascade_pd_tracking,follow_main,inner_wheel_pd,lidar_disabled,FOLLOW_MAIN,COMMITTED,HOLD,1,1,1,1,1,1,2,0.003771066665649414,0.0001366138458251953,0.020256757736206055,0.016707420349121094,0.012768983840942383,0.008275032043457031,0.13912891799918725,0.08220120000078168
1784810106.8843155,18.023274660110474,80.5,0.0805,80.5,0.05074448969107311,50.74448969107311,0.05074448969107311,50.74448969107311,0.522,0.3049338715499587,0.3049338715499587,0.06401511270203833,0.3528710643533031,0.024357355051715095,0.0006401511270203833,0.21955238751597025,0.003528710643533031,0.48,0.01,0.72,0.01,nan,0.1459400217837653,0.1459400217837653,0.14747804270279613,0.14834633058817295,0.1341249942779541,-0.2695597126092815,-0.2695597126092815,-0.22968617171777822,-0.23272739959277675,-0.0315217524766922,0.16413530238489182,0.12663807369319324,0.16638513610639374,0.1277447411826388,0.11397460590664288,0.12857094929919854,0.03749722869169858,0.01377013527599591,0.06304814121434987,-0.0006382609710231905,0.0022498337215019148,0.0008262081165597545,nan,1.0,0.0,0.6799999999999999,0.4864667392792177,3.821000099182129,1.0,0,1,1,0,2.290916681289673,-5.808333396911621,-0.14124072179802244,FOLLOW_MAIN,cascade_pd_tracking,follow_main,inner_wheel_pd,lidar_disabled,FOLLOW_MAIN,COMMITTED,HOLD,1,1,1,1,1,1,2,7.343292236328125e-05,0.38762474060058594,0.3840477466583252,0.38030505180358887,0.37622952461242676,0.37237548828125,0.13912891799918725,0.08220120000078168
1784810106.9374714,18.076430559158325,123.10000000000001,0.12310000000000001,123.10000000000001,0.10914016160374987,109.14016160374987,0.10914016160374987,109.14016160374987,0.721,0.6434806114656144,0.6434806114656144,0.0924212103816624,0.583741556140575,0.05238727756979993,0.000924212103816624,0.46330604025524236,0.00583741556140575,0.48,0.01,0.72,0.01,nan,0.12,0.12,0.11909374805972144,0.1190853981253117,0.1341249942779541,-0.45,-0.445876575600123,-0.3766280748221514,-0.38011071907028754,-0.22065217792987823,0.1500966688530083,0.14563227166802376,0.1500966688530083,0.08990333114699169,0.12011172915627674,0.08809082726643458,0.0,-0.030208398009285056,-0.036922771519491866,-0.02560054183379118,0.0,-0.0018125038805571034,nan,1.0,0.0,0.16099999999999998,0.4,4.072000026702881,1.0,0,1,1,0,2.359574317932129,-5.818848133087158,-0.1516434137889363,FOLLOW_MAIN,cascade_pd_tracking,follow_main,inner_wheel_pd,lidar_disabled,FOLLOW_MAIN,COMMITTED,HOLD,1,1,1,1,1,1,2,0.010804414749145508,0.00731205940246582,0.0036039352416992188,0.00015020370483398438,0.01823902130126953,0.014645099639892578,0.03285986500122817,0.011559239999769488
1784810106.987741,18.126700162887573,123.10000000000001,0.12310000000000001,123.10000000000001,0.10914016160374987,109.14016160374987,0.10914016160374987,109.14016160374987,0.721,0.6434806114656144,0.6434806114656144,0.0924212103816624,0.583741556140575,0.05238727756979993,0.000924212103816624,0.46330604025524236,0.00583741556140575,0.48,0.01,0.72,0.01,nan,0.12,0.12,0.1190853981253117,0.1190853981253117,0.1341249942779541,-0.45,-0.45,-0.38011071907028754,-0.38011071907028754,-0.22065217792987823,0.150375,0.14563227166802376,0.150375,0.089625,0.12011172915627674,0.08779579625062339,0.0,-0.030486729156276746,-0.02509655222292028,-0.018739385567647954,0.0,-0.0018292037493766048,nan,1.0,0.0,0.16099999999999998,0.4,4.309999942779541,1.0,0,1,1,0,2.359574317932129,-5.818848133087158,-0.199430117441043,FOLLOW_MAIN,cascade_pd_tracking,follow_main,inner_wheel_pd,lidar_disabled,FOLLOW_MAIN,COMMITTED,HOLD,1,1,1,1,1,1,2,0.019445180892944336,0.0001475811004638672,0.031123876571655273,0.01236414909362793,0.00849008560180664,0.004405021667480469,0.09077456500017433,0.06947393999871565
1784810107.3922846,18.531243801116943,123.10000000000001,0.12310000000000001,123.10000000000001,0.10914016160374987,109.14016160374987,0.10914016160374987,109.14016160374987,0.721,0.6434806114656144,0.6434806114656144,0.0924212103816624,0.583741556140575,0.05238727756979993,0.000924212103816624,0.46330604025524236,0.00583741556140575,0.48,0.01,0.72,0.01,nan,0.12,0.12,0.1190365100418623,0.1190365100418623,0.1341249942779541,-0.45,-0.45,-0.38070461875070977,-0.38070461875070977,-0.15760867297649384,0.150375,0.14521278805215354,0.150375,0.089625,0.12174133193792304,0.08769802008372461,0.0,-0.03211633193792304,-0.02197329110336329,-0.026580309065233686,0.0,-0.0019269799162753825,nan,1.0,0.0,0.16099999999999998,0.4,4.309999942779541,1.0,0,1,1,0,2.370091676712036,-5.820973873138428,-0.2120386445940159,FOLLOW_MAIN,cascade_pd_tracking,follow_main,inner_wheel_pd,lidar_disabled,FOLLOW_MAIN,COMMITTED,HOLD,1,1,1,1,1,1,2,6.151199340820312e-05,0.38555145263671875,0.3818490505218506,0.37830400466918945,0.39350390434265137,0.38967084884643555,0.11070998500144924,0.010269146001519402
1784810107.4430563,18.58201551437378,136.9,0.1369,136.9,0.13003293343307515,130.03293343307516,0.13003293343307515,130.03293343307516,0.774,0.7471015096508908,0.7471015096508908,0.06502529876176363,0.3501423318483907,0.06241580804787607,0.0006502529876176364,0.5379130869486414,0.0035014233184839073,0.48,0.01,0.72,0.01,nan,0.12,0.12,0.12,0.12,0.12325000017881393,-0.45,-0.45,-0.36900000000000005,-0.36900000000000005,-0.4413042962551117,0.150375,0.15002868718074552,0.150375,0.089625,0.09277042399452495,0.089625,0.0,0.0,-0.02551745408051889,0.028494846483299214,0.0,0.0,nan,1.0,0.0,0.068,0.4,5.1620001792907715,1.0,0,1,1,0,2.412652015686035,-5.832735061645508,-0.3336492971795286,FOLLOW_MAIN,cascade_pd_tracking,follow_main,inner_wheel_pd,lidar_disabled,FOLLOW_MAIN,COMMITTED,HOLD,1,1,1,1,1,1,2,0.01481318473815918,0.011240720748901367,0.007639408111572266,0.004010200500488281,0.00013709068298339844,0.018790483474731445,0.15874168799928157,0.05377697099902434
1784810107.4945862,18.633545398712158,149.9,0.1499,149.9,0.1352182236152466,135.21822361524661,0.1352182236152466,135.21822361524661,0.8200000000000001,0.7674124352205156,0.7674124352205156,0.050258903111208106,0.2512297170746679,0.06490474733531837,0.000502589031112081,0.5525369533587712,0.002512297170746679,0.48,0.01,0.72,0.01,nan,0.12,0.12,0.12,0.12,0.12324999272823334,-0.45,-0.45,-0.36900000000000005,-0.36900000000000005,-0.37826088070869446,0.150375,0.14941725307721698,0.150375,0.089625,0.0951978182772587,0.089625,0.0,0.0,-0.0177132771247807,0.019780073309590064,0.0,0.0,nan,1.0,0.0,0.051,0.4,5.177000045776367,1.0,0,1,1,0,2.421731948852539,-5.836250305175781,-0.3992773366068511,FOLLOW_MAIN,cascade_pd_tracking,follow_main,inner_wheel_pd,lidar_disabled,FOLLOW_MAIN,COMMITTED,HOLD,1,1,1,1,1,1,2,0.04369044303894043,0.006678104400634766,0.0033559799194335938,8.893013000488281e-05,0.014585018157958984,0.010344505310058594,0.04467255000054138,0.027571783000894357
1784810107.8946762,19.03363537788391,149.9,0.1499,149.9,0.1352182236152466,135.21822361524661,0.1352182236152466,135.21822361524661,0.8200000000000001,0.7674124352205156,0.7674124352205156,0.050258903111208106,0.2512297170746679,0.06490474733531837,0.000502589031112081,0.5525369533587712,0.002512297170746679,0.48,0.01,0.72,0.01,nan,0.12,0.12,0.12,0.12,0.12324999272823334,-0.45,-0.45,-0.36900000000000005,-0.36900000000000005,-0.37826088070869446,0.150375,0.14941725307721698,0.150375,0.089625,0.0951978182772587,0.089625,0.0,0.0,-0.015485674618698986,0.017292552758506927,0.0,0.0,nan,1.0,0.0,0.051,0.4,5.177000045776367,1.0,0,1,1,0,2.421731948852539,-5.836250305175781,-0.3992773366068511,FOLLOW_MAIN,cascade_pd_tracking,follow_main,inner_wheel_pd,lidar_disabled,FOLLOW_MAIN,COMMITTED,HOLD,1,1,1,1,1,1,2,7.200241088867188e-05,0.39266180992126465,0.3891408443450928,0.3856315612792969,0.41464686393737793,0.3811819553375244,0.06483241500063741,0.04773164800099039
1784810107.9454267,19.084385871887207,128.0,0.128,128.0,0.15596674703633828,155.9667470363383,0.15596674703633828,155.9667470363383,0.741,0.8383636654392017,0.8383636654392017,0.02102681385680921,0.09014269732904584,0.07486403857744238,0.00021026813856809209,0.6036218391162252,0.0009014269732904584,0.48,0.01,0.72,0.01,nan,0.12,0.12,0.119674108479993,0.119674108479993,0.12325000762939453,-0.45,-0.45,-0.3729589784652702,-0.3729589784652702,-0.31521740555763245,0.150375,0.14634833732596048,0.150375,0.089625,0.10048805066690003,0.088973216959986,0.0,-0.010863050666900034,-0.0009336508170201456,-0.012240056880839262,0.0,-0.0006517830400140021,nan,1.0,0.0,-3.038,0.4,5.183000087738037,1.0,0,1,1,0,2.465200424194336,-5.8570356369018555,-0.5021330068958071,FOLLOW_MAIN,cascade_pd_tracking,follow_main,inner_wheel_pd,lidar_disabled,FOLLOW_MAIN,COMMITTED,HOLD,1,1,1,1,1,1,2,0.014558076858520508,0.010847330093383789,0.007312297821044922,0.003863096237182617,0.00015211105346679688,0.018641233444213867,0.0015510579996771412,0.07555874599893286
1784810107.9979665,19.13692569732666,113.10000000000001,0.1131,113.10000000000001,0.14570355275805957,145.70355275805957,0.14570355275805957,145.70355275805957,0.68,0.8026332956271718,0.8026332956271718,-0.01375219870815094,-0.0337687094556173,0.06993770532386859,-0.00013752198708150942,0.5778959728515637,-0.00033768709455617304,0.48,0.01,0.72,0.01,nan,0.12,0.12,0.12001499394350043,0.12001499394350043,0.11599999666213989,-0.45,-0.45,-0.3750222299789342,-0.3750222299789342,-0.31521734595298767,0.150375,0.14186289517787765,0.15088572628932734,0.089625,0.0976373067054412,0.08914426159767352,0.008512104822122363,-0.008012306705441202,0.040720984693949816,0.005591183929945317,0.0005107262893273418,-0.00048073840232647214,nan,1.0,0.0,-3.382,0.4,5.183000087738037,1.0,0,1,1,0,2.4736082553863525,-5.861960411071777,-0.556350357669447,FOLLOW_MAIN,cascade_pd_tracking,follow_main,inner_wheel_pd,lidar_disabled,FOLLOW_MAIN,COMMITTED,HOLD,1,1,1,1,1,1,2,0.022805452346801758,0.007227897644042969,0.0037038326263427734,0.00014257431030273438,0.015195846557617188,0.011245489120483398,0.005721416000596946,0.05274091499995848
1784810108.426713,19.565672159194946,113.10000000000001,0.1131,113.10000000000001,0.14570355275805957,145.70355275805957,0.14570355275805957,145.70355275805957,0.68,0.8026332956271718,0.8026332956271718,-0.01375219870815094,-0.0337687094556173,0.06993770532386859,-0.00013752198708150942,0.5778959728515637,-0.00033768709455617304,0.48,0.01,0.72,0.01,nan,0.12,0.12,0.12001499394350043,0.12047862193633757,0.11599999666213989,-0.45,-0.45,-0.3750222299789342,-0.3748143701895824,-0.31521734595298767,0.150375,0.14186289517787765,0.15088572628932734,0.089625,0.0976373067054412,0.08914426159767352,0.008512104822122363,-0.008012306705441202,0.03540025041646817,0.004860621930736476,0.0005107262893273418,-0.00048073840232647214,nan,1.0,0.0,-3.382,0.4,5.168000221252441,1.0,0,1,1,0,2.4736082553863525,-5.861960411071777,-0.5862327877814707,FOLLOW_MAIN,cascade_pd_tracking,follow_main,inner_wheel_pd,lidar_disabled,FOLLOW_MAIN,COMMITTED,HOLD,1,1,1,1,1,1,2,6.747245788574219e-05,0.41371703147888184,0.41008496284484863,0.40662407875061035,0.41739511489868164,0.42479372024536133,0.026725114999862853,0.07374461399922438
1784810108.477407,19.616366147994995,74.10000000000001,0.07410000000000001,74.10000000000001,0.08577064616359706,85.77064616359706,0.08577064616359706,85.77064616359706,0.487,0.5472375607380064,0.5472375607380064,-0.10012283739542267,-0.4376028378866191,0.041169910158526585,-0.0010012283739542268,0.39401104373136464,-0.004376028378866191,0.48,0.01,0.72,0.01,nan,0.12,0.12,0.12,0.12,0.12687499821186066,-0.45,-0.45,-0.36900000000000005,-0.36900000000000005,-0.34673914313316345,0.150375,0.14762695212565694,0.150375,0.089625,0.09641503089502021,0.089625,0.0,0.0,-0.009271449505812586,0.002903260806727433,0.0,0.0,nan,1.0,0.0,-1.894,0.4,5.465000152587891,1.0,0,1,1,0,2.518258571624756,-5.895134925842285,-0.6607815030081284,FOLLOW_MAIN,cascade_pd_tracking,follow_main,inner_wheel_pd,lidar_disabled,FOLLOW_MAIN,COMMITTED,UNKNOWN,1,1,1,1,1,1,1,0.007369041442871094,0.003598451614379883,0.0001442432403564453,0.0192413330078125,0.015323400497436523,0.01146841049194336,0.06815271599953121,0.06026327799918363
1784810108.8870509,20.026010036468506,70.0,0.07,70.0,0.07980265428828176,79.80265428828176,0.07980265428828176,79.80265428828176,0.464,0.5164340158413602,0.5164340158413602,-0.09248175680541548,-0.4178852514989281,0.03830527405837524,-0.0009248175680541548,0.3718324914057793,-0.004178852514989281,0.48,0.01,0.72,0.01,nan,0.12,0.12,0.1196414185953378,0.1196414185953378,0.12687499821186066,-0.45,-0.45,-0.37335610002700736,-0.37335610002700736,-0.28369566798210144,0.150375,0.1468954926174189,0.150375,0.089625,0.10157771348873956,0.08890783719067562,0.0,-0.011952713488739566,-0.007107227087108146,-0.0630540004689515,0.0,-0.0007171628093243739,nan,1.0,0.0,-1.514,0.4,5.465000152587891,1.0,0,1,1,0,2.524940252304077,-5.901364326477051,-0.7707926103015103,FOLLOW_MAIN,cascade_pd_tracking,follow_main,inner_wheel_pd,lidar_disabled,FOLLOW_MAIN,COMMITTED,HOLD,1,1,1,1,1,1,2,0.3792147636413574,0.3757593631744385,0.37247467041015625,0.3691093921661377,0.3654520511627197,0.000118255615234375,0.022089440999479848,0.0269813749982859
1784810108.937386,20.076345205307007,88.60000000000001,0.08860000000000001,88.60000000000001,0.08765093310620989,87.65093310620989,0.08765093310620989,87.65093310620989,0.5640000000000001,0.5589624637744527,0.5589624637744527,-0.0047585962501099695,-0.006816962878655283,0.042072447890980746,-4.7585962501099695e-05,0.4024529739176059,-6.816962878655283e-05,0.48,0.01,0.72,0.01,nan,0.12,0.12,0.1205161914485662,0.1205161914485662,0.10875000059604645,-0.45,-0.45,-0.37527077018998956,-0.37527077018998956,-0.31521737575531006,0.150375,0.1331686183811262,0.15140738289713243,0.089625,0.0880876925137968,0.089625,0.017206381618873806,0.0,0.061561606363453474,0.01916589679735648,0.0010323828971324283,0.0,nan,1.0,0.0,1.6589999999999998,0.4,4.676000118255615,1.0,0,1,1,0,2.5583112239837646,-5.937412261962891,-0.8246008287441939,FOLLOW_MAIN,cascade_pd_tracking,follow_main,inner_wheel_pd,lidar_disabled,FOLLOW_MAIN,COMMITTED,UNKNOWN,1,1,1,1,1,1,1,0.010175228118896484,0.006787776947021484,0.003433704376220703,0.00010800361633300781,0.0178067684173584,0.014024972915649414,0.01473276300021098,0.02873141400050372
1784810108.9874935,20.126452684402466,88.60000000000001,0.08860000000000001,88.60000000000001,0.08765093310620989,87.65093310620989,0.08765093310620989,87.65093310620989,0.5640000000000001,0.5589624637744527,0.5589624637744527,-0.0047585962501099695,-0.006816962878655283,0.042072447890980746,-4.7585962501099695e-05,0.4024529739176059,-6.816962878655283e-05,0.48,0.01,0.72,0.01,nan,0.12,0.12,0.1205161914485662,0.1205161914485662,0.10875000059604645,-0.45,-0.45,-0.37527077018998956,-0.37527077018998956,-0.31521737575531006,0.150375,0.1331686183811262,0.15140738289713243,0.089625,0.0880876925137968,0.089625,0.017206381618873806,0.0,0.04772790113003448,0.014859066899783203,0.0010323828971324283,0.0,nan,1.0,0.0,1.6589999999999998,0.4,4.431000232696533,1.0,0,1,1,0,2.5583112239837646,-5.937412261962891,-0.938204440991317,FOLLOW_MAIN,cascade_pd_tracking,follow_main,inner_wheel_pd,lidar_disabled,FOLLOW_MAIN,COMMITTED,UNKNOWN,1,1,1,1,1,1,1,0.038840293884277344,0.01965641975402832,0.004186868667602539,0.016180753707885742,0.00017881393432617188,0.008197784423828125,0.05291109999961918,0.06690975099991192
1784810109.4458296,20.58478879928589,77.10000000000001,0.0771,77.10000000000001,0.08811884267617662,88.11884267617661,0.08811884267617662,88.11884267617661,0.503,0.5614460731221294,0.5614460731221294,-0.0022606354479746053,0.0020542682464380355,0.042297044484564776,-2.2606354479746053e-05,0.40424117264793313,2.0542682464380355e-05,0.48,0.01,0.72,0.01,nan,0.12,0.12,0.12034590839933024,0.12,0.12325000762939453,-0.45,-0.45,-0.37320214648075256,-0.27235147575960683,-0.31521740555763245,0.150375,0.1388447200223254,0.1510668167986605,0.089625,0.09502637476719165,0.089625,0.011530279977674612,0.0,0.00474277874430117,0.00994280212212417,0.0006918167986604767,0.0,nan,1.0,0.0,1.981,0.4,4.431000232696533,1.0,0,1,1,0,2.5641839504241943,-5.945023536682129,-0.938204440991317,FOLLOW_MAIN,cascade_pd_tracking,follow_main,inner_wheel_pd,lidar_disabled,FOLLOW_MAIN,COMMITTED,UNKNOWN,1,1,1,1,1,1,1,0.4542057514190674,0.42244815826416016,0.42616891860961914,9.822845458984375e-05,0.4584829807281494,0.46650123596191406,0.03166110500023933,0.04406347499934782
1784810109.4989328,20.63789200782776,44.400000000000006,0.04440000000000001,44.400000000000006,0.055664239549365946,55.664239549365945,0.055664239549365946,55.664239549365945,0.307,0.3766613587486748,0.3766613587486748,-0.06227495878541232,-0.35577461907030994,0.026718834983695653,-0.0006227495878541232,0.27119617829904585,-0.0035577461907030997,0.48,0.01,0.72,0.01,nan,0.12,0.12,0.12,0.12,0.12687499821186066,-0.33244631200685004,-0.33244631200685004,-0.2726059758456171,-0.2726059758456171,-0.34673914313316345,0.14244012606046239,0.1493834032096952,0.14244012606046239,0.09755987393953762,0.09919299296053352,0.09755987393953762,0.0,0.0,-0.01560211037498178,0.026645655674144588,0.0,0.0,nan,1.0,0.0,1.569,0.4,3.2739999294281006,1.0,0,1,1,0,2.5962629318237305,-5.995147228240967,-1.0138565181393615,FOLLOW_MAIN,cascade_pd_tracking,follow_main,inner_wheel_pd,lidar_disabled,FOLLOW_MAIN,COMMITTED,UNKNOWN,1,1,1,1,1,1,1,0.007315158843994141,0.0036454200744628906,0.000133514404296875,0.0192263126373291,0.015198945999145508,0.011321783065795898,0.10343286299939791,0.03101428799891437
1784810109.9368794,21.075838565826416,44.400000000000006,0.04440000000000001,44.400000000000006,0.055664239549365946,55.664239549365945,0.055664239549365946,55.664239549365945,0.307,0.3766613587486748,0.3766613587486748,-0.06227495878541232,-0.35577461907030994,0.026718834983695653,-0.0006227495878541232,0.27119617829904585,-0.0035577461907030997,0.48,0.01,0.72,0.01,nan,0.12,0.12,0.12,0.12,0.12687499821186066,-0.3325722509042652,-0.3325722509042652,-0.27270924574149735,-0.27270924574149735,-0.34673914313316345,0.14244862693603788,0.1493834032096952,0.14244862693603788,0.0975513730639621,0.09919299296053352,0.0975513730639621,0.0,0.0,-0.013678035419771676,0.023359674642374487,0.0,0.0,nan,1.0,0.0,1.569,0.4,3.2739999294281006,1.0,0,1,1,0,2.5962629318237305,-5.995147228240967,-1.0779720437824092,FOLLOW_MAIN,cascade_pd_tracking,follow_main,inner_wheel_pd,lidar_disabled,FOLLOW_MAIN,COMMITTED,UNKNOWN,1,1,1,1,1,1,1,0.00011301040649414062,0.4224705696105957,0.4380466938018799,0.41887879371643066,0.4150204658508301,0.41102075576782227,0.12317509700005758,0.050756521999574034
1784810109.9881399,21.12709903717041,29.3,0.0293,29.3,0.033418069859705024,33.41806985970502,0.033418069859705024,33.41806985970502,0.20600000000000002,0.23391501794928327,0.23391501794928327,-0.04021755403407777,-0.2534540433214299,0.016040673532658412,-0.0004021755403407777,0.16841881292348396,-0.002534540433214299,0.48,0.01,0.72,0.01,nan,0.1399352526160736,0.1399352526160736,0.1409104334334742,0.13886062450384784,0.13049998879432678,-0.1910103023275321,-0.1910103023275321,-0.15334413480532647,-0.15337443786662527,-0.18913041055202484,0.15282844802318202,0.14108135176710238,0.1535332737985468,0.12704205720896516,0.10628312621835778,0.1282875930684016,0.011747096256079642,0.020758930990607383,0.0576525069417618,-0.03774812768491694,0.0007048257753647785,0.0012455358594364429,nan,1.0,0.0,1.2329999999999999,0.4664508420535787,3.263000011444092,1.0,0,1,1,0,2.6149096488952637,-6.045302867889404,-1.2066122122369864,FOLLOW_MAIN,cascade_pd_tracking,follow_main,inner_wheel_pd,lidar_disabled,FOLLOW_MAIN,COMMITTED,HOLD,1,1,1,1,1,1,2,0.007536172866821289,0.0037043094635009766,0.00013899803161621094,0.019545793533325195,0.01560521125793457,0.01158595085144043,0.06950681099988287,0.055255048000617535
1784810110.4430377,21.58199691772461,102.10000000000001,0.10210000000000001,102.10000000000001,0.07855256821135553,78.55256821135553,0.07855256821135553,78.55256821135553,0.63,0.41453454212785723,0.41453454212785723,0.10005186473303408,0.3861894170281069,0.037705232741450656,0.0010005186473303407,0.2984648703320572,0.003861894170281069,0.48,0.01,0.72,0.01,nan,0.12,0.12,0.11756569440244369,0.14193622941900824,0.17400000989437103,-0.3923774947407593,-0.28635787689108766,-0.23635294551886557,-0.14300085074479568,-0.25217387080192566,0.13932915669014842,0.177788816311987,0.1370215771128381,0.10067084330985157,0.14335470360655672,0.09810981169204926,-0.03845965962183859,-0.04268386029670515,-0.12377785728593076,-0.17662437408524617,-0.002307579577310315,-0.002561031617802309,nan,1.0,0.0,0.5239999999999999,0.4,3.180999994277954,1.0,0,1,1,0,2.6303904056549072,-6.113711357116699,-1.2765270247511038,FOLLOW_MAIN,cascade_pd_tracking,follow_main,inner_wheel_pd,lidar_disabled,FOLLOW_MAIN,COMMITTED,UNKNOWN,1,1,1,1,1,1,1,0.41652655601501465,0.0001049041748046875,0.4320707321166992,0.42864418029785156,0.42493343353271484,0.4208242893218994,0.03209143800086167,0.0244080379998195
1784810110.4948964,21.63385558128357,102.10000000000001,0.10210000000000001,102.10000000000001,0.07855256821135553,78.55256821135553,0.07855256821135553,78.55256821135553,0.63,0.41453454212785723,0.41453454212785723,0.10005186473303408,0.3861894170281069,0.037705232741450656,0.0010005186473303407,0.2984648703320572,0.003861894170281069,0.48,0.01,0.72,0.01,nan,0.12,0.12,0.11756569440244369,0.11756569440244369,0.17400000989437103,-0.39334291133213484,-0.2988735536905544,-0.247231571792962,-0.25496424822592223,-0.25217387080192566,0.14017396487411243,0.177788816311987,0.13791707378783996,0.09982603512588757,0.14335470360655672,0.09721431501704743,-0.037614851437874575,-0.04352866848066915,-0.10112942383006125,-0.1569886613055117,-0.0022568910862724744,-0.002611720108840149,nan,1.0,0.0,0.5239999999999999,0.4,3.180999994277954,1.0,0,1,1,0,2.6303904056549072,-6.113711357116699,-1.3709666225192432,FOLLOW_MAIN,cascade_pd_tracking,follow_main,inner_wheel_pd,lidar_disabled,FOLLOW_MAIN,COMMITTED,UNKNOWN,1,1,1,1,1,1,1,0.00011444091796875,0.020004987716674805,0.016370534896850586,0.012823343276977539,0.008916616439819336,0.004372119903564453,0.05484721399989212,0.047163813998849946
1784810110.9155054,22.05446457862854,111.60000000000001,0.1116,111.60000000000001,0.08957855078531896,89.57855078531895,0.08957855078531896,89.57855078531895,0.673,0.4707240204859036,0.4707240204859036,0.11019409454124995,0.4654870951163698,0.0429977043769531,0.0011019409454124996,0.3389212947498506,0.004654870951163698,0.48,0.01,0.72,0.01,nan,0.12,0.12,0.11756569440244369,0.11756569440244369,0.17400000989437103,-0.45,-0.31913396529071103,-0.26484192155581804,-0.2741203810962859,-0.25217387080192566,0.141541542657123,0.177788816311987,0.13936670623783115,0.098458457342877,0.14335470360655672,0.09576468256705623,-0.03624727365486402,-0.04489624626367972,-0.07102453923803465,-0.13088836309866614,-0.002174836419291841,-0.002693774775820783,nan,1.0,0.0,0.142,0.4,3.3380000591278076,1.0,0,1,1,0,2.6303904056549072,-6.113711357116699,-1.4138361215626893,FOLLOW_MAIN,cascade_pd_tracking,follow_main,inner_wheel_pd,lidar_disabled,FOLLOW_MAIN,COMMITTED,UNKNOWN,1,1,1,1,1,1,1,0.0001251697540283203,0.4016087055206299,0.39821791648864746,0.3948514461517334,0.39087700843811035,0.38724756240844727,0.015895487998932367,0.08400092599913478
1784810110.9664593,22.10541844367981,124.80000000000001,0.12480000000000001,124.80000000000001,0.11763983995653327,117.63983995653327,0.11763983995653327,117.63983995653327,0.728,0.6888795473264714,0.6888795473264714,0.06765935368283776,0.45360834752800355,0.056467123179135964,0.0006765935368283776,0.4959932740750594,0.004536083475280036,0.48,0.01,0.72,0.01,nan,0.12,0.12,0.12080572999745295,0.12080572999745295,0.10512499511241913,-0.45,-0.45,-0.3861769348832275,-0.3861769348832275,-0.09456519782543182,0.150375,0.11338024994859212,0.15259468500308448,0.089625,0.099762083469643,0.08901677499182141,0.036994750051407885,-0.01013708346964301,0.08493191300880559,0.037784173651073616,0.002219685003084473,-0.0006082250081785805,nan,1.0,0.0,-1.153,0.4,3.11299991607666,1.0,0,1,1,0,2.637907028198242,-6.165963172912598,-1.4415127135175925,FOLLOW_MAIN,cascade_pd_tracking,follow_main,inner_wheel_pd,lidar_disabled,FOLLOW_MAIN,COMMITTED,UNKNOWN,1,1,1,1,1,1,1,0.01857900619506836,0.01483607292175293,0.011318445205688477,0.00788736343383789,0.003991127014160156,0.00016069412231445312,0.03298321700094675,0.04761074000089138
1784810111.0200942,22.159053325653076,127.2,0.1272,127.2,0.12120382055554449,121.2038205555445,0.12120382055554449,121.2038205555445,0.737,0.7083518124024748,0.7083518124024748,0.06175244010460605,0.40112339438065847,0.05817783386666135,0.0006175244010460606,0.5100133049297818,0.0040112339438065844,0.48,0.01,0.72,0.01,nan,0.12,0.12,0.120632697734491,0.120632697734491,0.11237500607967377,-0.45,-0.45,-0.38478997361617406,-0.38478997361617406,-0.15760870277881622,0.150375,0.1181669641997078,0.15230748214801754,0.089625,0.10074311131725865,0.08895791332096448,0.032208035800292203,-0.01111811131725865,0.03113642710013192,0.0201854387109042,0.0019324821480175322,-0.000667086679035519,nan,1.0,0.0,-1.477,0.4,3.1059999465942383,1.0,0,1,1,0,2.6389987468719482,-6.175565719604492,-1.4711433994416248,FOLLOW_MAIN,cascade_pd_tracking,follow_main,inner_wheel_pd,lidar_disabled,FOLLOW_MAIN,COMMITTED,UNKNOWN,1,1,1,1,1,1,1,0.01842021942138672,0.014814376831054688,0.01129770278930664,0.007682323455810547,0.003853321075439453,9.846687316894531e-05,0.008764273001361289,0.023597407000124804
1784810111.4058077,22.544766902923584,127.2,0.1272,127.2,0.12120382055554449,121.2038205555445,0.12120382055554449,121.2038205555445,0.737,0.7083518124024748,0.7083518124024748,0.06175244010460605,0.40112339438065847,0.05817783386666135,0.0006175244010460606,0.5100133049297818,0.0040112339438065844,0.48,0.01,0.72,0.01,nan,0.12,0.12,0.120632697734491,0.12046604657202775,0.11237500607967377,-0.45,-0.45,-0.38478997361617406,-0.3746616028009298,-0.15760870277881622,0.150375,0.1181669641997078,0.15230748214801754,0.089625,0.10074311131725865,0.08895791332096448,0.032208035800292203,-0.01111811131725865,0.02710325333201846,0.017570771920624468,0.0019324821480175322,-0.000667086679035519,nan,1.0,0.0,-1.477,0.4,3.1059999465942383,1.0,0,1,1,0,2.6389987468719482,-6.175565719604492,-1.4711433994416248,FOLLOW_MAIN,cascade_pd_tracking,follow_main,inner_wheel_pd,lidar_disabled,FOLLOW_MAIN,COMMITTED,UNKNOWN,1,1,1,1,1,1,1,0.3820638656616211,0.37837934494018555,0.3749842643737793,0.00010895729064941406,0.3895699977874756,0.3858151435852051,0.02957297099965217,0.044406104998415685
1784810111.456789,22.59574818611145,89.2,0.0892,89.2,0.12293589041243455,122.93589041243455,0.12293589041243455,122.93589041243455,0.5670000000000001,0.7184283678196128,0.7184283678196128,0.006924191689345591,0.07144697784043125,0.05900922739796858,6.92419168934559e-05,0.5172684248301213,0.0007144697784043125,0.48,0.01,0.72,0.01,nan,0.12,0.12,0.12046604657202775,0.12046604657202775,0.11599999666213989,-0.45,-0.45,-0.3746616028009298,-0.3746616028009298,-0.25217390060424805,0.150375,0.13484011426574166,0.15130709314405552,0.089625,0.09626365235276008,0.089625,0.015534885734258347,0.0,-6.585190563600221e-06,0.011401842676793566,0.0009320931440555008,0.0,nan,1.0,0.0,-1.117,0.4,3.053999900817871,1.0,0,1,1,0,2.6413774490356445,-6.221606731414795,-1.5205694693553795,FOLLOW_MAIN,cascade_pd_tracking,follow_main,inner_wheel_pd,lidar_disabled,FOLLOW_MAIN,COMMITTED,UNKNOWN,1,1,1,1,1,1,1,0.01114344596862793,0.007476329803466797,0.003854990005493164,0.00013685226440429688,0.018966197967529297,0.015150070190429688,0.052457080000749556,0.061875502000475535
1784810111.5096674,22.648626565933228,89.2,0.0892,89.2,0.12293589041243455,122.93589041243455,0.12293589041243455,122.93589041243455,0.5670000000000001,0.7184283678196128,0.7184283678196128,0.006924191689345591,0.07144697784043125,0.05900922739796858,6.92419168934559e-05,0.5172684248301213,0.0007144697784043125,0.48,0.01,0.72,0.01,nan,0.12,0.12,0.12062535163976038,0.12062535163976038,0.1014999970793724,-0.45,-0.45,-0.37659686436449646,-0.37659686436449646,-0.31521740555763245,0.150375,0.12952994534132076,0.15162570327952077,0.089625,0.08920239684983562,0.089625,0.020845054658679252,0.0,0.02915585386172149,0.008745942518551849,0.001250703279520755,0.0,nan,1.0,0.0,-1.117,0.4,3.053999900817871,1.0,0,1,1,0,2.641174793243408,-6.229216575622559,-1.621060931149088,FOLLOW_MAIN,cascade_pd_tracking,follow_main,inner_wheel_pd,lidar_disabled,FOLLOW_MAIN,COMMITTED,UNKNOWN,1,1,1,1,1,1,1,6.67572021484375e-05,0.015151739120483398,0.011614322662353516,0.03066086769104004,0.007793426513671875,0.0037047863006591797,0.09223484500034829,0.03203108600064297
1784810111.9092486,23.048207759857178,95.7,0.09570000000000001,95.7,0.1071607139920141,107.1607139920141,0.1071607139920141,107.1607139920141,0.6,0.6498340106223208,0.6498340106223208,-0.03954840157340437,-0.14272556783134577,0.05143714271616676,-0.0003954840157340437,0.467880487648071,-0.0014272556783134578,0.48,0.01,0.72,0.01,nan,0.12,0.12,0.12062535163976038,0.11938210575445776,0.1014999970793724,-0.45,-0.45,-0.37659686436449646,-0.34851397782176374,-0.31521740555763245,0.150375,0.12952994534132076,0.15162570327952077,0.089625,0.08920239684983562,0.089625,0.020845054658679252,0.0,0.021678116118277177,0.006502829873552877,0.001250703279520755,0.0,nan,1.0,0.0,-0.6920000000000001,0.4,3.053999900817871,1.0,0,1,1,0,2.641174793243408,-6.229216575622559,-1.621060931149088,FOLLOW_MAIN,cascade_pd_tracking,follow_main,inner_wheel_pd,lidar_disabled,FOLLOW_MAIN,COMMITTED,UNKNOWN,1,1,1,1,1,1,1,0.3840906620025635,0.38045263290405273,0.3768432140350342,6.961822509765625e-05,0.40737318992614746,0.38817667961120605,0.032814439000503626,0.07648395100113703
1784810111.9593077,23.09826683998108,88.60000000000001,0.08860000000000001,88.60000000000001,0.09317356901307068,93.17356901307068,0.09317356901307068,93.17356901307068,0.5640000000000001,0.58624026780705,0.58624026780705,-0.0384108944036628,-0.17008756868700056,0.04472331312627392,-0.000384108944036628,0.422092992821076,-0.0017008756868700057,0.48,0.01,0.72,0.01,nan,0.12,0.12,0.11938210575445776,0.11907849405166407,0.12687499821186066,-0.45,-0.45,-0.34851397782176374,-0.3578054092202153,-0.7880434989929199,0.150375,0.18877906053608942,0.14807075636783465,0.089625,0.07181741431531893,0.09069345514108086,-0.03840406053608941,0.017807585684681063,-0.019878149248400187,0.029645854911988432,-0.002304243632165365,0.0010684551410808636,nan,1.0,0.0,-0.204,0.4,3.4730000495910645,1.0,0,1,1,0,2.631354808807373,-6.284065246582031,-1.7309767839143964,FOLLOW_MAIN,cascade_pd_tracking,follow_main,inner_wheel_pd,lidar_disabled,FOLLOW_MAIN,COMMITTED,HOLD,1,1,1,1,1,1,2,0.010401010513305664,0.0068759918212890625,0.003484010696411133,0.00010728836059570312,0.018243789672851562,0.01441192626953125,0.012521556000137934,0.06249885600118432
1784810112.0122557,23.151214838027954,88.60000000000001,0.08860000000000001,88.60000000000001,0.09317356901307068,93.17356901307068,0.09317356901307068,93.17356901307068,0.5640000000000001,0.58624026780705,0.58624026780705,-0.0384108944036628,-0.17008756868700056,0.04472331312627392,-0.000384108944036628,0.422092992821076,-0.0017008756868700057,0.48,0.01,0.72,0.01,nan,0.12,0.12,0.11907849405166407,0.11907849405166407,0.13774999976158142,-0.45,-0.45,-0.3578054092202153,-0.3578054092202153,-0.5043478608131409,0.150375,0.18109186494453125,0.14853198810332813,0.089625,0.08624952577146991,0.089625,-0.03071686494453124,0.0,0.023366514702924005,-0.06516743659324065,-0.0018430118966718744,0.0,nan,1.0,0.0,-0.204,0.4,3.4730000495910645,1.0,0,1,1,0,2.6270782947540283,-6.293921947479248,-1.9801565742887859,FOLLOW_MAIN,cascade_pd_tracking,follow_main,inner_wheel_pd,lidar_disabled,FOLLOW_MAIN,COMMITTED,HOLD,1,1,1,1,1,1,2,0.025757312774658203,0.0035429000854492188,0.00012063980102539062,0.015054702758789062,0.011308431625366211,0.0075113773345947266,0.07192985099936777,0.04960426199977519
1784810112.4333122,23.5722713470459,88.60000000000001,0.08860000000000001,88.60000000000001,0.09317356901307068,93.17356901307068,0.09317356901307068,93.17356901307068,0.5640000000000001,0.58624026780705,0.58624026780705,-0.0384108944036628,-0.17008756868700056,0.04472331312627392,-0.000384108944036628,0.422092992821076,-0.0017008756868700057,0.48,0.01,0.72,0.01,nan,0.12,0.12,0.11907849405166407,0.11990599504703868,0.13774999976158142,-0.45,-0.45,-0.3578054092202153,-0.3781313175394222,-0.5043478608131409,0.150375,0.18109186494453125,0.14853198810332813,0.089625,0.08624952577146991,0.089625,-0.03071686494453124,0.0,0.020443301529016245,-0.05701481684737322,-0.0018430118966718744,0.0,nan,1.0,0.0,-0.204,0.4,3.0840001106262207,1.0,0,1,1,0,2.6270782947540283,-6.293921947479248,-2.019495616801567,FOLLOW_MAIN,cascade_pd_tracking,follow_main,inner_wheel_pd,lidar_disabled,FOLLOW_MAIN,COMMITTED,HOLD,1,1,1,1,1,1,2,0.40584468841552734,0.40224552154541016,0.3987135887145996,7.319450378417969e-05,0.41368603706359863,0.4098837375640869,0.09197716000016953,0.06965157100057695
1784810112.4837143,23.622673511505127,136.9,0.1369,136.9,0.1219976019259505,121.99760192595049,0.1219976019259505,121.99760192595049,0.774,0.7149175918936859,0.7149175918936859,0.05275857993776996,0.23119045379043546,0.05855884892445624,0.0005275857993776996,0.5147406661634538,0.0023119045379043548,0.48,0.01,0.72,0.01,nan,0.12,0.12,0.11990599504703868,0.11990599504703868,0.11237499117851257,-0.45,-0.45,-0.3781313175394222,-0.3781313175394222,-0.34673914313316345,0.150375,0.13941402698205876,0.1510326583810765,0.089625,0.10371947144998536,0.08877933171300087,0.010960973017941245,-0.014094471449985366,0.03196152277223089,0.00593394092439645,0.0006576583810764746,-0.0008456682869991219,nan,1.0,0.0,0.09,0.4,3.1730000972747803,1.0,0,1,1,0,2.6007068157196045,-6.344188213348389,-2.0792299514103427,FOLLOW_MAIN,cascade_pd_tracking,follow_main,inner_wheel_pd,lidar_disabled,FOLLOW_MAIN,COMMITTED,HOLD,1,1,1,1,1,1,2,0.01478719711303711,0.011286735534667969,0.007878541946411133,0.02600717544555664,0.004086732864379883,0.00016260147094726562,0.0657786390002002,0.048993352998877526
1784810112.5358162,23.67477536201477,140.70000000000002,0.14070000000000002,140.70000000000002,0.1292242854158458,129.2242854158458,0.1292242854158458,129.2242854158458,0.788,0.7435686761744547,0.7435686761744547,0.06161862797870103,0.26118401341828745,0.06202765699960598,0.0006161862797870103,0.5353694468456074,0.0026118401341828747,0.48,0.01,0.72,0.01,nan,0.12,0.12,0.12,0.12,0.11962499469518661,-0.45,-0.45,-0.36900000000000005,-0.36900000000000005,-0.40978261828422546,0.150375,0.14366315571372168,0.150375,0.089625,0.09737392389431702,0.089625,0.0,0.0,-0.04690000807411943,0.0920539645160803,0.0,0.0,nan,1.0,0.0,-0.15999999999999998,0.4,3.1679999828338623,1.0,0,1,1,0,2.59521746635437,-6.353030204772949,-2.126387166857143,FOLLOW_MAIN,cascade_pd_tracking,follow_main,inner_wheel_pd,lidar_disabled,FOLLOW_MAIN,COMMITTED,HOLD,1,1,1,1,1,1,2,0.0038330554962158203,0.00014162063598632812,0.01894068717956543,0.015636444091796875,0.011894941329956055,0.007972240447998047,0.04512297700057388,0.014814931000728393
1784810112.9090886,24.0480477809906,140.70000000000002,0.14070000000000002,140.70000000000002,0.1292242854158458,129.2242854158458,0.1292242854158458,129.2242854158458,0.788,0.7435686761744547,0.7435686761744547,0.06161862797870103,0.26118401341828745,0.06202765699960598,0.0006161862797870103,0.5353694468456074,0.0026118401341828747,0.48,0.01,0.72,0.01,nan,0.12,0.12,0.12,0.12,0.11962499469518661,-0.45,-0.45,-0.36900000000000005,-0.36900000000000005,-0.40978261828422546,0.150375,0.14366315571372168,0.150375,0.089625,0.09737392389431702,0.089625,0.0,0.0,-0.04690000807411943,0.0920539645160803,0.0,0.0,nan,1.0,0.0,-0.15999999999999998,0.4,3.1679999828338623,1.0,0,1,1,0,2.59521746635437,-6.353030204772949,-2.1620385098585486,FOLLOW_MAIN,cascade_pd_tracking,follow_main,inner_wheel_pd,lidar_disabled,FOLLOW_MAIN,COMMITTED,HOLD,1,1,1,1,1,1,2,0.3770711421966553,0.3733785152435303,0.39217710494995117,0.3888719081878662,0.00011205673217773438,0.381206750869751,0.04512297700057388,0.014814931000728393
1784810112.960039,24.098998069763184,139.5,0.1395,139.5,0.14279727968962685,142.79727968962686,0.14279727968962685,142.79727968962686,0.784,0.7950773284426512,0.7950773284426512,0.0336114615566116,0.1347058049497678,0.06854269425102089,0.000336114615566116,0.5724556764787089,0.001347058049497678,0.48,0.01,0.72,0.01,nan,0.12,0.12,0.12092305634694872,0.12092305634694872,0.09787499904632568,-0.45,-0.45,-0.36853931820583824,-0.36853931820583824,-0.5358695983886719,0.150375,0.13562276050016214,0.15126013436999028,0.089625,0.07360869460154756,0.09058597832390715,0.014752239499837866,0.016016305398452432,0.03633296939084215,0.0827332892818512,0.0008851343699902719,0.0009609783239071459,nan,1.0,0.0,-0.678,0.4,3.187000036239624,1.0,0,1,1,0,2.570054531097412,-6.386346817016602,-2.2296520177083172,FOLLOW_MAIN,cascade_pd_tracking,follow_main,inner_wheel_pd,lidar_disabled,FOLLOW_MAIN,COMMITTED,UNKNOWN,1,1,1,1,1,1,1,0.00014495849609375,0.019103527069091797,0.015672683715820312,0.012161493301391602,0.008253812789916992,0.004263401031494141,0.05131485700076155,0.05192098800034728
1784810113.010535,24.149494171142578,140.70000000000002,0.14070000000000002,140.70000000000002,0.14185443765208955,141.85443765208956,0.14185443765208955,141.85443765208956,0.788,0.7918956818543617,0.7918956818543617,0.023675455324210497,0.09665519406802682,0.06809013007300298,0.00023675455324210498,0.5701648909351403,0.0009665519406802682,0.48,0.01,0.72,0.01,nan,0.12,0.12,0.12069847541924729,0.12069847541924729,0.11237499862909317,-0.45,-0.45,-0.36821979963342066,-0.36821979963342066,-0.4728260934352875,0.150375,0.1398041398569376,0.15100925160858375,0.089625,0.07691334616815268,0.09038769922991083,0.01057086014306241,0.012711653831847317,0.0011088712985876242,0.03708299296108568,0.0006342516085837447,0.000762699229910839,nan,1.0,0.0,-0.725,0.4,3.183000087738037,1.0,0,1,1,0,2.563739061355591,-6.393056869506836,-2.3646904085903837,FOLLOW_MAIN,cascade_pd_tracking,follow_main,inner_wheel_pd,lidar_disabled,FOLLOW_MAIN,COMMITTED,UNKNOWN,1,1,1,1,1,1,1,0.018430471420288086,0.00012969970703125,0.011876106262207031,0.02884078025817871,0.007965803146362305,0.004128217697143555,0.039683950000835466,0.032908810000662925
1784810113.4316747,24.57063388824463,144.3,0.1443,144.3,0.14140389321733884,141.40389321733883,0.14140389321733884,141.40389321733883,0.8,0.7903753071716189,0.7903753071716189,0.018062085792710247,0.07470323326078812,0.06787386874432265,0.00018062085792710248,0.5690702211635655,0.0007470323326078812,0.48,0.01,0.72,0.01,nan,0.12,0.12,0.12069847541924729,0.12069847541924729,0.11237499862909317,-0.45,-0.45,-0.36821979963342066,-0.36821979963342066,-0.4728260934352875,0.150375,0.1398041398569376,0.15100925160858375,0.089625,0.07691334616815268,0.09038769922991083,0.01057086014306241,0.012711653831847317,0.0009642517469859651,0.03224661039720249,0.0006342516085837447,0.000762699229910839,nan,1.0,0.0,-0.536,0.4,3.183000087738037,1.0,0,1,1,0,2.563739061355591,-6.393056869506836,-2.3646904085903837,FOLLOW_MAIN,cascade_pd_tracking,follow_main,inner_wheel_pd,lidar_disabled,FOLLOW_MAIN,COMMITTED,UNKNOWN,1,1,1,1,1,1,1,9.059906005859375e-05,0.4095425605773926,0.3897969722747803,0.40249156951904297,0.4290771484375,0.3979494571685791,0.0012767429998348234,0.053870638001171756
1784810113.4829016,24.62186074256897,142.6,0.1426,142.6,0.14348102655952177,143.48102655952178,0.14348102655952177,143.48102655952178,0.795,0.797540524958714,0.797540524958714,0.007013425642027258,0.02792258360168607,0.06887089274857044,7.013425642027258e-05,0.5742291779702741,0.0002792258360168607,0.48,0.01,0.72,0.01,nan,0.12,0.12,0.11868141775492301,0.11868141775492301,0.14862500131130219,-0.45,-0.45,-0.3850183324587131,-0.3850183324587131,-0.09456522762775421,0.150375,0.14617442210505743,0.150375,0.089625,0.13357774150256635,0.08698783550984601,0.0,-0.04395274150256635,-0.12451196817368704,-0.1677909217027778,0.0,-0.002637164490153981,nan,1.0,0.0,-0.353,0.4,3.313999891281128,1.0,0,1,1,0,2.520840883255005,-6.431197166442871,-2.4272295083466306,FOLLOW_MAIN,cascade_pd_tracking,follow_main,inner_wheel_pd,lidar_disabled,FOLLOW_MAIN,COMMITTED,UNKNOWN,1,1,1,1,1,1,1,0.014853715896606445,0.011234760284423828,0.0076863765716552734,0.004125833511352539,0.00015926361083984375,0.01900029182434082,0.055925086000570445,0.028232931999809807
1784810113.5353336,24.67429280281067,142.6,0.1426,142.6,0.14348102655952177,143.48102655952178,0.14348102655952177,143.48102655952178,0.795,0.797540524958714,0.797540524958714,0.007013425642027258,0.02792258360168607,0.06887089274857044,7.013425642027258e-05,0.5742291779702741,0.0002792258360168607,0.48,0.01,0.72,0.01,nan,0.12,0.12,0.11868141775492301,0.11868141775492301,0.14862500131130219,-0.45,-0.45,-0.3850183324587131,-0.3850183324587131,-0.09456522762775421,0.150375,0.14617442210505743,0.150375,0.089625,0.13357774150256635,0.08698783550984601,0.0,-0.04395274150256635,-0.10518315751904911,-0.1417436348215995,0.0,-0.002637164490153981,nan,1.0,0.0,-0.353,0.4,3.313999891281128,1.0,0,1,1,0,2.520840883255005,-6.431197166442871,-2.4401852443629948,FOLLOW_MAIN,cascade_pd_tracking,follow_main,inner_wheel_pd,lidar_disabled,FOLLOW_MAIN,COMMITTED,UNKNOWN,1,1,1,1,1,1,1,0.03192758560180664,0.008663177490234375,0.028229475021362305,0.024612903594970703,0.020810842514038086,0.012726783752441406,0.0812298840010044,0.053537730000243755
1784810113.9249997,25.063958883285522,143.20000000000002,0.14320000000000002,143.20000000000002,0.1433170739046905,143.31707390469052,0.1433170739046905,143.31707390469052,0.797,0.7972251793126137,0.7972251793126137,0.004479944969454839,0.01878484541485708,0.06879219547425144,4.479944969454839e-05,0.5740021291050819,0.0001878484541485708,0.48,0.01,0.72,0.01,nan,0.12,0.12,0.11868141775492301,0.12044757901485706,0.14862500131130219,-0.45,-0.45,-0.3850183324587131,-0.37443725618048584,-0.09456522762775421,0.150375,0.14617442210505743,0.150375,0.089625,0.13357774150256635,0.08698783550984601,0.0,-0.04395274150256635,-0.0886873811245737,-0.11951411290471055,0.0,-0.002637164490153981,nan,1.0,0.0,-0.266,0.4,3.313999891281128,1.0,0,1,1,0,2.520840883255005,-6.431197166442871,-2.4401852443629948,FOLLOW_MAIN,cascade_pd_tracking,follow_main,inner_wheel_pd,lidar_disabled,FOLLOW_MAIN,COMMITTED,HOLD,1,1,1,1,1,1,2,0.42159175872802734,0.38585329055786133,0.3825104236602783,8.344650268554688e-05,0.4104740619659424,0.4023900032043457,0.0017404659993189853,0.07912556599876552
1784810113.9782012,25.117160320281982,144.8,0.1448,144.8,0.14593308807177857,145.93308807177857,0.14593308807177857,145.93308807177857,0.802,0.8059606688977401,0.8059606688977401,0.0044113403396440955,0.015496669705905821,0.07004788227445372,4.4113403396440955e-05,0.5802916816063729,0.0001549666970590582,0.48,0.01,0.72,0.01,nan,0.12,0.12,0.12039926600355608,0.12039926600355608,0.11962500214576721,-0.45,-0.45,-0.37385034256171834,-0.37385034256171834,-0.28369560837745667,0.150375,0.13706613321479738,0.15117353200711217,0.089625,0.09751401682740879,0.089625,0.013308866785202628,0.0,-0.015509908994352787,0.04904171674554796,0.0007985320071121577,0.0,nan,1.0,0.0,-0.007,0.4,3.2119998931884766,1.0,0,1,1,0,2.474973201751709,-6.466214179992676,-2.4932676812832946,FOLLOW_MAIN,cascade_pd_tracking,follow_main,inner_wheel_pd,lidar_disabled,FOLLOW_MAIN,COMMITTED,HOLD,1,1,1,1,1,1,2,0.010186433792114258,0.006918191909790039,0.003552675247192383,7.295608520507812e-05,0.017222166061401367,0.013775110244750977,0.04526318100033677,0.02159418100018229
1784810114.0295212,25.168480396270752,144.8,0.1448,144.8,0.14593308807177857,145.93308807177857,0.14593308807177857,145.93308807177857,0.802,0.8059606688977401,0.8059606688977401,0.0044113403396440955,0.015496669705905821,0.07004788227445372,4.4113403396440955e-05,0.5802916816063729,0.0001549666970590582,0.48,0.01,0.72,0.01,nan,0.12,0.12,0.12039926600355608,0.12039926600355608,0.11962500214576721,-0.45,-0.45,-0.37385034256171834,-0.37385034256171834,-0.28369560837745667,0.150375,0.13706613321479738,0.15117353200711217,0.089625,0.09751401682740879,0.089625,0.013308866785202628,0.0,-0.011709990694655607,0.03702652587770821,0.0007985320071121577,0.0,nan,1.0,0.0,-0.007,0.4,3.2119998931884766,1.0,0,1,1,0,2.474973201751709,-6.466214179992676,-2.572513193582777,FOLLOW_MAIN,cascade_pd_tracking,follow_main,inner_wheel_pd,lidar_disabled,FOLLOW_MAIN,COMMITTED,HOLD,1,1,1,1,1,1,2,0.01760101318359375,0.014009714126586914,0.01058053970336914,0.007177829742431641,0.003633737564086914,6.866455078125e-05,0.08741869000004954,0.06374968999989505
1784810114.436072,25.575031280517578,147.5,0.1475,147.5,0.14531849645533465,145.31849645533464,0.14531849645533465,145.31849645533464,0.811,0.8038123858465909,0.8038123858465909,0.0014674765423051297,0.005185825103525741,0.06975287829856062,1.4674765423051298e-05,0.5787449178095454,5.185825103525741e-05,0.48,0.01,0.72,0.01,nan,0.12,0.12,0.12039926600355608,0.12008908050559075,0.11962500214576721,-0.45,-0.45,-0.37385034256171834,-0.3769651168288388,-0.28369560837745667,0.150375,0.13706613321479738,0.15117353200711217,0.089625,0.09751401682740879,0.089625,0.013308866785202628,0.0,-0.01005969241977869,0.03180834822291678,0.0007985320071121577,0.0,nan,1.0,0.0,0.044,0.4,3.2119998931884766,1.0,0,1,1,0,2.474973201751709,-6.466214179992676,-2.596343642332546,FOLLOW_MAIN,cascade_pd_tracking,follow_main,inner_wheel_pd,lidar_disabled,FOLLOW_MAIN,COMMITTED,HOLD,1,1,1,1,1,1,2,0.4029421806335449,0.39963221549987793,0.39636921882629395,0.3931419849395752,0.00010585784912109375,0.40663599967956543,0.016392302999520325,0.08653555899945786
1784810114.486819,25.625778198242188,130.4,0.13040000000000002,130.4,0.1371286249009196,137.1286249009196,0.1371286249009196,137.1286249009196,0.75,0.7748672916583585,0.7748672916583585,-0.018405412253603974,-0.06573403908214158,0.06582173995244141,-0.00018405412253603976,0.5579044499940181,-0.0006573403908214158,0.48,0.01,0.72,0.01,nan,0.12,0.12,0.11958701271291514,0.11958701271291514,0.1341249942779541,-0.45,-0.45,-0.36398296925319135,-0.36398296925319135,-0.7249999642372131,0.150375,0.1641412429028286,0.1495490254258303,0.089625,0.09004015524742422,0.089625,-0.013766242902828602,0.0,-0.10333830944986695,0.014390402325071027,-0.000825974574169716,0.0,nan,1.0,0.0,0.093,0.4,3.0439999103546143,1.0,0,1,1,0,2.4248082637786865,-6.494296550750732,-2.662097549431113,FOLLOW_MAIN,cascade_pd_tracking,follow_main,inner_wheel_pd,lidar_disabled,FOLLOW_MAIN,COMMITTED,UNKNOWN,1,1,1,1,1,1,1,0.0001289844512939453,0.018268346786499023,0.014959096908569336,0.01162576675415039,0.007875442504882812,0.004060506820678711,0.02438974100004998,0.04986794700016617
1784810114.5393903,25.678349494934082,130.4,0.13040000000000002,130.4,0.1371286249009196,137.1286249009196,0.1371286249009196,137.1286249009196,0.75,0.7748672916583585,0.7748672916583585,-0.018405412253603974,-0.06573403908214158,0.06582173995244141,-0.00018405412253603976,0.5579044499940181,-0.0006573403908214158,0.48,0.01,0.72,0.01,nan,0.12,0.12,0.12043152177771482,0.12043152177771482,0.1014999970793724,-0.45,-0.45,-0.3637578095151681,-0.3637578095151681,-0.6304347515106201,0.150375,0.15458102144813812,0.150375,0.089625,0.07524094074283923,0.09048804355542964,0.0,0.01438405925716077,0.006892961531509826,0.08921871663613656,0.0,0.0008630435554296461,nan,1.0,0.0,0.093,0.4,3.140000104904175,1.0,0,1,1,0,2.4179255962371826,-6.497040271759033,-2.7622419674051923,FOLLOW_MAIN,cascade_pd_tracking,follow_main,inner_wheel_pd,lidar_disabled,FOLLOW_MAIN,COMMITTED,UNKNOWN,1,1,1,1,1,1,1,0.010834455490112305,0.007295131683349609,0.003705739974975586,0.0001614093780517578,0.018979310989379883,0.014992475509643555,0.08440487000007124,0.032344474999263184
1784810114.9175396,26.056498765945435,130.4,0.13040000000000002,130.4,0.1371286249009196,137.1286249009196,0.1371286249009196,137.1286249009196,0.75,0.7748672916583585,0.7748672916583585,-0.018405412253603974,-0.06573403908214158,0.06582173995244141,-0.00018405412253603976,0.5579044499940181,-0.0006573403908214158,0.48,0.01,0.72,0.01,nan,0.12,0.12,0.12043152177771482,0.12043152177771482,0.1014999970793724,-0.45,-0.45,-0.3637578095151681,-0.3637578095151681,-0.6304347515106201,0.150375,0.15458102144813812,0.150375,0.089625,0.07524094074283923,0.09048804355542964,0.0,0.01438405925716077,0.006892961531509826,0.08921871663613656,0.0,0.0008630435554296461,nan,1.0,0.0,0.093,0.4,3.140000104904175,1.0,0,1,1,0,2.4179255962371826,-6.497040271759033,-2.8082634466777376,FOLLOW_MAIN,cascade_pd_tracking,follow_main,inner_wheel_pd,lidar_disabled,FOLLOW_MAIN,COMMITTED,UNKNOWN,1,1,1,1,1,1,1,0.3889143466949463,0.3853740692138672,0.38178372383117676,0.3782386779785156,0.37432050704956055,8.654594421386719e-05,0.08440487000007124,0.032344474999263184
1784810114.968263,26.107222080230713,115.80000000000001,0.11580000000000001,115.80000000000001,0.1267859891964706,126.78598919647061,0.1267859891964706,126.78598919647061,0.6910000000000001,0.7361828355932338,0.7361828355932338,-0.017349694902281637,-0.0646109198645495,0.06085727481430589,-0.00017349694902281637,0.5300516416271284,-0.0006461091986454951,0.48,0.01,0.72,0.01,nan,0.12,0.12,0.11955223138032967,0.11955223138032967,0.12687499821186066,-0.45,-0.45,-0.3744395595278471,-0.3744395595278471,-0.34673914313316345,0.150375,0.15730928967579358,0.150375,0.089625,0.1045506206556778,0.08872946276065932,0.0,-0.014925620655677804,0.03519715826314156,-0.011045219543049427,0.0,-0.0008955372393406682,nan,1.0,0.0,-0.35,0.4,3.1010000705718994,1.0,0,1,1,0,2.3648929595947266,-6.512331485748291,-2.849399236523784,FOLLOW_MAIN,cascade_pd_tracking,follow_main,inner_wheel_pd,lidar_disabled,FOLLOW_MAIN,COMMITTED,UNKNOWN,1,1,1,1,1,1,1,0.0107574462890625,0.007233381271362305,0.003657102584838867,0.00013709068298339844,0.01883244514465332,0.014851093292236328,0.003981858000770444,0.047710370001368574
1784810115.0206203,26.159579515457153,115.80000000000001,0.11580000000000001,115.80000000000001,0.1267859891964706,126.78598919647061,0.1267859891964706,126.78598919647061,0.6910000000000001,0.7361828355932338,0.7361828355932338,-0.017349694902281637,-0.0646109198645495,0.06085727481430589,-0.00017349694902281637,0.5300516416271284,-0.0006461091986454951,0.48,0.01,0.72,0.01,nan,0.12,0.12,0.11955223138032967,0.11955223138032967,0.12687499821186066,-0.45,-0.45,-0.3744395595278471,-0.3744395595278471,-0.34673914313316345,0.150375,0.15730928967579358,0.150375,0.089625,0.1045506206556778,0.08872946276065932,0.0,-0.014925620655677804,0.023814249695024124,-0.007473149228924764,0.0,-0.0008955372393406682,nan,1.0,0.0,-0.35,0.4,3.0920000076293945,1.0,0,1,1,0,2.3648929595947266,-6.512331485748291,-2.9572664527851673,FOLLOW_MAIN,cascade_pd_tracking,follow_main,inner_wheel_pd,lidar_disabled,FOLLOW_MAIN,COMMITTED,UNKNOWN,1,1,1,1,1,1,1,0.04039645195007324,0.00013375282287597656,0.015048503875732422,0.011632919311523438,0.007901430130004883,0.0041162967681884766,0.06258404099935433,0.10631255299995246
1784810115.4526205,26.59157967567444,115.80000000000001,0.11580000000000001,115.80000000000001,0.1267859891964706,126.78598919647061,0.1267859891964706,126.78598919647061,0.6910000000000001,0.7361828355932338,0.7361828355932338,-0.017349694902281637,-0.0646109198645495,0.06085727481430589,-0.00017349694902281637,0.5300516416271284,-0.0006461091986454951,0.48,0.01,0.72,0.01,nan,0.12,0.12,0.11955223138032967,0.11971397902895269,0.12687499821186066,-0.45,-0.45,-0.3744395595278471,-0.37247462512976004,-0.34673914313316345,0.150375,0.15730928967579358,0.150375,0.089625,0.1045506206556778,0.08872946276065932,0.0,-0.014925620655677804,0.02027540242608772,-0.006362623636986402,0.0,-0.0008955372393406682,nan,1.0,0.0,-0.35,0.4,3.0789999961853027,1.0,0,1,1,0,2.3648929595947266,-6.512331485748291,-2.9572664527851673,FOLLOW_MAIN,cascade_pd_tracking,follow_main,inner_wheel_pd,lidar_disabled,FOLLOW_MAIN,COMMITTED,UNKNOWN,1,1,1,1,1,1,1,0.47236061096191406,0.4074423313140869,0.4115142822265625,7.2479248046875e-05,0.4398632049560547,0.41945934295654297,0.08671539299939468,0.1304439049999928
1784810115.5041993,26.643158435821533,75.10000000000001,0.07510000000000001,75.10000000000001,0.10021373644630827,100.21373644630826,0.10021373644630827,100.21373644630826,0.492,0.6190916732234044,0.6190916732234044,-0.06235374150603064,-0.27606054109780187,0.04810259349422796,-0.0006235374150603064,0.4457460047208512,-0.0027606054109780187,0.48,0.01,0.72,0.01,nan,0.12,0.12,0.12,0.12,0.11962500214576721,-0.45,-0.45,-0.36900000000000005,-0.36900000000000005,-0.40978261828422546,0.150375,0.14679527973194428,0.150375,0.089625,0.09560931277242647,0.089625,0.0,0.0,-0.02582306567062321,0.028880235446123406,0.0,0.0,nan,1.0,0.0,-2.2689999999999997,0.4,3.0480000972747803,1.0,0,1,1,0,2.3000030517578125,-6.519482612609863,-3.084741240888316,FOLLOW_MAIN,cascade_pd_tracking,follow_main,inner_wheel_pd,lidar_disabled,FOLLOW_MAIN,COMMITTED,UNKNOWN,1,1,1,1,1,1,1,0.014778375625610352,0.011191606521606445,0.0076482295989990234,0.004076719284057617,0.00014925003051757812,0.019095659255981445,0.1474190600001748,0.021153087998754927
1784810115.9270425,27.066001653671265,75.10000000000001,0.07510000000000001,75.10000000000001,0.10021373644630827,100.21373644630826,0.10021373644630827,100.21373644630826,0.492,0.6190916732234044,0.6190916732234044,-0.06235374150603064,-0.27606054109780187,0.04810259349422796,-0.0006235374150603064,0.4457460047208512,-0.0027606054109780187,0.48,0.01,0.72,0.01,nan,0.12,0.12,0.12,0.12,0.11962500214576721,-0.45,-0.45,-0.36900000000000005,-0.36900000000000005,-0.40978261828422546,0.150375,0.14679527973194428,0.150375,0.089625,0.09560931277242647,0.089625,0.0,0.0,-0.017231646581435847,0.019271685892910655,0.0,0.0,nan,1.0,0.0,-2.2689999999999997,0.4,3.0309998989105225,1.0,0,1,1,0,2.3000030517578125,-6.519482612609863,3.1360632737099783,FOLLOW_MAIN,cascade_pd_tracking,follow_main,inner_wheel_pd,lidar_disabled,FOLLOW_MAIN,COMMITTED,UNKNOWN,1,1,1,1,1,1,1,0.41485095024108887,0.3802146911621094,6.771087646484375e-05,0.40401387214660645,0.38807249069213867,0.3841440677642822,0.20809713500057114,0.08183116299915127
1784810115.9779346,27.116893768310547,41.900000000000006,0.04190000000000001,41.900000000000006,0.05295800184684649,52.95800184684649,0.05295800184684649,52.95800184684649,0.291,0.3606571214769475,0.3606571214769475,-0.07064871078812093,-0.39807100799288553,0.025419840886486317,-0.0007064871078812094,0.2596731274634022,-0.003980710079928855,0.48,0.01,0.72,0.01,nan,0.12,0.12,0.12,0.12,0.12324999272823334,-0.35594878910216887,-0.3749971762505993,-0.30749768452549137,-0.30749768452549137,-0.37826085090637207,0.14531230939691545,0.14655032864304599,0.14531230939691545,0.09468769060308455,0.09643272587303187,0.09468769060308455,0.0,0.0,-0.030423470365221292,0.012102493221974056,0.0,0.0,nan,1.0,0.0,-4.909999999999999,0.4,2.9760000705718994,1.0,0,1,1,0,2.2446682453155518,-6.515754222869873,3.0795761910998176,FOLLOW_MAIN,cascade_pd_tracking,follow_main,inner_wheel_pd,lidar_disabled,FOLLOW_MAIN,COMMITTED,UNKNOWN,1,1,1,1,1,1,1,0.018354415893554688,0.01468801498413086,0.011157035827636719,0.0075991153717041016,0.003741741180419922,9.489059448242188e-05,0.008963569000115967,0.026200115000392543
1784810116.0295346,27.16849374771118,41.900000000000006,0.04190000000000001,41.900000000000006,0.05295800184684649,52.95800184684649,0.05295800184684649,52.95800184684649,0.291,0.3606571214769475,0.3606571214769475,-0.07064871078812093,-0.39807100799288553,0.025419840886486317,-0.0007064871078812094,0.2596731274634022,-0.003980710079928855,0.48,0.01,0.72,0.01,nan,0.12,0.12,0.12,0.12,0.12324999272823334,-0.3561128731039212,-0.3561128731039212,-0.2920125559452153,-0.2919748705094893,-0.44130435585975647,0.14403761893451467,0.14970005925006555,0.14403761893451467,0.09596238106548531,0.09499043722320342,0.09596238106548531,0.0,0.0,-0.020418836282663846,0.008122637711772423,0.0,0.0,nan,1.0,0.0,-4.909999999999999,0.4,2.9760000705718994,1.0,0,1,1,0,2.2348291873931885,-6.514062881469727,3.001622850545904,FOLLOW_MAIN,cascade_pd_tracking,follow_main,inner_wheel_pd,lidar_disabled,FOLLOW_MAIN,COMMITTED,UNKNOWN,1,1,1,1,1,1,1,0.026172399520874023,0.0036830902099609375,0.00013756752014160156,0.015488862991333008,0.011707544326782227,0.007767677307128906,0.06877705000079004,0.006268287001148565
1784810116.458003,27.596962213516235,41.900000000000006,0.04190000000000001,41.900000000000006,0.05295800184684649,52.95800184684649,0.05295800184684649,52.95800184684649,0.291,0.3606571214769475,0.3606571214769475,-0.07064871078812093,-0.39807100799288553,0.025419840886486317,-0.0007064871078812094,0.2596731274634022,-0.003980710079928855,0.48,0.01,0.72,0.01,nan,0.12,0.12,0.12,0.11950169121738594,0.12324999272823334,-0.3561128731039212,-0.3561128731039212,-0.2920125559452153,-0.1563272351819246,-0.44130435585975647,0.14403761893451467,0.14970005925006555,0.14403761893451467,0.09596238106548531,0.09499043722320342,0.09596238106548531,0.0,0.0,-0.020418836282663846,0.008122637711772423,0.0,0.0,nan,1.0,0.0,-4.909999999999999,0.4,2.9760000705718994,1.0,0,1,1,0,2.2348291873931885,-6.514062881469727,2.9713617978562192,FOLLOW_MAIN,cascade_pd_tracking,follow_main,inner_wheel_pd,lidar_disabled,FOLLOW_MAIN,COMMITTED,UNKNOWN,1,1,1,1,1,1,1,0.4133772850036621,0.4321115016937256,0.4099752902984619,8.392333984375e-05,0.4210026264190674,0.4171574115753174,0.06877705000079004,0.006268287001148565
1784810116.5091858,27.648144960403442,20.1,0.0201,20.1,0.02712238090819433,27.12238090819433,0.02712238090819433,27.12238090819433,0.14200000000000002,0.1908078378707059,0.1908078378707059,-0.05665692128949558,-0.3609246851765028,0.013018742835933277,-0.0005665692128949558,0.13738164326690824,-0.003609246851765028,0.48,0.01,0.72,0.01,nan,0.12,0.12,0.12,0.12,0.12325000762939453,-0.1980275181942698,-0.1980275181942698,-0.1623825649193013,-0.1623825649193013,-0.18913047015666962,0.13336685747811322,0.1407414975830563,0.13336685747811322,0.10663314252188678,0.10940937355954664,0.10663314252188678,0.0,0.0,0.09096667071673008,0.00037721497174374906,0.0,0.0,nan,1.0,0.0,-6.124999999999999,0.4,2.937999963760376,1.0,0,1,1,0,2.1776139736175537,-6.498313903808594,2.8752200137315067,FOLLOW_MAIN,cascade_pd_tracking,follow_main,inner_wheel_pd,lidar_disabled,FOLLOW_MAIN,COMMITTED,UNKNOWN,1,1,1,1,1,1,1,0.00013065338134765625,0.019136428833007812,0.015604734420776367,0.012154340744018555,0.008240222930908203,0.00422215461730957,0.07341242800066539,0.0026682449988584267
1784810116.9120076,28.05096673965454,16.900000000000002,0.016900000000000002,16.900000000000002,0.02315677553270665,23.15677553270665,0.02315677553270665,23.15677553270665,0.12,0.16324558701072361,0.16324558701072361,-0.05186694225082855,-0.33693238442463824,0.011115252255699192,-0.0005186694225082856,0.117536822647721,-0.0033693238442463825,0.48,0.01,0.72,0.01,nan,0.12,0.12,0.1197424458847216,0.11972748532688327,0.12325000762939453,-0.1727059745054361,-0.18009422825347818,-0.14454846161928495,-0.13830861611298512,-0.18913047015666962,0.13215636040710976,0.1407414975830563,0.13164125217655298,0.10784363959289021,0.10940937355954664,0.10784363959289021,-0.008585137175946528,0.0,0.0127493304070155,0.0002722524611363093,-0.0005151082305567917,0.0,nan,1.0,0.0,-6.183999999999999,0.4,2.937999963760376,1.0,0,1,1,0,2.1776139736175537,-6.498313903808594,2.821507151531888,FOLLOW_MAIN,cascade_pd_tracking,follow_main,inner_wheel_pd,lidar_disabled,FOLLOW_MAIN,COMMITTED,UNKNOWN,1,1,1,1,1,1,1,0.00010204315185546875,0.37793517112731934,0.374147891998291,0.37059903144836426,0.36719369888305664,0.36374449729919434,0.0225162389997422,0.0515810609995242
1784810116.9653494,28.104308605194092,5.4,0.0054,5.4,0.010830021678337201,10.830021678337202,0.0,0.0,0.039,0.07731319692356176,0.07731319692356176,-0.06741020184055813,-0.2392185166535651,0.0,-0.0006741020184055813,0.05566550178496446,-0.002392185166535651,0.48,0.01,0.72,0.01,nan,0.12,0.12,0.12,0.12,0.13049998879432678,-0.0875549544509501,-0.0875549544509501,-0.07179506264977902,-0.0717950774665287,-0.12608695030212402,0.12590995942543912,0.1338095679287707,0.12590995942543912,0.11409004057456086,0.1165550555547452,0.11409004057456086,0.0,0.0,0.005107844974663145,-0.008683177041663727,0.0,0.0,nan,1.0,0.0,-6.226,0.4,2.8010001182556152,1.0,0,1,1,0,2.129185199737549,-6.479552268981934,2.759126336875598,FOLLOW_MAIN,cascade_pd_tracking,follow_main,inner_wheel_pd,lidar_disabled,FOLLOW_MAIN,COMMITTED,DROPOUT,1,1,1,1,1,1,3,0.0174100399017334,0.01407933235168457,0.01081991195678711,0.007544517517089844,0.00403594970703125,0.00014638900756835938,0.024155962999429903,0.03015539800071565
1784810117.0179808,28.15693998336792,5.4,0.0054,5.4,0.010830021678337201,10.830021678337202,0.0,0.0,0.039,0.07731319692356176,0.07731319692356176,-0.06741020184055813,-0.2392185166535651,0.0,-0.0006741020184055813,0.05566550178496446,-0.002392185166535651,0.48,0.01,0.72,0.01,nan,0.12,0.12,0.11956574881173904,0.11956574881173904,0.13050000369548798,-0.08755500108022667,-0.08755500108022667,-0.06651975311728249,-0.06651975311728249,-0.25217393040657043,0.12590996257291528,0.1403850021816136,0.1250414601963934,0.11409003742708469,0.11507963367663598,0.11409003742708469,-0.014475039608698309,0.0,-0.08692282060526696,-0.005827348963252706,-0.0008685023765218986,0.0,nan,1.0,0.0,-6.226,0.4,2.7960000038146973,1.0,0,1,1,0,2.1195733547210693,-6.47547721862793,2.740591677740726,FOLLOW_MAIN,cascade_pd_tracking,follow_main,inner_wheel_pd,lidar_disabled,FOLLOW_MAIN,COMMITTED,DROPOUT,1,1,1,1,1,1,3,0.007613182067871094,0.003747701644897461,0.00012993812561035156,0.019592761993408203,0.015753746032714844,0.011728048324584961,0.08397975899970334,0.011615851000897237
1784810117.4275897,28.566548824310303,5.4,0.0054,5.4,0.010830021678337201,10.830021678337202,0.0,0.0,0.039,0.07731319692356176,0.07731319692356176,-0.06741020184055813,-0.2392185166535651,0.0,-0.0006741020184055813,0.05566550178496446,-0.002392185166535651,0.48,0.01,0.72,0.01,nan,0.12,0.12,0.11956574885333435,0.11956574885333435,0.13050000369548798,-0.08755502162111442,-0.08755502162111442,-0.06651977046611632,-0.06651977046611632,-0.25217393040657043,0.12590996395942522,0.1403850021816136,0.12504146166609392,0.11409003604057477,0.11507963367663598,0.11409003604057477,-0.014475038222188374,0.0,-0.06648468037604953,-0.004457166455843893,-0.0008685022933313024,0.0,nan,1.0,0.0,-6.226,0.4,2.7960000038146973,1.0,0,1,1,0,2.1195733547210693,-6.47547721862793,2.7204176518631296,FOLLOW_MAIN,cascade_pd_tracking,follow_main,inner_wheel_pd,lidar_disabled,FOLLOW_MAIN,COMMITTED,DROPOUT,1,1,1,1,1,1,3,0.3757336139678955,0.3867013454437256,0.3832402229309082,0.3798220157623291,0.40567922592163086,0.00010776519775390625,0.12418709899975511,0.05182319100094901
1784810117.4783833,28.617342472076416,-12.9,-0.0129,-12.9,-0.005469089575820802,-5.469089575820802,0.0,0.0,-0.092,-0.03926005993623977,-0.03926005993623977,-0.012898690472040607,-0.2570615330560065,0.0,-0.00012898690472040608,-0.028267243154092635,-0.002570615330560065,0.48,0.01,0.72,0.01,nan,0.12,0.12,0.12,0.12025619248626626,0.11962500214576721,0.0,0.0,0.0,0.003112264277605005,-0.0315217524766922,0.12,0.12304133074104144,0.12,0.12,0.11442739037035145,0.12,0.0,0.0,0.05403487374513676,-0.006644246418526491,0.0,0.0,nan,1.0,0.0,-5.657,0.4,2.8289999961853027,1.0,0,1,1,0,2.067786455154419,-6.450767993927002,2.689148608244157,FOLLOW_MAIN,cascade_pd_tracking,follow_main,inner_wheel_pd,lidar_disabled,FOLLOW_MAIN,COMMITTED,DROPOUT,1,1,1,1,1,1,3,0.003719329833984375,0.00015234947204589844,0.019106388092041016,0.015569686889648438,0.011696815490722656,0.00785517692565918,0.05047139199996309,0.006675639999230043
1784810117.5300074,28.66896653175354,-16.2,-0.0162,-16.2,-0.008946371223572058,-8.946371223572058,0.0,0.0,-0.115,-0.06393962343770287,-0.06393962343770287,-0.010021371599045665,-0.2724228121085379,0.0,-0.00010021371599045665,-0.04603652887514607,-0.002724228121085379,0.48,0.01,0.72,0.01,nan,0.12,0.12,0.12,0.12,0.11962500214576721,0.03216794636938786,0.02019092845039268,0.016556561329321987,0.016556561329321987,-0.0315217524766922,0.11863711232959849,0.12304133074104144,0.11863711232959849,0.1213628876704015,0.11442739037035145,0.1213628876704015,0.0,0.0,0.036294337893609474,-0.0044628312763312205,0.0,0.0,nan,1.0,0.0,-5.482,0.4,2.815000057220459,1.0,0,1,1,0,2.067786455154419,-6.450767993927002,2.673356680992342,FOLLOW_MAIN,cascade_pd_tracking,follow_main,inner_wheel_pd,lidar_disabled,FOLLOW_MAIN,COMMITTED,DROPOUT,1,1,1,1,1,1,3,0.018031835556030273,8.344650268554688e-05,0.028844356536865234,0.011168241500854492,0.007431983947753906,0.003871917724609375,0.03444483100065554,0.066370824999467
1784810117.9210289,29.059988021850586,-16.2,-0.0162,-16.2,-0.008946371223572058,-8.946371223572058,0.0,0.0,-0.115,-0.06393962343770287,-0.06393962343770287,-0.010021371599045665,-0.2724228121085379,0.0,-0.00010021371599045665,-0.04603652887514607,-0.002724228121085379,0.48,0.01,0.72,0.01,nan,0.12,0.12,0.1196432538647905,0.1196432538647905,0.12687501311302185,0.03216794623872785,0.030195219449979053,0.029093884850787184,0.029093884850787184,-0.1576087325811386,0.1179618226871264,0.12985336052744323,0.1172483304167074,0.12203817731287359,0.1152788937715985,0.12203817731287359,-0.011891537840316824,0.0,-0.042509216634736384,-0.003953175763379271,-0.0007134922704190094,0.0,nan,1.0,0.0,-5.482,0.4,2.815000057220459,1.0,0,1,1,0,2.059408187866211,-6.446530818939209,2.6616932971282776,FOLLOW_MAIN,cascade_pd_tracking,follow_main,inner_wheel_pd,lidar_disabled,FOLLOW_MAIN,COMMITTED,DROPOUT,1,1,1,1,1,1,3,0.00010061264038085938,0.3769505023956299,0.3735809326171875,0.3701002597808838,0.38420963287353516,0.38062119483947754,0.05263445099990349,0.008217530999900191
1784810117.9715855,29.110544681549072,-27.0,-0.027,-27.0,-0.020174097399086356,-20.174097399086357,-0.020174097399086356,-20.174097399086357,-0.191,-0.1428778444046856,-0.1428778444046856,-0.030288120469717433,-0.20259426748650408,-0.009683566751561451,-0.0003028812046971743,-0.10287204797137363,-0.0020259426748650408,0.48,0.01,0.72,0.01,nan,0.12,0.12,0.11954605088961215,0.11954605088960324,0.13050000369548798,0.11007563757514682,0.11007563757514682,0.09577666385633207,0.09577666386004889,0.0,0.11256989446367759,0.12770153147660573,0.11166199624290189,0.12743010553632242,0.12720816740780955,0.12743010553632242,-0.015131637012928148,0.0,-0.041000477137067254,-0.0008795411659959392,-0.0009078982207756888,0.0,nan,1.0,0.0,-4.925,0.4,2.74399995803833,1.0,0,1,1,0,2.0154850482940674,-6.423463821411133,2.6566502283640028,FOLLOW_MAIN,cascade_pd_tracking,follow_main,inner_wheel_pd,lidar_disabled,FOLLOW_MAIN,COMMITTED,DROPOUT,1,1,1,1,1,1,3,0.0070383548736572266,0.0035753250122070312,0.00012493133544921875,0.018682241439819336,0.014865636825561523,0.010996341705322266,0.06130937200032349,0.03389271900050517
1784810118.0253112,29.164270401000977,-27.0,-0.027,-27.0,-0.020174097399086356,-20.174097399086357,-0.020174097399086356,-20.174097399086357,-0.191,-0.1428778444046856,-0.1428778444046856,-0.030288120469717433,-0.20259426748650408,-0.009683566751561451,-0.0003028812046971743,-0.10287204797137363,-0.0020259426748650408,0.48,0.01,0.72,0.01,nan,0.12,0.12,0.11944728020318837,0.11954605088962605,0.13050000369548798,0.11007563756562459,0.11007563756562459,0.09697654477989417,0.09577666385053066,-0.06304347515106201,0.11256989446432034,0.13099388769137463,0.11146445487069707,0.12743010553567966,0.12675841539152152,0.12743010553567966,-0.01842399322705429,0.0,-0.04803564459123705,-0.0005895659230987766,-0.0011054395936232575,0.0,nan,1.0,0.0,-4.925,0.4,2.74399995803833,1.0,0,1,1,0,2.0071678161621094,-6.419092655181885,2.6531827196839224,FOLLOW_MAIN,cascade_pd_tracking,follow_main,inner_wheel_pd,lidar_disabled,FOLLOW_MAIN,COMMITTED,DROPOUT,1,1,1,1,1,1,3,0.06076240539550781,0.00013446807861328125,0.015867233276367188,0.012308597564697266,0.008405923843383789,0.0043108463287353516,0.12131144599879917,0.01844474999961676
1784810118.4454303,29.584389448165894,-27.0,-0.027,-27.0,-0.020174097399086356,-20.174097399086357,-0.020174097399086356,-20.174097399086357,-0.191,-0.1428778444046856,-0.1428778444046856,-0.030288120469717433,-0.20259426748650408,-0.009683566751561451,-0.0003028812046971743,-0.10287204797137363,-0.0020259426748650408,0.48,0.01,0.72,0.01,nan,0.12,0.12,0.1194472802031968,0.11984651083288742,0.13050000369548798,0.11007563756146381,0.11007563756146381,0.09697654477637985,0.1794622748950924,-0.06304347515106201,0.1125698944646012,0.13099388769137463,0.1114644548709948,0.1274301055353988,0.12675841539152152,0.1274301055353988,-0.018423993226773433,0.0,-0.03679161910714899,-0.0004515622735314662,-0.001105439593606406,0.0,nan,1.0,0.0,-4.925,0.4,2.74399995803833,1.0,0,1,1,0,2.0071678161621094,-6.419092655181885,2.6531827196839224,FOLLOW_MAIN,cascade_pd_tracking,follow_main,inner_wheel_pd,lidar_disabled,FOLLOW_MAIN,COMMITTED,DROPOUT,1,1,1,1,1,1,3,0.4808471202850342,0.385331392288208,0.38947415351867676,9.560585021972656e-05,0.42848753929138184,0.4088764190673828,0.16131243400013773,0.058445738000955316
1784810118.4960053,29.63496446609497,-63.6,-0.0636,-63.6,-0.04615626642648955,-46.15626642648955,-0.04615626642648955,-46.15626642648955,-0.427,-0.28304303989246393,-0.28304303989246393,-0.061971088157802084,-0.3091056051320299,-0.022155007884714986,-0.0006197108815780209,-0.20379098872257403,-0.003091056051320299,0.48,0.01,0.72,0.01,nan,0.12,0.12,0.11984651083288743,0.1198465108328874,0.11962500214576721,0.24550698097772747,0.22739225411787298,0.19979869535792338,0.1909220987899803,-0.0315217524766922,0.10465102284704357,0.12550695350289445,0.10339966700769251,0.13534897715295643,0.11960935206752484,0.13629335465808234,-0.020855930655850882,0.0157396250854316,-0.010648940617660994,0.03632290693471062,-0.0012513558393510529,0.0009443775051258959,nan,1.0,0.0,-4.2379999999999995,0.4,2.6630001068115234,1.0,0,1,1,0,1.9704331159591675,-6.399332523345947,2.6456171537484905,FOLLOW_MAIN,cascade_pd_tracking,follow_main,inner_wheel_pd,lidar_disabled,FOLLOW_MAIN,COMMITTED,UNKNOWN,1,1,1,1,1,1,1,0.007297515869140625,0.003670215606689453,0.00014352798461914062,0.019218921661376953,0.015408992767333984,0.011395692825317383,0.060237945001063053,0.14999137999984669
1784810118.5496924,29.68865156173706,-62.2,-0.062200000000000005,-62.2,-0.05571948714445878,-55.71948714445878,-0.05571948714445878,-55.71948714445878,-0.418,-0.3488309333683766,-0.3488309333683766,-0.07240593458551281,-0.41280316166975034,-0.026745353829340214,-0.0007240593458551282,-0.25115827202523117,-0.004128031616697504,0.48,0.01,0.72,0.01,nan,0.12,0.12,0.12059647574243096,0.12059647574243094,0.10512500256299973,0.3081637458443941,0.2597193379177919,0.22746829324483797,0.21683601893684076,-0.0315217524766922,0.10246894469054904,0.11241882947679681,0.10187195160337417,0.13753105530945095,0.1076986457755046,0.13932099988148774,-0.009949884786247767,0.02983240953394635,0.04300247033927038,0.09321894412117976,-0.000596993087174866,0.001789944572036781,nan,1.0,0.0,-4.119,0.4,2.697999954223633,1.0,0,1,1,0,1.9579130411148071,-6.392429351806641,2.6334187075015354,FOLLOW_MAIN,cascade_pd_tracking,follow_main,inner_wheel_pd,lidar_disabled,FOLLOW_MAIN,COMMITTED,UNKNOWN,1,1,1,1,1,1,1,0.015697479248046875,9.799003601074219e-05,0.030936002731323242,0.02723383903503418,0.007848262786865234,0.003907680511474609,0.023663961999773164,0.05729462499948568
1784810118.941186,30.080145120620728,-62.2,-0.062200000000000005,-62.2,-0.05571948714445878,-55.71948714445878,-0.05571948714445878,-55.71948714445878,-0.418,-0.3488309333683766,-0.3488309333683766,-0.07240593458551281,-0.41280316166975034,-0.026745353829340214,-0.0007240593458551282,-0.25115827202523117,-0.004128031616697504,0.48,0.01,0.72,0.01,nan,0.12,0.12,0.12059647574243096,0.12062903953953752,0.10512500256299973,0.3081637458443941,0.2597193379177919,0.22746829324483797,0.23484923359158297,-0.0315217524766922,0.10246894469054904,0.11241882947679681,0.10187195160337417,0.13753105530945095,0.1076986457755046,0.13932099988148774,-0.009949884786247767,0.02983240953394635,0.04300247033927038,0.09321894412117976,-0.000596993087174866,0.001789944572036781,nan,1.0,0.0,-4.119,0.4,2.697999954223633,1.0,0,1,1,0,1.9579130411148071,-6.392429351806641,2.6334187075015354,FOLLOW_MAIN,cascade_pd_tracking,follow_main,inner_wheel_pd,lidar_disabled,FOLLOW_MAIN,COMMITTED,UNKNOWN,1,1,1,1,1,1,1,0.4071962833404541,0.39159679412841797,0.3880879878997803,0.3845787048339844,0.381075382232666,0.0001499652862548828,0.023663961999773164,0.05729462499948568
1784810118.9913933,30.13035249710083,-67.2,-0.06720000000000001,-67.2,-0.06296493947981771,-62.96493947981771,-0.06296493947981771,-62.96493947981771,-0.448,-0.42193055157189185,-0.42193055157189185,-0.029533824761634717,-0.2112803609081402,-0.0302231709503125,-0.00029533824761634716,-0.30378999713176214,-0.002112803609081402,0.48,0.01,0.72,0.01,nan,0.12,0.12,0.12070093184812666,0.12051563521067897,0.10512499511241913,0.3714891457277563,0.3714891457277563,0.3203481803946228,0.32238177272777035,0.09456522762775421,0.09492448266337644,0.10481907301178808,0.09433080724247174,0.14507551733662355,0.11181653205065584,0.1470710564537816,-0.009894590348411642,0.03325898528596771,0.0028798986980614685,-0.01087629984358469,-0.0005936754209046985,0.0019955391171580625,nan,1.0,0.0,-3.4999999999999996,0.4,2.4769999980926514,1.0,0,1,1,0,1.9115824699401855,-6.366793632507324,2.6390606683888915,FOLLOW_MAIN,cascade_pd_tracking,follow_main,inner_wheel_pd,lidar_disabled,FOLLOW_MAIN,COMMITTED,DROPOUT,1,1,1,1,1,1,3,0.003691434860229492,0.0001239776611328125,0.017928123474121094,0.014623641967773438,0.011122703552246094,0.0074694156646728516,0.05159461599942006,0.00907967999955872
1784810119.0425606,30.181519746780396,-69.8,-0.0698,-69.8,-0.06453654522290611,-64.53654522290611,-0.06453654522290611,-64.53654522290611,-0.462,-0.431604768663599,-0.431604768663599,-0.029314664195827414,-0.20493956635044672,-0.030977541706994932,-0.0002931466419582741,-0.3107554334377913,-0.0020493956635044674,0.48,0.01,0.72,0.01,nan,0.12,0.12,0.12070093184812666,0.12070093184812666,0.10512499511241913,0.38058314845927194,0.38058314845927194,0.32825268756885617,0.32825268756885617,0.09456522762775421,0.09431063747899913,0.10481907301178808,0.09368013134703179,0.14568936252100084,0.11181653205065584,0.14772173234922154,-0.010508435532788948,0.033872830470345006,-0.001148490018134764,-0.004994104566254212,-0.0006305061319673369,0.0020323698282207004,nan,1.0,0.0,-2.974,0.4,2.4769999980926514,1.0,0,1,1,0,1.9115824699401855,-6.366793632507324,2.646310502498958,FOLLOW_MAIN,cascade_pd_tracking,follow_main,inner_wheel_pd,lidar_disabled,FOLLOW_MAIN,COMMITTED,DROPOUT,1,1,1,1,1,1,3,0.014822959899902344,0.011156082153320312,0.026807546615600586,0.007741451263427734,0.003939390182495117,0.00013113021850585938,0.03550344399991445,0.04864133400042192
1784810119.463296,30.60225510597229,-69.8,-0.0698,-69.8,-0.06453654522290611,-64.53654522290611,-0.06453654522290611,-64.53654522290611,-0.462,-0.431604768663599,-0.431604768663599,-0.029314664195827414,-0.20493956635044672,-0.030977541706994932,-0.0002931466419582741,-0.3107554334377913,-0.0020493956635044674,0.48,0.01,0.72,0.01,nan,0.12,0.12,0.12070093184812669,0.12070093184812669,0.10512499511241913,0.38060834034270935,0.38060834034270935,0.32827458435394014,0.32827458435394014,0.09456522762775421,0.09430893702686712,0.10481907301178808,0.09367832886777186,0.1456910629731329,0.11181653205065584,0.14772353482848152,-0.010510135984920968,0.03387453092247705,-0.0010109038966253274,-0.004339193631639596,-0.0006306081590952581,0.002032471855348623,nan,1.0,0.0,-2.974,0.4,2.674999952316284,1.0,0,1,1,0,1.9115824699401855,-6.366793632507324,2.653970416656015,FOLLOW_MAIN,cascade_pd_tracking,follow_main,inner_wheel_pd,lidar_disabled,FOLLOW_MAIN,COMMITTED,DROPOUT,1,1,1,1,1,1,3,6.818771362304688e-05,0.41675829887390137,0.41320133209228516,0.40955519676208496,0.4056110382080078,0.40168213844299316,0.05622330899859662,0.06936119899910409
1784810119.513748,30.65270709991455,-81.4,-0.0814,-81.4,-0.07581330085545898,-75.81330085545898,-0.07581330085545898,-75.81330085545898,-0.526,-0.495812085367053,-0.495812085367053,-0.02872996684943748,-0.17312700369574996,-0.036390384410620306,-0.0002872996684943748,-0.35698470146427813,-0.0017312700369574996,0.48,0.01,0.72,0.01,nan,0.12,0.12,0.12000655067929869,0.12000655067929869,0.12324999272823334,0.45,0.45,0.384294323122668,0.384294323122668,0.12608695030212402,0.089625,0.11049888727144663,0.0883725667637132,0.150375,0.12928275675193066,0.15164053459488416,-0.020873887271446637,0.021092243248069353,-0.016004865273725764,-0.01078277796352936,-0.0012524332362867981,0.0012655345948841613,nan,1.0,0.0,-0.9959999999999999,0.4,2.618000030517578,1.0,0,1,1,0,1.8607041835784912,-6.3408708572387695,2.6861226127329125,FOLLOW_MAIN,cascade_pd_tracking,follow_main,inner_wheel_pd,lidar_disabled,FOLLOW_MAIN,COMMITTED,DROPOUT,1,1,1,1,1,1,3,0.003731250762939453,0.015101909637451172,0.0001342296600341797,0.029132366180419922,0.011587858200073242,0.007790565490722656,0.1138289350001287,0.0480782589984301
1784810119.5641012,30.703060388565063,-81.4,-0.0814,-81.4,-0.07581330085545898,-75.81330085545898,-0.07581330085545898,-75.81330085545898,-0.526,-0.495812085367053,-0.495812085367053,-0.02872996684943748,-0.17312700369574996,-0.036390384410620306,-0.0002872996684943748,-0.35698470146427813,-0.0017312700369574996,0.48,0.01,0.72,0.01,nan,0.12,0.12,0.11990386525953733,0.11990386525953733,0.12324999272823334,0.45,0.45,0.38304124151277336,0.38304124151277336,0.18913042545318604,0.089625,0.11049114409129261,0.08837303135452244,0.150375,0.13271334725746323,0.1514346991645522,-0.020866144091292615,0.017661652742536782,-0.012134785895572433,-0.029630741696094656,-0.0012519686454775568,0.0010596991645522068,nan,1.0,0.0,-0.9959999999999999,0.4,2.5989999771118164,1.0,0,1,1,0,1.8517472743988037,-6.3367486000061035,2.725398735559025,FOLLOW_MAIN,cascade_pd_tracking,follow_main,inner_wheel_pd,lidar_disabled,FOLLOW_MAIN,COMMITTED,DROPOUT,1,1,1,1,1,1,3,0.00012636184692382812,0.015530109405517578,0.0275115966796875,0.012050151824951172,0.008155107498168945,0.004111766815185547,0.1547549050010275,0.0035300050003570504
1784810119.9367514,31.07571053504944,-84.9,-0.0849,-84.9,-0.08151560837664358,-81.51560837664358,-0.08151560837664358,-81.51560837664358,-0.545,-0.5274901320182818,-0.5274901320182818,-0.011260122479699802,-0.06571804600302482,-0.03912749202078892,-0.00011260122479699802,-0.3797928950531629,-0.0006571804600302482,0.48,0.01,0.72,0.01,nan,0.12,0.12,0.1195757035919644,0.11990386525953733,0.12325000017881393,0.45,0.45,0.3741544156235436,0.38304124151277336,0.37826085090637207,0.089625,0.1037682136011868,0.08877640718392879,0.150375,0.14771239869315056,0.150375,-0.01414321360118681,0.0,0.030783328765131873,-0.017050364990616282,-0.0008485928160712086,0.0,nan,1.0,0.0,-1.0230000000000001,0.4,2.561000108718872,1.0,0,1,1,0,1.8108549118041992,-6.320446491241455,2.725398735559025,FOLLOW_MAIN,cascade_pd_tracking,follow_main,inner_wheel_pd,lidar_disabled,FOLLOW_MAIN,COMMITTED,DROPOUT,1,1,1,1,1,1,3,0.3727445602416992,9.465217590332031e-05,0.4001288414001465,0.38466835021972656,0.38077306747436523,0.37672972679138184,0.014872781999656581,0.048601815000438364
1784810119.9873462,31.12630534172058,0.0,0.0,0.0,-0.08155127684695374,-81.55127684695374,-0.08155127684695374,-81.55127684695374,0.0,-0.5277056298395668,-0.5277056298395668,-0.009145679742784366,-0.05339932994375038,-0.03914461288653779,-9.145679742784366e-05,-0.37994805348448807,-0.0005339932994375038,0.48,0.01,0.72,0.01,nan,0.12,0.12,0.11968335314164817,0.11968335314164817,0.11962500214576721,0.45,0.45,0.37284667294590373,0.37284667294590373,0.34673914313316345,0.089625,0.1001798952783943,0.08899170628329633,0.150375,0.14548636721064354,0.150375,-0.010554895278394302,0.0,0.040558723477129556,-0.011546482947708164,-0.0006332937167036582,0.0,nan,1.0,0.0,0.0,0.4,2.5429999828338623,1.0,0,1,1,0,1.801965355873108,-6.317611217498779,2.777536090586994,FOLLOW_MAIN,cascade_pd_tracking,follow_main,inner_wheel_pd,lidar_disabled,FOLLOW_MAIN,COMMITTED,UNKNOWN,1,1,1,1,1,1,1,0.0035219192504882812,8.344650268554688e-05,0.01828908920288086,0.01492619514465332,0.010919809341430664,0.007231235504150391,0.007423733999530668,0.02965763800057175
1784810120.038392,31.177351236343384,0.0,0.0,0.0,-0.08155127684695374,-81.55127684695374,-0.08155127684695374,-81.55127684695374,0.0,-0.5277056298395668,-0.5277056298395668,-0.009145679742784366,-0.05339932994375038,-0.03914461288653779,-9.145679742784366e-05,-0.37994805348448807,-0.0005339932994375038,0.48,0.01,0.72,0.01,nan,0.12,0.12,0.11968335314164817,0.11968335314164817,0.11962500214576721,0.45,0.45,0.37284667294590373,0.37284667294590373,0.34673914313316345,0.089625,0.1001798952783943,0.08899170628329633,0.150375,0.14548636721064354,0.150375,-0.010554895278394302,0.0,0.035475730909245856,-0.010099428356813772,-0.0006332937167036582,0.0,nan,1.0,0.0,0.0,0.4,2.5429999828338623,1.0,0,1,1,0,1.801965355873108,-6.317611217498779,2.859901156309785,FOLLOW_MAIN,cascade_pd_tracking,follow_main,inner_wheel_pd,lidar_disabled,FOLLOW_MAIN,COMMITTED,UNKNOWN,1,1,1,1,1,1,1,0.00024127960205078125,0.03321242332458496,0.015506267547607422,0.012061119079589844,0.008281469345092773,0.004314422607421875,0.027509042998644873,0.049742946999685955
1784810120.4484863,31.587445497512817,-86.30000000000001,-0.08630000000000002,-86.30000000000001,-0.08304301083096133,-83.04301083096132,-0.08304301083096133,-83.04301083096132,-0.552,-0.5354096407479803,-0.5354096407479803,-0.01165374833763897,-0.06505652854199293,-0.039860645198861434,-0.00011653748337638971,-0.3854949413385458,-0.0006505652854199293,0.48,0.01,0.72,0.01,nan,0.12,0.12,0.11968335314164817,0.11968335314164817,0.11962500214576721,0.45,0.45,0.37284667294590373,0.37284667294590373,0.34673914313316345,0.089625,0.1001798952783943,0.08899170628329633,0.150375,0.14548636721064354,0.150375,-0.010554895278394302,0.0,0.023728608257759198,-0.0067551921542983945,-0.0006332937167036582,0.0,nan,1.0,0.0,-0.9069999999999999,0.4,2.3469998836517334,1.0,0,1,1,0,1.801965355873108,-6.317611217498779,2.859901156309785,FOLLOW_MAIN,cascade_pd_tracking,follow_main,inner_wheel_pd,lidar_disabled,FOLLOW_MAIN,COMMITTED,UNKNOWN,1,1,1,1,1,1,1,0.00010442733764648438,0.3839559555053711,0.39161086082458496,0.3877880573272705,0.4182577133178711,0.4142894744873047,0.017079433000617428,0.11006805800025177
1784810120.499034,31.637993097305298,-81.80000000000001,-0.08180000000000001,-81.80000000000001,-0.08332456628137917,-83.32456628137918,-0.08332456628137917,-83.32456628137918,-0.529,-0.5365212494053822,-0.5365212494053822,-0.0018713868265359014,-0.010115291472196926,-0.039995791815062,-1.8713868265359013e-05,-0.38629529957187514,-0.00010115291472196925,0.48,0.01,0.72,0.01,nan,0.12,0.12,0.1200089490720796,0.1200089490720796,0.11962499469518661,0.45,0.45,0.3750168236561145,0.3750168236561145,0.3467390835285187,0.089625,0.09773063735126926,0.08913866175892383,0.150375,0.14197106024607709,0.15087923638523537,-0.008105637351269263,0.008403939753922923,-0.010645028067145679,-0.0050234144645874045,-0.00048633824107615573,0.0005042363852353754,nan,1.0,0.0,-1.7189999999999999,0.4,2.308000087738037,1.0,0,1,1,0,1.7494887113571167,-6.305785655975342,2.9538046863583602,FOLLOW_MAIN,cascade_pd_tracking,follow_main,inner_wheel_pd,lidar_disabled,FOLLOW_MAIN,COMMITTED,HOLD,1,1,1,1,1,1,2,0.011123895645141602,0.007528543472290039,0.02241659164428711,0.004006147384643555,0.00014662742614746094,0.01504206657409668,0.0671095849993435,0.07001125599890656
1784810120.5521696,31.691128730773926,-79.7,-0.07970000000000001,-79.7,-0.08238660150251759,-82.38660150251759,-0.08238660150251759,-82.38660150251759,-0.518,-0.5318939221966889,-0.5318939221966889,0.001321468272362694,0.0059166447029588495,-0.03954556872120844,1.321468272362694e-05,-0.382963623981616,5.91664470295885e-05,0.48,0.01,0.72,0.01,nan,0.12,0.12,0.12,0.12,0.11962500214576721,0.45,0.45,0.36900000000000005,0.36900000000000005,0.47282612323760986,0.089625,0.09249833295349946,0.089625,0.150375,0.14696752960896894,0.150375,0.0,0.0,0.03158860679210065,-0.04343581580449825,0.0,0.0,nan,1.0,0.0,-1.92,0.4,2.308000087738037,1.0,0,1,1,0,1.7395292520523071,-6.304450988769531,3.0083681928434443,FOLLOW_MAIN,cascade_pd_tracking,follow_main,inner_wheel_pd,lidar_disabled,FOLLOW_MAIN,COMMITTED,HOLD,1,1,1,1,1,1,2,0.022265195846557617,0.00010848045349121094,0.01513981819152832,0.011730432510375977,0.007855892181396484,0.004034996032714844,0.013625077001051977,0.04253532500115398
1784810120.9263716,32.06533074378967,-79.7,-0.07970000000000001,-79.7,-0.08238660150251759,-82.38660150251759,-0.08238660150251759,-82.38660150251759,-0.518,-0.5318939221966889,-0.5318939221966889,0.001321468272362694,0.0059166447029588495,-0.03954556872120844,1.321468272362694e-05,-0.382963623981616,5.91664470295885e-05,0.48,0.01,0.72,0.01,nan,0.12,0.12,0.12,0.12,0.11962500214576721,0.45,0.45,0.36900000000000005,0.36900000000000005,0.47282612323760986,0.089625,0.09249833295349946,0.089625,0.150375,0.14696752960896894,0.150375,0.0,0.0,0.027839828568148706,-0.038281069933648076,0.0,0.0,nan,1.0,0.0,-1.92,0.4,2.4839999675750732,1.0,0,1,1,0,1.7395292520523071,-6.304450988769531,3.048085867398469,FOLLOW_MAIN,cascade_pd_tracking,follow_main,inner_wheel_pd,lidar_disabled,FOLLOW_MAIN,COMMITTED,HOLD,1,1,1,1,1,1,2,0.39644670486450195,0.35996007919311523,0.00011754035949707031,0.38592076301574707,0.36722779273986816,0.36365818977355957,0.03257440200104611,0.06148465000114811
1784810120.9774463,32.11640548706055,-76.60000000000001,-0.07660000000000002,-76.60000000000001,-0.07834760733508478,-78.34760733508477,-0.07834760733508478,-78.34760733508477,-0.501,-0.5105426229962289,-0.5105426229962289,0.009437613639064481,0.04962368927967796,-0.037606851520840694,9.437613639064481e-05,-0.3675906885572848,0.0004962368927967796,0.48,0.01,0.72,0.01,nan,0.12,0.12,0.11969388122480559,0.11969388122480559,0.13049998879432678,0.45,0.45,0.3727187762319913,0.3727187762319913,0.37826085090637207,0.089625,0.09982895917314678,0.08901276244961119,0.150375,0.1486720504740246,0.150375,-0.010203959173146787,0.0,-0.05362684526598185,-0.04754732013892153,-0.0006122375503888072,0.0,nan,1.0,0.0,-1.2799999999999998,0.4,2.440000057220459,1.0,0,1,1,0,1.688385009765625,-6.30226469039917,3.104888613500428,FOLLOW_MAIN,cascade_pd_tracking,follow_main,inner_wheel_pd,lidar_disabled,FOLLOW_MAIN,COMMITTED,HOLD,1,1,1,1,1,1,2,0.02625131607055664,0.003767251968383789,0.00016379356384277344,0.01563429832458496,0.01194453239440918,0.008002281188964844,0.16948224299994763,0.0396157459999813
1784810121.0276992,32.16665840148926,-76.60000000000001,-0.07660000000000002,-76.60000000000001,-0.07834760733508478,-78.34760733508477,-0.07834760733508478,-78.34760733508477,-0.501,-0.5105426229962289,-0.5105426229962289,0.009437613639064481,0.04962368927967796,-0.037606851520840694,9.437613639064481e-05,-0.3675906885572848,0.0004962368927967796,0.48,0.01,0.72,0.01,nan,0.12,0.12,0.12,0.12,0.12324999272823334,0.45,0.45,0.36900000000000005,0.36900000000000005,0.44130435585975647,0.089625,0.09669808938140102,0.089625,0.150375,0.15081895043797927,0.150375,0.0,0.0,0.027251734418768228,-0.032874237684968236,0.0,0.0,nan,1.0,0.0,-1.2799999999999998,0.4,2.440000057220459,1.0,0,1,1,0,1.6785393953323364,-6.302796363830566,-3.0523363362436817,FOLLOW_MAIN,cascade_pd_tracking,follow_main,inner_wheel_pd,lidar_disabled,FOLLOW_MAIN,COMMITTED,HOLD,1,1,1,1,1,1,2,0.0764925479888916,0.007098674774169922,0.0035529136657714844,0.00012373924255371094,0.015563249588012695,0.011446475982666016,0.2248376619991177,0.013761335998424329
1784810121.4225616,32.56152081489563,-76.60000000000001,-0.07660000000000002,-76.60000000000001,-0.07834760733508478,-78.34760733508477,-0.07834760733508478,-78.34760733508477,-0.501,-0.5105426229962289,-0.5105426229962289,0.009437613639064481,0.04962368927967796,-0.037606851520840694,9.437613639064481e-05,-0.3675906885572848,0.0004962368927967796,0.48,0.01,0.72,0.01,nan,0.12,0.12,0.12,0.12,0.12324999272823334,0.45,0.45,0.36900000000000005,0.36900000000000005,0.44130435585975647,0.089625,0.09669808938140102,0.089625,0.150375,0.15081895043797927,0.150375,0.0,0.0,0.02105303115183186,-0.02539663492382016,0.0,0.0,nan,1.0,0.0,-1.2799999999999998,0.4,2.440000057220459,1.0,0,1,1,0,1.6785393953323364,-6.302796363830566,-3.0523363362436817,FOLLOW_MAIN,cascade_pd_tracking,follow_main,inner_wheel_pd,lidar_disabled,FOLLOW_MAIN,COMMITTED,HOLD,1,1,1,1,1,1,2,0.47132134437561035,0.3551037311553955,7.700920104980469e-05,0.37250280380249023,0.41038942337036133,0.40627241134643555,0.263548554999943,0.05247222899924964
1784810121.4732506,32.61220979690552,-59.300000000000004,-0.059300000000000005,-59.300000000000004,-0.07475345618015428,-74.75345618015427,-0.07475345618015428,-74.75345618015427,-0.401,-0.49055992105673807,-0.49055992105673807,0.009355847013961648,0.05186884006084242,-0.03588165896647405,9.355847013961649e-05,-0.3532031431608514,0.0005186884006084243,0.48,0.01,0.72,0.01,nan,0.12,0.12,0.029088869250244898,0.03434420499979751,0.11962500214576721,0.45,0.45,0.0,0.0,0.34673914313316345,0.089625,0.09277902498262189,0.029088869250244898,0.150375,0.1401460366907952,0.029088869250244898,0.0,0.010228963309204808,0.017129867000062245,0.049443786974573335,0.0,0.0006137377985522885,nan,1.0,0.0,-0.471,0.4,2.3929998874664307,1.0,0,1,1,0,1.633057713508606,-6.309540271759033,-2.966218595747171,FOLLOW_MAIN,cascade_pd_tracking,follow_main,inner_wheel_pd,lidar_disabled,FOLLOW_MAIN,COMMITTED,HOLD,1,1,1,1,1,1,2,0.025744199752807617,0.014520883560180664,0.011133670806884766,0.007737159729003906,0.004130125045776367,0.0005357265472412109,0.018144047000532737,0.04570264500034682
1784810121.5256174,32.66457653045654,-59.300000000000004,-0.059300000000000005,-59.300000000000004,-0.07475345618015428,-74.75345618015427,-0.07475345618015428,-74.75345618015427,-0.401,-0.49055992105673807,-0.49055992105673807,0.009355847013961648,0.05186884006084242,-0.03588165896647405,9.355847013961649e-05,-0.3532031431608514,0.0005186884006084243,0.48,0.01,0.72,0.01,nan,0.12,0.12,0.05514105555012065,0.04810864380006023,0.11962500214576721,0.45,0.45,0.0,0.0,0.34673914313316345,0.089625,0.09277902498262189,0.05514105555012065,0.150375,0.1401460366907952,0.05514105555012065,0.0,0.010228963309204808,0.010429010856765281,0.030102381481160442,0.0,0.0006137377985522885,nan,1.0,0.0,-0.471,0.4,2.381999969482422,1.0,0,1,1,0,1.633057713508606,-6.309540271759033,-2.910740491998868,FOLLOW_MAIN,cascade_pd_tracking,follow_main,inner_wheel_pd,lidar_disabled,FOLLOW_MAIN,COMMITTED,HOLD,1,1,1,1,1,1,2,0.003832101821899414,0.00015354156494140625,0.01599884033203125,0.012402534484863281,0.027332544326782227,0.007988691329956055,0.09257886500017776,0.12013746299999184
1784810121.9322767,33.07123589515686,-49.400000000000006,-0.049400000000000006,-49.400000000000006,-0.06631124692069555,-66.31124692069555,-0.06631124692069555,-66.31124692069555,-0.339,-0.4416334164607909,-0.4416334164607909,0.030946679270602583,0.1776353291979402,-0.031829398521933866,0.0003094667927060258,-0.31797605985176947,0.001776353291979402,0.48,0.01,0.72,0.01,nan,0.12,0.12,0.06910658264987432,0.06910658264987432,0.10875000059604645,0.405031966418071,0.42007387050052786,0.0,0.0,0.37826088070869446,0.09164501374121437,0.0863602319838795,0.06910658264987432,0.14835498625878563,0.1362098765573267,0.06910658264987432,0.0,0.012145109701458934,0.007993121730450307,0.0328613472698798,0.0,0.000728706582087536,nan,1.0,0.0,-0.36399999999999993,0.4,2.381999969482422,1.0,0,1,1,0,1.6184483766555786,-6.312973976135254,-2.8585401677031115,FOLLOW_MAIN,cascade_pd_tracking,follow_main,inner_wheel_pd,lidar_disabled,FOLLOW_MAIN,COMMITTED,DROPOUT,1,1,1,1,1,1,3,6.222724914550781e-05,0.372678279876709,0.3765554428100586,0.3690512180328369,0.39558959007263184,0.4145948886871338,0.037642317000063485,0.026523188998908154
1784810121.9827733,33.12173247337341,-26.700000000000003,-0.0267,-26.700000000000003,-0.03767845849682503,-37.67845849682503,-0.03767845849682503,-37.67845849682503,-0.188,-0.26234775965562324,-0.26234775965562324,0.058055385219598896,0.3636054520424413,-0.018085660078476014,0.0005805538521959889,-0.1888903869520487,0.0036360545204244133,0.48,0.01,0.72,0.01,nan,0.15496062993798573,0.15496062993798573,0.1609959801231342,0.1608330305326236,0.03987500071525574,0.21731657164973125,0.23814047496347052,0.19875647209243513,0.1874933696115185,0.15760868787765503,0.13888614787795148,0.0430731280647309,0.14463492906674472,0.17103511199802,0.06566979230629172,0.17735703117952367,0.09581301981322057,0.10536531969172827,0.20217313859875738,0.18082130894540208,0.005748781188793234,0.006321919181503696,nan,1.0,0.0,-1.196,0.5165354331266191,2.365999937057495,1.0,0,1,1,0,1.596217155456543,-6.319953918457031,-2.809618599690272,FOLLOW_MAIN,cascade_pd_tracking,follow_main,inner_wheel_pd,lidar_disabled,FOLLOW_MAIN,COMMITTED,UNKNOWN,1,1,1,1,1,1,1,0.014122962951660156,0.010664939880371094,0.007151126861572266,0.0037381649017333984,0.00010251998901367188,0.017859935760498047,0.013260076000733534,0.09046047300034843
1784810122.0353467,33.17430591583252,-26.700000000000003,-0.0267,-26.700000000000003,-0.03767845849682503,-37.67845849682503,-0.03767845849682503,-37.67845849682503,-0.188,-0.26234775965562324,-0.26234775965562324,0.058055385219598896,0.3636054520424413,-0.018085660078476014,0.0005805538521959889,-0.1888903869520487,0.0036360545204244133,0.48,0.01,0.72,0.01,nan,0.15543422104848995,0.15543422104848995,0.16079492379884008,0.16079492379884008,0.07612499594688416,0.2163025679451624,0.2163025679451624,0.18003399384957808,0.18003399384957808,0.15760868787765503,0.14083379771219148,0.05514622035029421,0.14597505235390532,0.1700346443847884,0.07703213006834723,0.17561479524377488,0.08568757736189728,0.09300251431644117,0.09086343879842453,0.0643159937273682,0.005141254641713836,0.00558015085898647,nan,1.0,0.0,-1.196,0.5181140701616331,2.365999937057495,1.0,0,1,1,0,1.589841365814209,-6.3222455978393555,-2.782509446214592,FOLLOW_MAIN,cascade_pd_tracking,follow_main,inner_wheel_pd,lidar_disabled,FOLLOW_MAIN,COMMITTED,UNKNOWN,1,1,1,1,1,1,1,0.01075291633605957,0.007136106491088867,0.0035665035247802734,0.00011181831359863281,0.018675565719604492,0.014841556549072266,0.06795314199916902,0.05231967399959103
1784810122.4699707,33.60892987251282,-22.0,-0.022,-22.0,-0.03277167729726807,-32.77167729726807,-0.03277167729726807,-32.77167729726807,-0.156,-0.22911830495459268,-0.22911830495459268,0.06037163057471531,0.3855257581854703,-0.015730405102688673,0.0006037163057471531,-0.16496517956730672,0.0038552575818547033,0.48,0.01,0.72,0.01,nan,0.15708558909141498,0.15708558909141498,0.16084131058924855,0.16084131058924855,0.12687499821186066,0.18572495844467826,0.18572495844467826,0.1564580517620186,0.1564580517620186,0.0315217524766922,0.1445491543963992,0.08766603276631393,0.14796214169420432,0.16962202378643076,0.10131442882206435,0.17372047948429276,0.05688312163008527,0.06830759496436642,-0.11138517468046075,-0.1040390891181696,0.003412987297805116,0.004098455697861985,nan,1.0,0.0,-1.261,0.5236186303047167,2.36299991607666,1.0,0,1,1,0,1.5801011323928833,-6.325901508331299,-2.779925011732809,FOLLOW_MAIN,cascade_pd_tracking,follow_main,inner_wheel_pd,lidar_disabled,FOLLOW_MAIN,COMMITTED,UNKNOWN,1,1,1,1,1,1,1,7.104873657226562e-05,0.40531063079833984,0.40891504287719727,0.40199875831604004,0.4161531925201416,0.4310002326965332,0.042182323999440996,0.022064663000492146
1784810122.5210843,33.660043478012085,-10.0,-0.01,-10.0,-0.014520126965917755,-14.520126965917756,-0.014520126965917755,-14.520126965917756,-0.07200000000000001,-0.10286347485720551,-0.10286347485720551,0.04136421007723984,0.2796506513623257,-0.006969660943640522,0.0004136421007723984,-0.07406170189718797,0.002796506513623257,0.48,0.01,0.72,0.01,nan,0.21266726082241938,0.19658676789983384,0.19826027289381384,0.19826027289381384,0.17762498557567596,0.07398245234561208,0.07398245234561208,0.05516488721937117,0.05516488721937117,0.22065220773220062,0.19159295236650503,0.15615447787289405,0.1937192608361217,0.20158058343316265,0.18123555812744024,0.20280128495150598,0.03543847449361098,0.02034502530572241,0.024874589106174225,-0.045419862025917926,0.002126308469616659,0.0012207015183433444,nan,1.0,0.0,-0.064,0.7088908694080647,2.309999942779541,1.0,0,1,1,0,1.519737720489502,-6.349959373474121,-2.750262890963529,FOLLOW_MAIN,cascade_pd_tracking,follow_main,inner_wheel_pd,lidar_disabled,FOLLOW_MAIN,COMMITTED,UNKNOWN,1,1,1,1,1,1,1,0.007738828659057617,0.0040340423583984375,0.022371768951416016,0.019030332565307617,0.00014448165893554688,0.011600255966186523,0.02998643599858042,0.061761576998833334
1784810122.571131,33.71009016036987,-10.0,-0.01,-10.0,-0.014520126965917755,-14.520126965917756,-0.014520126965917755,-14.520126965917756,-0.07200000000000001,-0.10286347485720551,-0.10286347485720551,0.04136421007723984,0.2796506513623257,-0.006969660943640522,0.0004136421007723984,-0.07406170189718797,0.002796506513623257,0.48,0.01,0.72,0.01,nan,0.23237876012289013,0.20679796869980147,0.2091435792651168,0.20502316609087526,0.1667499840259552,0.07600304322842956,0.07600304322842956,0.05841701997026738,0.0578466109155832,0.1260869801044464,0.20166776328188246,0.15721613201645332,0.20433486115780822,0.21192817411772047,0.17819278653930484,0.2139522973724254,0.04445163126542914,0.033735387578415627,0.06529889153427026,0.04275110819708184,0.0026670978759257484,0.0020241232547049373,nan,1.0,0.0,-0.064,0.7745958670763005,2.309999942779541,1.0,0,1,1,0,1.507115364074707,-6.3556365966796875,-2.708464269908115,FOLLOW_MAIN,cascade_pd_tracking,follow_main,inner_wheel_pd,lidar_disabled,FOLLOW_MAIN,COMMITTED,UNKNOWN,1,1,1,1,1,1,1,0.0198516845703125,0.0036215782165527344,0.00012636184692382812,0.03162336349487305,0.012233972549438477,0.00811910629272461,0.0938064409983781,0.0401568209999823
1784810122.9800277,34.11898684501648,-10.0,-0.01,-10.0,-0.014520126965917755,-14.520126965917756,-0.014520126965917755,-14.520126965917756,-0.07200000000000001,-0.10286347485720551,-0.10286347485720551,0.04136421007723984,0.2796506513623257,-0.006969660943640522,0.0004136421007723984,-0.07406170189718797,0.002796506513623257,0.48,0.01,0.72,0.01,nan,0.23237876012289013,0.20679796869980147,0.2091435792651168,0.2091435792651168,0.1667499840259552,0.07600304322842956,0.07600304322842956,0.05841701997026738,0.05841701997026738,0.1260869801044464,0.20166776328188246,0.15721613201645332,0.20433486115780822,0.21192817411772047,0.17819278653930484,0.2139522973724254,0.04445163126542914,0.033735387578415627,0.06529889153427026,0.04275110819708184,0.0026670978759257484,0.0020241232547049373,nan,1.0,0.0,-0.064,0.7745958670763005,2.309999942779541,1.0,0,1,1,0,1.507115364074707,-6.3556365966796875,-2.708464269908115,FOLLOW_MAIN,cascade_pd_tracking,follow_main,inner_wheel_pd,lidar_disabled,FOLLOW_MAIN,COMMITTED,UNKNOWN,1,1,1,1,1,1,1,9.036064147949219e-05,0.41249895095825195,0.40900278091430664,0.4054110050201416,0.4211087226867676,0.40143537521362305,0.0938064409983781,0.0401568209999823
1784810123.0303855,34.169344663619995,1.9000000000000001,0.0019000000000000002,1.9000000000000001,-0.002397740339877338,-2.397740339877338,0.0,0.0,0.013000000000000001,-0.017418987844090517,0.0,0.016446320017477006,0.22802363184077667,0.0,0.00016446320017477007,0.0,0.002280236318407767,0.48,0.01,0.72,0.01,nan,0.2703638351133502,0.2703638351133502,0.2737035184371022,0.2737035184371022,0.2356249988079071,0.0,0.014990081408842153,0.010571706033631337,0.010571706033631337,0.0315217524766922,0.26935200461825337,0.21133063928927034,0.2728332865379923,0.27137566560844706,0.21807425347902917,0.2745737503362121,0.05802136532898303,0.053301412129417886,-0.017443777269064025,-0.016121027215276754,0.0034812819197389813,0.003198084727765073,nan,1.0,0.0,0.9219999999999999,0.9012127837111674,2.2260000705718994,1.0,0,1,1,0,1.4311800003051758,-6.391777992248535,-2.698503137336283,FOLLOW_MAIN,cascade_pd_tracking,follow_main,inner_wheel_pd,lidar_disabled,FOLLOW_MAIN,COMMITTED,UNKNOWN,1,1,1,1,1,1,1,0.010859489440917969,0.007245779037475586,0.003701448440551758,0.00017404556274414062,0.018888235092163086,0.014917850494384766,0.003533265000442043,0.07811763900099322
1784810123.0824716,34.22143077850342,1.9000000000000001,0.0019000000000000002,1.9000000000000001,-0.002397740339877338,-2.397740339877338,0.0,0.0,0.013000000000000001,-0.017418987844090517,0.0,0.016446320017477006,0.22802363184077667,0.0,0.00016446320017477007,0.0,0.002280236318407767,0.48,0.01,0.72,0.01,nan,0.2672360583315543,0.2672360583315543,0.2697730154378277,0.2697730154378277,0.2356249988079071,0.0,0.0,-0.0035330806922800346,-0.0035330806922800346,0.09456522762775421,0.2672360583315543,0.220106225529255,0.27006384829969227,0.2672360583315543,0.22980065425807147,0.26948218257596324,0.04712983280229929,0.03743540407348281,-0.07364641032616255,-0.09957416602767226,0.0028277899681379576,0.0022461242444089683,nan,1.0,0.0,0.9219999999999999,0.890786861105181,2.2260000705718994,1.0,0,1,1,0,1.4140520095825195,-6.400197982788086,-2.6846977574463144,FOLLOW_MAIN,cascade_pd_tracking,follow_main,inner_wheel_pd,lidar_disabled,FOLLOW_MAIN,COMMITTED,UNKNOWN,1,1,1,1,1,1,1,0.018736600875854492,0.015017271041870117,0.01145625114440918,0.007898092269897461,0.004112720489501953,0.00022172927856445312,0.04490023600010318,0.03869515199949092
1784810123.4828098,34.621768951416016,1.9000000000000001,0.0019000000000000002,1.9000000000000001,-0.002397740339877338,-2.397740339877338,0.0,0.0,0.013000000000000001,-0.017418987844090517,0.0,0.016446320017477006,0.22802363184077667,0.0,0.00016446320017477007,0.0,0.002280236318407767,0.48,0.01,0.72,0.01,nan,0.2672360583315543,0.2672360583315543,0.2697730154378277,0.2697730154378277,0.2356249988079071,0.0,0.0,-0.0035330806922800346,-0.0035330806922800346,0.09456522762775421,0.2672360583315543,0.220106225529255,0.27006384829969227,0.2672360583315543,0.22980065425807147,0.26948218257596324,0.04712983280229929,0.03743540407348281,-0.07364641032616255,-0.09957416602767226,0.0028277899681379576,0.0022461242444089683,nan,1.0,0.0,0.9219999999999999,0.890786861105181,2.2260000705718994,1.0,0,1,1,0,1.4140520095825195,-6.400197982788086,-2.6846977574463144,FOLLOW_MAIN,cascade_pd_tracking,follow_main,inner_wheel_pd,lidar_disabled,FOLLOW_MAIN,COMMITTED,UNKNOWN,1,1,1,1,1,1,1,7.43865966796875e-05,0.4152543544769287,0.41169238090515137,0.40813446044921875,0.40434813499450684,0.40045666694641113,0.04490023600010318,0.03869515199949092
1784810123.5338778,34.672837018966675,15.3,0.015300000000000001,15.3,0.010066267995474859,10.06626799547486,0.0,0.0,0.109,0.07202178990565816,0.07202178990565816,0.003230444633022181,0.20352322060509953,0.0,3.230444633022181e-05,0.05185568873207388,0.0020352322060509954,0.48,0.01,0.72,0.01,nan,0.22226869722070214,0.22226869722070214,0.2193903602433805,0.22207544910865312,0.2682499885559082,-0.04111343530551499,-0.03796863994757582,-0.03685671960880025,-0.025113803879657275,0.06304344534873962,0.2248315804171635,0.2649529618990343,0.22242429752825124,0.21970581402424078,0.2755289984530912,0.21635642295850974,-0.04012138148187078,-0.055823184428850425,-0.13243760999894505,-0.15281005295982716,-0.0024072828889122465,-0.0033493910657310254,nan,1.0,0.0,1.008,0.7408956574023405,2.1389999389648438,1.0,0,1,1,0,1.309783697128296,-6.454291343688965,-2.6657529866327834,FOLLOW_MAIN,cascade_pd_tracking,follow_main,inner_wheel_pd,lidar_disabled,FOLLOW_MAIN,COMMITTED,UNKNOWN,1,1,1,1,1,1,1,0.00680994987487793,0.003390073776245117,8.916854858398438e-05,0.018439292907714844,0.014421701431274414,0.010453462600708008,0.02154847700148821,0.059100369000589126
1784810123.9668217,35.105780839920044,15.3,0.015300000000000001,15.3,0.010066267995474859,10.06626799547486,0.0,0.0,0.109,0.07202178990565816,0.07202178990565816,0.003230444633022181,0.20352322060509953,0.0,3.230444633022181e-05,0.05185568873207388,0.0020352322060509954,0.48,0.01,0.72,0.01,nan,0.21980534046990333,0.21980534046990333,0.21677920208753376,0.21677920208753376,0.2682499885559082,-0.04142458750454156,-0.04142458750454156,-0.039860629225314775,-0.039860629225314775,0.06304344534873962,0.22260150012645988,0.2649529618990343,0.2200604124201054,0.21700918081334677,0.2755289984530912,0.21349799175496212,-0.0423514617725744,-0.058519817639744426,-0.11689945973487391,-0.13543768712556045,-0.002541087706354464,-0.0035111890583846652,nan,1.0,0.0,1.008,0.7326844682330111,2.1500000953674316,1.0,0,1,1,0,1.309783697128296,-6.454291343688965,-2.6412283638007388,FOLLOW_MAIN,cascade_pd_tracking,follow_main,inner_wheel_pd,lidar_disabled,FOLLOW_MAIN,COMMITTED,UNKNOWN,1,1,1,1,1,1,1,0.39461469650268555,0.3910050392150879,0.3874785900115967,0.4073975086212158,0.38362693786621094,0.00013971328735351562,0.05818103400088148,0.0957329259999824
1784810124.017074,35.1560332775116,37.7,0.037700000000000004,37.7,0.025935692858538875,25.935692858538875,0.025935692858538875,25.935692858538875,0.263,0.18364938952254406,0.18364938952254406,0.03611813048534898,0.23658377008994808,0.01244913257209866,0.0003611813048534898,0.1322275604562317,0.002365837700899481,0.48,0.01,0.72,0.01,nan,0.19211205548254268,0.19211205548254268,0.19104365758924166,0.19104365758924166,0.1848749965429306,-0.14151023091561585,-0.14151023091561585,-0.12901744523979497,-0.12901744523979497,0.03152172267436981,0.20166399606934673,0.20227143124453617,0.20166399606934673,0.18256011489573862,0.21817337800577252,0.1804233191091366,0.0,-0.035613263110033905,0.09788170752600936,0.07258352761742703,0.0,-0.0021367957866020343,nan,1.0,0.0,0.8439999999999999,0.6403735182751423,2.069999933242798,1.0,0,1,1,0,1.2131723165512085,-6.509812355041504,-2.61512913891094,FOLLOW_MAIN,cascade_pd_tracking,follow_main,inner_wheel_pd,lidar_disabled,FOLLOW_MAIN,COMMITTED,HOLD,1,1,1,1,1,1,2,0.007146596908569336,0.0036160945892333984,0.0001316070556640625,0.01842212677001953,0.01490926742553711,0.011241436004638672,0.028360378000797937,0.06195315200056939
1784810124.0703113,35.20927047729492,45.300000000000004,0.04530000000000001,45.300000000000004,0.03094590353882767,30.94590353882767,0.03094590353882767,30.94590353882767,0.313,0.21744341337121148,0.21744341337121148,0.04390552506899112,0.29051019141362294,0.01485403369863728,0.0004390552506899112,0.15655925762727227,0.0029051019141362296,0.48,0.01,0.72,0.01,nan,0.18387157880869875,0.18387157880869875,0.1826954990085612,0.18582562568180833,0.2029999941587448,-0.17029825447555053,-0.1630759455440078,-0.1480094669922022,-0.13731505594331098,0.06304347515106201,0.1948792051329193,0.20029873676824403,0.1948792051329193,0.17286395248447822,0.21206661248906414,0.17051179288420307,0.0,-0.039202660004585915,0.06555222086991895,0.027334364258004017,0.0,-0.002352159600275155,nan,1.0,0.0,0.825,0.6129052626956626,2.069999933242798,1.0,0,1,1,0,1.1991207599639893,-6.518736839294434,-2.5757585436251778,FOLLOW_MAIN,cascade_pd_tracking,follow_main,inner_wheel_pd,lidar_disabled,FOLLOW_MAIN,COMMITTED,UNKNOWN,1,1,1,1,1,1,1,0.0036592483520507812,0.00011706352233886719,0.034325599670410156,0.030764102935791016,0.011636495590209961,0.00771784782409668,0.021906756001044414,0.023754241001370247
1784810124.493832,35.63279128074646,45.300000000000004,0.04530000000000001,45.300000000000004,0.03094590353882767,30.94590353882767,0.03094590353882767,30.94590353882767,0.313,0.21744341337121148,0.21744341337121148,0.04390552506899112,0.29051019141362294,0.01485403369863728,0.0004390552506899112,0.15655925762727227,0.0029051019141362296,0.48,0.01,0.72,0.01,nan,0.18387157880869875,0.18387157880869875,0.1826954990085612,0.1826954990085612,0.2029999941587448,-0.17029825447555053,-0.1630759455440078,-0.1480094669922022,-0.1480094669922022,0.06304347515106201,0.1948792051329193,0.20029873676824403,0.1948792051329193,0.17286395248447822,0.21206661248906414,0.17051179288420307,0.0,-0.039202660004585915,0.06555222086991895,0.027334364258004017,0.0,-0.002352159600275155,nan,1.0,0.0,0.825,0.6129052626956626,2.069999933242798,1.0,0,1,1,0,1.1991207599639893,-6.518736839294434,-2.5705887276423307,FOLLOW_MAIN,cascade_pd_tracking,follow_main,inner_wheel_pd,lidar_disabled,FOLLOW_MAIN,COMMITTED,UNKNOWN,1,1,1,1,1,1,1,0.427156925201416,0.4236140251159668,0.40906572341918945,0.4167792797088623,0.4131143093109131,7.581710815429688e-05,0.021906756001044414,0.023754241001370247
1784810124.545624,35.68458318710327,115.2,0.1152,115.2,0.0536632799691954,53.6632799691954,0.0536632799691954,53.6632799691954,0.6880000000000001,0.2889065012947052,0.2889065012947052,0.12137366965476978,0.3403946148737055,0.025758374385213792,0.0012137366965476978,0.20801268093218772,0.003403946148737055,0.48,0.01,0.72,0.01,nan,0.22108522307649875,0.22108522307649875,0.22357747081494442,0.23386279126770348,0.17399999499320984,-0.24181613646553915,-0.17317245024164618,-0.14771767236786063,-0.13727837510664503,-0.0630435049533844,0.23277436346780986,0.18339446693364467,0.23573715725985978,0.20939608268518764,0.17570105460449728,0.21141778437002906,0.04937989653416519,0.03369502808069036,0.08725936831132661,0.08257294998937359,0.0029627937920499114,0.0020217016848414213,nan,1.0,0.0,0.261,0.7369507435883292,1.9930000305175781,1.0,0,1,1,0,1.1229990720748901,-6.566997528076172,-2.573488854641991,FOLLOW_MAIN,cascade_pd_tracking,follow_main,inner_wheel_pd,lidar_disabled,FOLLOW_MAIN,COMMITTED,HOLD,1,1,1,1,1,1,2,0.003649473190307617,6.914138793945312e-05,0.019382953643798828,0.015723466873168945,0.011634349822998047,0.0076181888580322266,0.013292261999595212,0.035850184998707846
1784810124.9691174,36.10807657241821,-109.80000000000001,-0.10980000000000001,-109.80000000000001,0.10525861235837854,105.25861235837854,0.10525861235837854,105.25861235837854,-0.191,0.46647639905021365,0.46647639905021365,0.12825826741800667,0.45926258392471964,0.050524133932021695,0.0012825826741800666,0.3358630073161538,0.004592625839247196,0.48,0.01,0.72,0.01,nan,0.15297671987110634,0.15297671987110634,0.14892959474422893,0.21676889193669996,0.22475001215934753,-0.38,-0.3350997172054272,-0.2871585607765251,-0.15638432028109195,-0.12608695030212402,0.17559595078247267,0.22606768043581454,0.17256764700327215,0.13035748895974,0.2147899302023119,0.1252915424851857,-0.050471729653341874,-0.0844324412425719,-0.21845341903346982,-0.25148008862080834,-0.0030283037792005123,-0.005065946474554314,nan,1.0,0.0,-0.4213192669685707,0.5099223995703545,1.9160000085830688,1.0,0,1,1,0,1.0507404804229736,-6.610292911529541,-2.583764636623932,FOLLOW_MAIN,cascade_pd_tracking,follow_main,inner_wheel_pd,lidar_disabled,FOLLOW_MAIN,COMMITTED,HOLD,1,1,1,1,1,1,2,0.3842623233795166,0.00014090538024902344,0.3992307186126709,0.39575862884521484,0.3921494483947754,0.3882009983062744,0.053610434999427525,0.05213754400028847
1784810125.019943,36.158902168273926,-109.80000000000001,-0.10980000000000001,-109.80000000000001,0.087799853884297,87.799853884297,0.087799853884297,87.799853884297,-0.191,0.4199197097859962,0.4199197097859962,0.052550918862936016,0.23647124924667323,0.042143929864462554,0.0005255091886293601,0.30234219104591725,0.0023647124924667325,0.48,0.01,0.72,0.01,nan,0.1538575721824825,0.1538575721824825,0.14986329819428768,0.14986329819428768,0.22475001215934753,-0.38,-0.3569871228558591,-0.30618309376788067,-0.30618309376788067,-0.12608695030212402,0.177954202975253,0.22606768043581454,0.1750673943276193,0.129760941389712,0.2147899302023119,0.12465920206095601,-0.04811347746056155,-0.0850289888125999,-0.15399870534855378,-0.19663146724179847,-0.002886808647633693,-0.005101739328755994,nan,1.0,0.0,-0.42232973635686816,0.5128585739416084,1.9160000085830688,1.0,0,1,1,0,1.0507404804229736,-6.610292911529541,-2.602803881907777,FOLLOW_MAIN,cascade_pd_tracking,follow_main,inner_wheel_pd,lidar_disabled,FOLLOW_MAIN,COMMITTED,HOLD,1,1,1,1,1,1,2,0.010888338088989258,0.0072171688079833984,0.0036585330963134766,0.00013947486877441406,0.018819570541381836,0.014843940734863281,0.03448836800089339,0.09193282700107375
1784810125.0701883,36.209147453308105,-109.80000000000001,-0.10980000000000001,-109.80000000000001,0.087799853884297,87.799853884297,0.087799853884297,87.799853884297,-0.191,0.4199197097859962,0.4199197097859962,0.052550918862936016,0.23647124924667323,0.042143929864462554,0.0005255091886293601,0.30234219104591725,0.0023647124924667325,0.48,0.01,0.72,0.01,nan,0.15263308602729034,0.15263308602729034,0.14856534286978396,0.14775722243489647,0.22475001215934753,-0.38,-0.38,-0.326185886581568,-0.3279981058545382,-0.12608695030212402,0.17828308602729034,0.22606768043581454,0.1754160103627789,0.12698308602729033,0.2147899302023119,0.12171467537678904,-0.0477845944085242,-0.08780684417502158,-0.11377472601138561,-0.16371259683356854,-0.002867075664511452,-0.005268410650501295,nan,1.0,0.0,-0.42232973635686816,0.5087769534243012,1.899999976158142,1.0,0,1,1,0,1.0507404804229736,-6.610292911529541,-2.6184383607785064,FOLLOW_MAIN,cascade_pd_tracking,follow_main,inner_wheel_pd,lidar_disabled,FOLLOW_MAIN,COMMITTED,HOLD,1,1,1,1,1,1,2,0.019639253616333008,0.015856266021728516,0.012288093566894531,0.008754968643188477,0.00468897819519043,0.0002505779266357422,0.0776348239996878,0.13507928299986816
1784810125.5109513,36.64991044998169,-109.80000000000001,-0.10980000000000001,-109.80000000000001,0.087799853884297,87.799853884297,0.087799853884297,87.799853884297,-0.191,0.4199197097859962,0.4199197097859962,0.052550918862936016,0.23647124924667323,0.042143929864462554,0.0005255091886293601,0.30234219104591725,0.0023647124924667325,0.48,0.01,0.72,0.01,nan,0.1518986130761812,0.1518986130761812,0.14775722243489647,0.14775722243489647,0.22112500667572021,-0.38,-0.38,-0.3279981058545382,-0.3279981058545382,-0.03152172267436981,0.1775486130761812,0.22407438910610275,0.1747570665143859,0.12624861307618118,0.21776919175575002,0.12075737835540705,-0.046525776029921556,-0.09152057867956884,-0.09362889856459455,-0.16954391528149887,-0.0027915465617952932,-0.00549123472077413,nan,1.0,0.0,-0.42232973635686816,0.5063287102539373,1.899999976158142,1.0,0,1,1,0,1.0250729322433472,-6.625096797943115,-2.6226622215286897,FOLLOW_MAIN,cascade_pd_tracking,follow_main,inner_wheel_pd,lidar_disabled,FOLLOW_MAIN,COMMITTED,HOLD,1,1,1,1,1,1,2,0.4364602565765381,0.43283653259277344,0.42938780784606934,0.4494140148162842,0.4256107807159424,8.96453857421875e-05,0.09466733200133604,0.004347599000539049
1784810125.5613465,36.700305700302124,-109.80000000000001,-0.10980000000000001,-109.80000000000001,-0.05550289661061984,-55.50289661061984,-0.05550289661061984,-55.50289661061984,-0.191,0.03777904179955123,0.03777904179955123,-0.22200830264749744,-0.575021713187128,-0.026641390373097523,-0.0022200830264749744,0.027200910095676885,-0.0057502171318712806,0.48,0.01,0.72,0.01,nan,0.23862242849213444,0.22561745382326404,0.22940357764340824,0.22592104041472433,0.1667499989271164,0.0,-0.020729106680746068,-0.01597534706680299,-0.02936134953955703,-0.06304344534873962,0.2270166685242144,0.1653174529805523,0.2307186214568341,0.22421823912231367,0.15971332732783508,0.2280885338299824,0.06169921554366209,0.06450491179447859,0.17359213999690645,0.27451987197324146,0.003701952932619725,0.0038702947076687155,nan,1.0,0.0,-0.422364934204735,0.7954080949737815,1.809999942779541,1.0,0,1,1,0,0.9519453048706055,-6.6662092208862305,-2.6353651702539396,FOLLOW_MAIN,cascade_pd_tracking,follow_main,inner_wheel_pd,lidar_disabled,FOLLOW_MAIN,COMMITTED,HOLD,1,1,1,1,1,1,2,0.007608652114868164,0.004018306732177734,0.022403478622436523,0.019106388092041016,0.0001780986785888672,0.011790037155151367,0.07202427799893485,0.03261154999927385
1784810125.9759357,37.11489486694336,23.400000000000002,0.0234,23.400000000000002,-0.04260724263500606,-42.60724263500606,-0.04260724263500606,-42.60724263500606,0.165,0.07216745240118796,0.07216745240118796,0.004899846465943727,0.017163688631339796,-0.020451476464802908,4.899846465943728e-05,0.05196056572885533,0.00017163688631339797,0.48,0.01,0.72,0.01,nan,0.14341663213122086,0.14341663213122086,0.13772113395907618,0.22940357764340824,0.26462501287460327,-0.016335705302617538,0.09496175818309313,0.08524271435871193,-0.01597534706680299,-0.03152165561914444,0.13700671345386206,0.24204855095259156,0.1307042032039383,0.14982655080857965,0.2346346523813396,0.14473806471421405,-0.1050418374987295,-0.08480810157275995,-0.4501027339678738,-0.43579651254325485,-0.00630251024992377,-0.005088486094365597,nan,1.0,0.0,2.111,0.4780554404374029,1.7400000095367432,1.0,0,1,1,0,0.8786766529083252,-6.705480575561523,-2.6353651702539396,FOLLOW_MAIN,cascade_pd_tracking,follow_main,inner_wheel_pd,lidar_disabled,FOLLOW_MAIN,COMMITTED,UNKNOWN,1,1,1,1,1,1,1,0.3876640796661377,6.985664367675781e-05,0.4026761054992676,0.39917588233947754,0.3954887390136719,0.3917534351348877,0.044995698999628075,0.030811474000074668
1784810126.028381,37.16734027862549,24.200000000000003,0.024200000000000003,24.200000000000003,-0.023929980276197138,-23.92998027619714,-0.023929980276197138,-23.92998027619714,0.171,0.11069762677762418,0.11069762677762418,0.05998745412997561,0.12944435320120812,-0.011486390532574626,0.0005998745412997561,0.07970229127988941,0.0012944435320120812,0.48,0.01,0.72,0.01,nan,0.14072687362016528,0.14072687362016528,0.13486998993735727,0.13457548014121823,0.26462501287460327,-0.05945174198053772,0.08806078458310695,0.07924438810560386,0.07556761230938575,-0.03152165561914444,0.13478277066080557,0.24204855095259156,0.1283468238432984,0.146670976579525,0.2346346523813396,0.1413931560314161,-0.10726578029178599,-0.0879636758018146,-0.3504305941235037,-0.34509711708185326,-0.006435946817507159,-0.005277820548108876,nan,1.0,0.0,2.073,0.4690895787338843,1.718999981880188,1.0,0,1,1,0,0.8786766529083252,-6.705480575561523,-2.6526380506438287,FOLLOW_MAIN,cascade_pd_tracking,follow_main,inner_wheel_pd,lidar_disabled,FOLLOW_MAIN,COMMITTED,UNKNOWN,1,1,1,1,1,1,1,0.014331579208374023,0.011024713516235352,0.00775146484375,0.00425410270690918,0.0001728534698486328,0.017924070358276367,0.02377925899963884,0.07394255899998825
1784810126.0786767,37.21763586997986,54.0,0.054,54.0,-0.0036609849504869365,-3.6609849504869363,0.0,0.0,0.368,0.1378591494659257,0.1378591494659257,0.11814968914977589,0.1823961698053101,0.0,0.0011814968914977588,0.0992585876154665,0.001823961698053101,0.48,0.01,0.72,0.01,nan,0.1398732117055573,0.1398732117055573,0.13458013138664135,0.13359833517407338,0.2175000011920929,-0.09618226015184869,0.07862154922291995,0.06971092073595343,0.0727394036474763,0.0,0.1345662571330102,0.22997500228950027,0.1288417324236208,0.1451801662781044,0.22620743175214578,0.1403185303496619,-0.09540874515649006,-0.08102726547404138,-0.1787848368694742,-0.19957245658312842,-0.005724524709389403,-0.004861635928442482,nan,1.0,0.0,1.555,0.46624403901852435,1.718999981880188,1.0,0,1,1,0,0.8618751764297485,-6.7141852378845215,-2.663575751109393,FOLLOW_MAIN,cascade_pd_tracking,follow_main,inner_wheel_pd,lidar_disabled,FOLLOW_MAIN,COMMITTED,HOLD,1,1,1,1,1,1,2,0.007371664047241211,0.0037088394165039062,9.655952453613281e-05,0.019084453582763672,0.015254974365234375,0.011484861373901367,0.010941906000880408,0.0517066540014639
1784810126.4977143,37.63667345046997,54.0,0.054,54.0,-0.0036609849504869365,-3.6609849504869363,0.0,0.0,0.368,0.1378591494659257,0.1378591494659257,0.11814968914977589,0.1823961698053101,0.0,0.0011814968914977588,0.0992585876154665,0.001823961698053101,0.48,0.01,0.72,0.01,nan,0.1398732117055573,0.1398732117055573,0.13458013138664135,0.13577861734049604,0.2175000011920929,-0.09618226015184869,0.07862154922291995,0.06971092073595343,0.06722175987516785,0.0,0.1345662571330102,0.22997500228950027,0.1288417324236208,0.1451801662781044,0.22620743175214578,0.1403185303496619,-0.09540874515649006,-0.08102726547404138,-0.1787848368694742,-0.19957245658312842,-0.005724524709389403,-0.004861635928442482,nan,1.0,0.0,1.555,0.46624403901852435,1.718999981880188,1.0,0,1,1,0,0.8618751764297485,-6.7141852378845215,-2.663575751109393,FOLLOW_MAIN,cascade_pd_tracking,follow_main,inner_wheel_pd,lidar_disabled,FOLLOW_MAIN,COMMITTED,HOLD,1,1,1,1,1,1,2,7.271766662597656e-05,0.4227275848388672,0.4191150665283203,0.4156033992767334,0.41188740730285645,0.40807080268859863,0.010941906000880408,0.0517066540014639
1784810126.5507095,37.68966865539551,91.2,0.0912,91.2,0.08554047337591378,85.54047337591378,0.08554047337591378,85.54047337591378,0.578,0.45438186722726626,0.45438186722726626,0.14762691887032045,0.5715023279437685,0.041059427220438614,0.0014762691887032046,0.3271549444036317,0.005715023279437685,0.48,0.01,0.72,0.01,nan,0.13266376761880516,0.13266376761880516,0.13266376761880516,0.13266376761880516,0.11962500214576721,-0.38,0.0021937421830476875,0.001798868590099079,0.001798868590099079,-0.0315217524766922,0.13251569002144944,0.1324660362816929,0.13251569002144944,0.13281184521616088,0.13001699035805486,0.13281184521616088,0.0,0.0,0.15028933335809458,0.12948020718892814,0.0,0.0,nan,1.0,0.0,0.369,0.44221255872935056,1.6430000066757202,1.0,0,1,1,0,0.7962310314178467,-6.748274803161621,-2.6611172432199943,FOLLOW_MAIN,cascade_pd_tracking,follow_main,inner_wheel_pd,lidar_disabled,FOLLOW_MAIN,COMMITTED,HOLD,1,1,1,1,1,1,2,0.010107040405273438,0.006856203079223633,0.0035822391510009766,9.059906005859375e-05,0.01740884780883789,0.01379847526550293,0.02839630299968121,0.06105964999915159
1784810126.9734993,38.11245846748352,91.2,0.0912,91.2,0.08554047337591378,85.54047337591378,0.08554047337591378,85.54047337591378,0.578,0.45438186722726626,0.45438186722726626,0.14762691887032045,0.5715023279437685,0.041059427220438614,0.0014762691887032046,0.3271549444036317,0.005715023279437685,0.48,0.01,0.72,0.01,nan,0.13110149006771715,0.13110149006771715,0.13110149006771715,0.11921799836299374,0.12687499821186066,-0.38,-0.012905136786481638,-0.010582212164915093,-0.1910889035027857,-0.09456522762775421,0.13197258680080468,0.13285249165984808,0.13197258680080468,0.13023039333462963,0.1253698817062795,0.13023039333462963,0.0,0.0,0.11402584256837657,0.09823777503535187,0.0,0.0,nan,1.0,0.0,0.369,0.43700496689239055,1.6330000162124634,1.0,0,1,1,0,0.7860788702964783,-6.753501892089844,-2.6636072637722923,FOLLOW_MAIN,cascade_pd_tracking,follow_main,inner_wheel_pd,lidar_disabled,FOLLOW_MAIN,COMMITTED,HOLD,1,1,1,1,1,1,2,0.38822388648986816,0.3845632076263428,0.38109755516052246,9.250640869140625e-05,0.3963470458984375,0.39227867126464844,0.06981688499945449,0.022177144999659504
1784810127.0240965,38.163055658340454,-117.7,-0.1177,-117.7,0.05795941819744896,57.95941819744896,0.05795941819744896,57.95941819744896,-0.20500000000000002,0.47900602469209297,0.47900602469209297,-0.0469335146050461,0.02479381745935444,0.0278205207347755,-0.000469335146050461,0.3448843377783069,0.0002479381745935444,0.48,0.01,0.72,0.01,nan,0.12,0.12,0.11931916730700165,0.11931916730700165,0.12687499821186066,-0.4467381696304671,-0.24335832458671242,-0.2078246825797506,-0.2078246825797506,-0.09456522762775421,0.13642668690960308,0.13528152287629458,0.13642668690960308,0.10357331309039691,0.12626773619034143,0.10221164770440024,0.0,-0.022694423099944516,0.006980029468158184,-0.042807029410268406,0.0,-0.001361665385996671,nan,1.0,0.0,-0.7649949715791999,0.4,1.5839999914169312,1.0,0,1,1,0,0.7385058999061584,-6.776763916015625,-2.69579085221864,FOLLOW_MAIN,cascade_pd_tracking,follow_main,inner_wheel_pd,lidar_disabled,FOLLOW_MAIN,COMMITTED,UNKNOWN,1,1,1,1,1,1,1,0.018049001693725586,0.014521598815917969,0.011059045791625977,0.007611751556396484,0.003966808319091797,0.0001316070556640625,0.03384360800009745,0.03199945699998352
1784810127.074595,38.21355414390564,-117.7,-0.1177,-117.7,0.05795941819744896,57.95941819744896,0.05795941819744896,57.95941819744896,-0.20500000000000002,0.47900602469209297,0.47900602469209297,-0.0469335146050461,0.02479381745935444,0.0278205207347755,-0.000469335146050461,0.3448843377783069,0.0002479381745935444,0.48,0.01,0.72,0.01,nan,0.12,0.12,0.1192525908380865,0.1192525908380865,0.12687499821186066,-0.4464602797332776,-0.2762355931867899,-0.2355928236393761,-0.2355928236393761,-0.09456522762775421,0.1386459025401083,0.13528152287629458,0.1386459025401083,0.10135409745989167,0.12626773619034143,0.09985927913606468,0.0,-0.024913638730449758,0.0046858193666694395,-0.04093944857419018,0.0,-0.0014948183238269854,nan,1.0,0.0,-0.7649949715791999,0.4,1.5740000009536743,1.0,0,1,1,0,0.7385058999061584,-6.776763916015625,-2.7031666489625836,FOLLOW_MAIN,cascade_pd_tracking,follow_main,inner_wheel_pd,lidar_disabled,FOLLOW_MAIN,COMMITTED,UNKNOWN,1,1,1,1,1,1,1,0.04632878303527832,0.003656148910522461,0.011466503143310547,0.00013899803161621094,0.019102096557617188,0.007653713226318359,0.09362046000023838,0.09177630900012446
1784810127.52498,38.663939237594604,-117.7,-0.1177,-117.7,0.05795941819744896,57.95941819744896,0.05795941819744896,57.95941819744896,-0.20500000000000002,0.47900602469209297,0.47900602469209297,-0.0469335146050461,0.02479381745935444,0.0278205207347755,-0.000469335146050461,0.3448843377783069,0.0002479381745935444,0.48,0.01,0.72,0.01,nan,0.12,0.12,0.11923050823617236,0.11923050823617236,0.12687499821186066,-0.44639473064617485,-0.28714058178636725,-0.2448031770105792,-0.2448031770105792,-0.09456522762775421,0.1393819892705798,0.13528152287629458,0.1393819892705798,0.1006180107294202,0.12626773619034143,0.09907902720176492,0.0,-0.02564972546092123,0.004105629628016875,-0.040467150402155434,0.0,-0.0015389835276552737,nan,1.0,0.0,-0.7649949715791999,0.4,1.5740000009536743,1.0,0,1,1,0,0.7385058999061584,-6.776763916015625,-2.7031666489625836,FOLLOW_MAIN,cascade_pd_tracking,follow_main,inner_wheel_pd,lidar_disabled,FOLLOW_MAIN,COMMITTED,UNKNOWN,1,1,1,1,1,1,1,7.82012939453125e-05,0.4425332546234131,0.43892884254455566,0.4353058338165283,0.46944236755371094,0.4308741092681885,0.1134477119994699,0.11160356099935598
1784810127.575982,38.71494126319885,-117.60000000000001,-0.11760000000000001,-117.60000000000001,-0.07852985164438962,-78.52985164438962,-0.07852985164438962,-78.52985164438962,-0.20500000000000002,0.11503463844719,0.11503463844719,-0.23017394596645424,-0.5883721262912633,-0.037694328789307015,-0.0023017394596645427,0.0828249396819768,-0.005883721262912633,0.48,0.01,0.72,0.01,nan,0.1778393837224568,0.1778393837224568,0.18141865424140458,0.1807545456031132,0.11962500214576721,-0.05064144645833847,-0.07353117895614081,-0.06170992815678554,-0.07511094845021349,-0.0315217524766922,0.1828027383019963,0.12120779478781318,0.1864984349128473,0.1728760291429173,0.11516195535884119,0.17633887356996186,0.061594943514183126,0.057714073784076114,0.07449832487750134,0.1565292350079767,0.0036956966108509875,0.003462844427044567,nan,1.0,0.0,-0.7745115813940318,0.5927979457415227,1.5169999599456787,1.0,0,1,1,0,0.6742602586746216,-6.806389808654785,-2.711803124863697,FOLLOW_MAIN,cascade_pd_tracking,follow_main,inner_wheel_pd,lidar_disabled,FOLLOW_MAIN,COMMITTED,UNKNOWN,1,1,1,1,1,1,1,0.00733637809753418,0.003710508346557617,0.00015592575073242188,0.01888728141784668,0.015049457550048828,0.011242389678955078,0.0739451139997982,0.03236119800021697
1784810127.9798317,39.11879086494446,-117.60000000000001,-0.11760000000000001,-117.60000000000001,-0.09804259609236393,-98.04259609236394,-0.09804259609236393,-98.04259609236394,-0.20500000000000002,0.05510322194872468,0.05510322194872468,-0.23133565059332506,-0.6206131964289847,-0.04706044612433469,-0.0023133565059332505,0.03967431980308177,-0.006206131964289847,0.48,0.01,0.72,0.01,nan,0.17896940318534582,0.17896940318534582,0.18261647487206695,0.18261647487206695,0.11962500214576721,0.0,-0.06015396370672055,-0.050082452661989345,-0.050082452661989345,-0.0315217524766922,0.18302979573554945,0.12120779478781318,0.18673911579241362,0.1749090106351422,0.11516195535884119,0.17849383395172025,0.061822000947736266,0.059747055276301,0.06757342365095312,0.1517590057833816,0.003709320056864176,0.00358482331657806,nan,1.0,0.0,-0.7745115846941798,0.5965646772844861,1.5169999599456787,1.0,0,1,1,0,0.6742602586746216,-6.806389808654785,-2.7245060288700307,FOLLOW_MAIN,cascade_pd_tracking,follow_main,inner_wheel_pd,lidar_disabled,FOLLOW_MAIN,COMMITTED,UNKNOWN,1,1,1,1,1,1,1,0.3887825012207031,0.3851511478424072,0.40394163131713867,0.4001903533935547,7.176399230957031e-05,0.39269566535949707,0.008740827999645262,0.050197484999443986
1784810128.0305917,39.16955089569092,-117.60000000000001,-0.11760000000000001,-117.60000000000001,-0.11637018070014815,-116.37018070014815,-0.11637018070014815,-116.37018070014815,-0.20500000000000002,-0.0969983198378356,-0.0969983198378356,-0.11059268991765399,-0.5352013164461611,-0.05585768673607111,-0.00110592689917654,-0.06983879028324164,-0.005352013164461611,0.48,0.01,0.72,0.01,nan,0.17275985588872428,0.17275985588872428,0.17202511284125735,0.1728059040205528,0.18850001692771912,0.1390211373503047,0.09659471414997826,0.09730326371438136,0.08796071736288937,-0.1260870099067688,0.16623971268360074,0.20331170803811938,0.16401539296232961,0.1792799990938478,0.16669943865489312,0.18003483272018508,-0.03707199535451863,0.012580560438954697,-0.12837102059971742,-0.17837511745312454,-0.0022243197212711177,0.0007548336263372817,nan,1.0,0.0,-0.774511584994097,0.5758661862957476,1.5240000486373901,1.0,0,1,1,0,0.5959466099739075,-6.832390308380127,-2.8085743297421444,FOLLOW_MAIN,cascade_pd_tracking,follow_main,inner_wheel_pd,lidar_disabled,FOLLOW_MAIN,COMMITTED,UNKNOWN,1,1,1,1,1,1,1,0.0036568641662597656,0.00013208389282226562,0.015380144119262695,0.03367209434509277,0.011553049087524414,0.00770878791809082,0.11648932800017064,0.01994643800026097
1784810128.0831406,39.22209978103638,-117.60000000000001,-0.11760000000000001,-117.60000000000001,-0.11637018070014815,-116.37018070014815,-0.11637018070014815,-116.37018070014815,-0.20500000000000002,-0.0969983198378356,-0.0969983198378356,-0.11059268991765399,-0.5352013164461611,-0.05585768673607111,-0.00110592689917654,-0.06983879028324164,-0.005352013164461611,0.48,0.01,0.72,0.01,nan,0.17126103077851101,0.17126103077851101,0.17043635822443132,0.1708708416382218,0.18850001692771912,0.13909920636573264,0.13026700884956882,0.12657122226726528,0.11640697778314166,-0.1260870099067688,0.16246800768116512,0.20331170803811938,0.16001738565974788,0.1800540538758569,0.16669943865489312,0.18085533078911473,-0.040843700356954254,0.01335461522096379,-0.10583059750918287,-0.1141946349122168,-0.002450622021417255,0.0008012769132578273,nan,1.0,0.0,-0.774511584994097,0.5708701025950368,1.5870000123977661,1.0,0,1,1,0,0.5959466099739075,-6.832390308380127,-2.9219585770936627,FOLLOW_MAIN,cascade_pd_tracking,follow_main,inner_wheel_pd,lidar_disabled,FOLLOW_MAIN,COMMITTED,UNKNOWN,1,1,1,1,1,1,1,0.03433537483215332,0.00013256072998046875,0.027096271514892578,0.023592710494995117,0.008065223693847656,0.004172563552856445,0.17771168199942622,0.08116879199951654
1784810128.5303724,39.669331550598145,-117.60000000000001,-0.11760000000000001,-117.60000000000001,-0.11637018070014815,-116.37018070014815,-0.11637018070014815,-116.37018070014815,-0.20500000000000002,-0.0969983198378356,-0.0969983198378356,-0.11059268991765399,-0.5352013164461611,-0.05585768673607111,-0.00110592689917654,-0.06983879028324164,-0.005352013164461611,0.48,0.01,0.72,0.01,nan,0.17126103077851101,0.17126103077851101,0.17043635822443132,0.1839045297450498,0.18850001692771912,0.13909920636573264,0.13026700884956882,0.12657122226726528,0.1066834260466033,-0.1260870099067688,0.16246800768116512,0.20331170803811938,0.16001738565974788,0.1800540538758569,0.16669943865489312,0.18085533078911473,-0.040843700356954254,0.01335461522096379,-0.10583059750918287,-0.1141946349122168,-0.002450622021417255,0.0008012769132578273,nan,1.0,0.0,-0.774511584994097,0.5708701025950368,1.5870000123977661,1.0,0,1,1,0,0.5959466099739075,-6.832390308380127,-2.919437039201215,FOLLOW_MAIN,cascade_pd_tracking,follow_main,inner_wheel_pd,lidar_disabled,FOLLOW_MAIN,COMMITTED,UNKNOWN,1,1,1,1,1,1,1,0.4815480709075928,0.4473443031311035,0.43234944343566895,0.00010514259338378906,0.4362771511077881,0.4513826370239258,0.17771168199942622,0.08116879199951654
1784810128.5810957,39.72005486488342,82.9,0.0829,82.9,-0.05516768236128502,-55.16768236128502,-0.05516768236128502,-55.16768236128502,0.535,-0.036344752666681586,-0.036344752666681586,0.13136196975534947,0.25346299291239727,-0.026480487533416808,0.0013136196975534948,-0.02616822192001074,0.0025346299291239727,0.48,0.01,0.72,0.01,nan,0.21091645312777021,0.18923607764392433,0.19050912394606223,0.19050912394606223,0.1667499989271164,0.0435857695348662,0.0998572501768078,0.07951518098564855,0.07951518098564855,0.18913045525550842,0.1824957132569898,0.1580298179621089,0.18396366697468264,0.19597644203085887,0.17800746058780903,0.19705458091744185,0.024465895294880885,0.017968981443049842,0.22005280404921218,0.08516600916471236,0.001467953717692853,0.0010781388865829904,nan,1.0,0.0,-4.203,0.7030548437592341,1.5110000371932983,1.0,0,1,1,0,0.504176139831543,-6.854615211486816,-2.8886409757662954,FOLLOW_MAIN,cascade_pd_tracking,follow_main,inner_wheel_pd,lidar_disabled,FOLLOW_MAIN,COMMITTED,UNKNOWN,1,1,1,1,1,1,1,0.010750770568847656,0.007254123687744141,0.0037987232208251953,0.02242565155029297,0.000156402587890625,0.01466822624206543,0.002386817999649793,0.022080478000134462
1784810128.997138,40.13609719276428,82.9,0.0829,82.9,-0.05516768236128502,-55.16768236128502,-0.05516768236128502,-55.16768236128502,0.535,-0.036344752666681586,-0.036344752666681586,0.13136196975534947,0.25346299291239727,-0.026480487533416808,0.0013136196975534948,-0.02616822192001074,0.0025346299291239727,0.48,0.01,0.72,0.01,nan,0.2089971103518911,0.19249001156398368,0.19395829390132518,0.19395829390132518,0.1667499989271164,0.03896654719791857,0.08460443492652958,0.06625743397010649,0.06625743397010649,0.18913045525550842,0.18677921220644295,0.1580298179621089,0.188504175861103,0.19820081092152442,0.17800746058780903,0.19941241194154735,0.028749394244334037,0.020193350333715387,0.21885744143147104,0.08823549623791473,0.001724963654660042,0.0012116010200229233,nan,1.0,0.0,-4.203,0.6966570345063038,1.5110000371932983,1.0,0,1,1,0,0.504176139831543,-6.854615211486816,-2.878805749378766,FOLLOW_MAIN,cascade_pd_tracking,follow_main,inner_wheel_pd,lidar_disabled,FOLLOW_MAIN,COMMITTED,UNKNOWN,1,1,1,1,1,1,1,0.4081852436065674,0.40465760231018066,0.4197733402252197,0.4013490676879883,0.3977367877960205,7.62939453125e-05,0.02272390500002075,0.04241756500050542
1784810129.0477922,40.18675136566162,20.5,0.0205,20.5,0.026501588181049765,26.501588181049765,0.026501588181049765,26.501588181049765,0.145,0.20012626427301977,0.20012626427301977,0.16549641115955455,0.45142446360832494,0.012720762326903886,0.0016549641115955454,0.14409091027657422,0.004514244636083249,0.48,0.01,0.72,0.01,nan,0.12,0.12,0.12028502510559816,0.1184840759416733,0.09062500298023224,-0.21084656656642092,-0.054993541237263424,-0.04855723102330399,-0.046096405784287545,-0.03152172267436981,0.12371206403351527,0.1142112271802431,0.1242821142447116,0.11628793596648472,0.12248317995650779,0.11628793596648472,0.009500836853272174,0.0,0.19821053632570967,0.26246560326201995,0.0005700502111963304,0.0,nan,1.0,0.0,-1.573,0.4,2.1649999618530273,1.0,0,1,1,0,0.43337079882621765,-6.877448558807373,-2.8313337324206977,FOLLOW_MAIN,cascade_pd_tracking,follow_main,inner_wheel_pd,lidar_disabled,FOLLOW_MAIN,COMMITTED,HOLD,1,1,1,1,1,1,2,0.0035817623138427734,0.00012540817260742188,0.018658876419067383,0.015061616897583008,0.011264562606811523,0.007487297058105469,0.03572522200011008,0.00043277800068608485
1784810129.0996537,40.23861289024353,20.5,0.0205,20.5,0.026501588181049765,26.501588181049765,0.026501588181049765,26.501588181049765,0.145,0.20012626427301977,0.20012626427301977,0.16549641115955455,0.45142446360832494,0.012720762326903886,0.0016549641115955454,0.14409091027657422,0.004514244636083249,0.48,0.01,0.72,0.01,nan,0.12,0.12,0.1203305710542607,0.1203305710542607,0.09062500298023224,-0.20935499812242772,-0.07748536773729038,-0.0675538276852268,-0.0675538276852268,-0.03152172267436981,0.12523026232226708,0.1142112271802431,0.12589140443078853,0.1147697376777329,0.12248317995650779,0.1147697376777329,0.011019035142023986,0.0,0.15977163143036927,0.19983496247197713,0.0006611421085214391,0.0,nan,1.0,0.0,-1.573,0.4,2.1649999618530273,1.0,0,1,1,0,0.43337079882621765,-6.877448558807373,-2.7928453522877397,FOLLOW_MAIN,cascade_pd_tracking,follow_main,inner_wheel_pd,lidar_disabled,FOLLOW_MAIN,COMMITTED,HOLD,1,1,1,1,1,1,2,0.010826587677001953,0.007338285446166992,0.00386810302734375,0.022359848022460938,0.00013327598571777344,0.014819622039794922,0.07661945200015907,0.04132700800073508
1784810129.5218742,40.66083335876465,20.5,0.0205,20.5,0.026501588181049765,26.501588181049765,0.026501588181049765,26.501588181049765,0.145,0.20012626427301977,0.20012626427301977,0.16549641115955455,0.45142446360832494,0.012720762326903886,0.0016549641115955454,0.14409091027657422,0.004514244636083249,0.48,0.01,0.72,0.01,nan,0.12,0.12,0.1203305710542607,0.1203305710542607,0.09062500298023224,-0.20935499812242772,-0.07748536773729038,-0.0675538276852268,-0.0675538276852268,-0.03152172267436981,0.12523026232226708,0.1142112271802431,0.12589140443078853,0.1147697376777329,0.12248317995650779,0.1147697376777329,0.011019035142023986,0.0,0.15977163143036927,0.19983496247197713,0.0006611421085214391,0.0,nan,1.0,0.0,-1.573,0.4,2.1649999618530273,1.0,0,1,1,0,0.43337079882621765,-6.877448558807373,-2.7928453522877397,FOLLOW_MAIN,cascade_pd_tracking,follow_main,inner_wheel_pd,lidar_disabled,FOLLOW_MAIN,COMMITTED,HOLD,1,1,1,1,1,1,2,0.4330153465270996,0.42952632904052734,0.4260554313659668,0.4445466995239258,0.4223198890686035,0.00010085105895996094,0.07661945200015907,0.04132700800073508
1784810129.5750065,40.71396565437317,5.5,0.0055,5.5,0.007314844451884471,7.314844451884471,0.0,0.0,0.039,0.0521241548126548,0.0521241548126548,-0.014299536177928621,-0.14305276061949457,0.0,-0.00014299536177928623,0.03752939146511145,-0.0014305276061949456,0.48,0.01,0.72,0.01,nan,0.17791322479734906,0.17791322479734906,0.1804382116443099,0.1804382116443099,0.13774999976158142,-0.016756841833784997,-0.016756841833784997,-0.014199991512133333,-0.014199991512133333,0.0,0.17904431162112955,0.13633094889598954,0.18160711338463795,0.17678213797356856,0.13532927246668067,0.17926930990398185,0.04271336272514001,0.0414528655068879,0.08407919764825218,0.13220356281246431,0.0025628017635084006,0.0024871719304132736,nan,1.0,0.0,2.46,0.5930440826578303,2.124000072479248,1.0,0,1,1,0,0.37176668643951416,-6.899859428405762,-2.787202472081809,FOLLOW_MAIN,cascade_pd_tracking,follow_main,inner_wheel_pd,lidar_disabled,FOLLOW_MAIN,COMMITTED,HOLD,1,1,1,1,1,1,2,0.014316558837890625,0.010966777801513672,0.007510185241699219,0.004108905792236328,0.00015234947204589844,0.01797962188720703,0.03359490399998322,0.0367625010003394
1784810130.0158114,41.154770612716675,5.5,0.0055,5.5,0.007314844451884471,7.314844451884471,0.0,0.0,0.039,0.0521241548126548,0.0521241548126548,-0.014299536177928621,-0.14305276061949457,0.0,-0.00014299536177928623,0.03752939146511145,-0.0014305276061949456,0.48,0.01,0.72,0.01,nan,0.1732683105353291,0.1732683105353291,0.17551460252656875,0.17551460252656875,0.13774999976158142,-0.016499008115975648,-0.016499008115975648,-0.013975882444613421,-0.013975882444613421,0.0,0.17438199358315745,0.13633094889598954,0.17666505626438753,0.17215462748750074,0.13532927246668067,0.17436414878874995,0.03805104468716791,0.03682535502082007,0.04458250793085097,0.08698642251083934,0.0022830626812300747,0.0022095213012492043,nan,1.0,0.0,2.46,0.5775610351177637,2.124000072479248,1.0,0,1,1,0,0.37176668643951416,-6.899859428405762,-2.79647031792227,FOLLOW_MAIN,cascade_pd_tracking,follow_main,inner_wheel_pd,lidar_disabled,FOLLOW_MAIN,COMMITTED,HOLD,1,1,1,1,1,1,2,0.00012803077697753906,0.429410457611084,0.4260134696960449,0.4224259853363037,0.4186065196990967,0.41448092460632324,0.05334817500079225,0.056515772001148434
1784810130.0698256,41.20878481864929,7.300000000000001,0.007300000000000001,7.300000000000001,0.005677326472543778,5.677326472543778,0.0,0.0,0.052000000000000005,0.04017547767765638,0.04017547767765638,-0.0028901740588748765,-0.03510180345713527,0.0,-2.8901740588748764e-05,0.02892634392791259,-0.0003510180345713527,0.48,0.01,0.72,0.01,nan,0.1215331247446843,0.1215331247446843,0.119282834497002,0.11770551075902638,0.15587499737739563,0.0,0.0,0.0016753353531613025,0.0016753353531612184,-0.0315217524766922,0.1215331247446843,0.16133644058691773,0.1191449257941503,0.1215331247446843,0.1567394838251948,0.11942074319985369,-0.03980331584223343,-0.03520635908051048,-0.07916983607133181,-0.07791718107791373,-0.0023881989505340055,-0.0021123815448306285,nan,1.0,0.0,2.9839999999999995,0.40511041581561436,2.0490000247955322,1.0,0,1,1,0,0.3003349304199219,-6.92460823059082,-2.8122307015756647,FOLLOW_MAIN,cascade_pd_tracking,follow_main,inner_wheel_pd,lidar_disabled,FOLLOW_MAIN,COMMITTED,HOLD,1,1,1,1,1,1,2,0.018527507781982422,0.015048027038574219,0.01157379150390625,0.008153200149536133,0.004271984100341797,0.00017690658569335938,0.0341211459999613,0.04621640500045032
1784810130.514043,41.65300226211548,7.300000000000001,0.007300000000000001,7.300000000000001,0.005677326472543778,5.677326472543778,0.0,0.0,0.052000000000000005,0.04017547767765638,0.04017547767765638,-0.0028901740588748765,-0.03510180345713527,0.0,-2.8901740588748764e-05,0.02892634392791259,-0.0003510180345713527,0.48,0.01,0.72,0.01,nan,0.12,0.12,0.11743992992573543,0.11743992992573543,0.1667499989271164,0.0,0.0,0.0008867948261207718,0.0008867948261207718,0.0,0.12,0.16388447381422946,0.11736693157114622,0.12,0.1614511953279226,0.11751292828032464,-0.04388447381422947,-0.0414511953279226,-0.08494692238108914,-0.09746622229798951,-0.002633068428853768,-0.002487071719675356,nan,1.0,0.0,2.9839999999999995,0.4,2.0490000247955322,1.0,0,1,1,0,0.2875235080718994,-6.9288859367370605,-2.819323205131378,FOLLOW_MAIN,cascade_pd_tracking,follow_main,inner_wheel_pd,lidar_disabled,FOLLOW_MAIN,COMMITTED,HOLD,1,1,1,1,1,1,2,0.42490434646606445,0.4212977886199951,0.41784214973449707,0.4141824245452881,0.41023945808410645,0.00010132789611816406,0.07402502199875016,0.009781681999811553
1784810130.5657136,41.70467281341553,13.5,0.0135,13.5,0.010876507256488215,10.876507256488216,0.0,0.0,0.096,0.07796740901605774,0.07796740901605774,-0.0007479321016160878,0.06849895136221526,0.0,-7.479321016160878e-06,0.05613653449156157,0.0006849895136221526,0.48,0.01,0.72,0.01,nan,0.12,0.12,0.12,0.12,0.11599999666213989,-0.044772902870328,-0.044772902870328,-0.036713780353668964,-0.036713780353668964,0.06304347515106201,0.12302217094374714,0.11522713934846973,0.12302217094374714,0.11697782905625285,0.11814949771638378,0.11697782905625285,0.0,0.0,0.06923080343050861,0.0634283434840587,0.0,0.0,nan,1.0,0.0,2.537,0.4,1.9789999723434448,1.0,0,1,1,0,0.23806878924369812,-6.945037841796875,-2.8304182248876075,FOLLOW_MAIN,cascade_pd_tracking,follow_main,inner_wheel_pd,lidar_disabled,FOLLOW_MAIN,COMMITTED,HOLD,1,1,1,1,1,1,2,0.00733184814453125,0.0038385391235351562,0.022959470748901367,0.019606351852416992,0.00012922286987304688,0.011351823806762695,0.12824299500061898,0.042409084000610164
1784810131.0163696,42.15532875061035,15.200000000000001,0.015200000000000002,15.200000000000001,0.012945362123790015,12.945362123790014,0.012945362123790015,12.945362123790014,0.108,0.09218769368025426,0.09218769368025426,0.03173400043212261,0.07209110179681275,0.006213773819419207,0.0003173400043212261,0.06637513944978306,0.0007209110179681275,0.48,0.01,0.72,0.01,nan,0.12,0.12,0.12024438304111697,0.12024438304111697,0.11599999666213989,-0.06512577106484801,-0.05563102905730366,-0.04858624521537298,-0.04858624521537298,0.0,0.123755094461368,0.11560899309080216,0.12424386054360194,0.116244905538632,0.1170874711207982,0.116244905538632,0.00814610137056583,0.0,0.0974911026570352,0.04264346989128936,0.0004887660822339499,0.0,nan,1.0,0.0,2.352,0.4,1.965999960899353,1.0,0,1,1,0,0.2281458079814911,-6.948282718658447,-2.825564031747203,FOLLOW_MAIN,cascade_pd_tracking,follow_main,inner_wheel_pd,lidar_disabled,FOLLOW_MAIN,COMMITTED,HOLD,1,1,1,1,1,1,2,0.42010498046875,0.41637611389160156,0.4127225875854492,0.40923595428466797,0.0001385211944580078,0.4242429733276367,0.0013249280000309227,0.020199254000544897
1784810131.069765,42.2087242603302,21.0,0.021,21.0,0.017691260448213036,17.691260448213036,0.017691260448213036,17.691260448213036,0.149,0.126165135651072,0.126165135651072,0.018372064365463774,0.0874689888127193,0.008491805015142257,0.00018372064365463774,0.09083889766877185,0.0008746898881271931,0.48,0.01,0.72,0.01,nan,0.13519731636670163,0.13519731636670163,0.13624430891083872,0.13728023473565254,0.11962500214576721,-0.09500677421473962,-0.09500677421473962,-0.08264137740276963,-0.09123424541135018,0.0315217524766922,0.14161027362619655,0.11766308037226303,0.14304710522143255,0.1287843591072067,0.11783180088990419,0.12944151260024486,0.02394719325393352,0.01095255821730251,0.07257300892267068,0.04458551711432531,0.001436831595236011,0.0006571534930381506,nan,1.0,0.0,1.765,0.45065772122233877,1.9160000085830688,1.0,0,1,1,0,0.18449240922927856,-6.962347507476807,-2.835115090442345,FOLLOW_MAIN,cascade_pd_tracking,follow_main,inner_wheel_pd,lidar_disabled,FOLLOW_MAIN,COMMITTED,UNKNOWN,1,1,1,1,1,1,1,0.010499000549316406,0.007012128829956055,0.022157907485961914,0.0036301612854003906,7.557868957519531e-05,0.014411449432373047,0.06589645399981237,0.06737449300089793
1784810131.5231636,42.66212272644043,23.1,0.023100000000000002,23.1,0.01924997528887456,19.24997528887456,0.01924997528887456,19.24997528887456,0.163,0.13692241690215867,0.13692241690215867,0.018826670897726806,0.09945063220685967,0.009239988138659788,0.00018826670897726806,0.09858414016955425,0.0009945063220685967,0.48,0.01,0.72,0.01,nan,0.13739465215796764,0.13739465215796764,0.13840684717566082,0.13975559399884824,0.12325000017881393,-0.10509097617960952,-0.10509097617960952,-0.09137553041641606,-0.09148511502947468,0.0,0.14448829305009128,0.12048295390222331,0.14592861339896335,0.130301011265844,0.12056651649060628,0.13088508095235826,0.02400533914786797,0.009734494775237731,0.05692673178997157,0.028368495276765826,0.001440320348872078,0.0005840696865142638,nan,1.0,0.0,1.642,0.45798217385989215,1.9160000085830688,1.0,0,1,1,0,0.17509949207305908,-6.965346336364746,-2.8325620688003252,FOLLOW_MAIN,cascade_pd_tracking,follow_main,inner_wheel_pd,lidar_disabled,FOLLOW_MAIN,COMMITTED,HOLD,1,1,1,1,1,1,2,9.989738464355469e-05,0.4245486259460449,0.43919897079467773,0.4210813045501709,0.417116641998291,0.4132115840911865,0.02895191500101646,0.0225447200009512
1784810131.5739605,42.71291971206665,39.300000000000004,0.0393,39.300000000000004,0.031073489815765607,31.07348981576561,0.031073489815765607,31.07348981576561,0.274,0.21795244110856715,0.21795244110856715,0.027273016801589244,0.17904486882027845,0.01491527511156749,0.00027273016801589243,0.15692575759816835,0.0017904486882027845,0.48,0.01,0.72,0.01,nan,0.15415835726229027,0.15415835726229027,0.15470585802909506,0.15328949543225961,0.14499999582767487,-0.18287573783119931,-0.18287573783119931,-0.1566092254479529,-0.15589610894074415,0.0,0.16650246956589623,0.1482524440057366,0.16759747109950582,0.1418142449586843,0.14600271786771526,0.1418142449586843,0.018250025560159644,0.0,0.007034525872967962,0.002573361198612767,0.0010950015336095786,0.0,nan,1.0,0.0,0.971,0.5138611908743009,1.8509999513626099,1.0,0,1,1,0,0.11115243285894394,-6.985267162322998,-2.8396545802572093,FOLLOW_MAIN,cascade_pd_tracking,follow_main,inner_wheel_pd,lidar_disabled,FOLLOW_MAIN,COMMITTED,HOLD,1,1,1,1,1,1,2,0.007298469543457031,0.0038115978240966797,0.00014162063598632812,0.01917409896850586,0.015256643295288086,0.011295080184936523,0.09395249699991837,0.0464261830002215
1784810131.9982152,43.13717436790466,109.30000000000001,0.10930000000000001,109.30000000000001,0.06627890489586685,66.27890489586686,0.06627890489586685,66.27890489586686,0.663,0.3794383100813451,0.3794383100813451,0.0827860872940971,0.345848465874219,0.03181387435001609,0.0008278608729409711,0.27319558325856846,0.0034584846587421905,0.48,0.01,0.72,0.01,nan,0.1645595748445697,0.1645595748445697,0.16469650615190007,0.1572083942711734,0.1703750044107437,-0.34105668232729813,-0.28037749336372353,-0.24101481829986446,-0.15733611533206682,-0.09456522762775421,0.18348505564662104,0.16596697333829435,0.18453614058512063,0.14563409404251837,0.15858779943983226,0.14485687171867953,0.017518082308326688,-0.012953705397313886,-0.032798895802879736,-0.06344627792850993,0.0010510849384996013,-0.0007772223238388332,nan,1.0,0.0,0.307,0.5485319161485657,1.7979999780654907,1.0,0,1,1,0,0.047777194529771805,-7.004220962524414,-2.846777559995107,FOLLOW_MAIN,cascade_pd_tracking,follow_main,inner_wheel_pd,lidar_disabled,FOLLOW_MAIN,COMMITTED,HOLD,1,1,1,1,1,1,2,0.38603687286376953,7.724761962890625e-05,0.40165209770202637,0.3981926441192627,0.39420270919799805,0.3901822566986084,0.007466974999260856,0.0479978339990339
1784810132.050288,43.189247131347656,109.30000000000001,0.10930000000000001,109.30000000000001,0.06627890489586685,66.27890489586686,0.06627890489586685,66.27890489586686,0.663,0.3794383100813451,0.3794383100813451,0.0827860872940971,0.345848465874219,0.03181387435001609,0.0008278608729409711,0.27319558325856846,0.0034584846587421905,0.48,0.01,0.72,0.01,nan,0.16060289254813687,0.16060289254813687,0.1602769957580939,0.1602769957580939,0.17037498950958252,-0.34172864139815623,-0.30242851466437265,-0.2621489155780659,-0.2621489155780659,0.03152172267436981,0.18101681728798202,0.16702498503165736,0.1818563272233615,0.1401889678082917,0.16504402639938237,0.13869766429282626,0.013991832256324666,-0.024855058591090662,-0.045891167720144795,-0.12052874303981773,0.0008395099353794799,-0.0014913035154654397,nan,1.0,0.0,0.307,0.5353429751604563,1.7829999923706055,1.0,0,1,1,0,0.03533251956105232,-7.007797718048096,-2.8546263042785873,FOLLOW_MAIN,cascade_pd_tracking,follow_main,inner_wheel_pd,lidar_disabled,FOLLOW_MAIN,COMMITTED,HOLD,1,1,1,1,1,1,2,0.0001506805419921875,0.01593184471130371,0.012327909469604492,0.03114151954650879,0.008404016494750977,0.004282712936401367,0.047559741000441136,0.013260725001600804
1784810132.1006775,43.23963665962219,131.3,0.1313,131.3,0.0820077822928901,82.0077822928901,0.0820077822928901,82.0077822928901,0.753,0.4233113282617088,0.4233113282617088,0.1169425500606066,0.4219943448034337,0.03936373550058725,0.001169425500606066,0.3047841563484303,0.0042199434480343365,0.48,0.01,0.72,0.01,nan,0.15226414313290174,0.15226414313290174,0.15120197991837273,0.15120197991837273,0.17037498950958252,-0.38,-0.3351934402639948,-0.2877619371040873,-0.2877619371040873,0.03152172267436981,0.17488970035072138,0.16702498503165736,0.17488970035072138,0.1296385859150821,0.16504402639938237,0.12751425948602407,0.0,-0.03540544048430028,-0.11234748577890602,-0.13778269426136647,0.0,-0.0021243264290580167,nan,1.0,0.0,0.22999999999999998,0.5075471437763391,1.7680000066757202,1.0,0,1,1,0,0.03533251956105232,-7.007797718048096,-2.859323124297982,FOLLOW_MAIN,cascade_pd_tracking,follow_main,inner_wheel_pd,lidar_disabled,FOLLOW_MAIN,COMMITTED,HOLD,1,1,1,1,1,1,2,0.00012230873107910156,0.0142822265625,0.010822296142578125,0.007319927215576172,0.0248260498046875,0.003762483596801758,0.05252165499950934,0.07283331700091367
1784810132.524596,43.66355514526367,192.0,0.192,192.0,0.1001445891561005,100.1445891561005,0.1001445891561005,100.1445891561005,0.328,0.47167614656360324,0.47167614656360324,0.14976319424369072,0.4889777734225053,0.04806940279492824,0.0014976319424369073,0.3396068255257943,0.004889777734225053,0.48,0.01,0.72,0.01,nan,0.15094519041155854,0.15094519041155854,0.149821167431489,0.149821167431489,0.17037498950958252,-0.38,-0.346201432313503,-0.29753997218088035,-0.29753997218088035,0.03152172267436981,0.17431378709272,0.16702498503165736,0.17431378709272,0.1275765937303971,0.16504402639938237,0.12532854777025798,0.0,-0.03746743266898528,-0.09831399754985977,-0.13344102959813317,0.0,-0.002248045960139117,nan,1.0,0.0,-1.7290202558152865,0.5031506347051952,1.7680000066757202,1.0,0,1,1,0,0.03533251956105232,-7.007797718048096,-2.859323124297982,FOLLOW_MAIN,cascade_pd_tracking,follow_main,inner_wheel_pd,lidar_disabled,FOLLOW_MAIN,COMMITTED,HOLD,1,1,1,1,1,1,2,9.965896606445312e-05,0.4131317138671875,0.4204530715942383,0.40972280502319336,0.4487190246582031,0.4276552200317383,0.010627534999002819,0.09284784800001944
1784810132.5756094,43.71456861495972,108.10000000000001,0.1081,108.10000000000001,0.11054672054080511,110.54672054080511,0.11054672054080511,110.54672054080511,0.657,0.6572576182574179,0.6572576182574179,0.03640564933146992,0.3586168328626064,0.053062425859586454,0.0003640564933146992,0.47322548514534085,0.0035861683286260645,0.48,0.01,0.72,0.01,nan,0.12,0.12,0.11914753321890928,0.11914753321890928,0.11962499469518661,-0.45,-0.45,-0.3793558927480652,-0.3793558927480652,-0.22065216302871704,0.150375,0.14499590168670015,0.150375,0.089625,0.118040559369691,0.08792006643781854,0.0,-0.028415559369691007,0.040616731824282375,0.11203242539128182,0.0,-0.0017049335621814603,nan,1.0,0.0,0.05499999999999999,0.4,1.6929999589920044,1.0,0,1,1,0,-0.0356004498898983,-7.027048110961914,-2.8728777055480577,FOLLOW_MAIN,cascade_pd_tracking,follow_main,inner_wheel_pd,lidar_disabled,FOLLOW_MAIN,COMMITTED,HOLD,1,1,1,1,1,1,2,0.007203578948974609,0.0037200450897216797,0.00014281272888183594,0.018994569778442383,0.01532435417175293,0.011266231536865234,0.036671371999545954,0.05549245700058236
1784810133.0098655,44.14882469177246,108.10000000000001,0.1081,108.10000000000001,0.11054672054080511,110.54672054080511,0.11054672054080511,110.54672054080511,0.657,0.6572576182574179,0.6572576182574179,0.03640564933146992,0.3586168328626064,0.053062425859586454,0.0003640564933146992,0.47322548514534085,0.0035861683286260645,0.48,0.01,0.72,0.01,nan,0.12,0.12,0.11988125575683174,0.11988125575683174,0.10875000059604645,-0.45,-0.45,-0.3802339834342034,-0.3802339834342034,-0.25217393040657043,0.150375,0.13694159344693613,0.15118100439318385,0.089625,0.1070165479920062,0.08858150712047963,0.013433406553063881,-0.017391547992006207,0.10558361211055066,0.1468921255587202,0.0008060043931838329,-0.0010434928795203724,nan,1.0,0.0,0.05499999999999999,0.4,1.6929999589920044,1.0,0,1,1,0,-0.04368400201201439,-7.028770446777344,-2.9508310760163052,FOLLOW_MAIN,cascade_pd_tracking,follow_main,inner_wheel_pd,lidar_disabled,FOLLOW_MAIN,COMMITTED,HOLD,1,1,1,1,1,1,2,0.3958475589752197,0.3921687602996826,0.4116804599761963,0.40804004669189453,8.58306884765625e-05,0.4000365734100342,0.07675408199975209,0.030421232999287895
1784810133.061105,44.200064182281494,111.10000000000001,0.1111,111.10000000000001,0.10956042386842832,109.56042386842832,0.10956042386842832,109.56042386842832,0.671,0.6638326518957065,0.6638326518957065,0.008469507494969563,0.09241624455791965,0.05258900345684559,8.469507494969563e-05,0.47795950936490866,0.0009241624455791966,0.48,0.01,0.72,0.01,nan,0.12,0.12,0.1204754466797695,0.1204754466797695,0.11599999666213989,-0.45,-0.45,-0.37477579670238503,-0.37477579670238503,-0.31521734595298767,0.150375,0.13452677734101678,0.151325893359539,0.089625,0.0931587015475811,0.089625,0.015848222658983224,0.0,-0.0025137872392636635,0.016508176644143602,0.0009508933595389934,0.0,nan,1.0,0.0,0.017,0.4,1.649999976158142,1.0,0,1,1,0,-0.08050386607646942,-7.034495830535889,-2.996884942338905,FOLLOW_MAIN,cascade_pd_tracking,follow_main,inner_wheel_pd,lidar_disabled,FOLLOW_MAIN,COMMITTED,HOLD,1,1,1,1,1,1,2,0.00013589859008789062,0.018610239028930664,0.015236139297485352,0.011873483657836914,0.00823664665222168,0.004342317581176758,0.05083391199877951,0.12859869899875775
1784810133.1130054,44.2519645690918,111.10000000000001,0.1111,111.10000000000001,0.10956042386842832,109.56042386842832,0.10956042386842832,109.56042386842832,0.671,0.6638326518957065,0.6638326518957065,0.008469507494969563,0.09241624455791965,0.05258900345684559,8.469507494969563e-05,0.47795950936490866,0.0009241624455791966,0.48,0.01,0.72,0.01,nan,0.12,0.12,0.12,0.12,0.12324999272823334,-0.45,-0.45,-0.36900000000000005,-0.36900000000000005,-0.37826088070869446,0.150375,0.1441559897159748,0.150375,0.089625,0.09623790005507007,0.089625,0.0,0.0,-0.07654278447550533,0.010919954886245876,0.0,0.0,nan,1.0,0.0,0.017,0.4,1.649999976158142,1.0,0,1,1,0,-0.09781090915203094,-7.036067485809326,-3.05103933880486,FOLLOW_MAIN,cascade_pd_tracking,follow_main,inner_wheel_pd,lidar_disabled,FOLLOW_MAIN,COMMITTED,HOLD,1,1,1,1,1,1,2,0.01058340072631836,0.006985664367675781,0.003487110137939453,0.00010848045349121094,0.018216609954833984,0.014503002166748047,0.11282350799956475,0.055547419000504306
1784810133.5271144,44.66607356071472,111.10000000000001,0.1111,111.10000000000001,0.10956042386842832,109.56042386842832,0.10956042386842832,109.56042386842832,0.671,0.6638326518957065,0.6638326518957065,0.008469507494969563,0.09241624455791965,0.05258900345684559,8.469507494969563e-05,0.47795950936490866,0.0009241624455791966,0.48,0.01,0.72,0.01,nan,0.12,0.12,0.12,0.12,0.12324999272823334,-0.45,-0.45,-0.36900000000000005,-0.36900000000000005,-0.37826088070869446,0.150375,0.1441559897159748,0.150375,0.089625,0.09623790005507007,0.089625,0.0,0.0,-0.07654278447550533,0.010919954886245876,0.0,0.0,nan,1.0,0.0,0.017,0.4,1.649999976158142,1.0,0,1,1,0,-0.09781090915203094,-7.036067485809326,-3.104374534195704,FOLLOW_MAIN,cascade_pd_tracking,follow_main,inner_wheel_pd,lidar_disabled,FOLLOW_MAIN,COMMITTED,HOLD,1,1,1,1,1,1,2,0.00010418891906738281,0.421065092086792,0.41756629943847656,0.4141871929168701,0.41025424003601074,0.40595054626464844,0.11282350799956475,0.055547419000504306
1784810133.577965,44.71692419052124,110.60000000000001,0.1106,110.60000000000001,0.11076771248966913,110.76771248966912,0.11076771248966913,110.76771248966912,0.669,0.6694591939682205,0.6694591939682205,0.0033045160877573946,0.028749109509896835,0.05316850199504118,3.3045160877573944e-05,0.4820106196571188,0.0002874910950989684,0.48,0.01,0.72,0.01,nan,0.12,0.12,0.12,0.12,0.11962500214576721,-0.45,-0.45,-0.36900000000000005,-0.36900000000000005,-0.4097825586795807,0.150375,0.14356864453151774,0.150375,0.089625,0.09476928937879048,0.089625,0.0,0.0,-0.046776371554154164,0.0005127988269161746,0.0,0.0,nan,1.0,0.0,0.004999999999999999,0.4,1.590999960899353,1.0,0,1,1,0,-0.15642713010311127,-7.0330915451049805,3.067224202954913,FOLLOW_MAIN,cascade_pd_tracking,follow_main,inner_wheel_pd,lidar_disabled,FOLLOW_MAIN,COMMITTED,HOLD,1,1,1,1,1,1,2,0.011262178421020508,0.007544755935668945,0.0038938522338867188,0.00016045570373535156,0.019145488739013672,0.015297889709472656,0.15482420299849764,0.014517373998387484
1784810134.008991,45.147950172424316,110.60000000000001,0.1106,110.60000000000001,0.11076771248966913,110.76771248966912,0.11076771248966913,110.76771248966912,0.669,0.6694591939682205,0.6694591939682205,0.0033045160877573946,0.028749109509896835,0.05316850199504118,3.3045160877573944e-05,0.4820106196571188,0.0002874910950989684,0.48,0.01,0.72,0.01,nan,0.12,0.12,0.12,0.12,0.11962500214576721,-0.45,-0.45,-0.36900000000000005,-0.36900000000000005,-0.4097825586795807,0.150375,0.14356864453151774,0.150375,0.089625,0.09476928937879048,0.089625,0.0,0.0,-0.03595297594191649,0.0003941443783388728,0.0,0.0,nan,1.0,0.0,0.004999999999999999,0.4,1.590999960899353,1.0,0,1,1,0,-0.15642713010311127,-7.0330915451049805,2.985866234729227,FOLLOW_MAIN,cascade_pd_tracking,follow_main,inner_wheel_pd,lidar_disabled,FOLLOW_MAIN,COMMITTED,HOLD,1,1,1,1,1,1,2,6.699562072753906e-05,0.39267683029174805,0.41197919845581055,0.40856361389160156,0.38883209228515625,0.3848147392272949,0.19429915299951972,0.053992323999409564
1784810134.0593789,45.1983380317688,111.0,0.111,111.0,0.1106536467599851,110.6536467599851,0.1106536467599851,110.6536467599851,0.67,0.6687689407355658,0.6687689407355658,0.0006135249694565466,0.004544353993494843,0.05311375044479284,6.135249694565466e-06,0.4815136373296074,4.544353993494843e-05,0.48,0.01,0.72,0.01,nan,0.12,0.12,0.12,0.12,0.11599999666213989,-0.45,-0.45,-0.36900000000000005,-0.36900000000000005,-0.5043478608131409,0.150375,0.14949879678960248,0.150375,0.089625,0.09012949280490204,0.089625,0.0,0.0,-0.0019164532537949213,0.03204852634950732,0.0,0.0,nan,1.0,0.0,0.002,0.4,1.5299999713897705,1.0,0,1,1,0,-0.2121822088956833,-7.020656585693359,2.8822857690232695,FOLLOW_MAIN,cascade_pd_tracking,follow_main,inner_wheel_pd,lidar_disabled,FOLLOW_MAIN,COMMITTED,HOLD,1,1,1,1,1,1,2,0.014382123947143555,0.010907411575317383,0.0075566768646240234,0.0040247440338134766,0.00021457672119140625,0.018225908279418945,0.017312749001575867,0.02637631800098461
1784810134.1123018,45.25126099586487,111.0,0.111,111.0,0.1106536467599851,110.6536467599851,0.1106536467599851,110.6536467599851,0.67,0.6687689407355658,0.6687689407355658,0.0006135249694565466,0.004544353993494843,0.05311375044479284,6.135249694565466e-06,0.4815136373296074,4.544353993494843e-05,0.48,0.01,0.72,0.01,nan,0.12,0.12,0.12,0.12,0.11237499862909317,-0.45,-0.45,-0.36900000000000005,-0.36900000000000005,-0.4728260934352875,0.150375,0.14700238207533536,0.150375,0.089625,0.08549416307199179,0.089625,0.0,0.0,-0.0012781708435765714,0.021374636651544036,0.0,0.0,nan,1.0,0.0,0.002,0.4,1.2640000581741333,1.0,0,1,1,0,-0.2204573154449463,-7.01776647567749,2.8055941337900197,FOLLOW_MAIN,cascade_pd_tracking,follow_main,inner_wheel_pd,lidar_disabled,FOLLOW_MAIN,COMMITTED,HOLD,1,1,1,1,1,1,2,0.0453190803527832,0.0036516189575195312,0.00016188621520996094,0.01609945297241211,0.012060165405273438,0.007837772369384766,0.07806967699980305,0.008814531998723396
1784810134.5563815,45.695340633392334,112.0,0.112,112.0,0.11202634060895965,112.02634060895964,0.11202634060895965,112.02634060895964,0.675,0.6751156461214337,0.6751156461214337,0.0025757440957352375,0.012766962668542223,0.05377264349230063,2.5757440957352376e-05,0.4860832652074323,0.00012766962668542224,0.48,0.01,0.72,0.01,nan,0.12,0.12,0.12032004201062904,0.12,0.11599999666213989,-0.45,-0.45,-0.37288791775875285,-0.36900000000000005,-0.31521734595298767,0.150375,0.13970693297903197,0.1510150840212581,0.089625,0.09553147493696781,0.089625,0.010668067020968036,0.0,0.041328046176158956,0.0011432258232109732,0.0006400840212580822,0.0,nan,1.0,0.0,0.0,0.4,1.4479999542236328,1.0,0,1,1,0,-0.26179325580596924,-6.999380588531494,2.7687136339958918,FOLLOW_MAIN,cascade_pd_tracking,follow_main,inner_wheel_pd,lidar_disabled,FOLLOW_MAIN,COMMITTED,HOLD,1,1,1,1,1,1,2,0.42838454246520996,8.296966552734375e-05,0.44417715072631836,0.4403684139251709,0.4364035129547119,0.43250536918640137,0.0695907379995333,0.04510371800097346
1784810134.60981,45.74876928329468,135.0,0.135,135.0,0.11212366478237104,112.12366478237104,0.11212366478237104,112.12366478237104,0.767,0.6756112657923251,0.6756112657923251,0.002130492695261038,0.010597584093250628,0.053819359095538095,2.130492695261038e-05,0.48644011137047405,0.00010597584093250627,0.48,0.01,0.72,0.01,nan,0.12,0.12,0.11968290872792048,0.11968290872792048,0.13050000369548798,-0.45,-0.45,-0.37285207174970675,-0.37285207174970675,-0.37826085090637207,0.150375,0.14777508626204858,0.150375,0.089625,0.10019470906931725,0.08899081745584096,0.0,-0.010569709069317257,-0.03080246167986847,-0.0569765007837907,0.0,-0.0006341825441590354,nan,1.0,0.0,0.0,0.4,1.5180000066757202,1.0,0,1,1,0,-0.2729225158691406,-6.993349075317383,2.6987349270386827,FOLLOW_MAIN,cascade_pd_tracking,follow_main,inner_wheel_pd,lidar_disabled,FOLLOW_MAIN,COMMITTED,HOLD,1,1,1,1,1,1,2,0.010571002960205078,0.007118701934814453,0.0037240982055664062,0.0002491474151611328,0.018015384674072266,0.014382600784301758,0.0322156799993536,0.02457031599988113
1784810135.0606372,46.1995964050293,135.0,0.135,135.0,0.11212366478237104,112.12366478237104,0.11212366478237104,112.12366478237104,0.767,0.6756112657923251,0.6756112657923251,0.002130492695261038,0.010597584093250628,0.053819359095538095,2.130492695261038e-05,0.48644011137047405,0.00010597584093250627,0.48,0.01,0.72,0.01,nan,0.12,0.12,0.11968290872792048,0.11968290872792048,0.13050000369548798,-0.45,-0.45,-0.37285207174970675,-0.37285207174970675,-0.37826085090637207,0.150375,0.14777508626204858,0.150375,0.089625,0.10019470906931725,0.08899081745584096,0.0,-0.010569709069317257,-0.026801566164660447,-0.04957589011743281,0.0,-0.0006341825441590354,nan,1.0,0.0,0.0,0.4,1.5180000066757202,1.0,0,1,1,0,-0.2729225158691406,-6.993349075317383,2.568928408131091,FOLLOW_MAIN,cascade_pd_tracking,follow_main,inner_wheel_pd,lidar_disabled,FOLLOW_MAIN,COMMITTED,HOLD,1,1,1,1,1,1,2,0.4403696060180664,0.43688511848449707,0.4334731101989746,0.4300236701965332,0.00010633468627929688,0.4438140392303467,0.05308582299949194,0.04544045900001947
1784810135.113125,46.252084255218506,190.9,0.19090000000000001,190.9,0.17446408874695546,174.46408874695547,0.17446408874695546,174.46408874695547,0.9380000000000001,0.8924847300036192,0.8924847300036192,0.10041126438410787,0.33172848775403135,0.08374276259853862,0.0010041126438410787,0.6425890056026058,0.0033172848775403136,0.48,0.01,0.72,0.01,nan,0.12,0.12,0.11972225451242799,0.11972225451242799,0.11962499469518661,-0.45,-0.45,-0.3723740933305044,-0.3723740933305044,-0.40978264808654785,0.150375,0.14972081755005934,0.150375,0.089625,0.09888318291906688,0.08906950902485598,0.0,-0.009258182919066882,0.010607278672098413,0.013950654155495148,0.0,-0.0005554909751440129,nan,1.0,0.0,0.0,0.4,1.1549999713897705,1.0,0,1,1,0,-0.31623682379722595,-6.963672161102295,2.505884817294534,FOLLOW_MAIN,cascade_pd_tracking,follow_main,inner_wheel_pd,lidar_disabled,FOLLOW_MAIN,COMMITTED,HOLD,1,1,1,1,1,1,2,0.003374814987182617,5.507469177246094e-05,0.017580509185791016,0.014174461364746094,0.010588407516479492,0.007001161575317383,0.019321473999298178,0.12459793400012131
1784810135.5690207,46.707979917526245,121.2,0.1212,121.2,0.14255319081167764,142.55319081167764,0.14255319081167764,142.55319081167764,0.714,0.7917208151780217,0.7917208151780217,-0.050860403406606705,-0.16046569119795137,0.06842553158960527,-0.0005086040340660671,0.5700389869281757,-0.0016046569119795137,0.48,0.01,0.72,0.01,nan,0.12,0.12,0.11968437256575049,0.11971542653226219,0.12324999272823334,-0.45,-0.45,-0.3728342888308831,-0.3724570406451113,-0.37826085090637207,0.150375,0.15004944660178862,0.150375,0.089625,0.10014591447498408,0.08899374513150095,0.0,-0.010520914474984086,0.0005016149724699307,-0.022850871004699142,0.0,-0.0006312548684990452,nan,1.0,0.0,0.0,0.4,1.2610000371932983,1.0,0,1,1,0,-0.36472955346107483,-6.915239334106445,2.479406986304079,FOLLOW_MAIN,cascade_pd_tracking,follow_main,inner_wheel_pd,lidar_disabled,FOLLOW_MAIN,COMMITTED,HOLD,1,1,1,1,1,1,2,0.4380679130554199,9.846687316894531e-05,0.4527099132537842,0.44934749603271484,0.44568753242492676,0.4420433044433594,0.06635988000016368,0.03381919999992533
1784810135.6221068,46.76106595993042,114.30000000000001,0.11430000000000001,114.30000000000001,0.13191030252520058,131.9103025252006,0.13191030252520058,131.9103025252006,0.685,0.7529830939274229,0.7529830939274229,-0.06959517169311119,-0.23460240573001667,0.06331694521209628,-0.0006959517169311119,0.5421478276277445,-0.0023460240573001667,0.48,0.01,0.72,0.01,nan,0.12,0.12,0.11968437256575049,0.11968437256575049,0.12324999272823334,-0.45,-0.45,-0.3728342888308831,-0.3728342888308831,-0.37826085090637207,0.150375,0.15004944660178862,0.150375,0.089625,0.10014591447498408,0.08899374513150095,0.0,-0.010520914474984086,0.00038251447344905484,-0.017425295036899508,0.0,-0.0006312548684990452,nan,1.0,0.0,0.0,0.4,1.4630000591278076,1.0,0,1,1,0,-0.36472955346107483,-6.915239334106445,2.2957617009607763,FOLLOW_MAIN,cascade_pd_tracking,follow_main,inner_wheel_pd,lidar_disabled,FOLLOW_MAIN,COMMITTED,HOLD,1,1,1,1,1,1,2,0.017657041549682617,0.014352560043334961,0.01108098030090332,0.007638454437255859,0.00406336784362793,0.0001862049102783203,0.02422042599937413,0.07447915199918498
1784810136.0529037,47.19186282157898,114.30000000000001,0.11430000000000001,114.30000000000001,0.13191030252520058,131.9103025252006,0.13191030252520058,131.9103025252006,0.685,0.7529830939274229,0.7529830939274229,-0.06959517169311119,-0.23460240573001667,0.06331694521209628,-0.0006959517169311119,0.5421478276277445,-0.0023460240573001667,0.48,0.01,0.72,0.01,nan,0.12,0.12,0.11968437256575049,0.1203325608595609,0.12324999272823334,-0.45,-0.45,-0.3728342888308831,-0.3730399985902214,-0.37826085090637207,0.150375,0.15004944660178862,0.150375,0.089625,0.10014591447498408,0.08899374513150095,0.0,-0.010520914474984086,0.00033896899791974286,-0.015441598180206819,0.0,-0.0006312548684990452,nan,1.0,0.0,0.0,0.4,1.4630000591278076,1.0,0,1,1,0,-0.36472955346107483,-6.915239334106445,2.2957617009607763,FOLLOW_MAIN,cascade_pd_tracking,follow_main,inner_wheel_pd,lidar_disabled,FOLLOW_MAIN,COMMITTED,HOLD,1,1,1,1,1,1,2,0.4268052577972412,0.423276424407959,0.4197111129760742,6.651878356933594e-05,0.43482089042663574,0.43091511726379395,0.04234910199920705,0.0926078279990179
1784810136.1034112,47.24237036705017,90.9,0.09090000000000001,90.9,0.10031478233931607,100.31478233931607,0.10031478233931607,100.31478233931607,0.5760000000000001,0.6208132177493162,0.6208132177493162,-0.06885192546823911,-0.28150092187840103,0.04815109552287171,-0.0006885192546823911,0.44698551677950765,-0.0028150092187840103,0.48,0.01,0.72,0.01,nan,0.12,0.12,0.1203325608595609,0.1203325608595609,0.10875000059604645,-0.45,-0.45,-0.3730399985902214,-0.3730399985902214,-0.44130435585975647,0.150375,0.13928963801463662,0.15104012171912182,0.089625,0.08361105946574206,0.089625,0.01108536198536339,0.0,0.010713788153141465,0.003137339934350539,0.0006651217191218034,0.0,nan,1.0,0.0,0.766,0.4,1.5440000295639038,1.0,0,1,1,0,-0.396123468875885,-6.8696608543396,2.1521803013393463,FOLLOW_MAIN,cascade_pd_tracking,follow_main,inner_wheel_pd,lidar_disabled,FOLLOW_MAIN,COMMITTED,HOLD,1,1,1,1,1,1,2,0.00011849403381347656,0.03613471984863281,0.014567375183105469,0.011111974716186523,0.007279396057128906,0.0037004947662353516,0.04868296399945393,0.04583803399873432
1784810136.5675483,47.706507444381714,88.4,0.0884,88.4,0.096449451264883,96.449451264883,0.096449451264883,96.449451264883,0.5630000000000001,0.6024147124128295,0.6024147124128295,-0.06734384947104984,-0.28313221844840114,0.04629573660714384,-0.0006734384947104983,0.4337385929372372,-0.0028313221844840117,0.48,0.01,0.72,0.01,nan,0.12,0.12,0.12081154495750451,0.12081154495750451,0.1014999970793724,-0.45,-0.45,-0.3716890645790966,-0.3716890645790966,-0.37826085090637207,0.150375,0.13315998527961959,0.15140790088322284,0.089625,0.07978851613689658,0.0902151890317862,0.017215014720380423,0.009836483863103415,0.046718327324404764,0.06408316246298584,0.0010329008832228254,0.0005901890317862049,nan,1.0,0.0,0.817,0.4,1.534999966621399,1.0,0,1,1,0,-0.3995975852012634,-6.863116264343262,2.0588128531189858,FOLLOW_MAIN,cascade_pd_tracking,follow_main,inner_wheel_pd,lidar_disabled,FOLLOW_MAIN,COMMITTED,HOLD,1,1,1,1,1,1,2,9.703636169433594e-05,0.46061182022094727,0.4428081512451172,0.4392240047454834,0.43536996841430664,0.431459903717041,0.023562776999824564,0.0009477789990341989
1784810136.620314,47.759273052215576,78.5,0.0785,78.5,0.0814914606758077,81.4914606758077,0.0814914606758077,81.4914606758077,0.511,0.5270379259493161,0.5270379259493161,-0.03443821794323955,-0.16419976143936976,0.039115901124387696,-0.0003443821794323955,0.3794673066835076,-0.0016419976143936977,0.48,0.01,0.72,0.01,nan,0.12,0.12,0.1202966224403551,0.1202966224403551,0.11237499862909317,-0.45,-0.45,-0.372603413349499,-0.372603413349499,-0.40978264808654785,0.150375,0.14048758532149688,0.1509682448807102,0.089625,0.08827726782918317,0.089625,0.009887414678503126,0.0,0.002784455664394907,-0.0015008316921630077,0.0005932448807101875,0.0,nan,1.0,0.0,0.85,0.4,1.2869999408721924,1.0,0,1,1,0,-0.4206121563911438,-6.813623905181885,1.9490553781775557,FOLLOW_MAIN,cascade_pd_tracking,follow_main,inner_wheel_pd,lidar_disabled,FOLLOW_MAIN,COMMITTED,HOLD,1,1,1,1,1,1,2,0.010318517684936523,0.0068705081939697266,0.024587154388427734,0.021218538284301758,0.0034406185150146484,5.269050598144531e-05,0.026798097000209964,0.048846797999431146
1784810137.0392888,48.178247928619385,78.5,0.0785,78.5,0.0814914606758077,81.4914606758077,0.0814914606758077,81.4914606758077,0.511,0.5270379259493161,0.5270379259493161,-0.03443821794323955,-0.16419976143936976,0.039115901124387696,-0.0003443821794323955,0.3794673066835076,-0.0016419976143936977,0.48,0.01,0.72,0.01,nan,0.12,0.12,0.12,0.1202966224403551,0.12325000762939453,-0.45,-0.45,-0.36900000000000005,-0.372603413349499,-0.31521740555763245,0.150375,0.14247740875392925,0.150375,0.089625,0.09502342462985006,0.089625,0.0,0.0,-0.0597250312351735,-0.0011503234946948463,0.0,0.0,nan,1.0,0.0,0.85,0.4,1.2869999408721924,1.0,0,1,1,0,-0.42353466153144836,-6.804078102111816,1.9232079779063729,FOLLOW_MAIN,cascade_pd_tracking,follow_main,inner_wheel_pd,lidar_disabled,FOLLOW_MAIN,COMMITTED,HOLD,1,1,1,1,1,1,2,0.4044158458709717,0.40082764625549316,0.00011944770812988281,0.44021010398864746,0.41208457946777344,0.4085242748260498,0.06669452900132455,0.007333363000725512
1784810137.089754,48.228713274002075,66.7,0.06670000000000001,66.7,0.07180814521337725,71.80814521337724,0.07180814521337725,71.80814521337724,0.445,0.47352951348254313,0.47352951348254313,-0.02741295153299619,-0.14652045914250333,0.03446790970242108,-0.00027412951532996193,0.34094124970743106,-0.0014652045914250334,0.48,0.01,0.72,0.01,nan,0.12,0.12,0.12032199601737342,0.12032199601737342,0.11237499117851257,-0.4290443864212402,-0.4290443864212402,-0.35572805218758313,-0.35572805218758313,-0.34673914313316345,0.1489604960834337,0.13822729550431898,0.14960448811818058,0.09103950391656628,0.08715982092945662,0.09103950391656628,0.010733200579114727,0.0,0.04030131979073163,0.010487030421059104,0.0006439920347468836,0.0,nan,1.0,0.0,1.8479999999999999,0.4,1.4160000085830688,1.0,0,1,1,0,-0.4338605999946594,-6.756180763244629,1.786056241825894,FOLLOW_MAIN,cascade_pd_tracking,follow_main,inner_wheel_pd,lidar_disabled,FOLLOW_MAIN,COMMITTED,HOLD,1,1,1,1,1,1,2,0.00014281272888183594,0.018184185028076172,0.01476430892944336,0.011434793472290039,0.007946491241455078,0.004156589508056641,0.03149597399897175,0.003486690000499948
1784810137.5264606,48.665419816970825,66.7,0.06670000000000001,66.7,0.07180814521337725,71.80814521337724,0.07180814521337725,71.80814521337724,0.445,0.47352951348254313,0.47352951348254313,-0.02741295153299619,-0.14652045914250333,0.03446790970242108,-0.00027412951532996193,0.34094124970743106,-0.0014652045914250334,0.48,0.01,0.72,0.01,nan,0.12,0.12,0.12031895381124125,0.12031895381124125,0.11237499117851257,-0.4275420624053415,-0.4275420624053415,-0.3544591893237552,-0.3544591893237552,-0.34673914313316345,0.14885908921236055,0.13822729550431898,0.14949699683484305,0.09114091078763945,0.08715982092945662,0.09114091078763945,0.01063179370804157,0.0,0.026452868082839687,0.007026274172816251,0.0006379076224824942,0.0,nan,1.0,0.0,1.8479999999999999,0.4,1.9520000219345093,1.0,0,1,1,0,-0.4338605999946594,-6.756180763244629,1.684493779126012,FOLLOW_MAIN,cascade_pd_tracking,follow_main,inner_wheel_pd,lidar_disabled,FOLLOW_MAIN,COMMITTED,HOLD,1,1,1,1,1,1,2,0.4014098644256592,0.3979794979095459,0.39460039138793945,0.3912525177001953,0.3875102996826172,0.00010466575622558594,0.09156838199851336,0.06355909800004156
1784810137.5800626,48.719021797180176,60.6,0.0606,60.6,0.06306340753386305,63.06340753386305,0.06306340753386305,63.06340753386305,0.40900000000000003,0.423147615656842,0.423147615656842,-0.017831583198313017,-0.10137753620413867,0.030270435616254265,-0.00017831583198313017,0.3046662832729262,-0.0010137753620413866,0.48,0.01,0.72,0.01,nan,0.12,0.12,0.11921636126700466,0.11921636126700466,0.1341249942779541,-0.3777018662117859,-0.3777018662117859,-0.3084950594422891,-0.3084950594422891,-0.3467390835285187,0.14549487596929556,0.16022994799214152,0.1446107716479248,0.09450512403070445,0.10589134310770343,0.09382195088608451,-0.014735072022845963,-0.01138621907699898,-0.017166470239215546,-0.04045251385371475,-0.0008841043213707577,-0.0006831731446199388,nan,1.0,0.0,1.8449999999999998,0.4,2.065999984741211,1.0,0,1,1,0,-0.4361690282821655,-6.694901466369629,1.5569884918361299,FOLLOW_MAIN,cascade_pd_tracking,follow_main,inner_wheel_pd,lidar_disabled,FOLLOW_MAIN,COMMITTED,HOLD,1,1,1,1,1,1,2,0.014393329620361328,0.010707855224609375,0.007128477096557617,0.003749370574951172,0.00013494491577148438,0.018340587615966797,0.034173219000877,0.052337692000946845
1784810137.6328013,48.7717604637146,59.2,0.0592,59.2,0.06187565467554069,61.87565467554069,0.06187565467554069,61.87565467554069,0.4,0.41632622264579244,0.41632622264579244,-0.017185618708756595,-0.09790634524159025,0.029700314244259528,-0.00017185618708756594,0.29975488030497055,-0.0009790634524159026,0.48,0.01,0.72,0.01,nan,0.12,0.12,0.12026920383411066,0.12028175698127097,0.10149998962879181,-0.3716222373151611,-0.3716222373151611,-0.308000562657258,-0.3132363098629882,-0.18913042545318604,0.14508450101877338,0.13611103988175127,0.1456229086869947,0.09491549898122661,0.09688805647791109,0.09491549898122661,0.008973461137022104,0.0,0.11590267019508574,0.03421833423657068,0.0005384076682213262,0.0,nan,1.0,0.0,1.728,0.4,2.138000011444092,1.0,0,1,1,0,-0.4354455769062042,-6.685795307159424,1.4915177104396085,FOLLOW_MAIN,cascade_pd_tracking,follow_main,inner_wheel_pd,lidar_disabled,FOLLOW_MAIN,COMMITTED,HOLD,1,1,1,1,1,1,2,0.003847360610961914,0.0002970695495605469,0.01493072509765625,0.03425312042236328,0.01118922233581543,0.0076024532318115234,0.015049282001200481,0.022917220001545502
1784810138.0315528,49.170511960983276,59.2,0.0592,59.2,0.06187565467554069,61.87565467554069,0.06187565467554069,61.87565467554069,0.4,0.41632622264579244,0.41632622264579244,-0.017185618708756595,-0.09790634524159025,0.029700314244259528,-0.00017185618708756594,0.29975488030497055,-0.0009790634524159026,0.48,0.01,0.72,0.01,nan,0.12,0.12,0.12026920383411066,0.12026950609618195,0.10149998962879181,-0.3716222373151611,-0.3716222373151611,-0.308000562657258,-0.3081266320624011,-0.18913042545318604,0.14508450101877338,0.13611103988175127,0.1456229086869947,0.09491549898122661,0.09688805647791109,0.09491549898122661,0.008973461137022104,0.0,0.11590267019508574,0.03421833423657068,0.0005384076682213262,0.0,nan,1.0,0.0,1.728,0.4,2.138000011444092,1.0,0,1,1,0,-0.4354455769062042,-6.685795307159424,1.4744961025792405,FOLLOW_MAIN,cascade_pd_tracking,follow_main,inner_wheel_pd,lidar_disabled,FOLLOW_MAIN,COMMITTED,HOLD,1,1,1,1,1,1,2,0.4025142192840576,0.39896392822265625,0.39529895782470703,0.39194202423095703,7.700920104980469e-05,0.4062693119049072,0.015049282001200481,0.022917220001545502
1784810138.0846994,49.22365856170654,53.5,0.0535,53.5,0.05611533961228138,56.11533961228138,0.05611533961228138,56.11533961228138,0.365,0.3811943809719114,0.3811943809719114,-0.014391700096552482,-0.0857071748409127,0.02693536301389506,-0.00014391700096552483,0.2744599542997762,-0.000857071748409127,0.48,0.01,0.72,0.01,nan,0.12,0.12,0.12,0.12,0.11599999666213989,-0.34311555999826215,-0.34311555999826215,-0.28135475919857494,-0.28119847915823354,-0.25217390060424805,0.1431603002998827,0.13707233033057387,0.1431603002998827,0.0968396997001173,0.10204713032566455,0.0968396997001173,0.0,0.0,-0.01330103829257941,0.03444436677046233,0.0,0.0,nan,1.0,0.0,1.212,0.4,2.4769999980926514,1.0,0,1,1,0,-0.42893707752227783,-6.637812614440918,1.4344006657206334,FOLLOW_MAIN,cascade_pd_tracking,follow_main,inner_wheel_pd,lidar_disabled,FOLLOW_MAIN,COMMITTED,HOLD,1,1,1,1,1,1,2,0.007236957550048828,0.003847360610961914,0.000247955322265625,0.01775217056274414,0.014392614364624023,0.010931015014648438,0.042626307000318775,0.07229822299996158
1784810138.1369402,49.2758994102478,52.300000000000004,0.052300000000000006,52.300000000000004,0.05481294839742387,54.812948397423874,0.05481294839742387,54.812948397423874,0.357,0.3731298759229955,0.3731298759229955,-0.014718815585825025,-0.08855358914501353,0.02631021523076346,-0.00014718815585825024,0.2686535106645568,-0.0008855358914501353,0.48,0.01,0.72,0.01,nan,0.12,0.12,0.12,0.12,0.12325000017881393,-0.335870378087656,-0.335870378087656,-0.275413710031878,-0.275413710031878,-0.31521740555763245,0.14267125052091678,0.1406063993763991,0.14267125052091678,0.09732874947908321,0.10201190503420496,0.09732874947908321,0.0,0.0,-0.01005678313825802,0.026043044108700533,0.0,0.0,nan,1.0,0.0,1.1589999999999998,0.4,2.4769999980926514,1.0,0,1,1,0,-0.4268788993358612,-6.627666473388672,1.344185560264102,FOLLOW_MAIN,cascade_pd_tracking,follow_main,inner_wheel_pd,lidar_disabled,FOLLOW_MAIN,COMMITTED,HOLD,1,1,1,1,1,1,2,0.003839731216430664,0.0001494884490966797,0.0342404842376709,0.015778779983520508,0.011862039566040039,0.007910013198852539,0.001871279999249964,0.03712848299983307
1784810138.5392156,49.6781747341156,52.300000000000004,0.052300000000000006,52.300000000000004,0.05481294839742387,54.812948397423874,0.05481294839742387,54.812948397423874,0.357,0.3731298759229955,0.3731298759229955,-0.014718815585825025,-0.08855358914501353,0.02631021523076346,-0.00014718815585825024,0.2686535106645568,-0.0008855358914501353,0.48,0.01,0.72,0.01,nan,0.12,0.12,0.12,0.12,0.12325000017881393,-0.335870378087656,-0.335870378087656,-0.275413710031878,-0.275413710031878,-0.31521740555763245,0.14267125052091678,0.1406063993763991,0.14267125052091678,0.09732874947908321,0.10201190503420496,0.09732874947908321,0.0,0.0,-0.01005678313825802,0.026043044108700533,0.0,0.0,nan,1.0,0.0,1.1589999999999998,0.4,2.4769999980926514,1.0,0,1,1,0,-0.4268788993358612,-6.627666473388672,1.344185560264102,FOLLOW_MAIN,cascade_pd_tracking,follow_main,inner_wheel_pd,lidar_disabled,FOLLOW_MAIN,COMMITTED,HOLD,1,1,1,1,1,1,2,0.4060790538787842,0.402388334274292,0.39875245094299316,0.4180164337158203,0.41409897804260254,9.298324584960938e-05,0.001871279999249964,0.03712848299983307
1784810138.5901556,49.72911477088928,42.1,0.0421,42.1,0.045769099594108756,45.76909959410876,0.045769099594108756,45.76909959410876,0.292,0.3154655983140089,0.3154655983140089,-0.02542363541454471,-0.16057352781780151,0.0219691678051722,-0.0002542363541454471,0.22713523078608638,-0.0016057352781780152,0.48,0.01,0.72,0.01,nan,0.12,0.12,0.12,0.12,0.11599999666213989,-0.26776954713946444,-0.26776954713946444,-0.21957102865436087,-0.219796242841976,-0.25217390060424805,0.13807444443191386,0.13382878169642415,0.13807444443191386,0.10192555556808615,0.0966420802749573,0.10192555556808615,0.0,0.0,-0.0004746021646301466,0.001229029694448458,0.0,0.0,nan,1.0,0.0,4.086,0.4,3.236999988555908,1.0,0,1,1,0,-0.4140603244304657,-6.582133769989014,1.2987943755760056,FOLLOW_MAIN,cascade_pd_tracking,follow_main,inner_wheel_pd,lidar_disabled,FOLLOW_MAIN,COMMITTED,HOLD,1,1,1,1,1,1,2,0.0036058425903320312,0.00013184547424316406,0.01865983009338379,0.015244722366333008,0.011380195617675781,0.007531166076660156,0.1145615479999833,0.08640185599870165
1784810138.6428683,49.781827449798584,42.1,0.0421,42.1,0.045769099594108756,45.76909959410876,0.045769099594108756,45.76909959410876,0.292,0.3154655983140089,0.3154655983140089,-0.02542363541454471,-0.16057352781780151,0.0219691678051722,-0.0002542363541454471,0.22713523078608638,-0.0016057352781780152,0.48,0.01,0.72,0.01,nan,0.12,0.12,0.12,0.12,0.11599999666213989,-0.26729195268653744,-0.26729195268653744,-0.21917940120296067,-0.21937869769112545,-0.25217390060424805,0.13804220680634127,0.13382878169642415,0.13804220680634127,0.10195779319365872,0.0966420802749573,0.10195779319365872,0.0,0.0,-0.0003500539964906952,0.0009064997768872224,0.0,0.0,nan,1.0,0.0,4.086,0.4,3.236999988555908,1.0,0,1,1,0,-0.4140603244304657,-6.582133769989014,1.22582159416816,FOLLOW_MAIN,cascade_pd_tracking,follow_main,inner_wheel_pd,lidar_disabled,FOLLOW_MAIN,COMMITTED,HOLD,1,1,1,1,1,1,2,0.015142679214477539,0.011546611785888672,0.00801539421081543,0.027015209197998047,0.004210472106933594,0.00015473365783691406,0.1602199710014247,0.13206027900014305
1784810139.0335622,50.172521352767944,42.1,0.0421,42.1,0.045769099594108756,45.76909959410876,0.045769099594108756,45.76909959410876,0.292,0.3154655983140089,0.3154655983140089,-0.02542363541454471,-0.16057352781780151,0.0219691678051722,-0.0002542363541454471,0.22713523078608638,-0.0016057352781780152,0.48,0.01,0.72,0.01,nan,0.12,0.12,0.12,0.12,0.11599999666213989,-0.26729195268653744,-0.26729195268653744,-0.21917940120296067,-0.21937869769112545,-0.25217390060424805,0.13804220680634127,0.13382878169642415,0.13804220680634127,0.10195779319365872,0.0966420802749573,0.10195779319365872,0.0,0.0,-0.0003500539964906952,0.0009064997768872224,0.0,0.0,nan,1.0,0.0,4.086,0.4,3.236999988555908,1.0,0,1,1,0,-0.4140603244304657,-6.582133769989014,1.22582159416816,FOLLOW_MAIN,cascade_pd_tracking,follow_main,inner_wheel_pd,lidar_disabled,FOLLOW_MAIN,COMMITTED,HOLD,1,1,1,1,1,1,2,0.00015592575073242188,0.4022810459136963,0.39874911308288574,0.41774868965148926,0.3949429988861084,0.3908870220184326,0.1602199710014247,0.13206027900014305
1784810139.083898,50.22285723686218,59.5,0.0595,59.5,0.0641075899118744,64.1075899118744,0.0641075899118744,64.1075899118744,0.402,0.428916999430683,0.428916999430683,0.0321142137631719,0.1975614763788066,0.030771643157699712,0.000321142137631719,0.30882023959009175,0.0019756147637880663,0.48,0.01,0.72,0.01,nan,0.12,0.12,0.11963538823049777,0.11963538823049777,0.12325000017881393,-0.3779681519671703,-0.3779681519671703,-0.31436324240555097,-0.31436324240555097,-0.25217387080192566,0.145512850257784,0.1461719821706218,0.145512850257784,0.094487149742216,0.10664087539229003,0.09375792620321156,0.0,-0.012153725650074026,-0.0076395226256301355,-0.0436505038658175,0.0,-0.0007292235390044415,nan,1.0,0.0,4.656,0.4,1.434000015258789,1.0,0,1,1,0,-0.38791200518608093,-6.521337985992432,1.120854505063232,FOLLOW_MAIN,cascade_pd_tracking,follow_main,inner_wheel_pd,lidar_disabled,FOLLOW_MAIN,COMMITTED,HOLD,1,1,1,1,1,1,2,0.014759540557861328,0.011129140853881836,0.007505655288696289,0.0039730072021484375,0.0001437664031982422,0.018702030181884766,0.12547784300113562,0.021539256000323803
1784810139.1347225,50.273681640625,53.900000000000006,0.0539,53.900000000000006,0.0608911731137725,60.891173113772496,0.0608911731137725,60.891173113772496,0.367,0.4101270700360924,0.4101270700360924,0.011372395631433172,0.07260159640315567,0.0292277630946108,0.00011372395631433171,0.2952914904259865,0.0007260159640315567,0.48,0.01,0.72,0.01,nan,0.12,0.12,0.1196749077485601,0.11967490154879915,0.12325000017881393,-0.35845234057836906,-0.35845234057836906,-0.2978801881065695,-0.2978827739426722,-0.25217387080192566,0.14419553298903992,0.1461719821706218,0.14419553298903992,0.09580446701096008,0.10664087539229003,0.09515428250808029,0.0,-0.010836408381329946,-0.005124366824812008,-0.022837629444577585,0.0,-0.0006501845028797967,nan,1.0,0.0,3.907,0.4,1.4210000038146973,1.0,0,1,1,0,-0.38791200518608093,-6.521337985992432,1.0720908509227525,FOLLOW_MAIN,cascade_pd_tracking,follow_main,inner_wheel_pd,lidar_disabled,FOLLOW_MAIN,COMMITTED,HOLD,1,1,1,1,1,1,2,0.0035333633422851562,0.00010633468627929688,0.014312505722045898,0.03242135047912598,0.010669469833374023,0.007070302963256836,0.04167015699931653,0.08143847799874493
1784810139.5370605,50.6760196685791,53.900000000000006,0.0539,53.900000000000006,0.0608911731137725,60.891173113772496,0.0608911731137725,60.891173113772496,0.367,0.4101270700360924,0.4101270700360924,0.011372395631433172,0.07260159640315567,0.0292277630946108,0.00011372395631433171,0.2952914904259865,0.0007260159640315567,0.48,0.01,0.72,0.01,nan,0.12,0.12,0.1196749077485601,0.12050500451737578,0.12325000017881393,-0.35845234057836906,-0.35845234057836906,-0.2978801881065695,-0.3000635683171514,-0.25217387080192566,0.14419553298903992,0.1461719821706218,0.14419553298903992,0.09580446701096008,0.10664087539229003,0.09515428250808029,0.0,-0.010836408381329946,-0.005124366824812008,-0.022837629444577585,0.0,-0.0006501845028797967,nan,1.0,0.0,3.907,0.4,1.4210000038146973,1.0,0,1,1,0,-0.38791200518608093,-6.521337985992432,1.0618778988109483,FOLLOW_MAIN,cascade_pd_tracking,follow_main,inner_wheel_pd,lidar_disabled,FOLLOW_MAIN,COMMITTED,HOLD,1,1,1,1,1,1,2,8.344650268554688e-05,0.40242576599121094,0.41663169860839844,0.3989279270172119,0.3953409194946289,0.3918435573577881,0.04167015699931653,0.08143847799874493
1784810139.587905,50.72686409950256,66.4,0.0664,66.4,0.06351443006600176,63.51443006600176,0.06351443006600176,63.51443006600176,0.443,0.425522828477693,0.425522828477693,0.017111166505407404,0.10412243155517228,0.03048692643168084,0.00017111166505407404,0.306376436503939,0.0010412243155517229,0.48,0.01,0.72,0.01,nan,0.12,0.12,0.11931460034732669,0.11931460034732667,0.13774999976158142,-0.37527118285835265,-0.36906069720578744,-0.3021410540751447,-0.2945302915471372,-0.37826085090637207,0.14491159706139065,0.157005421359362,0.14418596760351238,0.09508840293860935,0.10584123372974866,0.09444323309114099,-0.012093824297971345,-0.010752830791139312,-0.10842316384141319,-0.058610229662218835,-0.0007256294578782806,-0.0006451698474683586,nan,1.0,0.0,2.4819999999999998,0.4,1.3739999532699585,1.0,0,1,1,0,-0.3596372604370117,-6.474099636077881,1.0448562690489753,FOLLOW_MAIN,cascade_pd_tracking,follow_main,inner_wheel_pd,lidar_disabled,FOLLOW_MAIN,COMMITTED,HOLD,1,1,1,1,1,1,2,0.007153034210205078,0.0037932395935058594,0.0001914501190185547,0.01780533790588379,0.014342069625854492,0.01087808609008789,0.03206632699948386,0.030769528999371687
1784810139.6403902,50.7793493270874,66.4,0.0664,66.4,0.06351443006600176,63.51443006600176,0.06351443006600176,63.51443006600176,0.443,0.425522828477693,0.425522828477693,0.017111166505407404,0.10412243155517228,0.03048692643168084,0.00017111166505407404,0.306376436503939,0.0010412243155517229,0.48,0.01,0.72,0.01,nan,0.12,0.12,0.11931460034732667,0.12,0.13774999976158142,-0.37574854194079566,-0.37574854194079566,-0.3079541287188138,-0.30834755132842423,-0.37826085090637207,0.1453630265810037,0.157005421359362,0.1446644828943022,0.0946369734189963,0.10584123372974866,0.09396471780035115,-0.011642394778358295,-0.011204260310752362,-0.08921973236200482,-0.05250497001363498,-0.0006985436867014977,-0.0006722556186451417,nan,1.0,0.0,2.4819999999999998,0.4,1.3739999532699585,1.0,0,1,1,0,-0.3596372604370117,-6.474099636077881,0.9360119885593744,FOLLOW_MAIN,cascade_pd_tracking,follow_main,inner_wheel_pd,lidar_disabled,FOLLOW_MAIN,COMMITTED,HOLD,1,1,1,1,1,1,2,9.965896606445312e-05,0.018193960189819336,0.014827251434326172,0.011433839797973633,0.007624626159667969,0.0038216114044189453,0.056712420999247115,0.05541562299913494
1784810140.0444443,51.18340349197388,66.4,0.0664,66.4,0.06351443006600176,63.51443006600176,0.06351443006600176,63.51443006600176,0.443,0.425522828477693,0.425522828477693,0.017111166505407404,0.10412243155517228,0.03048692643168084,0.00017111166505407404,0.306376436503939,0.0010412243155517229,0.48,0.01,0.72,0.01,nan,0.12,0.12,0.12,0.11973949547779303,0.11599999666213989,-0.37603359918100526,-0.37603359918100526,-0.30834755132842423,-0.2768771270835866,-0.31521737575531006,0.14538226794471784,0.14832028430241617,0.14538226794471784,0.09461773205528214,0.10094648102075797,0.09461773205528214,0.0,0.0,-0.006117440179216838,0.02378433337222538,0.0,0.0,nan,1.0,0.0,2.4819999999999998,0.4,1.3739999532699585,1.0,0,1,1,0,-0.353515088558197,-6.465786933898926,0.9360119885593744,FOLLOW_MAIN,cascade_pd_tracking,follow_main,inner_wheel_pd,lidar_disabled,FOLLOW_MAIN,COMMITTED,HOLD,1,1,1,1,1,1,2,0.40416383743286133,0.4006471633911133,0.3972318172454834,0.00013327598571777344,0.41168904304504395,0.4078857898712158,0.07427505899977405,0.003348911999637494
1784810140.0953758,51.23433494567871,53.800000000000004,0.05380000000000001,53.800000000000004,0.05474297868584703,54.74297868584703,0.05474297868584703,54.74297868584703,0.394,0.3729766953953683,0.3729766953953683,-0.014654526984990625,-0.08800052238058016,0.026276629769206573,-0.00014654526984990624,0.2685432206846652,-0.0008800052238058017,0.48,0.01,0.72,0.01,nan,0.12,0.12,0.11982228897202749,0.11972818070859391,0.12324999272823334,-0.3415535972794191,-0.3415535972794191,-0.2716645360384299,-0.28159636365917373,-0.6304348111152649,0.1430548678163608,0.15755402370577734,0.1421849184629958,0.0969451321836392,0.08836967722663988,0.09745965948105917,-0.014499155889416554,0.008575454956999323,-0.09693926473541171,0.09790434258582809,-0.0008699493533649933,0.0005145272974199594,nan,1.0,0.0,-0.7625613270349493,0.4,1.3220000267028809,1.0,0,1,1,0,-0.3154357075691223,-6.421456336975098,0.8640167039305567,FOLLOW_MAIN,cascade_pd_tracking,follow_main,inner_wheel_pd,lidar_disabled,FOLLOW_MAIN,COMMITTED,HOLD,1,1,1,1,1,1,2,0.0072269439697265625,0.0035660266876220703,0.00012540817260742188,0.029572010040283203,0.01488041877746582,0.011129617691040039,0.07934619700063195,0.0012145759992563399
1784810140.1488183,51.28777742385864,53.800000000000004,0.05380000000000001,53.800000000000004,0.05474297868584703,54.74297868584703,0.05474297868584703,54.74297868584703,0.394,0.3729766953953683,0.3729766953953683,-0.014654526984990625,-0.08800052238058016,0.026276629769206573,-0.00014654526984990624,0.2685432206846652,-0.0008800052238058017,0.48,0.01,0.72,0.01,nan,0.12850023938200336,0.12334148960013408,0.12336426794816961,0.12639541715127872,0.12324999272823334,-0.32727976142162346,-0.32762361486596714,-0.2595565953246574,-0.2602175784988753,-0.6304348111152649,0.14545608360358686,0.15755402370577734,0.14473020719745544,0.1012268955966813,0.08836967722663988,0.10199832869888378,-0.01209794010219048,0.012857218370041418,-0.05924698996023506,0.10157540215661932,-0.0007258764061314288,0.000771433102202485,nan,1.0,0.0,-0.7625613270349493,0.4283341312733446,1.3220000267028809,1.0,0,1,1,0,-0.3154357075691223,-6.421456336975098,0.7375833143270684,FOLLOW_MAIN,cascade_pd_tracking,follow_main,inner_wheel_pd,lidar_disabled,FOLLOW_MAIN,COMMITTED,HOLD,1,1,1,1,1,1,2,0.01964879035949707,0.01596212387084961,0.012393474578857422,0.008898019790649414,0.004963874816894531,0.0003211498260498047,0.11964844500107574,0.041516823999700136
1784810140.563887,51.70284605026245,53.800000000000004,0.05380000000000001,53.800000000000004,0.05474297868584703,54.74297868584703,0.05474297868584703,54.74297868584703,0.394,0.3729766953953683,0.3729766953953683,-0.014654526984990625,-0.08800052238058016,0.026276629769206573,-0.00014654526984990624,0.2685432206846652,-0.0008800052238058017,0.48,0.01,0.72,0.01,nan,0.12850023938200336,0.12334148960013408,0.12336426794816961,0.12639541715127872,0.12324999272823334,-0.32727976142162346,-0.32762361486596714,-0.2595565953246574,-0.2602175784988753,-0.6304348111152649,0.14545608360358686,0.15755402370577734,0.14473020719745544,0.1012268955966813,0.08836967722663988,0.10199832869888378,-0.01209794010219048,0.012857218370041418,-0.05924698996023506,0.10157540215661932,-0.0007258764061314288,0.000771433102202485,nan,1.0,0.0,-0.7625613270349493,0.4283341312733446,1.3220000267028809,1.0,0,1,1,0,-0.3154357075691223,-6.421456336975098,0.7375833143270684,FOLLOW_MAIN,cascade_pd_tracking,follow_main,inner_wheel_pd,lidar_disabled,FOLLOW_MAIN,COMMITTED,HOLD,1,1,1,1,1,1,2,7.796287536621094e-05,0.4308741092681885,0.4273037910461426,0.42380690574645996,0.41987061500549316,0.41522669792175293,0.11964844500107574,0.041516823999700136
1784810140.614742,51.75370121002197,41.800000000000004,0.041800000000000004,41.800000000000004,0.0459715202255441,45.9715202255441,0.0459715202255441,45.9715202255441,0.305,0.33504944582129803,0.33504944582129803,-0.01810582744875456,-0.10563304782902912,0.022066329708261168,-0.0001810582744875456,0.24123560099133456,-0.0010563304782902911,0.48,0.01,0.72,0.01,nan,0.16457159157277637,0.16457159157277637,0.1662149995375508,0.165218080298713,0.14862500131130219,-0.29857387304265365,-0.29857387304265365,-0.24489104280454416,-0.2449498076605679,-0.34673914313316345,0.1847253280031555,0.1572522376065924,0.18637371342694928,0.14441785514239724,0.11711068004647851,0.14605628564815237,0.027473090396563093,0.027307175095918734,-0.038835028936507615,-0.0004960792618579537,0.0016483854237937855,0.001638430505755124,nan,1.0,0.0,-0.4079619960057531,0.5485719719092546,1.2799999713897705,1.0,0,1,1,0,-0.26783278584480286,-6.382510185241699,0.6818534687630347,FOLLOW_MAIN,cascade_pd_tracking,follow_main,inner_wheel_pd,lidar_disabled,FOLLOW_MAIN,COMMITTED,HOLD,1,1,1,1,1,1,2,0.0073680877685546875,0.0037894248962402344,0.00014781951904296875,0.019169092178344727,0.01531672477722168,0.01137089729309082,0.0629854120015807,0.03878480100138404
1784810141.0962095,52.23516869544983,34.5,0.0345,34.5,0.03678984497413211,36.78984497413211,0.03678984497413211,36.78984497413211,0.252,0.2681652244005376,0.2681652244005376,-0.01802705240194049,-0.12566221388936688,0.017659125587583414,-0.0001802705240194049,0.19307896156838705,-0.001256622138893669,0.48,0.01,0.72,0.01,nan,0.20060042487513075,0.20060042487513075,0.20128327775684915,0.1671101117571524,0.19212499260902405,-0.21811891826529586,-0.21811891826529586,-0.1705621150070376,-0.24484062349573288,-0.34673914313316345,0.21532345185803822,0.21145700882111043,0.21532345185803822,0.18587739789222327,0.16311563516827635,0.18724310365566008,0.0,0.02276176272394692,-0.10520161770781886,-0.04398425588651679,0.0,0.0013657057634368151,nan,1.0,0.0,-0.16111537555977942,0.6686680829171026,1.2059999704360962,1.0,0,1,1,0,-0.198372483253479,-6.339474678039551,0.6399294753306944,FOLLOW_MAIN,cascade_pd_tracking,follow_main,inner_wheel_pd,lidar_disabled,FOLLOW_MAIN,COMMITTED,HOLD,1,1,1,1,1,1,2,0.44742274284362793,8.344650268554688e-05,0.4587116241455078,0.47777223587036133,0.45508599281311035,0.45130395889282227,0.06786830899909546,0.03473027700056264
1784810141.1473267,52.28628587722778,31.200000000000003,0.031200000000000002,31.200000000000003,0.03557045211154892,35.57045211154892,0.03557045211154892,35.57045211154892,0.219,0.2595568865092171,0.2595568865092171,-0.016803984803180065,-0.1174476164762476,0.01707381701354348,-0.00016803984803180066,0.1868809582866363,-0.001174476164762476,0.48,0.01,0.72,0.01,nan,0.20327540513891837,0.20327540513891837,0.2040523662408017,0.2040523662408017,0.19212499260902405,-0.21127506036341667,-0.21127506036341667,-0.1638069109269745,-0.1638069109269745,-0.34673914313316345,0.217536471713449,0.21145700882111043,0.217536471713449,0.18901433856438773,0.16311563516827635,0.19056826076815442,0.0,0.02589870339611139,-0.08083188340542508,-0.015137357154261675,0.0,0.0015539222037666833,nan,1.0,0.0,-0.25,0.6775846837963946,1.2059999704360962,1.0,0,1,1,0,-0.198372483253479,-6.339474678039551,0.5388704883913803,FOLLOW_MAIN,cascade_pd_tracking,follow_main,inner_wheel_pd,lidar_disabled,FOLLOW_MAIN,COMMITTED,HOLD,1,1,1,1,1,1,2,0.00014519691467285156,0.014934301376342773,0.02906942367553711,0.01162266731262207,0.008056640625,0.004262685775756836,0.01614602500012552,0.07425635600156966
1784810141.594068,52.73302721977234,31.200000000000003,0.031200000000000002,31.200000000000003,0.03557045211154892,35.57045211154892,0.03557045211154892,35.57045211154892,0.219,0.2595568865092171,0.2595568865092171,-0.016803984803180065,-0.1174476164762476,0.01707381701354348,-0.00016803984803180066,0.1868809582866363,-0.001174476164762476,0.48,0.01,0.72,0.01,nan,0.20435854042107332,0.20435854042107332,0.20534722182637855,0.2040523662408017,0.18849998712539673,-0.2113746680878422,-0.2113746680878422,-0.1701788251554644,-0.1638069109269745,-0.18913039565086365,0.21862633051700267,0.20646776198687983,0.21935584462881005,0.19009075032514397,0.16929327201175998,0.191338599023947,0.012158568530122843,0.020797478313383994,0.0051437414792995795,-0.045086293936443686,0.0007295141118073706,0.0012478486988030395,nan,1.0,0.0,-0.25,0.6811951347369111,1.2059999704360962,1.0,0,1,1,0,-0.18483605980873108,-6.332828521728516,0.5388704883913803,FOLLOW_MAIN,cascade_pd_tracking,follow_main,inner_wheel_pd,lidar_disabled,FOLLOW_MAIN,COMMITTED,HOLD,1,1,1,1,1,1,2,0.44687438011169434,0.4431018829345703,9.489059448242188e-05,0.45834970474243164,0.45478343963623047,0.4509890079498291,0.03614585299874307,0.01355190999856859
1784810141.644179,52.783138275146484,34.1,0.0341,34.1,0.034348932289414824,34.348932289414826,0.034348932289414824,34.348932289414826,0.248,0.24630658058595822,0.24630658058595822,-0.005260909972100356,-0.035719040333297036,0.016487487498919116,-5.260909972100356e-05,0.1773407380218899,-0.0003571904033329704,0.48,0.01,0.72,0.01,nan,0.2242653193264887,0.2242653193264887,0.22508911131571685,0.2261256858622204,0.2175000011920929,-0.19930225584151595,-0.19930225584151595,-0.16613856446876252,-0.1660377866405196,-0.12608692049980164,0.237718221595791,0.22026938679943628,0.2387651516835723,0.21081241705718637,0.20080151887926942,0.21141307094786138,0.01744883479635473,0.01001089817791695,0.010329971057153666,-0.013889497397970454,0.0010469300877812837,0.000600653890675017,nan,1.0,0.0,0.05467242949404839,0.747551064421629,1.1109999418258667,1.0,0,1,1,0,-0.09641452878713608,-6.294065952301025,0.4040204819418593,FOLLOW_MAIN,cascade_pd_tracking,follow_main,inner_wheel_pd,lidar_disabled,FOLLOW_MAIN,COMMITTED,HOLD,1,1,1,1,1,1,2,0.014611005783081055,0.010969400405883789,0.007403850555419922,0.003911256790161133,0.00013399124145507812,0.018548250198364258,0.11401191799996013,0.029671915999642806
1784810142.0529404,53.19189953804016,39.6,0.0396,39.6,0.036828009821156804,36.828009821156805,0.036828009821156804,36.828009821156805,0.28800000000000003,0.2679468913324681,0.2679468913324681,0.00500259107298421,0.039835506449940765,0.017677444714155267,5.0025910729842096e-05,0.192921761759377,0.00039835506449940764,0.48,0.01,0.72,0.01,nan,0.21796729214928737,0.21796729214928737,0.21796729214928737,0.2261256858622204,0.22112499177455902,-0.21587207096440555,-0.21587207096440555,-0.1770150981908126,-0.1660377866405196,-0.22065220773220062,0.23253865693938475,0.23083645770418013,0.23253865693938475,0.20339592735919,0.20675270098701162,0.20339592735919,0.0,0.0,-0.05962985923110881,-0.009344320031222507,0.0,0.0,nan,1.0,0.0,0.13748932865993244,0.7265576404976246,1.0299999713897705,1.0,0,1,1,0,-0.013060670346021652,-6.26341438293457,0.4040204819418593,FOLLOW_MAIN,cascade_pd_tracking,follow_main,inner_wheel_pd,lidar_disabled,FOLLOW_MAIN,COMMITTED,UNKNOWN,1,1,1,1,1,1,1,0.40081119537353516,9.608268737792969e-05,0.4161245822906494,0.4126312732696533,0.40885329246520996,0.40485501289367676,0.00913992200003122,0.03378995999992185
1784810142.103362,53.242321252822876,39.6,0.0396,39.6,0.036828009821156804,36.828009821156805,0.036828009821156804,36.828009821156805,0.28800000000000003,0.2679468913324681,0.2679468913324681,0.00500259107298421,0.039835506449940765,0.017677444714155267,5.0025910729842096e-05,0.192921761759377,0.00039835506449940764,0.48,0.01,0.72,0.01,nan,0.21625352693313657,0.21625352693313657,0.21625352693313657,0.21625352693313657,0.22112499177455902,-0.21578676251918238,-0.21578676251918238,-0.1769451452657296,-0.1769451452657296,-0.22065220773220062,0.2308191334031814,0.23083645770418013,0.2308191334031814,0.20168792046309175,0.20675270098701162,0.20168792046309175,0.0,0.0,-0.04565672179022734,-0.007154654152894623,0.0,0.0,nan,1.0,0.0,0.13748932865993244,0.7208450897771219,1.0110000371932983,1.0,0,1,1,0,-0.013060670346021652,-6.26341438293457,0.3431202673762741,FOLLOW_MAIN,cascade_pd_tracking,follow_main,inner_wheel_pd,lidar_disabled,FOLLOW_MAIN,COMMITTED,UNKNOWN,1,1,1,1,1,1,1,0.014801025390625,0.011275291442871094,0.00789499282836914,0.025806188583374023,0.004203319549560547,0.00016999244689941406,0.04919076199985284,0.07384079999974347
1784810142.564543,53.70350217819214,42.5,0.0425,42.5,0.042204322048090034,42.204322048090035,0.042204322048090034,42.204322048090035,0.31,0.3078050062858708,0.3078050062858708,0.008320200503943845,0.062352047735714344,0.020258074583083215,8.320200503943845e-05,0.221619604525827,0.0006235204773571434,0.48,0.01,0.72,0.01,nan,0.19783384651369487,0.19783384651369487,0.1966667328674721,0.21449702443330132,0.20662499964237213,-0.2479828122424313,-0.2479828122424313,-0.20812703000934607,-0.176877106910096,-0.15760864317417145,0.214572686340059,0.2274651115817337,0.2137991408255585,0.18109500668733075,0.20710636965308202,0.17953432490938567,-0.012892425241674693,-0.026011362965751267,0.008046381587708592,0.010211013325970544,-0.0007735455145004815,-0.001560681777945076,nan,1.0,0.0,0.15495077108325778,0.6594461550456496,0.8930000066757202,1.0,0,1,1,0,0.09121710807085037,-6.2326154708862305,0.3133007879375884,FOLLOW_MAIN,cascade_pd_tracking,follow_main,inner_wheel_pd,lidar_disabled,FOLLOW_MAIN,COMMITTED,DROPOUT,1,1,1,1,1,1,3,0.4120643138885498,0.00010037422180175781,0.42781972885131836,0.4243581295013428,0.4204990863800049,0.41622495651245117,0.03865643100107263,0.0698733680001169
1784810142.614931,53.7538902759552,42.5,0.0425,42.5,0.042204322048090034,42.204322048090035,0.042204322048090034,42.204322048090035,0.31,0.3078050062858708,0.3078050062858708,0.008320200503943845,0.062352047735714344,0.020258074583083215,8.320200503943845e-05,0.221619604525827,0.0006235204773571434,0.48,0.01,0.72,0.01,nan,0.1973018827996682,0.1973018827996682,0.1967068119175695,0.1967068119175695,0.1993749886751175,-0.24798379061152254,-0.24798379061152254,-0.21057571753583282,-0.21057571753583282,-0.09456516802310944,0.21404078866594597,0.21714923148697945,0.21404078866594597,0.18056297693339043,0.20039867300334774,0.179372835169193,0.0,-0.019835696069957304,0.07793276532300801,0.04212620891182418,0.0,-0.0011901417641974382,nan,1.0,0.0,0.15495077108325778,0.6576729426655608,0.8930000066757202,1.0,0,1,1,0,0.10823577642440796,-6.2283501625061035,0.2581693428337989,FOLLOW_MAIN,cascade_pd_tracking,follow_main,inner_wheel_pd,lidar_disabled,FOLLOW_MAIN,COMMITTED,DROPOUT,1,1,1,1,1,1,3,0.0036897659301757812,0.00013518333435058594,0.018666744232177734,0.015230178833007812,0.0115203857421875,0.007762432098388672,0.07585609899979318,0.029696822999540018
1784810143.0438507,54.182809829711914,42.5,0.0425,42.5,0.042359498999223505,42.359498999223504,0.042359498999223505,42.359498999223504,0.31,0.3089569773074349,0.3089569773074349,0.006625811195676914,0.04962267702556491,0.020332559519627282,6.625811195676913e-05,0.2224490236613531,0.0004962267702556491,0.48,0.01,0.72,0.01,nan,0.19678059846810642,0.19678059846810642,0.19616830088486564,0.19616830088486564,0.1993749886751175,-0.2487680726832289,-0.2487680726832289,-0.21142810135220977,-0.21142810135220977,-0.09456516802310944,0.21357244337422437,0.21714923148697945,0.21357244337422437,0.17998875356198846,0.20039867300334774,0.1787641583955069,0.0,-0.02040991944135928,0.05988827553094308,0.029048646704144043,0.0,-0.0012245951664815568,nan,1.0,0.0,0.15495077108325778,0.6559353282270214,0.8799999952316284,1.0,0,1,1,0,0.10823577642440796,-6.2283501625061035,0.2372390630393845,FOLLOW_MAIN,cascade_pd_tracking,follow_main,inner_wheel_pd,lidar_disabled,FOLLOW_MAIN,COMMITTED,DROPOUT,1,1,1,1,1,1,3,0.39574623107910156,0.3922574520111084,0.38888049125671387,0.40660619735717773,0.4030463695526123,9.679794311523438e-05,0.026074207000419847,0.06920168100077717
1784810143.0940597,54.23301887512207,42.5,0.0425,42.5,0.04249577577929597,42.49577577929597,0.04249577577929597,42.49577577929597,0.31,0.3099686410913206,0.3099686410913206,0.001809482392652688,0.013540029812212308,0.020397972374062063,1.809482392652688e-05,0.22317742158575082,0.00013540029812212308,0.48,0.01,0.72,0.01,nan,0.19545657918580528,0.19545657918580528,0.19545657918580528,0.19546497523635806,0.1993749886751175,-0.24916927585960308,-0.24916927585960308,-0.20431880620487458,-0.20431877048346028,-0.22065214812755585,0.2122755053063285,0.20964871169237503,0.2122755053063285,0.17863765306528206,0.18319775030811136,0.17863765306528206,0.0,0.0,-0.02459895515017193,0.022116005505044417,0.0,0.0,nan,1.0,0.0,0.15495077108325778,0.6515219306193509,4.289000034332275,1.0,0,1,1,0,0.1972716599702835,-6.209144592285156,0.2178217776363508,FOLLOW_MAIN,cascade_pd_tracking,follow_main,inner_wheel_pd,lidar_disabled,FOLLOW_MAIN,COMMITTED,DROPOUT,1,1,1,1,1,1,3,0.007192373275756836,0.003550291061401367,0.00011801719665527344,0.03612852096557617,0.015148639678955078,0.011142492294311523,0.045686663999731536,0.04058534099931421
1784810143.144611,54.28357005119324,42.5,0.0425,42.5,0.04249754016761434,42.49754016761434,0.04249754016761434,42.49754016761434,0.31,0.3099817391976999,0.3099817391976999,0.0014628201500432145,0.010945705669787857,0.020398819280454884,1.4628201500432145e-05,0.2231868522223439,0.00010945705669787858,0.48,0.01,0.72,0.01,nan,0.1954427903028858,0.1954427903028858,0.1954427903028858,0.1954377483071574,0.19574999809265137,-0.24914964438660808,-0.24914964438660808,-0.2043027083970187,-0.2043027294708523,-0.18913042545318604,0.21226039129898186,0.20910428620832094,0.21226039129898186,0.17862518930678975,0.18309483924461062,0.17862518930678975,0.0,0.0,-0.01890517665772073,0.016996941068574883,0.0,0.0,nan,1.0,0.0,0.15495077108325778,0.651475967676286,4.289000034332275,1.0,0,1,1,0,0.21272821724414825,-6.206628322601318,0.16136662832627374,FOLLOW_MAIN,cascade_pd_tracking,follow_main,inner_wheel_pd,lidar_disabled,FOLLOW_MAIN,COMMITTED,DROPOUT,1,1,1,1,1,1,3,0.014208555221557617,0.010752201080322266,0.007382631301879883,0.0038444995880126953,0.00014543533325195312,0.017886877059936523,0.020287901999836322,0.0014272250009526033
1784810143.5320106,54.67096972465515,42.5,0.0425,42.5,0.04249754016761434,42.49754016761434,0.04249754016761434,42.49754016761434,0.31,0.3099817391976999,0.3099817391976999,0.0014628201500432145,0.010945705669787857,0.020398819280454884,1.4628201500432145e-05,0.2231868522223439,0.00010945705669787858,0.48,0.01,0.72,0.01,nan,0.1954377483071574,0.1954377483071574,0.1954377483071574,0.1954377483071574,0.19574999809265137,-0.24914967008640523,-0.24914967008640523,-0.2043027294708523,-0.2043027294708523,-0.18913042545318604,0.21225535103798976,0.20910428620832094,0.21225535103798976,0.17862014557632505,0.18309483924461062,0.17862014557632505,0.0,0.0,-0.01654088721060671,0.014871296377217872,0.0,0.0,nan,1.0,0.0,0.15495077108325778,0.651459161023858,4.289000034332275,1.0,0,1,1,0,0.21272821724414825,-6.206628322601318,0.1462361201601816,FOLLOW_MAIN,cascade_pd_tracking,follow_main,inner_wheel_pd,lidar_disabled,FOLLOW_MAIN,COMMITTED,DROPOUT,1,1,1,1,1,1,3,0.3801920413970947,0.3767993450164795,0.39474940299987793,0.39121150970458984,7.414817810058594e-05,0.38382387161254883,0.04032797000036226,0.021467293001478538
1784810143.5843468,54.72330594062805,56.2,0.0562,56.2,0.04249994982450765,42.49994982450765,0.04249994982450765,42.49994982450765,0.41400000000000003,0.3099996275174067,0.3099996275174067,0.00031120930672504565,0.002328486875768601,0.02039997591576367,3.1120930672504564e-06,0.2231997318125328,2.328486875768601e-05,0.48,0.01,0.72,0.01,nan,0.1979890803739635,0.1979890803739635,0.19824291477253736,0.19712902779655697,0.18850000202655792,-0.2494584327333947,-0.2494584327333947,-0.20763953272035485,-0.20482699851939548,-0.25217390060424805,0.21482752458346766,0.20636637796433954,0.21533519338061535,0.18115063616445937,0.17583600185334125,0.18115063616445937,0.008461146619128113,0.0,0.04548716042185647,0.0007911953446454691,0.0005076687971476867,0.0,nan,1.0,0.0,0.34769076020861867,0.6599636012465451,4.230999946594238,1.0,0,1,1,0,0.29210367798805237,-6.197503566741943,0.09785002556955648,FOLLOW_MAIN,cascade_pd_tracking,follow_main,inner_wheel_pd,lidar_disabled,FOLLOW_MAIN,COMMITTED,UNKNOWN,1,1,1,1,1,1,1,0.0036013126373291016,9.775161743164062e-05,0.04156184196472168,0.03831815719604492,0.011472463607788086,0.007541656494140625,0.01329585399980715,0.03987991400026658
1784810143.6375787,54.77653789520264,56.2,0.0562,56.2,0.04249994982450765,42.49994982450765,0.04249994982450765,42.49994982450765,0.41400000000000003,0.3099996275174067,0.3099996275174067,0.00031120930672504565,0.002328486875768601,0.02039997591576367,3.1120930672504564e-06,0.2231997318125328,2.328486875768601e-05,0.48,0.01,0.72,0.01,nan,0.19656837224584983,0.19656837224584983,0.19656837224584983,0.19656837224584983,0.18850000202655792,-0.24868356163398816,-0.24868356163398816,-0.20392052053987017,-0.20392052053987017,-0.25217390060424805,0.21335451265614402,0.20636637796433954,0.21335451265614402,0.17978223183555564,0.17583600185334125,0.17978223183555564,0.0,0.0,-0.011414922308975842,0.0006050914133350991,0.0,0.0,nan,1.0,0.0,0.34769076020861867,0.6552279074861661,3.321000099182129,1.0,0,1,1,0,0.29210367798805237,-6.197503566741943,0.043633158395908644,FOLLOW_MAIN,cascade_pd_tracking,follow_main,inner_wheel_pd,lidar_disabled,FOLLOW_MAIN,COMMITTED,UNKNOWN,1,1,1,1,1,1,1,0.014659404754638672,0.011021852493286133,0.007561922073364258,0.004000663757324219,0.0002117156982421875,0.018291234970092773,0.05352065700026287,0.0801047170007223
1784810144.0442064,55.183165550231934,56.2,0.0562,56.2,0.04249994982450765,42.49994982450765,0.04249994982450765,42.49994982450765,0.41400000000000003,0.3099996275174067,0.3099996275174067,0.00031120930672504565,0.002328486875768601,0.02039997591576367,3.1120930672504564e-06,0.2231997318125328,2.328486875768601e-05,0.48,0.01,0.72,0.01,nan,0.1954819583216887,0.1954819583216887,0.1954819583216887,0.1907295085504439,0.19574999809265137,-0.24839843583950977,-0.24839843583950977,-0.20368671738839786,-0.2127249134345399,-0.18913045525550842,0.2122488527408556,0.20745352938559958,0.2122488527408556,0.1787150639025218,0.179450369235859,0.1787150639025218,0.0,0.0,-0.010007150764685918,0.0005304671232759798,0.0,0.0,nan,1.0,0.0,0.34769076020861867,0.6516065277389623,3.321000099182129,1.0,0,1,1,0,0.30851757526397705,-6.196525573730469,0.043633158395908644,FOLLOW_MAIN,cascade_pd_tracking,follow_main,inner_wheel_pd,lidar_disabled,FOLLOW_MAIN,COMMITTED,UNKNOWN,1,1,1,1,1,1,1,7.2479248046875e-05,0.3948044776916504,0.3913087844848633,0.38770461082458496,0.4067389965057373,0.40251922607421875,0.07326389099944208,0.015301894000003813
1784810144.0963924,55.2353515625,53.300000000000004,0.05330000000000001,53.300000000000004,0.05473779707776946,54.737797077769464,0.05473779707776946,54.737797077769464,0.391,0.40235972530365516,0.40235972530365516,0.011310486398845042,0.08513598740254376,0.026274142597329343,0.00011310486398845042,0.2896990022186317,0.0008513598740254376,0.48,0.01,0.72,0.01,nan,0.1568724680821046,0.1568724680821046,0.15541778909592316,0.15541778909592316,0.1667499989271164,-0.3506491655298208,-0.3506491655298208,-0.2858802175734155,-0.2858802175734155,-0.44130435585975647,0.18054128675536749,0.20705253461184703,0.1789506118839787,0.1332036494088417,0.155181701091743,0.1318849663078676,-0.026511247856479542,-0.021978051682901317,-0.004563420990573039,0.06917094002579563,-0.0015906748713887724,-0.0013186831009740789,nan,1.0,0.0,0.42327568159791507,0.5229082269403487,3.11899995803833,1.0,0,1,1,0,0.3861716687679291,-6.195424556732178,0.00047987302627927044,FOLLOW_MAIN,cascade_pd_tracking,follow_main,inner_wheel_pd,lidar_disabled,FOLLOW_MAIN,COMMITTED,HOLD,1,1,1,1,1,1,2,0.010287046432495117,0.006882667541503906,0.003523111343383789,0.00012922286987304688,0.017211437225341797,0.01375126838684082,0.031143214999246993,0.05052754099961021
1784810144.1493247,55.288283824920654,53.300000000000004,0.05330000000000001,53.300000000000004,0.05473779707776946,54.737797077769464,0.05473779707776946,54.737797077769464,0.391,0.40235972530365516,0.40235972530365516,0.011310486398845042,0.08513598740254376,0.026274142597329343,0.00011310486398845042,0.2896990022186317,0.0008513598740254376,0.48,0.01,0.72,0.01,nan,0.15629842289908852,0.15629842289908852,0.1551883438110931,0.1551883438110931,0.1667499989271164,-0.3506263850480047,-0.3506263850480047,-0.29008112067260694,-0.29008112067260694,-0.18913045525550842,0.17996570388982883,0.19494455793784357,0.17906697264694793,0.1326311419083482,0.1546549241268477,0.13130971497523825,-0.014978854048014745,-0.022023782218499488,0.06025391771246856,0.05308564848968349,-0.0008987312428808846,-0.0013214269331099692,nan,1.0,0.0,0.42327568159791507,0.5209947429969618,3.1389999389648438,1.0,0,1,1,0,0.3994746804237366,-6.196417331695557,-0.08960897048876086,FOLLOW_MAIN,cascade_pd_tracking,follow_main,inner_wheel_pd,lidar_disabled,FOLLOW_MAIN,COMMITTED,HOLD,1,1,1,1,1,1,2,6.771087646484375e-05,0.02552056312561035,0.02198481559753418,0.01839613914489746,0.014585494995117188,0.0036644935607910156,0.06963901499875647,0.019507085000441293
1784810144.5595772,55.69853639602661,52.2,0.0522,52.2,0.05407482626559451,54.07482626559451,0.05407482626559451,54.07482626559451,0.382,0.3971217355851532,0.3971217355851532,0.006874651660373545,0.051015214257883135,0.025955916607485363,6.874651660373545e-05,0.2859276496213103,0.0005101521425788314,0.48,0.01,0.72,0.01,nan,0.15639903130891614,0.15639903130891614,0.15529498872551037,0.15529498872551037,0.1667499989271164,-0.34569847927050135,-0.34569847927050135,-0.2857977849708014,-0.2857977849708014,-0.18913045525550842,0.179733678659675,0.19494455793784357,0.17882102590298488,0.13306438395815728,0.1546549241268477,0.13176895154803586,-0.015210879278168582,-0.021590540168690414,0.05157991678328842,0.04943448480583176,-0.0009126527566901149,-0.001295432410121425,nan,1.0,0.0,0.35740859465446567,0.5213301043630538,3.1389999389648438,1.0,0,1,1,0,0.3994746804237366,-6.196417331695557,-0.08960897048876086,FOLLOW_MAIN,cascade_pd_tracking,follow_main,inner_wheel_pd,lidar_disabled,FOLLOW_MAIN,COMMITTED,UNKNOWN,1,1,1,1,1,1,1,6.961822509765625e-05,0.4068570137023926,0.4034843444824219,0.40011024475097656,0.4248344898223877,0.4139130115509033,0.014602171000660746,0.03865767100069206
1784810144.6102595,55.749218702316284,18.400000000000002,0.018400000000000003,18.400000000000002,0.047485276953174636,47.48527695317463,0.047485276953174636,47.48527695317463,0.13,0.3466447181951581,0.3466447181951581,-0.011283955903537205,-0.08619268375106326,0.022792932937523824,-0.00011283955903537205,0.2495841971005138,-0.0008619268375106326,0.48,0.01,0.72,0.01,nan,0.17176329050090852,0.17176329050090852,0.17255278383264458,0.17516962650232604,0.15587499737739563,-0.3018854694489026,-0.3018854694489026,-0.24991856215261654,-0.2504694992000873,-0.28369566798210144,0.19214055968870944,0.1757274144991072,0.19312534840008558,0.1513860213131076,0.141482722111508,0.15198021926520358,0.01641314518960224,0.009903299201599602,0.07982569497484993,0.08947841732158696,0.0009847887113761343,0.0005941979520959761,nan,1.0,0.0,-0.16099999999999998,0.572544301669695,3.069999933242798,1.0,0,1,1,0,0.46594563126564026,-6.205158710479736,-0.15296775598799492,FOLLOW_MAIN,cascade_pd_tracking,follow_main,inner_wheel_pd,lidar_disabled,FOLLOW_MAIN,COMMITTED,HOLD,1,1,1,1,1,1,2,0.01840972900390625,0.014959573745727539,0.011418819427490234,0.007813215255737305,0.004010677337646484,0.0001347064971923828,0.02045729100063909,0.05008511500091117
1784810144.6629074,55.80186653137207,18.400000000000002,0.018400000000000003,18.400000000000002,0.047485276953174636,47.48527695317463,0.047485276953174636,47.48527695317463,0.13,0.3466447181951581,0.3466447181951581,-0.011283955903537205,-0.08619268375106326,0.022792932937523824,-0.00011283955903537205,0.2495841971005138,-0.0008619268375106326,0.48,0.01,0.72,0.01,nan,0.17852269923487088,0.17852269923487088,0.1797177570906447,0.1825544885245433,0.15587499737739563,-0.30342479194127764,-0.30342479194127764,-0.2512565412629893,-0.23758653925099527,-0.28369566798210144,0.19900387269090714,0.1757274144991072,0.20040046018241514,0.15804152577883462,0.141482722111508,0.15903505399887422,0.023276458191799937,0.01655880366732662,0.09096996044332559,0.09629672890968981,0.0013965874915079961,0.0009935282200395973,nan,1.0,0.0,-0.16099999999999998,0.5950756641162362,3.075000047683716,1.0,0,1,1,0,0.46594563126564026,-6.205158710479736,-0.19457655705997473,FOLLOW_MAIN,cascade_pd_tracking,follow_main,inner_wheel_pd,lidar_disabled,FOLLOW_MAIN,COMMITTED,HOLD,1,1,1,1,1,1,2,0.014961004257202148,0.011256694793701172,0.007673501968383789,0.004046916961669922,0.02282094955444336,0.00016546249389648438,0.0808762550004758,0.11050407900074788
1784810145.0498893,56.1888484954834,18.400000000000002,0.018400000000000003,18.400000000000002,0.047485276953174636,47.48527695317463,0.047485276953174636,47.48527695317463,0.13,0.3466447181951581,0.3466447181951581,-0.011283955903537205,-0.08619268375106326,0.022792932937523824,-0.00011283955903537205,0.2495841971005138,-0.0008619268375106326,0.48,0.01,0.72,0.01,nan,0.17852269923487088,0.17852269923487088,0.1797177570906447,0.1825544885245433,0.15587499737739563,-0.30342479194127764,-0.30342479194127764,-0.2512565412629893,-0.23758653925099527,-0.28369566798210144,0.19900387269090714,0.1757274144991072,0.20040046018241514,0.15804152577883462,0.141482722111508,0.15903505399887422,0.023276458191799937,0.01655880366732662,0.09096996044332559,0.09629672890968981,0.0013965874915079961,0.0009935282200395973,nan,1.0,0.0,-0.16099999999999998,0.5950756641162362,3.075000047683716,1.0,0,1,1,0,0.46594563126564026,-6.205158710479736,-0.19457655705997473,FOLLOW_MAIN,cascade_pd_tracking,follow_main,inner_wheel_pd,lidar_disabled,FOLLOW_MAIN,COMMITTED,HOLD,1,1,1,1,1,1,2,6.461143493652344e-05,0.3981809616088867,0.39459729194641113,0.39097023010253906,0.4097435474395752,0.3870875835418701,0.0808762550004758,0.11050407900074788
1784810145.1031113,56.24207043647766,33.7,0.0337,33.7,0.03470538625911011,34.705386259110114,0.03470538625911011,34.705386259110114,0.244,0.2550815370355785,0.2550815370355785,0.00044172236696357267,-0.04247901307993375,0.016658585404372855,4.417223669635727e-06,0.1836587066656165,-0.0004247901307993375,0.48,0.01,0.72,0.01,nan,0.2119885220721521,0.2119885220721521,0.213969340097765,0.213969340097765,0.18124999105930328,-0.20158519183284632,-0.20158519183284632,-0.16212763660317378,-0.16212763660317378,-0.25217390060424805,0.22559552252086923,0.19693402081825187,0.22731521262302626,0.19838152162343498,0.16101575580562208,0.20062346757250374,0.02866150170261736,0.037365765817812896,-0.03843940619036441,-0.041349381349269784,0.0017196901021570416,0.0022419459490687736,nan,1.0,0.0,0.5464294273677073,0.7066284069071737,2.9579999446868896,1.0,0,1,1,0,0.5433954000473022,-6.224581718444824,-0.2786133944379216,FOLLOW_MAIN,cascade_pd_tracking,follow_main,inner_wheel_pd,lidar_disabled,FOLLOW_MAIN,COMMITTED,UNKNOWN,1,1,1,1,1,1,1,5.9604644775390625e-05,0.017859458923339844,0.014347314834594727,0.010952234268188477,0.007419109344482422,0.0036678314208984375,0.018571603000964387,0.09983134100002644
1784810145.1531181,56.29207730293274,31.0,0.031,31.0,0.03430149372357359,34.30149372357359,0.03430149372357359,34.30149372357359,0.224,0.25062976534048564,0.25062976534048564,-0.0008573191007547633,-0.04800255521452572,0.016464716987315324,-8.573191007547633e-06,0.18045343104514966,-0.0004800255521452572,0.48,0.01,0.72,0.01,nan,0.2042908711574677,0.2042908711574677,0.2042908711574677,0.20825457771297282,0.20662498474121094,-0.19686789884403394,-0.19686789884403394,-0.16143167705210779,-0.16152788235973317,-0.15760870277881622,0.21757945432943998,0.21111234578092708,0.21757945432943998,0.1910022879854954,0.185405134130753,0.1910022879854954,0.0,0.0,-0.19907966405369032,-0.25563537149271054,0.0,0.0,nan,1.0,0.0,0.667629653512825,0.6809695705248924,2.9200000762939453,1.0,0,1,1,0,0.5708535313606262,-6.233684062957764,-0.342161016886949,FOLLOW_MAIN,cascade_pd_tracking,follow_main,inner_wheel_pd,lidar_disabled,FOLLOW_MAIN,COMMITTED,UNKNOWN,1,1,1,1,1,1,1,0.0067157745361328125,0.0033292770385742188,4.887580871582031e-05,0.018091917037963867,0.014242410659790039,0.010754823684692383,0.01671439599886071,0.016168562000530073
1784810145.5678818,56.70684099197388,31.0,0.031,31.0,0.03430149372357359,34.30149372357359,0.03430149372357359,34.30149372357359,0.224,0.25062976534048564,0.25062976534048564,-0.0008573191007547633,-0.04800255521452572,0.016464716987315324,-8.573191007547633e-06,0.18045343104514966,-0.0004800255521452572,0.48,0.01,0.72,0.01,nan,0.2042908711574677,0.2042908711574677,0.2042908711574677,0.2042908711574677,0.20662498474121094,-0.19686789884403394,-0.19686789884403394,-0.16143167705210779,-0.16143167705210779,-0.15760870277881622,0.21757945432943998,0.21111234578092708,0.21757945432943998,0.1910022879854954,0.185405134130753,0.1910022879854954,0.0,0.0,-0.19907966405369032,-0.25563537149271054,0.0,0.0,nan,1.0,0.0,0.667629653512825,0.6809695705248924,2.9200000762939453,1.0,0,1,1,0,0.5708535313606262,-6.233684062957764,-0.34673150357472315,FOLLOW_MAIN,cascade_pd_tracking,follow_main,inner_wheel_pd,lidar_disabled,FOLLOW_MAIN,COMMITTED,UNKNOWN,1,1,1,1,1,1,1,0.00012111663818359375,0.41814208030700684,0.41486167907714844,0.4115273952484131,0.40810155868530273,0.4255683422088623,0.01671439599886071,0.016168562000530073
1784810145.6180437,56.75700283050537,18.1,0.0181,18.1,0.023438150225084983,23.438150225084982,0.023438150225084983,23.438150225084982,0.13,0.16964180842744564,0.16964180842744564,-0.021568093425773212,-0.1686201438188406,0.011250312108040792,-0.00021568093425773213,0.12214210206776085,-0.0016862014381884062,0.48,0.01,0.72,0.01,nan,0.19166605391313207,0.19166605391313207,0.19081641302323998,0.19081641302323998,0.1993749886751175,-0.12624915567942627,-0.12624915567942627,-0.10004599088785836,-0.10004599088785836,-0.22065214812755585,0.20018787192149334,0.219120634353146,0.19905190617559418,0.1831442359047708,0.19253283646952118,0.1825809198708858,-0.01893276243165265,-0.009388600564750382,0.008673177607167052,0.04072694674163557,-0.001135965745899159,-0.000563316033885023,nan,1.0,0.0,0.8190564221053103,0.6388868463771069,2.8420000076293945,1.0,0,1,1,0,0.65123051404953,-6.2647786140441895,-0.38758355155860086,FOLLOW_MAIN,cascade_pd_tracking,follow_main,inner_wheel_pd,lidar_disabled,FOLLOW_MAIN,COMMITTED,UNKNOWN,1,1,1,1,1,1,1,0.010812759399414062,0.007157325744628906,0.0035698413848876953,0.0001666545867919922,0.01881861686706543,0.014939546585083008,0.05012024500138068,0.07556074700005411
1784810146.0540345,57.19299364089966,14.9,0.0149,14.9,0.020462590732245784,20.462590732245783,0.020462590732245784,20.462590732245783,0.107,0.14754491073706247,0.14754491073706247,-0.0240310806674078,-0.1845588394700006,0.009822043551477975,-0.000240310806674078,0.10623233573068497,-0.001845588394700006,0.48,0.01,0.72,0.01,nan,0.1946721813914996,0.1946721813914996,0.19390430147108573,0.19208356171049315,0.21024999022483826,-0.10771053835422795,-0.10990822037859418,-0.0807964216772711,-0.09377018239924569,-0.37826088070869446,0.2020909862670547,0.2276869836141843,0.20055522642622695,0.1872533765159445,0.1885147076466371,0.1872533765159445,-0.025595997347129584,0.0,-0.024566458179035352,0.07173755379498166,-0.001535759840827775,0.0,nan,1.0,0.0,0.8888610300574542,0.6489072713049987,2.8420000076293945,1.0,0,1,1,0,0.6671801209449768,-6.271859645843506,-0.4492085417729889,FOLLOW_MAIN,cascade_pd_tracking,follow_main,inner_wheel_pd,lidar_disabled,FOLLOW_MAIN,COMMITTED,UNKNOWN,1,1,1,1,1,1,1,0.40183424949645996,0.38698554039001465,7.200241088867188e-05,0.41361474990844727,0.3944275379180908,0.39081764221191406,0.013414632001513382,0.0500528740012669
1784810146.106943,57.2459020614624,9.9,0.0099,9.9,0.013717120532105083,13.717120532105083,0.013717120532105083,13.717120532105083,0.07100000000000001,0.09871855622715447,0.09871855622715447,-0.016889975969328716,-0.12444074291397292,0.006584217855410439,-0.00016889975969328717,0.07107736048355122,-0.0012444074291397293,0.48,0.01,0.72,0.01,nan,0.2065028943524,0.2065028943524,0.20809025208600707,0.208851033568252,0.18849998712539673,-0.06625891686428108,-0.06625891686428108,-0.03504885491674307,-0.05199967578136756,-0.7565217018127441,0.21097537124073895,0.20810708521530963,0.21097537124073895,0.20203041746406103,0.1491184930104924,0.20520513293127515,0.0,0.052911924453568626,-0.11654829595906718,0.13553359147210403,0.0,0.0031747154672141175,nan,1.0,0.0,1.080705788851431,0.6883429811746666,2.802999973297119,1.0,0,1,1,0,0.7430074214935303,-6.312341213226318,-0.5063890028292978,FOLLOW_MAIN,cascade_pd_tracking,follow_main,inner_wheel_pd,lidar_disabled,FOLLOW_MAIN,COMMITTED,UNKNOWN,1,1,1,1,1,1,1,0.0038106441497802734,0.00012445449829101562,0.0179901123046875,0.01454305648803711,0.010973215103149414,0.0074291229248046875,0.03200825299973076,0.0019066700006078463
1784810146.158815,57.29777407646179,8.0,0.008,8.0,0.012018162870859432,12.018162870859433,0.012018162870859432,12.018162870859433,0.058,0.08638133683240261,0.08638133683240261,-0.01839056006532896,-0.13496136717699453,0.005768718178012527,-0.0001839056006532896,0.06219456251932987,-0.0013496136717699454,0.48,0.01,0.72,0.01,nan,0.20633187778848722,0.20633187778848722,0.2079356889844055,0.20776378696135905,0.18849998712539673,-0.05560017156619909,-0.05560017156619909,-0.02610880467460927,-0.025960451042330027,-0.7565217018127441,0.21008488936920566,0.20810708521530963,0.21008488936920566,0.20257886620776877,0.1491184930104924,0.20578648859960535,0.0,0.05346037319727637,-0.0888917002844097,0.10706328094537887,0.0,0.003207622391836582,nan,1.0,0.0,1.141212383225957,0.6877729259616241,2.802999973297119,1.0,0,1,1,0,0.7430074214935303,-6.312341213226318,-0.5204475571253697,FOLLOW_MAIN,cascade_pd_tracking,follow_main,inner_wheel_pd,lidar_disabled,FOLLOW_MAIN,COMMITTED,UNKNOWN,1,1,1,1,1,1,1,0.010951995849609375,0.007267951965332031,0.003648519515991211,0.00013494491577148438,0.019162654876708984,0.015156984329223633,0.001967632999367197,0.04253971499929321
1784810146.567318,57.7062771320343,8.0,0.008,8.0,0.012018162870859432,12.018162870859433,0.012018162870859432,12.018162870859433,0.058,0.08638133683240261,0.08638133683240261,-0.01839056006532896,-0.13496136717699453,0.005768718178012527,-0.0001839056006532896,0.06219456251932987,-0.0013496136717699454,0.48,0.01,0.72,0.01,nan,0.20633187778848722,0.20633187778848722,0.2079356889844055,0.20776378696135905,0.18849998712539673,-0.05560017156619909,-0.05560017156619909,-0.02610880467460927,-0.025960451042330027,-0.7565217018127441,0.21008488936920566,0.20810708521530963,0.21008488936920566,0.20257886620776877,0.1491184930104924,0.20578648859960535,0.0,0.05346037319727637,-0.0888917002844097,0.10706328094537887,0.0,0.003207622391836582,nan,1.0,0.0,1.141212383225957,0.6877729259616241,2.802999973297119,1.0,0,1,1,0,0.7430074214935303,-6.312341213226318,-0.5809691498948751,FOLLOW_MAIN,cascade_pd_tracking,follow_main,inner_wheel_pd,lidar_disabled,FOLLOW_MAIN,COMMITTED,UNKNOWN,1,1,1,1,1,1,1,0.41940903663635254,0.415724515914917,0.3972165584564209,0.40859031677246094,0.40462183952331543,7.43865966796875e-05,0.001967632999367197,0.04253971499929321
1784810146.6211243,57.76008343696594,-28.900000000000002,-0.028900000000000002,-28.900000000000002,-0.02676077685908611,-26.76077685908611,-0.02676077685908611,-26.76077685908611,-0.20800000000000002,-0.1490397581022583,-0.1490397581022583,-0.06417453207922201,-0.45745687251262435,-0.012845172892361333,-0.0006417453207922201,-0.10730862583362598,-0.004574568725126244,0.48,0.01,0.72,0.01,nan,0.20842836619234556,0.20842836619234556,0.20771199923641537,0.20771199923641537,0.22112500667572021,0.14336323643949153,0.08910143164976035,0.08176570586188145,0.08176570586188145,0.03152172267436981,0.20241401955598673,0.22629291808699334,0.20098128564412635,0.2144427128287044,0.2186933901120646,0.2144427128287044,-0.02387889853100661,0.0,-0.07458968457413215,-0.1299785833063644,-0.0014327339118603965,0.0,nan,1.0,0.0,1.2099222269365908,0.6947612206411519,2.1600000858306885,1.0,0,1,1,0,0.825270414352417,-6.375112056732178,-0.6883323869967426,FOLLOW_MAIN,cascade_pd_tracking,follow_main,inner_wheel_pd,lidar_disabled,FOLLOW_MAIN,COMMITTED,DROPOUT,1,1,1,1,1,1,3,0.47324132919311523,0.014568805694580078,0.011060714721679688,0.0076024532318115234,0.0040400028228759766,0.00011229515075683594,0.004340061999755562,0.05278517400074634
1784810146.6788812,57.817840337753296,-28.900000000000002,-0.028900000000000002,-28.900000000000002,-0.02676077685908611,-26.76077685908611,-0.02676077685908611,-26.76077685908611,-0.20800000000000002,-0.1490397581022583,-0.1490397581022583,-0.06417453207922201,-0.45745687251262435,-0.012845172892361333,-0.0006417453207922201,-0.10730862583362598,-0.004574568725126244,0.48,0.01,0.72,0.01,nan,0.1908196880419419,0.1908196880419419,0.18957353277771177,0.18957353277771177,0.203000009059906,0.14263365684259177,0.12083595149924806,0.1045158609619655,0.1045158609619655,0.06304347515106201,0.18266326131574268,0.21088273318805992,0.18097009300340364,0.19897611476814114,0.21229515170349492,0.1981769725520199,-0.028219471872317242,-0.013319036935353773,-0.060642261921347404,-0.15244686606518904,-0.0016931683123390345,-0.0007991422161212264,nan,1.0,0.0,1.2099222269365908,0.636065626806473,1.4889999628067017,1.0,0,1,1,0,0.8405309915542603,-6.387556076049805,-0.677961660370399,FOLLOW_MAIN,cascade_pd_tracking,follow_main,inner_wheel_pd,lidar_disabled,FOLLOW_MAIN,COMMITTED,DROPOUT,1,1,1,1,1,1,3,0.5310554504394531,0.009185075759887695,0.0203554630279541,0.01707291603088379,0.013379573822021484,0.035721540451049805,0.0620391889988241,0.012133704000007128
1784810147.0998986,58.23885774612427,-28.900000000000002,-0.028900000000000002,-28.900000000000002,-0.02676077685908611,-26.76077685908611,-0.02676077685908611,-26.76077685908611,-0.20800000000000002,-0.1490397581022583,-0.1490397581022583,-0.06417453207922201,-0.45745687251262435,-0.012845172892361333,-0.0006417453207922201,-0.10730862583362598,-0.004574568725126244,0.48,0.01,0.72,0.01,nan,0.1908196880419419,0.1908196880419419,0.18957353277771177,0.18957353277771177,0.203000009059906,0.14263365684259177,0.12083595149924806,0.1045158609619655,0.1045158609619655,0.06304347515106201,0.18266326131574268,0.21088273318805992,0.18097009300340364,0.19897611476814114,0.21229515170349492,0.1981769725520199,-0.028219471872317242,-0.013319036935353773,-0.060642261921347404,-0.15244686606518904,-0.0016931683123390345,-0.0007991422161212264,nan,1.0,0.0,1.2099222269365908,0.636065626806473,1.4889999628067017,1.0,0,1,1,0,0.8405309915542603,-6.387556076049805,-0.677961660370399,FOLLOW_MAIN,cascade_pd_tracking,follow_main,inner_wheel_pd,lidar_disabled,FOLLOW_MAIN,COMMITTED,DROPOUT,1,1,1,1,1,1,3,6.747245788574219e-05,0.430117130279541,0.441286563873291,0.4380030632019043,0.434307336807251,0.4566481113433838,0.0620391889988241,0.012133704000007128
1784810147.1510699,58.29002904891968,-4.7,-0.0047,-4.7,-0.010125754036872941,-10.12575403687294,0.0,0.0,-0.034,-0.07135122092696478,-0.07135122092696478,0.05385754031893879,0.1271451286259763,0.0,0.0005385754031893879,-0.05137287906741464,0.001271451286259763,0.48,0.01,0.72,0.01,nan,0.22652469490204344,0.20066007197463506,0.19936600169793595,0.19568353872376076,0.2175000011920929,0.05859728826035772,0.05859728826035772,0.05049581501501339,0.053189453250837446,0.0630435049533844,0.19670475501706092,0.22162843865925363,0.19520933399852936,0.2046153889322092,0.2228273811799869,0.20352266939734254,-0.024923683642192718,-0.018211992247777697,0.07203908676760648,-0.022587558273830126,-0.001495421018531563,-0.0010927195348666618,nan,1.0,0.0,0.426,0.7550823163401448,2.878999948501587,1.0,0,1,1,0,0.9155008792877197,-6.450174331665039,-0.6973789337402594,FOLLOW_MAIN,cascade_pd_tracking,follow_main,inner_wheel_pd,lidar_disabled,FOLLOW_MAIN,COMMITTED,HOLD,1,1,1,1,1,1,2,0.00754857063293457,0.003848552703857422,0.0001780986785888672,0.01966238021850586,0.015604257583618164,0.011606931686401367,0.06850316199961526,0.002430966000247281
1784810147.578357,58.71731615066528,-3.7,-0.0037,-3.7,-0.007704329979001067,-7.704329979001067,0.0,0.0,-0.026000000000000002,-0.054681990377847295,-0.054681990377847295,0.042516893665459014,0.14985628910717624,0.0,0.00042516893665459017,-0.03937103307205005,0.0014985628910717625,0.48,0.01,0.72,0.01,nan,0.23265319239754406,0.20383597325453623,0.2027324570546312,0.2027324570546312,0.2175000011920929,0.04568340882194848,0.04568340882194848,0.039271071007147995,0.039271071007147995,0.0630435049533844,0.2007523431590547,0.22162843865925363,0.1994997774290428,0.20691960335001774,0.2228273811799869,0.2059651366802196,-0.02087609550019892,-0.01590777782996916,0.08838477963488729,-0.005399453555959643,-0.0012525657300119352,-0.0009544666697981496,nan,1.0,0.0,0.31999999999999995,0.7755106413251469,2.878999948501587,1.0,0,1,1,0,0.9155008792877197,-6.450174331665039,-0.7002156823068472,FOLLOW_MAIN,cascade_pd_tracking,follow_main,inner_wheel_pd,lidar_disabled,FOLLOW_MAIN,COMMITTED,HOLD,1,1,1,1,1,1,2,0.4122288227081299,0.40872883796691895,0.4052858352661133,0.4019052982330322,0.39830613136291504,6.961822509765625e-05,0.017420267999114003,0.022280348999629496
1784810147.6288424,58.76780152320862,-25.400000000000002,-0.025400000000000002,-25.400000000000002,-0.019934253015573222,-19.934253015573223,-0.019934253015573222,-19.934253015573223,-0.182,-0.13722399100575688,-0.13722399100575688,-0.03237810755961018,-0.16597768685495973,-0.009568441447475146,-0.0003237810755961018,-0.09880127352414496,-0.0016597768685495972,0.48,0.01,0.72,0.01,nan,0.2118464836281398,0.2118464836281398,0.213250691850715,0.21450985470251477,0.2029999941587448,0.1232690688192108,0.1232690688192108,0.10300112567762654,0.1048500430496476,0.12608692049980164,0.20352582148284307,0.18275716866952613,0.2047719406516421,0.22016714577343652,0.19412885783424633,0.22172944304978792,0.02076865281331694,0.02603828793919019,-0.07402106744197773,-0.06596187182503162,0.0012461191687990164,0.0015622972763514114,nan,1.0,0.0,0.7180601732014337,0.7061549454271326,2.819999933242798,1.0,0,1,1,0,0.9813664555549622,-6.503337860107422,-0.681932761467884,FOLLOW_MAIN,cascade_pd_tracking,follow_main,inner_wheel_pd,lidar_disabled,FOLLOW_MAIN,COMMITTED,UNKNOWN,1,1,1,1,1,1,1,0.00371551513671875,0.00013208389282226562,0.018912076950073242,0.015484333038330078,0.011631965637207031,0.00781559944152832,0.1919233720000193,0.016784266001195647
1784810147.6806786,58.81963777542114,21.5,0.0215,21.5,-0.024596419780241584,-24.596419780241586,-0.024596419780241584,-24.596419780241586,0.152,-0.1754169812012855,-0.1754169812012855,-0.025891032023346167,-0.16599611543040327,-0.01180628149451596,-0.00025891032023346166,-0.12630022646492556,-0.0016599611543040328,0.48,0.01,0.72,0.01,nan,0.2101197601166981,0.2101197601166981,0.21142036492858685,0.21142036492858685,0.2029999941587448,0.15247401710000183,0.1348442364875065,0.11306226141490905,0.11306226141490905,0.12608692049980164,0.20101777415379143,0.18275716866952613,0.20211341048284737,0.2192217460796048,0.19412885783424633,0.2207273193743263,0.018260605484265308,0.025092888245358463,-0.07220052723426962,-0.05629148369073711,0.0010956363290559185,0.0015055732947215077,nan,1.0,0.0,0.135,0.7003992003889937,2.819999933242798,1.0,0,1,1,0,0.9813664555549622,-6.503337860107422,-0.6599305342193665,FOLLOW_MAIN,cascade_pd_tracking,follow_main,inner_wheel_pd,lidar_disabled,FOLLOW_MAIN,COMMITTED,UNKNOWN,1,1,1,1,1,1,1,0.010703086853027344,0.007040262222290039,0.0035812854766845703,0.00012159347534179688,0.01866912841796875,0.014718770980834961,0.0015108909992704866,0.056433272000504076
1784810148.0947025,59.23366165161133,21.5,0.0215,21.5,-0.024596419780241584,-24.596419780241586,-0.024596419780241584,-24.596419780241586,0.152,-0.1754169812012855,-0.1754169812012855,-0.025891032023346167,-0.16599611543040327,-0.01180628149451596,-0.00025891032023346166,-0.12630022646492556,-0.0016599611543040328,0.48,0.01,0.72,0.01,nan,0.2101197601166981,0.2101197601166981,0.21142036492858685,0.21142036492858685,0.2029999941587448,0.15247401710000183,0.1348442364875065,0.11306226141490905,0.11306226141490905,0.12608692049980164,0.20101777415379143,0.18275716866952613,0.20211341048284737,0.2192217460796048,0.19412885783424633,0.2207273193743263,0.018260605484265308,0.025092888245358463,-0.07220052723426962,-0.05629148369073711,0.0010956363290559185,0.0015055732947215077,nan,1.0,0.0,0.135,0.7003992003889937,2.819999933242798,1.0,0,1,1,0,0.9813664555549622,-6.503337860107422,-0.6527751049081704,FOLLOW_MAIN,cascade_pd_tracking,follow_main,inner_wheel_pd,lidar_disabled,FOLLOW_MAIN,COMMITTED,UNKNOWN,1,1,1,1,1,1,1,0.4247307777404785,0.4210681915283203,0.41760921478271484,0.41414928436279297,0.00010585784912109375,0.42874622344970703,0.0015108909992704866,0.056433272000504076
1784810148.1451962,59.28415536880493,-23.200000000000003,-0.023200000000000002,-23.200000000000003,-0.024655779528160802,-24.655779528160803,-0.024655779528160802,-24.655779528160803,-0.166,-0.17694483480787981,-0.17694483480787981,-0.0067716124971257605,-0.04537533571096172,-0.011834774173517184,-6.771612497125761e-05,-0.12740028106167345,-0.00045375335710961726,0.48,0.01,0.72,0.01,nan,0.24871793010563187,0.24871793010563187,0.2500007921309658,0.2500007921309658,0.22837498784065247,0.14287900621732422,0.14287900621732422,0.12208317595143633,0.12208317595143633,0.03152172267436981,0.2390735971859625,0.22444584356440245,0.2399512624032561,0.25836226302530124,0.23022794913573036,0.2600503218586755,0.014627753621560047,0.028134313889570883,0.044441944967335896,0.07052654356186386,0.0008776652172936027,0.001688058833374253,nan,1.0,0.0,-0.13572069352890212,0.8290597670187729,2.7330000400543213,1.0,0,1,1,0,1.06803297996521,-6.5678863525390625,-0.6314666771833674,FOLLOW_MAIN,cascade_pd_tracking,follow_main,inner_wheel_pd,lidar_disabled,FOLLOW_MAIN,COMMITTED,HOLD,1,1,1,1,1,1,2,6.365776062011719e-05,0.018359899520874023,0.014792203903198242,0.011211633682250977,0.007419586181640625,0.0036711692810058594,0.05767442300020775,0.04665201700117905
1784810148.603216,59.74217510223389,-21.3,-0.0213,-21.3,-0.024031736751238077,-24.03173675123808,-0.024031736751238077,-24.03173675123808,-0.153,-0.17225315933480956,-0.17225315933480956,-0.003549418212054769,-0.022260646482708757,-0.011535233640594276,-3.549418212054769e-05,-0.12402227472106288,-0.00022260646482708758,0.48,0.01,0.72,0.01,nan,0.24893673717140907,0.24893673717140907,0.2502028728147237,0.2500814866300444,0.22837500274181366,0.1384844380160229,0.1384844380160229,0.11704339179683695,0.11693757387341862,0.09456519782543182,0.23958903760532752,0.22326960822690564,0.24056820336803283,0.25828443673749063,0.2323993446720927,0.25983754226141453,0.016319429378421874,0.025885092065397936,0.04403258702491376,0.03983474530929766,0.0009791657627053125,0.001553105523923876,nan,1.0,0.0,-0.1452774885789787,0.829789123904697,2.6700000762939453,1.0,0,1,1,0,1.0828542709350586,-6.578568935394287,-0.6245320525192247,FOLLOW_MAIN,cascade_pd_tracking,follow_main,inner_wheel_pd,lidar_disabled,FOLLOW_MAIN,COMMITTED,HOLD,1,1,1,1,1,1,2,0.4371933937072754,0.433638334274292,0.4300715923309326,0.4265127182006836,0.4226212501525879,8.988380432128906e-05,0.031160529999397113,0.008998587998576113
1784810148.6536648,59.79262399673462,-13.0,-0.013,-13.0,-0.015805843150855606,-15.805843150855607,-0.015805843150855606,-15.805843150855607,-0.093,-0.11345663938538547,-0.11345663938538547,0.013580928054591582,0.09769795351412643,-0.00758680471241069,0.00013580928054591582,-0.08168878035747754,0.0009769795351412642,0.48,0.01,0.72,0.01,nan,0.26005417599199077,0.26005417599199077,0.2612486033782005,0.25993931722309355,0.23925000429153442,0.07702760703190711,0.07702760703190711,0.0645178606095819,0.06452198472600004,-3.2393828064414265e-08,0.25485481251733705,0.23680698904657987,0.25593768192558247,0.2652535394666445,0.24348711673041046,0.2665595248308185,0.018047823470757174,0.021766422736234026,0.013466474907834312,0.02952605061532503,0.0010828694082454305,0.0013059853641740416,nan,1.0,0.0,-0.16265005567839216,0.8668472533066359,3.5810000896453857,1.0,0,1,1,0,1.164736032485962,-6.634095191955566,-0.5932310398275024,FOLLOW_MAIN,cascade_pd_tracking,follow_main,inner_wheel_pd,lidar_disabled,FOLLOW_MAIN,COMMITTED,HOLD,1,1,1,1,1,1,2,0.007440328598022461,0.003774881362915039,0.0001423358917236328,0.03637361526489258,0.014774084091186523,0.011131525039672852,0.04714579600113211,0.07074512899998808
1784810149.1207237,60.25968289375305,-13.0,-0.013,-13.0,-0.015805843150855606,-15.805843150855607,-0.015805843150855606,-15.805843150855607,-0.093,-0.11345663938538547,-0.11345663938538547,0.013580928054591582,0.09769795351412643,-0.00758680471241069,0.00013580928054591582,-0.08168878035747754,0.0009769795351412642,0.48,0.01,0.72,0.01,nan,0.2610673072476613,0.2610673072476613,0.2623225225092113,0.2623225225092113,0.23925000429153442,0.07702402229320618,0.07702402229320618,0.06451474475470312,0.06451474475470312,-3.2393828064414265e-08,0.2558681857428699,0.23680698904657987,0.2570118575446473,0.2662664287524527,0.24348711673041046,0.26763318747377524,0.019061196696290028,0.022779312022042253,0.018077323148221466,0.03209806704472327,0.0011436718017774016,0.0013667587213225352,nan,1.0,0.0,-0.16265005567839216,0.8702243574922044,3.5810000896453857,1.0,0,1,1,0,1.164736032485962,-6.634095191955566,-0.5777853214413441,FOLLOW_MAIN,cascade_pd_tracking,follow_main,inner_wheel_pd,lidar_disabled,FOLLOW_MAIN,COMMITTED,HOLD,1,1,1,1,1,1,2,8.845329284667969e-05,0.44799113273620605,0.4444425106048584,0.46356701850891113,0.44036269187927246,0.43596506118774414,0.06747862300107954,0.09107795599993551
1784810149.171163,60.31012225151062,-4.800000000000001,-0.0048000000000000004,-4.800000000000001,-0.006910065892285237,-6.910065892285237,0.0,0.0,-0.034,-0.049093287784459316,-0.049093287784459316,0.02139294146159964,0.11857053594732425,0.0,0.0002139294146159964,-0.03534716720481071,0.0011857053594732426,0.48,0.01,0.72,0.01,nan,0.28932172477519513,0.28932172477519513,0.2910415733138374,0.2919079584471487,0.26462501287460327,0.027862903963690594,0.027862903963690594,0.021128587898332954,0.0211327728114844,-0.03152165561914444,0.287440978757646,0.2564184614214788,0.28930232979781606,0.29120247079274425,0.26489670350750333,0.2927808168298587,0.031022517336167232,0.026305767285240922,0.033502794002949705,0.06077288073668584,0.0018613510401700338,0.0015783460371144552,nan,1.0,0.0,-0.16747300876692292,0.9644057492506505,3.4619998931884766,1.0,0,1,1,0,1.2906756401062012,-6.71231746673584,-0.5427334611546045,FOLLOW_MAIN,cascade_pd_tracking,follow_main,inner_wheel_pd,lidar_disabled,FOLLOW_MAIN,COMMITTED,HOLD,1,1,1,1,1,1,2,0.018192052841186523,0.014652252197265625,0.01121973991394043,0.007755756378173828,0.004077434539794922,0.00014066696166992188,0.030885621999914292,0.015253208999638446
1784810149.620385,60.75934410095215,-4.800000000000001,-0.0048000000000000004,-4.800000000000001,-0.006910065892285237,-6.910065892285237,0.0,0.0,-0.034,-0.049093287784459316,-0.049093287784459316,0.02139294146159964,0.11857053594732425,0.0,0.0002139294146159964,-0.03534716720481071,0.0011857053594732426,0.48,0.01,0.72,0.01,nan,0.29067837705698557,0.29067837705698557,0.29247962473253525,0.2919079584471487,0.26462501287460327,0.027871273181436153,0.027871273181436153,0.021135862422397473,0.0211327728114844,-0.03152165561914444,0.28879706611723865,0.2564184614214788,0.29073978239898424,0.2925596879967325,0.26489670350750333,0.29421946706608626,0.03237860469575987,0.02766298448922916,0.03350496410237757,0.05437215001239387,0.0019427162817455923,0.0016597790693537494,nan,1.0,0.0,-0.16747300876692292,0.9689279235232853,3.4619998931884766,1.0,0,1,1,0,1.2906756401062012,-6.71231746673584,-0.5253017815844822,FOLLOW_MAIN,cascade_pd_tracking,follow_main,inner_wheel_pd,lidar_disabled,FOLLOW_MAIN,COMMITTED,HOLD,1,1,1,1,1,1,2,7.796287536621094e-05,0.44147253036499023,0.4604067802429199,0.4569425582885742,0.43770742416381836,0.43390607833862305,0.07107485199958319,0.05544243899930734
1784810149.670858,60.80981707572937,4.0,0.004,4.0,0.002089143407041654,2.089143407041654,0.0,0.0,0.028,0.015025630791178099,0.0,0.0037206177985382115,0.08652344761025128,0.0,3.720617798538212e-05,0.0,0.0008652344761025129,0.48,0.01,0.72,0.01,nan,0.2998361033677254,0.2998361033677254,0.3,0.3,0.2863749861717224,0.0,0.0,-0.0025774590070943354,-0.0025774590070943354,0.03152165561914444,0.2998361033677254,0.2830302053725016,0.30084445724743886,0.2998361033677254,0.29010250142855293,0.30042011948407576,0.016805897995223806,0.009733601939172498,-0.015088433047314859,0.007625679579884447,0.0010083538797134284,0.0005840161163503498,nan,1.0,0.0,-0.13424804901173928,0.9994536778924181,3.3510000705718994,1.0,0,1,1,0,1.409293532371521,-6.7792863845825195,-0.5201638224683802,FOLLOW_MAIN,cascade_pd_tracking,follow_main,inner_wheel_pd,lidar_disabled,FOLLOW_MAIN,COMMITTED,UNKNOWN,1,1,1,1,1,1,1,0.006928205490112305,0.0036134719848632812,0.00011324882507324219,0.0172727108001709,0.013857841491699219,0.01043558120727539,0.02627641099934408,0.05533136399935756
1784810150.0880167,61.22697591781616,4.0,0.004,4.0,0.002089143407041654,2.089143407041654,0.0,0.0,0.028,0.015025630791178099,0.0,0.0037206177985382115,0.08652344761025128,0.0,3.720617798538212e-05,0.0,0.0008652344761025129,0.48,0.01,0.72,0.01,nan,0.2998689149033889,0.2998689149033889,0.3,0.3,0.2863749861717224,0.0,0.0,-0.0025774590070943354,-0.0025774590070943354,0.03152165561914444,0.2998689149033889,0.2830302053725016,0.30087923747524215,0.2998689149033889,0.29010250142855293,0.30045489971187905,0.016838709530887286,0.009766413474835978,-0.012991033373854695,0.006873837577145135,0.0010103225718532372,0.0005859848084901586,nan,1.0,0.0,-0.13424804901173928,0.9995630496779631,3.321000099182129,1.0,0,1,1,0,1.409293532371521,-6.7792863845825195,-0.5174844611136858,FOLLOW_MAIN,cascade_pd_tracking,follow_main,inner_wheel_pd,lidar_disabled,FOLLOW_MAIN,COMMITTED,UNKNOWN,1,1,1,1,1,1,1,0.4017014503479004,0.3980095386505127,9.584426879882812e-05,0.4135293960571289,0.4095423221588135,0.4057025909423828,0.04638144199998351,0.07543639499999699
1784810150.1414251,61.28038430213928,8.0,0.008,8.0,0.005641757825941311,5.641757825941311,0.0,0.0,0.057,0.03999564142388018,0.03999564142388018,0.0008649181155602831,0.09840652794368376,0.0,8.649181155602832e-06,0.02879686182519373,0.0009840652794368377,0.48,0.01,0.72,0.01,nan,0.29999901531139866,0.29999901531139866,0.2996352496897918,0.2996352496897918,0.3153750002384186,-0.027276291569740947,-0.027276291569740947,-0.02678563774967079,-0.02678563774967079,-0.03152172267436981,0.30184016499235616,0.308235458192473,0.30184016499235616,0.29815786563044117,0.31028338635067043,0.29743033438722744,0.0,-0.012125520720229266,-0.007100922155433387,-0.013900691473924223,0.0,-0.0007275312432137559,nan,1.0,0.0,0.03750120411027957,0.9999967177046623,3.2190001010894775,1.0,0,1,1,0,1.5219978094100952,-6.838320732116699,-0.4773886876217053,FOLLOW_MAIN,cascade_pd_tracking,follow_main,inner_wheel_pd,lidar_disabled,FOLLOW_MAIN,COMMITTED,UNKNOWN,1,1,1,1,1,1,1,0.017110586166381836,0.013820171356201172,0.010631799697875977,0.007302522659301758,0.0036492347717285156,9.322166442871094e-05,0.048893279001276824,0.1076252780003415
1784810150.6175034,61.75646257400513,8.700000000000001,0.008700000000000001,8.700000000000001,0.00842151142732743,8.42151142732743,0.0,0.0,0.062,0.059789769080700536,0.059789769080700536,0.00016473207205251183,0.03565367948844736,0.0,1.6473207205251184e-06,0.043048633738104386,0.0003565367948844736,0.48,0.01,0.72,0.01,nan,0.28402829962456644,0.28402829962456644,0.2836686622308247,0.2999994925451454,0.2863749861717224,-0.04415258534401486,-0.04415258534401486,-0.04057404832088038,-0.02202180266192277,0.03152165561914444,0.2870085991352874,0.29254717158093163,0.2870085991352874,0.28104800011384545,0.2930359132385702,0.280328725326362,0.0,-0.011987913124724747,-0.00025410952350314006,-0.054711405458407705,0.0,-0.0007192747874834848,nan,1.0,0.0,-0.44427500924954716,0.9467609987485548,3.0429999828338623,1.0,0,1,1,0,1.665334701538086,-6.911191463470459,-0.47515088692120994,FOLLOW_MAIN,cascade_pd_tracking,follow_main,inner_wheel_pd,lidar_disabled,FOLLOW_MAIN,COMMITTED,UNKNOWN,1,1,1,1,1,1,1,0.42666101455688477,0.00010466575622558594,0.442624568939209,0.43903374671936035,0.43502211570739746,0.43114781379699707,0.05093111700080044,0.06459576800079958
1784810150.6700754,61.80903458595276,8.700000000000001,0.008700000000000001,8.700000000000001,0.00842151142732743,8.42151142732743,0.0,0.0,0.062,0.059789769080700536,0.059789769080700536,0.00016473207205251183,0.03565367948844736,0.0,1.6473207205251184e-06,0.043048633738104386,0.0003565367948844736,0.48,0.01,0.72,0.01,nan,0.2820613880970418,0.2820613880970418,0.28164224806240656,0.28164224806240656,0.2863749861717224,-0.04439717550092862,-0.04439717550092862,-0.041497459146330205,-0.041497459146330205,0.03152165561914444,0.2850581974433545,0.29254717158093163,0.2850581974433545,0.2790645787507291,0.2930359132385702,0.27822629868145865,0.0,-0.013971334487841103,-0.00022037509584779452,-0.05977244773755469,0.0,-0.0008382800692704662,nan,1.0,0.0,-0.44427500924954716,0.9402046269901393,3.0429999828338623,1.0,0,1,1,0,1.665334701538086,-6.911191463470459,-0.4655054214015439,FOLLOW_MAIN,cascade_pd_tracking,follow_main,inner_wheel_pd,lidar_disabled,FOLLOW_MAIN,COMMITTED,UNKNOWN,1,1,1,1,1,1,1,0.0001342296600341797,0.019130229949951172,0.015501022338867188,0.012082576751708984,0.00827646255493164,0.004311084747314453,0.07229626099979214,0.08596091199979128
1784810151.0966065,62.23556566238403,12.9,0.0129,12.9,0.010812525775295867,10.812525775295867,0.0,0.0,0.092,0.0769258783038322,0.0769258783038322,3.471431235422935e-05,0.04139118733689517,0.0,3.471431235422935e-07,0.05538663237875918,0.0004139118733689517,0.48,0.01,0.72,0.01,nan,0.2672495406293309,0.2672495406293309,0.26649607201921777,0.2778515621435584,0.26100000739097595,-0.05568468590853053,-0.05568468590853053,-0.048035987055095694,-0.03897809489879959,0.0,0.27100825692815667,0.2803083077230944,0.2704502538804604,0.2634908243305051,0.27930639387267103,0.26254189015797513,-0.009300050794937731,-0.015815569542165953,0.05609753377428918,0.05803714217742422,-0.0005580030476962639,-0.0009489341725299571,nan,1.0,0.0,-0.32941045366133814,0.8908318020977696,2.934000015258789,1.0,0,1,1,0,1.7935421466827393,-6.975971221923828,-0.47054890694352236,FOLLOW_MAIN,cascade_pd_tracking,follow_main,inner_wheel_pd,lidar_disabled,FOLLOW_MAIN,COMMITTED,UNKNOWN,1,1,1,1,1,1,1,0.4035518169403076,8.296966552734375e-05,0.419205904006958,0.41560816764831543,0.41163134574890137,0.40758395195007324,0.044702754999889294,0.03364786800011643
1784810151.1492822,62.288241386413574,12.9,0.0129,12.9,0.010812525775295867,10.812525775295867,0.0,0.0,0.092,0.0769258783038322,0.0769258783038322,3.471431235422935e-05,0.04139118733689517,0.0,3.471431235422935e-07,0.05538663237875918,0.0004139118733689517,0.48,0.01,0.72,0.01,nan,0.2675733051998739,0.2675733051998739,0.26683926246399337,0.26683926246399337,0.26100000739097595,-0.05548804901036908,-0.05548804901036908,-0.04786507026321436,-0.04786507026321436,0.0,0.2713187485080738,0.2803083077230944,0.27077937495517257,0.26382786189167395,0.27930639387267103,0.2628991499728141,-0.008989559215020593,-0.015478531980997079,0.04469968862769197,0.04633535185359588,-0.0005393735529012355,-0.0009287119188598247,nan,1.0,0.0,-0.32941045366133814,0.891911017332913,2.9049999713897705,1.0,0,1,1,0,1.7935421466827393,-6.975971221923828,-0.4649379853626615,FOLLOW_MAIN,cascade_pd_tracking,follow_main,inner_wheel_pd,lidar_disabled,FOLLOW_MAIN,COMMITTED,UNKNOWN,1,1,1,1,1,1,1,0.000133514404296875,0.015900135040283203,0.012291908264160156,0.031359195709228516,0.008431434631347656,0.004322052001953125,0.08511533599994436,0.0740604490001715
1784810151.6169584,62.7559175491333,14.8,0.0148,14.8,0.01195426716140681,11.954267161406811,0.0,0.0,0.106,0.08517065009363814,0.08517065009363814,2.5291087603160093e-05,0.05371145301238425,0.0,2.5291087603160095e-07,0.06132286806741946,0.0005371145301238425,0.48,0.01,0.72,0.01,nan,0.26824225404706586,0.26824225404706586,0.26824225404706586,0.26824225404706586,0.2537499964237213,-0.060261000808267226,-0.060261000808267226,-0.04941402066277907,-0.04941402066277907,-0.06304347515106201,0.2723098716016239,0.26856886708998606,0.2723098716016239,0.26417463649250783,0.2636145063878734,0.26417463649250783,0.0,0.0,0.07367875069484027,0.10615680028206803,0.0,0.0,nan,1.0,0.0,-0.24082029725814202,0.8941408468235529,2.9049999713897705,1.0,0,1,1,0,1.8136824369430542,-6.9861884117126465,-0.47508792791255544,FOLLOW_MAIN,cascade_pd_tracking,follow_main,inner_wheel_pd,lidar_disabled,FOLLOW_MAIN,COMMITTED,HOLD,1,1,1,1,1,1,2,0.43135809898376465,0.4277925491333008,0.4242873191833496,0.4208958148956299,7.677078247070312e-05,0.43530726432800293,0.048840743000255316,0.043117807999806246
1784810151.6673534,62.806312561035156,50.2,0.0502,50.2,0.01970233721239959,19.70233721239959,0.01970233721239959,19.70233721239959,0.34500000000000003,0.1408683090995741,0.1408683090995741,0.02263886496927542,0.10311135511353745,0.009457121861951804,0.0002263886496927542,0.10142518255169335,0.0010311135511353745,0.48,0.01,0.72,0.01,nan,0.2531207372204686,0.2531207372204686,0.2526784705412253,0.24757034562636676,0.2682500183582306,-0.10560734055667657,-0.10560734055667657,-0.09197074039691158,-0.09876811633424565,-0.06304344534873962,0.26024923270804423,0.26750378477877207,0.26024923270804423,0.2459922417328929,0.2607344643743355,0.24510770837440635,0.0,-0.014742222641442593,-0.037029760864484736,-0.08949592664331463,0.0,-0.0008845333584865555,nan,1.0,0.0,-1.145,0.8437357907348952,2.805000066757202,1.0,0,1,1,0,1.9183815717697144,-7.040590286254883,-0.4824955933112029,FOLLOW_MAIN,cascade_pd_tracking,follow_main,inner_wheel_pd,lidar_disabled,FOLLOW_MAIN,COMMITTED,UNKNOWN,1,1,1,1,1,1,1,0.00013899803161621094,0.017891407012939453,0.014474630355834961,0.011130094528198242,0.0076105594635009766,0.004040956497192383,0.009807978000026196,0.04421684599947184
1784810152.099806,63.238765239715576,50.2,0.0502,50.2,0.01970233721239959,19.70233721239959,0.01970233721239959,19.70233721239959,0.34500000000000003,0.1408683090995741,0.1408683090995741,0.02263886496927542,0.10311135511353745,0.009457121861951804,0.0002263886496927542,0.10142518255169335,0.0010311135511353745,0.48,0.01,0.72,0.01,nan,0.24304383154842532,0.24304383154842532,0.24143791615938343,0.24143791615938343,0.27549999952316284,-0.12410179618502166,-0.12410179618502166,-0.10508491685058066,-0.10508491685058066,-0.0630435049533844,0.2514207027909143,0.27362910015760367,0.25008819894891293,0.23466696030593637,0.26598907590731047,0.23278763336985392,-0.022208397366689392,-0.0313221156013741,-0.15777239356742057,-0.1673332677352718,-0.0013325038420013635,-0.0018793269360824459,nan,1.0,0.0,-1.145,0.8101461051614177,2.7809998989105225,1.0,0,1,1,0,1.9382989406585693,-7.05125093460083,-0.4992965023338756,FOLLOW_MAIN,cascade_pd_tracking,follow_main,inner_wheel_pd,lidar_disabled,FOLLOW_MAIN,COMMITTED,UNKNOWN,1,1,1,1,1,1,1,0.4133307933807373,0.40966033935546875,0.40612316131591797,0.4027268886566162,0.00011730194091796875,0.4173283576965332,0.05031678200066381,0.001557984000100987
1784810152.1502798,63.289238929748535,55.1,0.0551,55.1,0.05239873748746776,52.39873748746776,0.05239873748746776,52.39873748746776,0.375,0.35307720937155795,0.35307720937155795,0.04276273737917155,0.31886827810491847,0.025151393993984524,0.0004276273737917155,0.2542155907475217,0.003188682781049185,0.48,0.01,0.72,0.01,nan,0.13500052970417162,0.13500052970417162,0.1283269119437465,0.13283346824488235,0.23199999332427979,-0.3273628048753527,-0.3249901361061812,-0.2811641924483445,-0.2624341267292996,0.0,0.15693736389133886,0.24803467297187723,0.15147152534650657,0.11306369551700439,0.24442031178397047,0.10518229854098643,-0.09109730908053837,-0.1313566162669661,-0.05751747032335945,-0.14092251674255504,-0.005465838544832302,-0.007881396976017965,nan,1.0,0.0,-1.299,0.4500017656805721,2.677999973297119,1.0,0,1,1,0,2.028062343597412,-7.100704193115234,-0.5068934298144132,FOLLOW_MAIN,cascade_pd_tracking,follow_main,inner_wheel_pd,lidar_disabled,FOLLOW_MAIN,COMMITTED,HOLD,1,1,1,1,1,1,2,0.0034246444702148438,5.412101745605469e-05,0.015015602111816406,0.03290724754333496,0.010972976684570312,0.007364511489868164,0.02339975900031277,0.05334447200038994
1784810152.2008653,63.33982443809509,55.1,0.0551,55.1,0.05239873748746776,52.39873748746776,0.05239873748746776,52.39873748746776,0.375,0.35307720937155795,0.35307720937155795,0.04276273737917155,0.31886827810491847,0.025151393993984524,0.0004276273737917155,0.2542155907475217,0.003188682781049185,0.48,0.01,0.72,0.01,nan,0.13134516366999538,0.13134516366999538,0.12548763469764282,0.12548763469764282,0.21387499570846558,-0.32745640215661437,-0.32745640215661437,-0.28318324908725434,-0.28318324908725434,-0.0315217524766922,0.15344847081556684,0.23094880218361646,0.14879845093348387,0.1092418565244239,0.22699249090145984,0.10217681846180175,-0.07750033136804962,-0.11775063437703594,0.042192386728237094,-0.021385895440742098,-0.004650019882082977,-0.007065038062622156,nan,1.0,0.0,-1.299,0.43781721223331793,2.6659998893737793,1.0,0,1,1,0,2.0448434352874756,-7.110133647918701,-0.5147741478618922,FOLLOW_MAIN,cascade_pd_tracking,follow_main,inner_wheel_pd,lidar_disabled,FOLLOW_MAIN,COMMITTED,HOLD,1,1,1,1,1,1,2,0.014210224151611328,0.010672330856323242,0.0071926116943359375,0.0038061141967773438,0.0001354217529296875,0.01809859275817871,0.06338139499894169,0.0018519659988669446
1784810152.6181238,63.75708293914795,55.1,0.0551,55.1,0.05239873748746776,52.39873748746776,0.05239873748746776,52.39873748746776,0.375,0.35307720937155795,0.35307720937155795,0.04276273737917155,0.31886827810491847,0.025151393993984524,0.0004276273737917155,0.2542155907475217,0.003188682781049185,0.48,0.01,0.72,0.01,nan,0.13134516366999538,0.13134516366999538,0.12548763469764282,0.12548763469764282,0.21387499570846558,-0.32745640215661437,-0.32745640215661437,-0.28318324908725434,-0.28318324908725434,-0.0315217524766922,0.15344847081556684,0.23094880218361646,0.14879845093348387,0.1092418565244239,0.22699249090145984,0.10217681846180175,-0.07750033136804962,-0.11775063437703594,0.042192386728237094,-0.021385895440742098,-0.004650019882082977,-0.007065038062622156,nan,1.0,0.0,-1.299,0.43781721223331793,2.6659998893737793,1.0,0,1,1,0,2.0448434352874756,-7.110133647918701,-0.5147741478618922,FOLLOW_MAIN,cascade_pd_tracking,follow_main,inner_wheel_pd,lidar_disabled,FOLLOW_MAIN,COMMITTED,HOLD,1,1,1,1,1,1,2,0.4314310550689697,0.42789220809936523,0.42441225051879883,0.42102503776550293,0.41735339164733887,8.177757263183594e-05,0.06338139499894169,0.0018519659988669446
1784810152.6694095,63.80836868286133,57.2,0.0572,57.2,0.05632959270382609,56.329592703826094,0.05632959270382609,56.329592703826094,0.388,0.38239774694474443,0.38239774694474443,0.016256867313196824,0.1193140040643106,0.02703820449783652,0.00016256867313196825,0.27532637780021596,0.001193140040643106,0.48,0.01,0.72,0.01,nan,0.12,0.12,0.1211191000866554,0.12058132122268489,0.09787499904632568,-0.3695081657632109,-0.3695081657632109,-0.3165916895711281,-0.32030214009900815,-0.09456522762775421,0.14494180118901673,0.10763846496717014,0.14718000136232753,0.09505819881098326,0.09964467803637006,0.09505819881098326,0.03730333622184659,0.0,0.216395898086275,0.25718135719194996,0.002238200173310795,0.0,nan,1.0,0.0,-1.287,0.4,2.5829999446868896,1.0,0,1,1,0,2.0954294204711914,-7.139389514923096,-0.5283916447803552,FOLLOW_MAIN,cascade_pd_tracking,follow_main,inner_wheel_pd,lidar_disabled,FOLLOW_MAIN,COMMITTED,UNKNOWN,1,1,1,1,1,1,1,0.0038385391235351562,0.00017690658569335938,0.0191805362701416,0.015595197677612305,0.011748075485229492,0.007896900177001953,0.10760016699896369,0.0056113049995474285
1784810153.110378,64.2493371963501,57.1,0.0571,57.1,0.05680584131075222,56.80584131075222,0.05680584131075222,56.80584131075222,0.387,0.3852427571324364,0.3852427571324364,0.01237821310826991,0.0890482869378693,0.027266803829161065,0.0001237821310826991,0.2773747851353542,0.000890482869378693,0.48,0.01,0.72,0.01,nan,0.12,0.12,0.12112333476806471,0.12112333476806471,0.09787499904632568,-0.3715993664591661,-0.3715993664591661,-0.31835791767893196,-0.31835791767893196,-0.09456522762775421,0.1450829572359937,0.10763846496717014,0.14732962677212313,0.09491704276400628,0.09964467803637006,0.09491704276400628,0.03744449226882357,0.0,0.18985829042523622,0.22459609133446085,0.002246669536129414,0.0,nan,1.0,0.0,-1.163,0.4,2.5829999446868896,1.0,0,1,1,0,2.0954294204711914,-7.139389514923096,-0.5335300357181085,FOLLOW_MAIN,cascade_pd_tracking,follow_main,inner_wheel_pd,lidar_disabled,FOLLOW_MAIN,COMMITTED,HOLD,1,1,1,1,1,1,2,0.42212748527526855,0.4186999797821045,0.4152512550354004,0.4116358757019043,0.40793466567993164,0.00012254714965820312,0.01238585299870465,0.025932984999599284
1784810153.1626673,64.30162644386292,53.7,0.053700000000000005,53.7,0.056007586080572214,56.00758608057221,0.056007586080572214,56.00758608057221,0.366,0.38065274550370076,0.38065274550370076,0.00033250456998101547,0.00597457489584877,0.026883641318674663,3.3250456998101546e-06,0.27406997676266454,5.97457489584877e-05,0.48,0.01,0.72,0.01,nan,0.13109951288187183,0.13109951288187183,0.13190985635260075,0.13374608406699817,0.11600000411272049,-0.3444584075266897,-0.3444584075266897,-0.2923000667051851,-0.284759057644943,-0.12608696520328522,0.15435045538992337,0.12733900636562567,0.15597114233138124,0.10784857037382027,0.10128027354890634,0.10784857037382027,0.027011449024297696,0.0,0.040832996076630254,-0.050631424594932375,0.0016206869414578616,0.0,nan,1.0,0.0,-0.715,0.4369983762729061,2.5350000858306885,1.0,0,1,1,0,2.138200283050537,-7.1680006980896,-0.5709465351791594,FOLLOW_MAIN,cascade_pd_tracking,follow_main,inner_wheel_pd,lidar_disabled,FOLLOW_MAIN,COMMITTED,HOLD,1,1,1,1,1,1,2,0.010910749435424805,0.0072286128997802734,0.0036487579345703125,0.00013685226440429688,0.019016504287719727,0.015092611312866211,0.06217748600101913,0.017936157000804087
1784810153.5895224,64.72848153114319,52.400000000000006,0.05240000000000001,52.400000000000006,0.05502843278646927,55.02843278646927,0.05502843278646927,55.02843278646927,0.358,0.3744353028919638,0.3744353028919638,-0.0026619142529440043,-0.013805077128384847,0.026413647737505246,-2.6619142529440043e-05,0.26959341808221393,-0.00013805077128384847,0.48,0.01,0.72,0.01,nan,0.13425016964490274,0.13425016964490274,0.13544660142616094,0.13544660142616094,0.11600000411272049,-0.3384219452381513,-0.3384219452381513,-0.2846593943966857,-0.2846593943966857,-0.12608696520328522,0.15709365094847796,0.12733900636562567,0.1588789296234491,0.11140668834132753,0.10128027354890634,0.1120142732288728,0.02975464458285229,0.010126414792421184,0.048004427769621875,0.017597516524015824,0.0017852786749711373,0.0006075848875452711,nan,1.0,0.0,-0.66,0.44750056548300915,2.5350000858306885,1.0,0,1,1,0,2.138200283050537,-7.1680006980896,-0.6548574758547694,FOLLOW_MAIN,cascade_pd_tracking,follow_main,inner_wheel_pd,lidar_disabled,FOLLOW_MAIN,COMMITTED,HOLD,1,1,1,1,1,1,2,0.4004359245300293,0.3970069885253906,0.3936319351196289,0.390303373336792,0.38666367530822754,9.846687316894531e-05,0.03378494100070384,0.055807864000598784
1784810153.640675,64.77963423728943,47.2,0.047200000000000006,47.2,0.05106856777774409,51.068567777744086,0.05106856777774409,51.068567777744086,0.325,0.35003324681200493,0.35003324681200493,-0.007403618841284718,-0.0448628800891189,0.02451291253331716,-7.403618841284718e-05,0.25202393770464354,-0.000448628800891189,0.48,0.01,0.72,0.01,nan,0.1546939210191369,0.1546939210191369,0.1546939210191369,0.1546939210191369,0.1522499918937683,-0.31503632074742816,-0.31503632074742816,-0.25832978301289095,-0.25832978301289095,-0.37826085090637207,0.1759588726695883,0.1782696374988377,0.1759588726695883,0.1334289693686855,0.12728102418347423,0.1334289693686855,0.0,0.0,-0.03215157825551028,-0.0184858643179721,0.0,0.0,nan,1.0,0.0,-0.526,0.515646403397123,2.4800000190734863,1.0,0,1,1,0,2.1853158473968506,-7.208934783935547,-0.7097056781022815,FOLLOW_MAIN,cascade_pd_tracking,follow_main,inner_wheel_pd,lidar_disabled,FOLLOW_MAIN,COMMITTED,HOLD,1,1,1,1,1,1,2,0.011105775833129883,0.007482767105102539,0.0038428306579589844,0.00016164779663085938,0.019089221954345703,0.015159845352172852,0.06447506299991801,0.06966114499846299
1784810153.6939058,64.83286499977112,47.2,0.047200000000000006,47.2,0.05106856777774409,51.068567777744086,0.05106856777774409,51.068567777744086,0.325,0.35003324681200493,0.35003324681200493,-0.007403618841284718,-0.0448628800891189,0.02451291253331716,-7.403618841284718e-05,0.25202393770464354,-0.000448628800891189,0.48,0.01,0.72,0.01,nan,0.15557713538865156,0.15557713538865156,0.15592063034358822,0.15592063034358822,0.14137500524520874,-0.3149912105142515,-0.3149912105142515,-0.26246562022239844,-0.26246562022239844,-0.15760870277881622,0.17683904209836354,0.16538921026714104,0.17752603200823688,0.13431522867893958,0.12897613654501683,0.13431522867893958,0.011449831831222501,0.0,0.04314150015374003,-0.01575390969541255,0.00068698990987335,0.0,nan,1.0,0.0,-0.526,0.5185904512955052,2.4800000190734863,1.0,0,1,1,0,2.192927360534668,-7.21691370010376,-0.8212612260141272,FOLLOW_MAIN,cascade_pd_tracking,follow_main,inner_wheel_pd,lidar_disabled,FOLLOW_MAIN,COMMITTED,HOLD,1,1,1,1,1,1,2,0.007262229919433594,0.03764677047729492,0.0038394927978515625,0.030655384063720703,0.0001323223114013672,0.011142492294311523,0.0884627300001739,0.01271327900030883
1784810154.1072228,65.24618196487427,47.2,0.047200000000000006,47.2,0.05106856777774409,51.068567777744086,0.05106856777774409,51.068567777744086,0.325,0.35003324681200493,0.35003324681200493,-0.007403618841284718,-0.0448628800891189,0.02451291253331716,-7.403618841284718e-05,0.25202393770464354,-0.000448628800891189,0.48,0.01,0.72,0.01,nan,0.1571769465779271,0.1571769465779271,0.1575682824109712,0.15592063034358822,0.14137500524520874,-0.3149154289977949,-0.3149154289977949,-0.26298465745369065,-0.26246562022239844,-0.15760870277881622,0.17843373803527826,0.16538921026714104,0.17921640970136649,0.13592015512057595,0.12897613654501683,0.13592015512057595,0.01304452776813722,0.0,0.03825643276036523,-0.010775097978668201,0.0007826716660882333,0.0,nan,1.0,0.0,-0.526,0.5239231552597571,2.4690001010894775,1.0,0,1,1,0,2.192927360534668,-7.21691370010376,-0.8212612260141272,FOLLOW_MAIN,cascade_pd_tracking,follow_main,inner_wheel_pd,lidar_disabled,FOLLOW_MAIN,COMMITTED,HOLD,1,1,1,1,1,1,2,0.40561485290527344,0.4021341800689697,8.511543273925781e-05,0.4439401626586914,0.41341638565063477,0.4094867706298828,0.1454403560001083,0.06969090500024322
1784810154.160146,65.29910516738892,26.1,0.0261,26.1,0.035997718869887785,35.997718869887784,0.035997718869887785,35.997718869887784,0.184,0.25171713786903677,0.25171713786903677,-0.029983718160771798,-0.19617510223114037,0.017278905057546135,-0.00029983718160771797,0.18123633926570645,-0.001961751022311404,0.48,0.01,0.72,0.01,nan,0.16231920799111252,0.16231920799111252,0.16288964332250683,0.16288964332250683,0.1522500067949295,-0.22999096670303748,-0.23776349492801702,-0.19588086629845594,-0.19588086629845594,-0.25217393040657043,0.17836824389875366,0.16760592677226213,0.17901398292634316,0.14627017208347137,0.13801797816348563,0.14676530371867053,0.010762317126491533,0.008252193919985745,-0.04649930537385383,0.011622963424165085,0.000645739027589492,0.0004951316351991447,nan,1.0,0.0,-1.071,0.5410640266370418,2.4240000247955322,1.0,0,1,1,0,2.2379961013793945,-7.269148826599121,-0.8719476008204262,FOLLOW_MAIN,cascade_pd_tracking,follow_main,inner_wheel_pd,lidar_disabled,FOLLOW_MAIN,COMMITTED,UNKNOWN,1,1,1,1,1,1,1,0.006835222244262695,0.003424406051635742,7.987022399902344e-05,0.017860889434814453,0.014288902282714844,0.010675668716430664,0.007697160001043812,0.04873022400170157
1784810154.626118,65.76507711410522,26.1,0.0261,26.1,0.035997718869887785,35.997718869887784,0.035997718869887785,35.997718869887784,0.184,0.25171713786903677,0.25171713786903677,-0.029983718160771798,-0.19617510223114037,0.017278905057546135,-0.00029983718160771797,0.18123633926570645,-0.001961751022311404,0.48,0.01,0.72,0.01,nan,0.16173564111895739,0.16173564111895739,0.1620432389210844,0.1622321440974773,0.15587499737739563,-0.23039867562216598,-0.23039867562216598,-0.19266365768046012,-0.18145302032137375,-0.15760867297649384,0.1772875517234536,0.16703429165255235,0.17790274732770767,0.14618373051446118,0.14179546069627502,0.14618373051446118,0.010253260070901243,0.0,-0.03760783576657955,-0.04262318350329988,0.0006151956042540745,0.0,nan,1.0,0.0,-1.071,0.539118803729858,2.4110000133514404,1.0,0,1,1,0,2.2454841136932373,-7.278924465179443,-0.9296010157404649,FOLLOW_MAIN,cascade_pd_tracking,follow_main,inner_wheel_pd,lidar_disabled,FOLLOW_MAIN,COMMITTED,UNKNOWN,1,1,1,1,1,1,1,0.43550753593444824,0.4318368434906006,0.42820286750793457,0.42450428009033203,0.42061328887939453,6.937980651855469e-05,0.050189597001008224,0.0023158560015872354
1784810154.6771014,65.8160605430603,5.800000000000001,0.0058000000000000005,5.800000000000001,0.015377591663343468,15.377591663343468,0.015377591663343468,15.377591663343468,0.041,0.10918824209911056,0.10918824209911056,-0.04727166187853114,-0.3245524675361772,0.007381243998404865,-0.00047271661878531143,0.0786155343113596,-0.003245524675361772,0.48,0.01,0.72,0.01,nan,0.1659534374446117,0.1659534374446117,0.1656131723869778,0.1656131723869778,0.17037498950958252,-0.10878338078430666,-0.10878338078430666,-0.08506878191335682,-0.08506878191335682,-0.22065217792987823,0.17329631564755238,0.18463848423534834,0.17261578553228463,0.158610559241671,0.1548395837379581,0.158610559241671,-0.011342168587795964,0.0,-0.022694504968151237,-0.0017568717959335837,-0.0006805301152677578,0.0,nan,1.0,0.0,-1.482,0.5531781248153723,1.4429999589920044,1.0,0,1,1,0,2.2910068035125732,-7.34555196762085,-0.9666073958480512,FOLLOW_MAIN,cascade_pd_tracking,follow_main,inner_wheel_pd,lidar_disabled,FOLLOW_MAIN,COMMITTED,UNKNOWN,1,1,1,1,1,1,1,0.007238149642944336,0.003673553466796875,0.019150733947753906,0.00014638900756835938,0.015351057052612305,0.011280059814453125,0.1507355119993008,0.0037873579985898687
1784810155.117857,66.25681614875793,5.800000000000001,0.0058000000000000005,5.800000000000001,0.015377591663343468,15.377591663343468,0.015377591663343468,15.377591663343468,0.041,0.10918824209911056,0.10918824209911056,-0.04727166187853114,-0.3245524675361772,0.007381243998404865,-0.00047271661878531143,0.0786155343113596,-0.003245524675361772,0.48,0.01,0.72,0.01,nan,0.16622603363395913,0.16622603363395913,0.16589396373096665,0.16604525744220378,0.17037498950958252,-0.10879190866626465,-0.10879190866626465,-0.08517533072924309,-0.08523269057795878,-0.22065217792987823,0.173569487468932,0.18463848423534834,0.17290534766294702,0.15888257979898626,0.1548395837379581,0.15888257979898626,-0.011068996766416345,0.0,-0.017673605958869226,-0.0014985258710876225,-0.0006641398059849807,0.0,nan,1.0,0.0,-1.482,0.5540867787798638,1.4429999589920044,1.0,0,1,1,0,2.2910068035125732,-7.34555196762085,-1.003676715724833,FOLLOW_MAIN,cascade_pd_tracking,follow_main,inner_wheel_pd,lidar_disabled,FOLLOW_MAIN,COMMITTED,UNKNOWN,1,1,1,1,1,1,1,9.298324584960938e-05,0.4256138801574707,0.4220316410064697,0.41841936111450195,0.41455554962158203,0.4105653762817383,0.17459345699899131,0.027645302998280386
1784810155.1682913,66.30725049972534,-18.0,-0.018,-18.0,-0.010344801033756627,-10.344801033756626,0.0,0.0,-0.128,-0.07375691287493269,-0.07375691287493269,-0.01736798833905347,-0.3371148719467223,0.0,-0.0001736798833905347,-0.05310497726995154,-0.003371148719467223,0.48,0.01,0.72,0.01,nan,0.2820838192124125,0.23025142884884597,0.23346006804898656,0.23787847520746452,0.18125000596046448,0.05105915812505696,0.05105915812505696,0.050763249363072145,0.05159329187322348,-0.12608695030212402,0.22680493567540463,0.18553076465244084,0.22928138593678246,0.2336979220222873,0.16801745304056437,0.23763875016119068,0.041274171022963796,0.06568046898172294,0.10949089644393259,0.1468049947728901,0.0024764502613778276,0.003940828138903376,nan,1.0,0.0,0.392,0.9402793973747083,1.3580000400543213,1.0,0,1,1,0,2.324578046798706,-7.4051313400268555,-1.0639140797598718,FOLLOW_MAIN,cascade_pd_tracking,follow_main,inner_wheel_pd,lidar_disabled,FOLLOW_MAIN,COMMITTED,HOLD,1,1,1,1,1,1,2,0.0034995079040527344,0.04689335823059082,0.014897346496582031,0.00011205673217773438,0.010919332504272461,0.007252931594848633,0.023764055998981348,0.07103475899930345
1784810155.612654,66.7516131401062,-18.0,-0.018,-18.0,-0.010344801033756627,-10.344801033756626,0.0,0.0,-0.128,-0.07375691287493269,-0.07375691287493269,-0.01736798833905347,-0.3371148719467223,0.0,-0.0001736798833905347,-0.05310497726995154,-0.003371148719467223,0.48,0.01,0.72,0.01,nan,0.28492030028805293,0.2344197374889195,0.23787847520746452,0.1988408175442299,0.18125000596046448,0.05201410809071659,0.05201410809071659,0.05159329187322348,0.1571762405997194,-0.12608695030212402,0.23090878519279615,0.18553076465244084,0.23363146642521745,0.23793068978504286,0.16801745304056437,0.24212548398971157,0.04537802054035531,0.0699132367444785,0.11714927322625013,0.14930320399165325,0.0027226812324213185,0.00419479420466871,nan,1.0,0.0,0.392,0.9497343342935098,1.3580000400543213,1.0,0,1,1,0,2.324578046798706,-7.4051313400268555,-1.0950892682334272,FOLLOW_MAIN,cascade_pd_tracking,follow_main,inner_wheel_pd,lidar_disabled,FOLLOW_MAIN,COMMITTED,HOLD,1,1,1,1,1,1,2,0.40256237983703613,0.4169321060180664,0.4135615825653076,6.771087646484375e-05,0.4098367691040039,0.40622377395629883,0.04981598499944084,0.09708668799976294
1784810155.664452,66.80341124534607,-37.9,-0.037899999999999996,-37.9,-0.028659985643079457,-28.659985643079455,-0.028659985643079457,-28.659985643079455,-0.264,-0.20209423111407873,-0.20209423111407873,-0.043957581280914114,-0.28971406534526756,-0.01375679310867814,-0.00043957581280914117,-0.14550784640213668,-0.0028971406534526755,0.48,0.01,0.72,0.01,nan,0.19495357946758257,0.19495357946758257,0.19272502105826214,0.19272502105826214,0.2356249988079071,0.17669553783326708,0.17669553783326708,0.15913861833674506,0.15913861833674506,-0.15760867297649384,0.18302663066383704,0.23971721225533507,0.17962519576834715,0.2068805282713281,0.22447522699051106,0.20582484634817713,-0.056690581591498035,-0.017594698719182955,-0.2524723747849147,-0.20382814802627605,-0.003401434895489882,-0.0010556819231509773,nan,1.0,0.0,0.829,0.6498452648919419,1.2619999647140503,1.0,0,1,1,0,2.3813414573669434,-7.516658782958984,-1.1111652962628848,FOLLOW_MAIN,cascade_pd_tracking,follow_main,inner_wheel_pd,lidar_disabled,FOLLOW_MAIN,COMMITTED,UNKNOWN,1,1,1,1,1,1,1,0.011351585388183594,0.0076787471771240234,0.004048824310302734,0.02290821075439453,0.00017642974853515625,0.015416383743286133,0.08239851699909195,0.02835391400003573
1784810156.1125147,67.251473903656,-43.6,-0.0436,-43.6,-0.0333976718434815,-33.3976718434815,-0.0333976718434815,-33.3976718434815,-0.302,-0.23383553536394064,-0.23383553536394064,-0.04669596959177764,-0.3092578732090089,-0.01603088248487112,-0.0004669596959177764,-0.16836158546203725,-0.003092578732090089,0.48,0.01,0.72,0.01,nan,0.1831400294417126,0.1831400294417126,0.1796077065070575,0.18397016224066798,0.2537499964237213,0.20274748513133928,0.20274748513133928,0.17923924878131528,0.17767126296415814,3.2393828064414265e-08,0.16945457419534718,0.24614320828348357,0.164853256150059,0.196825484688078,0.23788094842177776,0.19436215686405603,-0.07668863408813639,-0.041055463733699754,-0.28244936118862296,-0.2745888866710183,-0.004601318045288183,-0.002463327824021985,nan,1.0,0.0,0.877,0.6104667648057087,1.2619999647140503,1.0,0,1,1,0,2.389590263366699,-7.534090518951416,-1.1288172940939285,FOLLOW_MAIN,cascade_pd_tracking,follow_main,inner_wheel_pd,lidar_disabled,FOLLOW_MAIN,COMMITTED,HOLD,1,1,1,1,1,1,2,0.4030160903930664,0.3995954990386963,8.726119995117188e-05,0.42919135093688965,0.4102356433868408,0.40675854682922363,0.05615960599971004,0.01490620900040085
1784810156.165581,67.30454015731812,-78.10000000000001,-0.0781,-78.10000000000001,-0.06564030902724503,-65.64030902724504,-0.06564030902724503,-65.64030902724504,-0.509,-0.43731344639906505,-0.43731344639906505,-0.06409828457358753,-0.40070705660598854,-0.03150734833307761,-0.0006409828457358753,-0.31486568140732685,-0.004007070566059885,0.48,0.01,0.72,0.01,nan,0.13709083272640382,0.13709083272640382,0.13434060645229376,0.13245087474319311,0.17037498950958252,0.38,0.38,0.3292720073038668,0.3292720073038668,0.03152172267436981,0.11144083272640382,0.1815230692666734,0.10723589853398764,0.16274083272640383,0.18433280532313667,0.16144531437059986,-0.07008223654026957,-0.021591972596732845,0.06283917082616959,0.08639859301001866,-0.004204934192416174,-0.0012955183558039705,nan,1.0,0.0,0.674,0.4569694424213461,1.1720000505447388,1.0,0,1,1,0,2.4230880737304688,-7.605212211608887,-1.1315596382079016,FOLLOW_MAIN,cascade_pd_tracking,follow_main,inner_wheel_pd,lidar_disabled,FOLLOW_MAIN,COMMITTED,UNKNOWN,1,1,1,1,1,1,1,0.017415285110473633,0.013878822326660156,0.01051950454711914,0.00713348388671875,0.0036041736602783203,6.222724914550781e-05,0.010858294999707141,0.045120773998860386
1784810156.645756,67.78471517562866,-78.10000000000001,-0.0781,-78.10000000000001,-0.06564030902724503,-65.64030902724504,-0.06564030902724503,-65.64030902724504,-0.509,-0.43731344639906505,-0.43731344639906505,-0.06409828457358753,-0.40070705660598854,-0.03150734833307761,-0.0006409828457358753,-0.31486568140732685,-0.004007070566059885,0.48,0.01,0.72,0.01,nan,0.13307092164551837,0.13307092164551837,0.13094863049891917,0.13094863049891917,0.1522499918937683,0.38,0.38,0.3297555148978603,0.3297555148978603,3.2393828064414265e-08,0.10742092164551836,0.1677009215604963,0.10380412165061968,0.15872092164551838,0.16918395995051397,0.15809313934721864,-0.06027999991497793,-0.010463038304995592,0.09801473919725688,0.12145409938838615,-0.0036167999948986756,-0.0006277822982997355,nan,1.0,0.0,0.674,0.44356973881839457,1.1579999923706055,1.0,0,1,1,0,2.428912878036499,-7.617446422576904,-1.1264532146151465,FOLLOW_MAIN,cascade_pd_tracking,follow_main,inner_wheel_pd,lidar_disabled,FOLLOW_MAIN,COMMITTED,UNKNOWN,1,1,1,1,1,1,1,0.43617892265319824,0.4325582981109619,8.392333984375e-05,0.4477698802947998,0.44388866424560547,0.4400947093963623,0.06838664399947447,0.02596924399949785
1784810156.6961744,67.83513355255127,-99.7,-0.0997,-99.7,-0.09476444364361225,-94.76444364361225,-0.09476444364361225,-94.76444364361225,-0.619,-0.5948212953738947,-0.5948212953738947,-0.04969400002558967,-0.27289877432335347,-0.04548693294893388,-0.0004969400002558967,-0.4282713326692042,-0.0027289877432335346,0.48,0.01,0.72,0.01,nan,0.12,0.12,0.1203540710813128,0.1203540710813128,0.1014999970793724,0.45,0.45,0.3878895111375698,0.3878895111375698,0.0630434900522232,0.089625,0.1096393031526314,0.08842414181084211,0.150375,0.1185583274702754,0.1522840003517835,-0.020014303152631405,0.031816672529724616,0.08811156357940789,0.09522127575605847,-0.0012008581891578842,0.0019090003517834768,nan,1.0,0.0,0.39099999999999996,0.4,1.0759999752044678,1.0,0,1,1,0,2.4509212970733643,-7.663408279418945,-1.1217253856269032,FOLLOW_MAIN,cascade_pd_tracking,follow_main,inner_wheel_pd,lidar_disabled,FOLLOW_MAIN,COMMITTED,UNKNOWN,1,1,1,1,1,1,1,0.0035331249237060547,0.00012063980102539062,0.015048027038574219,0.03329181671142578,0.0111541748046875,0.0072553157806396484,0.008951236000939389,0.09097632699922542
1784810157.1157846,68.25474381446838,-99.7,-0.0997,-99.7,-0.09476444364361225,-94.76444364361225,-0.09476444364361225,-94.76444364361225,-0.619,-0.5948212953738947,-0.5948212953738947,-0.04969400002558967,-0.27289877432335347,-0.04548693294893388,-0.0004969400002558967,-0.4282713326692042,-0.0027289877432335346,0.48,0.01,0.72,0.01,nan,0.12,0.12,0.1203540710813128,0.1203540710813128,0.1014999970793724,0.45,0.45,0.3878895111375698,0.3878895111375698,0.0630434900522232,0.089625,0.1096393031526314,0.08842414181084211,0.150375,0.1185583274702754,0.1522840003517835,-0.020014303152631405,0.031816672529724616,0.07744693298546745,0.08369611731636162,-0.0012008581891578842,0.0019090003517834768,nan,1.0,0.0,0.39099999999999996,0.4,1.0759999752044678,1.0,0,1,1,0,2.4509212970733643,-7.663408279418945,-1.1132144000530726,FOLLOW_MAIN,cascade_pd_tracking,follow_main,inner_wheel_pd,lidar_disabled,FOLLOW_MAIN,COMMITTED,UNKNOWN,1,1,1,1,1,1,1,0.4056682586669922,0.402144193649292,8.20159912109375e-05,0.4161844253540039,0.41267871856689453,0.40923595428466797,0.028302858001552522,0.11032794899983855
1784810157.1682742,68.30723333358765,-109.7,-0.1097,-109.7,-0.10564490455371092,-105.64490455371092,-0.10564490455371092,-105.64490455371092,-0.665,-0.6465516878027969,-0.6465516878027969,-0.03102547567101021,-0.15535411366994567,-0.05070955418578124,-0.0003102547567101021,-0.46551721521801376,-0.0015535411366994567,0.48,0.01,0.72,0.01,nan,0.12,0.12,0.12105527855789054,0.12105527855789054,0.08699999749660492,0.45,0.45,0.3705786883388204,0.3705786883388204,0.37826085090637207,0.089625,0.07420290742683189,0.09055032555439008,0.150375,0.1306211406434834,0.151560231561391,0.015422092573168109,0.019753859356516607,0.09627303345404958,0.048194302117666,0.0009253255543900865,0.0011852315613909963,nan,1.0,0.0,0.157,0.4,1.0240000486373901,1.0,0,1,1,0,2.4777791500091553,-7.710906028747559,-1.0051262713521587,FOLLOW_MAIN,cascade_pd_tracking,follow_main,inner_wheel_pd,lidar_disabled,FOLLOW_MAIN,COMMITTED,HOLD,1,1,1,1,1,1,2,0.00012755393981933594,0.015674591064453125,0.012109518051147461,0.03088092803955078,0.008115530014038086,0.004142284393310547,0.029422064999380382,0.08131577499989362
1784810157.6399217,68.77888083457947,-109.7,-0.1097,-109.7,-0.10564490455371092,-105.64490455371092,-0.10564490455371092,-105.64490455371092,-0.665,-0.6465516878027969,-0.6465516878027969,-0.03102547567101021,-0.15535411366994567,-0.05070955418578124,-0.0003102547567101021,-0.46551721521801376,-0.0015535411366994567,0.48,0.01,0.72,0.01,nan,0.12,0.12,0.12081688951923181,0.11975168287032043,0.10512499511241913,0.45,0.45,0.3789236949002974,0.37201659327907044,0.15760870277881622,0.089625,0.08440883853744648,0.089625,0.150375,0.12314534935894024,0.1520087790384636,0.0,0.02722965064105977,-0.009071934322519848,0.06706106723102663,0.0,0.001633779038463586,nan,1.0,0.0,0.157,0.4,1.0240000486373901,1.0,0,1,1,0,2.4829933643341064,-7.717902183532715,-0.9302934102378536,FOLLOW_MAIN,cascade_pd_tracking,follow_main,inner_wheel_pd,lidar_disabled,FOLLOW_MAIN,COMMITTED,HOLD,1,1,1,1,1,1,2,0.43085241317749023,0.4271504878997803,0.42350125312805176,7.987022399902344e-05,0.4386868476867676,0.4348793029785156,0.09161906900044414,0.0595732970014069
1784810157.6913571,68.83031630516052,-110.4,-0.11040000000000001,-110.4,-0.11142812966246392,-111.42812966246392,-0.11142812966246392,-111.42812966246392,-0.668,-0.6725120105183504,-0.6725120105183504,-0.01051877110123829,-0.050112254122182995,-0.05348550223798268,-0.0001051877110123829,-0.4842086475732123,-0.0005011225412218299,0.48,0.01,0.72,0.01,nan,0.12,0.12,0.11975168287032043,0.11975168287032043,0.11962500214576721,0.45,0.45,0.37201659327907044,0.37201659327907044,0.3467390835285187,0.089625,0.09790223765598594,0.08912836574064084,0.150375,0.14343920160143556,0.150375,-0.008277237655985939,0.0,0.008197684210192263,-0.04357727659882795,-0.0004966342593591564,0.0,nan,1.0,0.0,-0.12299999999999998,0.4,1.6269999742507935,1.0,0,1,1,0,2.5203120708465576,-7.76254415512085,-0.8439553531777746,FOLLOW_MAIN,cascade_pd_tracking,follow_main,inner_wheel_pd,lidar_disabled,FOLLOW_MAIN,COMMITTED,HOLD,1,1,1,1,1,1,2,0.0037212371826171875,0.0001316070556640625,0.03354954719543457,0.015500545501708984,0.011674165725708008,0.007718324661254883,0.015261504999216413,0.052466377999735414
1784810158.1319616,69.270920753479,-110.4,-0.11040000000000001,-110.4,-0.11142812966246392,-111.42812966246392,-0.11142812966246392,-111.42812966246392,-0.668,-0.6725120105183504,-0.6725120105183504,-0.01051877110123829,-0.050112254122182995,-0.05348550223798268,-0.0001051877110123829,-0.4842086475732123,-0.0005011225412218299,0.48,0.01,0.72,0.01,nan,0.12,0.12,0.11975168287032043,0.11975168287032043,0.11962500214576721,0.45,0.45,0.37201659327907044,0.37201659327907044,0.3467390835285187,0.089625,0.09790223765598594,0.08912836574064084,0.150375,0.14343920160143556,0.150375,-0.008277237655985939,0.0,0.007253722951801723,-0.038559364246908076,-0.0004966342593591564,0.0,nan,1.0,0.0,-0.12299999999999998,0.4,1.6269999742507935,1.0,0,1,1,0,2.5203120708465576,-7.76254415512085,-0.7312019678307872,FOLLOW_MAIN,cascade_pd_tracking,follow_main,inner_wheel_pd,lidar_disabled,FOLLOW_MAIN,COMMITTED,HOLD,1,1,1,1,1,1,2,0.42182278633117676,0.41801905632019043,0.41446423530578613,0.43364882469177246,0.0001227855682373047,0.42577075958251953,0.03361203299937188,0.07081690599989088
1784810158.1826117,69.3215708732605,-93.0,-0.093,-93.0,-0.1007422461528506,-100.7422461528506,-0.1007422461528506,-100.7422461528506,-0.586,-0.6235667272755353,-0.6235667272755353,0.019297727893214184,0.08815923240057943,-0.048356278153368286,0.00019297727893214183,-0.4489680436383854,0.0008815923240057944,0.48,0.01,0.72,0.01,nan,0.12,0.12,0.11957541249950462,0.11957541249950462,0.13049998879432678,0.45,0.45,0.3741579518578697,0.3741579518578697,0.37826085090637207,0.089625,0.10377791668317904,0.08877582499900925,0.150375,0.15171779041188627,0.150375,-0.014152916683179043,0.0,-0.010251540823775539,-0.004526908498922607,-0.0008491750009907425,0.0,nan,1.0,0.0,-1.5819999999999999,0.4,1.819000005722046,1.0,0,1,1,0,2.5662975311279297,-7.802828788757324,-0.6823428140582607,FOLLOW_MAIN,cascade_pd_tracking,follow_main,inner_wheel_pd,lidar_disabled,FOLLOW_MAIN,COMMITTED,UNKNOWN,1,1,1,1,1,1,1,0.00013375282287597656,0.018376588821411133,0.015017032623291016,0.01158595085144043,0.007854223251342773,0.004071474075317383,0.0502317820009921,0.045570516000225325
1784810158.6442065,69.78316569328308,-93.0,-0.093,-93.0,-0.1007422461528506,-100.7422461528506,-0.1007422461528506,-100.7422461528506,-0.586,-0.6235667272755353,-0.6235667272755353,0.019297727893214184,0.08815923240057943,-0.048356278153368286,0.00019297727893214183,-0.4489680436383854,0.0008815923240057944,0.48,0.01,0.72,0.01,nan,0.12,0.12,0.11957541249950462,0.11957541249950462,0.13049998879432678,0.45,0.45,0.3741579518578697,0.3741579518578697,0.37826085090637207,0.089625,0.10377791668317904,0.08877582499900925,0.150375,0.15171779041188627,0.150375,-0.014152916683179043,0.0,-0.00783163696912807,-0.003458319540980507,-0.0008491750009907425,0.0,nan,1.0,0.0,-1.5819999999999999,0.4,1.8049999475479126,1.0,0,1,1,0,2.5662975311279297,-7.802828788757324,-0.6226089436139257,FOLLOW_MAIN,cascade_pd_tracking,follow_main,inner_wheel_pd,lidar_disabled,FOLLOW_MAIN,COMMITTED,UNKNOWN,1,1,1,1,1,1,1,0.43930649757385254,0.4358785152435303,0.43233275413513184,0.4287385940551758,0.4249427318572998,7.081031799316406e-05,0.0906202520000079,0.08595898599924112
1784810158.694649,69.83360815048218,-71.0,-0.071,-71.0,-0.08337441369268503,-83.37441369268502,-0.08337441369268503,-83.37441369268502,-0.46900000000000003,-0.536565380480464,-0.536565380480464,0.042114194544975,0.20974668764936916,-0.04001971857248881,0.00042114194544975005,-0.3863270739459341,0.0020974668764936915,0.48,0.01,0.72,0.01,nan,0.12,0.12,0.12,0.12,0.11962499469518661,0.45,0.45,0.36900000000000005,0.36900000000000005,0.3467390835285187,0.089625,0.09654305059381402,0.089625,0.150375,0.14585710058313073,0.150375,0.0,0.0,0.03127446381287041,-0.004792319613057245,0.0,0.0,nan,1.0,0.0,-2.1310000000000002,0.4,1.7619999647140503,1.0,0,1,1,0,2.6237621307373047,-7.837230205535889,-0.5148046612197837,FOLLOW_MAIN,cascade_pd_tracking,follow_main,inner_wheel_pd,lidar_disabled,FOLLOW_MAIN,COMMITTED,HOLD,1,1,1,1,1,1,2,0.0074083805084228516,0.003739595413208008,0.019074678421020508,0.00014925003051757812,0.015210866928100586,0.011449098587036133,0.22724268799902347,0.011713129999407101
1784810159.1429744,70.28193354606628,-71.0,-0.071,-71.0,-0.08337441369268503,-83.37441369268502,-0.08337441369268503,-83.37441369268502,-0.46900000000000003,-0.536565380480464,-0.536565380480464,0.042114194544975,0.20974668764936916,-0.04001971857248881,0.00042114194544975005,-0.3863270739459341,0.0020974668764936915,0.48,0.01,0.72,0.01,nan,0.12,0.12,0.12,0.12,0.11962499469518661,0.45,0.45,0.36900000000000005,0.36900000000000005,0.3467390835285187,0.089625,0.09654305059381402,0.089625,0.150375,0.14585710058313073,0.150375,0.0,0.0,0.02732155028733655,-0.00418659779699403,0.0,0.0,nan,1.0,0.0,-2.1310000000000002,0.4,1.7619999647140503,1.0,0,1,1,0,2.6237621307373047,-7.837230205535889,-0.44725352726174267,FOLLOW_MAIN,cascade_pd_tracking,follow_main,inner_wheel_pd,lidar_disabled,FOLLOW_MAIN,COMMITTED,HOLD,1,1,1,1,1,1,2,0.4364287853240967,0.4328136444091797,0.4292609691619873,0.42570972442626953,0.4217808246612549,9.751319885253906e-05,0.24751160799860372,0.03198204999898735
1784810159.1937134,70.33267259597778,-25.8,-0.0258,-25.8,-0.039564842982850804,-39.564842982850806,-0.039564842982850804,-39.564842982850806,-0.182,-0.2741991006266039,-0.2741991006266039,0.07241469010658746,0.44407324623822086,-0.018991124631768386,0.0007241469010658746,-0.1974233524511548,0.004440732462382209,0.48,0.01,0.72,0.01,nan,0.12,0.12,0.12029753194087867,0.12029753194087867,0.11962500214576721,0.23784210740518313,0.26962354822929957,0.21747684745142568,0.21747684745142568,0.40978261828422546,0.10180041049452228,0.0918826791319003,0.10239547437627959,0.13819958950547773,0.1454017613700901,0.13819958950547773,0.009917731362621973,0.0,0.044911290173397414,-0.0141694709495247,0.0005950638817573184,0.0,nan,1.0,0.0,-0.763,0.4,1.8029999732971191,1.0,0,1,1,0,2.676905870437622,-7.857144832611084,-0.36930019430219946,FOLLOW_MAIN,cascade_pd_tracking,follow_main,inner_wheel_pd,lidar_disabled,FOLLOW_MAIN,COMMITTED,HOLD,1,1,1,1,1,1,2,0.003537893295288086,7.343292236328125e-05,0.018650293350219727,0.015038728713989258,0.011136054992675781,0.007236003875732422,0.0053230819994496414,0.028107432999604498
1784810159.648326,70.7872850894928,-25.8,-0.0258,-25.8,-0.039564842982850804,-39.564842982850806,-0.039564842982850804,-39.564842982850806,-0.182,-0.2741991006266039,-0.2741991006266039,0.07241469010658746,0.44407324623822086,-0.018991124631768386,0.0007241469010658746,-0.1974233524511548,0.004440732462382209,0.48,0.01,0.72,0.01,nan,0.12,0.12,0.1200814667849403,0.1200814667849403,0.11962500214576721,0.2386043691179144,0.2545730387290296,0.201770153069799,0.201770153069799,0.40978261828422546,0.1028163198857905,0.0918826791319003,0.10347233833102391,0.1371836801142095,0.1454017613700901,0.13669059523885668,0.010933640753890195,-0.008218081255880583,0.0456267581881438,-0.06367571005789033,0.0006560184452334116,-0.0004930848753528349,nan,1.0,0.0,-0.763,0.4,1.8029999732971191,1.0,0,1,1,0,2.676905870437622,-7.857144832611084,-0.28192170089657986,FOLLOW_MAIN,cascade_pd_tracking,follow_main,inner_wheel_pd,lidar_disabled,FOLLOW_MAIN,COMMITTED,HOLD,1,1,1,1,1,1,2,7.605552673339844e-05,0.43631935119628906,0.4512467384338379,0.43270254135131836,0.4287700653076172,0.42476844787597656,0.025390427999809617,0.048174778999964474
1784810159.7008488,70.83980798721313,-1.0,-0.001,-1.0,-0.007241507510813718,-7.241507510813718,0.0,0.0,-0.007,-0.05149313198863959,-0.05149313198863959,0.09124562701545622,0.478173192987352,0.0,0.0009124562701545622,-0.03707505503182051,0.00478173192987352,0.48,0.01,0.72,0.01,nan,0.18417686417787726,0.18417686417787726,0.18752731794470562,0.18752731794470562,0.13050000369548798,0.0,0.01717728287630714,0.0029996258466118003,0.0029996258466118003,0.1260869801044464,0.18301739758372654,0.11196739857241442,0.18728039752440526,0.185336330772028,0.1447045375557283,0.18777423836500598,0.07104999901131212,0.0406317932162997,0.0887907536123933,0.0628914786037165,0.004262999940678727,0.002437907592977982,nan,1.0,0.0,-1.9989999999999999,0.6139228805929242,1.7380000352859497,1.0,0,1,1,0,2.725989818572998,-7.866339206695557,-0.1856859431462417,FOLLOW_MAIN,cascade_pd_tracking,follow_main,inner_wheel_pd,lidar_disabled,FOLLOW_MAIN,COMMITTED,HOLD,1,1,1,1,1,1,2,0.00746917724609375,0.00393986701965332,0.021719932556152344,0.018334150314331055,0.0001323223114013672,0.011252164840698242,0.05420450999918103,0.1287904789987806
1784810160.1322508,71.27120995521545,-1.0,-0.001,-1.0,-0.007241507510813718,-7.241507510813718,0.0,0.0,-0.007,-0.05149313198863959,-0.05149313198863959,0.09124562701545622,0.478173192987352,0.0,0.0009124562701545622,-0.03707505503182051,0.00478173192987352,0.48,0.01,0.72,0.01,nan,0.1806501332656003,0.1806501332656003,0.18294765400145824,0.17919629951850657,0.14862500131130219,0.0,0.003278816876079213,-0.0019070983430160187,-0.004757045971703985,0.0315217524766922,0.18042881312646497,0.1358316859791463,0.18310464075530408,0.18087145340473565,0.14888455602345602,0.18279066724761242,0.04459712714731867,0.03198689738127963,-0.08742219711702892,0.0013677185822143223,0.00267582762883912,0.0019192138428767778,nan,1.0,0.0,-1.9989999999999999,0.6021671108853344,1.7380000352859497,1.0,0,1,1,0,2.746793508529663,-7.868862152099609,-0.15898687807058845,FOLLOW_MAIN,cascade_pd_tracking,follow_main,inner_wheel_pd,lidar_disabled,FOLLOW_MAIN,COMMITTED,HOLD,1,1,1,1,1,1,2,6.29425048828125e-05,0.41965198516845703,0.4161207675933838,0.41256260871887207,0.40883517265319824,0.40526413917541504,0.07273579799948493,0.006345546999000362
1784810160.1859782,71.32493734359741,12.0,0.012,12.0,0.007097802345059396,7.097802345059396,0.0,0.0,0.08600000000000001,0.050797934592670936,0.050797934592670936,0.020132969901566378,0.28357903900132897,0.0,0.00020132969901566378,0.036574512906723075,0.00283579039001329,0.48,0.01,0.72,0.01,nan,0.1312995174001509,0.1312995174001509,0.12887162971392818,0.12931181491719398,0.15949998795986176,-0.06618460717235877,-0.06618460717235877,-0.05954401063157004,-0.05940320022002049,0.0630435049533844,0.13576697838428511,0.16899797822293758,0.13377311839396597,0.12683205641601666,0.174530646118121,0.12397014103389041,-0.033230999838652464,-0.04769858970210433,-0.03301820276958988,-0.0437049695133478,-0.0019938599903191476,-0.00286191538212626,nan,1.0,0.0,-2.3049999999999997,0.437665058000503,3.0339999198913574,1.0,0,1,1,0,2.818211555480957,-7.876341819763184,-0.09373742643519532,FOLLOW_MAIN,cascade_pd_tracking,follow_main,inner_wheel_pd,lidar_disabled,FOLLOW_MAIN,COMMITTED,HOLD,1,1,1,1,1,1,2,0.018384456634521484,0.014853239059448242,0.011411190032958984,0.008007287979125977,0.004124879837036133,0.00014591217041015625,0.07898177099923487,0.0676180310001655
1784810160.6276078,71.76656699180603,20.1,0.0201,20.1,0.013165620852532985,13.165620852532985,0.013165620852532985,13.165620852532985,0.14300000000000002,0.0937181266738463,0.0937181266738463,0.048455217809598466,0.22695702114963376,0.006319498009215833,0.0004845521780959847,0.06747705120516934,0.0022695702114963376,0.48,0.01,0.72,0.01,nan,0.13726975161246008,0.13726975161246008,0.13782866309159048,0.12989836633793683,0.11599999666213989,-0.10517060526927921,-0.10517060526927921,-0.09302963577098548,-0.05931439310436974,0.0,0.14436876746813643,0.12573838483045716,0.1454865904263972,0.13017073575678373,0.12785082378767829,0.13017073575678373,0.01863038263767927,0.0,0.11421605000413945,0.09246290169923757,0.0011178229582607562,0.0,nan,1.0,0.0,-2.0889999999999995,0.4575658387082003,2.9749999046325684,1.0,0,1,1,0,2.8816840648651123,-7.8821916580200195,-0.0936115405702584,FOLLOW_MAIN,cascade_pd_tracking,follow_main,inner_wheel_pd,lidar_disabled,FOLLOW_MAIN,COMMITTED,HOLD,1,1,1,1,1,1,2,0.3999359607696533,0.00015926361083984375,0.43050169944763184,0.41181135177612305,0.40789198875427246,0.4038841724395752,0.29343577299914614,0.05589382799917075
1784810160.6783137,71.81727290153503,24.1,0.0241,24.1,0.01951482153394393,19.51482153394393,0.01951482153394393,19.51482153394393,0.171,0.13884120071543793,0.13884120071543793,0.03146437591460857,0.17994084251039918,0.009367114336293085,0.0003146437591460857,0.09996566451511531,0.001799408425103992,0.48,0.01,0.72,0.01,nan,0.1337932160694354,0.1337932160694354,0.13420599452036194,0.13420599452036194,0.1341250091791153,-0.14382120306632926,-0.1271059225192515,-0.10924135024000521,-0.10924135024000521,0.03152172267436981,0.14237286583948489,0.12861358414193327,0.14319842274133798,0.1252135662993859,0.13171046537999945,0.1252135662993859,0.013759281697551612,0.0,0.060163152746447394,0.07087550363807665,0.0008255569018530967,0.0,nan,1.0,0.0,-2.13,0.445977386898118,2.9690001010894775,1.0,0,1,1,0,2.8921077251434326,-7.883082389831543,-0.0852268369368087,FOLLOW_MAIN,cascade_pd_tracking,follow_main,inner_wheel_pd,lidar_disabled,FOLLOW_MAIN,COMMITTED,HOLD,1,1,1,1,1,1,2,0.018607616424560547,0.015215158462524414,0.011644601821899414,0.008155345916748047,0.004191875457763672,0.00015616416931152344,0.03663857599894982,0.021972218999508186
1784810160.730522,71.86948108673096,24.1,0.0241,24.1,0.01951482153394393,19.51482153394393,0.01951482153394393,19.51482153394393,0.171,0.13884120071543793,0.13884120071543793,0.03146437591460857,0.17994084251039918,0.009367114336293085,0.0003146437591460857,0.09996566451511531,0.001799408425103992,0.48,0.01,0.72,0.01,nan,0.13057201493157508,0.13057201493157508,0.1305966143418116,0.1313508498299863,0.1341250091791153,-0.1434218177683197,-0.1434218177683197,-0.1257908851665408,-0.12586728883157644,0.03152172267436981,0.14025298763093666,0.12861358414193327,0.14095135184027685,0.1208910422322135,0.13171046537999945,0.12024187684334635,0.011639403489003386,-0.010819423147785945,0.028245175538598344,-0.007015148060449868,0.0006983642093402031,-0.0006491653888671566,nan,1.0,0.0,-2.13,0.43524004977191694,2.953000068664551,1.0,0,1,1,0,2.8921077251434326,-7.883082389831543,-0.0827682649091888,FOLLOW_MAIN,cascade_pd_tracking,follow_main,inner_wheel_pd,lidar_disabled,FOLLOW_MAIN,COMMITTED,HOLD,1,1,1,1,1,1,2,0.007254838943481445,0.003751039505004883,0.00016355514526367188,0.019000530242919922,0.015050411224365234,0.011201858520507812,0.09735131899833505,0.08268496199889341
1784810161.1581674,72.29712653160095,24.1,0.0241,24.1,0.01951482153394393,19.51482153394393,0.01951482153394393,19.51482153394393,0.171,0.13884120071543793,0.13884120071543793,0.03146437591460857,0.17994084251039918,0.009367114336293085,0.0003146437591460857,0.09996566451511531,0.001799408425103992,0.48,0.01,0.72,0.01,nan,0.13057201493157508,0.13057201493157508,0.1305966143418116,0.12025510253298957,0.1341250091791153,-0.1434218177683197,-0.1434218177683197,-0.1257908851665408,-0.20390558263998504,0.03152172267436981,0.14025298763093666,0.12861358414193327,0.14095135184027685,0.1208910422322135,0.13171046537999945,0.12024187684334635,0.011639403489003386,-0.010819423147785945,0.028245175538598344,-0.007015148060449868,0.0006983642093402031,-0.0006491653888671566,nan,1.0,0.0,-2.13,0.43524004977191694,2.953000068664551,1.0,0,1,1,0,2.8921077251434326,-7.883082389831543,-0.0827682649091888,FOLLOW_MAIN,cascade_pd_tracking,follow_main,inner_wheel_pd,lidar_disabled,FOLLOW_MAIN,COMMITTED,HOLD,1,1,1,1,1,1,2,0.4348733425140381,0.4313688278198242,0.4277806282043457,0.00011491775512695312,0.44266557693481445,0.43881654739379883,0.09735131899833505,0.08268496199889341
1784810161.2090278,72.34798693656921,33.9,0.0339,33.9,0.031892562273840616,31.892562273840618,0.031892562273840616,31.892562273840618,0.23800000000000002,0.22374757354448144,0.22374757354448144,0.02477764467959444,0.16267307370773598,0.015308429891443496,0.00024777644679594443,0.16109825295202662,0.00162673073707736,0.48,0.01,0.72,0.01,nan,0.12,0.12,0.12025510253298957,0.12025510253298957,0.11237499862909317,-0.23548780853193327,-0.23548780853193327,-0.20409836627078318,-0.20409836627078318,-0.03152172267436981,0.1358954270759055,0.11655450028552294,0.13705588268332844,0.1041045729240945,0.11494208194815761,0.10345432238265072,0.019340926790382545,-0.010837509024063108,0.02936325827574486,0.02628702581204695,0.0011604556074229528,-0.0006502505414437864,nan,1.0,0.0,-3.445,0.4,2.9040000438690186,1.0,0,1,1,0,2.94968318939209,-7.8873701095581055,-0.0720828228193484,FOLLOW_MAIN,cascade_pd_tracking,follow_main,inner_wheel_pd,lidar_disabled,FOLLOW_MAIN,COMMITTED,HOLD,1,1,1,1,1,1,2,0.010471105575561523,0.006962299346923828,0.003487110137939453,0.00012540817260742188,0.018322229385375977,0.014434099197387695,0.0733418919990072,0.07274726200012083
1784810161.6399071,72.77886629104614,33.9,0.0339,33.9,0.031892562273840616,31.892562273840618,0.031892562273840616,31.892562273840618,0.23800000000000002,0.22374757354448144,0.22374757354448144,0.02477764467959444,0.16267307370773598,0.015308429891443496,0.00024777644679594443,0.16109825295202662,0.00162673073707736,0.48,0.01,0.72,0.01,nan,0.12,0.12,0.12025510253298957,0.12025510253298957,0.11237499862909317,-0.23548780853193327,-0.23548780853193327,-0.20409836627078318,-0.20409836627078318,-0.03152172267436981,0.1358954270759055,0.11655450028552294,0.13705588268332844,0.1041045729240945,0.11494208194815761,0.10345432238265072,0.019340926790382545,-0.010837509024063108,0.02936325827574486,0.02628702581204695,0.0011604556074229528,-0.0006502505414437864,nan,1.0,0.0,-3.445,0.4,2.9040000438690186,1.0,0,1,1,0,2.94968318939209,-7.8873701095581055,-0.07460433979733666,FOLLOW_MAIN,cascade_pd_tracking,follow_main,inner_wheel_pd,lidar_disabled,FOLLOW_MAIN,COMMITTED,HOLD,1,1,1,1,1,1,2,0.40706419944763184,0.43781137466430664,8.869171142578125e-05,0.43097376823425293,0.4151606559753418,0.4111928939819336,0.0733418919990072,0.07274726200012083
1784810161.6912572,72.83021640777588,35.2,0.0352,35.2,0.03545717355469556,35.457173554695565,0.03545717355469556,35.457173554695565,0.246,0.24773613394956934,0.24773613394956934,0.010668316439110266,0.07053124554043876,0.017019443306253868,0.00010668316439110267,0.1783700164436899,0.0007053124554043875,0.48,0.01,0.72,0.01,nan,0.12,0.12,0.11974518949614069,0.11974518949614069,0.12687499821186066,-0.2569977523357407,-0.2569977523357407,-0.22154266666205513,-0.22154266666205513,-0.031521689146757126,0.13734734828266248,0.1267709296903688,0.1379819333982001,0.1026526517173375,0.12172275377160817,0.10150844559408127,0.01057641859229369,-0.019070102054270663,-0.012092190655949141,-0.01862389581085719,0.0006345851155376214,-0.0011442061232562397,nan,1.0,0.0,-4.053999999999999,0.4,2.8559999465942383,1.0,0,1,1,0,2.999018669128418,-7.891557216644287,-0.08986073911183863,FOLLOW_MAIN,cascade_pd_tracking,follow_main,inner_wheel_pd,lidar_disabled,FOLLOW_MAIN,COMMITTED,HOLD,1,1,1,1,1,1,2,0.0001437664031982422,0.01928997039794922,0.015706539154052734,0.01214599609375,0.008210897445678711,0.004319667816162109,0.06546739899931708,0.12710829099887633
1784810162.1306744,73.26963353157043,36.800000000000004,0.036800000000000006,36.800000000000004,0.03564845808493988,35.64845808493988,0.03564845808493988,35.64845808493988,0.257,0.24899928782793523,0.24899928782793523,0.008240225846480995,0.05447423995040483,0.017111259880771144,8.240225846480995e-05,0.17927948723611337,0.0005447423995040483,0.48,0.01,0.72,0.01,nan,0.12,0.12,0.11970161357940232,0.1195553848005957,0.13050000369548798,-0.25796423440141664,-0.25796423440141664,-0.22140099080517314,-0.20891886169760138,-0.06304347515106201,0.13741258582209562,0.1288440971972851,0.13792669513958425,0.10258741417790437,0.12110211682263779,0.10147653201922037,0.008568488624810522,-0.018514702644733413,-0.020347930089391345,-0.010521818581043903,0.0005141093174886313,-0.0011108821586840048,nan,1.0,0.0,-4.787999999999999,0.4,2.8510000705718994,1.0,0,1,1,0,3.0210564136505127,-7.893695831298828,-0.09518796874070597,FOLLOW_MAIN,cascade_pd_tracking,follow_main,inner_wheel_pd,lidar_disabled,FOLLOW_MAIN,COMMITTED,HOLD,1,1,1,1,1,1,2,0.4018981456756592,0.39844632148742676,0.3950686454772949,7.581710815429688e-05,0.4096097946166992,0.40579795837402344,0.0263451900009386,0.005367212999772164
1784810162.1818051,73.3207643032074,30.0,0.03,30.0,0.03227085954033857,32.27085954033857,0.03227085954033857,32.27085954033857,0.211,0.22626534991046254,0.22626534991046254,-0.006032214352367984,-0.04086151149087839,0.015490012579362514,-6.032214352367984e-05,0.162911051935533,-0.0004086151149087839,0.48,0.01,0.72,0.01,nan,0.12,0.12,0.11958119225654101,0.11958119225654101,0.11600000411272049,-0.23544778509915143,-0.23544778509915143,-0.19815492229443538,-0.19815492229443538,-0.12608696520328522,0.1358927254941927,0.13110399313467547,0.1358927254941927,0.10410727450580727,0.11806753262110654,0.10326965901888932,0.0,-0.013960258115299273,-0.009501194903968984,0.04100283125464067,0.0,-0.0008376154869179564,nan,1.0,0.0,-4.8999999999999995,0.4,2.7950000762939453,1.0,0,1,1,0,3.070547580718994,-7.8992919921875,-0.1162131502540626,FOLLOW_MAIN,cascade_pd_tracking,follow_main,inner_wheel_pd,lidar_disabled,FOLLOW_MAIN,COMMITTED,HOLD,1,1,1,1,1,1,2,0.01868891716003418,0.015090227127075195,0.011581897735595703,0.008125066757202148,0.004271030426025391,0.00019407272338867188,0.003342485999382916,0.06549232399993343
1784810162.23412,73.37307906150818,30.0,0.03,30.0,0.03227085954033857,32.27085954033857,0.03227085954033857,32.27085954033857,0.211,0.22626534991046254,0.22626534991046254,-0.006032214352367984,-0.04086151149087839,0.015490012579362514,-6.032214352367984e-05,0.162911051935533,-0.0004086151149087839,0.48,0.01,0.72,0.01,nan,0.12,0.12,0.12054430337063568,0.12054430334360935,0.09787499904632568,-0.235447835382679,-0.235447835382679,-0.19967950299781553,-0.19967949172549762,-0.09456522762775421,0.13589272888833082,0.1177492832004743,0.1369813356296022,0.10410727111166916,0.10484721366185183,0.10410727111166916,0.018143445687856516,0.0,0.0795526990998864,0.09322867164854964,0.0010886067412713908,0.0,nan,1.0,0.0,-4.8999999999999995,0.4,2.7950000762939453,1.0,0,1,1,0,3.0785019397735596,-7.900359630584717,-0.13339263843642185,FOLLOW_MAIN,cascade_pd_tracking,follow_main,inner_wheel_pd,lidar_disabled,FOLLOW_MAIN,COMMITTED,HOLD,1,1,1,1,1,1,2,0.006993532180786133,0.0035049915313720703,0.00011396408081054688,0.017893552780151367,0.014455556869506836,0.010758161544799805,0.06505508299960638,0.044635513999310206
1784810162.6560059,73.79496502876282,30.0,0.03,30.0,0.03227085954033857,32.27085954033857,0.03227085954033857,32.27085954033857,0.211,0.22626534991046254,0.22626534991046254,-0.006032214352367984,-0.04086151149087839,0.015490012579362514,-6.032214352367984e-05,0.162911051935533,-0.0004086151149087839,0.48,0.01,0.72,0.01,nan,0.12,0.12,0.12054430337063568,0.12054430337063568,0.09787499904632568,-0.235447835382679,-0.235447835382679,-0.19967950299781553,-0.19967950299781553,-0.09456522762775421,0.13589272888833082,0.1177492832004743,0.1369813356296022,0.10410727111166916,0.10484721366185183,0.10410727111166916,0.018143445687856516,0.0,0.0795526990998864,0.09322867164854964,0.0010886067412713908,0.0,nan,1.0,0.0,-4.8999999999999995,0.4,2.7950000762939453,1.0,0,1,1,0,3.0785019397735596,-7.900359630584717,-0.15135986595582562,FOLLOW_MAIN,cascade_pd_tracking,follow_main,inner_wheel_pd,lidar_disabled,FOLLOW_MAIN,COMMITTED,HOLD,1,1,1,1,1,1,2,0.4288508892059326,0.42536163330078125,0.4219701290130615,0.4184436798095703,9.965896606445312e-05,0.43261265754699707,0.06505508299960638,0.044635513999310206
1784810162.7071154,73.84607458114624,18.1,0.0181,18.1,0.023036244277822568,23.03624427782257,0.023036244277822568,23.03624427782257,0.129,0.16272955792773264,0.16272955792773264,-0.019946073878561527,-0.13751670845502978,0.011057397253354832,-0.00019946073878561528,0.1171652817079675,-0.0013751670845502978,0.48,0.01,0.72,0.01,nan,0.12,0.12,0.12,0.12,0.12325000017881393,-0.17493269871897227,-0.17493269871897227,-0.14344481294955733,-0.14344481294955733,-0.12608696520328522,0.13180795716353064,0.13291712557945273,0.13180795716353064,0.10819204283646937,0.11088748402109083,0.10819204283646937,0.0,0.0,-0.018634845365176587,0.004354702156293486,0.0,0.0,nan,1.0,0.0,-4.908,0.4,2.7320001125335693,1.0,0,1,1,0,3.1328439712524414,-7.909994125366211,-0.20034486743015195,FOLLOW_MAIN,cascade_pd_tracking,follow_main,inner_wheel_pd,lidar_disabled,FOLLOW_MAIN,COMMITTED,DROPOUT,1,1,1,1,1,1,3,0.00013113021850585938,0.019216060638427734,0.015591859817504883,0.012010574340820312,0.008153915405273438,0.004164457321166992,0.09015397400071379,0.036766463999811094
1784810163.127739,74.26669812202454,15.9,0.0159,15.9,0.02035616021724513,20.35616021724513,0.02035616021724513,20.35616021724513,0.113,0.14441643453175773,0.14441643453175773,-0.022252992145966273,-0.15295076637813265,0.009770956904277662,-0.00022252992145966273,0.10397983286286556,-0.0015295076637813266,0.48,0.01,0.72,0.01,nan,0.12,0.12,0.12,0.12,0.11962500214576721,-0.15764652642253457,-0.15764652642253457,-0.12927015166647832,-0.12927015179560372,-0.15760870277881622,0.13064114053352108,0.13165691226585546,0.13064114053352108,0.10935885946647891,0.10998463104992817,0.10935885946647891,0.0,0.0,-0.014160672897423341,0.0033091507652761145,0.0,0.0,nan,1.0,0.0,-4.922999999999999,0.4,2.740000009536743,1.0,0,1,1,0,3.142054319381714,-7.912110805511475,-0.23832874819079292,FOLLOW_MAIN,cascade_pd_tracking,follow_main,inner_wheel_pd,lidar_disabled,FOLLOW_MAIN,COMMITTED,DROPOUT,1,1,1,1,1,1,3,0.3985941410064697,0.3951833248138428,0.39179015159606934,0.3884894847869873,7.05718994140625e-05,0.40224504470825195,0.037385817000540555,0.0006469449999713106
1784810163.1791434,74.31810259819031,3.0,0.003,3.0,0.009741480219923382,9.741480219923382,0.0,0.0,0.021,0.06947954759995971,0.06947954759995971,-0.05291497810555158,-0.19052522531518154,0.0,-0.0005291497810555159,0.05002527427197099,-0.0019052522531518153,0.48,0.01,0.72,0.01,nan,0.12,0.12,0.1196429926965279,0.1196429926965279,0.11237499862909317,-0.08164522921051522,-0.08164522921051522,-0.06261211034007268,-0.06261211034007268,-0.0945652425289154,0.12551105297170978,0.13741129642077965,0.12479703836476559,0.11448894702829021,0.11907947310083139,0.11448894702829021,-0.01190024344906987,0.0,-0.04959498902911841,-0.012764280691367404,-0.0007140146069441922,0.0,nan,1.0,0.0,-4.67,0.4,2.986999988555908,1.0,0,1,1,0,3.19342041015625,-7.925501346588135,-0.25169401814830117,FOLLOW_MAIN,cascade_pd_tracking,follow_main,inner_wheel_pd,lidar_disabled,FOLLOW_MAIN,COMMITTED,UNKNOWN,1,1,1,1,1,1,1,0.00013709068298339844,0.019030332565307617,0.015433549880981445,0.011948823928833008,0.008145570755004883,0.004250526428222656,0.08156497900017712,0.009720181000375305
1784810163.2322536,74.37121272087097,3.0,0.003,3.0,0.009741480219923382,9.741480219923382,0.0,0.0,0.021,0.06947954759995971,0.06947954759995971,-0.05291497810555158,-0.19052522531518154,0.0,-0.0005291497810555159,0.05002527427197099,-0.0019052522531518153,0.48,0.01,0.72,0.01,nan,0.12,0.12,0.11964299269655224,0.11964299269654516,0.11237499862909317,-0.08164522922252941,-0.08164522922252941,-0.06261211035021982,-0.0626121103472711,-0.0945652425289154,0.12551105297252074,0.13741129642077965,0.12479703836562521,0.11448894702747926,0.11907947310083139,0.11448894702747926,-0.011900243448258907,0.0,-0.03296393134571925,-0.008483939218062389,-0.0007140146068955344,0.0,nan,1.0,0.0,-4.67,0.4,2.9790000915527344,1.0,0,1,1,0,3.19342041015625,-7.925501346588135,-0.2907488825480905,FOLLOW_MAIN,cascade_pd_tracking,follow_main,inner_wheel_pd,lidar_disabled,FOLLOW_MAIN,COMMITTED,UNKNOWN,1,1,1,1,1,1,1,0.0036306381225585938,0.00013113021850585938,0.03421759605407715,0.03079390525817871,0.01139521598815918,0.007554054260253906,0.14283635299943853,0.07099155499963672
1784810163.6481972,74.78715634346008,3.0,0.003,3.0,0.009741480219923382,9.741480219923382,0.0,0.0,0.021,0.06947954759995971,0.06947954759995971,-0.05291497810555158,-0.19052522531518154,0.0,-0.0005291497810555159,0.05002527427197099,-0.0019052522531518153,0.48,0.01,0.72,0.01,nan,0.12,0.12,0.11964299269655224,0.11964299269655224,0.11237499862909317,-0.08164522922252941,-0.08164522922252941,-0.06261211035021982,-0.06261211035021982,-0.0945652425289154,0.12551105297252074,0.13741129642077965,0.12479703836562521,0.11448894702747926,0.11907947310083139,0.11448894702747926,-0.011900243448258907,0.0,-0.03296393134571925,-0.008483939218062389,-0.0007140146068955344,0.0,nan,1.0,0.0,-4.67,0.4,2.9790000915527344,1.0,0,1,1,0,3.19342041015625,-7.925501346588135,-0.2907488825480905,FOLLOW_MAIN,cascade_pd_tracking,follow_main,inner_wheel_pd,lidar_disabled,FOLLOW_MAIN,COMMITTED,UNKNOWN,1,1,1,1,1,1,1,7.271766662597656e-05,0.41603755950927734,0.41237878799438477,0.40891051292419434,0.42729973793029785,0.4234578609466553,0.14283635299943853,0.07099155499963672
1784810163.6991951,74.83815431594849,-14.700000000000001,-0.014700000000000001,-14.700000000000001,-0.009818562591627722,-9.818562591627721,0.0,0.0,-0.10400000000000001,-0.06994741983137136,-0.06994741983137136,-0.007818511533435421,-0.24496043230275727,0.0,-7.81851153343542e-05,-0.050362142278587374,-0.0024496043230275728,0.48,0.01,0.72,0.01,nan,0.12,0.12,0.11986211384038828,0.11986211384038828,0.12687499821186066,0.036922119426386804,0.02322182059997431,0.02698370111173458,0.02698370111173458,-0.1576087474822998,0.11843252710950172,0.13162640324192273,0.11764089454155646,0.12156747289049827,0.1129698020784681,0.12208333313922008,-0.013193876132421012,0.008597670812030167,-0.052691206442355545,0.03582169887181033,-0.0007916325679452607,0.00051586024872181,nan,1.0,0.0,-3.297,0.4,1.277999997138977,1.0,0,1,1,0,3.245903253555298,-7.941728115081787,-0.2976835485435291,FOLLOW_MAIN,cascade_pd_tracking,follow_main,inner_wheel_pd,lidar_disabled,FOLLOW_MAIN,COMMITTED,HOLD,1,1,1,1,1,1,2,0.011121273040771484,0.007381439208984375,0.003737211227416992,0.0001430511474609375,0.018909692764282227,0.015190601348876953,0.03026958400005242,0.0726506690007227
1784810164.1463058,75.28526496887207,-14.700000000000001,-0.014700000000000001,-14.700000000000001,-0.009818562591627722,-9.818562591627721,0.0,0.0,-0.10400000000000001,-0.06994741983137136,-0.06994741983137136,-0.007818511533435421,-0.24496043230275727,0.0,-7.81851153343542e-05,-0.050362142278587374,-0.0024496043230275728,0.48,0.01,0.72,0.01,nan,0.12,0.12,0.11983426255845481,0.1196269893301117,0.12325000017881393,0.03692211942627947,0.03692211942627947,0.03860145384190184,0.1049080514641217,-0.12608695030212402,0.11750775693872613,0.13169197494992255,0.11665670385805435,0.12249224306127386,0.11383260643491717,0.12301182125885526,-0.014184218011196417,0.008659636626356687,-0.046228879047707214,0.028157663479491994,-0.000851053080671785,0.0005195781975814013,nan,1.0,0.0,-3.297,0.4,1.277999997138977,1.0,0,1,1,0,3.2549948692321777,-7.944852352142334,-0.3310020637751355,FOLLOW_MAIN,cascade_pd_tracking,follow_main,inner_wheel_pd,lidar_disabled,FOLLOW_MAIN,COMMITTED,HOLD,1,1,1,1,1,1,2,0.40754055976867676,0.40387749671936035,0.4195435047149658,9.799003601074219e-05,0.41568660736083984,0.4116783142089844,0.06928531099947577,0.031417899999723886
1784810164.1969104,75.33586955070496,-29.5,-0.0295,-29.5,-0.022936880034984473,-22.936880034984473,-0.022936880034984473,-22.936880034984473,-0.20700000000000002,-0.16223051392171528,-0.16223051392171528,-0.031995854459879874,-0.2080579981171835,-0.011009702416792546,-0.00031995854459879874,-0.11680597002363499,-0.002080579981171835,0.48,0.01,0.72,0.01,nan,0.12158371217845199,0.12158371217845199,0.12149672469892123,0.12149672469892123,0.12325000017881393,0.13017440032522495,0.13017440032522495,0.11397667976639726,0.11397667976639726,0.0,0.1127969401564993,0.12417097591759348,0.11211449801083365,0.13037048420040467,0.12189603109033596,0.1308789513870088,-0.011374035761094178,0.008474453110068711,0.009310469678964789,0.041079362021287875,-0.0006824421456656507,0.0005084671866041226,nan,1.0,0.0,-1.5859999999999999,0.40527904059484,1.2209999561309814,1.0,0,1,1,0,3.301482677459717,-7.96153450012207,-0.3469208163601871,FOLLOW_MAIN,cascade_pd_tracking,follow_main,inner_wheel_pd,lidar_disabled,FOLLOW_MAIN,COMMITTED,HOLD,1,1,1,1,1,1,2,0.01854562759399414,0.01517486572265625,0.011495351791381836,0.007914066314697266,0.004025936126708984,0.00014472007751464844,0.0552847719991405,0.0897264549985266
1784810164.6468852,75.78584432601929,-47.6,-0.0476,-47.6,-0.043516598528602936,-43.516598528602934,-0.043516598528602936,-43.516598528602934,-0.327,-0.30052143931291986,-0.30052143931291986,-0.041200122206134275,-0.2734560409542049,-0.02088796729372941,-0.0004120012220613428,-0.2163754363053023,-0.002734560409542049,0.48,0.01,0.72,0.01,nan,0.17860827383961048,0.1685917596201469,0.17176653152445184,0.12564652147909583,0.11237499862909317,0.26504361454410863,0.26504361454410863,0.23081579303820177,0.13176751110523924,-0.031521737575531006,0.15070131563841957,0.11628239294598354,0.15276645099996572,0.18648220360187426,0.11507539615081254,0.19076661204893797,0.03441892269243603,0.07140680745106172,0.1133224656437592,0.16010191769569798,0.0020651353615461616,0.004284408447063703,nan,1.0,0.0,-1.011,0.5953609127987016,1.1690000295639038,1.0,0,1,1,0,3.3579232692718506,-7.982245445251465,-0.35246879877670806,FOLLOW_MAIN,cascade_pd_tracking,follow_main,inner_wheel_pd,lidar_disabled,FOLLOW_MAIN,COMMITTED,UNKNOWN,1,1,1,1,1,1,1,0.4026975631713867,7.581710815429688e-05,0.41679859161376953,0.41333436965942383,0.4098086357116699,0.4063081741333008,0.04136121299961815,0.048316372000044794
1784810164.6987731,75.83773231506348,-47.6,-0.0476,-47.6,-0.043516598528602936,-43.516598528602934,-0.043516598528602936,-43.516598528602934,-0.327,-0.30052143931291986,-0.30052143931291986,-0.041200122206134275,-0.2734560409542049,-0.02088796729372941,-0.0004120012220613428,-0.2163754363053023,-0.002734560409542049,0.48,0.01,0.72,0.01,nan,0.17632579103348095,0.17519761290019947,0.17876873600130755,0.17508390633744975,0.11237499862909317,0.2626886911594777,0.2626886911594777,0.2287688936322803,0.22978388804982341,-0.031521737575531006,0.15746612624693473,0.11628239294598354,0.1599371502449918,0.1929290995534642,0.11507539615081254,0.19760032175762332,0.041183733300951195,0.07785370340265167,0.1254762193055766,0.15915486771539988,0.0024710239980570716,0.0046712222041591,nan,1.0,0.0,-1.011,0.5877526367782698,1.1690000295639038,1.0,0,1,1,0,3.3579232692718506,-7.982245445251465,-0.35231096435831744,FOLLOW_MAIN,cascade_pd_tracking,follow_main,inner_wheel_pd,lidar_disabled,FOLLOW_MAIN,COMMITTED,UNKNOWN,1,1,1,1,1,1,1,0.0038263797760009766,0.00016188621520996094,0.031047344207763672,0.027455568313598633,0.012058258056640625,0.007956504821777344,0.08264779599994654,0.08960295500037319
1784810165.1597397,76.29869890213013,-80.80000000000001,-0.08080000000000001,-80.80000000000001,-0.06306987311024431,-63.06987311024431,-0.06306987311024431,-63.06987311024431,-0.524,-0.363455422189913,-0.363455422189913,-0.08698532307534797,-0.3845949006388806,-0.03027353909291727,-0.0008698532307534797,-0.26168790397673736,-0.0038459490063888057,0.48,0.01,0.72,0.01,nan,0.15950717867384664,0.15950717867384664,0.1619780692482961,0.11720354610256849,0.11962500214576721,0.3234335152253474,0.29500378770936025,0.2576023483347982,0.3884092408048678,-0.0315217524766922,0.13959442300346483,0.11995150820340883,0.1407729978914682,0.17941993434422845,0.11669982999596953,0.183183140605124,0.019642914800056005,0.06272010434825892,-0.0370651792113554,0.02250394657390413,0.0011785748880033602,0.003763206260895535,nan,1.0,0.0,-1.248,0.5316905955794888,1.1610000133514404,1.0,0,1,1,0,3.3727376461029053,-7.987710952758789,-0.35231096435831744,FOLLOW_MAIN,cascade_pd_tracking,follow_main,inner_wheel_pd,lidar_disabled,FOLLOW_MAIN,COMMITTED,HOLD,1,1,1,1,1,1,2,0.41970014572143555,0.4161970615386963,0.41280651092529297,7.891654968261719e-05,0.4276711940765381,0.4237210750579834,0.05220856300002197,0.015052245998958824
1784810165.212044,76.35100317001343,-128.4,-0.12840000000000001,-128.4,-0.10613199414844995,-106.13199414844995,-0.10613199414844995,-106.13199414844995,-0.742,-0.6417756322760368,-0.6417756322760368,-0.10274436768197777,-0.5822197637509902,-0.05094335719125598,-0.0010274436768197778,-0.4620784552387465,-0.005822197637509902,0.48,0.01,0.72,0.01,nan,0.12,0.12,0.11720354610256849,0.11720354610256849,0.1703750044107437,0.45,0.45,0.3884092408048678,0.3884092408048678,0.09456519782543182,0.089625,0.16286109654923606,0.08523083420704583,0.150375,0.17035403336514757,0.14917625799809114,-0.07323609654923606,-0.019979033365147558,-0.0964570935354155,-0.10277855940354072,-0.0043941657929541635,-0.0011987420019088535,nan,1.0,0.0,-0.421,0.4,1.1069999933242798,1.0,0,1,1,0,3.4345953464508057,-8.01047420501709,-0.34972648951122837,FOLLOW_MAIN,cascade_pd_tracking,follow_main,inner_wheel_pd,lidar_disabled,FOLLOW_MAIN,COMMITTED,HOLD,1,1,1,1,1,1,2,0.003735780715942383,0.0001361370086669922,0.03445267677307129,0.015456199645996094,0.011739015579223633,0.007822751998901367,0.0745794129998103,0.05702845999985584
1784810165.654517,76.79347610473633,-128.4,-0.12840000000000001,-128.4,-0.10613199414844995,-106.13199414844995,-0.10613199414844995,-106.13199414844995,-0.742,-0.6417756322760368,-0.6417756322760368,-0.10274436768197777,-0.5822197637509902,-0.05094335719125598,-0.0010274436768197778,-0.4620784552387465,-0.005822197637509902,0.48,0.01,0.72,0.01,nan,0.12,0.12,0.11872409507573092,0.11872409507573092,0.11237499117851257,0.45,0.45,0.3844998820429724,0.3844998820429724,0.22065217792987823,0.089625,0.13215516414230238,0.08707319015146185,0.150375,0.15011905111163182,0.150375,-0.04253016414230239,0.0,0.09281929010846864,0.02999749302419206,-0.0025518098485381433,0.0,nan,1.0,0.0,-0.421,0.4,1.090999960899353,1.0,0,1,1,0,3.4430651664733887,-8.013487815856934,-0.3418777494965822,FOLLOW_MAIN,cascade_pd_tracking,follow_main,inner_wheel_pd,lidar_disabled,FOLLOW_MAIN,COMMITTED,HOLD,1,1,1,1,1,1,2,0.4095633029937744,0.4060502052307129,7.43865966796875e-05,0.4213743209838867,0.41751527786254883,0.4136378765106201,0.11583221799992316,0.0221745529997861
1784810165.7053595,76.84431862831116,-122.10000000000001,-0.12210000000000001,-122.10000000000001,-0.12316431302702582,-123.16431302702583,-0.12316431302702582,-123.16431302702583,-0.717,-0.7212276343811894,-0.7212276343811894,-0.024691007480171497,-0.13634907645019617,-0.05911887025297239,-0.000246910074801715,-0.5192838967544564,-0.0013634907645019617,0.48,0.01,0.72,0.01,nan,0.12,0.12,0.11957745974702394,0.11957745974702394,0.13049998879432678,0.45,0.45,0.3741330815917092,0.3741330815917092,0.37826085090637207,0.089625,0.10370967509920198,0.08877991949404787,0.150375,0.144901144083701,0.150375,-0.014084675099201985,0.0,0.027418946856675466,-0.07819506199595987,-0.0008450805059521191,0.0,nan,1.0,0.0,-0.075,0.4,2.7269999980926514,1.0,0,1,1,0,3.485809087753296,-8.02686595916748,-0.3007105145554146,FOLLOW_MAIN,cascade_pd_tracking,follow_main,inner_wheel_pd,lidar_disabled,FOLLOW_MAIN,COMMITTED,HOLD,1,1,1,1,1,1,2,7.104873657226562e-05,0.010825634002685547,0.029620885848999023,0.02611398696899414,0.007317304611206055,0.003781557083129883,0.0055869530006020796,0.07113531499999226
1784810166.146357,77.28531622886658,-285.3,-0.2853,-285.3,-0.19998594831133865,-199.98594831133863,-0.19998594831133865,-199.98594831133863,-0.496,-0.5381842002640868,-0.5381842002640868,-0.17827258709156268,0.34594900408950713,-0.09599325518944254,-0.001782725870915627,-0.38749262419014247,0.003459490040895071,0.48,0.01,0.72,0.01,nan,0.12,0.12,0.1205241818800577,0.11943293568066689,0.10512499511241913,0.45,0.45,0.37536783913551586,0.3758887813607875,0.34673914313316345,0.089625,0.09246670147267269,0.089625,0.150375,0.1329022706647431,0.15142336376011542,0.0,0.017472729335256898,0.06364564653640581,0.05247362114807336,0.0,0.0010483637601154138,nan,1.0,0.0,0.07511734581614042,0.4,2.6670000553131104,1.0,0,1,1,0,3.540010452270508,-8.037293434143066,-0.23968440434797608,FOLLOW_MAIN,cascade_pd_tracking,follow_main,inner_wheel_pd,lidar_disabled,FOLLOW_MAIN,COMMITTED,HOLD,1,1,1,1,1,1,2,0.39699816703796387,6.866455078125e-05,0.41229248046875,0.40883421897888184,0.4047667980194092,0.40084004402160645,0.07380063399978098,0.049312928998915595
1784810166.1981719,77.33713102340698,-285.3,-0.2853,-285.3,-0.19998594831133865,-199.98594831133863,-0.19998594831133865,-199.98594831133863,-0.496,-0.5381842002640868,-0.5381842002640868,-0.17827258709156268,0.34594900408950713,-0.09599325518944254,-0.001782725870915627,-0.38749262419014247,0.003459490040895071,0.48,0.01,0.72,0.01,nan,0.12,0.12,0.12,0.12,0.12687499821186066,0.45,0.45,0.36900000000000005,0.36900000000000005,0.5989130139350891,0.089625,0.08945686685068337,0.089625,0.150375,0.15010577119652888,0.150375,0.0,0.0,0.042578337125344604,-0.061764867359880585,0.0,0.0,nan,1.0,0.0,0.07511734581614042,0.4,2.6549999713897705,1.0,0,1,1,0,3.550356388092041,-8.0383882522583,-0.1672476016905293,FOLLOW_MAIN,cascade_pd_tracking,follow_main,inner_wheel_pd,lidar_disabled,FOLLOW_MAIN,COMMITTED,HOLD,1,1,1,1,1,1,2,0.01082921028137207,0.007216691970825195,0.0036246776580810547,0.00013113021850585938,0.018575429916381836,0.014695882797241211,0.13409843199951865,0.026406392998978845
1784810166.2497435,77.3887026309967,-285.3,-0.2853,-285.3,-0.2333794659676601,-233.3794659676601,-0.2333794659676601,-233.3794659676601,-0.496,-0.5068802261232739,-0.5068802261232739,-0.1896058571416862,0.2817430206528301,-0.11202214366447684,-0.0018960585714168621,-0.3649537628087572,0.0028174302065283006,0.48,0.01,0.72,0.01,nan,0.12,0.12,0.12,0.12,0.11962500214576721,0.45,0.45,0.36900000000000005,0.36900000000000005,0.5989130139350891,0.089625,0.08441780393926811,0.089625,0.150375,0.1549912656314883,0.150375,0.0,0.0,0.02837632996569929,-0.04116319177360162,0.0,0.0,nan,1.0,0.0,0.07511716712907528,0.4,2.6549999713897705,1.0,0,1,1,0,3.560150146484375,-8.0389404296875,-0.05629092712890612,FOLLOW_MAIN,cascade_pd_tracking,follow_main,inner_wheel_pd,lidar_disabled,FOLLOW_MAIN,COMMITTED,HOLD,1,1,1,1,1,1,2,0.003597736358642578,0.00011563301086425781,0.03263068199157715,0.029079198837280273,0.010905981063842773,0.007387876510620117,0.03235512399987783,0.006188806000864133
1784810166.6815937,77.82055282592773,-285.3,-0.2853,-285.3,-0.2333794659676601,-233.3794659676601,-0.2333794659676601,-233.3794659676601,-0.496,-0.5068802261232739,-0.5068802261232739,-0.1896058571416862,0.2817430206528301,-0.11202214366447684,-0.0018960585714168621,-0.3649537628087572,0.0028174302065283006,0.48,0.01,0.72,0.01,nan,0.12,0.12,0.12,0.12,0.11962500214576721,0.45,0.45,0.36900000000000005,0.36900000000000005,0.5989130139350891,0.089625,0.08441780393926811,0.089625,0.150375,0.1549912656314883,0.150375,0.0,0.0,0.02837632996569929,-0.04116319177360162,0.0,0.0,nan,1.0,0.0,0.07511716712907528,0.4,2.6549999713897705,1.0,0,1,1,0,3.560150146484375,-8.0389404296875,-0.05629092712890612,FOLLOW_MAIN,cascade_pd_tracking,follow_main,inner_wheel_pd,lidar_disabled,FOLLOW_MAIN,COMMITTED,HOLD,1,1,1,1,1,1,2,0.435427188873291,0.4319448471069336,8.893013000488281e-05,0.4609074592590332,0.4427340030670166,0.43921542167663574,0.03235512399987783,0.006188806000864133
1784810166.7322264,77.87118554115295,-285.3,-0.2853,-285.3,-0.2839649508870794,-283.9649508870794,-0.2839649508870794,-283.9649508870794,-0.496,-0.49625522315248427,-0.49625522315248427,-0.10194037652312175,0.07500159274075506,-0.13630317642579812,-0.0010194037652312175,-0.35730376066978864,0.0007500159274075506,0.48,0.01,0.72,0.01,nan,0.12,0.12,0.11971564361070311,0.11971564361070311,0.12687499821186066,0.45,0.45,0.3724544035440511,0.3724544035440511,0.40978261828422546,0.089625,0.09910354630989653,0.08905628722140621,0.150375,0.14982288232080526,0.150375,-0.00947854630989653,0.0,-0.014881259291015516,-0.008383072901472334,-0.0005687127785937917,0.0,nan,1.0,0.0,0.07511714317206222,0.4,2.6040000915527344,1.0,0,1,1,0,3.600374221801758,-8.037294387817383,0.04640692089629238,FOLLOW_MAIN,cascade_pd_tracking,follow_main,inner_wheel_pd,lidar_disabled,FOLLOW_MAIN,COMMITTED,HOLD,1,1,1,1,1,1,2,0.0036687850952148438,0.00012969970703125,0.019015073776245117,0.015381336212158203,0.01152801513671875,0.007622480392456055,0.06145983699934732,0.15060069799983467
1784810167.168376,78.30733513832092,-285.3,-0.2853,-285.3,-0.2852737286589656,-285.2737286589656,-0.2852737286589656,-285.2737286589656,-0.496,-0.49600502232795324,-0.49600502232795324,-0.02261301949031493,0.01585730053652918,-0.13693138975630348,-0.0002261301949031493,-0.3571236160761263,0.0001585730053652918,0.48,0.01,0.72,0.01,nan,0.12,0.12,0.11938864908018693,0.12032220977668956,0.14137500524520874,0.45,0.45,0.37642678154439596,0.37291425210200657,0.34673914313316345,0.089625,0.11000336399376943,0.08840229816037383,0.150375,0.1556724195472845,0.150375,-0.02037836399376944,0.0,-0.06921632709993154,-0.027304896652137877,-0.0012227018396261662,0.0,nan,1.0,0.0,0.07511714317203372,0.4,2.2760000228881836,1.0,0,1,1,0,3.6647024154663086,-8.024910926818848,0.0741459688343564,FOLLOW_MAIN,cascade_pd_tracking,follow_main,inner_wheel_pd,lidar_disabled,FOLLOW_MAIN,COMMITTED,HOLD,1,1,1,1,1,1,2,0.4171879291534424,7.510185241699219e-05,0.43260669708251953,0.42905640602111816,0.4251596927642822,0.4212644100189209,0.029229378998934408,0.0397188949991687
1784810167.218466,78.35742521286011,-285.3,-0.2853,-285.3,-0.2852737286589656,-285.2737286589656,-0.2852737286589656,-285.2737286589656,-0.496,-0.49600502232795324,-0.49600502232795324,-0.02261301949031493,0.01585730053652918,-0.13693138975630348,-0.0002261301949031493,-0.3571236160761263,0.0001585730053652918,0.48,0.01,0.72,0.01,nan,0.12,0.12,0.11938864908018693,0.11938864908018693,0.14137500524520874,0.45,0.45,0.37642678154439596,0.37642678154439596,0.34673914313316345,0.089625,0.11000336399376943,0.08840229816037383,0.150375,0.1556724195472845,0.150375,-0.02037836399376944,0.0,-0.0530010601158325,-0.020908195068298913,-0.0012227018396261662,0.0,nan,1.0,0.0,0.07511714317203372,0.4,2.2639999389648438,1.0,0,1,1,0,3.6647024154663086,-8.024910926818848,0.24212520247452102,FOLLOW_MAIN,cascade_pd_tracking,follow_main,inner_wheel_pd,lidar_disabled,FOLLOW_MAIN,COMMITTED,HOLD,1,1,1,1,1,1,2,0.014578580856323242,0.01106882095336914,0.007555246353149414,0.003929853439331055,0.0001475811004638672,0.018480300903320312,0.0692681079999602,0.07975762400019448
1784810167.6683936,78.80735278129578,-285.3,-0.2853,-285.3,-0.2852737286589656,-285.2737286589656,-0.2852737286589656,-285.2737286589656,-0.496,-0.49600502232795324,-0.49600502232795324,-0.02261301949031493,0.01585730053652918,-0.13693138975630348,-0.0002261301949031493,-0.3571236160761263,0.0001585730053652918,0.48,0.01,0.72,0.01,nan,0.12,0.12,0.11937797715887608,0.11937797715887608,0.1341249942779541,0.45,0.45,0.3765564256255055,0.3765564256255055,0.34673917293548584,0.089625,0.11035909470413087,0.08838095431775214,0.150375,0.15659431914526925,0.150375,-0.020734094704130873,0.0,-0.04234946934095195,-0.01593086693513212,-0.0012440456822478524,0.0,nan,1.0,0.0,0.07511714317203372,0.4,2.2639999389648438,1.0,0,1,1,0,3.6754870414733887,-8.021651268005371,0.2657663280315263,FOLLOW_MAIN,cascade_pd_tracking,follow_main,inner_wheel_pd,lidar_disabled,FOLLOW_MAIN,COMMITTED,HOLD,1,1,1,1,1,1,2,0.41938114166259766,0.4156782627105713,9.608268737792969e-05,0.4311339855194092,0.4271819591522217,0.4233717918395996,0.11005050499989011,0.03824224399977538
1784810167.7200868,78.85904598236084,-134.8,-0.1348,-134.8,-0.28510736153797656,-285.10736153797654,-0.28510736153797656,-285.10736153797654,-0.767,-0.4960000723608584,-0.4960000723608584,-0.003904394667097655,0.002913373774601924,-0.13685153353822874,-3.904394667097655e-05,-0.35712005209981806,2.9133737746019243e-05,0.48,0.01,0.72,0.01,nan,0.12,0.12,0.12043177897616247,0.12043177897616247,0.11237499117851257,0.45,0.45,0.3742453149696775,0.3742453149696775,0.28369560837745667,0.089625,0.09647512029479863,0.089625,0.150375,0.13598236746125072,0.15123855795232496,0.0,0.014392632538749284,0.06589478045404457,0.05950654609916025,0.0,0.000863557952324957,nan,1.0,0.0,0.0,0.4,2.2079999446868896,1.0,0,1,1,0,3.720407485961914,-8.004799842834473,0.4016567918820161,FOLLOW_MAIN,cascade_pd_tracking,follow_main,inner_wheel_pd,lidar_disabled,FOLLOW_MAIN,COMMITTED,HOLD,1,1,1,1,1,1,2,0.00013685226440429688,0.03416872024536133,0.011952638626098633,0.0273590087890625,0.008245229721069336,0.004256010055541992,0.04086247099985485,0.07663669300018228
1784810168.1465335,79.28549265861511,-134.8,-0.1348,-134.8,-0.28510736153797656,-285.10736153797654,-0.28510736153797656,-285.10736153797654,-0.767,-0.4960000723608584,-0.4960000723608584,-0.003904394667097655,0.002913373774601924,-0.13685153353822874,-3.904394667097655e-05,-0.35712005209981806,2.9133737746019243e-05,0.48,0.01,0.72,0.01,nan,0.12,0.12,0.12001808220088919,0.12001808220088919,0.12324999272823334,0.45,0.45,0.3761929974573287,0.3761929974573287,0.31521737575531006,0.089625,0.09919207161871044,0.08905097570287737,0.150375,0.14020518835164988,0.150985188698901,-0.00956707161871044,0.010169811648350124,-0.0014916514149804737,0.019623048723772504,-0.0005740242971226264,0.0006101886989010075,nan,1.0,0.0,0.0,0.4,2.2079999446868896,1.0,0,1,1,0,3.7292263507843018,-8.000673294067383,0.5069710804543139,FOLLOW_MAIN,cascade_pd_tracking,follow_main,inner_wheel_pd,lidar_disabled,FOLLOW_MAIN,COMMITTED,HOLD,1,1,1,1,1,1,2,0.40363168716430664,0.40000104904174805,0.3966257572174072,0.39308881759643555,7.796287536621094e-05,0.4078633785247803,0.10167728899978101,0.055658347000644426
1784810168.1967325,79.33569169044495,-284.7,-0.2847,-284.7,-0.23946341053299186,-239.46341053299187,-0.23946341053299186,-239.46341053299187,-0.496,-0.6177172750408176,-0.6177172750408176,0.05252406571275323,-0.1423354316476371,-0.1149424370558361,0.0005252406571275324,-0.4447564380293887,-0.0014233543164763709,0.48,0.01,0.72,0.01,nan,0.12,0.12,0.12,0.12,0.11599999666213989,0.45,0.45,0.36900000000000005,0.36900000000000005,0.31521737575531006,0.089625,0.09540153409786369,0.089625,0.150375,0.14430689444262063,0.150375,0.0,0.0,0.011729561832119451,-0.006081480839199247,0.0,0.0,nan,1.0,0.0,0.08227605417802535,0.4,2.1570000648498535,1.0,0,1,1,0,3.7725019454956055,-7.974909782409668,0.5686280320478682,FOLLOW_MAIN,cascade_pd_tracking,follow_main,inner_wheel_pd,lidar_disabled,FOLLOW_MAIN,COMMITTED,HOLD,1,1,1,1,1,1,2,0.007187843322753906,0.003606557846069336,0.00011110305786132812,0.03303194046020508,0.01511693000793457,0.011265039443969727,0.18210093299967411,0.08282059299926914
1784810168.2468874,79.38584661483765,-284.7,-0.2847,-284.7,-0.27484839520609705,-274.84839520609705,-0.27484839520609705,-274.84839520609705,-0.496,-0.5233573159125371,-0.5233573159125371,-0.05967707340542129,0.1579137917128995,-0.1319272296989266,-0.000596770734054213,-0.3768172674570267,0.001579137917128995,0.48,0.01,0.72,0.01,nan,0.12,0.12,0.12,0.12,0.11962500214576721,0.45,0.45,0.36900000000000005,0.36900000000000005,0.40978261828422546,0.089625,0.09300351837287518,0.089625,0.150375,0.14638505164037735,0.150375,0.0,0.0,0.007786437208971584,-0.004037070554700539,0.0,0.0,nan,1.0,0.0,0.08202642999622498,0.4,2.1570000648498535,1.0,0,1,1,0,3.786299228668213,-7.964797019958496,0.6324912857149261,FOLLOW_MAIN,cascade_pd_tracking,follow_main,inner_wheel_pd,lidar_disabled,FOLLOW_MAIN,COMMITTED,HOLD,1,1,1,1,1,1,2,0.0037529468536376953,0.0001404285430908203,0.01535940170288086,0.011774301528930664,0.029123306274414062,0.007860183715820312,0.058359886999824084,0.0007058900009724312
1784810168.6635156,79.80247473716736,-284.7,-0.2847,-284.7,-0.27484839520609705,-274.84839520609705,-0.27484839520609705,-274.84839520609705,-0.496,-0.5233573159125371,-0.5233573159125371,-0.05967707340542129,0.1579137917128995,-0.1319272296989266,-0.000596770734054213,-0.3768172674570267,0.001579137917128995,0.48,0.01,0.72,0.01,nan,0.12,0.12,0.12,0.12,0.11962500214576721,0.45,0.45,0.36900000000000005,0.36900000000000005,0.40978261828422546,0.089625,0.09300351837287518,0.089625,0.150375,0.14638505164037735,0.150375,0.0,0.0,0.007786437208971584,-0.004037070554700539,0.0,0.0,nan,1.0,0.0,0.08202642999622498,0.4,2.1570000648498535,1.0,0,1,1,0,3.786299228668213,-7.964797019958496,0.7277185294619959,FOLLOW_MAIN,cascade_pd_tracking,follow_main,inner_wheel_pd,lidar_disabled,FOLLOW_MAIN,COMMITTED,HOLD,1,1,1,1,1,1,2,0.420346736907959,0.4167330265045166,0.4129602909088135,0.4093468189239502,8.296966552734375e-05,0.4244508743286133,0.058359886999824084,0.0007058900009724312
1784810168.7143772,79.85333633422852,-124.0,-0.124,-124.0,-0.2170690080221918,-217.0690080221918,-0.2170690080221918,-217.0690080221918,-0.725,-0.673365406522088,-0.673365406522088,0.12734449593802907,-0.32934424950831614,-0.10419312385065206,0.0012734449593802908,-0.48482309269590335,-0.0032934424950831617,0.48,0.01,0.72,0.01,nan,0.12,0.12,0.12054943527381845,0.12054943527381845,0.10875000059604645,0.45,0.45,0.3756746211041648,0.3756746211041648,0.18913045525550842,0.089625,0.09247936150395318,0.089625,0.150375,0.13206049087271887,0.1514738705476369,0.0,0.018314509127281137,0.000365523497759713,0.05657508023564393,0.0,0.0010988705476368682,nan,1.0,0.0,3.1539999999999995,0.4,2.127000093460083,1.0,0,1,1,0,3.821016311645508,-7.932062149047852,0.7867270982550943,FOLLOW_MAIN,cascade_pd_tracking,follow_main,inner_wheel_pd,lidar_disabled,FOLLOW_MAIN,COMMITTED,HOLD,1,1,1,1,1,1,2,0.007460832595825195,0.0037834644317626953,0.00016069412231445312,0.03380846977233887,0.015183448791503906,0.011354207992553711,0.10672240700114344,0.05130874700080312
1784810169.1676157,80.30657482147217,-124.0,-0.124,-124.0,-0.2170690080221918,-217.0690080221918,-0.2170690080221918,-217.0690080221918,-0.725,-0.673365406522088,-0.673365406522088,0.12734449593802907,-0.32934424950831614,-0.10419312385065206,0.0012734449593802908,-0.48482309269590335,-0.0032934424950831617,0.48,0.01,0.72,0.01,nan,0.12,0.12,0.11954514105313088,0.11954514105313088,0.14137500524520874,0.45,0.45,0.37452569387307666,0.37452569387307666,0.34673914313316345,0.089625,0.1047869648956372,0.08871528210626177,0.150375,0.14785827845741753,0.150375,-0.015161964895637203,0.0,-0.09526446975682862,-0.07216824023680565,-0.0009097178937382322,0.0,nan,1.0,0.0,3.1539999999999995,0.4,2.0969998836517334,1.0,0,1,1,0,3.828681468963623,-7.923554420471191,0.8374454655929691,FOLLOW_MAIN,cascade_pd_tracking,follow_main,inner_wheel_pd,lidar_disabled,FOLLOW_MAIN,COMMITTED,HOLD,1,1,1,1,1,1,2,0.41568517684936523,0.4119734764099121,8.392333984375e-05,0.42766714096069336,0.42377710342407227,0.4198172092437744,0.14703754400034086,0.01249872299922572
1784810169.2188275,80.35778665542603,-103.10000000000001,-0.10310000000000001,-103.10000000000001,-0.11377498809046546,-113.77498809046546,-0.11377498809046546,-113.77498809046546,-0.635,-0.6633292738325502,-0.6633292738325502,0.16756930927701288,0.020031514342201066,-0.05461199428342342,0.0016756930927701288,-0.47759707715943617,0.00020031514342201066,0.48,0.01,0.72,0.01,nan,0.12,0.12,0.11937830832717646,0.11937830832717646,0.13049998879432678,0.45,0.45,0.3681419720762337,0.3681419720762337,0.5043478012084961,0.089625,0.09880935542400589,0.08907393867455965,0.150375,0.1619137003367791,0.14968267797979326,-0.009184355424005891,-0.01153870033677909,0.02021776297572702,-0.05102812178922627,-0.0005510613254403534,-0.0006923220202067453,nan,1.0,0.0,0.284,0.4,2.319000005722046,1.0,0,1,1,0,3.8606441020965576,-7.8818464279174805,0.9472982557578078,FOLLOW_MAIN,cascade_pd_tracking,follow_main,inner_wheel_pd,lidar_disabled,FOLLOW_MAIN,COMMITTED,HOLD,1,1,1,1,1,1,2,0.018685102462768555,0.01502537727355957,0.011570930480957031,0.008062601089477539,0.004150390625,0.00019598007202148438,0.08548811500077136,0.0650025459999597
1784810169.6651657,80.80412483215332,-96.80000000000001,-0.09680000000000001,-96.80000000000001,-0.09835460152770324,-98.35460152770324,-0.09835460152770324,-98.35460152770324,-0.605,-0.6121371461587076,-0.6121371461587076,0.051943600151733174,0.07312052731679264,-0.04721020873329755,0.0005194360015173318,-0.4407387452342695,0.0007312052731679264,0.48,0.01,0.72,0.01,nan,0.12,0.12,0.11975503040628024,0.11937830832717646,0.11962500214576721,0.45,0.45,0.3719759269162992,0.3681419720762337,0.28369566798210144,0.089625,0.09779065312399182,0.0891350608125605,0.150375,0.14273086246209343,0.150375,-0.008165653123991826,0.0,-0.015426752921269589,0.002285305228349397,-0.0004899391874395096,0.0,nan,1.0,0.0,-0.283,0.4,2.2839999198913574,1.0,0,1,1,0,3.8832013607025146,-7.837347984313965,1.0340463263808437,FOLLOW_MAIN,cascade_pd_tracking,follow_main,inner_wheel_pd,lidar_disabled,FOLLOW_MAIN,COMMITTED,HOLD,1,1,1,1,1,1,2,0.4087395668029785,9.870529174804688e-05,0.4350290298461914,0.4315662384033203,0.4161031246185303,0.41247081756591797,0.03223932800028706,0.09629994699935196
1784810169.7182946,80.85725378990173,-96.80000000000001,-0.09680000000000001,-96.80000000000001,-0.09835460152770324,-98.35460152770324,-0.09835460152770324,-98.35460152770324,-0.605,-0.6121371461587076,-0.6121371461587076,0.051943600151733174,0.07312052731679264,-0.04721020873329755,0.0005194360015173318,-0.4407387452342695,0.0007312052731679264,0.48,0.01,0.72,0.01,nan,0.12,0.12,0.12,0.12,0.12324999272823334,0.45,0.45,0.36900000000000005,0.36900000000000005,0.44130435585975647,0.089625,0.09479030323385876,0.089625,0.150375,0.14987506226520533,0.150375,0.0,0.0,0.040750923209828614,0.0015227499043145615,0.0,0.0,nan,1.0,0.0,-0.283,0.4,2.2769999504089355,1.0,0,1,1,0,3.889693021774292,-7.821227550506592,1.107334357714747,FOLLOW_MAIN,cascade_pd_tracking,follow_main,inner_wheel_pd,lidar_disabled,FOLLOW_MAIN,COMMITTED,HOLD,1,1,1,1,1,1,2,0.010173797607421875,0.006799221038818359,0.00350189208984375,9.608268737792969e-05,0.01746964454650879,0.013917922973632812,0.0931365900014498,0.01543793200107757
1784810170.1785665,81.31752562522888,-94.9,-0.09490000000000001,-94.9,-0.09745509177990691,-97.45509177990691,-0.09745509177990691,-97.45509177990691,-0.596,-0.6080075139495527,-0.6080075139495527,0.03929753983340021,0.06338848952178662,-0.046778444054355314,0.0003929753983340021,-0.4377654100436779,0.0006338848952178662,0.48,0.01,0.72,0.01,nan,0.12,0.12,0.12,0.12,0.12324999272823334,0.45,0.45,0.36900000000000005,0.36900000000000005,0.44130435585975647,0.089625,0.09479030323385876,0.089625,0.150375,0.14987506226520533,0.150375,0.0,0.0,0.031123391712329838,0.0011629955352880016,0.0,0.0,nan,1.0,0.0,-0.31099999999999994,0.4,2.2769999504089355,1.0,0,1,1,0,3.889693021774292,-7.821227550506592,1.1661220675184314,FOLLOW_MAIN,cascade_pd_tracking,follow_main,inner_wheel_pd,lidar_disabled,FOLLOW_MAIN,COMMITTED,HOLD,1,1,1,1,1,1,2,0.42554378509521484,0.42189621925354004,6.67572021484375e-05,0.43779444694519043,0.43357396125793457,0.42952632904052734,0.029860508999263402,0.05586575400047877
1784810170.2294734,81.36843252182007,-83.10000000000001,-0.08310000000000001,-83.10000000000001,-0.08800724213596409,-88.00724213596409,-0.08800724213596409,-88.00724213596409,-0.536,-0.5607988997614255,-0.5607988997614255,0.028683624271752424,0.11130704592928756,-0.04224347622526276,0.00028683624271752425,-0.40377520782822635,0.0011130704592928755,0.48,0.01,0.72,0.01,nan,0.12,0.12,0.12059847292003048,0.12059847292003048,0.11599999666213989,0.45,0.45,0.37627033769518503,0.37627033769518503,0.18913045525550842,0.089625,0.08901839178227408,0.089625,0.150375,0.1304259026656511,0.15157194584006095,0.0,0.01994909733434891,-0.06977362140245495,0.06946876869754266,0.0,0.0011969458400609345,nan,1.0,0.0,-0.9209999999999999,0.4,2.2330000400543213,1.0,0,1,1,0,3.9032232761383057,-7.768131732940674,1.3788935845478065,FOLLOW_MAIN,cascade_pd_tracking,follow_main,inner_wheel_pd,lidar_disabled,FOLLOW_MAIN,COMMITTED,UNKNOWN,1,1,1,1,1,1,1,0.00015735626220703125,0.018970251083374023,0.01546335220336914,0.011935710906982422,0.008119821548461914,0.004175424575805664,0.07391837499926623,0.00426496999898518
1784810170.659782,81.79874110221863,-81.2,-0.08120000000000001,-81.2,-0.08567956073298147,-85.67956073298147,-0.08567956073298147,-85.67956073298147,-0.526,-0.5490358898691574,-0.5490358898691574,0.029019074516892413,0.12063379980221973,-0.041126189151831104,0.00029019074516892414,-0.39530584070579333,0.0012063379980221975,0.48,0.01,0.72,0.01,nan,0.12,0.12,0.12059847292003048,0.12059847292003048,0.11599999666213989,0.45,0.45,0.37627033769518503,0.37627033769518503,0.18913045525550842,0.089625,0.08901839178227408,0.089625,0.150375,0.1304259026656511,0.15157194584006095,0.0,0.01994909733434891,-0.055374201854383555,0.055132262638984394,0.0,0.0011969458400609345,nan,1.0,0.0,-0.9239999999999999,0.4,2.2109999656677246,1.0,0,1,1,0,3.9032232761383057,-7.768131732940674,1.434813236718356,FOLLOW_MAIN,cascade_pd_tracking,follow_main,inner_wheel_pd,lidar_disabled,FOLLOW_MAIN,COMMITTED,HOLD,1,1,1,1,1,1,2,0.4127335548400879,0.4094114303588867,0.4233064651489258,0.4061734676361084,0.4028172492980957,7.82012939453125e-05,0.031418549000591156,0.038936300999921514
1784810170.7108166,81.84977579116821,-69.4,-0.0694,-69.4,-0.0751216045519221,-75.1216045519221,-0.0751216045519221,-75.1216045519221,-0.46,-0.49228779636929143,-0.49228779636929143,0.031830649815740096,0.16042340919100734,-0.036058370184922604,0.000318306498157401,-0.3544472133858898,0.0016042340919100735,0.48,0.01,0.72,0.01,nan,0.12,0.12,0.12,0.12,0.11962500214576721,0.446888019508782,0.446888019508782,0.36644817599720114,0.36644817599720114,0.34673914313316345,0.0898350586831572,0.09682528945073329,0.0898350586831572,0.15016494131684277,0.1443301360457401,0.15016494131684277,0.0,0.0,-0.0029267928745344116,-0.031194895756739886,0.0,0.0,nan,1.0,0.0,-1.436,0.4,2.1710000038146973,1.0,0,1,1,0,3.9071733951568604,-7.713423252105713,1.5433422695397732,FOLLOW_MAIN,cascade_pd_tracking,follow_main,inner_wheel_pd,lidar_disabled,FOLLOW_MAIN,COMMITTED,HOLD,1,1,1,1,1,1,2,0.004014730453491211,0.02303457260131836,0.019493818283081055,0.016007423400878906,0.00014662742614746094,0.008160591125488281,0.14287818599950697,0.04749105600058101
1784810171.1980317,82.33699083328247,-65.10000000000001,-0.0651,-65.10000000000001,-0.07091164940186598,-70.91164940186597,-0.07091164940186598,-70.91164940186597,-0.435,-0.4685304441483663,-0.4685304441483663,0.02957119713554131,0.15559963561621876,-0.034037591712895665,0.00029571197135541314,-0.3373419197868237,0.0015559963561621877,0.48,0.01,0.72,0.01,nan,0.12,0.12,0.12,0.12,0.12324999272823334,0.42332679600864115,0.42332679600864115,0.34712797272708573,0.34712797272708573,0.37826085090637207,0.09142544126941672,0.09731321041542937,0.09142544126941672,0.14857455873058328,0.14676535711441294,0.14857455873058328,0.0,0.0,-0.0019776301253729488,-0.021078350348318172,0.0,0.0,nan,1.0,0.0,-1.6969999999999998,0.4,2.1600000858306885,1.0,0,1,1,0,3.9068973064422607,-7.703813552856445,1.5995141119987208,FOLLOW_MAIN,cascade_pd_tracking,follow_main,inner_wheel_pd,lidar_disabled,FOLLOW_MAIN,COMMITTED,HOLD,1,1,1,1,1,1,2,6.771087646484375e-05,0.4531717300415039,0.4496140480041504,0.44611525535583496,0.44228148460388184,0.4386725425720215,0.041953640000429004,0.011285148000752088
1784810171.2484124,82.38737154006958,-39.1,-0.0391,-39.1,-0.050046083530759636,-50.04608353075964,-0.050046083530759636,-50.04608353075964,-0.273,-0.3429091617426,-0.3429091617426,0.045626444760869,0.272581935533342,-0.024022120094764624,0.00045626444760869003,-0.246894596454672,0.00272581935533342,0.48,0.01,0.72,0.01,nan,0.12,0.12,0.11968574332828573,0.11968574332828573,0.13049998879432678,0.30062844746593037,0.30062844746593037,0.2426976903175341,0.2426976903175341,0.31521740555763245,0.09970757979604969,0.10483699066990394,0.09970757979604969,0.1402924202039503,0.15076764259442565,0.13966390686052177,0.0,-0.010475222390475353,-8.016206199129439e-05,-0.05942544568173741,0.0,-0.0006285133434285211,nan,1.0,0.0,-1.859,0.4,2.1679999828338623,1.0,0,1,1,0,3.898618698120117,-7.644216060638428,1.7543798638596544,FOLLOW_MAIN,cascade_pd_tracking,follow_main,inner_wheel_pd,lidar_disabled,FOLLOW_MAIN,COMMITTED,HOLD,1,1,1,1,1,1,2,0.014709711074829102,0.02651810646057129,0.011094093322753906,0.007629871368408203,0.0038988590240478516,0.00014328956604003906,0.05553445700024895,0.011117961999843828
1784810171.6840694,82.82302856445312,-39.1,-0.0391,-39.1,-0.050046083530759636,-50.04608353075964,-0.050046083530759636,-50.04608353075964,-0.273,-0.3429091617426,-0.3429091617426,0.045626444760869,0.272581935533342,-0.024022120094764624,0.00045626444760869003,-0.246894596454672,0.00272581935533342,0.48,0.01,0.72,0.01,nan,0.12,0.12,0.11968559148021177,0.120019352226203,0.13049998879432678,0.3005534607627382,0.3005534607627382,0.24263435654801796,0.0816698270710251,0.31521740555763245,0.09971264139851517,0.10483699066990394,0.09971264139851517,0.14028735860148484,0.15076764259442565,0.13965854156190838,0.0,-0.01048028399294082,-7.030332116538535e-05,-0.052148623743481504,0.0,-0.0006288170395764492,nan,1.0,0.0,-1.859,0.4,2.1679999828338623,1.0,0,1,1,0,3.898618698120117,-7.644216060638428,1.7543798638596544,FOLLOW_MAIN,cascade_pd_tracking,follow_main,inner_wheel_pd,lidar_disabled,FOLLOW_MAIN,COMMITTED,HOLD,1,1,1,1,1,1,2,0.4314737319946289,0.4277675151824951,0.42420291900634766,7.581710815429688e-05,0.43950414657592773,0.4357481002807617,0.07521915500001342,0.030802659999608295
1784810171.7348266,82.87378573417664,-7.9,-0.0079,-7.9,-0.01490135255675433,-14.901352556754329,-0.01490135255675433,-14.901352556754329,-0.056,-0.10562673047179924,-0.10562673047179924,0.059037902507474704,0.3971691817728979,-0.007152649227242078,0.0005903790250747471,-0.07605124593969545,0.003971691817728979,0.48,0.01,0.72,0.01,nan,0.12,0.12,0.12001935222620298,0.12001935222620298,0.11599999666213989,0.07111094928408362,0.07889052166326853,0.05596153061347561,0.05596153061347561,0.25217390060424805,0.11467488978772937,0.10237700598409609,0.11541276281594737,0.1253251102122706,0.13697791980913748,0.1246259416364586,0.01229788380363328,-0.011652809596866875,0.05119876669302795,0.007547934071369619,0.0007378730282179968,-0.0006991685758120124,nan,1.0,0.0,-2.642,0.4,2.5850000381469727,1.0,0,1,1,0,3.883385181427002,-7.593803882598877,1.8919407979783744,FOLLOW_MAIN,cascade_pd_tracking,follow_main,inner_wheel_pd,lidar_disabled,FOLLOW_MAIN,COMMITTED,HOLD,1,1,1,1,1,1,2,0.0036439895629882812,0.00013256072998046875,0.033353328704833984,0.014885425567626953,0.011238813400268555,0.007485866546630859,0.023174481000751257,0.10179565900034504
1784810172.1601937,83.29915285110474,-7.9,-0.0079,-7.9,-0.01490135255675433,-14.901352556754329,-0.01490135255675433,-14.901352556754329,-0.056,-0.10562673047179924,-0.10562673047179924,0.059037902507474704,0.3971691817728979,-0.007152649227242078,0.0005903790250747471,-0.07605124593969545,0.003971691817728979,0.48,0.01,0.72,0.01,nan,0.12,0.12,0.120019352226203,0.120019352226203,0.11599999666213989,0.07098869303980661,0.07098869303980661,0.04909326117396264,0.04909326117396264,0.25217390060424805,0.11520826321981305,0.10237700598409609,0.11597813865395606,0.12479173678018694,0.13697791980913748,0.12406056579844991,0.012831257235716959,-0.01218618302895054,0.04781438053245123,0.0032422422548117388,0.0007698754341430175,-0.0007311709817370323,nan,1.0,0.0,-2.642,0.4,2.6010000705718994,1.0,0,1,1,0,3.883385181427002,-7.593803882598877,1.9326988569304506,FOLLOW_MAIN,cascade_pd_tracking,follow_main,inner_wheel_pd,lidar_disabled,FOLLOW_MAIN,COMMITTED,HOLD,1,1,1,1,1,1,2,0.410123348236084,0.4064164161682129,0.42183518409729004,0.4029059410095215,0.3989274501800537,7.915496826171875e-05,0.04421944000023359,0.12284061799982737
1784810172.2111838,83.35014295578003,4.0,0.004,4.0,-0.00102038773716508,-1.02038773716508,0.0,0.0,0.028,-0.0075754931065864905,0.0,0.03288839876033842,0.3125791977727267,0.0,0.00032888398760338425,0.0,0.003125791977727267,0.48,0.01,0.72,0.01,nan,0.1282167985793525,0.1282167985793525,0.1288702181644641,0.12850238097336011,0.12325000017881393,-0.02709746993231154,-0.02709746993231154,-0.030157763267332546,-0.029958354428455146,0.18913045525550842,0.13004587779978352,0.10826522496272999,0.13135271697000672,0.12638771935892149,0.13279788298739043,0.12638771935892149,0.021780652837053535,0.0,0.0347451134126137,0.02587246643094116,0.001306839170223212,0.0,nan,1.0,0.0,-2.707,0.4273893285978417,2.747999906539917,1.0,0,1,1,0,3.8574862480163574,-7.532527923583984,1.9844251966506854,FOLLOW_MAIN,cascade_pd_tracking,follow_main,inner_wheel_pd,lidar_disabled,FOLLOW_MAIN,COMMITTED,UNKNOWN,1,1,1,1,1,1,1,0.003695964813232422,0.0001347064971923828,0.01909947395324707,0.015480518341064453,0.01153421401977539,0.007716655731201172,0.11666894100017089,0.030673825000121724
1784810172.26284,83.40179920196533,6.2,0.0062,6.2,0.002298450024689563,2.298450024689563,0.0,0.0,0.044,0.015942469270042676,0.0,0.02133465916203304,0.2027696968228507,0.0,0.0002133465916203304,0.0,0.002027696968228507,0.48,0.01,0.72,0.01,nan,0.12866325447795735,0.12866325447795735,0.12932755368408444,0.12932755368408444,0.12325000017881393,-0.02585596082481777,-0.02585596082481777,-0.02927189304707957,-0.02927189304707957,0.18913045525550842,0.13040853183363255,0.10826522496272999,0.1317371302458867,0.12691797712228214,0.13279788298739043,0.12691797712228214,0.02214330687090256,0.0,0.02877949392148702,0.01984334707637827,0.0013285984122541536,0.0,nan,1.0,0.0,-2.711,0.4288775149265245,2.760999917984009,1.0,0,1,1,0,3.8574862480163574,-7.532527923583984,2.0282398804979076,FOLLOW_MAIN,cascade_pd_tracking,follow_main,inner_wheel_pd,lidar_disabled,FOLLOW_MAIN,COMMITTED,DROPOUT,1,1,1,1,1,1,3,0.014378547668457031,0.010868549346923828,0.025690555572509766,0.007395744323730469,0.0037221908569335938,8.606910705566406e-05,0.026629411999238073,0.07047040600082255
1784810172.664572,83.80353116989136,6.2,0.0062,6.2,0.002298450024689563,2.298450024689563,0.0,0.0,0.044,0.015942469270042676,0.0,0.02133465916203304,0.2027696968228507,0.0,0.0002133465916203304,0.0,0.002027696968228507,0.48,0.01,0.72,0.01,nan,0.12866325447795735,0.12866325447795735,0.12932755368408444,0.12932755368408444,0.12325000017881393,-0.02585596082481777,-0.02585596082481777,-0.02927189304707957,-0.02927189304707957,0.18913045525550842,0.13040853183363255,0.10826522496272999,0.1317371302458867,0.12691797712228214,0.13279788298739043,0.12691797712228214,0.02214330687090256,0.0,0.02877949392148702,0.01984334707637827,0.0013285984122541536,0.0,nan,1.0,0.0,-2.711,0.4288775149265245,2.760999917984009,1.0,0,1,1,0,3.8574862480163574,-7.532527923583984,2.0282398804979076,FOLLOW_MAIN,cascade_pd_tracking,follow_main,inner_wheel_pd,lidar_disabled,FOLLOW_MAIN,COMMITTED,DROPOUT,1,1,1,1,1,1,3,7.939338684082031e-05,0.4125857353210449,0.42740774154663086,0.40911269187927246,0.4054386615753174,0.40180277824401855,0.026629411999238073,0.07047040600082255
1784810172.7148511,83.85381031036377,12.700000000000001,0.012700000000000001,12.700000000000001,0.01066239051201794,10.66239051201794,0.0,0.0,0.091,0.07594010857353332,0.07594010857353332,0.0043872766330430735,0.14658937228205007,0.0,4.3872766330430736e-05,0.05467687817294399,0.0014658937228205007,0.48,0.01,0.72,0.01,nan,0.12,0.12,0.1187698145680279,0.1187698145680279,0.14499999582767487,-0.09123117823083504,-0.09123117823083504,-0.08166934509676967,-0.08166934509676967,0.06304347515106201,0.12615810453058135,0.13724991297086334,0.12549259602416443,0.11384189546941863,0.14375626809487282,0.11204703311189138,-0.011091808440281986,-0.029914372625454197,-0.05490932195329252,-0.04805733884270654,-0.0006655085064169191,-0.0017948623575272517,nan,1.0,0.0,-2.82,0.4,2.808000087738037,1.0,0,1,1,0,3.8291611671447754,-7.477759838104248,2.0512187183592157,FOLLOW_MAIN,cascade_pd_tracking,follow_main,inner_wheel_pd,lidar_disabled,FOLLOW_MAIN,COMMITTED,HOLD,1,1,1,1,1,1,2,0.007140636444091797,0.0036301612854003906,0.000156402587890625,0.018682003021240234,0.014821052551269531,0.011018514633178711,0.012060647999533103,0.06696895599998243
1784810172.766536,83.90549516677856,12.700000000000001,0.012700000000000001,12.700000000000001,0.01066239051201794,10.66239051201794,0.0,0.0,0.091,0.07594010857353332,0.07594010857353332,0.0043872766330430735,0.14658937228205007,0.0,4.3872766330430736e-05,0.05467687817294399,0.0014658937228205007,0.48,0.01,0.72,0.01,nan,0.12,0.12,0.1192906096177817,0.1192906096177817,0.13050000369548798,-0.09095347549178341,-0.09095347549178341,-0.08319962936132168,-0.08319962936132168,0.0,0.1261393595956954,0.13406786388994366,0.1261393595956954,0.11386064040430462,0.1375069864782477,0.11244185963986804,0.0,-0.023646346073943073,0.018529906327867267,-0.002532456644372703,0.0,-0.0014187807644365843,nan,1.0,0.0,-2.82,0.4,2.808000087738037,1.0,0,1,1,0,3.8243112564086914,-7.468662261962891,2.0605808417325417,FOLLOW_MAIN,cascade_pd_tracking,follow_main,inner_wheel_pd,lidar_disabled,FOLLOW_MAIN,COMMITTED,HOLD,1,1,1,1,1,1,2,0.00014972686767578125,0.015294551849365234,0.011945486068725586,0.030327796936035156,0.008104324340820312,0.004348039627075195,0.052424581999730435,0.03082532600092236
1784810173.1804814,84.31944060325623,10.4,0.0104,10.4,0.012065347240628323,12.065347240628324,0.012065347240628323,12.065347240628324,0.074,0.08635119441533079,0.08635119441533079,0.013153875955042098,0.039834781852652004,0.005791366675501595,0.00013153875955042099,0.06217285997903817,0.00039834781852652007,0.48,0.01,0.72,0.01,nan,0.12,0.12,0.12043017406269846,0.1192906096177817,0.10875000059604645,-0.10146185449526461,-0.10146185449526461,-0.08842453892926865,-0.08319962936132168,-1.6196914032207133e-08,0.12684867517843035,0.11250953975514826,0.12770902330382727,0.11315132482156963,0.11317992900412695,0.11315132482156963,0.014339135423282093,0.0,0.03218069233716573,0.0274070009099165,0.0008603481253969255,0.0,nan,1.0,0.0,-2.243,0.4,2.7780001163482666,1.0,0,1,1,0,3.8057639598846436,-7.4338226318359375,2.0605808417325417,FOLLOW_MAIN,cascade_pd_tracking,follow_main,inner_wheel_pd,lidar_disabled,FOLLOW_MAIN,COMMITTED,HOLD,1,1,1,1,1,1,2,0.41405487060546875,0.00014090538024902344,0.42584943771362305,0.4442312717437744,0.4220082759857178,0.41825175285339355,0.03120171499904245,0.1028161979993456
1784810173.2318754,84.37083458900452,10.4,0.0104,10.4,0.012065347240628323,12.065347240628324,0.012065347240628323,12.065347240628324,0.074,0.08635119441533079,0.08635119441533079,0.013153875955042098,0.039834781852652004,0.005791366675501595,0.00013153875955042099,0.06217285997903817,0.00039834781852652007,0.48,0.01,0.72,0.01,nan,0.12,0.12,0.12038880437176694,0.12038880437176694,0.11237499862909317,-0.10102577205981536,-0.10102577205981536,-0.08756438619792097,-0.08756438619792097,-0.031521737575531006,0.12681923961403754,0.11385909388847301,0.1275968483575714,0.11318076038596246,0.11119427071067176,0.11318076038596246,0.012960145725564531,0.0,0.016173879936487785,0.02117589786471295,0.0007776087435338719,0.0,nan,1.0,0.0,-2.243,0.4,2.7720000743865967,1.0,0,1,1,0,3.7984676361083984,-7.420138359069824,2.0606438445056283,FOLLOW_MAIN,cascade_pd_tracking,follow_main,inner_wheel_pd,lidar_disabled,FOLLOW_MAIN,COMMITTED,HOLD,1,1,1,1,1,1,2,0.00014352798461914062,0.03072190284729004,0.015514135360717773,0.012090444564819336,0.008362770080566406,0.004368305206298828,0.06989194199923077,0.005861657000423293
1784810173.673095,84.81205415725708,5.5,0.0055,5.5,0.00721431521518579,7.21431521518579,0.0,0.0,0.039,0.05165567385880454,0.05165567385880454,-0.008090523635135046,-0.052954122184303995,0.0,-8.090523635135046e-05,0.03719208517833927,-0.0005295412218430399,0.48,0.01,0.72,0.01,nan,0.16810113175433486,0.16810113175433486,0.17076781550413095,0.12448487195119745,0.12687499821186066,-0.05971819238400084,-0.05971819238400084,-0.0502265799728748,-0.07400345566525561,-0.0315217524766922,0.17213210974025492,0.1259619293632755,0.1749023205628737,0.1640701537684148,0.12135087581885819,0.1666333104453882,0.046170180376979425,0.042719277949556614,0.06712950468424407,0.07251801644115462,0.0027702108226187656,0.0025631566769733966,nan,1.0,0.0,-1.5559999999999998,0.5603371058477828,2.7780001163482666,1.0,0,1,1,0,3.775642156600952,-7.375918865203857,2.0562940692967273,FOLLOW_MAIN,cascade_pd_tracking,follow_main,inner_wheel_pd,lidar_disabled,FOLLOW_MAIN,COMMITTED,HOLD,1,1,1,1,1,1,2,0.40540194511413574,8.368492126464844e-05,0.43389463424682617,0.43047022819519043,0.41251635551452637,0.4090423583984375,0.09651181799927144,0.05268752700067125
1784810173.7258625,84.86482167243958,4.4,0.0044,4.4,0.006179934659848174,6.179934659848174,0.0,0.0,0.032,0.04401951521173609,0.04401951521173609,-0.005588911479760105,-0.05785716249609292,0.0,-5.588911479760105e-05,0.03169405095244998,-0.0005785716249609292,0.48,0.01,0.72,0.01,nan,0.171813343991855,0.171813343991855,0.17439208964951614,0.17439208964951614,0.1341250091791153,-0.05321049241102142,-0.05321049241102142,-0.04463419025983031,-0.04463419025983031,-0.03152172267436981,0.17540505222959893,0.1310518301387319,0.17806624555505096,0.16822163575411106,0.12661666925627313,0.17071793374398134,0.044353222090867034,0.04160496649783793,0.038932466805480875,0.04679991382409923,0.0026611933254520217,0.0024962979898702758,nan,1.0,0.0,-1.433,0.5727111466395167,2.760999917984009,1.0,0,1,1,0,3.7706267833709717,-7.36598014831543,2.0433080120064755,FOLLOW_MAIN,cascade_pd_tracking,follow_main,inner_wheel_pd,lidar_disabled,FOLLOW_MAIN,COMMITTED,HOLD,1,1,1,1,1,1,2,5.8650970458984375e-05,0.013526678085327148,0.02822589874267578,0.010288715362548828,0.0069086551666259766,0.003518819808959961,0.02525598399915907,0.010514071998841246
1784810174.1706817,85.30964088439941,4.4,0.0044,4.4,0.006179934659848174,6.179934659848174,0.0,0.0,0.032,0.04401951521173609,0.04401951521173609,-0.005588911479760105,-0.05785716249609292,0.0,-5.588911479760105e-05,0.03169405095244998,-0.0005785716249609292,0.48,0.01,0.72,0.01,nan,0.1766355165114855,0.1766355165114855,0.1795035925203245,0.17793941102108768,0.1341250091791153,-0.0529659459060393,-0.0529659459060393,-0.04442163043769998,-0.04447296843635721,-0.03152172267436981,0.18021071786014317,0.1310518301387319,0.18316025112342785,0.17306031516282785,0.12661666925627313,0.17584693391722114,0.049158887721411276,0.046443645906554726,0.052268853346452815,0.05771297186844247,0.0029495332632846765,0.0027866187543932833,nan,1.0,0.0,-1.433,0.588785055038285,2.7869999408721924,1.0,0,1,1,0,3.7706267833709717,-7.36598014831543,2.038139044260556,FOLLOW_MAIN,cascade_pd_tracking,follow_main,inner_wheel_pd,lidar_disabled,FOLLOW_MAIN,COMMITTED,HOLD,1,1,1,1,1,1,2,0.40375614166259766,0.4001193046569824,0.00013136863708496094,0.43415021896362305,0.41160154342651367,0.40775108337402344,0.08543450400065922,0.07069259200034139
1784810174.221866,85.3608250617981,-2.2,-0.0022,-2.2,0.00026071195776926175,0.26071195776926176,0.0,0.0,-0.016,0.001604555401765571,0.0,-0.0010699145104810085,-0.07823322190064512,0.0,-1.0699145104810085e-05,0.0,-0.0007823322190064512,0.48,0.01,0.72,0.01,nan,0.2219163183096853,0.2219163183096853,0.22451493338611295,0.22644117229017896,0.18850001692771912,0.0,0.0,0.00312116196263735,0.00312116196263735,-0.1260870099067688,0.2219163183096853,0.1828881489968269,0.2242580084684568,0.2219163183096853,0.17432398507495636,0.22477185830376906,0.03902816931285841,0.047592333234728945,-0.03780150217208537,0.01708711208312067,0.002341690158771504,0.0028555399940837366,nan,1.0,0.0,-0.9939999999999999,0.7397210610322844,2.75600004196167,1.0,0,1,1,0,3.7345075607299805,-7.294082164764404,2.0341355214796684,FOLLOW_MAIN,cascade_pd_tracking,follow_main,inner_wheel_pd,lidar_disabled,FOLLOW_MAIN,COMMITTED,HOLD,1,1,1,1,1,1,2,0.014642953872680664,0.011107921600341797,0.007679939270019531,0.004182338714599609,0.00016736984252929688,0.018521547317504883,0.028904342001624173,0.03083858600075473
1784810174.6716547,85.81061387062073,-2.2,-0.0022,-2.2,0.00026071195776926175,0.26071195776926176,0.0,0.0,-0.016,0.001604555401765571,0.0,-0.0010699145104810085,-0.07823322190064512,0.0,-1.0699145104810085e-05,0.0,-0.0007823322190064512,0.48,0.01,0.72,0.01,nan,0.22686288675507169,0.22686288675507169,0.22957074893116675,0.22822472866371948,0.1848750114440918,0.0,0.0,0.003884762996014499,0.0031211619626371817,-0.09456522762775421,0.22686288675507169,0.18706155581671863,0.22925096661137287,0.22686288675507169,0.17640214515692276,0.22989053125096062,0.03980133093835306,0.05046074159814892,-0.024480459146756114,0.025459401875732982,0.0023880798563011836,0.0030276444958889353,nan,1.0,0.0,-0.9939999999999999,0.7562096225169056,2.7339999675750732,1.0,0,1,1,0,3.7278504371643066,-7.280462265014648,2.025435231460131,FOLLOW_MAIN,cascade_pd_tracking,follow_main,inner_wheel_pd,lidar_disabled,FOLLOW_MAIN,COMMITTED,HOLD,1,1,1,1,1,1,2,0.40396642684936523,0.4004676342010498,0.00012493133544921875,0.4153923988342285,0.41167426109313965,0.4078786373138428,0.08879332400101703,0.007882085999881383
1784810174.721949,85.8609082698822,-7.0,-0.007,-7.0,-0.0045745643774462415,-4.574564377446242,0.0,0.0,-0.05,-0.03263428419631213,-0.03263428419631213,-0.0004004595399322021,-0.1254672255427202,0.0,-4.004595399322021e-06,-0.023496684621344736,-0.0012546722554272018,0.48,0.01,0.72,0.01,nan,0.24866096756243572,0.24866096756243572,0.24990710436765706,0.2497091728721073,0.23200000822544098,0.0,0.0,-0.004126319746204324,0.005001524122643216,0.12608692049980164,0.24866096756243572,0.22223091140084433,0.2502467709321312,0.24866096756243572,0.23355313021664886,0.24956743780318294,0.026430056161591386,0.015107837345786856,-0.017496822437359255,-0.08074084122291787,0.0015858033696954832,0.0009064702407472114,nan,1.0,0.0,-0.706,0.8288698918747858,2.691999912261963,1.0,0,1,1,0,3.6919102668762207,-7.204617500305176,2.0105883731293033,FOLLOW_MAIN,cascade_pd_tracking,follow_main,inner_wheel_pd,lidar_disabled,FOLLOW_MAIN,COMMITTED,HOLD,1,1,1,1,1,1,2,0.01485443115234375,0.011152505874633789,0.007584571838378906,0.004086017608642578,0.00014090538024902344,0.01887059211730957,0.23508916399987356,0.07060679599999276
1784810175.1766403,86.31559944152832,-17.1,-0.0171,-17.1,-0.012495280782204021,-12.495280782204022,-0.012495280782204021,-12.495280782204022,-0.121,-0.08917535456750575,-0.08917535456750575,-0.03723259435274611,-0.11472943762923178,-0.00599773477545793,-0.00037232594352746114,-0.06420625528860413,-0.001147294376292318,0.48,0.01,0.72,0.01,nan,0.26268564928247773,0.26268564928247773,0.2633705428778563,0.24998093894549878,0.24650000035762787,0.06143782131736585,0.06143782131736585,0.05869920234261647,0.014190981278559051,-0.1260870099067688,0.2585385963435555,0.2514999693238027,0.2585385963435555,0.26683270222139993,0.24400291570878185,0.268202489412157,0.0,0.022829786512618078,-0.03132977038831046,0.05937224264033228,0.0,0.0013697871907570845,nan,1.0,0.0,-0.014,0.8756188309415924,2.6530001163482666,1.0,0,1,1,0,3.6375410556793213,-7.09699010848999,2.031203965044501,FOLLOW_MAIN,cascade_pd_tracking,follow_main,inner_wheel_pd,lidar_disabled,FOLLOW_MAIN,COMMITTED,HOLD,1,1,1,1,1,1,2,0.40529513359069824,7.82012939453125e-05,0.4206814765930176,0.4172203540802002,0.4134213924407959,0.40941452980041504,0.06487750899941602,0.03524966599979962
1784810175.22739,86.36634922027588,-17.1,-0.0171,-17.1,-0.012495280782204021,-12.495280782204022,-0.012495280782204021,-12.495280782204022,-0.121,-0.08917535456750575,-0.08917535456750575,-0.03723259435274611,-0.11472943762923178,-0.00599773477545793,-0.00037232594352746114,-0.06420625528860413,-0.001147294376292318,0.48,0.01,0.72,0.01,nan,0.26666480844757806,0.26666480844757806,0.26779961040345523,0.2685734523558643,0.24650000035762787,0.06224242735851771,0.06224242735851771,0.05683337739972034,0.06833942618128241,-0.1260870099067688,0.2624634446008781,0.2514999693238027,0.2631212531175026,0.270866172294278,0.24400291570878185,0.2724779676894078,0.010963475277075418,0.026863256585496154,0.03739680328658416,0.06882307567728362,0.0006578085166245251,0.0016117953951297692,nan,1.0,0.0,-0.014,0.8888826948252603,2.5980000495910645,1.0,0,1,1,0,3.6375410556793213,-7.09699010848999,2.0366570714217094,FOLLOW_MAIN,cascade_pd_tracking,follow_main,inner_wheel_pd,lidar_disabled,FOLLOW_MAIN,COMMITTED,HOLD,1,1,1,1,1,1,2,0.01848149299621582,0.014861583709716797,0.011321544647216797,0.007819890975952148,0.00392603874206543,0.0001392364501953125,0.10561479499847337,0.07598695199885697
1784810175.690551,86.82951021194458,-39.0,-0.039,-39.0,-0.03124630167645096,-31.24630167645096,-0.03124630167645096,-31.24630167645096,-0.272,-0.21972044012937972,-0.21972044012937972,-0.039689869533062305,-0.2532138891089116,-0.01499822480469646,-0.00039689869533062307,-0.1581987168931534,-0.0025321388910891163,0.48,0.01,0.72,0.01,nan,0.17635274929334135,0.17635274929334135,0.1713959562355351,0.2726481112352337,0.25737500190734863,0.21139266032306617,0.18787975407263943,0.1623192295869599,0.07381575887183814,0.031521786004304886,0.16367086589343818,0.2576134251739325,0.15803431233660853,0.18903463269324453,0.2603185086729586,0.18475760013446169,-0.0939425592804943,-0.07128387597971406,-0.3031562894804026,-0.2864033331281315,-0.005636553556829658,-0.004277032558782843,nan,1.0,0.0,1.517,0.5878424976444712,2.5299999713897705,1.0,0,1,1,0,3.5835509300231934,-6.985213756561279,2.0300689799136267,FOLLOW_MAIN,cascade_pd_tracking,follow_main,inner_wheel_pd,lidar_disabled,FOLLOW_MAIN,COMMITTED,UNKNOWN,1,1,1,1,1,1,1,0.4189026355743408,0.000133514404296875,0.4342830181121826,0.43065404891967773,0.4268686771392822,0.4229252338409424,0.03060560300036741,0.07229511299919977
1784810175.7417262,86.88068532943726,-39.0,-0.039,-39.0,-0.03124630167645096,-31.24630167645096,-0.03124630167645096,-31.24630167645096,-0.272,-0.21972044012937972,-0.21972044012937972,-0.039689869533062305,-0.2532138891089116,-0.01499822480469646,-0.00039689869533062307,-0.1581987168931534,-0.0025321388910891163,0.48,0.01,0.72,0.01,nan,0.16428978483980172,0.16428978483980172,0.15854230313822612,0.16630426006931193,0.26100000739097595,0.21183552856442292,0.21183552856442292,0.1836820906943827,0.1726085312209918,0.0,0.14999088666170318,0.25947014705036203,0.14342213103838364,0.17858868301790026,0.26069214601509466,0.1736624752380686,-0.10947926038865885,-0.0821034629971944,-0.2874996954996527,-0.25126503947858253,-0.0065687556233195304,-0.004926207779831664,nan,1.0,0.0,1.517,0.5476326161326724,2.5299999713897705,1.0,0,1,1,0,3.5735526084899902,-6.964536190032959,2.0184685429887996,FOLLOW_MAIN,cascade_pd_tracking,follow_main,inner_wheel_pd,lidar_disabled,FOLLOW_MAIN,COMMITTED,UNKNOWN,1,1,1,1,1,1,1,0.003824949264526367,0.00015497207641601562,0.015488386154174805,0.030623435974121094,0.011742353439331055,0.007791996002197266,0.09058553100112476,0.03691766900010407
1784810176.1877718,87.326730966568,-64.5,-0.0645,-64.5,-0.05287331119200238,-52.873311192002376,-0.05287331119200238,-52.873311192002376,-0.432,-0.36033672939486716,-0.36033672939486716,-0.0509517921455845,-0.32709691824505915,-0.025379189372161142,-0.000509517921455845,-0.25944244516430437,-0.0032709691824505914,0.48,0.01,0.72,0.01,nan,0.12,0.12,0.11555362448231687,0.15854230313822612,0.17037498950958252,0.35708150119102344,0.35126312197627846,0.30424758883751934,0.1836820906943827,0.03152172267436981,0.0962897392666012,0.19263783621061953,0.0905088534499601,0.1437102607333988,0.19557468104548453,0.14059839551467365,-0.09634809694401833,-0.05186442031208574,0.09485474947248367,0.16204800296350308,-0.0057808858166411,-0.0031118652187251445,nan,1.0,0.0,2.079,0.4,2.4749999046325684,1.0,0,1,1,0,3.5311551094055176,-6.879119873046875,2.0211798194037907,FOLLOW_MAIN,cascade_pd_tracking,follow_main,inner_wheel_pd,lidar_disabled,FOLLOW_MAIN,COMMITTED,UNKNOWN,1,1,1,1,1,1,1,0.4152665138244629,0.00010132789611816406,0.44238901138305664,0.43880391120910645,0.42302942276000977,0.41922569274902344,0.050277078998988145,0.05237021199900482
1784810176.241153,87.3801121711731,-68.4,-0.0684,-68.4,-0.058963051344970915,-58.963051344970914,-0.058963051344970915,-58.963051344970914,-0.455,-0.3978719815809354,-0.3978719815809354,-0.05543349646882431,-0.351370971326109,-0.028302264645586037,-0.0005543349646882431,-0.2864678267382735,-0.0035137097132610902,0.48,0.01,0.72,0.01,nan,0.12,0.12,0.11657326435043058,0.11657326435043058,0.15950000286102295,0.3931410770972196,0.36921974532073487,0.3188579202801529,0.3188579202801529,0.0630435049533844,0.0950776671908504,0.17427522711065868,0.0903258135956619,0.1449223328091496,0.17994929454165498,0.14282071510519928,-0.07919755991980829,-0.035026961732505385,0.17932482204730868,0.22817237148008856,-0.004751853595188497,-0.002101617703950323,nan,1.0,0.0,2.121,0.4,2.447999954223633,1.0,0,1,1,0,3.5250232219696045,-6.86702823638916,2.0401865108465036,FOLLOW_MAIN,cascade_pd_tracking,follow_main,inner_wheel_pd,lidar_disabled,FOLLOW_MAIN,COMMITTED,UNKNOWN,1,1,1,1,1,1,1,0.018046855926513672,0.014412879943847656,0.010894775390625,0.007405996322631836,0.003673553466796875,7.700920104980469e-05,0.001389798999298364,0.011453369999799179
1784810176.6985981,87.83755731582642,-68.4,-0.0684,-68.4,-0.058963051344970915,-58.963051344970914,-0.058963051344970915,-58.963051344970914,-0.455,-0.3978719815809354,-0.3978719815809354,-0.05543349646882431,-0.351370971326109,-0.028302264645586037,-0.0005543349646882431,-0.2864678267382735,-0.0035137097132610902,0.48,0.01,0.72,0.01,nan,0.12,0.12,0.11657326435043058,0.11657326435043058,0.15950000286102295,0.3934545724212809,0.39117230617043003,0.33793908617070806,0.33793908617070806,0.0630435049533844,0.09359586933349597,0.17427522711065868,0.0887551078668662,0.14640413066650404,0.17994929454165498,0.14439142083399498,-0.08067935777716272,-0.03354516387515094,0.12875540967504573,0.18353776185263476,-0.0048407614666297625,-0.002012709832509056,nan,1.0,0.0,2.121,0.4,2.447999954223633,1.0,0,1,1,0,3.5250232219696045,-6.86702823638916,2.048066835214912,FOLLOW_MAIN,cascade_pd_tracking,follow_main,inner_wheel_pd,lidar_disabled,FOLLOW_MAIN,COMMITTED,UNKNOWN,1,1,1,1,1,1,1,0.43286752700805664,0.42958641052246094,0.42630457878112793,0.4229283332824707,7.867813110351562e-05,0.43654370307922363,0.041303545998744084,0.0513671169992449
1784810176.7517605,87.8907196521759,-79.80000000000001,-0.07980000000000001,-79.80000000000001,-0.07655856597247568,-76.55856597247568,-0.07655856597247568,-76.55856597247568,-0.518,-0.5004177404226045,-0.5004177404226045,-0.03638263407709873,-0.21610496697448447,-0.036748111666788326,-0.00036382634077098726,-0.3603007731042752,-0.0021610496697448446,0.48,0.01,0.72,0.01,nan,0.12,0.12,0.1210173536415459,0.1210173536415459,0.09787499904632568,0.45,0.45,0.3813589627565574,0.3813589627565574,0.22065217792987823,0.089625,0.08833647999033395,0.089625,0.150375,0.11646321194847037,0.15240970728309178,0.0,0.03391178805152964,0.10381484754562367,0.08759702285334325,0.0,0.0020347072830917785,nan,1.0,0.0,2.28,0.4,2.63100004196167,1.0,0,1,1,0,3.4999477863311768,-6.820659160614014,2.090936448165726,FOLLOW_MAIN,cascade_pd_tracking,follow_main,inner_wheel_pd,lidar_disabled,FOLLOW_MAIN,COMMITTED,UNKNOWN,1,1,1,1,1,1,1,0.0034885406494140625,8.606910705566406e-05,0.017156362533569336,0.013836860656738281,0.010401248931884766,0.007043361663818359,0.03404977600075654,0.04975317100070242
1784810177.213057,88.35201621055603,-79.80000000000001,-0.07980000000000001,-79.80000000000001,-0.07655856597247568,-76.55856597247568,-0.07655856597247568,-76.55856597247568,-0.518,-0.5004177404226045,-0.5004177404226045,-0.03638263407709873,-0.21610496697448447,-0.036748111666788326,-0.00036382634077098726,-0.3603007731042752,-0.0021610496697448446,0.48,0.01,0.72,0.01,nan,0.12,0.12,0.1210173536415459,0.1210173536415459,0.09787499904632568,0.45,0.45,0.3813589627565574,0.3813589627565574,0.22065217792987823,0.089625,0.08833647999033395,0.089625,0.150375,0.11646321194847037,0.15240970728309178,0.0,0.03391178805152964,0.09087896325938842,0.07668196611300977,0.0,0.0020347072830917785,nan,1.0,0.0,2.28,0.4,2.624000072479248,1.0,0,1,1,0,3.4999477863311768,-6.820659160614014,2.1452795974252226,FOLLOW_MAIN,cascade_pd_tracking,follow_main,inner_wheel_pd,lidar_disabled,FOLLOW_MAIN,COMMITTED,UNKNOWN,1,1,1,1,1,1,1,0.446378231048584,0.44274473190307617,0.4391915798187256,0.4356865882873535,0.0001595020294189453,0.4502696990966797,0.054011844000342535,0.06971523900028842
1784810177.2663977,88.40535688400269,-75.3,-0.07529999999999999,-75.3,-0.07961043872253042,-79.61043872253042,-0.07961043872253042,-79.61043872253042,-0.493,-0.5165736656271915,-0.5165736656271915,-0.0066113038742014844,-0.038539011979922856,-0.038213010586814596,-6.611303874201484e-05,-0.3719330392515779,-0.0003853901197992286,0.48,0.01,0.72,0.01,nan,0.12,0.12,0.12,0.12,0.13050000369548798,0.45,0.45,0.36900000000000005,0.36900000000000005,0.5043478608131409,0.089625,0.09270939171130174,0.089625,0.150375,0.1546109303019059,0.150375,0.0,0.0,0.0032518416165825455,-0.02691263011229462,0.0,0.0,nan,1.0,0.0,2.8649999999999998,0.4,2.5739998817443848,1.0,0,1,1,0,3.4619901180267334,-6.76884126663208,2.2027117633439652,FOLLOW_MAIN,cascade_pd_tracking,follow_main,inner_wheel_pd,lidar_disabled,FOLLOW_MAIN,COMMITTED,HOLD,1,1,1,1,1,1,2,0.003657817840576172,0.00014257431030273438,0.01847076416015625,0.015089035034179688,0.011356592178344727,0.00776362419128418,0.03444731300078274,0.021902718999626813
1784810177.6990676,88.83802676200867,-75.3,-0.07529999999999999,-75.3,-0.07961043872253042,-79.61043872253042,-0.07961043872253042,-79.61043872253042,-0.493,-0.5165736656271915,-0.5165736656271915,-0.0066113038742014844,-0.038539011979922856,-0.038213010586814596,-6.611303874201484e-05,-0.3719330392515779,-0.0003853901197992286,0.48,0.01,0.72,0.01,nan,0.12,0.12,0.12,0.12,0.13050000369548798,0.45,0.45,0.36900000000000005,0.36900000000000005,0.5043478608131409,0.089625,0.09270939171130174,0.089625,0.150375,0.1546109303019059,0.150375,0.0,0.0,0.0032518416165825455,-0.02691263011229462,0.0,0.0,nan,1.0,0.0,2.8649999999999998,0.4,2.5739998817443848,1.0,0,1,1,0,3.4619901180267334,-6.76884126663208,2.2329728427603084,FOLLOW_MAIN,cascade_pd_tracking,follow_main,inner_wheel_pd,lidar_disabled,FOLLOW_MAIN,COMMITTED,HOLD,1,1,1,1,1,1,2,7.700920104980469e-05,0.43276357650756836,0.42920851707458496,0.425717830657959,0.42177462577819824,0.4179203510284424,0.03444731300078274,0.021902718999626813
1784810177.7504365,88.88939571380615,-58.300000000000004,-0.058300000000000005,-58.300000000000004,-0.06620511163022974,-66.20511163022974,-0.06620511163022974,-66.20511163022974,-0.395,-0.4415688485554026,-0.4415688485554026,0.021033844988523863,0.11805636746681221,-0.031778453582510274,0.00021033844988523865,-0.3179295709598899,0.001180563674668122,0.48,0.01,0.72,0.01,nan,0.12,0.12,0.12029577190191844,0.12029574961307021,0.11599999666213989,0.43644315804205835,0.43644315804205835,0.3614764704770526,0.36146717410114854,0.31521737575531006,0.09054008683216105,0.09105078118808972,0.09054008683216105,0.14945991316783894,0.13960084977055756,0.15005145697167582,0.0,0.009859063397281376,0.006087544021146455,0.04091435906402535,0.0,0.0005915438038368825,nan,1.0,0.0,3.356,0.4,2.5350000858306885,1.0,0,1,1,0,3.4247889518737793,-6.734772682189941,2.404608479933913,FOLLOW_MAIN,cascade_pd_tracking,follow_main,inner_wheel_pd,lidar_disabled,FOLLOW_MAIN,COMMITTED,HOLD,1,1,1,1,1,1,2,0.007209300994873047,0.0036017894744873047,0.000141143798828125,0.01918792724609375,0.015189886093139648,0.011199474334716797,0.06036602000131097,0.06901684900003602
1784810178.1851428,89.32410192489624,-50.400000000000006,-0.05040000000000001,-50.400000000000006,-0.062046326901468156,-62.046326901468156,-0.062046326901468156,-62.046326901468156,-0.34600000000000003,-0.41706953402736846,-0.41706953402736846,0.027586521598896803,0.15816952054745603,-0.029782236912704714,0.00027586521598896806,-0.3002900644997053,0.0015816952054745603,0.48,0.01,0.72,0.01,nan,0.12,0.12,0.12030297144483337,0.12029577190191844,0.11599999666213989,0.41273894035198183,0.4235425563625272,0.35098543821376676,0.3614764704770526,0.31521737575531006,0.0914108774455294,0.09280610639892273,0.0914108774455294,0.14858912255447057,0.1384900743933573,0.14919506544413735,0.0,0.010099048161113261,0.004675438459410523,0.03207201902506427,0.0,0.0006059428896667957,nan,1.0,0.0,3.4979999999999998,0.4,2.5350000858306885,1.0,0,1,1,0,3.416527032852173,-6.72858190536499,2.471402784206005,FOLLOW_MAIN,cascade_pd_tracking,follow_main,inner_wheel_pd,lidar_disabled,FOLLOW_MAIN,COMMITTED,HOLD,1,1,1,1,1,1,2,0.4074382781982422,0.40380358695983887,0.00011658668518066406,0.43118810653686523,0.415560245513916,0.4115121364593506,0.01034623899977305,0.030589030000555795
1784810178.236489,89.37544822692871,-22.400000000000002,-0.022400000000000003,-22.400000000000002,-0.03567423793243717,-35.674237932437165,-0.03567423793243717,-35.674237932437165,-0.159,-0.24877958011746715,-0.24877958011746715,0.05676337381811857,0.3607153442738246,-0.01712363420756984,0.0005676337381811858,-0.17912129768457635,0.0036071534427382463,0.48,0.01,0.72,0.01,nan,0.12,0.12,0.11968769074003904,0.11968769074003904,0.11237499117851257,0.2521296849558968,0.2883567974842413,0.23265859477903378,0.23265859477903378,0.40978264808654785,0.10053591616981371,0.09412023598434527,0.10053591616981371,0.1394640838301863,0.1498743924955515,0.1388394653102644,0.0,-0.010410308665365214,-0.0007544343643009809,-0.019988611334386418,0.0,-0.0006246185199219129,nan,1.0,0.0,3.393,0.4,2.497999906539917,1.0,0,1,1,0,3.3714137077331543,-6.700937271118164,2.6195561305764397,FOLLOW_MAIN,cascade_pd_tracking,follow_main,inner_wheel_pd,lidar_disabled,FOLLOW_MAIN,COMMITTED,UNKNOWN,1,1,1,1,1,1,1,0.00013113021850585938,0.018657922744750977,0.015195608139038086,0.011800765991210938,0.008054018020629883,0.004165172576904297,0.04503731200020411,0.03480818500065652
1784810178.7178988,89.85685801506042,-22.400000000000002,-0.022400000000000003,-22.400000000000002,-0.03567423793243717,-35.674237932437165,-0.03567423793243717,-35.674237932437165,-0.159,-0.24877958011746715,-0.24877958011746715,0.05676337381811857,0.3607153442738246,-0.01712363420756984,0.0005676337381811858,-0.17912129768457635,0.0036071534427382463,0.48,0.01,0.72,0.01,nan,0.12,0.12,0.1198801611456031,0.1198801611456031,0.11237499117851257,0.2521299925846059,0.25837559848530195,0.2042607776082294,0.2042607776082294,0.40978264808654785,0.10255964710224211,0.09412023598434527,0.10306601176931592,0.13744035289775788,0.1498743924955515,0.13669431052189027,0.008439411117896839,-0.012434039597793628,0.05214978496532525,-0.027155799890628055,0.0005063646670738103,-0.0007460423758676177,nan,1.0,0.0,3.393,0.4,2.509999990463257,1.0,0,1,1,0,3.3714137077331543,-6.700937271118164,2.6965004618500323,FOLLOW_MAIN,cascade_pd_tracking,follow_main,inner_wheel_pd,lidar_disabled,FOLLOW_MAIN,COMMITTED,UNKNOWN,1,1,1,1,1,1,1,6.771087646484375e-05,0.45901036262512207,0.4435725212097168,0.4401359558105469,0.45511460304260254,0.4363088607788086,0.08501224399878993,0.07478311699924234
1784810178.768405,89.90736413002014,3.6,0.0036,3.6,-0.003729132450725878,-3.7291324507258783,0.0,0.0,0.026000000000000002,-0.026249861053802632,-0.026249861053802632,0.052728119790375665,0.37504937891638074,0.0,0.0005272811979037566,-0.018899899958737896,0.0037504937891638074,0.48,0.01,0.72,0.01,nan,0.12,0.12,0.11957391685985003,0.11957391685985003,0.11962500214576721,0.039505292976029914,0.06983258359841547,0.052086597440730714,0.052086597440730714,0.15760870277881622,0.11528630060710696,0.11342699766091233,0.11528630060710696,0.12471369939289303,0.13891647073122507,0.12386153311259311,0.0,-0.014202771338332032,-0.003032413785498227,0.016978838419182067,0.0,-0.0008521662802999218,nan,1.0,0.0,2.2929999999999997,0.4,2.446000099182129,1.0,0,1,1,0,3.30796480178833,-6.674656867980957,2.7836271935996324,FOLLOW_MAIN,cascade_pd_tracking,follow_main,inner_wheel_pd,lidar_disabled,FOLLOW_MAIN,COMMITTED,DROPOUT,1,1,1,1,1,1,3,0.018433332443237305,0.014741659164428711,0.011232614517211914,0.007710456848144531,0.003916025161743164,0.0001494884490966797,0.015285802001017146,0.00663499199981743
1784810179.2289603,90.36791944503784,3.6,0.0036,3.6,-0.003729132450725878,-3.7291324507258783,0.0,0.0,0.026000000000000002,-0.026249861053802632,-0.026249861053802632,0.052728119790375665,0.37504937891638074,0.0,0.0005272811979037566,-0.018899899958737896,0.0037504937891638074,0.48,0.01,0.72,0.01,nan,0.12,0.12,0.11954450987616981,0.11951145665015095,0.11962500214576721,0.03909255582426879,0.0553106163489223,0.03982134390180884,0.026035292200311092,0.15760870277881622,0.11626653339644774,0.11342699766091233,0.11626653339644774,0.12373346660355225,0.13891647073122507,0.12282248635589188,0.0,-0.015183004127672817,-0.0026651884762948276,0.008792013591533487,0.0,-0.0009109802476603689,nan,1.0,0.0,2.2929999999999997,0.4,2.446000099182129,1.0,0,1,1,0,3.30796480178833,-6.674656867980957,2.8357646094888844,FOLLOW_MAIN,cascade_pd_tracking,follow_main,inner_wheel_pd,lidar_disabled,FOLLOW_MAIN,COMMITTED,DROPOUT,1,1,1,1,1,1,3,0.45664238929748535,0.4529602527618408,0.44930601119995117,0.44571828842163086,7.700920104980469e-05,0.4606451988220215,0.034648425000341376,0.02599761499914166
1784810179.2800314,90.41899061203003,39.6,0.0396,39.6,0.028844691093694277,28.844691093694276,0.028844691093694277,28.844691093694276,0.276,0.202772579298183,0.202772579298183,0.07184872686268141,0.4860077917411823,0.013845451724973252,0.0007184872686268141,0.14599625709469174,0.0048600779174118236,0.48,0.01,0.72,0.01,nan,0.1328757706454075,0.1328757706454075,0.1320164890144723,0.12938605317448135,0.1522499918937683,-0.16878513585356544,-0.1563923369070059,-0.138680396817328,-0.1486439954544926,0.0630435049533844,0.1434322533866304,0.13767999018767693,0.1434322533866304,0.12231928790418461,0.15096200893535808,0.12060072464231421,0.0,-0.028642721031173463,-0.1768873083140612,-0.1477347756171702,0.0,-0.0017185632618704077,nan,1.0,0.0,1.8259999999999998,0.4429192354846917,2.4130001068115234,1.0,0,1,1,0,3.245006799697876,-6.656167507171631,2.8684842055119004,FOLLOW_MAIN,cascade_pd_tracking,follow_main,inner_wheel_pd,lidar_disabled,FOLLOW_MAIN,COMMITTED,DROPOUT,1,1,1,1,1,1,3,0.007286548614501953,0.01913928985595703,0.0037462711334228516,0.00014352798461914062,0.015134811401367188,0.011279821395874023,0.060086890998718445,0.031725494998681825
1784810179.7222185,90.86117768287659,39.6,0.0396,39.6,0.028844691093694277,28.844691093694276,0.028844691093694277,28.844691093694276,0.276,0.202772579298183,0.202772579298183,0.07184872686268141,0.4860077917411823,0.013845451724973252,0.0007184872686268141,0.14599625709469174,0.0048600779174118236,0.48,0.01,0.72,0.01,nan,0.1328757706454075,0.1328757706454075,0.1320164890144723,0.12938605317448135,0.1522499918937683,-0.16878513585356544,-0.1563923369070059,-0.138680396817328,-0.1486439954544926,0.0630435049533844,0.1434322533866304,0.13767999018767693,0.1434322533866304,0.12231928790418461,0.15096200893535808,0.12060072464231421,0.0,-0.028642721031173463,-0.1768873083140612,-0.1477347756171702,0.0,-0.0017185632618704077,nan,1.0,0.0,1.8259999999999998,0.4429192354846917,2.4130001068115234,1.0,0,1,1,0,3.245006799697876,-6.656167507171631,2.8831421662022216,FOLLOW_MAIN,cascade_pd_tracking,follow_main,inner_wheel_pd,lidar_disabled,FOLLOW_MAIN,COMMITTED,DROPOUT,1,1,1,1,1,1,3,0.4494309425354004,0.46128273010253906,0.4458889961242676,0.44228553771972656,0.43820738792419434,8.249282836914062e-05,0.060086890998718445,0.031725494998681825
1784810179.7752693,90.91422843933105,62.2,0.062200000000000005,62.2,0.054148776918885824,54.14877691888582,0.054148776918885824,54.14877691888582,0.418,0.36891775372052976,0.36891775372052976,0.05576917763651964,0.3665576739594909,0.025991412921065195,0.0005576917763651964,0.2656207826787814,0.003665576739594909,0.48,0.01,0.72,0.01,nan,0.12,0.12,0.11958556049843273,0.11958556049843273,0.12687499821186066,-0.33596206160466247,-0.33596206160466247,-0.30568471402635244,-0.30568471402635244,0.34673914313316345,0.1426774391583147,0.1081575672949902,0.1447486314701142,0.09732256084168528,0.1456570827572519,0.09442248952675128,0.03451987186332452,-0.048334521915566614,0.1388408022738981,-0.01891596139450207,0.002071192311799471,-0.0029000713149339966,nan,1.0,0.0,1.309,0.4,2.367000102996826,1.0,0,1,1,0,3.176071882247925,-6.639552116394043,2.900416092060639,FOLLOW_MAIN,cascade_pd_tracking,follow_main,inner_wheel_pd,lidar_disabled,FOLLOW_MAIN,COMMITTED,DROPOUT,1,1,1,1,1,1,3,0.017032384872436523,0.013712644577026367,0.01035165786743164,0.00711822509765625,0.0036644935607910156,7.748603820800781e-05,0.10131417699994927,0.0215282559984189
1784810180.2127624,91.35172152519226,62.2,0.062200000000000005,62.2,0.054148776918885824,54.14877691888582,0.054148776918885824,54.14877691888582,0.418,0.36891775372052976,0.36891775372052976,0.05576917763651964,0.3665576739594909,0.025991412921065195,0.0005576917763651964,0.2656207826787814,0.003665576739594909,0.48,0.01,0.72,0.01,nan,0.12,0.12,0.11958556049843273,0.11958556049843272,0.12687499821186066,-0.33596206160466247,-0.33596206160466247,-0.30568471402635244,-0.3153661523313251,0.34673914313316345,0.1426774391583147,0.1081575672949902,0.1447486314701142,0.09732256084168528,0.1456570827572519,0.09442248952675128,0.03451987186332452,-0.048334521915566614,0.1388408022738981,-0.01891596139450207,0.002071192311799471,-0.0029000713149339966,nan,1.0,0.0,1.309,0.4,2.367000102996826,1.0,0,1,1,0,3.176071882247925,-6.639552116394043,2.9803864350797498,FOLLOW_MAIN,cascade_pd_tracking,follow_main,inner_wheel_pd,lidar_disabled,FOLLOW_MAIN,COMMITTED,DROPOUT,1,1,1,1,1,1,3,0.43377065658569336,0.4512002468109131,0.4303719997406006,0.42699313163757324,7.367134094238281e-05,0.4375648498535156,0.10131417699994927,0.0215282559984189
1784810180.2658668,91.40482592582703,10.0,0.01,10.0,0.03867030249089204,38.67030249089204,0.03867030249089204,38.67030249089204,0.07200000000000001,0.269242157573196,0.269242157573196,-0.02796028445324216,-0.17796264992646318,0.018561745195628178,-0.00027960284453242164,0.1938543534527011,-0.0017796264992646319,0.48,0.01,0.72,0.01,nan,0.1795956281455793,0.17437360528012508,0.17762103162615933,0.17762103162615933,0.11599999666213989,-0.2310739996512561,-0.25070521032620724,-0.20403012269309145,-0.20403012269309145,-0.37826091051101685,0.19129620697714406,0.1392964205142135,0.1944161941649199,0.1574510035831061,0.1012032451782286,0.16082586908739874,0.05199978646293055,0.0562477584048775,0.09440856737124238,0.2641920761208338,0.003119987187775833,0.00337486550429265,nan,1.0,0.0,0.303,0.5986520938185977,1.875,1.0,0,1,1,0,3.1210241317749023,-6.629605770111084,2.9525534385184655,FOLLOW_MAIN,cascade_pd_tracking,follow_main,inner_wheel_pd,lidar_disabled,FOLLOW_MAIN,COMMITTED,HOLD,1,1,1,1,1,1,2,0.003576040267944336,0.02158975601196289,0.00012731552124023438,0.014930963516235352,0.01137399673461914,0.00770878791809082,0.010786868999275612,0.069133053000769
1784810180.7256765,91.86463570594788,10.0,0.01,10.0,0.03867030249089204,38.67030249089204,0.03867030249089204,38.67030249089204,0.07200000000000001,0.269242157573196,0.269242157573196,-0.02796028445324216,-0.17796264992646318,0.018561745195628178,-0.00027960284453242164,0.1938543534527011,-0.0017796264992646319,0.48,0.01,0.72,0.01,nan,0.18409192344319397,0.18103309408004864,0.18491718375265914,0.18203017267105603,0.11237499117851257,-0.21261948280270138,-0.21948885657656553,-0.17530280319074568,-0.18639975203565762,-0.3467390835285187,0.1958485918989668,0.1375318330493112,0.19934759742994615,0.16621759626113047,0.09506469935710245,0.17048677007537216,0.05831675884965562,0.07115289690402803,0.10772100787993148,0.28490725631641517,0.0034990055309793372,0.004269173814241681,nan,1.0,0.0,0.303,0.6136397448106466,1.875,1.0,0,1,1,0,3.112518787384033,-6.627486705780029,2.8703762829635995,FOLLOW_MAIN,cascade_pd_tracking,follow_main,inner_wheel_pd,lidar_disabled,FOLLOW_MAIN,COMMITTED,HOLD,1,1,1,1,1,1,2,0.444399356842041,0.4408762454986572,0.4371628761291504,0.4563486576080322,7.987022399902344e-05,0.4486198425292969,0.052408673998797894,0.027145300999109168
1784810180.7777894,91.91674852371216,-9.5,-0.0095,-9.5,-0.007521358602068932,-7.521358602068932,0.0,0.0,-0.068,-0.02791165177828396,-0.02791165177828396,-0.04291834015745446,-0.49243063536489207,0.0,-0.0004291834015745446,-0.02009638928036445,-0.004924306353648921,0.48,0.01,0.72,0.01,nan,0.29524852944947505,0.2575688643200556,0.2604456841891927,0.2580116886457656,0.22837498784065247,0.02383524386736853,0.02383524386736853,0.02327060515502287,0.02357338349266308,-0.03152172267436981,0.2559599853590082,0.2131244733104867,0.2585301160819195,0.259177743281103,0.2061192596917202,0.26236125229646595,0.04283551204852151,0.05305848358938278,-0.15439616567147096,-0.1686116658943401,0.0025701307229112906,0.0031835090153629667,nan,1.0,0.0,0.32199999999999995,0.9841617648315836,2.4679999351501465,1.0,0,1,1,0,3.0318098068237305,-6.602104187011719,2.834440894100476,FOLLOW_MAIN,cascade_pd_tracking,follow_main,inner_wheel_pd,lidar_disabled,FOLLOW_MAIN,COMMITTED,UNKNOWN,1,1,1,1,1,1,1,0.0075190067291259766,0.003843069076538086,0.00016450881958007812,0.034827470779418945,0.015667200088500977,0.011643648147583008,0.07240659499984758,0.010667553999155643
1784810181.2280731,92.367032289505,-9.5,-0.0095,-9.5,-0.007521358602068932,-7.521358602068932,0.0,0.0,-0.068,-0.02791165177828396,-0.02791165177828396,-0.04291834015745446,-0.49243063536489207,0.0,-0.0004291834015745446,-0.02009638928036445,-0.004924306353648921,0.48,0.01,0.72,0.01,nan,0.29524852944947505,0.2575688643200556,0.2604456841891927,0.2604456841891927,0.22837498784065247,0.02383524386736853,0.02383524386736853,0.02327060515502287,0.02327060515502287,-0.03152172267436981,0.2559599853590082,0.2131244733104867,0.2585301160819195,0.259177743281103,0.2061192596917202,0.26236125229646595,0.04283551204852151,0.05305848358938278,-0.15439616567147096,-0.1686116658943401,0.0025701307229112906,0.0031835090153629667,nan,1.0,0.0,0.32199999999999995,0.9841617648315836,2.4679999351501465,1.0,0,1,1,0,3.0318098068237305,-6.602104187011719,2.8256775711375384,FOLLOW_MAIN,cascade_pd_tracking,follow_main,inner_wheel_pd,lidar_disabled,FOLLOW_MAIN,COMMITTED,UNKNOWN,1,1,1,1,1,1,1,9.274482727050781e-05,0.4540889263153076,0.4504096508026123,0.44675159454345703,0.4429819583892822,0.4391658306121826,0.07240659499984758,0.010667553999155643
1784810181.278952,92.41791105270386,-12.700000000000001,-0.012700000000000001,-12.700000000000001,-0.010432457641423375,-10.432457641423376,0.0,0.0,-0.091,-0.07421521822685183,-0.07421521822685183,-0.008141273689978116,-0.15053181204099075,0.0,-8.141273689978116e-05,-0.053434957123333314,-0.0015053181204099076,0.48,0.01,0.72,0.01,nan,0.2815668378237288,0.2815668378237288,0.28202427028284094,0.28202427028284094,0.2827500104904175,0.05493366047565415,0.05493366047565415,0.0506025588711015,0.0506025588711015,-6.478765612882853e-08,0.2778588157416222,0.2738941776856636,0.2778588157416222,0.28527485990583545,0.2700271112687661,0.28618972482405963,0.0,0.015247748637069347,-0.23008813859456873,-0.2119122257034225,0.0,0.0009148649182241608,nan,1.0,0.0,0.6489999999999999,0.9385561260790961,2.3480000495910645,1.0,0,1,1,0,2.9132282733917236,-6.56173849105835,2.809948620326377,FOLLOW_MAIN,cascade_pd_tracking,follow_main,inner_wheel_pd,lidar_disabled,FOLLOW_MAIN,COMMITTED,UNKNOWN,1,1,1,1,1,1,1,0.0077173709869384766,0.003999948501586914,0.02326035499572754,0.01979660987854004,0.00016307830810546875,0.011826038360595703,0.07355948600161355,0.0066104360012104735
1784810181.7174432,92.85640239715576,-12.700000000000001,-0.012700000000000001,-12.700000000000001,-0.010432457641423375,-10.432457641423376,0.0,0.0,-0.091,-0.07421521822685183,-0.07421521822685183,-0.008141273689978116,-0.15053181204099075,0.0,-8.141273689978116e-05,-0.053434957123333314,-0.0015053181204099076,0.48,0.01,0.72,0.01,nan,0.27830985577872513,0.27830985577872513,0.2786708833206883,0.28202427028284094,0.2827500104904175,0.055577879834267416,0.055577879834267416,0.04995967752942931,0.0506025588711015,-6.478765612882853e-08,0.2745583488899121,0.2738941776856636,0.2745583488899121,0.2820613626675382,0.2700271112687661,0.2827834177514645,0.0,0.012034251398772067,-0.20002403616162828,-0.20421409033112464,0.0,0.000722055083926324,nan,1.0,0.0,0.6489999999999999,0.9276995192624171,2.3480000495910645,1.0,0,1,1,0,2.9132282733917236,-6.56173849105835,2.809948620326377,FOLLOW_MAIN,cascade_pd_tracking,follow_main,inner_wheel_pd,lidar_disabled,FOLLOW_MAIN,COMMITTED,UNKNOWN,1,1,1,1,1,1,1,0.4301021099090576,0.42641139030456543,0.00011730194091796875,0.45824289321899414,0.43860864639282227,0.43438100814819336,0.09456322200094291,0.02761417200053984
1784810181.768958,92.90791726112366,-20.700000000000003,-0.020700000000000003,-20.700000000000003,-0.01730861165380553,-17.308611653805528,-0.01730861165380553,-17.308611653805528,-0.147,-0.12329007447107608,-0.12329007447107608,-0.02298972365257216,-0.10606720353912955,-0.008308133593826653,-0.0002298972365257216,-0.08876885361917478,-0.0010606720353912955,0.48,0.01,0.72,0.01,nan,0.14692556093768705,0.14692556093768705,0.1389553882350728,0.1389553882350728,0.2718749940395355,0.13076610316649,0.13076610316649,0.1133152596535214,0.1133152596535214,0.031521786004304886,0.13809884897394897,0.2792862032928748,0.12962760771481344,0.15575227290142513,0.2802373420029737,0.1482831687553322,-0.14118735431892582,-0.12448506910154855,-0.19518295485029047,-0.19955393612915268,-0.008471241259135549,-0.007469104146092913,nan,1.0,0.0,2.388,0.4897518697922902,2.2160000801086426,1.0,0,1,1,0,2.7880523204803467,-6.517461776733398,2.7976233566764157,FOLLOW_MAIN,cascade_pd_tracking,follow_main,inner_wheel_pd,lidar_disabled,FOLLOW_MAIN,COMMITTED,UNKNOWN,1,1,1,1,1,1,1,0.000125885009765625,0.011918783187866211,0.030892133712768555,0.027469158172607422,0.00793313980102539,0.0040509700775146484,0.045937572000184446,0.020857847999650403
1784810182.2203481,93.35930728912354,-28.6,-0.0286,-28.6,-0.026052315957448814,-26.052315957448815,-0.026052315957448814,-26.052315957448815,-0.201,-0.1838132466558178,-0.1838132466558178,-0.019104033483715203,-0.12150025894409809,-0.01250511165957543,-0.00019104033483715202,-0.1323455375921888,-0.001215002589440981,0.48,0.01,0.72,0.01,nan,0.12,0.12,0.11758407280173813,0.1322176588006207,0.13774999976158142,0.19759206601640925,0.19759206601640925,0.1713924283944832,0.11323765908887935,0.0,0.10666253554389238,0.15977896573076422,0.10347554973268007,0.1333374644561076,0.1607519408779643,0.1316925958707962,-0.053116430186871844,-0.02741447642185668,0.20895828267122435,0.22186609757047196,-0.0031869858112123107,-0.0016448685853114008,nan,1.0,0.0,3.198,0.4,2.124000072479248,1.0,0,1,1,0,2.710146188735962,-6.489465713500977,2.7976233566764157,FOLLOW_MAIN,cascade_pd_tracking,follow_main,inner_wheel_pd,lidar_disabled,FOLLOW_MAIN,COMMITTED,UNKNOWN,1,1,1,1,1,1,1,0.4288949966430664,7.343292236328125e-05,0.44426441192626953,0.440784215927124,0.4369218349456787,0.43296051025390625,0.04029982199972437,0.06153446600001189
1784810182.2718666,93.41082572937012,-28.6,-0.0286,-28.6,-0.026052315957448814,-26.052315957448815,-0.026052315957448814,-26.052315957448815,-0.201,-0.1838132466558178,-0.1838132466558178,-0.019104033483715203,-0.12150025894409809,-0.01250511165957543,-0.00019104033483715202,-0.1323455375921888,-0.001215002589440981,0.48,0.01,0.72,0.01,nan,0.12,0.12,0.11758407280173813,0.11758407280173813,0.13774999976158142,0.19766590708619036,0.19766590708619036,0.17145661105233712,0.17145661105233712,0.0,0.10665755127168214,0.15977896573076422,0.10347026640413721,0.13334244872831785,0.1607519408779643,0.13169787919933906,-0.053121414459082084,-0.02740949214964644,0.18272384350100085,0.1940752172348402,-0.003187284867544925,-0.0016445695289787864,nan,1.0,0.0,3.198,0.4,2.1080000400543213,1.0,0,1,1,0,2.710146188735962,-6.489465713500977,2.7978121677021592,FOLLOW_MAIN,cascade_pd_tracking,follow_main,inner_wheel_pd,lidar_disabled,FOLLOW_MAIN,COMMITTED,UNKNOWN,1,1,1,1,1,1,1,0.004147529602050781,0.01943802833557129,0.0159604549407959,0.03437042236328125,0.000186920166015625,0.008228063583374023,0.06039809499998228,0.0816327390002698
1784810182.716969,93.85592818260193,-28.6,-0.0286,-28.6,-0.026052315957448814,-26.052315957448815,-0.026052315957448814,-26.052315957448815,-0.201,-0.1838132466558178,-0.1838132466558178,-0.019104033483715203,-0.12150025894409809,-0.01250511165957543,-0.00019104033483715202,-0.1323455375921888,-0.001215002589440981,0.48,0.01,0.72,0.01,nan,0.12,0.12,0.11911527869939322,0.11911527869939322,0.11237499862909317,0.1977806994137679,0.1977806994137679,0.17292789894888333,0.17292789894888333,-0.031521737575531006,0.10664980278957066,0.13614051280979697,0.10488036018835709,0.13335019721042934,0.13438376724206538,0.13335019721042934,-0.02949071002022631,0.0,0.2694203345990338,0.29882044785304585,-0.0017694426012135785,0.0,nan,1.0,0.0,3.198,0.4,2.1080000400543213,1.0,0,1,1,0,2.700941562652588,-6.486170291900635,2.7978121677021592,FOLLOW_MAIN,cascade_pd_tracking,follow_main,inner_wheel_pd,lidar_disabled,FOLLOW_MAIN,COMMITTED,UNKNOWN,1,1,1,1,1,1,1,0.4372854232788086,0.43361616134643555,0.43004274368286133,0.42653441429138184,0.4227406978607178,7.414817810058594e-05,0.10039413900085492,0.03302786700078286
1784810182.7688208,93.9077799320221,-31.8,-0.0318,-31.8,-0.030589923351893693,-30.58992335189369,-0.030589923351893693,-30.58992335189369,-0.223,-0.2148778928849572,-0.2148778928849572,-0.01419180198309057,-0.09434426922547133,-0.014683163208908973,-0.0001419180198309057,-0.15471208287716917,-0.0009434426922547134,0.48,0.01,0.72,0.01,nan,0.12,0.12,0.1194424093112619,0.1194424093112619,0.1341250091791153,0.2266488344919941,0.2266488344919941,0.19262573857625342,0.19262573857625342,0.03152172267436981,0.1047012036717904,0.12328755996306005,0.10358602229431421,0.1352987963282096,0.1283486240321698,0.1352987963282096,-0.01858635629126966,0.0,-0.04970330485370729,-0.08129834433419446,-0.0011151813774761795,0.0,nan,1.0,0.0,3.238,0.4,2.062999963760376,1.0,0,1,1,0,2.6503424644470215,-6.468449115753174,2.8028551882309634,FOLLOW_MAIN,cascade_pd_tracking,follow_main,inner_wheel_pd,lidar_disabled,FOLLOW_MAIN,COMMITTED,UNKNOWN,1,1,1,1,1,1,1,0.003528118133544922,0.022372961044311523,0.00012636184692382812,0.015160083770751953,0.011207342147827148,0.0073435306549072266,0.19061837200024456,0.025769724999918253
1784810183.2054682,94.34442734718323,-31.8,-0.0318,-31.8,-0.030589923351893693,-30.58992335189369,-0.030589923351893693,-30.58992335189369,-0.223,-0.2148778928849572,-0.2148778928849572,-0.01419180198309057,-0.09434426922547133,-0.014683163208908973,-0.0001419180198309057,-0.15471208287716917,-0.0009434426922547134,0.48,0.01,0.72,0.01,nan,0.12,0.12,0.11944240568709644,0.11944240568709644,0.1341250091791153,0.2266506242033338,0.2266506242033338,0.19262725016645085,0.19262725016645085,0.03152172267436981,0.10470108286627497,0.12328755996306005,0.10358589424046787,0.13529891713372502,0.1283486240321698,0.13529891713372502,-0.018586477096785084,0.0,-0.038008323223902754,-0.06216803192605866,-0.001115188625807105,0.0,nan,1.0,0.0,3.238,0.4,2.062999963760376,1.0,0,1,1,0,2.6503424644470215,-6.468449115753174,2.8142029472755654,FOLLOW_MAIN,cascade_pd_tracking,follow_main,inner_wheel_pd,lidar_disabled,FOLLOW_MAIN,COMMITTED,UNKNOWN,1,1,1,1,1,1,1,0.4253225326538086,0.4218282699584961,0.41843628883361816,0.41501450538635254,0.41116857528686523,0.00012111663818359375,0.2308610830004909,0.0660124360001646
1784810183.2562876,94.39524674415588,-31.900000000000006,-0.031900000000000005,-31.900000000000006,-0.03206028984735877,-32.060289847358774,-0.03206028984735877,-32.060289847358774,-0.224,-0.22562774004042221,-0.22562774004042221,-0.0034566909234387037,-0.02485213283022492,-0.01538893912673221,-3.4566909234387034e-05,-0.16245197282910398,-0.0002485213283022492,0.48,0.01,0.72,0.01,nan,0.12,0.12,0.11966294768692115,0.11966294768692115,0.12324999272823334,0.23567422302782773,0.23567422302782773,0.19734742431577634,0.19734742431577634,0.12608695030212402,0.10409198994562162,0.11532706704824937,0.10341788531946396,0.13590801005437836,0.12811817377226833,0.13590801005437836,-0.01123507710262775,0.0,0.003993221073941317,-0.03495903222179857,-0.0006741046261576649,0.0,nan,1.0,0.0,3.072,0.4,2.00600004196167,1.0,0,1,1,0,2.602156162261963,-6.452596187591553,2.8217989800015877,FOLLOW_MAIN,cascade_pd_tracking,follow_main,inner_wheel_pd,lidar_disabled,FOLLOW_MAIN,COMMITTED,UNKNOWN,1,1,1,1,1,1,1,0.0074045658111572266,0.003685474395751953,0.01906728744506836,0.0001380443572998047,0.015254974365234375,0.01142120361328125,0.08170788799907314,0.11191758299901267
1784810183.7123287,94.85128784179688,-31.900000000000006,-0.031900000000000005,-31.900000000000006,-0.03206028984735877,-32.060289847358774,-0.03206028984735877,-32.060289847358774,-0.224,-0.22562774004042221,-0.22562774004042221,-0.0034566909234387037,-0.02485213283022492,-0.01538893912673221,-3.4566909234387034e-05,-0.16245197282910398,-0.0002485213283022492,0.48,0.01,0.72,0.01,nan,0.12,0.12,0.11966294762999388,0.12029286025478327,0.12324999272823334,0.23567425114006266,0.23567425114006266,0.19734744805937007,0.18053574009392784,0.12608695030212402,0.10409198804804576,0.11532706704824937,0.10341788330803355,0.13590801195195423,0.12811817377226833,0.13590801195195423,-0.01123507900020361,0.0,0.003038856531047337,-0.02660405376334345,-0.0006741047400122166,0.0,nan,1.0,0.0,3.072,0.4,2.00600004196167,1.0,0,1,1,0,2.602156162261963,-6.452596187591553,2.8343445511621264,FOLLOW_MAIN,cascade_pd_tracking,follow_main,inner_wheel_pd,lidar_disabled,FOLLOW_MAIN,COMMITTED,UNKNOWN,1,1,1,1,1,1,1,0.42195725440979004,0.4183008670806885,0.4147069454193115,9.679794311523438e-05,0.4299335479736328,0.4260859489440918,0.1226748779990885,0.15288457299902802
1784810183.7633991,94.90235829353333,-28.1,-0.0281,-28.1,-0.02971741233998646,-29.71741233998646,-0.02971741233998646,-29.71741233998646,-0.198,-0.20936956231144163,-0.20936956231144163,0.004141165295289582,0.02776207570194914,-0.014264357923193501,4.141165295289583e-05,-0.15074608486423796,0.0002776207570194914,0.48,0.01,0.72,0.01,nan,0.12,0.12,0.1202924703320491,0.1202924703320491,0.11962500214576721,0.21563431182204612,0.21563431182204612,0.18037310861674824,0.18037310861674824,0.09456522762775421,0.10544468395201188,0.10600475835220559,0.10544468395201188,0.13455531604798812,0.12480630497968508,0.1351402567120863,0.0,0.009749011068303046,0.003883350359501471,0.0066698363653329975,0.0,0.0005849406640981827,nan,1.0,0.0,2.4499999999999997,0.4,1.9609999656677246,1.0,0,1,1,0,2.538724422454834,-6.436286449432373,2.9176565927984393,FOLLOW_MAIN,cascade_pd_tracking,follow_main,inner_wheel_pd,lidar_disabled,FOLLOW_MAIN,COMMITTED,UNKNOWN,1,1,1,1,1,1,1,0.01907181739807129,0.01546931266784668,0.011838436126708984,0.008140802383422852,0.004254579544067383,0.00017189979553222656,0.16765065099934873,0.046182849999240716
1784810184.1912215,95.33018064498901,-28.1,-0.0281,-28.1,-0.02971741233998646,-29.71741233998646,-0.02971741233998646,-29.71741233998646,-0.198,-0.20936956231144163,-0.20936956231144163,0.004141165295289582,0.02776207570194914,-0.014264357923193501,4.141165295289583e-05,-0.15074608486423796,0.0002776207570194914,0.48,0.01,0.72,0.01,nan,0.12,0.12,0.12,0.12,0.11599999666213989,0.2154449529098826,0.2154449529098826,0.1766648613861038,0.1766648613861038,0.18913045525550842,0.10545746567858291,0.10444231829477187,0.10545746567858291,0.13454253432141708,0.127039111926178,0.13454253432141708,0.0,0.0,0.002608657694530736,-0.05683783815586327,0.0,0.0,nan,1.0,0.0,2.4499999999999997,0.4,1.9459999799728394,1.0,0,1,1,0,2.528829336166382,-6.43430233001709,2.9601475468236798,FOLLOW_MAIN,cascade_pd_tracking,follow_main,inner_wheel_pd,lidar_disabled,FOLLOW_MAIN,COMMITTED,UNKNOWN,1,1,1,1,1,1,1,0.39711928367614746,0.3936324119567871,0.4085390567779541,0.39009547233581543,8.249282836914062e-05,0.4010624885559082,0.22733002299901273,0.006292546999247861
1784810184.2420213,95.38098049163818,-22.8,-0.0228,-22.8,-0.026856303809232027,-26.856303809232028,-0.026856303809232027,-26.856303809232028,-0.162,-0.18939067535402868,-0.18939067535402868,0.00407651519354825,0.02824580081901672,-0.012891025828431373,4.07651519354825e-05,-0.13636128625490065,0.0002824580081901672,0.48,0.01,0.72,0.01,nan,0.12,0.12,0.12,0.12,0.11962498724460602,0.19497812176625015,0.19497812176625015,0.1598820598483251,0.1598820598483251,0.22065217792987823,0.10683897678077811,0.10691734822010947,0.10683897678077811,0.13316102321922188,0.1311743309208881,0.13316102321922188,0.0,0.0,0.0001564347152622441,-0.003408423821444858,0.0,0.0,nan,1.0,0.0,2.1310000000000002,0.4,1.8980000019073486,1.0,0,1,1,0,2.4832544326782227,-6.427034378051758,2.9868780865330873,FOLLOW_MAIN,cascade_pd_tracking,follow_main,inner_wheel_pd,lidar_disabled,FOLLOW_MAIN,COMMITTED,HOLD,1,1,1,1,1,1,2,0.00012683868408203125,0.018428325653076172,0.014990568161010742,0.01156163215637207,0.00786447525024414,0.004059553146362305,0.016285302999676787,0.05062813499898766
1784810184.2938273,95.43278646469116,-22.8,-0.0228,-22.8,-0.026856303809232027,-26.856303809232028,-0.026856303809232027,-26.856303809232028,-0.162,-0.18939067535402868,-0.18939067535402868,0.00407651519354825,0.02824580081901672,-0.012891025828431373,4.07651519354825e-05,-0.13636128625490065,0.0002824580081901672,0.48,0.01,0.72,0.01,nan,0.12,0.12,0.12,0.12,0.12324999272823334,0.19454342830853605,0.19454342830853605,0.15952561121299955,0.15962979240982864,0.18913042545318604,0.10686831858917381,0.10861416276045738,0.10686831858917381,0.13313168141082618,0.13347806968034187,0.13313168141082618,0.0,0.0,0.0001063928009886632,-0.0023181028374174672,0.0,0.0,nan,1.0,0.0,2.1310000000000002,0.4,1.8869999647140503,1.0,0,1,1,0,2.473337173461914,-6.425889015197754,3.026627225332338,FOLLOW_MAIN,cascade_pd_tracking,follow_main,inner_wheel_pd,lidar_disabled,FOLLOW_MAIN,COMMITTED,HOLD,1,1,1,1,1,1,2,0.007233142852783203,0.003632068634033203,0.00012946128845214844,0.018608808517456055,0.014904975891113281,0.011108636856079102,0.07411043100000825,0.030950660000598873
1784810184.7137926,95.85275173187256,-22.8,-0.0228,-22.8,-0.026856303809232027,-26.856303809232028,-0.026856303809232027,-26.856303809232028,-0.162,-0.18939067535402868,-0.18939067535402868,0.00407651519354825,0.02824580081901672,-0.012891025828431373,4.07651519354825e-05,-0.13636128625490065,0.0002824580081901672,0.48,0.01,0.72,0.01,nan,0.12,0.12,0.12,0.12,0.12324999272823334,0.19454342830853605,0.19454342830853605,0.15952561121299955,0.15952561121299955,0.18913042545318604,0.10686831858917381,0.10861416276045738,0.10686831858917381,0.13313168141082618,0.13347806968034187,0.13313168141082618,0.0,0.0,0.0001063928009886632,-0.0023181028374174672,0.0,0.0,nan,1.0,0.0,2.1310000000000002,0.4,1.8869999647140503,1.0,0,1,1,0,2.473337173461914,-6.425889015197754,3.04194706216935,FOLLOW_MAIN,cascade_pd_tracking,follow_main,inner_wheel_pd,lidar_disabled,FOLLOW_MAIN,COMMITTED,HOLD,1,1,1,1,1,1,2,0.4271557331085205,0.4235537052154541,0.42005038261413574,0.4162900447845459,0.41253161430358887,7.081031799316406e-05,0.07411043100000825,0.030950660000598873
1784810184.7650998,95.90405893325806,-5.4,-0.0054,-5.4,-0.015212402147082776,-15.212402147082777,-0.015212402147082776,-15.212402147082777,-0.038,-0.10797400609691424,-0.10797400609691424,0.025142313485516668,0.1762854682920591,-0.007301953030599733,0.00025142313485516666,-0.07774128438977825,0.001762854682920591,0.48,0.01,0.72,0.01,nan,0.20857696234154036,0.1667977435232388,0.1699523261663423,0.16645998351377553,0.11237500607967377,0.09074137896635244,0.09074137896635244,0.07042535001561544,0.0708380658371965,0.1576087325811386,0.16067270044301002,0.10263241655930253,0.16415511747603248,0.1729227866034676,0.1258103157170596,0.1757495348566521,0.058040283883707494,0.04711247088640799,0.15917475546767595,0.17078075573738258,0.0034824170330224496,0.0028267482531844795,nan,1.0,0.0,0.20099999999999998,0.6952565411384679,1.8350000381469727,1.0,0,1,1,0,2.4182205200195312,-6.423060894012451,3.0867707133677835,FOLLOW_MAIN,cascade_pd_tracking,follow_main,inner_wheel_pd,lidar_disabled,FOLLOW_MAIN,COMMITTED,UNKNOWN,1,1,1,1,1,1,1,0.0038137435913085938,0.0001556873321533203,0.019305706024169922,0.015668630599975586,0.01177358627319336,0.007784128189086914,0.18735925699911604,0.042811714998606476
1784810185.2150228,96.35398197174072,-4.7,-0.0047,-4.7,-0.007134844618731718,-7.1348446187317185,0.0,0.0,-0.034,-0.05037148927537814,-0.05037148927537814,0.04915084775953532,0.2266558014646889,0.0,0.0004915084775953532,-0.03626747227827226,0.002266558014646889,0.48,0.01,0.72,0.01,nan,0.22205758061690645,0.17033766608339654,0.17370464408010947,0.17370464408010947,0.11237500607967377,0.038897828694717425,0.07414799196561313,0.056002378034572864,0.056002378034572864,0.1576087325811386,0.16533267662571766,0.10263241655930253,0.16909469222970255,0.17534265554107542,0.1258103157170596,0.17831459593051638,0.06270026006641513,0.04953233982401581,0.16623037330446866,0.1623598910864826,0.0037620156039849077,0.0029719403894409484,nan,1.0,0.0,-0.029,0.7401919353896882,1.8350000381469727,1.0,0,1,1,0,2.4182205200195312,-6.423060894012451,3.124344524194024,FOLLOW_MAIN,cascade_pd_tracking,follow_main,inner_wheel_pd,lidar_disabled,FOLLOW_MAIN,COMMITTED,UNKNOWN,1,1,1,1,1,1,1,8.797645568847656e-05,0.4273860454559326,0.4238393306732178,0.4202871322631836,0.41646528244018555,0.4127373695373535,0.0015562620010314276,0.06493623099959223
1784810185.2652953,96.40425443649292,4.6000000000000005,0.004600000000000001,4.6000000000000005,0.0010332730222767615,1.0332730222767614,0.0,0.0,0.033,0.007742872433604948,0.0,0.012601051105136736,0.1251668706941943,0.0,0.00012601051105136737,0.0,0.001251668706941943,0.48,0.01,0.72,0.01,nan,0.27810519306122733,0.24359730096333812,0.2472753468853974,0.2472753468853974,0.19574999809265137,0.0,0.0,-0.00660478882270159,-0.00660478882270159,0.18913042545318604,0.24359730096333812,0.17323508751575756,0.24781903377019296,0.24359730096333812,0.19135798367560924,0.24673166000060184,0.07036221344758056,0.052239317287728876,0.029509088046890966,0.0006994418492895903,0.0042217328068548336,0.0031343590372637322,nan,1.0,0.0,-0.882,0.9270173102040912,1.7710000276565552,1.0,0,1,1,0,2.3366148471832275,-6.425454616546631,-3.0990759192563138,FOLLOW_MAIN,cascade_pd_tracking,follow_main,inner_wheel_pd,lidar_disabled,FOLLOW_MAIN,COMMITTED,UNKNOWN,1,1,1,1,1,1,1,0.014847040176391602,0.026586294174194336,0.011275768280029297,0.007703065872192383,0.003911733627319336,0.000133514404296875,0.05109482099942397,0.031649697999455384
1784810185.6953065,96.83426570892334,7.2,0.0072,7.2,0.002881271590439904,2.881271590439904,0.0,0.0,0.051000000000000004,0.02082913776036853,0.0,0.009409828939622892,0.09346830135941152,0.0,9.409828939622892e-05,0.0,0.0009346830135941152,0.48,0.01,0.72,0.01,nan,0.2716298218119119,0.24995161312344868,0.2540109177751146,0.2540109177751146,0.19574999809265137,0.0,0.0,-0.00660478882270159,-0.00660478882270159,0.18913042545318604,0.24995161312344868,0.17323508751575756,0.25455460465991014,0.24995161312344868,0.19135798367560924,0.25346723089031903,0.07671652560769113,0.05859362944783944,0.05986286691122027,0.03775469606353288,0.004602991536461467,0.003515617766870366,nan,1.0,0.0,-1.13,0.9054327393730398,1.7710000276565552,1.0,0,1,1,0,2.3366148471832275,-6.425454616546631,-3.0802894861461265,FOLLOW_MAIN,cascade_pd_tracking,follow_main,inner_wheel_pd,lidar_disabled,FOLLOW_MAIN,COMMITTED,UNKNOWN,1,1,1,1,1,1,1,7.724761962890625e-05,0.3999199867248535,0.4189486503601074,0.4154183864593506,0.39624595642089844,0.3925299644470215,0.0032016350014600903,0.07136414900014643
1784810185.7468035,96.8857626914978,11.5,0.0115,11.5,0.007486545564806504,7.486545564806504,0.0,0.0,0.082,0.05337819352223203,0.05337819352223203,0.0052960942496387,0.17835295226649897,0.0,5.2960942496387e-05,0.038432299336007066,0.0017835295226649897,0.48,0.01,0.72,0.01,nan,0.17762811452468563,0.17762811452468563,0.1744142033866356,0.1766786079319529,0.23925000429153442,-0.06499133091736377,-0.06499133091736377,-0.05955490651796409,-0.05958515764389764,0.0630435049533844,0.18201502936160768,0.22698903565255352,0.17931658898415093,0.17324119968776358,0.23539756466515244,0.16951181778912025,-0.044974006290945834,-0.062156364977388856,-0.22111191114872697,-0.2225547645001426,-0.0026984403774567498,-0.003729381898643331,nan,1.0,0.0,-1.708,0.5920937150822855,1.6859999895095825,1.0,0,1,1,0,2.230151414871216,-6.433314323425293,-3.0621334404339144,FOLLOW_MAIN,cascade_pd_tracking,follow_main,inner_wheel_pd,lidar_disabled,FOLLOW_MAIN,COMMITTED,UNKNOWN,1,1,1,1,1,1,1,0.007086992263793945,0.003548145294189453,0.0001227855682373047,0.041529178619384766,0.01554417610168457,0.011324882507324219,0.291265846000897,0.05075661699993361
1784810185.7979803,96.93693947792053,13.4,0.0134,13.4,0.011193359294660336,11.193359294660336,0.0,0.0,0.096,0.07981320279869704,0.07981320279869704,0.0018932165513275991,0.11879464969844522,0.0,1.893216551327599e-05,0.05746550601506187,0.0011879464969844521,0.48,0.01,0.72,0.01,nan,0.17264253408685637,0.17264253408685637,0.1683215800213549,0.1683215800213549,0.25737500190734863,-0.08645869983530789,-0.08645869983530789,-0.07903113120757303,-0.07903113120757303,0.09456522762775421,0.17847849632573964,0.23933357789249393,0.1748271914317344,0.1668065718479731,0.249983292464601,0.1618159686109754,-0.06085508156675429,-0.0831767206166279,-0.26673589738571646,-0.2987284458560273,-0.003651304894005257,-0.004990603236997674,nan,1.0,0.0,-2.093,0.5754751136228546,1.6610000133514404,1.0,0,1,1,0,2.2081069946289062,-6.435307502746582,-3.0432831219802527,FOLLOW_MAIN,cascade_pd_tracking,follow_main,inner_wheel_pd,lidar_disabled,FOLLOW_MAIN,COMMITTED,UNKNOWN,1,1,1,1,1,1,1,0.013840913772583008,0.010349273681640625,0.006972551345825195,0.003622293472290039,0.00011301040649414062,0.017609596252441406,0.023011148001387483,0.004451007000170648
1784810186.21897,97.35792922973633,15.3,0.015300000000000001,15.3,0.015311842952581506,15.311842952581506,0.015311842952581506,15.311842952581506,0.109,0.10927812754387557,0.10927812754387557,0.020353660349095432,0.08375701674720228,0.007349684617239122,0.00020353660349095432,0.07868025183159041,0.0008375701674720227,0.48,0.01,0.72,0.01,nan,0.12,0.12,0.11664906523469395,0.1683215800213549,0.15950000286102295,-0.12738173420403767,-0.12738173420403767,-0.11066580962991096,-0.07903113120757303,0.0,0.12859826705877253,0.17592353831335447,0.1257587507834976,0.11140173294122745,0.17577428719684654,0.10753937968589031,-0.04732527125458194,-0.0643725542556191,0.12049874059726456,0.11918502471282615,-0.0028395162752749164,-0.0038623532553371453,nan,1.0,0.0,-3.521,0.4,1.5800000429153442,1.0,0,1,1,0,2.135528087615967,-6.442355155944824,-3.0432831219802527,FOLLOW_MAIN,cascade_pd_tracking,follow_main,inner_wheel_pd,lidar_disabled,FOLLOW_MAIN,COMMITTED,HOLD,1,1,1,1,1,1,2,0.4138009548187256,8.654594421386719e-05,0.4279360771179199,0.42458558082580566,0.42107629776000977,0.41736555099487305,0.06264356099927681,0.05044661599822575
1784810186.2698221,97.40878129005432,15.3,0.015300000000000001,15.3,0.015311842952581506,15.311842952581506,0.015311842952581506,15.311842952581506,0.109,0.10927812754387557,0.10927812754387557,0.020353660349095432,0.08375701674720228,0.007349684617239122,0.00020353660349095432,0.07868025183159041,0.0008375701674720227,0.48,0.01,0.72,0.01,nan,0.12,0.12,0.11774714002387257,0.11774714002387257,0.14137500524520874,-0.12772180654301657,-0.12772180654301657,-0.11181359086098673,-0.11173134725245124,0.0315217524766922,0.12862122194165362,0.15645312823156926,0.12695130756425868,0.11137877805834638,0.15864220430601156,0.10854297248348647,-0.027831906289915637,-0.04726342624766518,0.18609115438101453,0.17225312531340348,-0.0016699143773949382,-0.0028358055748599104,nan,1.0,0.0,-3.521,0.4,1.565000057220459,1.0,0,1,1,0,2.1231439113616943,-6.44354248046875,-3.043630245496626,FOLLOW_MAIN,cascade_pd_tracking,follow_main,inner_wheel_pd,lidar_disabled,FOLLOW_MAIN,COMMITTED,HOLD,1,1,1,1,1,1,2,0.003632783889770508,0.0001323223114013672,0.019288063049316406,0.01574993133544922,0.011793136596679688,0.00781702995300293,0.12395054599983268,0.020927940000547096
1784810186.7353504,97.87430953979492,15.3,0.015300000000000001,15.3,0.015311842952581506,15.311842952581506,0.015311842952581506,15.311842952581506,0.109,0.10927812754387557,0.10927812754387557,0.020353660349095432,0.08375701674720228,0.007349684617239122,0.00020353660349095432,0.07868025183159041,0.0008375701674720227,0.48,0.01,0.72,0.01,nan,0.12,0.12,0.11774714002387257,0.11774714002387257,0.14137500524520874,-0.12779666594119327,-0.12779666594119327,-0.11187865864988197,-0.11135854073298425,0.0315217524766922,0.12862627495103054,0.15645312823156926,0.12695666375419823,0.11137372504896945,0.15864220430601156,0.10853761629354693,-0.027826853280538716,-0.04726847925704211,0.1639305743692197,0.15167952197371856,-0.001669611196832323,-0.0028361087554225266,nan,1.0,0.0,-3.521,0.4,1.565000057220459,1.0,0,1,1,0,2.1231439113616943,-6.44354248046875,-3.045994412235363,FOLLOW_MAIN,cascade_pd_tracking,follow_main,inner_wheel_pd,lidar_disabled,FOLLOW_MAIN,COMMITTED,HOLD,1,1,1,1,1,1,2,9.059906005859375e-05,0.44265055656433105,0.439136266708374,0.43554067611694336,0.43176722526550293,0.428098201751709,0.1429985390004731,0.039975933001187514
1784810186.7866192,97.92557835578918,5.4,0.0054,5.4,0.008380377916144599,8.3803779161446,0.0,0.0,0.039,0.0596673710629738,0.0596673710629738,-0.023921214143727138,-0.08060919485371945,0.0,-0.00023921214143727139,0.04296050716534113,-0.0008060919485371945,0.48,0.01,0.72,0.01,nan,0.12,0.12,0.12041090346140138,0.12041090346140138,0.11237499862909317,-0.07493995669733998,-0.07493995669733998,-0.06644248061550968,-0.06644248061550968,-0.031521737575531006,0.12505844707707045,0.11136166503035766,0.1258802539998732,0.11494155292292954,0.10989067481165662,0.11494155292292954,0.013696782046712791,0.0,0.018502939497765918,0.027455170708560347,0.0008218069228027675,0.0,nan,1.0,0.0,-4.465999999999999,0.4,1.5199999809265137,1.0,0,1,1,0,2.0686635971069336,-6.448987007141113,-3.0425888299094894,FOLLOW_MAIN,cascade_pd_tracking,follow_main,inner_wheel_pd,lidar_disabled,FOLLOW_MAIN,COMMITTED,UNKNOWN,1,1,1,1,1,1,1,0.015020132064819336,0.0113525390625,0.02667856216430664,0.007763862609863281,0.003929853439331055,0.00013399124145507812,0.047285000000556465,0.020835180999711156
1784810187.2484019,98.3873610496521,5.4,0.0054,5.4,0.008380377916144599,8.3803779161446,0.0,0.0,0.039,0.0596673710629738,0.0596673710629738,-0.023921214143727138,-0.08060919485371945,0.0,-0.00023921214143727139,0.04296050716534113,-0.0008060919485371945,0.48,0.01,0.72,0.01,nan,0.12,0.12,0.12041090603810857,0.12041090603810857,0.11237499862909317,-0.0749412291453332,-0.0749412291453332,-0.06644355532508472,-0.06644355532508472,-0.031521737575531006,0.12505853296730998,0.11136166503035766,0.12588034504352713,0.11494146703269001,0.10989067481165662,0.11494146703269001,0.013696867936952323,0.0,0.016103796575032147,0.0238944631597189,0.0008218120762171394,0.0,nan,1.0,0.0,-4.465999999999999,0.4,1.5199999809265137,1.0,0,1,1,0,2.0686635971069336,-6.448987007141113,-3.0400987978931595,FOLLOW_MAIN,cascade_pd_tracking,follow_main,inner_wheel_pd,lidar_disabled,FOLLOW_MAIN,COMMITTED,UNKNOWN,1,1,1,1,1,1,1,0.00011420249938964844,0.4541971683502197,0.4506199359893799,0.4469747543334961,0.4428579807281494,0.4388425350189209,0.06812116299988702,0.04167134399904171
1784810187.301934,98.44089317321777,-7.7,-0.0077,-7.7,-0.0035964091962776925,-3.5964091962776927,0.0,0.0,-0.055,-0.0260824559427831,-0.0260824559427831,-0.004301657182120584,-0.1578756647353875,0.0,-4.301657182120584e-05,-0.018779368278803832,-0.001578756647353875,0.48,0.01,0.72,0.01,nan,0.12,0.12,0.12,0.12,0.12325000762939453,0.0,0.0,0.0,0.0,0.0630435049533844,0.12,0.1175230827916386,0.12,0.12,0.12207259577943673,0.12,0.0,0.0,-0.0095924645328823,0.0008491910786029092,0.0,0.0,nan,1.0,0.0,-4.155,0.4,1.468999981880188,1.0,0,1,1,0,2.013345956802368,-6.454474925994873,-3.0410448481135424,FOLLOW_MAIN,cascade_pd_tracking,follow_main,inner_wheel_pd,lidar_disabled,FOLLOW_MAIN,COMMITTED,UNKNOWN,1,1,1,1,1,1,1,0.014774560928344727,0.011079072952270508,0.007527351379394531,0.004018545150756836,0.00018358230590820312,0.018730640411376953,0.05395923200012476,0.06568441699891991
1784810187.7336564,98.8726155757904,-14.5,-0.0145,-14.5,-0.01240009254118983,-12.40009254118983,-0.01240009254118983,-12.40009254118983,-0.10300000000000001,-0.0881031932700206,-0.0881031932700206,-0.03512721786853465,-0.13606572957424715,-0.005952044419771118,-0.0003512721786853465,-0.06343429915441483,-0.0013606572957424715,0.48,0.01,0.72,0.01,nan,0.12,0.12,0.12,0.12,0.11962500214576721,0.058407964879812146,0.058407964879812146,0.047894531201445906,0.0,-0.0315217524766922,0.11605746237061268,0.11953401339760748,0.11605746237061268,0.12394253762938731,0.1191966587588537,0.12394253762938731,0.0,0.0,-0.0005159932710133928,4.5679280946170436e-05,0.0,0.0,nan,1.0,0.0,-3.427,0.4,1.4010000228881836,1.0,0,1,1,0,1.9633365869522095,-6.459740161895752,-3.0410448481135424,FOLLOW_MAIN,cascade_pd_tracking,follow_main,inner_wheel_pd,lidar_disabled,FOLLOW_MAIN,COMMITTED,UNKNOWN,1,1,1,1,1,1,1,0.4239354133605957,7.033348083496094e-05,0.4391622543334961,0.4356527328491211,0.43181657791137695,0.42779016494750977,0.05558501300038188,0.08442607700089866
1784810187.7838795,98.92283868789673,-14.5,-0.0145,-14.5,-0.01240009254118983,-12.40009254118983,-0.01240009254118983,-12.40009254118983,-0.10300000000000001,-0.0881031932700206,-0.0881031932700206,-0.03512721786853465,-0.13606572957424715,-0.005952044419771118,-0.0003512721786853465,-0.06343429915441483,-0.0013606572957424715,0.48,0.01,0.72,0.01,nan,0.12,0.12,0.12,0.12,0.11962500214576721,0.058407964115032705,0.058407964115032705,0.047894530574326806,0.047894530574326806,-0.0315217524766922,0.11605746242223529,0.11953401339760748,0.11605746242223529,0.1239425375777647,0.1191966587588537,0.1239425375777647,0.0,0.0,-0.0003944916568523222,3.4923120584279416e-05,0.0,0.0,nan,1.0,0.0,-3.427,0.4,1.4010000228881836,1.0,0,1,1,0,1.9633365869522095,-6.459740161895752,-3.0358759294522986,FOLLOW_MAIN,cascade_pd_tracking,follow_main,inner_wheel_pd,lidar_disabled,FOLLOW_MAIN,COMMITTED,UNKNOWN,1,1,1,1,1,1,1,0.018164396286010742,0.014676570892333984,0.011096477508544922,0.007648944854736328,0.003937959671020508,0.00013256072998046875,0.09585937299925718,0.12470043699977396
1784810188.2317245,99.37068367004395,-14.5,-0.0145,-14.5,-0.01240009254118983,-12.40009254118983,-0.01240009254118983,-12.40009254118983,-0.10300000000000001,-0.0881031932700206,-0.0881031932700206,-0.03512721786853465,-0.13606572957424715,-0.005952044419771118,-0.0003512721786853465,-0.06343429915441483,-0.0013606572957424715,0.48,0.01,0.72,0.01,nan,0.12,0.12,0.12,0.12,0.11962500214576721,0.058407963800978485,0.058407963800978485,0.047894530316802415,0.047894530316802415,-0.0315217524766922,0.11605746244343394,0.12108088598127276,0.11605746244343394,0.12394253755656605,0.11801186220729012,0.12394253755656605,0.0,0.0,-0.00034189986144633175,3.0267332354530585e-05,0.0,0.0,nan,1.0,0.0,-3.427,0.4,1.4010000228881836,1.0,0,1,1,0,1.9457306861877441,-6.461606025695801,-3.0486112875508753,FOLLOW_MAIN,cascade_pd_tracking,follow_main,inner_wheel_pd,lidar_disabled,FOLLOW_MAIN,COMMITTED,UNKNOWN,1,1,1,1,1,1,1,0.421766996383667,0.4404008388519287,0.4370100498199463,0.43357372283935547,0.0001270771026611328,0.42573118209838867,0.11732138799925451,0.00280230099997425
1784810188.2829976,99.42195677757263,-22.8,-0.0228,-22.8,-0.01968119731263618,-19.68119731263618,-0.01968119731263618,-19.68119731263618,-0.161,-0.13979497750874176,-0.13979497750874176,-0.01798135648753021,-0.10920232883722444,-0.009446974710065364,-0.00017981356487530213,-0.10065238380629406,-0.0010920232883722444,0.48,0.01,0.72,0.01,nan,0.12,0.12,0.11970898745320324,0.11970898745320324,0.12325000762939453,0.1093177248202466,0.1093177248202466,0.09317579788405919,0.09317579788405919,0.0,0.11262105357463335,0.12232147180119209,0.11203902848103983,0.12737894642536665,0.11976252546413073,0.12737894642536665,-0.009700418226558732,0.0,-0.028599440824506075,-0.024654202958342725,-0.0005820250935935239,0.0,nan,1.0,0.0,-2.38,0.4,1.3550000190734863,1.0,0,1,1,0,1.8978389501571655,-6.466032028198242,-3.05359138408899,FOLLOW_MAIN,cascade_pd_tracking,follow_main,inner_wheel_pd,lidar_disabled,FOLLOW_MAIN,COMMITTED,UNKNOWN,1,1,1,1,1,1,1,0.00014710426330566406,0.01909947395324707,0.015642642974853516,0.012148141860961914,0.008230924606323242,0.004238128662109375,0.047475389001192525,0.08542148500055191
1784810188.7288706,99.8678297996521,-24.200000000000003,-0.024200000000000003,-24.200000000000003,-0.02100294080350016,-21.00294080350016,-0.02100294080350016,-21.00294080350016,-0.171,-0.14878163144648582,-0.14878163144648582,-0.01837674065050729,-0.11447404543649889,-0.010081411585680076,-0.0001837674065050729,-0.10712277464146978,-0.001144740454364989,0.48,0.01,0.72,0.01,nan,0.12,0.12,0.11945138310379669,0.1328767928697731,0.13774999976158142,0.11882732723111761,0.11882732723111761,0.1041030876611713,0.14597235532231836,0.0,0.11197915541189955,0.13026638528534287,0.11088192161949295,0.12802084458810042,0.12902516720536042,0.12802084458810042,-0.01828722987344332,0.0,-0.06883637107310285,-0.018890458840994506,-0.001097233792406599,0.0,nan,1.0,0.0,-2.1609999999999996,0.4,1.3550000190734863,1.0,0,1,1,0,1.8863102197647095,-6.467020511627197,-3.0560499451887866,FOLLOW_MAIN,cascade_pd_tracking,follow_main,inner_wheel_pd,lidar_disabled,FOLLOW_MAIN,COMMITTED,HOLD,1,1,1,1,1,1,2,0.4238443374633789,0.420276403427124,0.4169158935546875,7.772445678710938e-05,0.43146419525146484,0.4277994632720947,0.021263236998493085,0.038544764000107534
1784810188.7811341,99.92009329795837,-34.300000000000004,-0.034300000000000004,-34.300000000000004,-0.02957985086690576,-29.579850866905762,-0.02957985086690576,-29.579850866905762,-0.24,-0.20785687963867622,-0.20785687963867622,-0.02115562993733012,-0.1424219479678384,-0.014198328416114764,-0.0002115562993733012,-0.14965695333984688,-0.0014242194796783843,0.48,0.01,0.72,0.01,nan,0.13352450784178704,0.13352450784178704,0.13400216801194614,0.13540470040237526,0.11962499469518661,0.17108056465871135,0.17108056465871135,0.14608874953170578,0.14668767340633004,0.15760868787765503,0.12197656972732403,0.11646234341335895,0.12197656972732403,0.14507244595625007,0.12915044028428,0.14602776629656827,0.0,0.01592200567197008,0.03070177117038266,0.02993630067251832,0.0,0.0009553203403182048,nan,1.0,0.0,-1.4069999999999998,0.44508169280595683,1.3009999990463257,1.0,0,1,1,0,1.8294979333877563,-6.471939563751221,-3.0560499451887866,FOLLOW_MAIN,cascade_pd_tracking,follow_main,inner_wheel_pd,lidar_disabled,FOLLOW_MAIN,COMMITTED,HOLD,1,1,1,1,1,1,2,0.00013399124145507812,0.03786206245422363,0.0156552791595459,0.012088775634765625,0.008237123489379883,0.0042803287506103516,0.05430193699976371,0.00837788399985584
1784810189.234659,100.37361812591553,-74.60000000000001,-0.07460000000000001,-74.60000000000001,-0.08817933337527789,-88.17933337527789,-0.08817933337527789,-88.17933337527789,-0.49,-0.26475178221117823,-0.26475178221117823,-0.13149153459187918,-0.10342306514461563,-0.04232608002013338,-0.0013149153459187917,-0.19062128319204832,-0.0010342306514461563,0.48,0.01,0.72,0.01,nan,0.18216462379519033,0.18216462379519033,0.18511524782111588,0.13835333249880888,0.13774999976158142,0.23719335491009655,0.23719335491009655,0.19903742184678086,0.14430803641153916,0.18913042545318604,0.1661540723387588,0.12320411459739518,0.16873106980324062,0.19817517525162184,0.142770998795467,0.20149942583899114,0.042949957741363634,0.055404176456154836,0.07157927566452038,0.030238031456978474,0.002576997464481818,0.00332425058736929,nan,1.0,0.0,-1.366,0.6072154126506345,1.2430000305175781,1.0,0,1,1,0,1.771228313446045,-6.478945732116699,-3.038177130906832,FOLLOW_MAIN,cascade_pd_tracking,follow_main,inner_wheel_pd,lidar_disabled,FOLLOW_MAIN,COMMITTED,UNKNOWN,1,1,1,1,1,1,1,0.4198932647705078,7.271766662597656e-05,0.43425917625427246,0.4308617115020752,0.42737436294555664,0.42360424995422363,0.058937628999046865,0.019791196998994565
1784810189.2854855,100.42444467544556,-74.60000000000001,-0.07460000000000001,-74.60000000000001,-0.08817933337527789,-88.17933337527789,-0.08817933337527789,-88.17933337527789,-0.49,-0.26475178221117823,-0.26475178221117823,-0.13149153459187918,-0.10342306514461563,-0.04232608002013338,-0.0013149153459187917,-0.19062128319204832,-0.0010342306514461563,0.48,0.01,0.72,0.01,nan,0.17193733031509287,0.17193733031509287,0.17427431673221258,0.17427431673221258,0.13774999976158142,0.2552547487921109,0.2552547487921109,0.21473638540902762,0.21473638540902762,0.18913042545318604,0.15470763477162539,0.12320411459739518,0.1565978459820792,0.18916702585856035,0.142770998795467,0.19195078748234595,0.03150352017423021,0.04639602706309334,-0.011942309287886449,-0.0295101483638981,0.0018902112104538123,0.0027837616237856005,nan,1.0,0.0,-1.366,0.5731244343836429,1.2430000305175781,1.0,0,1,1,0,1.771228313446045,-6.478945732116699,-3.023677483936715,FOLLOW_MAIN,cascade_pd_tracking,follow_main,inner_wheel_pd,lidar_disabled,FOLLOW_MAIN,COMMITTED,UNKNOWN,1,1,1,1,1,1,1,0.0001392364501953125,0.018660545349121094,0.015120506286621094,0.011713027954101562,0.007975339889526367,0.004174232482910156,0.09905254399927799,0.059906111999225686
1784810189.72797,100.86692905426025,-90.30000000000001,-0.0903,-90.30000000000001,-0.08954942062708562,-89.54942062708562,-0.08954942062708562,-89.54942062708562,-0.5730000000000001,-0.3422795125485538,-0.3422795125485538,-0.09052662481309137,-0.2797287836780951,-0.042983721901001096,-0.0009052662481309138,-0.24644124903495873,-0.0027972878367809513,0.48,0.01,0.72,0.01,nan,0.1602005567034348,0.1602005567034348,0.16168250449110147,0.15527221079260276,0.13774999976158142,0.31923131590717824,0.2651960163358734,0.22386695281804442,0.23331032584784606,0.12608695030212402,0.14229982560076335,0.12638971635565638,0.14325443215546976,0.17810128780610626,0.14461313746232446,0.18011057682673318,0.015910109245106968,0.0334881503437818,-0.10327129189017761,-0.10000585555094496,0.000954606554706418,0.002009289020626908,nan,1.0,0.0,-1.024,0.5340018556781161,1.2430000305175781,1.0,0,1,1,0,1.7592449188232422,-6.480773448944092,-2.9791370751553448,FOLLOW_MAIN,cascade_pd_tracking,follow_main,inner_wheel_pd,lidar_disabled,FOLLOW_MAIN,COMMITTED,HOLD,1,1,1,1,1,1,2,0.4205458164215088,0.4170420169830322,0.4136791229248047,0.41030383110046387,0.00010585784912109375,0.4245319366455078,0.012785519998942618,0.008220124000217766
1784810189.7801142,100.91907334327698,-129.70000000000002,-0.1297,-129.70000000000002,-0.11691340738873719,-116.9134073887372,-0.11691340738873719,-116.9134073887372,-0.747,-0.621637803467445,-0.621637803467445,-0.07678712268129836,-0.5487894847165895,-0.05611843554659385,-0.0007678712268129837,-0.4475792184965604,-0.005487894847165895,0.48,0.01,0.72,0.01,nan,0.12,0.12,0.11585781851544091,0.11585781851544091,0.2029999941587448,0.45,0.45,0.38514144929035177,0.38514144929035177,0.18913042545318604,0.089625,0.18080663911457706,0.08415410165312537,0.150375,0.19726607703739257,0.14756153537775646,-0.09118163911457706,-0.046891077037392564,-0.119214584597803,-0.10398711421179843,-0.005470898346874624,-0.002813464622243554,nan,1.0,0.0,-0.32399999999999995,0.4,1.159999966621399,1.0,0,1,1,0,1.7026370763778687,-6.490500450134277,-2.974345822733193,FOLLOW_MAIN,cascade_pd_tracking,follow_main,inner_wheel_pd,lidar_disabled,FOLLOW_MAIN,COMMITTED,HOLD,1,1,1,1,1,1,2,0.01309061050415039,0.009865283966064453,0.006623744964599609,0.003392457962036133,5.745887756347656e-05,0.016754865646362305,0.042326474000219605,0.14603132199954416
1784810190.2490168,101.3879759311676,-129.70000000000002,-0.1297,-129.70000000000002,-0.11691340738873719,-116.9134073887372,-0.11691340738873719,-116.9134073887372,-0.747,-0.621637803467445,-0.621637803467445,-0.07678712268129836,-0.5487894847165895,-0.05611843554659385,-0.0007678712268129837,-0.4475792184965604,-0.005487894847165895,0.48,0.01,0.72,0.01,nan,0.12,0.12,0.11738591547395166,0.11738591547395166,0.1341249942779541,0.45,0.45,0.38081777579476955,0.38081777579476955,0.28369560837745667,0.089625,0.14940648734769474,0.08603811075913831,0.150375,0.177729663520583,0.14873372018876502,-0.05978148734769474,-0.027354663520582995,0.08626367917223157,0.031536266541411506,-0.0035868892408616846,-0.0016412798112349796,nan,1.0,0.0,-0.32399999999999995,0.4,1.159999966621399,1.0,0,1,1,0,1.6755023002624512,-6.495850086212158,-2.9028230882000763,FOLLOW_MAIN,cascade_pd_tracking,follow_main,inner_wheel_pd,lidar_disabled,FOLLOW_MAIN,COMMITTED,HOLD,1,1,1,1,1,1,2,0.44034481048583984,0.43705081939697266,0.43381166458129883,0.4306342601776123,8.416175842285156e-05,0.4439568519592285,0.08315642699926684,0.012154129999544239
1784810190.3000603,101.43901944160461,-118.9,-0.1189,-118.9,-0.12122903188280834,-121.22903188280834,-0.12122903188280834,-121.22903188280834,-0.704,-0.7121573037207147,-0.7121573037207147,-0.014267705288722518,-0.1800336709027051,-0.058189935303748004,-0.0001426770528872252,-0.5127532586789146,-0.001800336709027051,0.48,0.01,0.72,0.01,nan,0.12,0.12,0.12055998311906485,0.12055998311906485,0.10875000059604645,0.45,0.45,0.375802757890862,0.375802757890862,0.37826085090637207,0.089625,0.08536166606835235,0.089625,0.150375,0.13170889603117142,0.15149496623812972,0.0,0.01866610396882859,0.04450524684132748,-0.025188538142834317,0.0,0.0011199662381297154,nan,1.0,0.0,-0.077,0.4,1.128999948501587,1.0,0,1,1,0,1.6309785842895508,-6.507579803466797,-2.8716789627592036,FOLLOW_MAIN,cascade_pd_tracking,follow_main,inner_wheel_pd,lidar_disabled,FOLLOW_MAIN,COMMITTED,HOLD,1,1,1,1,1,1,2,0.010837316513061523,0.007221221923828125,0.0036191940307617188,0.0001266002655029297,0.01900315284729004,0.01502370834350586,0.07360898600018118,0.03211116199963726
1784810190.745847,101.88480615615845,-118.80000000000001,-0.11880000000000002,-118.80000000000001,-0.12013618583163907,-120.13618583163907,-0.12013618583163907,-120.13618583163907,-0.704,-0.7083296716366823,-0.7083296716366823,-0.007856371517840072,-0.12846809946646834,-0.05766536919918675,-7.856371517840073e-05,-0.5099973635784112,-0.0012846809946646834,0.48,0.01,0.72,0.01,nan,0.12,0.12,0.12055998311906485,0.12055998311906485,0.10875000059604645,0.45,0.45,0.375802757890862,0.375802757890862,0.37826085090637207,0.089625,0.08536166606835235,0.089625,0.150375,0.13170889603117142,0.15149496623812972,0.0,0.01866610396882859,0.03977961872436522,-0.02251398463463039,0.0,0.0011199662381297154,nan,1.0,0.0,-0.058,0.4,1.128999948501587,1.0,0,1,1,0,1.6309785842895508,-6.507579803466797,-2.766963631430474,FOLLOW_MAIN,cascade_pd_tracking,follow_main,inner_wheel_pd,lidar_disabled,FOLLOW_MAIN,COMMITTED,HOLD,1,1,1,1,1,1,2,0.43475770950317383,0.43128085136413574,0.42790699005126953,0.4245874881744385,0.00015616416931152344,0.43836402893066406,0.01443620799909695,0.048949021998851094
1784810190.7971227,101.9360818862915,-119.60000000000001,-0.11960000000000001,-119.60000000000001,-0.1539555535500233,-153.9555535500233,-0.1539555535500233,-153.9555535500233,-0.707,-0.4669438044425439,-0.4669438044425439,-0.05673178080403729,0.45516693521164764,-0.07389866570401118,-0.0005673178080403729,-0.3361995391986316,0.004551669352116476,0.48,0.01,0.72,0.01,nan,0.12,0.12,0.11945939265720237,0.11945939265720237,0.13049998879432678,0.45,0.45,0.37556737809028223,0.37556737809028223,0.31521740555763245,0.089625,0.10764524475992067,0.08854378531440475,0.150375,0.1452055063741624,0.150375,-0.018020244759920673,0.0,-0.07058287454226383,-0.09029971781279496,-0.0010812146855952403,0.0,nan,1.0,0.0,-0.043,0.4,1.0950000286102295,1.0,0,1,1,0,1.5794485807418823,-6.529757976531982,-2.702564845043408,FOLLOW_MAIN,cascade_pd_tracking,follow_main,inner_wheel_pd,lidar_disabled,FOLLOW_MAIN,COMMITTED,HOLD,1,1,1,1,1,1,2,0.00012993812561035156,0.01918196678161621,0.015463113784790039,0.011811017990112305,0.008004903793334961,0.00411677360534668,0.07385970800169162,0.028114822000134154
1784810191.2634063,102.4023654460907,-119.60000000000001,-0.11960000000000001,-119.60000000000001,-0.1539555535500233,-153.9555535500233,-0.1539555535500233,-153.9555535500233,-0.707,-0.4669438044425439,-0.4669438044425439,-0.05673178080403729,0.45516693521164764,-0.07389866570401118,-0.0005673178080403729,-0.3361995391986316,0.004551669352116476,0.48,0.01,0.72,0.01,nan,0.12,0.12,0.11945939265720237,0.11948900458860326,0.13049998879432678,0.45,0.45,0.37556737809028223,0.36321664364030953,0.31521740555763245,0.089625,0.10764524475992067,0.08854378531440475,0.150375,0.1452055063741624,0.150375,-0.018020244759920673,0.0,-0.05396089359493642,-0.06903450016946179,-0.0010812146855952403,0.0,nan,1.0,0.0,-0.043,0.4,1.090000033378601,1.0,0,1,1,0,1.5794485807418823,-6.529757976531982,-2.609071375264427,FOLLOW_MAIN,cascade_pd_tracking,follow_main,inner_wheel_pd,lidar_disabled,FOLLOW_MAIN,COMMITTED,HOLD,1,1,1,1,1,1,2,0.45092105865478516,0.4473233222961426,0.44373106956481934,0.44019198417663574,0.00011610984802246094,0.4549095630645752,0.11413890100084245,0.06839401499928499
1784810191.3142917,102.45325088500977,-131.9,-0.13190000000000002,-131.9,-0.1315491066224709,-131.5491066224709,-0.1315491066224709,-131.5491066224709,-0.756,-0.5102447776159225,-0.5102447776159225,0.029423454196021707,-0.2649166786632292,-0.06314357117878604,0.0002942345419602171,-0.3673762398834642,-0.002649166786632292,0.48,0.01,0.72,0.01,nan,0.13264898019782978,0.13264898019782978,0.13328928289979902,0.13513225152298153,0.11962498724460602,0.38,0.38,0.3097915227063642,0.3097915227063641,0.4728260934352875,0.10699898019782977,0.0938461258698786,0.10778815145750685,0.1582989801978298,0.1501084111268062,0.1587904143420912,0.013152854327951172,0.008190569071023585,0.017655814833766992,-0.021472854815427753,0.0007891712596770703,0.0004914341442614151,nan,1.0,0.0,-0.009999999999999998,0.4421632673260993,1.0989999771118164,1.0,0,1,1,0,1.5276257991790771,-6.561401844024658,-2.5507561663001117,FOLLOW_MAIN,cascade_pd_tracking,follow_main,inner_wheel_pd,lidar_disabled,FOLLOW_MAIN,COMMITTED,HOLD,1,1,1,1,1,1,2,0.007017850875854492,0.003520488739013672,9.822845458984375e-05,0.033521413803100586,0.015095233917236328,0.011156082153320312,0.02495815000111179,0.06079007700100192
1784810191.728858,102.86781716346741,-131.9,-0.13190000000000002,-131.9,-0.1315491066224709,-131.5491066224709,-0.1315491066224709,-131.5491066224709,-0.756,-0.5102447776159225,-0.5102447776159225,0.029423454196021707,-0.2649166786632292,-0.06314357117878604,0.0002942345419602171,-0.3673762398834642,-0.002649166786632292,0.48,0.01,0.72,0.01,nan,0.13264898019782978,0.13264898019782978,0.13328928289979902,0.13328928289979902,0.11962498724460602,0.38,0.38,0.3097915227063642,0.3097915227063642,0.4728260934352875,0.10699898019782977,0.0938461258698786,0.10778815145750685,0.1582989801978298,0.1501084111268062,0.1587904143420912,0.013152854327951172,0.008190569071023585,0.017655814833766992,-0.021472854815427753,0.0007891712596770703,0.0004914341442614151,nan,1.0,0.0,-0.009999999999999998,0.4421632673260993,1.0989999771118164,1.0,0,1,1,0,1.5276257991790771,-6.561401844024658,-2.520495101336541,FOLLOW_MAIN,cascade_pd_tracking,follow_main,inner_wheel_pd,lidar_disabled,FOLLOW_MAIN,COMMITTED,HOLD,1,1,1,1,1,1,2,6.842613220214844e-05,0.41806674003601074,0.4146442413330078,0.4111902713775635,0.40749526023864746,0.40361762046813965,0.02495815000111179,0.06079007700100192
1784810191.7796447,102.91860389709473,-121.4,-0.12140000000000001,-121.4,-0.12631409166853944,-126.31409166853943,-0.12631409166853944,-126.31409166853943,-0.714,-0.6896481340378809,-0.6896481340378809,0.020943728175497008,-0.40835941304209633,-0.060630764000898923,0.00020943728175497008,-0.49654665650727425,-0.004083594130420963,0.48,0.01,0.72,0.01,nan,0.12,0.12,0.1187652755735644,0.1187652755735644,0.14137500524520874,0.45,0.45,0.37649848067029845,0.37649848067029845,0.28369566798210144,0.089625,0.12049129014069802,0.08777302259155811,0.150375,0.16066619074048902,0.14975752855557067,-0.030866290140698027,-0.010291190740489009,-0.040626878486040484,-0.005347142777404496,-0.0018519774084418815,-0.0006174714444293405,nan,1.0,0.0,-0.006,0.4,1.1100000143051147,1.0,0,1,1,0,1.4785956144332886,-6.6050310134887695,-2.377293274675701,FOLLOW_MAIN,cascade_pd_tracking,follow_main,inner_wheel_pd,lidar_disabled,FOLLOW_MAIN,COMMITTED,HOLD,1,1,1,1,1,1,2,0.014600992202758789,0.010985136032104492,0.007530689239501953,0.004055976867675781,0.0001590251922607422,0.018747568130493164,0.12424312000075588,0.05973824099964986
1784810192.2530549,103.39201402664185,-121.4,-0.12140000000000001,-121.4,-0.12631409166853944,-126.31409166853943,-0.12631409166853944,-126.31409166853943,-0.714,-0.6896481340378809,-0.6896481340378809,0.020943728175497008,-0.40835941304209633,-0.060630764000898923,0.00020943728175497008,-0.49654665650727425,-0.004083594130420963,0.48,0.01,0.72,0.01,nan,0.12,0.12,0.1191597528342213,0.1191597528342213,0.1341249942779541,0.45,0.45,0.37920744705094134,0.37920744705094134,0.28369566798210144,0.089625,0.1176332388592901,0.08794450566844259,0.150375,0.1568360759709371,0.150375,-0.028008238859290102,0.0,-0.013287137531805687,0.05963995818891336,-0.0016804943315574061,0.0,nan,1.0,0.0,-0.006,0.4,1.1009999513626099,1.0,0,1,1,0,1.4707586765289307,-6.613310813903809,-2.3287177633484952,FOLLOW_MAIN,cascade_pd_tracking,follow_main,inner_wheel_pd,lidar_disabled,FOLLOW_MAIN,COMMITTED,HOLD,1,1,1,1,1,1,2,6.937980651855469e-05,0.43991684913635254,0.43630099296569824,0.4328584671020508,0.4291069507598877,0.42517971992492676,0.1648931290001201,0.01277068700073869
1784810192.3040757,103.44303488731384,-111.10000000000001,-0.1111,-111.10000000000001,-0.11436044617006205,-114.36044617006205,-0.11436044617006205,-114.36044617006205,-0.671,-0.6841171051643398,-0.6841171051643398,0.02083498691170031,-0.020015266963126128,-0.05489301416162978,0.0002083498691170031,-0.4925643157183246,-0.0002001526696312613,0.48,0.01,0.72,0.01,nan,0.12,0.12,0.11970781929106827,0.11970781929106827,0.1341249942779541,0.45,0.45,0.37254945453813365,0.37254945453813365,0.34673914313316345,0.089625,0.09936435696439105,0.08904063858213654,0.150375,0.1468365734727824,0.150375,-0.009739356964391058,0.0,-0.023071995723542512,-0.04734964456796147,-0.0005843614178634635,0.0,nan,1.0,0.0,-0.6169999999999999,0.4,1.2009999752044678,1.0,0,1,1,0,1.4370163679122925,-6.655877113342285,-2.197146079544188,FOLLOW_MAIN,cascade_pd_tracking,follow_main,inner_wheel_pd,lidar_disabled,FOLLOW_MAIN,COMMITTED,UNKNOWN,1,1,1,1,1,1,1,0.01477813720703125,0.011124134063720703,0.007529497146606445,0.004002809524536133,0.0001556873321533203,0.018669605255126953,0.0635004329997173,0.026817152998773963
1784810192.733298,103.87225723266602,-109.4,-0.10940000000000001,-109.4,-0.11287173790361973,-112.87173790361973,-0.11287173790361973,-112.87173790361973,-0.663,-0.678127881030155,-0.678127881030155,0.02072799898150174,0.0020330495862641816,-0.05417843419373747,0.00020727998981501738,-0.4882520743417116,2.0330495862641817e-05,0.48,0.01,0.72,0.01,nan,0.12,0.12,0.11970781929106827,0.11970781929106827,0.1341249942779541,0.45,0.45,0.37254945453813365,0.37254945453813365,0.34673914313316345,0.089625,0.09936435696439105,0.08904063858213654,0.150375,0.1468365734727824,0.150375,-0.009739356964391058,0.0,-0.017696153668077367,-0.036317039775995485,-0.0005843614178634635,0.0,nan,1.0,0.0,-0.66,0.4,1.225000023841858,1.0,0,1,1,0,1.4370163679122925,-6.655877113342285,-2.1722437145790985,FOLLOW_MAIN,cascade_pd_tracking,follow_main,inner_wheel_pd,lidar_disabled,FOLLOW_MAIN,COMMITTED,HOLD,1,1,1,1,1,1,2,0.40674352645874023,0.40331053733825684,0.0001010894775390625,0.43317246437072754,0.41429877281188965,0.41060543060302734,0.0301028989997576,0.06660799299970677
1784810192.7835124,103.92247152328491,-102.10000000000001,-0.10210000000000001,-102.10000000000001,-0.10594676364766581,-105.9467636476658,-0.10594676364766581,-105.9467636476658,-0.63,-0.6478138216356872,-0.6478138216356872,0.01766235076247828,0.05262773940771775,-0.05085444655087959,0.00017662350762478278,-0.4664259515776948,0.0005262773940771775,0.48,0.01,0.72,0.01,nan,0.12,0.12,0.11966669226075523,0.11966669226075523,0.11962500214576721,0.45,0.45,0.3730490717952699,0.3730490717952699,0.28369566798210144,0.089625,0.1007352579748258,0.08895838452151045,0.150375,0.14439523133731808,0.150375,-0.011110257974825802,0.0,-0.027957990786288293,-0.0019462271296502296,-0.0006666154784895481,0.0,nan,1.0,0.0,-1.034,0.4,1.3229999542236328,1.0,0,1,1,0,1.4100507497787476,-6.705943584442139,-2.039948206998596,FOLLOW_MAIN,cascade_pd_tracking,follow_main,inner_wheel_pd,lidar_disabled,FOLLOW_MAIN,COMMITTED,HOLD,1,1,1,1,1,1,2,0.014916419982910156,0.011341571807861328,0.0076446533203125,0.00398564338684082,0.00014972686767578125,0.018860578536987305,0.08476696700017783,0.042239325999616995
1784810193.2305746,104.36953377723694,-99.10000000000001,-0.09910000000000001,-99.10000000000001,-0.10364300193196438,-103.64300193196438,-0.10364300193196438,-103.64300193196438,-0.616,-0.6371454250162245,-0.6371454250162245,0.01868879049350402,0.06630763996019445,-0.0497486409273429,0.0001868879049350402,-0.4587447060116816,0.0006630763996019446,0.48,0.01,0.72,0.01,nan,0.12,0.12,0.11955382603291577,0.11966669226075523,0.12687498331069946,0.45,0.45,0.3744201874519863,0.3730490717952699,0.28369566798210144,0.089625,0.10449746556947434,0.08873265206583153,0.150375,0.14527208252669363,0.150375,-0.014872465569474344,0.0,-0.0419090397585757,-0.0012899061448275603,-0.0008923479341684606,0.0,nan,1.0,0.0,-1.0299999999999998,0.4,1.3589999675750732,1.0,0,1,1,0,1.4055860042572021,-6.716590881347656,-1.9678569852587038,FOLLOW_MAIN,cascade_pd_tracking,follow_main,inner_wheel_pd,lidar_disabled,FOLLOW_MAIN,COMMITTED,UNKNOWN,1,1,1,1,1,1,1,0.4023573398590088,0.39862751960754395,0.00010585784912109375,0.41381406784057617,0.4102184772491455,0.4064340591430664,0.03684516900102608,0.01122131400006765
1784810193.2805803,104.41953945159912,-91.60000000000001,-0.09160000000000001,-91.60000000000001,-0.09677148394312186,-96.77148394312186,-0.09677148394312186,-96.77148394312186,-0.579,-0.6042775760723111,-0.6042775760723111,0.0185040100478984,0.08190267258441977,-0.04645031229269849,0.000185040100478984,-0.435079854772064,0.0008190267258441977,0.48,0.01,0.72,0.01,nan,0.12,0.12,0.12,0.12,0.12325000017881393,0.45,0.45,0.36900000000000005,0.36900000000000005,0.37826085090637207,0.089625,0.09323822141059883,0.089625,0.150375,0.14329509706380644,0.150375,0.0,0.0,0.01655003861977084,-0.03517475040875183,0.0,0.0,nan,1.0,0.0,-0.873,0.4,1.5850000381469727,1.0,0,1,1,0,1.3909212350845337,-6.763009548187256,-1.8383337840621616,FOLLOW_MAIN,cascade_pd_tracking,follow_main,inner_wheel_pd,lidar_disabled,FOLLOW_MAIN,COMMITTED,UNKNOWN,1,1,1,1,1,1,1,0.014695167541503906,0.011042356491088867,0.007468700408935547,0.0038847923278808594,0.00011801719665527344,0.018640518188476562,0.11801057400043646,0.03711667000061425
1784810193.333074,104.47203326225281,-87.4,-0.0874,-87.4,-0.09346688400823502,-93.46688400823503,-0.09346688400823502,-93.46688400823503,-0.558,-0.5881250989184845,-0.5881250989184845,0.02135714215492147,0.09870787286936603,-0.04486410432395281,0.00021357142154921472,-0.42345007122130884,0.0009870787286936603,0.48,0.01,0.72,0.01,nan,0.12,0.12,0.12,0.12,0.12325000017881393,0.45,0.45,0.36900000000000005,0.36900000000000005,0.37826085090637207,0.089625,0.09323822141059883,0.089625,0.150375,0.14329509706380644,0.150375,0.0,0.0,0.0111141030696778,-0.02362144345850912,0.0,0.0,nan,1.0,0.0,-0.753,0.4,1.6929999589920044,1.0,0,1,1,0,1.3909212350845337,-6.763009548187256,-1.7819734886421368,FOLLOW_MAIN,cascade_pd_tracking,follow_main,inner_wheel_pd,lidar_disabled,FOLLOW_MAIN,COMMITTED,HOLD,1,1,1,1,1,1,2,0.0036580562591552734,0.0001690387725830078,0.01531672477722168,0.03408002853393555,0.011573076248168945,0.007655620574951172,0.05546993899952213,0.09684270800062222
1784810193.7454906,104.88444972038269,-87.4,-0.0874,-87.4,-0.09346688400823502,-93.46688400823503,-0.09346688400823502,-93.46688400823503,-0.558,-0.5881250989184845,-0.5881250989184845,0.02135714215492147,0.09870787286936603,-0.04486410432395281,0.00021357142154921472,-0.42345007122130884,0.0009870787286936603,0.48,0.01,0.72,0.01,nan,0.12,0.12,0.12,0.12,0.12325000017881393,0.45,0.45,0.36900000000000005,0.34319128860260034,0.37826085090637207,0.089625,0.09323822141059883,0.089625,0.150375,0.14329509706380644,0.150375,0.0,0.0,0.0111141030696778,-0.02362144345850912,0.0,0.0,nan,1.0,0.0,-0.753,0.4,1.6929999589920044,1.0,0,1,1,0,1.3909212350845337,-6.763009548187256,-1.7819734886421368,FOLLOW_MAIN,cascade_pd_tracking,follow_main,inner_wheel_pd,lidar_disabled,FOLLOW_MAIN,COMMITTED,HOLD,1,1,1,1,1,1,2,0.41605067253112793,0.41256165504455566,0.42770862579345703,7.462501525878906e-05,0.4239645004272461,0.4200465679168701,0.05546993899952213,0.09684270800062222
1784810193.7971096,104.93606877326965,-59.900000000000006,-0.05990000000000001,-59.900000000000006,-0.07006514100321928,-70.06514100321928,-0.07006514100321928,-70.06514100321928,-0.404,-0.46331450830415954,-0.46331450830415954,0.048209754373019095,0.25616596650074097,-0.03363126768154526,0.000482097543730191,-0.33358644597899484,0.00256165966500741,0.48,0.01,0.72,0.01,nan,0.12,0.12,0.12,0.12,0.12325000017881393,0.4180327086296544,0.4180327086296544,0.34278682107631653,0.34296625464042085,0.37826085090637207,0.09178279216749832,0.09616286194953298,0.09178279216749832,0.14821720783250167,0.14801944917128768,0.14821720783250167,0.0,0.0,0.0005125854323156985,-0.009290198855757196,0.0,0.0,nan,1.0,0.0,-1.519,0.4,2.2239999771118164,1.0,0,1,1,0,1.3827587366104126,-6.828818321228027,-1.7124677529051047,FOLLOW_MAIN,cascade_pd_tracking,follow_main,inner_wheel_pd,lidar_disabled,FOLLOW_MAIN,COMMITTED,HOLD,1,1,1,1,1,1,2,0.007399320602416992,0.003718137741088867,0.00014495849609375,0.01953911781311035,0.015563488006591797,0.011481285095214844,0.08902923300047405,0.006805252000049222
1784810194.2646322,105.40359139442444,-59.900000000000006,-0.05990000000000001,-59.900000000000006,-0.07006514100321928,-70.06514100321928,-0.07006514100321928,-70.06514100321928,-0.404,-0.46331450830415954,-0.46331450830415954,0.048209754373019095,0.25616596650074097,-0.03363126768154526,0.000482097543730191,-0.33358644597899484,0.00256165966500741,0.48,0.01,0.72,0.01,nan,0.12,0.12,0.12,0.12,0.12325000017881393,0.4176931913430483,0.4176931913430483,0.34250841690129963,0.1794653971382094,0.37826085090637207,0.09180570958434424,0.09616286194953298,0.09180570958434424,0.14819429041565577,0.14801944917128768,0.14819429041565577,0.0,0.0,0.00039415399150546124,-0.007143724206779455,0.0,0.0,nan,1.0,0.0,-1.519,0.4,2.2239999771118164,1.0,0,1,1,0,1.3827587366104126,-6.828818321228027,-1.6342931596179107,FOLLOW_MAIN,cascade_pd_tracking,follow_main,inner_wheel_pd,lidar_disabled,FOLLOW_MAIN,COMMITTED,HOLD,1,1,1,1,1,1,2,0.43236804008483887,0.4286341667175293,0.4446728229522705,6.532669067382812e-05,0.44068408012390137,0.43654847145080566,0.1284380910001346,0.04621410999970976
1784810194.3156762,105.45463538169861,-23.5,-0.0235,-23.5,-0.037815215068256094,-37.815215068256094,-0.037815215068256094,-37.815215068256094,-0.167,-0.26259586647889344,-0.26259586647889344,0.0690100774974205,0.4269049770132974,-0.018151303232762924,0.000690100774974205,-0.18906902386480326,0.004269049770132974,0.48,0.01,0.72,0.01,nan,0.12,0.12,0.12,0.12,0.12324999272823334,0.21814907803662564,0.21814907803662564,0.17888224399003305,0.1791389492189548,0.25217393040657043,0.10527493723252776,0.10192659974796107,0.10527493723252776,0.13472506276747223,0.14202914084219315,0.13472506276747223,0.0,0.0,-0.01064753991942243,0.0013395926868232197,0.0,0.0,nan,1.0,0.0,-2.617,0.4,5.239999771118164,1.0,0,1,1,0,1.3864436149597168,-6.883508682250977,-1.4653364411741634,FOLLOW_MAIN,cascade_pd_tracking,follow_main,inner_wheel_pd,lidar_disabled,FOLLOW_MAIN,COMMITTED,HOLD,1,1,1,1,1,1,2,0.00730443000793457,0.003771066665649414,0.00014591217041015625,0.018851280212402344,0.015143871307373047,0.011317014694213867,0.12521334500161174,0.06573054799991951
1784810194.7549787,105.89393782615662,-23.5,-0.0235,-23.5,-0.037815215068256094,-37.815215068256094,-0.037815215068256094,-37.815215068256094,-0.167,-0.26259586647889344,-0.26259586647889344,0.0690100774974205,0.4269049770132974,-0.018151303232762924,0.000690100774974205,-0.18906902386480326,0.004269049770132974,0.48,0.01,0.72,0.01,nan,0.12,0.12,0.12,0.12,0.12324999272823334,0.21788216404115957,0.21788216404115957,0.1786633745137509,0.1786633745137509,0.25217393040657043,0.10529295392722172,0.10192659974796107,0.10529295392722172,0.13470704607277828,0.14202914084219315,0.13470704607277828,0.0,0.0,-0.009299734257847815,0.001170022004659276,0.0,0.0,nan,1.0,0.0,-2.617,0.4,5.239999771118164,1.0,0,1,1,0,1.3864436149597168,-6.883508682250977,-1.3929621649270334,FOLLOW_MAIN,cascade_pd_tracking,follow_main,inner_wheel_pd,lidar_disabled,FOLLOW_MAIN,COMMITTED,HOLD,1,1,1,1,1,1,2,0.4238564968109131,0.420121431350708,0.4165506362915039,0.43579912185668945,0.00011348724365234375,0.4279954433441162,0.14551480200134392,0.08603200499965169
1784810194.8051302,105.94408941268921,0.4,0.0004,0.4,-0.007167519990184593,-7.167519990184593,0.0,0.0,0.003,-0.0505533665314806,-0.0505533665314806,0.06390296658122001,0.3518394478961303,0.0,0.0006390296658122001,-0.03639842390266603,0.003518394478961303,0.48,0.01,0.72,0.01,nan,0.12,0.12,0.11949283417655623,0.11949283417655623,0.14137500524520874,0.0,0.007976123354920664,-0.007233858674290309,-0.007233858674290309,0.40978261828422546,0.11946161167354286,0.10901673539334833,0.12008830425035452,0.12053838832645714,0.1478887920547769,0.11889736410275795,0.010444876280194526,-0.02735040372831976,0.020794283085719054,-0.08142550916928958,0.0006266925768116715,-0.0016410242236991855,nan,1.0,0.0,-3.388,0.4,1.937999963760376,1.0,0,1,1,0,1.3963096141815186,-6.932987213134766,-1.3554826625396617,FOLLOW_MAIN,cascade_pd_tracking,follow_main,inner_wheel_pd,lidar_disabled,FOLLOW_MAIN,COMMITTED,UNKNOWN,1,1,1,1,1,1,1,7.390975952148438e-05,0.018036842346191406,0.014609098434448242,0.011173248291015625,0.0074918270111083984,0.0037364959716796875,0.019726530999832903,0.12643425399983244
1784810195.2740564,106.41301560401917,0.4,0.0004,0.4,-0.007167519990184593,-7.167519990184593,0.0,0.0,0.003,-0.0505533665314806,-0.0505533665314806,0.06390296658122001,0.3518394478961303,0.0,0.0006390296658122001,-0.03639842390266603,0.003518394478961303,0.48,0.01,0.72,0.01,nan,0.12,0.12,0.11926263716667193,0.11926263716667193,0.13050000369548798,0.0,0.0,-0.008957592938207599,-0.008957592938207599,0.18913042545318604,0.12,0.11525870800098265,0.12,0.12,0.14457876111093554,0.11852527433334387,0.0,-0.024578761110935543,-0.05007794109048899,-0.0445034641238255,0.0,-0.0014747256666561325,nan,1.0,0.0,-3.388,0.4,1.937999963760376,1.0,0,1,1,0,1.4012812376022339,-6.951515197753906,-1.3086420615170846,FOLLOW_MAIN,cascade_pd_tracking,follow_main,inner_wheel_pd,lidar_disabled,FOLLOW_MAIN,COMMITTED,UNKNOWN,1,1,1,1,1,1,1,0.4465317726135254,0.44286608695983887,0.43918395042419434,0.45821595191955566,0.4351658821105957,0.00011444091796875,0.0598235380002734,0.015447190000486444
1784810195.3248286,106.46378779411316,16.900000000000002,0.016900000000000002,16.900000000000002,0.010760835492704832,10.760835492704832,0.0,0.0,0.12,0.07657589798066869,0.07657589798066869,0.012486376363289428,0.2614206570003735,0.0,0.0001248637636328943,0.05513464654608145,0.0026142065700037347,0.48,0.01,0.72,0.01,nan,0.12,0.12,0.119492465852399,0.11949246536402874,0.12687499821186066,-0.09377729379306486,-0.09377729379306486,-0.08306298092561423,-0.08306318461821491,0.0315217524766922,0.12632996733103188,0.12463367559201965,0.12632996733103188,0.11367003266896812,0.13058783758900128,0.11265496437376613,0.0,-0.016917804920033155,-0.008605303744748575,-0.001265328173204171,0.0,-0.0010150682952019892,nan,1.0,0.0,-4.271999999999999,0.4,1.8760000467300415,1.0,0,1,1,0,1.4194332361221313,-7.008918285369873,-1.2522493389416791,FOLLOW_MAIN,cascade_pd_tracking,follow_main,inner_wheel_pd,lidar_disabled,FOLLOW_MAIN,COMMITTED,HOLD,1,1,1,1,1,1,2,0.014406681060791016,0.010896682739257812,0.007462978363037109,0.0039980411529541016,0.00015425682067871094,0.01837444305419922,0.051678006999281934,0.016141895999680855
1784810195.7480419,106.88700103759766,16.900000000000002,0.016900000000000002,16.900000000000002,0.010760835492704832,10.760835492704832,0.0,0.0,0.12,0.07657589798066869,0.07657589798066869,0.012486376363289428,0.2614206570003735,0.0,0.0001248637636328943,0.05513464654608145,0.0026142065700037347,0.48,0.01,0.72,0.01,nan,0.12,0.12,0.11949246536402874,0.11949246536402874,0.12687499821186066,-0.09377753496356066,-0.09377753496356066,-0.08306318461821491,-0.08306318461821491,0.0315217524766922,0.12632998361004033,0.12463367559201965,0.12632998361004033,0.11367001638995965,0.13058783758900128,0.11265494711801714,0.0,-0.01691782119904163,-0.007609275124721611,-0.001118973743210985,0.0,-0.0010150692719424978,nan,1.0,0.0,-4.271999999999999,0.4,1.8760000467300415,1.0,0,1,1,0,1.4194332361221313,-7.008918285369873,-1.2522493389416791,FOLLOW_MAIN,cascade_pd_tracking,follow_main,inner_wheel_pd,lidar_disabled,FOLLOW_MAIN,COMMITTED,HOLD,1,1,1,1,1,1,2,0.4153025150299072,0.41181230545043945,0.4306306838989258,0.42716526985168457,0.4080014228820801,8.177757263183594e-05,0.07012962899898412,0.03459351799938304
1784810195.7991276,106.93808674812317,18.2,0.0182,18.2,0.01762279000236328,17.622790002363278,0.01762279000236328,17.622790002363278,0.129,0.12532081001770962,0.12532081001770962,0.022804304001362827,0.13313979034335455,0.008458939201134373,0.00022804304001362827,0.09023098321275091,0.0013313979034335454,0.48,0.01,0.72,0.01,nan,0.12,0.12,0.12061654760782495,0.12061986994237839,0.10875000059604645,-0.14378221734370764,-0.14378221734370764,-0.1253913299020842,-0.12677703052620223,-1.6196914032207133e-08,0.12970529967070027,0.10915371274320197,0.13093839488635017,0.11029470032929972,0.11046222070385957,0.11029470032929972,0.020551586927498297,0.0,0.023176515147875592,0.04351978724541707,0.0012330952156498977,0.0,nan,1.0,0.0,-3.545,0.4,1.8220000267028809,1.0,0,1,1,0,1.4374350309371948,-7.060676574707031,-1.2308774798548971,FOLLOW_MAIN,cascade_pd_tracking,follow_main,inner_wheel_pd,lidar_disabled,FOLLOW_MAIN,COMMITTED,UNKNOWN,1,1,1,1,1,1,1,0.011063337326049805,0.007295370101928711,0.003710031509399414,0.0001385211944580078,0.01913595199584961,0.015105247497558594,0.10930020900013915,0.01435965199925704
1784810196.2611687,107.40012788772583,18.8,0.0188,18.8,0.01798180445503169,17.98180445503169,0.01798180445503169,17.98180445503169,0.134,0.1276092013885507,0.1276092013885507,0.016444670254745237,0.09654104339963991,0.00863126613841521,0.00016444670254745237,0.09187862499975649,0.0009654104339963991,0.48,0.01,0.72,0.01,nan,0.12,0.12,0.12061986995053325,0.12061986995053325,0.10875000059604645,-0.1454228804095366,-0.1454228804095366,-0.1267770339274833,-0.1267770339274833,-1.6196914032207133e-08,0.12981604442764372,0.10915371274320197,0.13105578432871023,0.11018395557235627,0.11046222070385957,0.11018395557235627,0.020662331684441745,0.0,0.018384426935250883,0.03338359307117351,0.0012397399010665047,0.0,nan,1.0,0.0,-3.3049999999999997,0.4,1.8220000267028809,1.0,0,1,1,0,1.4374350309371948,-7.060676574707031,-1.2260233106038534,FOLLOW_MAIN,cascade_pd_tracking,follow_main,inner_wheel_pd,lidar_disabled,FOLLOW_MAIN,COMMITTED,UNKNOWN,1,1,1,1,1,1,1,6.937980651855469e-05,0.42937707901000977,0.44386768341064453,0.4257979393005371,0.42218923568725586,0.41849827766418457,0.03233514399835258,0.0541323259985802
1784810196.313933,107.45289206504822,18.3,0.0183,18.3,0.018737625331322807,18.737625331322807,0.018737625331322807,18.737625331322807,0.13,0.13323562415595402,0.13323562415595402,0.0037427283658467286,0.02264560921822674,0.008994060159034947,3.7427283658467286e-05,0.09592964939228689,0.0002264560921822674,0.48,0.01,0.72,0.01,nan,0.12,0.12,0.11964530712434615,0.11964530712434615,0.12687499821186066,-0.1496093592408398,-0.1496093592408398,-0.12698853617802436,-0.12698853617802436,-0.0315217524766922,0.1300986317487567,0.12519042371300085,0.1300986317487567,0.1099013682512433,0.12172446410637176,0.1091919824999356,0.0,-0.01182309585512846,-0.0637605554958551,-0.05026890001850774,0.0,-0.0007093857513077075,nan,1.0,0.0,-3.499,0.4,1.7680000066757202,1.0,0,1,1,0,1.4554994106292725,-7.112208843231201,-1.2333045518337682,FOLLOW_MAIN,cascade_pd_tracking,follow_main,inner_wheel_pd,lidar_disabled,FOLLOW_MAIN,COMMITTED,UNKNOWN,1,1,1,1,1,1,1,0.010461568832397461,0.006931781768798828,0.003540515899658203,6.389617919921875e-05,0.0176846981048584,0.014078855514526367,0.022510664999572327,0.06026316799943743
1784810196.7600145,107.8989737033844,18.3,0.0183,18.3,0.018737625331322807,18.737625331322807,0.018737625331322807,18.737625331322807,0.13,0.13323562415595402,0.13323562415595402,0.0037427283658467286,0.02264560921822674,0.008994060159034947,3.7427283658467286e-05,0.09592964939228689,0.0002264560921822674,0.48,0.01,0.72,0.01,nan,0.12,0.12,0.11940504782565195,0.11940504782565195,0.13774999976158142,-0.14960935931462835,-0.14960935931462835,-0.12990724179303811,-0.12990724179303811,0.0,0.1300986317537374,0.13146697923949416,0.1300986317537374,0.10990136824626258,0.1297331073911974,0.10871146389756649,0.0,-0.019831739144934815,-0.054476252171768665,-0.09235100455359146,0.0,-0.0011899043486960888,nan,1.0,0.0,-3.499,0.4,1.7680000066757202,1.0,0,1,1,0,1.4592540264129639,-7.1231536865234375,-1.2358890363107993,FOLLOW_MAIN,cascade_pd_tracking,follow_main,inner_wheel_pd,lidar_disabled,FOLLOW_MAIN,COMMITTED,UNKNOWN,1,1,1,1,1,1,1,6.937980651855469e-05,0.43126678466796875,0.4277920722961426,0.4241173267364502,0.4201040267944336,0.4160494804382324,0.046116146999338525,0.0007527419984398875
1784810196.8102274,107.94918656349182,14.600000000000001,0.014600000000000002,14.600000000000001,0.015505944228287317,15.505944228287317,0.015505944228287317,15.505944228287317,0.10400000000000001,0.10982713329965246,0.10982713329965246,-0.006378597910899144,-0.047835171996742594,0.0074428532295779115,-6.378597910899145e-05,0.07907553597574977,-0.00047835171996742597,0.48,0.01,0.72,0.01,nan,0.12,0.12,0.11969985329603186,0.11969985329602975,0.11962500214576721,-0.12693997676996646,-0.12693997676996646,-0.10773700757735574,-0.107737007578241,0.0315217524766922,0.12856844843197274,0.1209490187817915,0.12856844843197274,0.11143155156802725,0.12143644170029823,0.110831258160091,0.0,-0.010004890132270974,-0.002555471448864562,0.010292485549896155,0.0,-0.0006002934079362585,nan,1.0,0.0,-3.538,0.4,1.7280000448226929,1.0,0,1,1,0,1.4757317304611206,-7.171533107757568,-1.2431703357478454,FOLLOW_MAIN,cascade_pd_tracking,follow_main,inner_wheel_pd,lidar_disabled,FOLLOW_MAIN,COMMITTED,UNKNOWN,1,1,1,1,1,1,1,0.018103361129760742,0.014676570892333984,0.011179447174072266,0.007726907730102539,0.004058122634887695,0.0001380443572998047,0.210175274998619,0.047880833999442984
1784810197.30352,108.44247913360596,14.5,0.0145,14.5,0.014718879589666624,14.718879589666624,0.014718879589666624,14.718879589666624,0.10300000000000001,0.10476464664596959,0.10476464664596959,-0.004627169595306339,-0.03278366158308407,0.007065062203039979,-4.627169595306339e-05,0.0754305455850981,-0.0003278366158308407,0.48,0.01,0.72,0.01,nan,0.12,0.12,0.12,0.12,0.11962500214576721,-0.12239136937669437,-0.12239136937669437,-0.10036092288888944,-0.10036092288888944,-0.0315217524766922,0.12826141743292688,0.12134745690631812,0.12826141743292688,0.11173858256707313,0.11948358935435399,0.11173858256707313,0.0,0.0,-0.001984983602489577,0.07052183824606033,0.0,0.0,nan,1.0,0.0,-3.7649999999999997,0.4,1.7109999656677246,1.0,0,1,1,0,1.4789247512817383,-7.180934429168701,-1.2433916200595165,FOLLOW_MAIN,cascade_pd_tracking,follow_main,inner_wheel_pd,lidar_disabled,FOLLOW_MAIN,COMMITTED,UNKNOWN,1,1,1,1,1,1,1,8.749961853027344e-05,0.4705691337585449,0.46710777282714844,0.4637277126312256,0.46018004417419434,0.4565732479095459,0.004365192000477691,0.0036118759999226313
1784810197.769227,108.90818619728088,0.9,0.0009,0.9,0.004116467717617248,4.116467717617248,0.0,0.0,0.006,0.02958285839120968,0.02958285839120968,-0.017416677313684435,-0.13845597724671632,0.0,-0.00017416677313684435,0.021299658041670968,-0.0013845597724671632,0.48,0.01,0.72,0.01,nan,0.12,0.12,0.12,0.12,0.12324999272823334,-0.048782299165288416,-0.048782299165288416,-0.04000148531553641,-0.04918160856170387,-0.06304344534873962,0.12329280519365696,0.12341200506854086,0.12329280519365696,0.11670719480634303,0.11438777964892019,0.11670719480634303,0.0,0.0,-6.175682067666996e-05,0.0021940758164897428,0.0,0.0,nan,1.0,0.0,-5.170999999999999,0.4,2.9179999828338623,1.0,0,1,1,0,1.4964690208435059,-7.235044002532959,-1.2514606083023185,FOLLOW_MAIN,cascade_pd_tracking,follow_main,inner_wheel_pd,lidar_disabled,FOLLOW_MAIN,COMMITTED,UNKNOWN,1,1,1,1,1,1,1,0.42269158363342285,0.41931724548339844,0.00010275840759277344,0.4341137409210205,0.43022608757019043,0.4262838363647461,0.0069361590012704255,0.05001520800033177
1784810197.8227577,108.96171689033508,-10.3,-0.0103,-10.3,-0.005885135924193983,-5.885135924193984,0.0,0.0,-0.073,-0.04205223457829261,-0.04205223457829261,-0.004913960210135333,-0.1902439640128139,0.0,-4.913960210135333e-05,-0.030277608896370677,-0.001902439640128139,0.48,0.01,0.72,0.01,nan,0.12,0.12,0.12,0.12,0.11962500214576721,0.0,0.0,0.0,0.0,-0.0315217524766922,0.12,0.12233141367960114,0.12,0.12,0.11806121506777124,0.12,0.0,0.0,-2.5306959544210077e-06,8.990972546261859e-05,0.0,0.0,nan,1.0,0.0,-4.548,0.4,2.9079999923706055,1.0,0,1,1,0,1.5127865076065063,-7.289937496185303,-1.2828251887859394,FOLLOW_MAIN,cascade_pd_tracking,follow_main,inner_wheel_pd,lidar_disabled,FOLLOW_MAIN,COMMITTED,UNKNOWN,1,1,1,1,1,1,1,0.003725290298461914,0.00014638900756835938,0.014867305755615234,0.028682470321655273,0.011230707168579102,0.007567167282104492,0.10653826000088884,0.05537145700145629
1784810198.2959404,109.43489956855774,-12.100000000000001,-0.012100000000000001,-12.100000000000001,-0.00850782448210028,-8.50782448210028,0.0,0.0,-0.08600000000000001,-0.060437024884540405,-0.060437024884540405,-0.0034262331823648753,-0.18409606895462782,0.0,-3.4262331823648757e-05,-0.04351465791686909,-0.0018409606895462784,0.48,0.01,0.72,0.01,nan,0.12,0.12,0.12,0.12,0.11962500214576721,0.02807205950712313,0.011759191949295202,0.009642537398422076,0.009642537398422076,-0.0315217524766922,0.11920625454342257,0.12233141367960114,0.11920625454342257,0.12079374545657742,0.11806121506777124,0.12079374545657742,0.0,0.0,-2.1945097777764058e-06,7.796581462116035e-05,0.0,0.0,nan,1.0,0.0,-4.212,0.4,1.6180000305175781,1.0,0,1,1,0,1.5127865076065063,-7.289937496185303,-1.2925650397781496,FOLLOW_MAIN,cascade_pd_tracking,follow_main,inner_wheel_pd,lidar_disabled,FOLLOW_MAIN,COMMITTED,HOLD,1,1,1,1,1,1,2,0.4550149440765381,0.45146679878234863,0.4478743076324463,0.4445633888244629,8.845329284667969e-05,0.4588806629180908,0.01973299400015094,0.07675180600017484
1784810198.3493264,109.48828554153442,-21.700000000000003,-0.021700000000000004,-21.700000000000003,-0.014380067963765692,-14.380067963765692,-0.014380067963765692,-14.380067963765692,-0.154,-0.10258411310769189,-0.10258411310769189,-0.041924171596970435,-0.1544266207700564,-0.006902432622607532,-0.00041924171596970436,-0.07386056143753815,-0.001544266207700564,0.48,0.01,0.72,0.01,nan,0.1578698490332638,0.1578698490332638,0.16007527142336464,0.1662396765821929,0.11962500214576721,0.06991639621386807,0.06991639621386807,0.06164268900717688,0.061544570031769094,-0.0315217524766922,0.15315049228882768,0.12230826907061913,0.1550010256819202,0.1625892057776999,0.11991734932588007,0.16514951716480908,0.03084222321820855,0.042671856451819826,0.01587044388430353,0.03366058674191165,0.0018505333930925129,0.0025603113871091893,nan,1.0,0.0,-2.5069999999999997,0.5262328301108793,2.799999952316284,1.0,0,1,1,0,1.5287362337112427,-7.3456034660339355,-1.2925650397781496,FOLLOW_MAIN,cascade_pd_tracking,follow_main,inner_wheel_pd,lidar_disabled,FOLLOW_MAIN,COMMITTED,HOLD,1,1,1,1,1,1,2,0.003718137741088867,0.0001232624053955078,0.018642663955688477,0.015203237533569336,0.011458158493041992,0.0075876712799072266,0.12522382600036508,0.0842935580003541
1784810198.7880707,109.92702984809875,-21.700000000000003,-0.021700000000000004,-21.700000000000003,-0.014380067963765692,-14.380067963765692,-0.014380067963765692,-14.380067963765692,-0.154,-0.10258411310769189,-0.10258411310769189,-0.041924171596970435,-0.1544266207700564,-0.006902432622607532,-0.00041924171596970436,-0.07386056143753815,-0.001544266207700564,0.48,0.01,0.72,0.01,nan,0.1578698490332638,0.1578698490332638,0.16007527142336464,0.13511904231519328,0.11962500214576721,0.06991639621386807,0.06991639621386807,0.06164268900717688,0.13375902604510057,-0.0315217524766922,0.15315049228882768,0.12230826907061913,0.1550010256819202,0.1625892057776999,0.11991734932588007,0.16514951716480908,0.03084222321820855,0.042671856451819826,0.01587044388430353,0.03366058674191165,0.0018505333930925129,0.0025603113871091893,nan,1.0,0.0,-2.5069999999999997,0.5262328301108793,2.799999952316284,1.0,0,1,1,0,1.5287362337112427,-7.3456034660339355,-1.2925650397781496,FOLLOW_MAIN,cascade_pd_tracking,follow_main,inner_wheel_pd,lidar_disabled,FOLLOW_MAIN,COMMITTED,HOLD,1,1,1,1,1,1,2,0.44243550300598145,0.4388399124145508,0.4352877140045166,7.271766662597656e-05,0.45017385482788086,0.4463026523590088,0.12522382600036508,0.0842935580003541
1784810198.838546,109.97750520706177,-52.300000000000004,-0.052300000000000006,-52.300000000000004,-0.026870791439177352,-26.870791439177353,-0.026870791439177352,-26.870791439177353,-0.357,-0.18928934958085347,-0.18928934958085347,-0.04590564094949101,-0.2706441954351804,-0.012897979890805128,-0.0004590564094949101,-0.1362883316982145,-0.002706441954351804,0.48,0.01,0.72,0.01,nan,0.13268446824212857,0.13268446824212857,0.1310358526875338,0.1310358526875338,0.16312500834465027,0.1535221787411261,0.1535221787411261,0.13287125164987668,0.13287125164987668,0.03152172267436981,0.12232172117710255,0.1593790717424088,0.12009828014318417,0.14304721530715458,0.16094371656167442,0.1419734252318834,-0.03705735056530626,-0.01789650125451983,-0.16580772697533616,-0.1932738279847042,-0.0022234410339183755,-0.00107379007527119,nan,1.0,0.0,-2.002,0.44228156080709524,1.4830000400543213,1.0,0,1,1,0,1.5504451990127563,-7.424790382385254,-1.3049837343727753,FOLLOW_MAIN,cascade_pd_tracking,follow_main,inner_wheel_pd,lidar_disabled,FOLLOW_MAIN,COMMITTED,HOLD,1,1,1,1,1,1,2,0.0001938343048095703,0.018982887268066406,0.015593528747558594,0.012027740478515625,0.00812840461730957,0.004160404205322266,0.28857430599964573,0.009945960000550258
1784810199.2870333,110.42599248886108,-52.300000000000004,-0.052300000000000006,-52.300000000000004,-0.026870791439177352,-26.870791439177353,-0.026870791439177352,-26.870791439177353,-0.357,-0.18928934958085347,-0.18928934958085347,-0.04590564094949101,-0.2706441954351804,-0.012897979890805128,-0.0004590564094949101,-0.1362883316982145,-0.002706441954351804,0.48,0.01,0.72,0.01,nan,0.13115965128067303,0.13115965128067303,0.1294195467083909,0.1310358526875338,0.16312500834465027,0.15360680281381756,0.15360680281381756,0.13294480689386015,0.13287125164987668,0.03152172267436981,0.12079119209074034,0.1593790717424088,0.11847591931164023,0.1415281104706057,0.16094371656167442,0.1403631741051416,-0.038587879651668475,-0.01941560609106871,-0.154679746499834,-0.17864871965703544,-0.0023152727791001084,-0.0011649363654641226,nan,1.0,0.0,-2.002,0.43719883760224343,1.4830000400543213,1.0,0,1,1,0,1.5504451990127563,-7.424790382385254,-1.3104682468780864,FOLLOW_MAIN,cascade_pd_tracking,follow_main,inner_wheel_pd,lidar_disabled,FOLLOW_MAIN,COMMITTED,HOLD,1,1,1,1,1,1,2,0.4370701313018799,0.43338465690612793,7.605552673339844e-05,0.46042585372924805,0.4446218013763428,0.4409322738647461,0.30855757799872663,0.029929231999631156
1784810199.3407917,110.47975087165833,-106.60000000000001,-0.10660000000000001,-106.60000000000001,-0.08835007922834726,-88.35007922834725,-0.08835007922834726,-88.35007922834725,-0.651,-0.5554997029372944,-0.5554997029372944,-0.08097521786094813,-0.49748936522589754,-0.04240803802960668,-0.0008097521786094813,-0.399959786114852,-0.004974893652258975,0.48,0.01,0.72,0.01,nan,0.12,0.12,0.1192701585678775,0.1192701585678775,0.12324999272823334,0.45,0.39698425476701926,0.3429248547475252,0.3429248547475252,0.06304347515106201,0.0932035628032262,0.1292364727309475,0.09104158820756292,0.1467964371967738,0.13509157500646932,0.14749872892819207,-0.03603290992772129,0.011704862190304477,0.06462481799765864,0.11922386906704517,-0.0021619745956632775,0.0007022917314182686,nan,1.0,0.0,-3.389,0.4,1.399999976158142,1.0,0,1,1,0,1.5686031579971313,-7.491003513336182,-1.3027778832263188,FOLLOW_MAIN,cascade_pd_tracking,follow_main,inner_wheel_pd,lidar_disabled,FOLLOW_MAIN,COMMITTED,HOLD,1,1,1,1,1,1,2,0.018201589584350586,0.014751672744750977,0.011385440826416016,0.007982254028320312,0.004061698913574219,0.0001430511474609375,0.016750489001424285,0.03819350400044641
1784810199.8240697,110.96302890777588,-106.60000000000001,-0.10660000000000001,-106.60000000000001,-0.08835007922834726,-88.35007922834725,-0.08835007922834726,-88.35007922834725,-0.651,-0.5554997029372944,-0.5554997029372944,-0.08097521786094813,-0.49748936522589754,-0.04240803802960668,-0.0008097521786094813,-0.399959786114852,-0.004974893652258975,0.48,0.01,0.72,0.01,nan,0.12,0.12,0.1192701585678775,0.1192701585678775,0.12324999272823334,0.45,0.39698425476701926,0.3429248547475252,0.3429248547475252,0.06304347515106201,0.0932035628032262,0.1292364727309475,0.09104158820756292,0.1467964371967738,0.13509157500646932,0.14749872892819207,-0.03603290992772129,0.011704862190304477,0.06462481799765864,0.11922386906704517,-0.0021619745956632775,0.0007022917314182686,nan,1.0,0.0,-3.389,0.4,1.399999976158142,1.0,0,1,1,0,1.5686031579971313,-7.491003513336182,-1.29826980420589,FOLLOW_MAIN,cascade_pd_tracking,follow_main,inner_wheel_pd,lidar_disabled,FOLLOW_MAIN,COMMITTED,HOLD,1,1,1,1,1,1,2,8.511543273925781e-05,0.49799346923828125,0.47582006454467773,0.4912228584289551,0.47180700302124023,0.4679598808288574,0.016750489001424285,0.03819350400044641
1784810200.271867,111.41082620620728,-156.4,-0.1564,-156.4,-0.13553208747223075,-135.53208747223076,-0.13553208747223075,-135.53208747223076,-0.841,-0.7672459188629334,-0.7672459188629334,-0.09890388457911901,-0.46008520115782764,-0.06505540198667076,-0.0009890388457911901,-0.552417061581312,-0.004600852011578276,0.48,0.01,0.72,0.01,nan,0.12,0.12,0.12004677785974688,0.1192701585678775,0.10875000059604645,0.45,0.45,0.3841247611693877,0.3429248547475252,0.18913042545318604,0.089625,0.10959580353539075,0.08842675178787655,0.150375,0.12884493447304676,0.15166680393161722,-0.019970803535390755,0.021530065526953246,0.05302406477206031,0.02362995585590642,-0.0011982482121234452,0.0012918039316171946,nan,1.0,0.0,-2.79,0.4,1.3329999446868896,1.0,0,1,1,0,1.5866496562957764,-7.549880027770996,-1.29826980420589,FOLLOW_MAIN,cascade_pd_tracking,follow_main,inner_wheel_pd,lidar_disabled,FOLLOW_MAIN,COMMITTED,UNKNOWN,1,1,1,1,1,1,1,0.44788074493408203,0.41309428215026855,7.843971252441406e-05,0.939018726348877,0.9196031093597412,0.9157555103302002,0.11187026799962041,0.06990810999923269
1784810200.3256066,111.46456575393677,-95.60000000000001,-0.0956,-95.60000000000001,-0.16695213440510387,-166.95213440510386,-0.16695213440510387,-166.95213440510386,-0.751,-0.8728941255316088,-0.8728941255316088,-0.06852601534602874,-0.25605738721213517,-0.08013702451444986,-0.0006852601534602875,-0.6284837703827584,-0.0025605738721213517,0.48,0.01,0.72,0.01,nan,0.12,0.12,0.12,0.12,0.11962499469518661,0.45,0.45,0.36900000000000005,0.36900000000000005,0.4728260934352875,0.089625,0.08915900243482736,0.089625,0.150375,0.14634775596970864,0.150375,0.0,0.0,0.014134911138317743,-0.07983653315262111,0.0,0.0,nan,1.0,0.0,-3.415739656100459,0.4,1.2940000295639038,1.0,0,1,1,0,1.6062244176864624,-7.59741735458374,-1.1510330777517885,FOLLOW_MAIN,cascade_pd_tracking,follow_main,inner_wheel_pd,lidar_disabled,FOLLOW_MAIN,COMMITTED,UNKNOWN,1,1,1,1,1,1,1,0.01831960678100586,0.014770030975341797,0.011135339736938477,0.007688045501708984,0.003989696502685547,0.00014543533325195312,0.10234497499914141,0.04976266999983636
1784810200.7700732,111.90903234481812,-95.60000000000001,-0.0956,-95.60000000000001,-0.16695213440510387,-166.95213440510386,-0.16695213440510387,-166.95213440510386,-0.751,-0.8728941255316088,-0.8728941255316088,-0.06852601534602874,-0.25605738721213517,-0.08013702451444986,-0.0006852601534602875,-0.6284837703827584,-0.0025605738721213517,0.48,0.01,0.72,0.01,nan,0.12,0.12,0.12,0.12,0.12687499821186066,0.45,0.45,0.36900000000000005,0.36900000000000005,0.40978261828422546,0.089625,0.09439867058834336,0.089625,0.150375,0.15061402052527711,0.150375,0.0,0.0,0.010829507283772613,-0.06116701469340561,0.0,0.0,nan,1.0,0.0,-3.415739656100459,0.4,1.2940000295639038,1.0,0,1,1,0,1.6112394332885742,-7.606677055358887,-1.0744348380988247,FOLLOW_MAIN,cascade_pd_tracking,follow_main,inner_wheel_pd,lidar_disabled,FOLLOW_MAIN,COMMITTED,UNKNOWN,1,1,1,1,1,1,1,6.985664367675781e-05,0.4212512969970703,0.4368748664855957,0.4175913333892822,0.41394996643066406,0.41031932830810547,0.1423009459995228,0.0013755210002273088
1784810200.821412,111.96037125587463,-110.4,-0.11040000000000001,-110.4,-0.10216272201643603,-102.16272201643604,-0.10216272201643603,-102.16272201643604,-0.668,-0.7788707654164113,-0.7788707654164113,0.07978181111130678,0.052335019034668785,-0.049038106567889296,0.0007978181111130678,-0.5607869510998161,0.0005233501903466879,0.48,0.01,0.72,0.01,nan,0.12,0.12,0.12045946285016326,0.12027358888446213,0.10512499511241913,0.45,0.45,0.3634183772276464,0.3656764016998675,0.5358695387840271,0.089625,0.07430957166122482,0.0905439257003265,0.150375,0.1439322959308903,0.150375,0.01531542833877518,0.0,0.06861927644412594,-0.009706063072664861,0.0009189257003265108,0.0,nan,1.0,0.0,-2.777,0.4,1.2489999532699585,1.0,0,1,1,0,1.6411023139953613,-7.649806499481201,-0.9544941451190339,FOLLOW_MAIN,cascade_pd_tracking,follow_main,inner_wheel_pd,lidar_disabled,FOLLOW_MAIN,COMMITTED,HOLD,1,1,1,1,1,1,2,0.003630399703979492,0.0001437664031982422,0.0445551872253418,0.04129457473754883,0.011404991149902344,0.007499217987060547,0.2074575860006007,0.01681795299919031
1784810201.3018203,112.44077944755554,-93.4,-0.09340000000000001,-93.4,-0.09709886460660636,-97.09886460660636,-0.09709886460660636,-97.09886460660636,-0.588,-0.6079580846214279,-0.6079580846214279,0.02361211817105913,0.1965421002582031,-0.04660745501117105,0.00023612118171059131,-0.43772982092742807,0.001965421002582031,0.48,0.01,0.72,0.01,nan,0.12,0.12,0.1190717889412725,0.12045946285016326,0.13774999976158142,0.45,0.45,0.3733520581219157,0.3634183772276464,0.37826088070869446,0.089625,0.11106599575987504,0.08833854025440749,0.150375,0.1598743728643747,0.14980503762813752,-0.021440995759875042,-0.009499372864374689,-0.09293349126053038,-0.09432734489315292,-0.0012864597455925024,-0.0005699623718624813,nan,1.0,0.0,-1.482,0.4,1.1920000314712524,1.0,0,1,1,0,1.6834136247634888,-7.68886661529541,-0.8723169559031422,FOLLOW_MAIN,cascade_pd_tracking,follow_main,inner_wheel_pd,lidar_disabled,FOLLOW_MAIN,COMMITTED,HOLD,1,1,1,1,1,1,2,0.44206881523132324,9.5367431640625e-05,0.4577023983001709,0.45418214797973633,0.45027852058410645,0.44628405570983887,0.04174569499991776,0.007810753000740078
1784810201.3526824,112.49164152145386,-93.4,-0.09340000000000001,-93.4,-0.09709886460660636,-97.09886460660636,-0.09709886460660636,-97.09886460660636,-0.588,-0.6079580846214279,-0.6079580846214279,0.02361211817105913,0.1965421002582031,-0.04660745501117105,0.00023612118171059131,-0.43772982092742807,0.001965421002582031,0.48,0.01,0.72,0.01,nan,0.12,0.12,0.1190717889412725,0.1190717889412725,0.13774999976158142,0.45,0.45,0.3733520581219157,0.3733520581219157,0.37826088070869446,0.089625,0.11106599575987504,0.08833854025440749,0.150375,0.1598743728643747,0.14980503762813752,-0.021440995759875042,-0.009499372864374689,-0.07114510825235913,-0.07221217101128284,-0.0012864597455925024,-0.0005699623718624813,nan,1.0,0.0,-1.482,0.4,1.1920000314712524,1.0,0,1,1,0,1.6834136247634888,-7.68886661529541,-0.7317615939806094,FOLLOW_MAIN,cascade_pd_tracking,follow_main,inner_wheel_pd,lidar_disabled,FOLLOW_MAIN,COMMITTED,HOLD,1,1,1,1,1,1,2,0.00013971328735351562,0.03307318687438965,0.012007474899291992,0.0263974666595459,0.008133649826049805,0.0042459964752197266,0.08182007300092664,0.04788513100174896
1784810201.7890859,112.92804503440857,-93.4,-0.09340000000000001,-93.4,-0.09709886460660636,-97.09886460660636,-0.09709886460660636,-97.09886460660636,-0.588,-0.6079580846214279,-0.6079580846214279,0.02361211817105913,0.1965421002582031,-0.04660745501117105,0.00023612118171059131,-0.43772982092742807,0.001965421002582031,0.48,0.01,0.72,0.01,nan,0.12,0.12,0.1190717889412725,0.11964446519578595,0.13774999976158142,0.45,0.45,0.3733520581219157,0.37331908947341524,0.37826088070869446,0.089625,0.11106599575987504,0.08833854025440749,0.150375,0.1598743728643747,0.14980503762813752,-0.021440995759875042,-0.009499372864374689,-0.062276303331803416,-0.06321034821108154,-0.0012864597455925024,-0.0005699623718624813,nan,1.0,0.0,-1.482,0.4,1.1829999685287476,1.0,0,1,1,0,1.6834136247634888,-7.68886661529541,-0.6063047306842477,FOLLOW_MAIN,cascade_pd_tracking,follow_main,inner_wheel_pd,lidar_disabled,FOLLOW_MAIN,COMMITTED,HOLD,1,1,1,1,1,1,2,0.43652868270874023,0.43278002738952637,0.4483959674835205,0.4293341636657715,0.00014257431030273438,0.44063377380371094,0.1017911599992658,0.06785621800008812
1784810201.8401248,112.97908401489258,-77.10000000000001,-0.0771,-77.10000000000001,-0.08572908969458268,-85.72908969458268,-0.08572908969458268,-85.72908969458268,-0.503,-0.6358295034203232,-0.6358295034203232,0.027034137680676217,0.10538063145767712,-0.041149963053399685,0.0002703413768067622,-0.45779724246263265,0.0010538063145767713,0.48,0.01,0.72,0.01,nan,0.12,0.12,0.1197374585555462,0.1197374585555462,0.13049998879432678,0.45,0.45,0.3721893923622536,0.3721893923622536,0.5043478012084961,0.089625,0.09837638148179345,0.08909991711109239,0.150375,0.1568319393238416,0.150375,-0.008751381481793455,0.0,0.010215434765743745,-0.01220730305180663,-0.0005250828889076073,0.0,nan,1.0,0.0,-1.0299999999999998,0.4,1.1410000324249268,1.0,0,1,1,0,1.7341974973678589,-7.722614288330078,-0.5516458943787421,FOLLOW_MAIN,cascade_pd_tracking,follow_main,inner_wheel_pd,lidar_disabled,FOLLOW_MAIN,COMMITTED,UNKNOWN,1,1,1,1,1,1,1,0.00012946128845214844,0.019234657287597656,0.015550613403320312,0.011960744857788086,0.008025407791137695,0.004065275192260742,0.06416800800070632,0.04387901299924124
1784810202.289725,113.42868423461914,-74.4,-0.07440000000000001,-74.4,-0.06530365148796918,-65.30365148796918,-0.06530365148796918,-65.30365148796918,-0.561,-0.43793782043568524,-0.43793782043568524,0.03721784581297462,0.2966092920286438,-0.031345752714225204,0.0003721784581297462,-0.3153152307136934,0.002966092920286438,0.48,0.01,0.72,0.01,nan,0.1390368339131755,0.13757057576321446,0.1385701034818912,0.1197374585555462,0.11599999666213989,0.38,0.38,0.31390282741690445,0.3721893923622536,0.31521737575531006,0.11192057576321446,0.09842114733488407,0.11273054146891429,0.16322057576321447,0.1434024135689876,0.16440966549486807,0.013499428428330393,0.019818162194226857,0.08392819664218668,0.11063179674278956,0.0008099657056998235,0.0011890897316536113,nan,1.0,0.0,0.10410769918517598,0.46345611304391837,1.0989999771118164,1.0,0,1,1,0,1.7862433195114136,-7.744630813598633,-0.5183588141441208,FOLLOW_MAIN,cascade_pd_tracking,follow_main,inner_wheel_pd,lidar_disabled,FOLLOW_MAIN,COMMITTED,HOLD,1,1,1,1,1,1,2,0.4277529716491699,9.417533874511719e-05,0.4425783157348633,0.4391367435455322,0.4354863166809082,0.43168020248413086,0.05201471100008348,0.03656101999877137
1784810202.3398838,113.4788429737091,-53.400000000000006,-0.0534,-53.400000000000006,-0.06267783593762559,-62.67783593762559,-0.06267783593762559,-62.67783593762559,-0.365,-0.42144629487316565,-0.42144629487316565,0.03620533714259891,0.27556049020379797,-0.030085361250060283,0.00036205337142598907,-0.30344133230867926,0.00275560490203798,0.48,0.01,0.72,0.01,nan,0.1461779124071208,0.1439973770433912,0.1453825128388785,0.1453825128388785,0.11599999666213989,0.3683078351060627,0.3683078351060627,0.30373999769109417,0.30373999769109417,0.31521737575531006,0.11913659817373196,0.09842114733488407,0.12037952522406282,0.16885815591305042,0.1434024135689876,0.1703855004536942,0.02071545083884789,0.02545574234406281,0.10675651562778846,0.11727266094290291,0.0012429270503308734,0.0015273445406437686,nan,1.0,0.0,-0.157,0.487259708023736,1.0859999656677246,1.0,0,1,1,0,1.7862433195114136,-7.744630813598633,-0.35791266631565544,FOLLOW_MAIN,cascade_pd_tracking,follow_main,inner_wheel_pd,lidar_disabled,FOLLOW_MAIN,COMMITTED,UNKNOWN,1,1,1,1,1,1,1,0.010711908340454102,0.007360696792602539,0.003957986831665039,0.021617412567138672,0.0001780986785888672,0.01430511474609375,0.012333890001173131,0.07672852799987595
1784810202.7698379,113.90879702568054,-53.400000000000006,-0.0534,-53.400000000000006,-0.06267783593762559,-62.67783593762559,-0.06267783593762559,-62.67783593762559,-0.365,-0.42144629487316565,-0.42144629487316565,0.03620533714259891,0.27556049020379797,-0.030085361250060283,0.00036205337142598907,-0.30344133230867926,0.00275560490203798,0.48,0.01,0.72,0.01,nan,0.14925563157714053,0.14731166968323436,0.14968386146900786,0.14968386146900786,0.09424999356269836,0.36830502498154166,0.36830502498154166,0.30570161989796263,0.30570161989796263,0.25217393040657043,0.12245108049698031,0.08797910785571794,0.12451939885545604,0.17217225886948842,0.12757117198496773,0.17484832408255965,0.034471972641262366,0.04460108688452069,0.17864604231526046,0.2213610279472465,0.0020683183584757417,0.0026760652130712412,nan,1.0,0.0,-0.157,0.4975187719238018,1.0859999656677246,1.0,0,1,1,0,1.7933493852615356,-7.746854305267334,-0.3319069256765096,FOLLOW_MAIN,cascade_pd_tracking,follow_main,inner_wheel_pd,lidar_disabled,FOLLOW_MAIN,COMMITTED,UNKNOWN,1,1,1,1,1,1,1,7.891654968261719e-05,0.4188802242279053,0.4152369499206543,0.4117546081542969,0.40801167488098145,0.4040539264678955,0.03304821900019306,0.01600117399902956
1784810202.8198497,113.95880889892578,-64.4,-0.0644,-64.4,-0.06682065537615803,-66.82065537615803,-0.06682065537615803,-66.82065537615803,-0.47800000000000004,-0.4969243184330902,-0.4969243184330902,0.004397397779914032,-0.025734536132956037,-0.032073914580555855,4.3973977799140315e-05,-0.35778550927182495,-0.00025734536132956037,0.48,0.01,0.72,0.01,nan,0.14584662694259765,0.14584662694259765,0.14584662694259765,0.14521018851812215,0.14862500131130219,0.38,0.38,0.31160000000000004,0.31160000000000004,0.34673914313316345,0.12019662694259764,0.12150348344684717,0.12019662694259764,0.17149662694259765,0.16774877940587277,0.17149662694259765,0.0,0.0,-0.06231848023991144,-0.07936968897059181,0.0,0.0,nan,1.0,0.0,-0.2810045842341961,0.48615542314199217,5.804999828338623,1.0,0,1,1,0,1.8469338417053223,-7.759156227111816,-0.25133765978070044,FOLLOW_MAIN,cascade_pd_tracking,follow_main,inner_wheel_pd,lidar_disabled,FOLLOW_MAIN,COMMITTED,HOLD,1,1,1,1,1,1,2,0.01072382926940918,0.007178306579589844,0.0036194324493408203,0.0001342296600341797,0.01860499382019043,0.01469111442565918,0.08426589099872217,0.0917901439988782
1784810203.2858384,114.42479753494263,-64.4,-0.0644,-64.4,-0.06682065537615803,-66.82065537615803,-0.06682065537615803,-66.82065537615803,-0.47800000000000004,-0.4969243184330902,-0.4969243184330902,0.004397397779914032,-0.025734536132956037,-0.032073914580555855,4.3973977799140315e-05,-0.35778550927182495,-0.00025734536132956037,0.48,0.01,0.72,0.01,nan,0.1440688009097147,0.1440688009097147,0.1440688009097147,0.1440688009097147,0.1522499918937683,0.38,0.38,0.31160000000000004,0.31160000000000004,0.37826085090637207,0.11841880090971468,0.12436388146112903,0.11841880090971468,0.1697188009097147,0.17325343293254353,0.1697188009097147,0.0,0.0,-0.04142059033183712,-0.05275384378694673,0.0,0.0,nan,1.0,0.0,-0.2810045842341961,0.48022933636571563,5.804999828338623,1.0,0,1,1,0,1.8612523078918457,-7.761200904846191,-0.08622706750083237,FOLLOW_MAIN,cascade_pd_tracking,follow_main,inner_wheel_pd,lidar_disabled,FOLLOW_MAIN,COMMITTED,HOLD,1,1,1,1,1,1,2,0.4274132251739502,0.42395520210266113,0.420551061630249,0.4171290397644043,8.916854858398438e-05,0.43128252029418945,0.1455378769987874,0.05761131299914268
1784810203.3362248,114.47518396377563,-48.7,-0.0487,-48.7,-0.05338330347416167,-53.38330347416167,-0.05338330347416167,-53.38330347416167,-0.356,-0.39213995914832256,-0.39213995914832256,0.02284773709115278,0.16935658055263136,-0.0256239856675976,0.0002284773709115278,-0.28234077058679224,0.0016935658055263136,0.48,0.01,0.72,0.01,nan,0.13850998005031875,0.13850998005031875,0.13850998005031875,0.13705957914732853,0.14137500524520874,0.3365383943222808,0.36031841961584893,0.29546110408499604,0.30809943096013576,0.5358695387840271,0.11418848672624896,0.11144137935666007,0.11418848672624896,0.16283147337438855,0.1683346445166443,0.16283147337438855,0.0,0.0,0.03088413078757358,-0.009098566732452663,0.0,0.0,nan,1.0,0.0,-0.7669126470402857,0.46169993350106253,4.410999774932861,1.0,0,1,1,0,1.930780291557312,-7.7652201652526855,-0.053192744917748384,FOLLOW_MAIN,cascade_pd_tracking,follow_main,inner_wheel_pd,lidar_disabled,FOLLOW_MAIN,COMMITTED,UNKNOWN,1,1,1,1,1,1,1,0.0069200992584228516,0.003436565399169922,7.963180541992188e-05,0.03319835662841797,0.014597654342651367,0.010796785354614258,0.012560852999740746,0.02876386000025377
1784810203.7950752,114.93403434753418,-48.7,-0.0487,-48.7,-0.05338330347416167,-53.38330347416167,-0.05338330347416167,-53.38330347416167,-0.356,-0.39213995914832256,-0.39213995914832256,0.02284773709115278,0.16935658055263136,-0.0256239856675976,0.0002284773709115278,-0.28234077058679224,0.0016935658055263136,0.48,0.01,0.72,0.01,nan,0.14015103086468877,0.14015103086468877,0.14015103086468877,0.13951333886631587,0.14137500524520874,0.33619747648508835,0.33619747648508835,0.27568193071777236,0.28258994251468567,0.5358695387840271,0.1174577012019453,0.11144137935666007,0.1174577012019453,0.16284436052743223,0.1683346445166443,0.16284436052743223,0.0,0.0,0.023470458499740138,-0.006914474438991453,0.0,0.0,nan,1.0,0.0,-0.7669126470402857,0.46717010288229593,4.426000118255615,1.0,0,1,1,0,1.930780291557312,-7.7652201652526855,-0.00310481398554462,FOLLOW_MAIN,cascade_pd_tracking,follow_main,inner_wheel_pd,lidar_disabled,FOLLOW_MAIN,COMMITTED,UNKNOWN,1,1,1,1,1,1,1,0.42636990547180176,0.42285752296447754,7.343292236328125e-05,0.4553225040435791,0.4339592456817627,0.43026089668273926,0.053735843999675126,0.06993885100018815
1784810203.84586,114.98481917381287,-31.200000000000003,-0.031200000000000002,-31.200000000000003,-0.03771151025173518,-37.71151025173518,-0.03771151025173518,-37.71151025173518,-0.225,-0.27303878611280935,-0.27303878611280935,0.035749084309870185,0.26947745360554876,-0.018101524920832886,0.0003574908430987019,-0.1965879260012227,0.002694774536055488,0.48,0.01,0.72,0.01,nan,0.16041507291317716,0.16041507291317716,0.16187449367335952,0.16187449367335952,0.13050000369548798,0.2279769965128557,0.2279769965128557,0.18549870727254097,0.18549870727254097,0.18913042545318604,0.1450266256485594,0.11872400289572241,0.14660478301372962,0.17580352017779494,0.15345878425788703,0.1771442043329894,0.026302622752836985,0.022344735919907904,0.02947830541909838,0.07730984868455998,0.001578157365170219,0.0013406841551944742,nan,1.0,0.0,-0.8388735815033066,0.5347169097105906,4.336999893188477,1.0,0,1,1,0,1.9918168783187866,-7.757919788360596,0.15519749438527738,FOLLOW_MAIN,cascade_pd_tracking,follow_main,inner_wheel_pd,lidar_disabled,FOLLOW_MAIN,COMMITTED,UNKNOWN,1,1,1,1,1,1,1,0.0001266002655029297,0.014973163604736328,0.029702425003051758,0.011539697647094727,0.007807493209838867,0.004014492034912109,0.11376330799976131,0.06243767199885042
1784810204.2992024,115.438161611557,-28.0,-0.028,-28.0,-0.03317818647279855,-33.17818647279855,-0.03317818647279855,-33.17818647279855,-0.202,-0.23959410692514826,-0.23959410692514826,0.03421752373636926,0.2560031912207714,-0.015925529506943304,0.00034217523736369257,-0.17250775698610674,0.0025600319122077143,0.48,0.01,0.72,0.01,nan,0.16278055880094633,0.16278055880094633,0.16423713671526974,0.16423713671526974,0.14137500524520874,0.19865448948844958,0.21412207033887465,0.17427929501668193,0.17427929501668193,0.22065217792987823,0.14832731905307228,0.12226638268364358,0.149890975235238,0.17723379854882038,0.1547421377741351,0.1785832981953015,0.026060936369428703,0.022491660774685285,0.023419694151287307,0.06072078232291756,0.001563656182165722,0.001349499646481117,nan,1.0,0.0,-0.8093837915594639,0.5426018626698211,4.336999893188477,1.0,0,1,1,0,2.002350330352783,-7.755801200866699,0.21524654192007872,FOLLOW_MAIN,cascade_pd_tracking,follow_main,inner_wheel_pd,lidar_disabled,FOLLOW_MAIN,COMMITTED,HOLD,1,1,1,1,1,1,2,0.43076300621032715,0.4271578788757324,0.4236750602722168,0.4425389766693115,9.226799011230469e-05,0.4348156452178955,0.010828258000401547,0.029264934999446268
1784810204.350653,115.48961210250854,31.0,0.031,31.0,0.008724590805845651,8.72459080584565,0.0,0.0,0.218,-0.047843295852125135,-0.047843295852125135,0.05020284346038605,0.4122836843931419,0.0,0.0005020284346038606,-0.0344471730135301,0.004122836843931419,0.48,0.01,0.72,0.01,nan,0.27206309802282497,0.23611905372520867,0.23975337446898812,0.23631396584176584,0.17762500047683716,0.023562655712265495,0.023562655712265495,0.011179832878817658,0.01108808199517273,0.22065217792987823,0.23452857446463074,0.16278675974404433,0.23883308334786593,0.2377095329857866,0.18830732291372465,0.2406736655901103,0.07174181472058641,0.04940221007206194,0.12262628593057166,0.06783149036478085,0.004304508883235184,0.0029641326043237165,nan,1.0,0.0,-0.192,0.9068769934094166,4.085000038146973,1.0,0,1,1,0,2.0823941230773926,-7.734732627868652,0.26378952784271825,FOLLOW_MAIN,cascade_pd_tracking,follow_main,inner_wheel_pd,lidar_disabled,FOLLOW_MAIN,COMMITTED,HOLD,1,1,1,1,1,1,2,0.0038127899169921875,0.0001468658447265625,0.015773773193359375,0.03401994705200195,0.011847734451293945,0.00791025161743164,0.0712926129999687,0.02335549999952491
1784810204.783976,115.92293524742126,33.7,0.0337,33.7,0.0191333287554956,19.1333287554956,0.0191333287554956,19.1333287554956,0.23600000000000002,0.00822968323755988,0.0,0.09540282731880528,0.46145436806572543,0.009183997802637888,0.0009540282731880529,0.0,0.004614543680657254,0.48,0.01,0.72,0.01,nan,0.2756620043962452,0.2394388041251777,0.24327230989295529,0.22921048405690786,0.17762500047683716,-0.01652065629556248,0.020242905312296444,0.008294305831164568,-0.11897163045046918,0.22065217792987823,0.2380724080165977,0.16278675974404433,0.2425895469129509,0.2408052002337577,0.18830732291372465,0.2439550728729597,0.07528564827255338,0.052497877320033054,0.12884949010318636,0.07834288352727473,0.004517138896353203,0.003149872639201983,nan,1.0,0.0,-0.218,0.9188733479874841,4.085000038146973,1.0,0,1,1,0,2.0823941230773926,-7.734732627868652,0.2776902877837738,FOLLOW_MAIN,cascade_pd_tracking,follow_main,inner_wheel_pd,lidar_disabled,FOLLOW_MAIN,COMMITTED,HOLD,1,1,1,1,1,1,2,0.4149928092956543,0.41135740280151367,0.4078998565673828,8.702278137207031e-05,0.4223003387451172,0.4186532497406006,0.016471099999762373,0.04410393999933149
1784810204.8352904,115.97424960136414,10.5,0.0105,10.5,0.021086029908068432,21.086029908068433,0.021086029908068432,21.086029908068433,0.075,0.13719167391375883,0.13719167391375883,0.00273726912554291,0.20946419440156108,0.010121294355872846,2.73726912554291e-05,0.09877800521790636,0.002094641944015611,0.48,0.01,0.72,0.01,nan,0.2305102203070001,0.2305102203070001,0.23085698153085188,0.23177933745712714,0.22474999725818634,-0.12001955704639587,-0.12001955704639587,-0.11057322323615763,-0.11076328419785854,0.1260869801044464,0.23861154040763183,0.21615311988972374,0.23995904563870632,0.2224089002063684,0.2333086132625511,0.22175491742299744,0.022458420517908084,-0.010899713056182703,-0.12076546506571288,-0.14730649048564165,0.001347505231074485,-0.0006539827833709622,nan,1.0,0.0,-0.4897725938128335,0.7683674010233337,4.076000213623047,1.0,0,1,1,0,2.1715166568756104,-7.704075336456299,0.33833824528216483,FOLLOW_MAIN,cascade_pd_tracking,follow_main,inner_wheel_pd,lidar_disabled,FOLLOW_MAIN,COMMITTED,UNKNOWN,1,1,1,1,1,1,1,0.0001304149627685547,0.018723011016845703,0.01527261734008789,0.011840343475341797,0.00819849967956543,0.004209041595458984,0.03243442200073332,0.05145171100048174
1784810205.3086147,116.44757390022278,14.100000000000001,0.014100000000000001,14.100000000000001,0.015507983047299915,15.507983047299915,0.015507983047299915,15.507983047299915,0.101,0.10442130820978737,0.10442130820978737,-0.014039184793089545,0.060869016348737634,0.007443831862703959,-0.00014039184793089547,0.0751833419110469,0.0006086901634873764,0.48,0.01,0.72,0.01,nan,0.23451724848558075,0.23451724848558075,0.23391645804126773,0.2363500003225064,0.26100000739097595,-0.0918133621935231,-0.10630255959639447,-0.09446659019254973,-0.11340723298027675,0.0,0.24169267125833738,0.2389229208377641,0.24169267125833738,0.22734182571282413,0.24736817385659146,0.2261402448241981,0.0,-0.02002634814376733,-0.20643912202579964,-0.1482810069777339,0.0,-0.0012015808886260398,nan,1.0,0.0,-0.4652963375864481,0.7817241616186026,3.9670000076293945,1.0,0,1,1,0,2.192746639251709,-7.696019649505615,0.3626731715947474,FOLLOW_MAIN,cascade_pd_tracking,follow_main,inner_wheel_pd,lidar_disabled,FOLLOW_MAIN,COMMITTED,UNKNOWN,1,1,1,1,1,1,1,0.439180850982666,0.4356648921966553,0.43215036392211914,9.393692016601562e-05,0.44710421562194824,0.44327330589294434,0.0005835939991811756,0.02437544599888497
1784810205.36003,116.49898910522461,29.200000000000003,0.029200000000000004,29.200000000000003,0.023101129751720968,23.10112975172097,0.023101129751720968,23.10112975172097,0.21,0.16599269106180234,0.16599269106180234,0.014311291905266508,0.15124237875687166,0.011088542280826064,0.0001431129190526651,0.11951473756449768,0.0015124237875687166,0.48,0.01,0.72,0.01,nan,0.23438269099375697,0.23438269099375697,0.2340245129756542,0.2340245129756542,0.23199999332427979,-0.1413713722195941,-0.1413713722195941,-0.1202757248473898,-0.1202757248473898,0.0,0.24392525861857958,0.23604963805034251,0.24392525861857958,0.22484012336893436,0.23677939063902653,0.22412376733272882,0.0,-0.011939267270092174,-0.015290100626771844,0.007698827650110551,0.0,-0.0007163560362055305,nan,1.0,0.0,-0.31838491617010095,0.7812756366458566,3.8510000705718994,1.0,0,1,1,0,2.3011417388916016,-7.6536865234375,0.3755964047268871,FOLLOW_MAIN,cascade_pd_tracking,follow_main,inner_wheel_pd,lidar_disabled,FOLLOW_MAIN,COMMITTED,UNKNOWN,1,1,1,1,1,1,1,0.0001277923583984375,0.018711566925048828,0.015248775482177734,0.011778593063354492,0.007988691329956055,0.004095792770385742,0.053427898999871104,0.02714417199968011
1784810205.7784443,116.91740345954895,29.200000000000003,0.029200000000000004,29.200000000000003,0.023101129751720968,23.10112975172097,0.023101129751720968,23.10112975172097,0.21,0.16599269106180234,0.16599269106180234,0.014311291905266508,0.15124237875687166,0.011088542280826064,0.0001431129190526651,0.11951473756449768,0.0015124237875687166,0.48,0.01,0.72,0.01,nan,0.23363925401882943,0.23363925401882943,0.233258977815681,0.233258977815681,0.23199999332427979,-0.14127017508273346,-0.14127017508273346,-0.12046119522090394,-0.12046119522090394,0.0,0.24317499083691393,0.23604963805034251,0.24317499083691393,0.22410351720074492,0.23677939063902653,0.22334296479444804,0.0,-0.01267587343828161,-0.01330270442066,0.002113980749952087,0.0,-0.0007605524062968966,nan,1.0,0.0,-0.31838491617010095,0.7787975133960982,3.8510000705718994,1.0,0,1,1,0,2.3011417388916016,-7.6536865234375,0.3755964047268871,FOLLOW_MAIN,cascade_pd_tracking,follow_main,inner_wheel_pd,lidar_disabled,FOLLOW_MAIN,COMMITTED,UNKNOWN,1,1,1,1,1,1,1,8.96453857421875e-05,0.41480565071105957,0.4112834930419922,0.4077441692352295,0.40390586853027344,0.40032339096069336,0.07431363600153418,0.048029909001343185
1784810205.8289948,116.96795392036438,40.2,0.0402,40.2,0.03484332100347283,34.84332100347283,0.03484332100347283,34.84332100347283,0.291,0.2518515143774807,0.2518515143774807,0.028023335162651816,0.22072268394824157,0.01672479408166696,0.00028023335162651817,0.1813330903517861,0.002207226839482416,0.48,0.01,0.72,0.01,nan,0.2124939968035649,0.2124939968035649,0.2112099941451929,0.2112099941451929,0.2356249988079071,-0.20922629499216638,-0.20922629499216638,-0.18047656201161552,-0.18047656201161552,-0.031521786004304886,0.22661677171553612,0.23579135854271902,0.22606629650590515,0.19837122189159367,0.23199672367681082,0.19635369178448064,-0.00917458682718289,-0.03362550178521714,-0.058006748443812435,-0.05856623710298674,-0.0005504752096309734,-0.0020175301071130285,nan,1.0,0.0,-0.18985021338909416,0.7083133226785497,3.753999948501587,1.0,0,1,1,0,2.401674509048462,-7.614336013793945,0.37307490223422596,FOLLOW_MAIN,cascade_pd_tracking,follow_main,inner_wheel_pd,lidar_disabled,FOLLOW_MAIN,COMMITTED,UNKNOWN,1,1,1,1,1,1,1,0.007618427276611328,0.026126384735107422,0.02267742156982422,0.019345998764038086,0.0038919448852539062,0.00010323524475097656,0.18572468099955586,0.011504498999784118
1784810205.8795831,117.01854228973389,-34.7,-0.0347,-34.7,0.03615949993563135,36.159499935631345,0.03615949993563135,36.159499935631345,-0.243,0.2615031009959559,0.2615031009959559,0.018133164771419113,0.14105751185768528,0.017356559969103045,0.00018133164771419114,0.18828223271708824,0.0014105751185768528,0.48,0.01,0.72,0.01,nan,0.21288933013990569,0.21288933013990569,0.21162904748171413,0.21162904748171413,0.2356249988079071,-0.21507216562579726,-0.21507216562579726,-0.1855577927663675,-0.1855577927663675,-0.031521786004304886,0.227406701319647,0.23579135854271902,0.22690362188626267,0.19837195896016438,0.23199672367681082,0.19635447307716558,-0.008384657223072023,-0.03362476471664644,-0.03439986487454849,-0.038463887154228625,-0.0005030794333843214,-0.0020174858829987864,nan,1.0,0.0,0.0,0.7096311004663524,3.7279999256134033,1.0,0,1,1,0,2.401674509048462,-7.614336013793945,0.36853636238576704,FOLLOW_MAIN,cascade_pd_tracking,follow_main,inner_wheel_pd,lidar_disabled,FOLLOW_MAIN,COMMITTED,HOLD,1,1,1,1,1,1,2,0.0106658935546875,0.0221250057220459,0.007204532623291016,0.003830432891845703,0.00013494491577148438,0.014580011367797852,0.055467809999754536,0.07110622300024261
1784810206.3081505,117.44710969924927,-34.7,-0.0347,-34.7,0.03615949993563135,36.159499935631345,0.03615949993563135,36.159499935631345,-0.243,0.2615031009959559,0.2615031009959559,0.018133164771419113,0.14105751185768528,0.017356559969103045,0.00018133164771419114,0.18828223271708824,0.0014105751185768528,0.48,0.01,0.72,0.01,nan,0.21288933013990569,0.21288933013990569,0.21162904748171413,0.21162904748171413,0.2356249988079071,-0.21507216562579726,-0.21507216562579726,-0.1855577927663675,-0.1855577927663675,-0.031521786004304886,0.227406701319647,0.23579135854271902,0.22690362188626267,0.19837195896016438,0.23199672367681082,0.19635447307716558,-0.008384657223072023,-0.03362476471664644,-0.03439986487454849,-0.038463887154228625,-0.0005030794333843214,-0.0020174858829987864,nan,1.0,0.0,0.0,0.7096311004663524,3.7279999256134033,1.0,0,1,1,0,2.401674509048462,-7.614336013793945,0.36853636238576704,FOLLOW_MAIN,cascade_pd_tracking,follow_main,inner_wheel_pd,lidar_disabled,FOLLOW_MAIN,COMMITTED,HOLD,1,1,1,1,1,1,2,0.4391977787017822,0.4506564140319824,0.43573522567749023,0.4323604106903076,0.4286651611328125,9.393692016601562e-05,0.055467809999754536,0.07110622300024261
1784810206.35914,117.49809908866882,-38.800000000000004,-0.0388,-38.800000000000004,0.028719430950423546,28.719430950423547,0.028719430950423546,28.719430950423547,-0.27,0.20650869089658133,0.20650869089658133,-0.010201791845773552,-0.07306907064040492,0.013785326856203301,-0.00010201791845773552,0.14868625744553857,-0.0007306907064040493,0.48,0.01,0.72,0.01,nan,0.22418840328217057,0.22418840328217057,0.22493247854822493,0.22493247854822493,0.22112500667572021,-0.16875540926916238,-0.16875540926916238,-0.1406142900858177,-0.1406142900858177,-0.15760870277881622,0.23557939340783904,0.22011202763732854,0.23650743535406968,0.2127974131565021,0.20346227005853432,0.21335752174238018,0.0154673657705105,0.00933514309796779,0.006474304171766156,0.06152457970662406,0.00092804194623063,0.0005601085858780674,nan,1.0,0.0,0.0,0.7472946776072352,3.6540000438690186,1.0,0,1,1,0,2.498058795928955,-7.57827615737915,0.3486779886769076,FOLLOW_MAIN,cascade_pd_tracking,follow_main,inner_wheel_pd,lidar_disabled,FOLLOW_MAIN,COMMITTED,HOLD,1,1,1,1,1,1,2,0.003864288330078125,0.022496938705444336,0.019034385681152344,0.01545572280883789,0.0001373291015625,0.007970094680786133,0.028758582999216742,0.05973570599962841
1784810206.802366,117.9413251876831,-38.800000000000004,-0.0388,-38.800000000000004,0.028719430950423546,28.719430950423547,0.028719430950423546,28.719430950423547,-0.27,0.20650869089658133,0.20650869089658133,-0.010201791845773552,-0.07306907064040492,0.013785326856203301,-0.00010201791845773552,0.14868625744553857,-0.0007306907064040493,0.48,0.01,0.72,0.01,nan,0.22418840328217057,0.22418840328217057,0.22493247854822493,0.22493247854822493,0.22112500667572021,-0.16875540926916238,-0.16875540926916238,-0.1406142900858177,-0.1406142900858177,-0.15760870277881622,0.23557939340783904,0.22011202763732854,0.23650743535406968,0.2127974131565021,0.20346227005853432,0.21335752174238018,0.0154673657705105,0.00933514309796779,0.006474304171766156,0.06152457970662406,0.00092804194623063,0.0005601085858780674,nan,1.0,0.0,0.0,0.7472946776072352,3.6540000438690186,1.0,0,1,1,0,2.498058795928955,-7.57827615737915,0.3283151090075836,FOLLOW_MAIN,cascade_pd_tracking,follow_main,inner_wheel_pd,lidar_disabled,FOLLOW_MAIN,COMMITTED,HOLD,1,1,1,1,1,1,2,0.42354464530944824,0.4656832218170166,0.4622194766998291,0.45864057540893555,0.4196174144744873,8.058547973632812e-05,0.028758582999216742,0.05973570599962841
1784810206.8535802,117.99253940582275,14.0,0.014,14.0,0.01689943821676068,16.899438216760682,0.01689943821676068,16.899438216760682,0.1,0.12115145821378044,0.12115145821378044,-0.015296436125578204,-0.11020165833147774,0.008111730344045127,-0.00015296436125578205,0.08722904991392191,-0.0011020165833147775,0.48,0.01,0.72,0.01,nan,0.19988830604186603,0.19988830604186603,0.19812250893471428,0.1972092686474546,0.22474998235702515,-0.10815116093862905,-0.10815116093862905,-0.09043824488320451,-0.09701691616437871,-0.06304344534873962,0.2071885094052235,0.2342116568889887,0.20556712055619758,0.19258810267850857,0.22442485876646845,0.19067789731323098,-0.02702314748376522,-0.03183675608795988,-0.014567497214274042,0.004576713878852192,-0.001621388849025913,-0.001910205365277593,nan,1.0,0.0,-0.9347956656503514,0.6662943534728868,3.5439999103546143,1.0,0,1,1,0,2.621152877807617,-7.538269519805908,0.31255374840023553,FOLLOW_MAIN,cascade_pd_tracking,follow_main,inner_wheel_pd,lidar_disabled,FOLLOW_MAIN,COMMITTED,UNKNOWN,1,1,1,1,1,1,1,0.0073888301849365234,0.003770589828491211,0.00019025802612304688,0.019289016723632812,0.015431642532348633,0.011474370956420898,0.005373120000513154,0.01274465000096825
1784810207.298311,118.43727016448975,14.0,0.014,14.0,0.01689943821676068,16.899438216760682,0.01689943821676068,16.899438216760682,0.1,0.12115145821378044,0.12115145821378044,-0.015296436125578204,-0.11020165833147774,0.008111730344045127,-0.00015296436125578205,0.08722904991392191,-0.0011020165833147775,0.48,0.01,0.72,0.01,nan,0.20030979008913752,0.20030979008913752,0.19856928202482205,0.19856928202482205,0.22474998235702515,-0.10822274599135266,-0.10822274599135266,-0.09050046661103207,-0.09050046661103207,-0.06304344534873962,0.20761482544355384,0.2342116568889887,0.20601901555682775,0.1930047547347212,0.22442485876646845,0.19111954849281637,-0.02659683144543487,-0.03142010403174725,-0.01005350318969889,0.006589839048536867,-0.0015958098867260922,-0.0018852062419048349,nan,1.0,0.0,-0.9347956656503514,0.6676993002971251,3.5439999103546143,1.0,0,1,1,0,2.621152877807617,-7.538269519805908,0.29877890026534687,FOLLOW_MAIN,cascade_pd_tracking,follow_main,inner_wheel_pd,lidar_disabled,FOLLOW_MAIN,COMMITTED,UNKNOWN,1,1,1,1,1,1,1,7.319450378417969e-05,0.42594313621520996,0.4224834442138672,0.44110608100891113,0.41882801055908203,0.4152719974517822,0.02582981799969275,0.033201348000147846
1784810207.348403,118.48736214637756,8.1,0.0081,8.1,0.009695226196298982,9.695226196298982,0.0,0.0,0.058,0.06978937489836125,0.06978937489836125,-0.03262167342337498,-0.10146508252647707,0.0,-0.0003262167342337498,0.0502483499268201,-0.0010146508252647708,0.48,0.01,0.72,0.01,nan,0.18565648403857432,0.18565648403857432,0.184689617588495,0.18463983846951423,0.203000009059906,-0.06662053871845759,-0.06662053871845759,-0.05699694710518257,-0.056938649664453125,-6.478765612882853e-08,0.1901533704020702,0.2030188862055628,0.18938143945386066,0.18115959767507844,0.2005229635408961,0.17999779572312938,-0.0128655158034926,-0.01936336586581766,0.008215933747028743,0.005623431603333528,-0.000771930948209556,-0.0011618019519490596,nan,1.0,0.0,-1.4475379650430318,0.6188549467952478,3.4779999256134033,1.0,0,1,1,0,2.710076332092285,-7.512089729309082,0.2858871045215702,FOLLOW_MAIN,cascade_pd_tracking,follow_main,inner_wheel_pd,lidar_disabled,FOLLOW_MAIN,COMMITTED,UNKNOWN,1,1,1,1,1,1,1,0.0073544979095458984,0.003841400146484375,0.00039696693420410156,0.01837921142578125,0.014869451522827148,0.01131892204284668,0.03645589000007021,0.05758877599873813
1784810207.8020093,118.94096851348877,8.1,0.0081,8.1,0.009695226196298982,9.695226196298982,0.0,0.0,0.058,0.06978937489836125,0.06978937489836125,-0.03262167342337498,-0.10146508252647707,0.0,-0.0003262167342337498,0.0502483499268201,-0.0010146508252647708,0.48,0.01,0.72,0.01,nan,0.18562041506598803,0.18562041506598803,0.18465138447755353,0.18465138447755353,0.203000009059906,-0.06667243919748575,-0.06667243919748575,-0.05704205900155391,-0.05704205900155391,-6.478765612882853e-08,0.19012080471181833,0.2030188862055628,0.18934691982219365,0.18112002542015773,0.2005229635408961,0.17995584913291343,-0.012898081493744468,-0.019402938120738372,0.006998161646702107,0.0046819740212612265,-0.0007738848896246681,-0.0011641762872443022,nan,1.0,0.0,-1.4475379650430318,0.6187347168866268,3.4579999446868896,1.0,0,1,1,0,2.710076332092285,-7.512089729309082,0.27104127396505195,FOLLOW_MAIN,cascade_pd_tracking,follow_main,inner_wheel_pd,lidar_disabled,FOLLOW_MAIN,COMMITTED,UNKNOWN,1,1,1,1,1,1,1,0.42022228240966797,0.4164774417877197,0.435715913772583,0.43236374855041504,0.00010824203491210938,0.424670934677124,0.056222347000584705,0.07735523299925262
1784810207.8532298,118.99218893051147,5.800000000000001,0.0058000000000000005,5.800000000000001,0.0067805880929909575,6.780588092990958,0.0,0.0,0.042,0.048579641809798124,0.048579641809798124,-0.009364148889822324,-0.06770403426939747,0.0,-9.364148889822325e-05,0.03497734210305465,-0.0006770403426939747,0.48,0.01,0.72,0.01,nan,0.19149448408801306,0.19149448408801306,0.19149448408801306,0.19134827907719495,0.1848750114440918,-0.05194161139867392,-0.05194161139867392,-0.042592121346912565,-0.04258721236731976,-0.09456522762775421,0.19500054285742355,0.1938616293537932,0.19500054285742355,0.18798842531860258,0.1847460095385372,0.18798842531860258,0.0,0.0,0.006218737452581296,0.010554131970674589,0.0,0.0,nan,1.0,0.0,-1.4088104120558542,0.6383149469600435,3.380000114440918,1.0,0,1,1,0,2.7872238159179688,-7.49060583114624,0.27104127396505195,FOLLOW_MAIN,cascade_pd_tracking,follow_main,inner_wheel_pd,lidar_disabled,FOLLOW_MAIN,COMMITTED,UNKNOWN,1,1,1,1,1,1,1,0.0037686824798583984,0.00014638900756835938,0.019528865814208984,0.0159146785736084,0.011876583099365234,0.007868528366088867,0.1625832369991258,0.14147155599857797
1784810208.3229294,119.46188855171204,5.5,0.0055,5.5,0.00604348388344368,6.04348388344368,0.0,0.0,0.039,0.04363375096125384,0.04363375096125384,-0.005363666321248378,-0.051419360118393515,0.0,-5.3636663212483785e-05,0.031416300692102765,-0.0005141936011839351,0.48,0.01,0.72,0.01,nan,0.19191174520568038,0.19191174520568038,0.19191174520568038,0.19191174520568038,0.1848750114440918,-0.04851333358376014,-0.04851333358376014,-0.03978093353868322,-0.03978093353868322,-0.0315217524766922,0.19518639522258419,0.18891390369235547,0.19518639522258419,0.18863709518877658,0.18330421844849712,0.18863709518877658,0.0,0.0,0.005397285728017435,0.009160004951373178,0.0,0.0,nan,1.0,0.0,-1.4088974002434762,0.639705817352268,3.380000114440918,1.0,0,1,1,0,2.814934253692627,-7.483306884765625,0.2575496401758138,FOLLOW_MAIN,cascade_pd_tracking,follow_main,inner_wheel_pd,lidar_disabled,FOLLOW_MAIN,COMMITTED,UNKNOWN,1,1,1,1,1,1,1,0.00010323524475097656,0.4470951557159424,0.4436030387878418,0.4625976085662842,0.4399383068084717,0.4361250400543213,0.016661637000652263,0.009382644000652363
1784810208.3767264,119.51568555831909,35.300000000000004,0.035300000000000005,35.300000000000004,0.03284666981775531,32.84666981775531,0.03284666981775531,32.84666981775531,0.255,0.23004786736025662,0.23004786736025662,0.04598872125722264,0.30362510750547766,0.015766401512522548,0.00045988721257222645,0.16563446449938476,0.003036251075054777,0.48,0.01,0.72,0.01,nan,0.17795496379347048,0.17795496379347048,0.17772340854766033,0.17672913522711373,0.18850000202655792,-0.2164732584089994,-0.2164732584089994,-0.18634119757385145,-0.19510649228623264,0.0,0.19256690873607793,0.1843075452862291,0.19306247054306885,0.16334301885086303,0.17932089049438266,0.16238434655225184,0.008259363449848817,-0.01597787164351963,-0.024994029932614768,-0.11649462498120973,0.000495561806990929,-0.0009586722986111778,nan,1.0,0.0,-0.7512162429711479,0.5931832126449016,3.312000036239624,1.0,0,1,1,0,2.8994786739349365,-7.4627485275268555,0.2245153121247922,FOLLOW_MAIN,cascade_pd_tracking,follow_main,inner_wheel_pd,lidar_disabled,FOLLOW_MAIN,COMMITTED,HOLD,1,1,1,1,1,1,2,8.273124694824219e-05,0.018439292907714844,0.014921903610229492,0.011421442031860352,0.007663726806640625,0.003932952880859375,0.07246498399945267,0.007374086000709212
1784810208.7917302,119.93068933486938,36.1,0.0361,36.1,0.03408276206866861,34.08276206866861,0.03408276206866861,34.08276206866861,0.261,0.24261981467618104,0.24261981467618104,0.03833869002620762,0.26594067785322084,0.01635972579296093,0.0003833869002620762,0.17468626656685035,0.0026594067785322083,0.48,0.01,0.72,0.01,nan,0.17638967140174655,0.17638967140174655,0.17584329681146063,0.17672913522711373,0.18850000202655792,-0.22638914444782238,-0.22638914444782238,-0.19227653791439156,-0.19510649228623264,0.0,0.19167093865197457,0.1843075452862291,0.19167093865197457,0.16110840415151853,0.17932089049438266,0.1600156549709467,0.0,-0.018212486342864126,-0.07022149742458908,-0.10113157225943532,0.0,-0.0010927491805718475,nan,1.0,0.0,-0.6990873908114928,0.5879655713391552,3.312000036239624,1.0,0,1,1,0,2.8994786739349365,-7.4627485275268555,0.22208820186238026,FOLLOW_MAIN,cascade_pd_tracking,follow_main,inner_wheel_pd,lidar_disabled,FOLLOW_MAIN,COMMITTED,UNKNOWN,1,1,1,1,1,1,1,9.965896606445312e-05,0.4115786552429199,0.42991185188293457,0.42641139030456543,0.4080803394317627,0.4046289920806885,0.029572897999969427,0.04858544700073253
1784810208.8419924,119.98095154762268,37.800000000000004,0.03780000000000001,37.800000000000004,0.03603371335145141,36.03371335145141,0.03603371335145141,36.03371335145141,0.273,0.25925049154722,0.25925049154722,0.02756790539559295,0.19884768204637376,0.017296182408696677,0.00027567905395592954,0.1866603539139984,0.0019884768204637376,0.48,0.01,0.72,0.01,nan,0.17849563889355524,0.17849563889355524,0.178386139237471,0.17852577785797547,0.17399999499320984,-0.23804298764941978,-0.23804298764941978,-0.20373964315674012,-0.20373169954327702,-0.0630435049533844,0.19456354055989108,0.18466604404169024,0.19515739035098315,0.1624277372272194,0.17597522228156198,0.16161488812395886,0.009897496518200849,-0.013547485054342584,0.08370066690135278,0.07205096795075884,0.0005938497910920509,-0.000812849103260555,nan,1.0,0.0,-0.5819972507593235,0.5949854629785175,3.242000102996826,1.0,0,1,1,0,2.9900565147399902,-7.443476676940918,0.20550762358436603,FOLLOW_MAIN,cascade_pd_tracking,follow_main,inner_wheel_pd,lidar_disabled,FOLLOW_MAIN,COMMITTED,HOLD,1,1,1,1,1,1,2,0.014447689056396484,0.010993003845214844,0.007552385330200195,0.004072904586791992,0.0001494884490966797,0.018284320831298828,0.30921033899903705,0.006091453999033547
1784810209.3031898,120.4421489238739,43.5,0.0435,43.5,0.0401961430281831,40.1961430281831,0.0401961430281831,40.1961430281831,0.316,0.29103441311778394,0.29103441311778394,0.009001977821114933,0.06678798410519039,0.019294148653527885,9.001977821114932e-05,0.20954477744480443,0.0006678798410519039,0.48,0.01,0.72,0.01,nan,0.19064539823547128,0.19064539823547128,0.19064539823547128,0.17812967639889116,0.2029999941587448,-0.23891189953058492,-0.23891189953058492,-0.19590775761507973,-0.21225224972405066,-0.25217390060424805,0.20677195145378577,0.20687398622172276,0.20677195145378577,0.17451884501715678,0.1787878746405785,0.17451884501715678,0.0,0.0,-0.134829562153325,0.0004360981575880496,0.0,0.0,nan,1.0,0.0,-0.07057846296540919,0.6354846607849043,3.197000026702881,1.0,0,1,1,0,3.075472354888916,-7.428622245788574,0.19352947594039424,FOLLOW_MAIN,cascade_pd_tracking,follow_main,inner_wheel_pd,lidar_disabled,FOLLOW_MAIN,COMMITTED,HOLD,1,1,1,1,1,1,2,0.4159119129180908,9.441375732421875e-05,0.4460563659667969,0.42711687088012695,0.4234275817871094,0.4199252128601074,0.08995510400018247,0.0083809569987352
1784810209.3567953,120.49575448036194,45.6,0.0456,45.6,0.04196184879039505,41.96184879039505,0.04196184879039505,41.96184879039505,0.332,0.3043769642605745,0.3043769642605745,0.011701119566087333,0.08750954149464948,0.020141687419389622,0.00011701119566087334,0.21915141426761361,0.0008750954149464949,0.48,0.01,0.72,0.01,nan,0.1939628104487679,0.1939628104487679,0.1939628104487679,0.1939628104487679,0.2029999941587448,-0.24873128760839752,-0.24873128760839752,-0.20395965583888598,-0.20395965583888598,-0.25217390060424805,0.21075217236233473,0.20687398622172276,0.21075217236233473,0.17717344853520106,0.1787878746405785,0.17717344853520106,0.0,0.0,-0.10260767875137025,0.00033187840220806896,0.0,0.0,nan,1.0,0.0,0.1493393328729553,0.646542701495893,3.197000026702881,1.0,0,1,1,0,3.075472354888916,-7.428622245788574,0.1697629557020524,FOLLOW_MAIN,cascade_pd_tracking,follow_main,inner_wheel_pd,lidar_disabled,FOLLOW_MAIN,COMMITTED,HOLD,1,1,1,1,1,1,2,0.003892660140991211,0.00015234947204589844,0.018193721771240234,0.014881372451782227,0.011474370956420898,0.007859945297241211,0.039178784001705935,0.04934576300001936
1784810209.782602,120.9215612411499,49.2,0.0492,49.2,0.04658634509979012,46.58634509979012,0.04658634509979012,46.58634509979012,0.359,0.3391611630505671,0.3391611630505671,0.01661437948081225,0.12464407607076333,0.02236144564789926,0.0001661437948081225,0.2441960373964083,0.0012464407607076333,0.48,0.01,0.72,0.01,nan,0.1671798711986965,0.1671798711986965,0.16653356436023303,0.19587565266515075,0.1667499989271164,-0.29437791880252073,-0.29437791880252073,-0.2492413246408827,-0.20361059188121927,-0.1260869801044464,0.18705038071786667,0.18614400546621285,0.18705038071786667,0.14730936167952635,0.16885292296164212,0.1460167480025994,0.0,-0.021543561282115764,-0.025917150549528124,-0.036846203508392725,0.0,-0.0012926136769269459,nan,1.0,0.0,0.5397872260266894,0.5572662373289884,3.1659998893737793,1.0,0,1,1,0,3.161069869995117,-7.42110538482666,0.12134586551811144,FOLLOW_MAIN,cascade_pd_tracking,follow_main,inner_wheel_pd,lidar_disabled,FOLLOW_MAIN,COMMITTED,UNKNOWN,1,1,1,1,1,1,1,0.3921060562133789,9.298324584960938e-05,0.4066939353942871,0.40326690673828125,0.3996553421020508,0.3958549499511719,0.2662224569994578,0.003731765998963965
1784810209.8725169,121.01147603988647,49.2,0.0492,49.2,0.04658634509979012,46.58634509979012,0.04658634509979012,46.58634509979012,0.359,0.3391611630505671,0.3391611630505671,0.01661437948081225,0.12464407607076333,0.02236144564789926,0.0001661437948081225,0.2441960373964083,0.0012464407607076333,0.48,0.01,0.72,0.01,nan,0.1665239834201439,0.1665239834201439,0.1658580697599893,0.16544386773818864,0.1667499989271164,-0.2943434439060164,-0.2943434439060164,-0.24945124180036735,-0.24958057323218294,-0.1260869801044464,0.1863921658838,0.18614400546621285,0.1863921658838,0.1466558009564878,0.16885292296164212,0.14532397363617855,0.0,-0.022197122005154307,-0.022083074887873207,-0.0354215214983458,0.0,-0.0013318273203092583,nan,1.0,0.0,0.5397872260266894,0.5550799447338131,3.1659998893737793,1.0,0,1,1,0,3.161069869995117,-7.42110538482666,0.07652222003168048,FOLLOW_MAIN,cascade_pd_tracking,follow_main,inner_wheel_pd,lidar_disabled,FOLLOW_MAIN,COMMITTED,UNKNOWN,1,1,1,1,1,1,1,0.061582326889038086,0.058193206787109375,0.054891109466552734,0.05151534080505371,0.04772782325744629,6.914138793945312e-05,0.2902364759993361,0.027745784998842282
1784810210.319818,121.45877718925476,49.800000000000004,0.049800000000000004,49.800000000000004,0.049003912050146814,49.003912050146816,0.049003912050146814,49.003912050146816,0.363,0.35751160271213556,0.35751160271213556,0.01091430576819367,0.08232408543506003,0.02352187778407047,0.0001091430576819367,0.2574083539527376,0.0008232408543506004,0.48,0.01,0.72,0.01,nan,0.16365572618863602,0.16365572618863602,0.16287269977323512,0.1605673905280142,0.1667499989271164,-0.30968420356085125,-0.30968420356085125,-0.2634533678181017,-0.2449721565597544,-0.1260869801044464,0.1845594099289935,0.18614400546621285,0.1845594099289935,0.14275204244827855,0.16885292296164212,0.14118598961747675,0.0,-0.026100880513363567,-0.015331174528168566,-0.047033776768052246,0.0,-0.001566052830801814,nan,1.0,0.0,0.6163187004140446,0.5455190872954534,3.1710000038146973,1.0,0,1,1,0,3.161069869995117,-7.42110538482666,0.06359802422704305,FOLLOW_MAIN,cascade_pd_tracking,follow_main,inner_wheel_pd,lidar_disabled,FOLLOW_MAIN,COMMITTED,HOLD,1,1,1,1,1,1,2,9.274482727050781e-05,0.4403343200683594,0.437014102935791,0.4337575435638428,0.4299323558807373,0.4263129234313965,0.03418196100028581,0.08248425999954634
1784810210.3718946,121.51085376739502,-28.6,-0.0286,-28.6,0.02637899694911078,26.378996949110782,0.02637899694911078,26.378996949110782,-0.202,0.27898887733822697,0.27898887733822697,-0.06215482865689548,-0.19219987050048834,0.012661918535573174,-0.0006215482865689547,0.2008719916835234,-0.0019219987050048835,0.48,0.01,0.72,0.01,nan,0.14958031995903084,0.14958031995903084,0.14901860792994784,0.14901860792994784,0.15587501227855682,-0.25231221396198356,-0.2543172233248999,-0.20171636218052066,-0.20171636218052066,-0.22065217792987823,0.1667467325334616,0.18547046683622836,0.16562330847529558,0.1324139073846001,0.13980189688927436,0.1324139073846001,-0.018723734302766776,0.0,0.06963166413563927,0.009789967362150672,-0.0011234240581660066,0.0,nan,1.0,0.0,-3.8249999999999997,0.49860106653010283,3.2990000247955322,1.0,0,1,1,0,3.256268262863159,-7.430986404418945,-0.18104232250942082,FOLLOW_MAIN,cascade_pd_tracking,follow_main,inner_wheel_pd,lidar_disabled,FOLLOW_MAIN,COMMITTED,HOLD,1,1,1,1,1,1,2,0.009816646575927734,0.006577253341674805,0.0033245086669921875,9.894371032714844e-05,0.016799449920654297,0.013307571411132812,0.04302755000026082,0.02134597799886251
1784810210.8207066,121.95966577529907,-28.6,-0.0286,-28.6,0.02637899694911078,26.378996949110782,0.02637899694911078,26.378996949110782,-0.202,0.27898887733822697,0.27898887733822697,-0.06215482865689548,-0.19219987050048834,0.012661918535573174,-0.0006215482865689547,0.2008719916835234,-0.0019219987050048835,0.48,0.01,0.72,0.01,nan,0.14192788441940024,0.14192788441940024,0.14068538657279916,0.14068538657279916,0.15587501227855682,-0.25373729156904057,-0.25373729156904057,-0.20390479722892008,-0.20390479722892008,-0.22065217792987823,0.15905515160031047,0.18547046683622836,0.1574702326861554,0.12480061723849001,0.13980189688927436,0.12390054045944295,-0.02641531523591789,-0.01500127965078435,0.012453229586414163,-0.08458069248873341,-0.0015849189141550733,-0.0009000767790470609,nan,1.0,0.0,-3.8249999999999997,0.4730929480646675,3.2990000247955322,1.0,0,1,1,0,3.256268262863159,-7.430986404418945,-0.27699433933439715,FOLLOW_MAIN,cascade_pd_tracking,follow_main,inner_wheel_pd,lidar_disabled,FOLLOW_MAIN,COMMITTED,HOLD,1,1,1,1,1,1,2,0.43669581413269043,0.43308234214782715,0.42945432662963867,0.4258570671081543,7.677078247070312e-05,0.440720796585083,0.06496751000122458,0.043285937999826274
1784810210.8725095,122.01146864891052,42.400000000000006,0.04240000000000001,42.400000000000006,0.03987751500109868,39.87751500109868,0.03987751500109868,39.87751500109868,0.294,0.2869998588353169,0.2869998588353169,0.02226148989614634,0.012611528888365867,0.019141207200527366,0.0002226148989614634,0.20663989836142818,0.0001261152888836587,0.48,0.01,0.72,0.01,nan,0.17643428659756874,0.17643428659756874,0.17769888226078845,0.17769888226078845,0.16312500834465027,-0.2470888165365494,-0.2470888165365494,-0.204892475856198,-0.204892475856198,-0.22065217792987823,0.19311278171378582,0.16890862381062452,0.1945650311879755,0.15975579148135166,0.14180676061052225,0.16083273333360143,0.0242041579031613,0.017949030870829413,-0.01688702853487096,-0.027606975885395384,0.0014522494741896778,0.0010769418522497648,nan,1.0,0.0,0.453,0.5881142886585625,3.38100004196167,1.0,0,1,1,0,3.3248486518859863,-7.4517059326171875,-0.3254753487421708,FOLLOW_MAIN,cascade_pd_tracking,follow_main,inner_wheel_pd,lidar_disabled,FOLLOW_MAIN,COMMITTED,HOLD,1,1,1,1,1,1,2,0.004132747650146484,0.019516944885253906,0.015865564346313477,0.03455185890197754,0.00022649765014648438,0.008172750473022461,0.08721632299966586,0.029164194000259158
1784810211.3376136,122.4765727519989,36.0,0.036,36.0,0.041557529226035464,41.55752922603546,0.041557529226035464,41.55752922603546,0.252,0.29166206167828934,0.29166206167828934,0.018889662364094954,0.020713459185301465,0.019947614028497023,0.00018889662364094954,0.20999668440836833,0.00020713459185301466,0.48,0.01,0.72,0.01,nan,0.17664020534916786,0.17664020534916786,0.17791715613748352,0.17791715613748352,0.16312500834465027,-0.2521380391661685,-0.25170863847908626,-0.20890802508865128,-0.20890802508865128,-0.22065217792987823,0.19363053844650618,0.16890862381062452,0.19511385332465908,0.15964987225182953,0.14180676061052225,0.16072045895030795,0.024721914635881664,0.01784311164130728,-0.009362979345465122,-0.021317671051592404,0.0014833148781529,0.0010705866984784367,nan,1.0,0.0,0.339,0.5888006844972262,3.38100004196167,1.0,0,1,1,0,3.3248486518859863,-7.4517059326171875,-0.3446718585349434,FOLLOW_MAIN,cascade_pd_tracking,follow_main,inner_wheel_pd,lidar_disabled,FOLLOW_MAIN,COMMITTED,HOLD,1,1,1,1,1,1,2,7.319450378417969e-05,0.4538717269897461,0.450502872467041,0.44716310501098633,0.4437592029571533,0.4403541088104248,0.0008155939995049266,0.07436276499902306
1784810211.3889806,122.52793979644775,-8.3,-0.0083,-8.3,-0.005603444977014598,-5.603444977014598,0.0,0.0,-0.059000000000000004,0.055817440990783465,0.055817440990783465,-0.053137596324030166,-0.43520303266300003,0.0,-0.0005313759632403017,0.040188557513364094,-0.004352030326630001,0.48,0.01,0.72,0.01,nan,0.14884753788139404,0.14884753788139404,0.14641045855942575,0.14641045855942575,0.19212499260902405,-0.05971132160615085,-0.06812572792230992,-0.04891215108444702,-0.04891215108444702,-0.22065217792987823,0.15344602451614997,0.2036003717989487,0.15043676367918205,0.14424905124663812,0.17533068136278301,0.14238415343966943,-0.05015434728279872,-0.031081630116144898,-0.12875643308535067,-0.04540544207320228,-0.003009260836967923,-0.0018648978069686938,nan,1.0,0.0,-1.9279999999999997,0.49615845960464683,2.7860000133514404,1.0,0,1,1,0,3.4047250747680664,-7.483428478240967,-0.39794410657717644,FOLLOW_MAIN,cascade_pd_tracking,follow_main,inner_wheel_pd,lidar_disabled,FOLLOW_MAIN,COMMITTED,HOLD,1,1,1,1,1,1,2,0.01201939582824707,0.00829625129699707,0.026953935623168945,0.023480653762817383,0.00440216064453125,0.00018286705017089844,0.06979305499953625,0.06159463400035747
1784810211.839028,122.97798705101013,-9.0,-0.009,-9.0,-0.006980222769499273,-6.980222769499273,0.0,0.0,-0.064,-0.002804801684991528,0.0,-0.039928081489634164,-0.4888474578453018,0.0,-0.00039928081489634166,0.0,-0.004888474578453018,0.48,0.01,0.72,0.01,nan,0.1532857472058432,0.15221595788129105,0.14998098375931657,0.225221522012718,0.19212499260902405,0.0,-0.052336259172792665,-0.03518794484736658,0.002045312490209339,-0.22065217792987823,0.15574865537545457,0.2036003717989487,0.1528775523900449,0.14868326038712754,0.17533068136278301,0.14708441512858822,-0.04785171642349412,-0.026647420975655478,-0.09757390514919251,-0.011879097780833923,-0.002871102985409647,-0.0015988452585393286,nan,1.0,0.0,-1.436,0.510952490686144,2.7860000133514404,1.0,0,1,1,0,3.4047250747680664,-7.483428478240967,-0.39794410657717644,FOLLOW_MAIN,cascade_pd_tracking,follow_main,inner_wheel_pd,lidar_disabled,FOLLOW_MAIN,COMMITTED,HOLD,1,1,1,1,1,1,2,0.4459099769592285,0.4422338008880615,0.43870019912719727,0.00012373924255371094,0.4544253349304199,0.45020556449890137,0.005104229998323717,0.08264725899971381
1784810211.8908045,123.02976369857788,-2.7,-0.0027,-2.7,-0.002618958945604895,-2.618958945604895,0.0,0.0,-0.019,-0.01744841477479932,0.0,-0.010877550009067824,-0.107918298772426,0.0,-0.00010877550009067825,0.0,-0.00107918298772426,0.48,0.01,0.72,0.01,nan,0.22489454609418572,0.22489454609418572,0.22769711905964832,0.22769711905964832,0.2029999941587448,0.0,0.0,0.0010996864218393873,0.0010996864218393873,0.0,0.22489454609418572,0.17969371279733254,0.2276065960919969,0.22489454609418572,0.17667628054228535,0.22778764202729973,0.04520083329685318,0.04821826555190037,-0.05819531782136844,-0.11639615238526102,0.0027120499978111907,0.002893095933114022,nan,1.0,0.0,-0.942,0.749648486980619,3.178999900817871,1.0,0,1,1,0,3.476888656616211,-7.519248962402344,-0.47369064181790943,FOLLOW_MAIN,cascade_pd_tracking,follow_main,inner_wheel_pd,lidar_disabled,FOLLOW_MAIN,COMMITTED,HOLD,1,1,1,1,1,1,2,9.036064147949219e-05,0.014650106430053711,0.011107683181762695,0.030651569366455078,0.007384300231933594,0.003816366195678711,0.09400422299950151,0.0033500610006740317
1784810212.3113987,123.45035791397095,-2.3000000000000003,-0.0023000000000000004,-2.3000000000000003,-0.0024400467175902836,-2.440046717590284,0.0,0.0,-0.017,-0.017196887462148258,0.0,-0.007826117202768528,-0.07764443774676565,0.0,-7.826117202768528e-05,0.0,-0.0007764443774676565,0.48,0.01,0.72,0.01,nan,0.22663936323726172,0.22663936323726172,0.2295466252313089,0.2314618393439866,0.2029999941587448,0.0,0.0,0.0010996864218393873,0.0010996864218393873,0.0,0.22663936323726172,0.17969371279733254,0.22945610226365748,0.22663936323726172,0.17667628054228535,0.2296371481989603,0.04694565043992918,0.049963082694976374,-0.04022996456046779,-0.09137680538626326,0.002816739026395751,0.002997784961698582,nan,1.0,0.0,-0.9309999999999999,0.7554645441242057,3.178999900817871,1.0,0,1,1,0,3.476888656616211,-7.519248962402344,-0.476401935986009,FOLLOW_MAIN,cascade_pd_tracking,follow_main,inner_wheel_pd,lidar_disabled,FOLLOW_MAIN,COMMITTED,HOLD,1,1,1,1,1,1,2,0.4206838607788086,0.4170536994934082,0.4317007064819336,0.4136393070220947,0.4101278781890869,9.918212890625e-05,0.014613708000979386,0.022729906000677147
1784810212.3622305,123.50118970870972,-3.0,-0.003,-3.0,-0.0026291624323598337,-2.6291624323598337,0.0,0.0,-0.021,-0.018754445754082836,0.0,-0.0022797573223864204,-0.022617917788548735,0.0,-2.2797573223864204e-05,0.0,-0.00022617917788548734,0.48,0.01,0.72,0.01,nan,0.21709336079380342,0.21709336079380342,0.21639467771093945,0.21407714997470634,0.22837498784065247,-0.018084980898729796,-0.018084980898729796,-0.015796854392198748,-0.0161435934638852,-0.03152172267436981,0.2183140970044677,0.22863190491543767,0.2176950285298095,0.21587262458313916,0.22884425276763437,0.21509432689206945,-0.010317807910969978,-0.01297162818449521,-0.19059949170139734,-0.1876146558250164,-0.0006190684746581987,-0.0007782976910697126,nan,1.0,0.0,-1.4729999999999999,0.7236445359793447,3.131999969482422,1.0,0,1,1,0,3.5680530071258545,-7.566364765167236,-0.4807201561518506,FOLLOW_MAIN,cascade_pd_tracking,follow_main,inner_wheel_pd,lidar_disabled,FOLLOW_MAIN,COMMITTED,UNKNOWN,1,1,1,1,1,1,1,0.011330366134643555,0.007628679275512695,0.022930383682250977,0.004098653793334961,0.00019121170043945312,0.015441417694091797,0.10471353499997349,0.006500102999780211
1784810212.7966473,123.93560647964478,-3.2,-0.0032,-3.2,-0.002859192075092148,-2.8591920750921482,0.0,0.0,-0.023,-0.020147357600127445,0.0,-0.0015476258284851455,-0.015354298201998903,0.0,-1.5476258284851456e-05,0.0,-0.00015354298201998904,0.48,0.01,0.72,0.01,nan,0.21265444105368866,0.21265444105368866,0.21168942278641784,0.21168942278641784,0.22837498784065247,-0.018707842724963574,-0.018707842724963574,-0.016338245891561003,-0.016338245891561003,-0.03152172267436981,0.2139172204376237,0.22863190491543767,0.21303433936895486,0.21139166166975362,0.22884425276763437,0.2103445062038808,-0.01471468447781396,-0.01745259109788075,-0.1717768597809728,-0.16997317041861454,-0.0008828810686688376,-0.0010471554658728448,nan,1.0,0.0,-1.6129999999999998,0.7088481368456289,3.131999969482422,1.0,0,1,1,0,3.5680530071258545,-7.566364765167236,-0.4753614517875922,FOLLOW_MAIN,cascade_pd_tracking,follow_main,inner_wheel_pd,lidar_disabled,FOLLOW_MAIN,COMMITTED,UNKNOWN,1,1,1,1,1,1,1,0.40848827362060547,0.40499281883239746,0.40160131454467773,0.3981325626373291,0.3945643901824951,7.843971252441406e-05,0.02848056400034693,0.046471222000036505
1784810212.8473036,123.98626279830933,-5.2,-0.0052,-5.2,-0.00436717998443113,-4.36717998443113,0.0,0.0,-0.037,-0.031071469346528574,-0.031071469346528574,-0.00031429158051753624,-0.05140174916469514,0.0,-3.1429158051753626e-06,-0.02237145792950057,-0.0005140174916469514,0.48,0.01,0.72,0.01,nan,0.1743551054176121,0.1743551054176121,0.17110234268833485,0.17110234268833485,0.23199999332427979,0.0,0.0,-0.001062629189617073,-0.001062629189617073,0.0,0.1743551054176121,0.22710994215964822,0.17118981521308993,0.1743551054176121,0.23002569298481693,0.1710148701635798,-0.052754836742036126,-0.05567058756720483,-0.05479581608912405,-0.043600761875143404,-0.0031652902045221673,-0.00334023525403229,nan,1.0,0.0,-1.7859999999999998,0.5811836847253736,3.062000036239624,1.0,0,1,1,0,3.6566574573516846,-7.6107707023620605,-0.4622169971495932,FOLLOW_MAIN,cascade_pd_tracking,follow_main,inner_wheel_pd,lidar_disabled,FOLLOW_MAIN,COMMITTED,HOLD,1,1,1,1,1,1,2,0.010683059692382812,0.007212162017822266,0.003635883331298828,0.00010418891906738281,0.018568992614746094,0.014611005783081055,0.010287053000865853,0.08451985499959846
1784810212.898676,124.03763508796692,-5.2,-0.0052,-5.2,-0.00436717998443113,-4.36717998443113,0.0,0.0,-0.037,-0.031071469346528574,-0.031071469346528574,-0.00031429158051753624,-0.05140174916469514,0.0,-3.1429158051753626e-06,-0.02237145792950057,-0.0005140174916469514,0.48,0.01,0.72,0.01,nan,0.17347217881654148,0.17347217881654148,0.1707352429875339,0.1707352429875339,0.21025000512599945,0.0,0.0,-0.0005126861301299776,-0.0005126861301299776,3.2393828064414265e-08,0.17347217881654148,0.21838439560520884,0.17077744580922144,0.17347217881654148,0.2197911563281265,0.17069304016584638,-0.04491221678866736,-0.046318977511585036,0.0006118563179484129,0.017426105604657,-0.002694733007320041,-0.002779138650695102,nan,1.0,0.0,-1.7859999999999998,0.5782405960551383,3.062000036239624,1.0,0,1,1,0,3.6736392974853516,-7.6191182136535645,-0.4568582845714904,FOLLOW_MAIN,cascade_pd_tracking,follow_main,inner_wheel_pd,lidar_disabled,FOLLOW_MAIN,COMMITTED,HOLD,1,1,1,1,1,1,2,0.007649660110473633,0.0039234161376953125,0.02259063720703125,0.019315481185913086,0.00013446807861328125,0.011732339859008789,0.05039820900128689,0.03717029900144553
1784810213.3351512,124.47411036491394,-8.3,-0.0083,-8.3,-0.006684311826061447,-6.684311826061447,0.0,0.0,-0.059000000000000004,-0.04772319204080547,-0.04772319204080547,-0.00010593850264926694,-0.053279699295797796,0.0,-1.0593850264926694e-06,-0.03436069826937994,-0.000532796992957978,0.48,0.01,0.72,0.01,nan,0.18036069057890963,0.18036069057890963,0.18123768318551922,0.1707352429875339,0.15587499737739563,0.019049478315729357,0.019049478315729357,0.016968743331812596,-0.0005126861301299776,-0.0315217524766922,0.1790748507925979,0.1663079323515793,0.17984086589905904,0.18164653036522135,0.16518036191925384,0.1826345004719794,0.012766918441018599,0.016466168445967516,0.1339732243502315,0.15907858954655743,0.0007660151064611158,0.0009879701067580509,nan,1.0,0.0,-1.4729999999999999,0.6012023019296988,3.009000062942505,1.0,0,1,1,0,3.7453360557556152,-7.654263973236084,-0.4568582845714904,FOLLOW_MAIN,cascade_pd_tracking,follow_main,inner_wheel_pd,lidar_disabled,FOLLOW_MAIN,COMMITTED,UNKNOWN,1,1,1,1,1,1,1,0.43237876892089844,7.43865966796875e-05,0.4590182304382324,0.45574259757995605,0.43656110763549805,0.44815850257873535,0.16405716600093,0.009192217999952845
1784810213.38565,124.5246090888977,-8.3,-0.0083,-8.3,-0.006684311826061447,-6.684311826061447,0.0,0.0,-0.059000000000000004,-0.04772319204080547,-0.04772319204080547,-0.00010593850264926694,-0.053279699295797796,0.0,-1.0593850264926694e-06,-0.03436069826937994,-0.000532796992957978,0.48,0.01,0.72,0.01,nan,0.18218290449434188,0.18218290449434188,0.1831692299358774,0.1831692299358774,0.15587499737739563,0.019029694987365234,0.019029694987365234,0.016951547662798643,0.016951547662798643,-0.0315217524766922,0.18089840008269473,0.1663079323515793,0.18177382814656165,0.18346740890598903,0.16518036191925384,0.18456463172519313,0.014590467731115414,0.018287046986735195,0.10937334379346358,0.12789566877180977,0.0008754280638669248,0.0010972228192041116,nan,1.0,0.0,-1.4729999999999999,0.607276348314473,3.009000062942505,1.0,0,1,1,0,3.7453360557556152,-7.654263973236084,-0.4565740870702438,FOLLOW_MAIN,cascade_pd_tracking,follow_main,inner_wheel_pd,lidar_disabled,FOLLOW_MAIN,COMMITTED,UNKNOWN,1,1,1,1,1,1,1,0.0001347064971923828,0.018943071365356445,0.015491962432861328,0.011850357055664062,0.007946491241455078,0.004082441329956055,0.20954634900044766,0.0546814009994705
1784810213.7982917,124.93725085258484,-8.3,-0.0083,-8.3,-0.006684311826061447,-6.684311826061447,0.0,0.0,-0.059000000000000004,-0.04772319204080547,-0.04772319204080547,-0.00010593850264926694,-0.053279699295797796,0.0,-1.0593850264926694e-06,-0.03436069826937994,-0.000532796992957978,0.48,0.01,0.72,0.01,nan,0.18297198923221997,0.18297198923221997,0.18400565975802818,0.200214823952773,0.15587499737739563,0.019015666348401235,0.019015666348401235,0.016939353969811253,0.023555159023277025,-0.0315217524766922,0.1816884317537029,0.1663079323515793,0.1826112617178303,0.18425554671073704,0.16518036191925384,0.18540005779822605,0.015380499402123576,0.019075184791483207,0.0981744596325894,0.1139638962284945,0.0009228299641274145,0.0011445110874889924,nan,1.0,0.0,-1.4729999999999999,0.6099066307740666,3.009000062942505,1.0,0,1,1,0,3.7453360557556152,-7.654263973236084,-0.4522243853114457,FOLLOW_MAIN,cascade_pd_tracking,follow_main,inner_wheel_pd,lidar_disabled,FOLLOW_MAIN,COMMITTED,UNKNOWN,1,1,1,1,1,1,1,0.4003121852874756,0.39670252799987793,0.3930854797363281,7.224082946777344e-05,0.4086310863494873,0.40423059463500977,0.233380830999522,0.07851588299854484
1784810213.849442,124.98840117454529,-10.3,-0.0103,-10.3,-0.009352094410195189,-9.352094410195189,0.0,0.0,-0.073,-0.06665360817967811,-0.06665360817967811,-1.1922352609501204e-05,-0.028539509490202886,0.0,-1.1922352609501204e-07,-0.047990597889368235,-0.00028539509490202886,0.48,0.01,0.72,0.01,nan,0.19930001626309057,0.19930001626309057,0.20090231835779407,0.20090231835779407,0.17399999499320984,0.03445975236796512,0.03445975236796512,0.02955490044114402,0.02955490044114402,0.0,0.19697398297825292,0.17204960835535615,0.19846944545562673,0.20162604954792823,0.17314035434737535,0.2033351912599614,0.02492437462289676,0.028485695200552885,0.013253653044799222,0.022645542841353596,0.0014954624773738056,0.001709141712033173,nan,1.0,0.0,-1.039,0.6643333875436352,2.9739999771118164,1.0,0,1,1,0,3.816857099533081,-7.689257621765137,-0.4552504016925946,FOLLOW_MAIN,cascade_pd_tracking,follow_main,inner_wheel_pd,lidar_disabled,FOLLOW_MAIN,COMMITTED,UNKNOWN,1,1,1,1,1,1,1,7.772445678710938e-05,0.018434524536132812,0.01489710807800293,0.011469602584838867,0.007929801940917969,0.003916263580322266,0.01143901900104538,0.04608970300068904
1784810213.901498,125.04045724868774,-10.3,-0.0103,-10.3,-0.009352094410195189,-9.352094410195189,0.0,0.0,-0.073,-0.06665360817967811,-0.06665360817967811,-1.1922352609501204e-05,-0.028539509490202886,0.0,-1.1922352609501204e-07,-0.047990597889368235,-0.00028539509490202886,0.48,0.01,0.72,0.01,nan,0.20331892377612365,0.20331892377612365,0.20451123774383345,0.20285707224945426,0.19212500751018524,0.03534888503903649,0.03534888503903649,0.02968686341447478,0.030056006385738628,0.03152172267436981,0.2009328740359887,0.18202240737022365,0.2020675020359346,0.2057049735162586,0.18487164125836406,0.20695497345173228,0.01891046666576504,0.02083333225789455,-0.026719482215539273,-0.030338191601329743,0.0011346279999459024,0.0012499999354736728,nan,1.0,0.0,-1.039,0.6777297459204122,2.9630000591278076,1.0,0,1,1,0,3.8317172527313232,-7.696480751037598,-0.449733389570823,FOLLOW_MAIN,cascade_pd_tracking,follow_main,inner_wheel_pd,lidar_disabled,FOLLOW_MAIN,COMMITTED,UNKNOWN,1,1,1,1,1,1,1,0.0036597251892089844,0.00013208389282226562,0.015360832214355469,0.031185150146484375,0.01148366928100586,0.007588386535644531,0.08887312200022279,0.02618413399977726
1784810214.3241231,125.4630823135376,-10.3,-0.0103,-10.3,-0.009352094410195189,-9.352094410195189,0.0,0.0,-0.073,-0.06665360817967811,-0.06665360817967811,-1.1922352609501204e-05,-0.028539509490202886,0.0,-1.1922352609501204e-07,-0.047990597889368235,-0.00028539509490202886,0.48,0.01,0.72,0.01,nan,0.20331892377612365,0.20331892377612365,0.20451123774383345,0.20451123774383345,0.19212500751018524,0.03534888503903649,0.03534888503903649,0.02968686341447478,0.02968686341447478,0.03152172267436981,0.2009328740359887,0.18202240737022365,0.2020675020359346,0.2057049735162586,0.18487164125836406,0.20695497345173228,0.01891046666576504,0.02083333225789455,-0.026719482215539273,-0.030338191601329743,0.0011346279999459024,0.0012499999354736728,nan,1.0,0.0,-1.039,0.6777297459204122,2.9630000591278076,1.0,0,1,1,0,3.8317172527313232,-7.696480751037598,-0.449733389570823,FOLLOW_MAIN,cascade_pd_tracking,follow_main,inner_wheel_pd,lidar_disabled,FOLLOW_MAIN,COMMITTED,UNKNOWN,1,1,1,1,1,1,1,0.00013518333435058594,0.42275357246398926,0.41920042037963867,0.41567349433898926,0.43410491943359375,0.4302103519439697,0.08887312200022279,0.02618413399977726
1784810214.3766515,125.51561069488525,-19.5,-0.0195,-19.5,-0.01598616246472525,-15.986162464725249,-0.01598616246472525,-15.986162464725249,-0.138,-0.11389804956253807,-0.11389804956253807,-0.022798336513468014,-0.07861657265356395,-0.0076733579830681195,-0.00022798336513468013,-0.08200659568502741,-0.0007861657265356395,0.48,0.01,0.72,0.01,nan,0.2568844415417365,0.2568844415417365,0.26024920239978766,0.2630812350091973,0.2029999941587448,0.07972001638777408,0.07972001638777408,0.06952798730545688,0.07011456052003595,0.0,0.2515033404355618,0.20112798133908122,0.25452586198135063,0.26226554264791124,0.20048220647602177,0.26597254281822463,0.050375359096480554,0.06178333617188947,0.06504493970395572,0.07210380830139676,0.003022521545788833,0.003707000170313368,nan,1.0,0.0,0.212,0.8562814718057884,2.882999897003174,1.0,0,1,1,0,3.9046518802642822,-7.731924533843994,-0.45222344252837615,FOLLOW_MAIN,cascade_pd_tracking,follow_main,inner_wheel_pd,lidar_disabled,FOLLOW_MAIN,COMMITTED,UNKNOWN,1,1,1,1,1,1,1,0.010352849960327148,0.006772518157958984,0.0034177303314208984,8.130073547363281e-05,0.01781749725341797,0.014157772064208984,0.032641884999975446,0.08748067499982426
1784810214.8022568,125.94121599197388,-19.5,-0.0195,-19.5,-0.01598616246472525,-15.986162464725249,-0.01598616246472525,-15.986162464725249,-0.138,-0.11389804956253807,-0.11389804956253807,-0.022798336513468014,-0.07861657265356395,-0.0076733579830681195,-0.00022798336513468013,-0.08200659568502741,-0.0007861657265356395,0.48,0.01,0.72,0.01,nan,0.26266599309470196,0.26266599309470196,0.266377647045931,0.2630812350091973,0.2029999941587448,0.08102927948481763,0.08102927948481763,0.0706659987894074,0.07011456052003595,0.0,0.25719651672947674,0.20112798133908122,0.2605606288529005,0.26813546945992717,0.20048220647602177,0.27219466523896146,0.056068535390395524,0.0676532629839054,0.08398892417608671,0.09049461838253314,0.003364112123423731,0.004059195779034324,nan,1.0,0.0,0.212,0.8755533103156732,2.8580000400543213,1.0,0,1,1,0,3.9046518802642822,-7.731924533843994,-0.4547764124627004,FOLLOW_MAIN,cascade_pd_tracking,follow_main,inner_wheel_pd,lidar_disabled,FOLLOW_MAIN,COMMITTED,UNKNOWN,1,1,1,1,1,1,1,0.3973543643951416,0.39370203018188477,6.747245788574219e-05,0.4256725311279297,0.4050905704498291,0.4014410972595215,0.07088601999930688,0.1257248099991557
1784810214.854094,125.99305319786072,-22.400000000000002,-0.022400000000000003,-22.400000000000002,-0.021109395258387634,-21.109395258387632,-0.021109395258387634,-21.109395258387632,-0.159,-0.1494936842439582,-0.1494936842439582,-0.013604598297445238,-0.07546832597963556,-0.010132509724026064,-0.00013604598297445238,-0.1076354526556499,-0.0007546832597963556,0.48,0.01,0.72,0.01,nan,0.20246616843433857,0.20246616843433857,0.1982432955603572,0.1982432955603572,0.2863749861717224,0.1342997216225938,0.1342997216225938,0.11320625995089376,0.11320625995089376,0.09456522762775421,0.1934009372248135,0.26800843136179503,0.1889244875765946,0.21153139964386364,0.2776863346395944,0.2075621035441198,-0.07460749413698153,-0.06615493499573077,-0.3481344678093852,-0.36795585772523065,-0.004476449648218892,-0.003969296099743847,nan,1.0,0.0,1.157,0.6748872281144619,2.7899999618530273,1.0,0,1,1,0,4.028160095214844,-7.790806293487549,-0.44030917008277326,FOLLOW_MAIN,cascade_pd_tracking,follow_main,inner_wheel_pd,lidar_disabled,FOLLOW_MAIN,COMMITTED,UNKNOWN,1,1,1,1,1,1,1,0.00014352798461914062,0.015492439270019531,0.030444622039794922,0.01200556755065918,0.008214473724365234,0.004271984100341797,0.08717724899906898,0.01184398199984571
1784810214.9065862,126.04554533958435,-23.200000000000003,-0.023200000000000002,-23.200000000000003,-0.021785084180569063,-21.78508418056906,-0.021785084180569063,-21.78508418056906,-0.164,-0.15447066289591288,-0.15447066289591288,-0.01206237957051534,-0.07045758857643589,-0.01045684040667315,-0.0001206237957051534,-0.11121887728505726,-0.0007045758857643589,0.48,0.01,0.72,0.01,nan,0.19302424149572012,0.19302424149572012,0.18823485300542164,0.18823485300542164,0.2863749861717224,0.13951133529246074,0.13951133529246074,0.11773619455274242,0.11773619455274242,0.09456522762775421,0.183607226363479,0.26800843136179503,0.17854315406358004,0.20244125662796122,0.2776863346395944,0.19792655194726325,-0.08440120499831602,-0.07524507801163319,-0.3233946149657813,-0.33465956578341655,-0.005064072299898961,-0.0045147046806979915,nan,1.0,0.0,1.5,0.6434141383190671,2.7899999618530273,1.0,0,1,1,0,4.028160095214844,-7.790806293487549,-0.4265333668260655,FOLLOW_MAIN,cascade_pd_tracking,follow_main,inner_wheel_pd,lidar_disabled,FOLLOW_MAIN,COMMITTED,UNKNOWN,1,1,1,1,1,1,1,0.018833398818969727,0.015110015869140625,0.011485099792480469,0.007957220077514648,0.00419163703918457,0.00017189979553222656,0.03848180100067111,0.0521142300003703
1784810215.3530738,126.49203300476074,-22.400000000000002,-0.022400000000000003,-22.400000000000002,-0.02351037632783412,-23.51037632783412,-0.02351037632783412,-23.51037632783412,-0.158,-0.16599553713534054,-0.16599553713534054,-0.005159663371677937,-0.03148388794348358,-0.011284980637360378,-5.159663371677937e-05,-0.11951678673744519,-0.0003148388794348358,0.48,0.01,0.72,0.01,nan,0.12,0.12,0.11525606529420451,0.18823485300542164,0.17762500047683716,0.1791224079399895,0.1791224079399895,0.15237297240203715,0.11773619455274242,0.09456522762775421,0.1079092374640507,0.19451039226916017,0.10271316817574414,0.13209076253594929,0.2036207645906894,0.1277989624126649,-0.08660115480510946,-0.07153000205474011,0.10585488550345051,0.09759476876225019,-0.005196069288306568,-0.004291800123284406,nan,1.0,0.0,3.59,0.4,2.7090001106262207,1.0,0,1,1,0,4.124757766723633,-7.8336992263793945,-0.4265333668260655,FOLLOW_MAIN,cascade_pd_tracking,follow_main,inner_wheel_pd,lidar_disabled,FOLLOW_MAIN,COMMITTED,UNKNOWN,1,1,1,1,1,1,1,0.442474365234375,0.00011968612670898438,0.45794177055358887,0.45441365242004395,0.45064735412597656,0.4466273784637451,0.08298970500072755,0.05057500600014464
1784810215.4033592,126.54231834411621,-21.200000000000003,-0.021200000000000004,-21.200000000000003,-0.022930527244284585,-22.930527244284583,-0.022930527244284585,-22.930527244284583,-0.15,-0.16182019156627858,-0.16182019156627858,-0.00216639270153479,-0.011380323158391574,-0.0110066530772566,-2.16639270153479e-05,-0.11651053792772058,-0.00011380323158391573,0.48,0.01,0.72,0.01,nan,0.12,0.12,0.11576676299135738,0.1157667629913574,0.18125000596046448,0.17530822528738432,0.17530822528738432,0.1476801719354315,0.14778049969319812,0.12608695030212402,0.10816669479310155,0.1841088834734236,0.10361016347228223,0.13183330520689843,0.19699901681466322,0.12792336251043254,-0.07594218868032206,-0.0651657116077648,0.1464183419793132,0.11385473337059723,-0.004556531320819323,-0.003909942696465888,nan,1.0,0.0,3.8729999999999998,0.4,2.7049999237060547,1.0,0,1,1,0,4.137269973754883,-7.83901309967041,-0.4098268921612976,FOLLOW_MAIN,cascade_pd_tracking,follow_main,inner_wheel_pd,lidar_disabled,FOLLOW_MAIN,COMMITTED,HOLD,1,1,1,1,1,1,2,0.01779794692993164,0.01451730728149414,0.011182546615600586,0.007828474044799805,0.00411677360534668,0.000156402587890625,0.035810612000204856,0.014069726001253002
1784810215.8197086,126.95866775512695,-21.200000000000003,-0.021200000000000004,-21.200000000000003,-0.022930527244284585,-22.930527244284583,-0.022930527244284585,-22.930527244284583,-0.15,-0.16182019156627858,-0.16182019156627858,-0.00216639270153479,-0.011380323158391574,-0.0110066530772566,-2.16639270153479e-05,-0.11651053792772058,-0.00011380323158391573,0.48,0.01,0.72,0.01,nan,0.12,0.12,0.1157667629913574,0.1157667629913574,0.18125000596046448,0.17542365068748378,0.17542365068748378,0.14778049969319812,0.14778049969319812,0.12608695030212402,0.10815890357859484,0.1841088834734236,0.10360190478490511,0.13184109642140515,0.19699901681466322,0.12793162119780968,-0.07594997989482877,-0.06515792039325807,0.12942324840474376,0.10072624666067465,-0.0045569987936897255,-0.003909475223595484,nan,1.0,0.0,3.8729999999999998,0.4,2.7049999237060547,1.0,0,1,1,0,4.137269973754883,-7.83901309967041,-0.4098268921612976,FOLLOW_MAIN,cascade_pd_tracking,follow_main,inner_wheel_pd,lidar_disabled,FOLLOW_MAIN,COMMITTED,HOLD,1,1,1,1,1,1,2,0.41228413581848145,0.40865588188171387,0.00014209747314453125,0.4241786003112793,0.42046618461608887,0.4165055751800537,0.05426095599977998,0.03252007000082813
1784810215.870176,127.00913524627686,-14.5,-0.0145,-14.5,-0.018102451049727034,-18.102451049727033,-0.018102451049727034,-18.102451049727033,-0.10300000000000001,-0.12854831952139728,-0.12854831952139728,0.009099585889482042,0.0638129760694438,-0.008689176503868976,9.099585889482042e-05,-0.09255479005540604,0.0006381297606944381,0.48,0.01,0.72,0.01,nan,0.12,0.12,0.12063919131656695,0.12039731270191148,0.11237499862909317,0.14407820767024457,0.14407820767024457,0.12590912109826569,0.11269058097387259,0.03152172267436981,0.11027472098225849,0.10726830140989871,0.11027472098225849,0.1297252790177415,0.10841890179884336,0.1310036616508754,0.0,0.021306377218898137,0.11515995694919011,0.13856241300924022,0.0,0.0012783826331338882,nan,1.0,0.0,4.619,0.4,2.627000093460083,1.0,0,1,1,0,4.17439603805542,-7.854088306427002,-0.37906132782517943,FOLLOW_MAIN,cascade_pd_tracking,follow_main,inner_wheel_pd,lidar_disabled,FOLLOW_MAIN,COMMITTED,UNKNOWN,1,1,1,1,1,1,1,9.632110595703125e-05,0.018293380737304688,0.014828681945800781,0.011330127716064453,0.007608175277709961,0.003953456878662109,0.12341202800052997,0.12769310800103995
1784810216.3456259,127.48458504676819,-11.8,-0.011800000000000001,-11.8,-0.015767173180673284,-15.767173180673284,-0.015767173180673284,-15.767173180673284,-0.084,-0.11198669957257004,-0.11198669957257004,0.012353641063483812,0.08713665612938665,-0.007568243126723176,0.00012353641063483814,-0.08063042369225043,0.0008713665612938665,0.48,0.01,0.72,0.01,nan,0.12,0.12,0.12039090616173445,0.1203909024479323,0.11237500607967377,0.1283777001264213,0.1283777001264213,0.1100185000684397,0.11001695109198584,0.09456522762775421,0.11133450524146656,0.10637739167071869,0.11133450524146656,0.12866549475853342,0.11563528936738424,0.12944730708200236,0.0,0.013030205391149186,0.078634681709791,0.05462000538820531,0.0,0.0007818123234689511,nan,1.0,0.0,4.737,0.4,2.627000093460083,1.0,0,1,1,0,4.188991069793701,-7.859961986541748,-0.3826233231284049,FOLLOW_MAIN,cascade_pd_tracking,follow_main,inner_wheel_pd,lidar_disabled,FOLLOW_MAIN,COMMITTED,UNKNOWN,1,1,1,1,1,1,1,0.4378952980041504,0.4340174198150635,0.00010633468627929688,0.4497103691101074,0.4459702968597412,0.441997766494751,0.055259309001485235,0.041256010001234245
1784810216.3984048,127.53736400604248,8.6,0.0086,8.6,0.003020205878041038,3.020205878041038,0.0,0.0,0.061,0.021708106650624566,0.0,0.015263328766031436,0.16014071399037796,0.0,0.00015263328766031435,0.0,0.0016014071399037798,0.48,0.01,0.72,0.01,nan,0.12,0.12,0.12,0.12,0.13050000369548798,0.023418035025825103,0.023418035025825103,0.019202788721176655,0.019202788721176655,0.0,0.1184192826357568,0.1202990668724287,0.1184192826357568,0.1215807173642432,0.12893771590558017,0.1215807173642432,0.0,0.0,-0.018398885473890837,-0.0015417072327165173,0.0,0.0,nan,1.0,0.0,3.975,0.4,2.568000078201294,1.0,0,1,1,0,4.244473457336426,-7.879847049713135,-0.3263574941075258,FOLLOW_MAIN,cascade_pd_tracking,follow_main,inner_wheel_pd,lidar_disabled,FOLLOW_MAIN,COMMITTED,HOLD,1,1,1,1,1,1,2,0.017320871353149414,0.013780832290649414,0.010406970977783203,0.006968259811401367,0.003524303436279297,7.748603820800781e-05,0.012048352999045164,0.0337139789990033
1784810216.8476863,127.98664546012878,8.6,0.0086,8.6,0.003020205878041038,3.020205878041038,0.0,0.0,0.061,0.021708106650624566,0.0,0.015263328766031436,0.16014071399037796,0.0,0.00015263328766031435,0.0,0.0016014071399037798,0.48,0.01,0.72,0.01,nan,0.12,0.12,0.12,0.12,0.13050000369548798,0.023418065497783552,0.023418065497783552,0.019202813708182453,0.019202813708182453,0.0,0.11841928057889961,0.1202990668724287,0.11841928057889961,0.12158071942110038,0.12893771590558017,0.12158071942110038,0.0,0.0,-0.016087750609535628,-0.001348049125478664,0.0,0.0,nan,1.0,0.0,3.975,0.4,2.549999952316284,1.0,0,1,1,0,4.244473457336426,-7.879847049713135,-0.3215977149721776,FOLLOW_MAIN,cascade_pd_tracking,follow_main,inner_wheel_pd,lidar_disabled,FOLLOW_MAIN,COMMITTED,HOLD,1,1,1,1,1,1,2,0.4455575942993164,0.4419434070587158,0.43847179412841797,0.43506431579589844,9.512901306152344e-05,0.4493556022644043,0.032183143999645836,0.053848769999603974
1784810216.8994887,128.03844785690308,15.100000000000001,0.0151,15.100000000000001,0.013016959080949412,13.016959080949412,0.013016959080949412,13.016959080949412,0.108,0.0925522827316337,0.0925522827316337,0.03674093713836788,0.16403909018396337,0.006248140358855718,0.0003674093713836788,0.06663764356677626,0.0016403909018396338,0.48,0.01,0.72,0.01,nan,0.12,0.12,0.11956777372118622,0.11956777372118622,0.13050000369548798,-0.06324129750336889,-0.06324129750336889,-0.057108612821315005,-0.057108612821315005,0.06304347515106201,0.1242687875814774,0.1242443084715334,0.1242687875814774,0.11573121241852259,0.13013875504564837,0.11486675986089505,0.0,-0.014407542627125777,-0.0007407496912779704,-0.05820327075569678,0.0,-0.0008644525576275466,nan,1.0,0.0,2.895,0.4,2.507999897003174,1.0,0,1,1,0,4.301722526550293,-7.898744106292725,-0.3163334124154492,FOLLOW_MAIN,cascade_pd_tracking,follow_main,inner_wheel_pd,lidar_disabled,FOLLOW_MAIN,COMMITTED,HOLD,1,1,1,1,1,1,2,0.007455587387084961,0.01942729949951172,0.0038776397705078125,0.03455185890197754,0.00013709068298339844,0.011600732803344727,0.05511217999992368,0.0336996830010321
1784810217.3209047,128.4598639011383,16.8,0.016800000000000002,16.8,0.013971846399209488,13.971846399209488,0.013971846399209488,13.971846399209488,0.11900000000000001,0.09963367473921525,0.09963367473921525,0.03157133811488765,0.14928824344808994,0.006706486271620554,0.00031571338114887653,0.07173624581223498,0.0014928824344808995,0.48,0.01,0.72,0.01,nan,0.12,0.12,0.11955367335185901,0.11955367335185901,0.13050000369548798,-0.07020444285014343,-0.07020444285014343,-0.06298968538120074,-0.06298968538120074,0.06304347515106201,0.12473879989238468,0.1242443084715334,0.12473879989238468,0.11526120010761531,0.13013875504564837,0.11436854681133334,0.0,-0.014877554938033055,-0.0005738981814496495,-0.04773565132948183,0.0,-0.0008926532962819833,nan,1.0,0.0,2.682,0.4,2.494999885559082,1.0,0,1,1,0,4.301722526550293,-7.898744106292725,-0.30813849778238306,FOLLOW_MAIN,cascade_pd_tracking,follow_main,inner_wheel_pd,lidar_disabled,FOLLOW_MAIN,COMMITTED,UNKNOWN,1,1,1,1,1,1,1,0.41323399543762207,0.40956854820251465,0.4252479076385498,0.40604519844055176,7.390975952148438e-05,0.41739702224731445,0.019804217001365032,0.07198129900098138
1784810217.371774,128.510733127594,27.1,0.027100000000000003,27.1,0.02056961209032233,20.56961209032233,0.02056961209032233,20.56961209032233,0.191,0.1460099860405104,0.1460099860405104,0.01737964048474866,0.1060923631859835,0.009873413803354719,0.0001737964048474866,0.10512718994916749,0.0010609236318598351,0.48,0.01,0.72,0.01,nan,0.12,0.12,0.12042626773755194,0.12044345245407098,0.11599999666213989,-0.11821601069155294,-0.11038568483823485,-0.09569462519390945,-0.10286213708130745,0.0,0.12745103372658084,0.11324210914151625,0.12830356920168473,0.11254896627341915,0.11564003886979599,0.11254896627341915,0.014208924585064592,0.0,-0.0033691190688928552,0.006016198382268135,0.0008525354751038755,0.0,nan,1.0,0.0,1.7109999999999999,0.4,2.437999963760376,1.0,0,1,1,0,4.352067947387695,-7.914490222930908,-0.30013143271742715,FOLLOW_MAIN,cascade_pd_tracking,follow_main,inner_wheel_pd,lidar_disabled,FOLLOW_MAIN,COMMITTED,HOLD,1,1,1,1,1,1,2,0.00011324882507324219,0.018297910690307617,0.014808177947998047,0.011319875717163086,0.0076236724853515625,0.0039403438568115234,0.004266341000402463,0.044698274999973364
1784810217.8243687,128.96332788467407,27.1,0.027100000000000003,27.1,0.02056961209032233,20.56961209032233,0.02056961209032233,20.56961209032233,0.191,0.1460099860405104,0.1460099860405104,0.01737964048474866,0.1060923631859835,0.009873413803354719,0.0001737964048474866,0.10512718994916749,0.0010609236318598351,0.48,0.01,0.72,0.01,nan,0.12243613427011588,0.12243613427011588,0.12304979535458324,0.12304979535458324,0.11237500607967377,-0.11353948988739604,-0.11353948988739604,-0.10055722747452754,-0.10055722747452754,0.09456522762775421,0.1301000498375151,0.1096446803552696,0.13132737200644984,0.11477221870271664,0.11718718631248833,0.11477221870271664,0.02045536948224551,0.0,0.032921178250777686,0.004006644796112694,0.0012273221689347304,0.0,nan,1.0,0.0,1.7109999999999999,0.40812044756705296,2.437999963760376,1.0,0,1,1,0,4.360669136047363,-7.917105197906494,-0.2875858615475718,FOLLOW_MAIN,cascade_pd_tracking,follow_main,inner_wheel_pd,lidar_disabled,FOLLOW_MAIN,COMMITTED,HOLD,1,1,1,1,1,1,2,0.4151437282562256,0.41164326667785645,0.4083442687988281,0.4262275695800781,0.00014066696166992188,0.4188880920410156,0.06524154799990356,0.023409240999171743
1784810217.875564,129.01452326774597,110.4,0.11040000000000001,110.4,0.0837952675125155,83.7952675125155,0.0837952675125155,83.7952675125155,0.668,0.37465370171507684,0.37465370171507684,0.14122839086397318,0.48249335271580224,0.040221728406007434,0.0014122839086397319,0.2697506652348553,0.004824933527158022,0.48,0.01,0.72,0.01,nan,0.13320436546655184,0.13320436546655184,0.13383762226639956,0.1335833762321551,0.12687499821186066,-0.34787069680562815,-0.30776184222926395,-0.2690488164448474,-0.2616807582858873,0.0315217524766922,0.15397828981702716,0.12053423049766607,0.15598493337618882,0.11243044111607653,0.12476594044051395,0.11169031115661028,0.03344405931936109,-0.012335499324437421,-0.023337763476117157,-0.09295894694742071,0.0020066435591616655,-0.0007401299594662452,nan,1.0,0.0,0.5409999999999999,0.44401455155517283,2.4010000228881836,1.0,0,1,1,0,4.413176536560059,-7.93265962600708,-0.29007589915766996,FOLLOW_MAIN,cascade_pd_tracking,follow_main,inner_wheel_pd,lidar_disabled,FOLLOW_MAIN,COMMITTED,HOLD,1,1,1,1,1,1,2,0.003793001174926758,0.0001430511474609375,0.015507698059082031,0.03433537483215332,0.011615991592407227,0.0078122615814208984,0.10284027399939077,0.025407836999875144
1784810218.351871,129.49083018302917,117.0,0.117,117.0,0.09995252988647174,99.95252988647174,0.09995252988647174,99.95252988647174,0.6960000000000001,0.44753064140191035,0.44753064140191035,0.14210728742328455,0.5346579781861922,0.04797721434550643,0.0014210728742328454,0.32222206180937546,0.005346579781861922,0.48,0.01,0.72,0.01,nan,0.12759250668762162,0.12759250668762162,0.12788905196073352,0.12788905196073352,0.12687499821186066,-0.38,-0.3329534097291239,-0.2909453269157257,-0.2909453269157257,0.0315217524766922,0.15006686184433748,0.12053423049766607,0.15183881972513777,0.10511815153090576,0.12476594044051395,0.10393928419632927,0.029532631346671417,-0.019647788909608194,-0.03908584389471615,-0.10992503698833618,0.001771957880800285,-0.0011788673345764916,nan,1.0,0.0,0.406,0.4253083556254054,2.380000114440918,1.0,0,1,1,0,4.413176536560059,-7.93265962600708,-0.28515875826903175,FOLLOW_MAIN,cascade_pd_tracking,follow_main,inner_wheel_pd,lidar_disabled,FOLLOW_MAIN,COMMITTED,HOLD,1,1,1,1,1,1,2,0.43854379653930664,0.43530845642089844,7.963180541992188e-05,0.44991302490234375,0.44602227210998535,0.44217610359191895,0.03647561300022062,0.07121068699962052
1784810218.4032528,129.54221200942993,113.9,0.1139,113.9,0.12323072231005316,123.23072231005317,0.12323072231005316,123.23072231005317,0.683,0.6807445197474569,0.6807445197474569,0.05627602905413728,0.4470147609892791,0.059150746708825516,0.0005627602905413728,0.4901360542181689,0.0044701476098927915,0.48,0.01,0.72,0.01,nan,0.12,0.12,0.11912559001020162,0.11912559001020162,0.13050000369548798,-0.45,-0.45,-0.3880221025512746,-0.3880221025512746,-0.06304347515106201,0.150375,0.13885110303706572,0.15106643381777607,0.089625,0.13029589662288027,0.08718474620262719,0.011523896962934294,-0.04067089662288027,0.023578026421057427,0.014192602465827738,0.0006914338177760576,-0.0024402537973728165,nan,1.0,0.0,0.128,0.4,2.3570001125335693,1.0,0,1,1,0,4.479367733001709,-7.952597141265869,-0.3016449304043262,FOLLOW_MAIN,cascade_pd_tracking,follow_main,inner_wheel_pd,lidar_disabled,FOLLOW_MAIN,COMMITTED,HOLD,1,1,1,1,1,1,2,0.00013303756713867188,0.03704261779785156,0.01549530029296875,0.01195073127746582,0.008092403411865234,0.0041768550872802734,0.04453803400065226,0.031729995000205236
1784810218.8722212,130.0111804008484,111.5,0.1115,111.5,0.1189467874291333,118.9467874291333,0.1189467874291333,118.9467874291333,0.673,0.6817800591415171,0.6817800591415171,0.03135119003047557,0.3526524832423029,0.05709445796598398,0.0003135119003047557,0.49088164258189226,0.0035265248324230294,0.48,0.01,0.72,0.01,nan,0.12,0.12,0.11912559001020162,0.11912559001020162,0.13050000369548798,-0.45,-0.45,-0.3880221025512746,-0.3880221025512746,-0.06304347515106201,0.150375,0.13885110303706572,0.15106643381777607,0.089625,0.13029589662288027,0.08718474620262719,0.011523896962934294,-0.04067089662288027,0.01809853871655292,0.010894269122839837,0.0006914338177760576,-0.0024402537973728165,nan,1.0,0.0,0.096,0.4,2.3489999771118164,1.0,0,1,1,0,4.479367733001709,-7.952597141265869,-0.307192456965949,FOLLOW_MAIN,cascade_pd_tracking,follow_main,inner_wheel_pd,lidar_disabled,FOLLOW_MAIN,COMMITTED,HOLD,1,1,1,1,1,1,2,0.4690568447113037,0.46521949768066406,0.4616377353668213,0.4581630229949951,0.4544804096221924,7.390975952148438e-05,0.010463368000273476,0.07140259399966453
1784810219.3377411,130.47670030593872,112.80000000000001,0.11280000000000001,112.80000000000001,0.11159273770498673,111.59273770498673,0.11159273770498673,111.59273770498673,0.678,0.6726037638995948,0.6726037638995948,-0.0012523589454627201,0.07026683835031816,0.05356451409839363,-1.25235894546272e-05,0.4842747100077082,0.0007026683835031816,0.48,0.01,0.72,0.01,nan,0.12,0.12,0.11972875218354545,0.11972875218354545,0.1341249942779541,-0.45,-0.45,-0.3807229868751131,-0.3807229868751131,-0.22065219283103943,0.150375,0.1388124308012723,0.15106875415192367,0.089625,0.11022916308054599,0.08838875021516723,0.011562569198727696,-0.020604163080545995,-0.041802880121052176,-0.021966314928669704,0.0006937541519236617,-0.0012362497848327596,nan,1.0,0.0,0.03,0.4,2.3959999084472656,1.0,0,1,1,0,4.533710479736328,-7.9719953536987305,-0.4332166867369104,FOLLOW_MAIN,cascade_pd_tracking,follow_main,inner_wheel_pd,lidar_disabled,FOLLOW_MAIN,COMMITTED,HOLD,1,1,1,1,1,1,2,0.42923521995544434,0.42558836936950684,0.4219346046447754,0.41830897331237793,0.000102996826171875,0.4332263469696045,0.06758047699986491,0.07969418100037728
1784810219.3905594,130.52951860427856,128.20000000000002,0.1282,128.20000000000002,0.12678635348803377,126.78635348803377,0.12678635348803377,126.78635348803377,0.221,0.4862012885926431,0.4862012885926431,0.026422385205075394,-0.4005037734910356,0.06085744967425621,0.00026422385205075396,0.350064927786703,-0.004005037734910356,0.48,0.01,0.72,0.01,nan,0.12,0.12,0.11965833017316108,0.11965833017316108,0.12687499821186066,-0.45,-0.45,-0.37315065567419137,-0.37315065567419137,-0.34673914313316345,0.150375,0.14944730810198448,0.150375,0.089625,0.10101399422796388,0.08894166034632216,0.0,-0.011388994227963883,-0.01479013328983624,-0.008765632723267877,0.0,-0.0006833396536778329,nan,1.0,0.0,0.41925864887007613,0.4,2.5380001068115234,1.0,0,1,1,0,4.577834606170654,-7.994025707244873,-0.526268576216944,FOLLOW_MAIN,cascade_pd_tracking,follow_main,inner_wheel_pd,lidar_disabled,FOLLOW_MAIN,COMMITTED,HOLD,1,1,1,1,1,1,2,0.004372358322143555,0.019811153411865234,0.016402721405029297,0.033881425857543945,0.000213623046875,0.008635282516479492,0.0297216210001352,0.1273086820001481
1784810219.8303437,130.96930289268494,128.20000000000002,0.1282,128.20000000000002,0.12678635348803377,126.78635348803377,0.12678635348803377,126.78635348803377,0.221,0.4862012885926431,0.4862012885926431,0.026422385205075394,-0.4005037734910356,0.06085744967425621,0.00026422385205075396,0.350064927786703,-0.004005037734910356,0.48,0.01,0.72,0.01,nan,0.12,0.12,0.11965833017316108,0.11975336915102706,0.12687499821186066,-0.45,-0.45,-0.37315065567419137,-0.3719961080912268,-0.34673914313316345,0.150375,0.14944730810198448,0.150375,0.089625,0.10101399422796388,0.08894166034632216,0.0,-0.011388994227963883,-0.01479013328983624,-0.008765632723267877,0.0,-0.0006833396536778329,nan,1.0,0.0,0.41925864887007613,0.4,2.5380001068115234,1.0,0,1,1,0,4.577834606170654,-7.994025707244873,-0.5987373568431174,FOLLOW_MAIN,cascade_pd_tracking,follow_main,inner_wheel_pd,lidar_disabled,FOLLOW_MAIN,COMMITTED,HOLD,1,1,1,1,1,1,2,0.41989684104919434,0.4595210552215576,0.41640520095825195,0.41280651092529297,0.4086880683898926,6.937980651855469e-05,0.0297216210001352,0.1273086820001481
1784810219.8827853,131.0217444896698,128.20000000000002,0.1282,128.20000000000002,0.12818200127602097,128.18200127602097,0.12818200127602097,128.18200127602097,0.221,0.2349087508987547,0.2349087508987547,0.005948367283972843,-0.40911947634235035,0.06152736061249006,5.948367283972843e-05,0.16913430064710339,-0.0040911947634235035,0.48,0.01,0.72,0.01,nan,0.15147670277261854,0.15147670277261854,0.15302641070918716,0.11975336915102706,0.12324999272823334,-0.2495620653156138,-0.2514154270276444,-0.19879752787251753,-0.3719961080912268,-0.37826085090637207,0.16844724409698453,0.15272062309289736,0.16939084135722976,0.13450616144825256,0.09857585123338586,0.13666198006114455,0.01572662100408717,0.0359303102148667,0.0732200210935765,0.11327823443523136,0.0009435972602452302,0.002155818612892002,nan,1.0,0.0,0.41925562572259933,0.5049223425753951,2.9570000171661377,1.0,0,1,1,0,4.639514923095703,-8.041216850280762,-0.5987373568431174,FOLLOW_MAIN,cascade_pd_tracking,follow_main,inner_wheel_pd,lidar_disabled,FOLLOW_MAIN,COMMITTED,HOLD,1,1,1,1,1,1,2,0.007058382034301758,0.0034558773040771484,7.081031799316406e-05,0.46525120735168457,0.4611330032348633,0.05251431465148926,0.007363696000538766,0.0030563930013158824
1784810220.3553193,131.49427843093872,128.20000000000002,0.1282,128.20000000000002,0.12818200127602097,128.18200127602097,0.12818200127602097,128.18200127602097,0.221,0.2349087508987547,0.2349087508987547,0.005948367283972843,-0.40911947634235035,0.06152736061249006,5.948367283972843e-05,0.16913430064710339,-0.0040911947634235035,0.48,0.01,0.72,0.01,nan,0.15398767501464095,0.15398767501464095,0.1556880412857309,0.1569048294062574,0.12324999272823334,-0.24949021109410638,-0.24949021109410638,-0.19712413018308636,-0.19397997159229552,-0.37826085090637207,0.17082826426349312,0.15272062309289736,0.17191472273372888,0.13714708576578877,0.09857585123338586,0.13946135983773295,0.018107641170595767,0.03857123453240291,0.07055857750932912,0.10296295580233052,0.001086458470235746,0.0023142740719441744,nan,1.0,0.0,0.41925562572259933,0.5132922500488032,2.9570000171661377,1.0,0,1,1,0,4.639514923095703,-8.041216850280762,-0.7304664708550123,FOLLOW_MAIN,cascade_pd_tracking,follow_main,inner_wheel_pd,lidar_disabled,FOLLOW_MAIN,COMMITTED,HOLD,1,1,1,1,1,1,2,6.532669067382812e-05,0.45530009269714355,0.45206260681152344,0.4379708766937256,0.43445658683776855,0.4306800365447998,0.045943053999508265,0.04163575100028538
1784810220.405361,131.54432010650635,128.20000000000002,0.1282,128.20000000000002,0.12819958285063965,128.19958285063964,0.12819958285063965,128.19958285063964,0.221,0.22132235765976932,0.22132235765976932,0.0013396306855009126,-0.1062916033020899,0.06153579976830703,1.3396306855009127e-05,0.1593520975150339,-0.0010629160330208989,0.48,0.01,0.72,0.01,nan,0.16105366470870455,0.16105366470870455,0.16105366470870455,0.16105366470870455,0.17399999499320984,-0.24168151618177283,-0.24168151618177283,-0.1981788432690537,-0.1981788432690537,-0.18913042545318604,0.17736716705097422,0.1753175287235036,0.17736716705097422,0.1447401623664349,0.1466199188977701,0.1447401623664349,0.0,0.0,-0.07866381068225248,-0.11025345620810238,0.0,0.0,nan,1.0,0.0,0.4192556251506471,0.5368455490290152,5.552999973297119,1.0,0,1,1,0,4.684136390686035,-8.093101501464844,-0.8959556596738225,FOLLOW_MAIN,cascade_pd_tracking,follow_main,inner_wheel_pd,lidar_disabled,FOLLOW_MAIN,COMMITTED,HOLD,1,1,1,1,1,1,2,0.014058589935302734,0.010653018951416016,0.0072252750396728516,0.0038306713104248047,0.00012421607971191406,0.017812728881835938,0.0822935559990583,0.061729189999823575
1784810220.8523278,131.99128699302673,128.20000000000002,0.1282,128.20000000000002,0.1281997990646005,128.19979906460048,0.1281997990646005,128.19979906460048,0.221,0.22115527547519148,0.22115527547519148,0.0010008346101702814,-0.07984354734614792,0.061535903551008235,1.0008346101702814e-05,0.15923179834213785,-0.0007984354734614792,0.48,0.01,0.72,0.01,nan,0.16107035715840579,0.16107035715840579,0.16107035715840579,0.16107035715840579,0.17399999499320984,-0.24183884524768948,-0.24183884524768948,-0.1983078531031054,-0.1983078531031054,-0.18913042545318604,0.17739447921262483,0.1753175287235036,0.17739447921262483,0.14474623510418674,0.1466199188977701,0.14474623510418674,0.0,0.0,-0.07236547908597535,-0.10142585402596051,0.0,0.0,nan,1.0,0.0,0.41925562515064574,0.5369011905280193,3.884000062942505,1.0,0,1,1,0,4.684136390686035,-8.093101501464844,-0.909194558124936,FOLLOW_MAIN,cascade_pd_tracking,follow_main,inner_wheel_pd,lidar_disabled,FOLLOW_MAIN,COMMITTED,HOLD,1,1,1,1,1,1,2,7.748603820800781e-05,0.43607401847839355,0.45415782928466797,0.432598352432251,0.4288673400878906,0.4249269962310791,0.007156326000767876,0.07424726499993994
1784810220.903016,132.04197525978088,128.20000000000002,0.1282,128.20000000000002,0.1281999955631018,128.1999955631018,0.1281999955631018,128.1999955631018,0.221,0.2210034286714899,0.2210034286714899,0.00021797905779066476,-0.0175438010053647,0.061535997870288864,2.1797905779066474e-06,0.1591224686434727,-0.000175438010053647,0.48,0.01,0.72,0.01,nan,0.161207499949565,0.161207499949565,0.161207499949565,0.16157462762064756,0.15949998795986176,-0.2424015776521064,-0.2424015776521064,-0.19876929367472715,-0.20322367652082537,-0.12608695030212402,0.17756960644108216,0.1695802720907194,0.17756960644108216,0.1448453934580478,0.1489409702714523,0.1448453934580478,0.0,0.0,0.0021914861844835906,0.00724297808078371,0.0,0.0,nan,1.0,0.0,0.4192556251506457,0.5373583331652166,4.3520002365112305,1.0,0,1,1,0,4.724136829376221,-8.150933265686035,-0.9819466336001513,FOLLOW_MAIN,cascade_pd_tracking,follow_main,inner_wheel_pd,lidar_disabled,FOLLOW_MAIN,COMMITTED,HOLD,1,1,1,1,1,1,2,0.014226436614990234,0.010782003402709961,0.006873130798339844,0.0034415721893310547,5.888938903808594e-05,0.018152952194213867,0.029498009998860653,0.12840407299881917
1784810221.3763626,132.51532173156738,128.20000000000002,0.1282,128.20000000000002,0.1281999955631018,128.1999955631018,0.1281999955631018,128.1999955631018,0.221,0.2210034286714899,0.2210034286714899,0.00021797905779066476,-0.0175438010053647,0.061535997870288864,2.1797905779066474e-06,0.1591224686434727,-0.000175438010053647,0.48,0.01,0.72,0.01,nan,0.16120795498711504,0.16120795498711504,0.16157462762064756,0.16157462762064756,0.14862500131130219,-0.24240156469122026,-0.24240156469122026,-0.20322367652082537,-0.20322367652082537,-0.22065214812755585,0.17757006060377242,0.16534763948602194,0.17830340587083746,0.14484584937045766,0.13831968144641493,0.14484584937045766,0.012222421117750487,0.0,0.07823204126958737,0.006343694869043884,0.0007333452670650292,0.0,nan,1.0,0.0,0.4192556251506457,0.5373598499570502,4.3520002365112305,1.0,0,1,1,0,4.735635757446289,-8.169159889221191,-1.060152662994273,FOLLOW_MAIN,cascade_pd_tracking,follow_main,inner_wheel_pd,lidar_disabled,FOLLOW_MAIN,COMMITTED,HOLD,1,1,1,1,1,1,2,0.44751644134521484,0.4629654884338379,0.4593780040740967,0.47679591178894043,9.107589721679688e-05,0.451540470123291,0.04938367099930474,0.0044870630008517765
1784810221.4263623,132.5653214454651,24.200000000000003,0.024200000000000003,24.200000000000003,0.035603528020385695,35.603528020385696,0.035603528020385695,35.603528020385696,0.171,0.19713241833412698,0.19713241833412698,-0.1473551885678526,-0.04554091098624057,0.017089693449785132,-0.001473551885678526,0.1419353412005714,-0.00045540910986240573,0.48,0.01,0.72,0.01,nan,0.12,0.12,0.11771038642123817,0.11771038642123817,0.15587499737739563,-0.2078212882310179,-0.2078212882310179,-0.17196732248837976,-0.17242977379730115,-0.15760867297649384,0.1340279369555937,0.17005633472400625,0.13186623308948894,0.10597206304440629,0.14626411790138774,0.1035545397529874,-0.036028397768412546,-0.04029205485698145,-0.020767860784983577,-0.016871672746240855,-0.0021617038661047526,-0.002417523291418887,nan,1.0,0.0,-5.791,0.4,5.329999923706055,1.0,0,1,1,0,4.7662353515625,-8.225528717041016,-1.0892787597198725,FOLLOW_MAIN,cascade_pd_tracking,follow_main,inner_wheel_pd,lidar_disabled,FOLLOW_MAIN,COMMITTED,HOLD,1,1,1,1,1,1,2,0.00990748405456543,0.0066792964935302734,0.003404378890991211,6.747245788574219e-05,0.01718616485595703,0.013465404510498047,0.020805513999221148,0.10734022500037099
1784810221.8574438,132.9964029788971,24.200000000000003,0.024200000000000003,24.200000000000003,0.035603528020385695,35.603528020385696,0.035603528020385695,35.603528020385696,0.171,0.19713241833412698,0.19713241833412698,-0.1473551885678526,-0.04554091098624057,0.017089693449785132,-0.001473551885678526,0.1419353412005714,-0.00045540910986240573,0.48,0.01,0.72,0.01,nan,0.12,0.12,0.11771038642123817,0.11771038642123817,0.15587499737739563,-0.2078212882310179,-0.2078212882310179,-0.17196732248837976,-0.17242977379730115,-0.15760867297649384,0.1340279369555937,0.17005633472400625,0.13186623308948894,0.10597206304440629,0.14626411790138774,0.1035545397529874,-0.036028397768412546,-0.04029205485698145,-0.020767860784983577,-0.016871672746240855,-0.0021617038661047526,-0.002417523291418887,nan,1.0,0.0,-5.791,0.4,5.329999923706055,1.0,0,1,1,0,4.7662353515625,-8.225528717041016,-1.1045987228968333,FOLLOW_MAIN,cascade_pd_tracking,follow_main,inner_wheel_pd,lidar_disabled,FOLLOW_MAIN,COMMITTED,HOLD,1,1,1,1,1,1,2,0.44099974632263184,0.4377715587615967,0.4344968795776367,0.43115997314453125,0.42765045166015625,0.00011563301086425781,0.020805513999221148,0.10734022500037099
1784810221.9098258,133.04878497123718,19.400000000000002,0.0194,19.400000000000002,0.020186843772505327,20.186843772505327,0.020186843772505327,20.186843772505327,0.138,0.14240279274376638,0.14240279274376638,-0.04558761119162618,-0.0803590096930015,0.009689685010802557,-0.0004558761119162618,0.10253001077551178,-0.000803590096930015,0.48,0.01,0.72,0.01,nan,0.12,0.12,0.12,0.12,0.12324999272823334,-0.1472616744302801,-0.1472616744302801,-0.12075457303282967,-0.12184113928197289,-0.25217387080192566,0.1299401630240439,0.13035573993867822,0.1299401630240439,0.11005983697595609,0.1060819116356427,0.11005983697595609,0.0,0.0,-0.00434259038127321,0.01661020694356919,0.0,0.0,nan,1.0,0.0,-1.0739999999999998,0.4,5.285999774932861,1.0,0,1,1,0,4.792991638183594,-8.286291122436523,-1.1719300278857319,FOLLOW_MAIN,cascade_pd_tracking,follow_main,inner_wheel_pd,lidar_disabled,FOLLOW_MAIN,COMMITTED,HOLD,1,1,1,1,1,1,2,0.006808757781982422,0.0033943653106689453,7.62939453125e-05,0.01817917823791504,0.01455831527709961,0.010781288146972656,0.02132395999979053,0.05245774900140532
1784810222.354025,133.49298405647278,19.400000000000002,0.0194,19.400000000000002,0.020186843772505327,20.186843772505327,0.020186843772505327,20.186843772505327,0.138,0.14240279274376638,0.14240279274376638,-0.04558761119162618,-0.0803590096930015,0.009689685010802557,-0.0004558761119162618,0.10253001077551178,-0.000803590096930015,0.48,0.01,0.72,0.01,nan,0.12,0.12,0.12,0.19213730854601502,0.12324999272823334,-0.14620404574273374,-0.14620404574273374,-0.11988731750904175,-0.0906823043973683,-0.25217387080192566,0.12986877308763453,0.13035573993867822,0.12986877308763453,0.11013122691236546,0.1060819116356427,0.11013122691236546,0.0,0.0,-0.003824583116176856,0.014628853162510965,0.0,0.0,nan,1.0,0.0,-1.0739999999999998,0.4,5.2870001792907715,1.0,0,1,1,0,4.792991638183594,-8.286291122436523,-1.1818911506015308,FOLLOW_MAIN,cascade_pd_tracking,follow_main,inner_wheel_pd,lidar_disabled,FOLLOW_MAIN,COMMITTED,HOLD,1,1,1,1,1,1,2,0.4293789863586426,0.4257209300994873,0.42209720611572266,8.869171142578125e-05,0.4371058940887451,0.43330955505371094,0.040377194000029704,0.07151098300164449
1784810222.404196,133.54315519332886,21.6,0.0216,21.6,0.020791035125666935,20.791035125666934,0.020791035125666935,20.791035125666934,0.153,0.1470051112053494,0.1470051112053494,-0.006758445765490419,-0.00039551485947287787,0.009979696860320129,-6.758445765490419e-05,0.10584368006785157,-3.955148594728779e-06,0.48,0.01,0.72,0.01,nan,0.24386890257198948,0.19416681935981622,0.19871420591560213,0.19871420591560213,0.12687499821186066,-0.114401437682102,-0.114401437682102,-0.09171178064992089,-0.09171178064992089,-0.15760867297649384,0.2018889164033581,0.1289766685596634,0.20626365127397978,0.18644472231627435,0.10777741830043858,0.1911647605572245,0.07291224784369471,0.07866730401583577,0.15840597233015943,0.15863126911908498,0.004374734870621682,0.004720038240950146,nan,1.0,0.0,0.877,0.8128963419066316,5.214000225067139,1.0,0,1,1,0,4.809620380401611,-8.33515739440918,-1.2568498081076542,FOLLOW_MAIN,cascade_pd_tracking,follow_main,inner_wheel_pd,lidar_disabled,FOLLOW_MAIN,COMMITTED,HOLD,1,1,1,1,1,1,2,0.017655372619628906,0.014167308807373047,0.010777950286865234,0.007555961608886719,0.004044532775878906,0.00013780593872070312,0.013743780998993316,0.09847050700045656
1784810222.8333263,133.9722855091095,21.6,0.0216,21.6,0.020791035125666935,20.791035125666934,0.020791035125666935,20.791035125666934,0.153,0.1470051112053494,0.1470051112053494,-0.006758445765490419,-0.00039551485947287787,0.009979696860320129,-6.758445765490419e-05,0.10584368006785157,-3.955148594728779e-06,0.48,0.01,0.72,0.01,nan,0.24127421182795136,0.19680231983977145,0.20150783642435466,0.17257053720938542,0.12687499821186066,-0.11359488067972845,-0.11359488067972845,-0.09101072130345783,-0.11069597037993018,-0.15760867297649384,0.2044699742856531,0.1289766685596634,0.20899957262921248,0.1891346653938898,0.10777741830043858,0.19401610021949686,0.07549330572598972,0.08135724709345121,0.1582280156052945,0.15911734650543125,0.004529598343559383,0.004881434825607073,nan,1.0,0.0,0.877,0.8042473727598379,5.214000225067139,1.0,0,1,1,0,4.809620380401611,-8.33515739440918,-1.2795454210920758,FOLLOW_MAIN,cascade_pd_tracking,follow_main,inner_wheel_pd,lidar_disabled,FOLLOW_MAIN,COMMITTED,HOLD,1,1,1,1,1,1,2,0.4024512767791748,0.4214620590209961,0.39902234077453613,7.414817810058594e-05,0.4106309413909912,0.406583309173584,0.03021565899871348,0.11494238500017673
1784810222.8872025,134.02616167068481,26.3,0.0263,26.3,0.024353878862048352,24.35387886204835,0.024353878862048352,24.35387886204835,0.186,0.17264322993940126,0.17264322993940126,0.005103728992972534,0.0463696940300301,0.011689861853783208,5.103728992972534e-05,0.12430312555636891,0.000463696940300301,0.48,0.01,0.72,0.01,nan,0.17227780658373282,0.17227780658373282,0.17022155472160758,0.17022155472160758,0.21387499570846558,-0.13919471819728182,-0.13919471819728182,-0.11629930080368517,-0.11629930080368517,-0.09456522762775421,0.18167345006204935,0.21298140483671396,0.17979497277556947,0.16288216310541628,0.20011593706825975,0.16064813666764569,-0.03130795477466461,-0.03723377396284347,-0.1979231705207847,-0.21559848972962237,-0.0018784772864798764,-0.002234026437770608,nan,1.0,0.0,1.181,0.5742593552791094,5.189000129699707,1.0,0,1,1,0,4.836150646209717,-8.431609153747559,-1.3126436004197715,FOLLOW_MAIN,cascade_pd_tracking,follow_main,inner_wheel_pd,lidar_disabled,FOLLOW_MAIN,COMMITTED,UNKNOWN,1,1,1,1,1,1,1,0.00012922286987304688,0.018797874450683594,0.015328168869018555,0.011749744415283203,0.00783681869506836,0.00407099723815918,0.015464338999663596,0.038520134999998845
1784810223.3386128,134.47757196426392,26.3,0.0263,26.3,0.024353878862048352,24.35387886204835,0.024353878862048352,24.35387886204835,0.186,0.17264322993940126,0.17264322993940126,0.005103728992972534,0.0463696940300301,0.011689861853783208,5.103728992972534e-05,0.12430312555636891,0.000463696940300301,0.48,0.01,0.72,0.01,nan,0.17080180350047705,0.17080180350047705,0.16865699145335644,0.16728822001463406,0.21387499570846558,-0.13931821936107947,-0.13931821936107947,-0.11640664801525785,-0.12102265402215562,-0.09456522762775421,0.1802057833073499,0.21298140483671396,0.17823924601558805,0.1613978236936042,0.20011593706825975,0.15907473689112486,-0.03277562152936406,-0.038718113374655555,-0.1588056169965076,-0.17232618537186567,-0.0019665372917618434,-0.0023230868024793332,nan,1.0,0.0,1.181,0.5693393450015902,5.166999816894531,1.0,0,1,1,0,4.836150646209717,-8.431609153747559,-1.3289094607118803,FOLLOW_MAIN,cascade_pd_tracking,follow_main,inner_wheel_pd,lidar_disabled,FOLLOW_MAIN,COMMITTED,UNKNOWN,1,1,1,1,1,1,1,9.584426879882812e-05,0.426774263381958,0.40934300422668457,0.40598106384277344,0.41991400718688965,0.40247321128845215,0.05673129299975699,0.07978708900009224
1784810223.3887148,134.52767395973206,103.9,0.1039,103.9,0.08113907260693286,81.13907260693286,0.08113907260693286,81.13907260693286,0.638,0.4115793765267761,0.4115793765267761,0.11811682368264875,0.4823468073094339,0.03894675485132777,0.0011811682368264875,0.2963371510992788,0.00482346807309434,0.48,0.01,0.72,0.01,nan,0.12481067522023981,0.12481067522023981,0.12218634325236222,0.11896473971855748,0.16312499344348907,-0.37569039278079347,-0.35337196241201496,-0.3029911605211723,-0.3115014467913214,-0.09456519782543182,0.14866328268305082,0.17425651434942313,0.14712768878306848,0.1009580677574288,0.16284256835364286,0.09724499772165596,-0.025593231666372313,-0.06188450059621406,0.01069902076646163,-0.07097607975564528,-0.0015355938999823387,-0.0037130700357728436,nan,1.0,0.0,0.646,0.41603558406746605,5.086999893188477,1.0,0,1,1,0,4.85366153717041,-8.511859893798828,-1.3758131777618,FOLLOW_MAIN,cascade_pd_tracking,follow_main,inner_wheel_pd,lidar_disabled,FOLLOW_MAIN,COMMITTED,HOLD,1,1,1,1,1,1,2,0.018328189849853516,0.014761209487915039,0.011218786239624023,0.007772207260131836,0.003975391387939453,0.00013375282287597656,0.11683435099985218,0.06859688599979563
1784810223.8302612,134.96922039985657,112.30000000000001,0.11230000000000001,112.30000000000001,0.09619737698837008,96.19737698837008,0.09619737698837008,96.19737698837008,0.676,0.49096966210551174,0.49096966210551174,0.11730797237047416,0.5274560781887393,0.046174740954417634,0.0011730797237047416,0.35349815671596846,0.005274560781887393,0.48,0.01,0.72,0.01,nan,0.12,0.12,0.11787923693893021,0.11787923693893021,0.14137500524520874,-0.45,-0.38633355536197456,-0.32989484305801775,-0.32989484305801775,-0.15760870277881622,0.14607751498693328,0.16344918354275267,0.14503521487358412,0.09392248501306671,0.14724291849290677,0.09072325900427632,-0.017371668555819397,-0.05332043347984006,0.04747308029260555,-0.008722480662379985,-0.0010423001133491637,-0.003199226008790403,nan,1.0,0.0,0.485,0.4,5.086999893188477,1.0,0,1,1,0,4.855714797973633,-8.522838592529297,-1.3983513635916114,FOLLOW_MAIN,cascade_pd_tracking,follow_main,inner_wheel_pd,lidar_disabled,FOLLOW_MAIN,COMMITTED,HOLD,1,1,1,1,1,1,2,0.4000203609466553,0.39626646041870117,0.3926095962524414,0.41186976432800293,7.43865966796875e-05,0.4040210247039795,0.046746387999519357,0.048691854999560746
1784810223.881364,135.02032327651978,167.5,0.1675,167.5,0.14950332597045282,149.50332597045283,0.14950332597045282,149.50332597045283,0.875,0.7755442466364514,0.7755442466364514,0.11830420941676506,0.5726986898559023,0.07176159646581735,0.0011830420941676507,0.5583918575782449,0.005726986898559023,0.48,0.01,0.72,0.01,nan,0.12,0.12,0.12013315698452744,0.12013315698452744,0.11599999666213989,-0.45,-0.45,-0.37954466603874437,-0.37954466603874437,-0.25217387080192566,0.150375,0.13368894949333876,0.1513761630303997,0.089625,0.10187248435574699,0.08889015093865518,0.01668605050666125,-0.01224748435574699,0.039258774663440875,0.06274532333441982,0.001001163030399675,-0.0007348490613448194,nan,1.0,0.0,0.153,0.4,5.232999801635742,1.0,0,1,1,0,4.862527847290039,-8.570612907409668,-1.4569182955900724,FOLLOW_MAIN,cascade_pd_tracking,follow_main,inner_wheel_pd,lidar_disabled,FOLLOW_MAIN,COMMITTED,HOLD,1,1,1,1,1,1,2,0.007495403289794922,0.01907491683959961,0.03707718849182129,0.033737897872924805,0.003901958465576172,0.00013399124145507812,0.0077993089998926735,0.06460260200037737
1784810223.934188,135.07314705848694,176.3,0.1763,176.3,0.15816513088173806,158.16513088173807,0.15816513088173806,158.16513088173807,0.9,0.8234123322352453,0.8234123322352453,0.11637751466848788,0.5807773151194306,0.07591926282323426,0.0011637751466848788,0.5928568792093766,0.005807773151194307,0.48,0.01,0.72,0.01,nan,0.12,0.12,0.12007498690666783,0.12007498690666783,0.11962499469518661,-0.45,-0.45,-0.37830275056973584,-0.37830275056973584,-0.28369560837745667,0.150375,0.13636229823323626,0.15121576210600585,0.089625,0.10113813821116964,0.08893421170732982,0.014012701766763752,-0.011513138211169643,0.010541796136464344,0.041068229459618646,0.0008407621060058251,-0.0006907882926701786,nan,1.0,0.0,0.11499999999999999,0.4,5.232999801635742,1.0,0,1,1,0,4.863358020782471,-8.580986976623535,-1.5156427799835344,FOLLOW_MAIN,cascade_pd_tracking,follow_main,inner_wheel_pd,lidar_disabled,FOLLOW_MAIN,COMMITTED,UNKNOWN,1,1,1,1,1,1,1,0.0037450790405273438,0.00014209747314453125,0.01925516128540039,0.01567697525024414,0.01183319091796875,0.007874488830566406,0.006174861999170389,0.05224482399898989
1784810224.3495803,135.48853945732117,176.3,0.1763,176.3,0.15816513088173806,158.16513088173807,0.15816513088173806,158.16513088173807,0.9,0.8234123322352453,0.8234123322352453,0.11637751466848788,0.5807773151194306,0.07591926282323426,0.0011637751466848788,0.5928568792093766,0.005807773151194307,0.48,0.01,0.72,0.01,nan,0.12,0.12,0.12007498690666783,0.12040661815792972,0.11962499469518661,-0.45,-0.45,-0.37830275056973584,-0.3739396576222574,-0.28369560837745667,0.150375,0.13636229823323626,0.15121576210600585,0.089625,0.10113813821116964,0.08893421170732982,0.014012701766763752,-0.011513138211169643,0.010541796136464344,0.041068229459618646,0.0008407621060058251,-0.0006907882926701786,nan,1.0,0.0,0.11499999999999999,0.4,5.232999801635742,1.0,0,1,1,0,4.863358020782471,-8.580986976623535,-1.5156427799835344,FOLLOW_MAIN,cascade_pd_tracking,follow_main,inner_wheel_pd,lidar_disabled,FOLLOW_MAIN,COMMITTED,UNKNOWN,1,1,1,1,1,1,1,0.41910433769226074,0.4155004024505615,0.4118921756744385,8.320808410644531e-05,0.42719006538391113,0.4232311248779297,0.006174861999170389,0.05224482399898989
1784810224.4012878,135.54024696350098,199.60000000000002,0.19960000000000003,199.60000000000002,0.19303986449949234,193.03986449949235,0.19303986449949234,193.03986449949235,0.9590000000000001,0.9423304954709113,0.9423304954709113,0.08248218414589778,0.31282704619975865,0.09265913495975632,0.0008248218414589778,0.6784779567390561,0.0031282704619975867,0.48,0.01,0.72,0.01,nan,0.12,0.12,0.12040661815792972,0.12040661815792972,0.11237499117851257,-0.45,-0.45,-0.3739396576222574,-0.3739396576222574,-0.28369566798210144,0.150375,0.1368210614023425,0.15118823631585945,0.089625,0.0841567698180319,0.089625,0.013553938597657522,0.0,0.030688329009901146,-0.025390405534414004,0.0008132363158594513,0.0,nan,1.0,0.0,0.019999999999999997,0.4,5.232999801635742,1.0,0,1,1,0,4.862642288208008,-8.624635696411133,-1.632966704985706,FOLLOW_MAIN,cascade_pd_tracking,follow_main,inner_wheel_pd,lidar_disabled,FOLLOW_MAIN,COMMITTED,UNKNOWN,1,1,1,1,1,1,1,0.01118016242980957,0.007520437240600586,0.003996372222900391,0.022846221923828125,0.00015687942504882812,0.015371084213256836,0.031462382999961847,0.10175953200086951
1784810224.8447154,135.9836745262146,199.60000000000002,0.19960000000000003,199.60000000000002,0.19303986449949234,193.03986449949235,0.19303986449949234,193.03986449949235,0.9590000000000001,0.9423304954709113,0.9423304954709113,0.08248218414589778,0.31282704619975865,0.09265913495975632,0.0008248218414589778,0.6784779567390561,0.0031282704619975867,0.48,0.01,0.72,0.01,nan,0.12,0.12,0.12036785363560637,0.12036785363560637,0.11962500214576721,-0.45,-0.45,-0.3734687404621812,-0.3734687404621812,-0.28369560837745667,0.150375,0.13811321214645417,0.15111070727121276,0.089625,0.09495147830291807,0.089625,0.012261787853545841,0.0,0.015416249126129421,-0.01944446216244808,0.0007357072712127504,0.0,nan,1.0,0.0,0.019999999999999997,0.4,5.182000160217285,1.0,0,1,1,0,4.860490798950195,-8.641606330871582,-1.6968924524825166,FOLLOW_MAIN,cascade_pd_tracking,follow_main,inner_wheel_pd,lidar_disabled,FOLLOW_MAIN,COMMITTED,UNKNOWN,1,1,1,1,1,1,1,0.4167509078979492,0.41316771507263184,0.4095273017883301,0.4284522533416748,0.4056582450866699,0.00011801719665527344,0.07148374200005492,0.011796704000516911
1784810224.8951445,136.03410363197327,201.8,0.2018,201.8,0.2012801006545517,201.28010065455172,0.2012801006545517,201.28010065455172,0.964,0.9631067966084716,0.9631067966084716,0.029137865665681353,0.09631951793269186,0.09661444831418482,0.0002913786566568135,0.6934368935580996,0.0009631951793269187,0.48,0.01,0.72,0.01,nan,0.12,0.12,0.1190603483237356,0.1190603483237356,0.14500001072883606,-0.45,-0.45,-0.37158186276072824,-0.37158186276072824,-0.5043478012084961,0.150375,0.1624936715078793,0.14964787970952725,0.089625,0.10882805103426753,0.08847281693794394,-0.012118671507879292,-0.019203051034267532,-0.06638619613992257,-0.030626497686864308,-0.0007271202904727574,-0.001152183062056052,nan,1.0,0.0,0.006,0.4,4.5929999351501465,1.0,0,1,1,0,4.849174499511719,-8.692739486694336,-1.788210482899133,FOLLOW_MAIN,cascade_pd_tracking,follow_main,inner_wheel_pd,lidar_disabled,FOLLOW_MAIN,COMMITTED,HOLD,1,1,1,1,1,1,2,0.007257223129272461,0.0037200450897216797,0.00015044212341308594,0.03680062294006348,0.015065670013427734,0.011210441589355469,0.08016655299979902,0.06915646099878359
1784810225.3440182,136.4829773902893,202.20000000000002,0.20220000000000002,202.20000000000002,0.20158293812313793,201.58293812313792,0.20158293812313793,201.58293812313792,0.965,0.9636270808834785,0.9636270808834785,0.021397795581107902,0.06938096075434752,0.0967598102991062,0.00021397795581107903,0.6938114982361044,0.0006938096075434753,0.48,0.01,0.72,0.01,nan,0.12,0.12,0.12,0.12,0.10512500256299973,-0.45,-0.45,-0.36900000000000005,-0.36900000000000005,-0.6619565486907959,0.150375,0.156418322742324,0.150375,0.089625,0.08565742946845864,0.089625,0.0,0.0,0.015265186451661842,0.08195445550308178,0.0,0.0,nan,1.0,0.0,0.004999999999999999,0.4,4.5929999351501465,1.0,0,1,1,0,4.846660614013672,-8.700764656066895,-1.9273153149770945,FOLLOW_MAIN,cascade_pd_tracking,follow_main,inner_wheel_pd,lidar_disabled,FOLLOW_MAIN,COMMITTED,HOLD,1,1,1,1,1,1,2,0.4147195816040039,0.41126036643981934,0.4079129695892334,0.40453290939331055,0.00014162063598632812,0.4185190200805664,0.013650206999955117,0.02924165700096637
1784810225.3957238,136.53468298912048,204.4,0.2044,204.4,0.20449117521262772,204.49117521262772,0.20449117521262772,204.49117521262772,0.97,0.9700912927810558,0.9700912927810558,0.010326856424558398,0.027978875728725226,0.0981557641020613,0.00010326856424558397,0.6984657308023601,0.0002797887572872523,0.48,0.01,0.72,0.01,nan,0.12,0.12,0.11948525768445001,0.11951042700174982,0.12687499821186066,-0.45,-0.45,-0.3752531659074221,-0.3749474053120763,-0.28369569778442383,0.150375,0.14501099793012304,0.150375,0.089625,0.10678307718499949,0.08859551536890002,0.0,-0.017158077184999496,-0.03166078639156672,-0.0712429762391743,0.0,-0.0010294846310999698,nan,1.0,0.0,0.001,0.4,4.228000164031982,1.0,0,1,1,0,4.822721481323242,-8.751585960388184,-2.0332285771304686,FOLLOW_MAIN,cascade_pd_tracking,follow_main,inner_wheel_pd,lidar_disabled,FOLLOW_MAIN,COMMITTED,HOLD,1,1,1,1,1,1,2,0.007342100143432617,0.0036818981170654297,0.00017762184143066406,0.0339052677154541,0.015417814254760742,0.011498689651489258,0.03744774499864434,0.007034325999484281
1784810225.8403602,136.97931933403015,204.4,0.2044,204.4,0.20449117521262772,204.49117521262772,0.20449117521262772,204.49117521262772,0.97,0.9700912927810558,0.9700912927810558,0.010326856424558398,0.027978875728725226,0.0981557641020613,0.00010326856424558397,0.6984657308023601,0.0002797887572872523,0.48,0.01,0.72,0.01,nan,0.12,0.12,0.11948525768445001,0.11948525768445001,0.12687499821186066,-0.45,-0.45,-0.3752531659074221,-0.3752531659074221,-0.28369569778442383,0.150375,0.14501099793012304,0.150375,0.089625,0.10678307718499949,0.08859551536890002,0.0,-0.017158077184999496,-0.024280862115491925,-0.054636699839566386,0.0,-0.0010294846310999698,nan,1.0,0.0,0.001,0.4,4.228000164031982,1.0,0,1,1,0,4.822721481323242,-8.751585960388184,-2.094632760776946,FOLLOW_MAIN,cascade_pd_tracking,follow_main,inner_wheel_pd,lidar_disabled,FOLLOW_MAIN,COMMITTED,HOLD,1,1,1,1,1,1,2,0.4136357307434082,0.40983080863952637,0.4062209129333496,0.4026670455932617,0.39897871017456055,0.00012922286987304688,0.07725630799905048,0.04684288899989042
1784810225.891967,137.03092622756958,160.3,0.1603,160.3,0.1895553028766938,189.55530287669382,0.1895553028766938,189.55530287669382,0.853,0.9330315384212731,0.9330315384212731,-0.03941780283957356,-0.09761846358661705,0.09098654538081302,-0.0003941780283957356,0.6717827076633166,-0.0009761846358661705,0.48,0.01,0.72,0.01,nan,0.12,0.12,0.12031153175917902,0.12031153175917902,0.10875000059604645,-0.45,-0.45,-0.3727845339633599,-0.3727845339633599,-0.31521737575531006,0.150375,0.13999060802736632,0.15099806351835804,0.089625,0.09508358866599784,0.089625,0.010384391972633689,0.0,0.03636525304414599,0.04265995840932067,0.0006230635183580213,0.0,nan,1.0,0.0,0.0,0.4,3.0799999237060547,1.0,0,1,1,0,4.795206546783447,-8.794231414794922,-2.142230589668739,FOLLOW_MAIN,cascade_pd_tracking,follow_main,inner_wheel_pd,lidar_disabled,FOLLOW_MAIN,COMMITTED,HOLD,1,1,1,1,1,1,2,0.003743886947631836,0.00012683868408203125,0.019451141357421875,0.01580190658569336,0.011791467666625977,0.007817745208740234,0.02442663200054085,0.0849875610001618
1784810225.9430435,137.0820026397705,146.1,0.1461,146.1,0.17777795872236807,177.77795872236806,0.17777795872236807,177.77795872236806,0.807,0.9008131411221508,0.9008131411221508,-0.06755533104867453,-0.1764940731691778,0.08533342018673667,-0.0006755533104867453,0.6485854616079486,-0.0017649407316917781,0.48,0.01,0.72,0.01,nan,0.12,0.12,0.12031153175917902,0.12031153175917902,0.10875000059604645,-0.45,-0.45,-0.3727845339633599,-0.3727845339633599,-0.31521737575531006,0.150375,0.13999060802736632,0.15099806351835804,0.089625,0.09508358866599784,0.089625,0.010384391972633689,0.0,0.027941197297923003,0.032777726396926575,0.0006230635183580213,0.0,nan,1.0,0.0,-0.73,0.4,3.249000072479248,1.0,0,1,1,0,4.795206546783447,-8.794231414794922,-2.2317844061739405,FOLLOW_MAIN,cascade_pd_tracking,follow_main,inner_wheel_pd,lidar_disabled,FOLLOW_MAIN,COMMITTED,HOLD,1,1,1,1,1,1,2,0.014273643493652344,0.01072382926940918,0.00728917121887207,0.00392460823059082,0.00010132789611816406,0.018332242965698242,0.0021389289995568106,0.12451428999884229
1784810226.3790164,137.51797556877136,146.1,0.1461,146.1,0.17777795872236807,177.77795872236806,0.17777795872236807,177.77795872236806,0.807,0.9008131411221508,0.9008131411221508,-0.06755533104867453,-0.1764940731691778,0.08533342018673667,-0.0006755533104867453,0.6485854616079486,-0.0017649407316917781,0.48,0.01,0.72,0.01,nan,0.12,0.12,0.12031153175917902,0.12031153175917902,0.10875000059604645,-0.45,-0.45,-0.3727845339633599,-0.3727845339633599,-0.31521737575531006,0.150375,0.13999060802736632,0.15099806351835804,0.089625,0.09508358866599784,0.089625,0.010384391972633689,0.0,0.027941197297923003,0.032777726396926575,0.0006230635183580213,0.0,nan,1.0,0.0,-0.73,0.4,3.249000072479248,1.0,0,1,1,0,4.795206546783447,-8.794231414794922,-2.2317844061739405,FOLLOW_MAIN,cascade_pd_tracking,follow_main,inner_wheel_pd,lidar_disabled,FOLLOW_MAIN,COMMITTED,HOLD,1,1,1,1,1,1,2,0.45023417472839355,0.4466845989227295,0.4432494640350342,0.43988466262817383,0.43606114387512207,8.130073547363281e-05,0.0021389289995568106,0.12451428999884229
1784810226.4318252,137.57078433036804,112.9,0.1129,112.9,0.11961166613446486,119.61166613446485,0.11961166613446486,119.61166613446485,0.679,0.705698696134667,0.705698696134667,-0.09023462129748305,-0.3030379278604794,0.05741359974454313,-0.0009023462129748305,0.5081030612169601,-0.003030379278604794,0.48,0.01,0.72,0.01,nan,0.12,0.12,0.11929447156505321,0.11929447156505321,0.14137500524520874,-0.45,-0.45,-0.37757086395046485,-0.37757086395046485,-0.22065217792987823,0.150375,0.145474902861036,0.150375,0.089625,0.11314261449822668,0.0882139431301064,0.0,-0.023517614498226688,-0.04659366602850517,-0.08088442217490306,0.0,-0.0014110568698936013,nan,1.0,0.0,-0.369,0.4,3.190000057220459,1.0,0,1,1,0,4.749250888824463,-8.84103775024414,-2.3968950339235713,FOLLOW_MAIN,cascade_pd_tracking,follow_main,inner_wheel_pd,lidar_disabled,FOLLOW_MAIN,COMMITTED,HOLD,1,1,1,1,1,1,2,0.006733894348144531,0.0033490657806396484,6.842613220214844e-05,0.017834186553955078,0.014183521270751953,0.010406732559204102,0.011014961999535444,0.08021262700094667
1784810226.868268,138.0072271823883,168.3,0.1683,168.3,0.1394888516870447,139.4888516870447,0.1394888516870447,139.4888516870447,0.31,0.6084553573439481,0.6084553573439481,0.04446935177367286,-0.30400745100839915,0.06695464880978146,0.0004446935177367286,0.4380878572876426,-0.003040074510083992,0.48,0.01,0.72,0.01,nan,0.12,0.12,0.12048807297945807,0.11929447156505321,0.11962500214576721,-0.45,-0.45,-0.3749291828615646,-0.37757086395046485,-0.15760870277881622,0.150375,0.13410590068473122,0.15135114595891613,0.089625,0.08840838070850482,0.089625,0.016269099315268792,0.0,0.06625614173702139,-0.032235274241399076,0.0009761459589161275,0.0,nan,1.0,0.0,-2.11341035776001,0.4,3.13700008392334,1.0,0,1,1,0,4.702907562255859,-8.873221397399902,-2.4156500447213327,FOLLOW_MAIN,cascade_pd_tracking,follow_main,inner_wheel_pd,lidar_disabled,FOLLOW_MAIN,COMMITTED,HOLD,1,1,1,1,1,1,2,0.4218716621398926,9.34600830078125e-05,0.4365041255950928,0.433150053024292,0.42958807945251465,0.42580461502075195,0.024547630999222747,0.045728516999588464
1784810226.9197185,138.05867767333984,168.3,0.1683,168.3,0.1394888516870447,139.4888516870447,0.1394888516870447,139.4888516870447,0.31,0.6084553573439481,0.6084553573439481,0.04446935177367286,-0.30400745100839915,0.06695464880978146,0.0004446935177367286,0.4380878572876426,-0.003040074510083992,0.48,0.01,0.72,0.01,nan,0.12,0.12,0.11989082177901701,0.11989082177901701,0.1341249942779541,-0.45,-0.45,-0.3771639025071846,-0.3771639025071846,-0.22065217792987823,0.150375,0.14099416101567253,0.15093785033905965,0.089625,0.10264511301709374,0.08884379321897437,0.009380838984327483,-0.013020113017093743,0.00824654862834024,-0.10624133340830513,0.000562850339059649,-0.0007812067810256245,nan,1.0,0.0,-2.11341035776001,0.4,3.1459999084472656,1.0,0,1,1,0,4.694097518920898,-8.877792358398438,-2.610454278763235,FOLLOW_MAIN,cascade_pd_tracking,follow_main,inner_wheel_pd,lidar_disabled,FOLLOW_MAIN,COMMITTED,HOLD,1,1,1,1,1,1,2,0.01118159294128418,0.007532358169555664,0.0040972232818603516,0.023027420043945312,0.00015974044799804688,0.015165567398071289,0.06304208099936659,0.009859275000053458
1784810227.3785338,138.51749300956726,121.7,0.1217,121.7,0.1263373832991943,126.3373832991943,0.1263373832991943,126.3373832991943,0.716,0.625229369422704,0.625229369422704,-0.042913128638986366,0.1407833504894887,0.060641943983613264,-0.00042913128638986367,0.45016514598434687,0.001407833504894887,0.48,0.01,0.72,0.01,nan,0.12,0.12,0.11955904873365611,0.11989082177901701,0.11599999666213989,-0.45,-0.45,-0.3743567413096592,-0.3771639025071846,-0.31521737575531006,0.150375,0.14607721348066197,0.150375,0.089625,0.10432337554479651,0.08874309746731221,0.0,-0.014698375544796513,-0.0037309788599660474,0.03973766828805702,0.0,-0.0008819025326877907,nan,1.0,0.0,-2.7099999999999995,0.4,3.0840001106262207,1.0,0,1,1,0,4.638822555541992,-8.902194023132324,-2.648784281527338,FOLLOW_MAIN,cascade_pd_tracking,follow_main,inner_wheel_pd,lidar_disabled,FOLLOW_MAIN,COMMITTED,UNKNOWN,1,1,1,1,1,1,1,0.43162059783935547,9.703636169433594e-05,0.4628641605377197,0.44355010986328125,0.4397616386413574,0.4358499050140381,0.06867505300033372,0.030062751000514254
1784810227.4289,138.56785917282104,118.60000000000001,0.11860000000000001,118.60000000000001,0.12387108249323703,123.87108249323703,0.12387108249323703,123.87108249323703,0.7030000000000001,0.6695716990477603,0.6695716990477603,-0.039715734885717044,0.2358456642920554,0.05945811959675377,-0.00039715734885717045,0.4820916233143874,0.002358456642920554,0.48,0.01,0.72,0.01,nan,0.12,0.12,0.11955904873365611,0.11955904873365611,0.11599999666213989,-0.45,-0.45,-0.3743567413096592,-0.3743567413096592,-0.31521737575531006,0.150375,0.14607721348066197,0.150375,0.089625,0.10432337554479651,0.08874309746731221,0.0,-0.014698375544796513,-0.0032723647483189683,0.034853090775061026,0.0,-0.0008819025326877907,nan,1.0,0.0,-2.9219999999999997,0.4,3.0840001106262207,1.0,0,1,1,0,4.638822555541992,-8.902194023132324,-2.761789940203962,FOLLOW_MAIN,cascade_pd_tracking,follow_main,inner_wheel_pd,lidar_disabled,FOLLOW_MAIN,COMMITTED,UNKNOWN,1,1,1,1,1,1,1,8.606910705566406e-05,0.014218807220458984,0.028802871704101562,0.010765790939331055,0.00731658935546875,0.0037794113159179688,0.005287211999529973,0.04973641200012935
1784810227.8713946,139.01035380363464,102.10000000000001,0.10210000000000001,102.10000000000001,0.10872927060352675,108.72927060352674,0.10872927060352675,108.72927060352674,0.63,0.6590310882981718,0.6590310882981718,-0.032703209633693664,0.004947603781589836,0.052190049889692836,-0.00032703209633693663,0.47450238357468366,4.947603781589837e-05,0.48,0.01,0.72,0.01,nan,0.12,0.12,0.12,0.11955904873365611,0.12324999272823334,-0.45,-0.45,-0.36900000000000005,-0.3743567413096592,-0.37826088070869446,0.150375,0.14586190599066215,0.150375,0.089625,0.09652489418306867,0.089625,0.0,0.0,-0.021417945767909227,0.011112317778434725,0.0,0.0,nan,1.0,0.0,-3.343,0.4,2.8469998836517334,1.0,0,1,1,0,4.588775634765625,-8.915937423706055,-2.7870069850003243,FOLLOW_MAIN,cascade_pd_tracking,follow_main,inner_wheel_pd,lidar_disabled,FOLLOW_MAIN,COMMITTED,UNKNOWN,1,1,1,1,1,1,1,0.42437219619750977,0.00011897087097167969,0.43578338623046875,0.453275203704834,0.4321787357330322,0.42827367782592773,0.0010620209995977348,0.07022251899979892
1784810227.9252913,139.06425046920776,102.10000000000001,0.10210000000000001,102.10000000000001,0.10872927060352675,108.72927060352674,0.10872927060352675,108.72927060352674,0.63,0.6590310882981718,0.6590310882981718,-0.032703209633693664,0.004947603781589836,0.052190049889692836,-0.00032703209633693663,0.47450238357468366,4.947603781589837e-05,0.48,0.01,0.72,0.01,nan,0.12,0.12,0.12,0.12,0.11962500214576721,-0.45,-0.45,-0.36900000000000005,-0.36900000000000005,-0.34673917293548584,0.150375,0.14456186554339026,0.150375,0.089625,0.0963849813835807,0.089625,0.0,0.0,-0.01637215977944981,0.008494402038366631,0.0,0.0,nan,1.0,0.0,-3.343,0.4,2.8469998836517334,1.0,0,1,1,0,4.579702854156494,-8.917529106140137,-2.933172843204931,FOLLOW_MAIN,cascade_pd_tracking,follow_main,inner_wheel_pd,lidar_disabled,FOLLOW_MAIN,COMMITTED,UNKNOWN,1,1,1,1,1,1,1,0.014997005462646484,0.011384963989257812,0.007806301116943359,0.026641130447387695,0.004097938537597656,0.0001571178436279297,0.0413590469997871,0.03678763199968671
1784810228.3780644,139.517023563385,78.4,0.07840000000000001,78.4,0.08519054917981116,85.19054917981116,0.08519054917981116,85.19054917981116,0.511,0.5464646165163143,0.5464646165163143,-0.04044988735507929,-0.1677262589586758,0.04089146360630935,-0.0004044988735507929,0.3934545238917463,-0.001677262589586758,0.48,0.01,0.72,0.01,nan,0.12,0.12,0.12029049504261277,0.12,0.11237499117851257,-0.45,-0.45,-0.37252897681396263,-0.36900000000000005,-0.34673914313316345,0.150375,0.14069183191290743,0.15095599008522556,0.089625,0.09406620627527831,0.089625,0.009683168087092575,0.0,0.034956536070910434,0.012225589998392626,0.0005809900852255545,0.0,nan,1.0,0.0,-3.727,0.4,3.1110000610351562,1.0,0,1,1,0,4.526426792144775,-8.921707153320312,-2.9679723991579134,FOLLOW_MAIN,cascade_pd_tracking,follow_main,inner_wheel_pd,lidar_disabled,FOLLOW_MAIN,COMMITTED,UNKNOWN,1,1,1,1,1,1,1,0.43036603927612305,9.799003601074219e-05,0.46053242683410645,0.4413464069366455,0.43762826919555664,0.4341127872467041,0.0030593569990742253,0.06457397200028936
1784810228.4281926,139.56715178489685,78.4,0.07840000000000001,78.4,0.08519054917981116,85.19054917981116,0.08519054917981116,85.19054917981116,0.511,0.5464646165163143,0.5464646165163143,-0.04044988735507929,-0.1677262589586758,0.04089146360630935,-0.0004044988735507929,0.3934545238917463,-0.001677262589586758,0.48,0.01,0.72,0.01,nan,0.12,0.12,0.12029049504261277,0.11997663190686252,0.11237499117851257,-0.45,-0.45,-0.37252897681396263,-0.3764988466129283,-0.34673914313316345,0.150375,0.14069183191290743,0.15095599008522556,0.089625,0.09406620627527831,0.089625,0.009683168087092575,0.0,0.03058843255980069,0.01069790308773769,0.0005809900852255545,0.0,nan,1.0,0.0,-3.727,0.4,3.0789999961853027,1.0,0,1,1,0,4.526426792144775,-8.921707153320312,-3.1088424999928366,FOLLOW_MAIN,cascade_pd_tracking,follow_main,inner_wheel_pd,lidar_disabled,FOLLOW_MAIN,COMMITTED,UNKNOWN,1,1,1,1,1,1,1,0.01088261604309082,0.028551101684570312,0.007506847381591797,0.004014730453491211,0.00015306472778320312,0.014787435531616211,0.023081888999513467,0.0845965040007286
1784810228.856568,139.99552726745605,78.4,0.07840000000000001,78.4,0.08519054917981116,85.19054917981116,0.08519054917981116,85.19054917981116,0.511,0.5464646165163143,0.5464646165163143,-0.04044988735507929,-0.1677262589586758,0.04089146360630935,-0.0004044988735507929,0.3934545238917463,-0.001677262589586758,0.48,0.01,0.72,0.01,nan,0.12,0.12,0.11997663190686252,0.11997663190686252,0.12324999272823334,-0.45,-0.45,-0.3764988466129283,-0.3764988466129283,-0.25217387080192566,0.150375,0.14047641646341635,0.15096891501219503,0.089625,0.10030251997449988,0.08898434880153,0.009898583536583655,-0.01067751997449988,0.028070000280121216,-0.0572416294386816,0.0005939150121950193,-0.0006406511984699928,nan,1.0,0.0,-3.727,0.4,3.0789999961853027,1.0,0,1,1,0,4.515583038330078,-8.92149543762207,3.099889455817534,FOLLOW_MAIN,cascade_pd_tracking,follow_main,inner_wheel_pd,lidar_disabled,FOLLOW_MAIN,COMMITTED,UNKNOWN,1,1,1,1,1,1,1,0.4056272506713867,0.4166288375854492,0.4358353614807129,0.4323427677154541,8.511543273925781e-05,0.40932655334472656,0.043326327999238856,0.01855908499965153
1784810228.9075935,140.04655265808105,66.5,0.0665,66.5,0.07042586503997875,70.42586503997875,0.07042586503997875,70.42586503997875,0.444,0.46573414974108507,0.46573414974108507,-0.03265473003867245,-0.16711163124171702,0.033804415219189796,-0.0003265473003867245,0.3353285878135812,-0.0016711163124171703,0.48,0.01,0.72,0.01,nan,0.12,0.12,0.12,0.12,0.11962499469518661,-0.45,-0.45,-0.36900000000000005,-0.36900000000000005,-0.40978264808654785,0.150375,0.14748271366846144,0.150375,0.089625,0.09607751427922294,0.089625,0.0,0.0,-0.012806366981289879,0.04588835941045844,0.0,0.0,nan,1.0,0.0,-5.425,0.4,3.0190000534057617,1.0,0,1,1,0,4.46649694442749,-8.917109489440918,3.0277039378684196,FOLLOW_MAIN,cascade_pd_tracking,follow_main,inner_wheel_pd,lidar_disabled,FOLLOW_MAIN,COMMITTED,HOLD,1,1,1,1,1,1,2,0.0001323223114013672,0.019042491912841797,0.015465497970581055,0.01198434829711914,0.008168220520019531,0.004198789596557617,0.06631425299929106,0.06993625900031475
1784810229.4018543,140.54081344604492,36.4,0.0364,36.4,0.047320079730367975,47.32007973036797,0.047320079730367975,47.32007973036797,0.254,0.3255544945774333,0.3255544945774333,-0.04524420825111873,-0.27231159726190385,0.02271363827057663,-0.00045244208251118734,0.23439923609575197,-0.0027231159726190386,0.48,0.01,0.72,0.01,nan,0.12,0.12,0.12,0.12034850525415497,0.11599999666213989,-0.3251340329001859,-0.3365026193149987,-0.2759321478382989,-0.3732336934578825,-0.31521737575531006,0.1427139268037624,0.14334430503632725,0.1427139268037624,0.09728607319623758,0.09617132772869455,0.09728607319623758,0.0,0.0,-0.0025256489123048533,0.00163950983700766,0.0,0.0,nan,1.0,0.0,-7.776,0.4,2.999000072479248,1.0,0,1,1,0,4.408977508544922,-8.901480674743652,2.9598375993683255,FOLLOW_MAIN,cascade_pd_tracking,follow_main,inner_wheel_pd,lidar_disabled,FOLLOW_MAIN,COMMITTED,UNKNOWN,1,1,1,1,1,1,1,0.4494938850402832,9.202957153320312e-05,0.46457886695861816,0.46100497245788574,0.4571073055267334,0.4532444477081299,0.03669922500012035,0.06751751400042849
1784810229.452627,140.59158611297607,36.4,0.0364,36.4,0.047320079730367975,47.32007973036797,0.047320079730367975,47.32007973036797,0.254,0.3255544945774333,0.3255544945774333,-0.04524420825111873,-0.27231159726190385,0.02271363827057663,-0.00045244208251118734,0.23439923609575197,-0.0027231159726190386,0.48,0.01,0.72,0.01,nan,0.12,0.12,0.12,0.12,0.11962500214576721,-0.3251340330387389,-0.3251340330387389,-0.26660990709176596,-0.26660990709176596,-0.34673917293548584,0.14194654723011488,0.14319289598528065,0.14194654723011488,0.09805345276988511,0.09619481871362523,0.09805345276988511,0.0,0.0,-0.0016800595367700637,0.0010906005675901237,0.0,0.0,nan,1.0,0.0,-7.776,0.4,2.999000072479248,1.0,0,1,1,0,4.3997297286987305,-8.897866249084473,2.8242937690931162,FOLLOW_MAIN,cascade_pd_tracking,follow_main,inner_wheel_pd,lidar_disabled,FOLLOW_MAIN,COMMITTED,UNKNOWN,1,1,1,1,1,1,1,0.011040210723876953,0.007442474365234375,0.003730297088623047,0.0001354217529296875,0.018879175186157227,0.01506948471069336,0.09784954400129209,0.04983435700160044
1784810229.8741117,141.01307082176208,36.4,0.0364,36.4,0.047320079730367975,47.32007973036797,0.047320079730367975,47.32007973036797,0.254,0.3255544945774333,0.3255544945774333,-0.04524420825111873,-0.27231159726190385,0.02271363827057663,-0.00045244208251118734,0.23439923609575197,-0.0027231159726190386,0.48,0.01,0.72,0.01,nan,0.12,0.12,0.12,0.12,0.11962500214576721,-0.3251340330387389,-0.3251340330387389,-0.26660990709176596,-0.26660990709176596,-0.34673917293548584,0.14194654723011488,0.14319289598528065,0.14194654723011488,0.09805345276988511,0.09619481871362523,0.09805345276988511,0.0,0.0,-0.0016800595367700637,0.0010906005675901237,0.0,0.0,nan,1.0,0.0,-7.776,0.4,2.999000072479248,1.0,0,1,1,0,4.3997297286987305,-8.897866249084473,2.701959276775972,FOLLOW_MAIN,cascade_pd_tracking,follow_main,inner_wheel_pd,lidar_disabled,FOLLOW_MAIN,COMMITTED,UNKNOWN,1,1,1,1,1,1,1,0.4324929714202881,0.4288945198059082,0.42518186569213867,0.4215867519378662,0.00010561943054199219,0.4365196228027344,0.09784954400129209,0.04983435700160044
1784810229.9266272,141.06558632850647,8.700000000000001,0.008700000000000001,8.700000000000001,0.018878452107160548,18.878452107160548,0.018878452107160548,18.878452107160548,0.062,0.13437333848254177,0.13437333848254177,-0.052593054816918436,-0.35060686067825064,0.009061657011437062,-0.0005259305481691844,0.09674880370743007,-0.0035060686067825064,0.48,0.01,0.72,0.01,nan,0.12,0.12,0.11953096422206153,0.12,0.13049998879432678,-0.14558658464157442,-0.15036092493585243,-0.11759804233022042,-0.26660990709176596,-0.31521740555763245,0.13014936243317005,0.14578388836445305,0.12921129087729308,0.10985063756682996,0.10272435837186196,0.10985063756682996,-0.015634525931283005,0.0,-0.06890960461600047,-0.03452576909379785,-0.0009380715558769803,0.0,nan,1.0,0.0,-7.734,0.4,2.996000051498413,1.0,0,1,1,0,4.349747657775879,-8.873291015625,2.701959276775972,FOLLOW_MAIN,cascade_pd_tracking,follow_main,inner_wheel_pd,lidar_disabled,FOLLOW_MAIN,COMMITTED,UNKNOWN,1,1,1,1,1,1,1,0.0035011768341064453,8.034706115722656e-05,0.47768568992614746,0.474090576171875,0.05260896682739258,0.007014274597167969,0.054267456000161474,0.06985738799994579
1784810230.379301,141.5182602405548,2.5,0.0025,2.5,0.014742343130390172,14.742343130390172,0.014742343130390172,14.742343130390172,0.018000000000000002,0.1049637571606536,0.1049637571606536,-0.05513522222749852,-0.37307961339629286,0.007076324702587283,-0.0005513522222749852,0.0755739051556706,-0.0037307961339629286,0.48,0.01,0.72,0.01,nan,0.12,0.12,0.11958527661083582,0.11958527661083582,0.12324999272823334,-0.1179623361691691,-0.13422188493507206,-0.10502382447469052,-0.10502382447469052,-0.25217387080192566,0.12905997723311735,0.1428840902052565,0.128230530454789,0.11094002276688263,0.1045676645130983,0.11094002276688263,-0.013824112972139146,0.0,-0.04845667625188229,-0.029911644182833506,-0.0008294467783283488,0.0,nan,1.0,0.0,-7.600999999999999,0.4,2.996000051498413,1.0,0,1,1,0,4.340157508850098,-8.867475509643555,2.5735079831089034,FOLLOW_MAIN,cascade_pd_tracking,follow_main,inner_wheel_pd,lidar_disabled,FOLLOW_MAIN,COMMITTED,UNKNOWN,1,1,1,1,1,1,1,0.4349400997161865,0.43151259422302246,0.42807602882385254,0.4246382713317871,7.82012939453125e-05,0.4387540817260742,0.013208447000579326,0.00177187299959769
1784810230.4309962,141.5699553489685,-21.0,-0.021,-21.0,-0.014924437073067415,-14.924437073067416,-0.014924437073067415,-14.924437073067416,-0.149,-0.10633852983997504,-0.10633852983997504,-0.06445117740619,-0.4290502482787164,-0.007163729795072359,-0.0006445117740618999,-0.07656374148478202,-0.004290502482787164,0.48,0.01,0.72,0.01,nan,0.12,0.12,0.1197845759477312,0.11979463733830543,0.12687499821186066,0.0791337329333796,0.0018735276180380034,0.011057312343549088,0.019762725951448405,-0.22065213322639465,0.11987353688578244,0.1365263123408959,0.11887437035847563,0.12012646311421755,0.11065448940139733,0.12069478153698676,-0.01665277545511347,0.009471973712820228,-0.03976221744206463,-0.0006007554243507962,-0.0009991665273068081,0.0005683184227692137,nan,1.0,0.0,-6.414,0.4,2.944000005722046,1.0,0,1,1,0,4.301529884338379,-8.841643333435059,2.5416075902159596,FOLLOW_MAIN,cascade_pd_tracking,follow_main,inner_wheel_pd,lidar_disabled,FOLLOW_MAIN,COMMITTED,UNKNOWN,1,1,1,1,1,1,1,8.463859558105469e-05,0.018529653549194336,0.01510930061340332,0.011693000793457031,0.007870674133300781,0.0038559436798095703,0.0017433359989809105,0.07112635399971623
1784810230.872183,142.01114225387573,-56.2,-0.0562,-56.2,-0.02472287946769808,-24.722879467698082,-0.02472287946769808,-24.722879467698082,-0.382,-0.17447188953608364,-0.17447188953608364,-0.05532235081951423,-0.3751166074386286,-0.011866982144495079,-0.0005532235081951423,-0.12561976046598022,-0.0037511660743862864,0.48,0.01,0.72,0.01,nan,0.12,0.12,0.11989618905632288,0.11979463733830543,0.11962500214576721,0.14182553598780845,0.14182553598780845,0.12639039845696748,0.019762725951448405,-0.0315217524766922,0.11042677632082293,0.12600469202682588,0.10949210137846276,0.12957322367917706,0.11745567276241142,0.130300276734183,-0.015577915706002948,0.01211755091676564,0.01986480714022754,-0.0011035305156717864,-0.0009346749423601769,0.0007270530550059384,nan,1.0,0.0,-5.042,0.4,2.8970000743865967,1.0,0,1,1,0,4.252902030944824,-8.80409049987793,2.5091721811544034,FOLLOW_MAIN,cascade_pd_tracking,follow_main,inner_wheel_pd,lidar_disabled,FOLLOW_MAIN,COMMITTED,UNKNOWN,1,1,1,1,1,1,1,0.41435694694519043,0.00010919570922851562,0.4562835693359375,0.4528670310974121,0.42223668098449707,0.4184718132019043,0.24767531799989229,0.025140169000223977
1784810230.9262202,142.06517934799194,-78.80000000000001,-0.07880000000000001,-78.80000000000001,-0.052624408919719014,-52.624408919719016,-0.052624408919719014,-52.624408919719016,-0.512,-0.2808406894015794,-0.2808406894015794,-0.08529026741927087,-0.3939445901963479,-0.025259716281465127,-0.0008529026741927087,-0.20220529636913717,-0.003939445901963479,0.48,0.01,0.72,0.01,nan,0.12,0.12,0.11989618905632286,0.11989618905632286,0.11962500214576721,0.24857568624757612,0.16423850953811683,0.1458717550668955,0.1458717550668955,-0.0315217524766922,0.1089139006061771,0.12600469202682588,0.10788845312093817,0.13108609939382287,0.11745567276241142,0.13190392499170756,-0.017090791420648774,0.013630426631411452,0.006307153161877952,0.007990888553986842,-0.0010254474852389264,0.0008178255978846871,nan,1.0,0.0,-4.404,0.4,2.875999927520752,1.0,0,1,1,0,4.252902030944824,-8.80409049987793,2.470873491742053,FOLLOW_MAIN,cascade_pd_tracking,follow_main,inner_wheel_pd,lidar_disabled,FOLLOW_MAIN,COMMITTED,UNKNOWN,1,1,1,1,1,1,1,0.00013446807861328125,0.01870441436767578,0.015322208404541016,0.011681556701660156,0.008007049560546875,0.004212617874145508,0.02741052500095975,0.06589103000078467
1784810231.4862654,142.6252245903015,-78.80000000000001,-0.07880000000000001,-78.80000000000001,-0.052624408919719014,-52.624408919719016,-0.052624408919719014,-52.624408919719016,-0.512,-0.2808406894015794,-0.2808406894015794,-0.08529026741927087,-0.3939445901963479,-0.025259716281465127,-0.0008529026741927087,-0.20220529636913717,-0.003939445901963479,0.48,0.01,0.72,0.01,nan,0.12,0.12,0.11989618905632288,0.11989618905632288,0.11962500214576721,0.24857568624757578,0.18755725278830046,0.16614040669995517,0.16614040669995517,-0.0315217524766922,0.10733988543678971,0.12600469202682588,0.10621999704138754,0.13266011456321028,0.11745567276241142,0.1335723810712582,-0.018664806590036165,0.015204441800798857,-0.004386603638157525,0.015164217060809747,-0.0011198883954021699,0.0009122665080479314,nan,1.0,0.0,-4.404,0.4,2.875999927520752,1.0,0,1,1,0,4.252902030944824,-8.80409049987793,2.4649149772260563,FOLLOW_MAIN,cascade_pd_tracking,follow_main,inner_wheel_pd,lidar_disabled,FOLLOW_MAIN,COMMITTED,UNKNOWN,1,1,1,1,1,1,1,0.5373857021331787,0.5336699485778809,0.5300588607788086,0.5262331962585449,7.081031799316406e-05,0.5414681434631348,0.0698082400012936,0.10828874500111851
1784810231.9152226,143.05418181419373,-78.80000000000001,-0.07880000000000001,-78.80000000000001,-0.052624408919719014,-52.624408919719016,-0.052624408919719014,-52.624408919719016,-0.512,-0.2808406894015794,-0.2808406894015794,-0.08529026741927087,-0.3939445901963479,-0.025259716281465127,-0.0008529026741927087,-0.20220529636913717,-0.003939445901963479,0.48,0.01,0.72,0.01,nan,0.12,0.12,0.11989618905632288,0.11989618905632288,0.11962500214576721,0.24857568624757578,0.18755725278830046,0.16614040669995517,0.16614040669995517,-0.0315217524766922,0.10733988543678971,0.12600469202682588,0.10621999704138754,0.13266011456321028,0.11745567276241142,0.1335723810712582,-0.018664806590036165,0.015204441800798857,-0.004386603638157525,0.015164217060809747,-0.0011198883954021699,0.0009122665080479314,nan,1.0,0.0,-4.404,0.4,2.875999927520752,1.0,0,1,1,0,4.252902030944824,-8.80409049987793,2.4649149772260563,FOLLOW_MAIN,cascade_pd_tracking,follow_main,inner_wheel_pd,lidar_disabled,FOLLOW_MAIN,COMMITTED,UNKNOWN,1,1,1,1,1,1,1,0.9663622379302979,0.962646484375,0.9590353965759277,0.9552097320556641,0.4290473461151123,9.965896606445312e-05,0.0698082400012936,0.10828874500111851
1784810231.9657178,143.1046769618988,-231.60000000000002,-0.23160000000000003,-231.60000000000002,-0.07783657208933627,-77.83657208933627,-0.07783657208933627,-77.83657208933627,-0.397,-0.39031601045412123,-0.39031601045412123,-0.06612352156808277,-0.054606388528175495,-0.03736155460288141,-0.0006612352156808277,-0.2810275275269673,-0.000546063885281755,0.48,0.01,0.72,0.01,nan,0.12,0.12,0.11970167625071154,0.12052159572081127,0.13050000369548798,0.359146076263302,0.359146076263302,0.2981238636383748,0.30002847705883223,0.25217393040657043,0.0957576398522271,0.10570176482850877,0.0951609923536502,0.1442423601477729,0.1376948709513391,0.1442423601477729,-0.009944124976281665,0.0,-0.054554503838010276,-0.14308853581089215,-0.0005966474985768999,0.0,nan,1.0,0.0,-1.525158343892611,0.4,2.7200000286102295,1.0,0,1,1,0,4.1529154777526855,-8.724396705627441,2.4768291663132347,FOLLOW_MAIN,cascade_pd_tracking,follow_main,inner_wheel_pd,lidar_disabled,FOLLOW_MAIN,COMMITTED,UNKNOWN,1,1,1,1,1,1,1,0.003551483154296875,0.00012159347534179688,0.018591880798339844,0.015008211135864258,0.01125955581665039,0.007478475570678711,0.06805747799990058,0.013045649999185116
1784810232.401268,143.5402271747589,-231.3,-0.2313,-231.3,-0.10074789290668913,-100.74789290668913,-0.10074789290668913,-100.74789290668913,-0.396,-0.3937190999835759,-0.3937190999835759,-0.11620762874539342,-0.05095169356978888,-0.04835898859521078,-0.0011620762874539343,-0.28347775198817465,-0.0005095169356978889,0.48,0.01,0.72,0.01,nan,0.12,0.12,0.1196772854999299,0.11970167625071154,0.13050000369548798,0.3763324687008966,0.37119089146410866,0.308296914556976,0.2981238636383748,0.25217393040657043,0.09494461482617265,0.10570176482850877,0.09429918582603249,0.14505538517382732,0.1376948709513391,0.14505538517382732,-0.01075715000233611,0.0,-0.052186873742714995,-0.12365133743587073,-0.0006454290001401666,0.0,nan,1.0,0.0,-1.5725021375200758,0.4,2.7200000286102295,1.0,0,1,1,0,4.1529154777526855,-8.724396705627441,2.489437803038587,FOLLOW_MAIN,cascade_pd_tracking,follow_main,inner_wheel_pd,lidar_disabled,FOLLOW_MAIN,COMMITTED,HOLD,1,1,1,1,1,1,2,0.4166300296783447,0.41292619705200195,7.176399230957031e-05,0.42864370346069336,0.42478060722351074,0.420928955078125,0.004565470000670757,0.034945314000651706
1784810232.45259,143.5915491580963,-231.20000000000002,-0.23120000000000002,-231.20000000000002,-0.16277015736062211,-162.7701573606221,-0.16277015736062211,-162.7701573606221,-0.396,-0.3958023772444993,-0.3958023772444993,-0.17169594657389947,-0.023010844403710234,-0.07812967553309862,-0.0017169594657389948,-0.28497771161603946,-0.00023010844403710236,0.48,0.01,0.72,0.01,nan,0.12,0.12,0.12120888280934165,0.12120890823984778,0.09425000101327896,0.41723337518250847,0.41723337518250847,0.3568170551112889,0.3568276618300479,0.06304347515106201,0.09183674717518067,0.09694127094146492,0.09183674717518067,0.14816325282481932,0.10786715918009755,0.15058101844350263,0.0,0.04029609364472177,0.12666811536088887,0.1595166526287351,0.0,0.002417765618683306,nan,1.0,0.0,-1.5817829554932379,0.4,2.8320000171661377,1.0,0,1,1,0,4.107092380523682,-8.694207191467285,2.5655628773018333,FOLLOW_MAIN,cascade_pd_tracking,follow_main,inner_wheel_pd,lidar_disabled,FOLLOW_MAIN,COMMITTED,HOLD,1,1,1,1,1,1,2,0.00013399124145507812,0.019205570220947266,0.015528440475463867,0.011911153793334961,0.008083581924438477,0.004160404205322266,0.15056938599991554,0.015327191000324092
1784810232.900707,144.03966617584229,-231.20000000000002,-0.23120000000000002,-231.20000000000002,-0.23024261915729993,-230.24261915729994,-0.23024261915729993,-230.24261915729994,-0.396,-0.39599883228532273,-0.39599883228532273,-0.08347984732712517,-0.0030983320689684226,-0.11051645719550396,-0.0008347984732712517,-0.28511915924543235,-3.0983320689684224e-05,0.48,0.01,0.72,0.01,nan,0.12,0.12,0.12041373813516834,0.12120893142066597,0.11962500214576721,0.45,0.45,0.3740261521605637,0.3568373302345103,0.34673914313316345,0.089625,0.09608358940001033,0.089625,0.150375,0.1365837288277217,0.1512024762703367,0.0,0.013791271172278297,0.02282521348613282,-0.03653856595421904,0.0,0.0008274762703366977,nan,1.0,0.0,-1.58200697862977,0.4,2.7170000076293945,1.0,0,1,1,0,4.065517425537109,-8.67055892944336,2.585106567469296,FOLLOW_MAIN,cascade_pd_tracking,follow_main,inner_wheel_pd,lidar_disabled,FOLLOW_MAIN,COMMITTED,HOLD,1,1,1,1,1,1,2,0.4109151363372803,0.00011491775512695312,0.42558956146240234,0.42204809188842773,0.41824984550476074,0.414581298828125,0.010787702000015997,0.07087803799913672
1784810232.9517367,144.0906958580017,-231.20000000000002,-0.23120000000000002,-231.20000000000002,-0.23024261915729993,-230.24261915729994,-0.23024261915729993,-230.24261915729994,-0.396,-0.39599883228532273,-0.39599883228532273,-0.08347984732712517,-0.0030983320689684226,-0.11051645719550396,-0.0008347984732712517,-0.28511915924543235,-3.0983320689684224e-05,0.48,0.01,0.72,0.01,nan,0.12,0.12,0.12041373813516834,0.12041373813516834,0.11962500214576721,0.45,0.45,0.3740261521605637,0.3740261521605637,0.34673914313316345,0.089625,0.09608358940001033,0.089625,0.150375,0.1365837288277217,0.1512024762703367,0.0,0.013791271172278297,0.01741790255244067,-0.02788255109128183,0.0,0.0008274762703366977,nan,1.0,0.0,-1.58200697862977,0.4,2.7170000076293945,1.0,0,1,1,0,4.065517425537109,-8.67055892944336,2.6263052278937655,FOLLOW_MAIN,cascade_pd_tracking,follow_main,inner_wheel_pd,lidar_disabled,FOLLOW_MAIN,COMMITTED,HOLD,1,1,1,1,1,1,2,0.003822803497314453,0.0001513957977294922,0.018637657165527344,0.01519632339477539,0.011504888534545898,0.0077397823333740234,0.05134278500008804,0.11143312099920877
1784810233.4310648,144.5700240135193,-117.60000000000001,-0.11760000000000001,-117.60000000000001,-0.15671379887796752,-156.71379887796752,-0.15671379887796752,-156.71379887796752,-0.6990000000000001,-0.5930038787184989,-0.5930038787184989,0.1394486387103792,-0.41133605974623955,-0.0752226234614244,0.001394486387103792,-0.4269627926773192,-0.0041133605974623955,0.48,0.01,0.72,0.01,nan,0.12,0.12,0.12024615811446265,0.12041373813516834,0.12324999272823334,0.45,0.45,0.3719903652423612,0.3740261521605637,0.31521737575531006,0.089625,0.09265770327796986,0.089625,0.150375,0.14216972951791132,0.15086731622892532,0.0,0.008205270482088689,-0.008573061002575662,-0.0009113033853750933,0.0,0.0004923162289253213,nan,1.0,0.0,-1.478,0.4,2.5920000076293945,1.0,0,1,1,0,4.005037784576416,-8.648656845092773,2.667409599681543,FOLLOW_MAIN,cascade_pd_tracking,follow_main,inner_wheel_pd,lidar_disabled,FOLLOW_MAIN,COMMITTED,UNKNOWN,1,1,1,1,1,1,1,0.438157320022583,0.00010013580322265625,0.45326828956604004,0.4497978687286377,0.44614720344543457,0.44223856925964355,0.008811477000563173,0.03048508500069147
1784810233.4815135,144.62047266960144,-117.60000000000001,-0.11760000000000001,-117.60000000000001,-0.15671379887796752,-156.71379887796752,-0.15671379887796752,-156.71379887796752,-0.6990000000000001,-0.5930038787184989,-0.5930038787184989,0.1394486387103792,-0.41133605974623955,-0.0752226234614244,0.001394486387103792,-0.4269627926773192,-0.0041133605974623955,0.48,0.01,0.72,0.01,nan,0.12,0.12,0.12027376816571034,0.12027376816571034,0.11237499862909317,0.45,0.45,0.372325776235296,0.372325776235296,0.40978264808654785,0.089625,0.08923273858997423,0.089625,0.150375,0.14124939447632176,0.1509225363314207,0.0,0.009125605523678249,-0.006526687879916708,0.005030271048072954,0.0,0.0005475363314206949,nan,1.0,0.0,-1.478,0.4,2.5380001068115234,1.0,0,1,1,0,3.996349573135376,-8.646832466125488,2.87602203863418,FOLLOW_MAIN,cascade_pd_tracking,follow_main,inner_wheel_pd,lidar_disabled,FOLLOW_MAIN,COMMITTED,UNKNOWN,1,1,1,1,1,1,1,0.014608383178710938,0.010985136032104492,0.007506847381591797,0.003998994827270508,0.0001533031463623047,0.018691062927246094,0.049720263999915915,0.0036885979989165207
1784810233.9037478,145.04270696640015,-136.9,-0.1369,-136.9,-0.14709185587032705,-147.09185587032707,-0.14709185587032705,-147.09185587032707,-0.774,-0.6408865523179635,-0.6408865523179635,0.14276937337071788,-0.4799407888401846,-0.07060409081775698,0.0014276937337071788,-0.46143831766893373,-0.004799407888401846,0.48,0.01,0.72,0.01,nan,0.12,0.12,0.12027376816571034,0.12027376816571034,0.11237499862909317,0.45,0.45,0.372325776235296,0.372325776235296,0.40978264808654785,0.089625,0.08923273858997423,0.089625,0.150375,0.14124939447632176,0.1509225363314207,0.0,0.009125605523678249,-0.005747545986007425,0.004429768161557931,0.0,0.0005475363314206949,nan,1.0,0.0,-1.7429999999999999,0.4,2.5380001068115234,1.0,0,1,1,0,3.996349573135376,-8.646832466125488,2.87602203863418,FOLLOW_MAIN,cascade_pd_tracking,follow_main,inner_wheel_pd,lidar_disabled,FOLLOW_MAIN,COMMITTED,UNKNOWN,1,1,1,1,1,1,1,0.4142172336578369,0.41045594215393066,0.0001327991485595703,0.42624354362487793,0.4223971366882324,0.4183084964752197,0.0076855669994984055,0.02275759099939023
1784810233.95686,145.09581923484802,-117.30000000000001,-0.11730000000000002,-117.30000000000001,-0.11960231655573732,-119.60231655573732,-0.11960231655573732,-119.60231655573732,-0.6970000000000001,-0.6962745792071832,-0.6962745792071832,0.09077640622783041,-0.23451867490026884,-0.05740911194675391,0.0009077640622783042,-0.5013176970291718,-0.0023451867490026884,0.48,0.01,0.72,0.01,nan,0.12,0.12,0.11975402231913987,0.12036188258076927,0.12687499821186066,0.45,0.45,0.37198817330822675,0.3733962032034194,0.40978261828422546,0.089625,0.0978242560286709,0.08913304463827974,0.150375,0.14589200547180992,0.150375,-0.008199256028670901,0.0,-0.03533691782109949,-0.05781770228880044,-0.0004919553617202541,0.0,nan,1.0,0.0,-2.385,0.4,2.5260000228881836,1.0,0,1,1,0,3.94000244140625,-8.640176773071289,3.0141493589366095,FOLLOW_MAIN,cascade_pd_tracking,follow_main,inner_wheel_pd,lidar_disabled,FOLLOW_MAIN,COMMITTED,HOLD,1,1,1,1,1,1,2,0.00714111328125,0.0035247802734375,8.559226989746094e-05,0.03605175018310547,0.015079736709594727,0.011261940002441406,0.12869785200018669,0.013734743999521015
1784810234.419085,145.55804419517517,-102.60000000000001,-0.10260000000000001,-102.60000000000001,-0.10980440744769165,-109.80440744769166,-0.10980440744769165,-109.80440744769166,-0.633,-0.6609573542821288,-0.6609573542821288,0.08415883923644873,-0.054701772304458635,-0.05270611557489199,0.0008415883923644874,-0.4758892950831327,-0.0005470177230445863,0.48,0.01,0.72,0.01,nan,0.12,0.12,0.11975402231913987,0.12,0.12687499821186066,0.45,0.45,0.37198817330822675,0.36900000000000005,0.40978261828422546,0.089625,0.0978242560286709,0.08913304463827974,0.150375,0.14589200547180992,0.150375,-0.008199256028670901,0.0,-0.02719179068590679,-0.044490774960525926,-0.0004919553617202541,0.0,nan,1.0,0.0,-3.118,0.4,2.5260000228881836,1.0,0,1,1,0,3.94000244140625,-8.640176773071289,3.0884463150958825,FOLLOW_MAIN,cascade_pd_tracking,follow_main,inner_wheel_pd,lidar_disabled,FOLLOW_MAIN,COMMITTED,DROPOUT,1,1,1,1,1,1,3,0.43234682083129883,0.4287710189819336,0.4253048896789551,0.00010204315185546875,0.4404773712158203,0.43644142150878906,0.032902793000175734,0.05303671399997256
1784810234.4703968,145.60935592651367,-68.0,-0.068,-68.0,-0.08802725356041788,-88.02725356041788,-0.08802725356041788,-88.02725356041788,-0.452,-0.5311027226701774,-0.5311027226701774,0.07196199258861367,0.21899672412425028,-0.04225308170900058,0.0007196199258861368,-0.38239396032252776,0.0021899672412425027,0.48,0.01,0.72,0.01,nan,0.12,0.12,0.12087533076320225,0.12087533076320225,0.11237499862909317,0.45,0.45,0.36444165016852753,0.36444165016852753,0.5989130139350891,0.089625,0.06878232033637734,0.09087556077981736,0.150375,0.1420399875568813,0.15087510074658714,0.02084267966362266,0.008335012443118711,0.1018635859139729,0.03969683176118276,0.0012505607798173595,0.0005001007465871227,nan,1.0,0.0,-2.15,0.4,2.4769999980926514,1.0,0,1,1,0,3.8822429180145264,-8.644509315490723,-3.042647023371442,FOLLOW_MAIN,cascade_pd_tracking,follow_main,inner_wheel_pd,lidar_disabled,FOLLOW_MAIN,COMMITTED,UNKNOWN,1,1,1,1,1,1,1,0.003644704818725586,0.0001575946807861328,0.032900333404541016,0.02949690818786621,0.011646270751953125,0.007601261138916016,0.040855916999134934,0.032288107000567834
1784810234.9124458,146.05140495300293,-68.0,-0.068,-68.0,-0.08802725356041788,-88.02725356041788,-0.08802725356041788,-88.02725356041788,-0.452,-0.5311027226701774,-0.5311027226701774,0.07196199258861367,0.21899672412425028,-0.04225308170900058,0.0007196199258861368,-0.38239396032252776,0.0021899672412425027,0.48,0.01,0.72,0.01,nan,0.12,0.12,0.12087533076320225,0.12087533076320225,0.11237499862909317,0.45,0.45,0.36444165016852753,0.36444165016852753,0.5989130139350891,0.089625,0.06878232033637734,0.09087556077981736,0.150375,0.1420399875568813,0.15087510074658714,0.02084267966362266,0.008335012443118711,0.09056442704811865,0.03529348384724322,0.0012505607798173595,0.0005001007465871227,nan,1.0,0.0,-2.15,0.4,2.434999942779541,1.0,0,1,1,0,3.8822429180145264,-8.644509315490723,-2.861397381566303,FOLLOW_MAIN,cascade_pd_tracking,follow_main,inner_wheel_pd,lidar_disabled,FOLLOW_MAIN,COMMITTED,UNKNOWN,1,1,1,1,1,1,1,0.4235086441040039,0.41976046562194824,0.41625070571899414,0.43517589569091797,0.00010395050048828125,0.4275519847869873,0.058491870999205275,0.049924061000638176
1784810234.9628377,146.10179686546326,-48.1,-0.048100000000000004,-48.1,-0.051783620162058425,-51.783620162058426,-0.051783620162058425,-51.783620162058426,-0.331,-0.353417708036218,-0.353417708036218,0.060487902660262036,0.2893900848668324,-0.02485613767778804,0.0006048790266026204,-0.25446074978607697,0.002893900848668324,0.48,0.01,0.72,0.01,nan,0.12,0.12,0.11920208151389758,0.11920208151389758,0.14137500524520874,0.3145397696431713,0.3225220529828764,0.2665631589514366,0.2665631589514366,0.28369560837745667,0.09822976142365583,0.11440274425340675,0.09725938245387078,0.14177023857634416,0.15219453861667392,0.14114478057392438,-0.016172982829750923,-0.010424300040329765,-0.06335758350330417,-0.052803429340206244,-0.0009703789697850554,-0.0006254580024197859,nan,1.0,0.0,-0.27,0.4,2.384999990463257,1.0,0,1,1,0,3.8260700702667236,-8.661758422851562,-2.8089767556773437,FOLLOW_MAIN,cascade_pd_tracking,follow_main,inner_wheel_pd,lidar_disabled,FOLLOW_MAIN,COMMITTED,UNKNOWN,1,1,1,1,1,1,1,6.914138793945312e-05,0.018137693405151367,0.014603614807128906,0.011070728302001953,0.0073680877685546875,0.003772258758544922,0.0010787609990074998,0.05177943399939977
1784810235.4517217,146.59068083763123,-48.1,-0.048100000000000004,-48.1,-0.051783620162058425,-51.783620162058426,-0.051783620162058425,-51.783620162058426,-0.331,-0.353417708036218,-0.353417708036218,0.060487902660262036,0.2893900848668324,-0.02485613767778804,0.0006048790266026204,-0.25446074978607697,0.002893900848668324,0.48,0.01,0.72,0.01,nan,0.12,0.12,0.11964635305311666,0.11964635305311666,0.12324999272823334,0.3169611702506438,0.3169611702506438,0.26420431510840675,0.26420431510840675,0.25217393040657043,0.09860512100808154,0.11039335257085915,0.09789782711431488,0.14139487899191844,0.14634668916533197,0.14139487899191844,-0.011788231562777612,0.0,-0.021542227648761927,0.025120225206336166,-0.0007072938937666567,0.0,nan,1.0,0.0,-0.27,0.4,2.4030001163482666,1.0,0,1,1,0,3.8167788982391357,-8.665410041809082,-2.7670847387572595,FOLLOW_MAIN,cascade_pd_tracking,follow_main,inner_wheel_pd,lidar_disabled,FOLLOW_MAIN,COMMITTED,UNKNOWN,1,1,1,1,1,1,1,0.46682214736938477,0.4631078243255615,0.45947861671447754,0.45597386360168457,0.45220255851745605,0.00012159347534179688,0.04058676800013927,0.010374053001214634
1784810235.5031033,146.6420624256134,-37.4,-0.037399999999999996,-37.4,-0.039128530292195575,-39.12853029219558,-0.039128530292195575,-39.12853029219558,-0.261,-0.2724634372111707,-0.2724634372111707,0.03151387209191009,0.1841235635109181,-0.018781694540253874,0.0003151387209191009,-0.19617367479204292,0.001841235635109181,0.48,0.01,0.72,0.01,nan,0.18227387243334342,0.18227387243334342,0.1853365301783813,0.1839347074027493,0.14500001072883606,0.2237944400622304,0.2237944400622304,0.18388785633290128,0.18797381479422134,0.18913042545318604,0.16716774772914286,0.11663987565790937,0.17019942005341687,0.19737999713754398,0.14581927770751438,0.20047364030334575,0.05052787207123349,0.0515607194300296,-0.02619451022510487,0.008634034481399223,0.0030316723242740096,0.003093643165801776,nan,1.0,0.0,0.35,0.6075795747778114,2.3589999675750732,1.0,0,1,1,0,3.769920825958252,-8.689835548400879,-2.6410299965095247,FOLLOW_MAIN,cascade_pd_tracking,follow_main,inner_wheel_pd,lidar_disabled,FOLLOW_MAIN,COMMITTED,UNKNOWN,1,1,1,1,1,1,1,0.007180452346801758,0.003671407699584961,0.0001430511474609375,0.01979804039001465,0.015973329544067383,0.011631011962890625,0.0624596540001221,0.0565742560011131
1784810235.9202726,147.05923175811768,-37.4,-0.037399999999999996,-37.4,-0.039128530292195575,-39.12853029219558,-0.039128530292195575,-39.12853029219558,-0.261,-0.2724634372111707,-0.2724634372111707,0.03151387209191009,0.1841235635109181,-0.018781694540253874,0.0003151387209191009,-0.19617367479204292,0.001841235635109181,0.48,0.01,0.72,0.01,nan,0.18227387243334342,0.18227387243334342,0.1853365301783813,0.1839347074027493,0.14500001072883606,0.2237944400622304,0.2237944400622304,0.18388785633290128,0.18797381479422134,0.18913042545318604,0.16716774772914286,0.11663987565790937,0.17019942005341687,0.19737999713754398,0.14581927770751438,0.20047364030334575,0.05052787207123349,0.0515607194300296,-0.02619451022510487,0.008634034481399223,0.0030316723242740096,0.003093643165801776,nan,1.0,0.0,0.35,0.6075795747778114,2.3589999675750732,1.0,0,1,1,0,3.769920825958252,-8.689835548400879,-2.590121903792884,FOLLOW_MAIN,cascade_pd_tracking,follow_main,inner_wheel_pd,lidar_disabled,FOLLOW_MAIN,COMMITTED,UNKNOWN,1,1,1,1,1,1,1,0.42430853843688965,0.42079901695251465,0.4172706604003906,0.43692517280578613,9.202957153320312e-05,0.4287567138671875,0.0624596540001221,0.0565742560011131
1784810235.970999,147.10995817184448,-42.800000000000004,-0.042800000000000005,-42.800000000000004,-0.04048108871525466,-40.48108871525466,-0.04048108871525466,-40.48108871525466,-0.297,-0.28133060825119277,-0.28133060825119277,0.0018269804789618053,0.00727833990961349,-0.019430922583322238,1.8269804789618052e-05,-0.20255803794085878,7.278339909613491e-05,0.48,0.01,0.72,0.01,nan,0.1531408071152473,0.1531408071152473,0.15130800558497087,0.15130800558497087,0.18850000202655792,0.26143416593637575,0.26143416593637575,0.21581267347154565,0.21581267347154565,0.25217390060424805,0.13549400091454195,0.16801171696286707,0.13354293795164243,0.17078761331595266,0.19936328161017444,0.16907307321829934,-0.032517716048325124,-0.028575668294221784,-0.21487765855268448,-0.2406743872028338,-0.0019510629628995075,-0.001714540097653307,nan,1.0,0.0,1.605,0.5104693570508244,2.2990000247955322,1.0,0,1,1,0,3.698307752609253,-8.736600875854492,-2.5717131269843634,FOLLOW_MAIN,cascade_pd_tracking,follow_main,inner_wheel_pd,lidar_disabled,FOLLOW_MAIN,COMMITTED,UNKNOWN,1,1,1,1,1,1,1,0.0035631656646728516,0.018986940383911133,0.0001590251922607422,0.033426761627197266,0.011519908905029297,0.007597446441650391,0.04301271599979373,0.010524109000471071
1784810236.464939,147.60389828681946,-42.800000000000004,-0.042800000000000005,-42.800000000000004,-0.04048108871525466,-40.48108871525466,-0.04048108871525466,-40.48108871525466,-0.297,-0.28133060825119277,-0.28133060825119277,0.0018269804789618053,0.00727833990961349,-0.019430922583322238,1.8269804789618052e-05,-0.20255803794085878,7.278339909613491e-05,0.48,0.01,0.72,0.01,nan,0.14631246169919557,0.14631246169919557,0.14406995944395606,0.14406995944395606,0.18850000202655792,0.26185144000625155,0.26185144000625155,0.21617536809308197,0.21617536809308197,0.25217390060424805,0.12863748949877357,0.16801171696286707,0.12627503585092797,0.16398743389961756,0.19936328161017444,0.16186488303698415,-0.0393742274640935,-0.03537584771055688,-0.20367346610294468,-0.22300825375166317,-0.0023624536478456097,-0.0021225508626334126,nan,1.0,0.0,1.605,0.48770820566398526,2.2990000247955322,1.0,0,1,1,0,3.698307752609253,-8.736600875854492,-2.5390249589819556,FOLLOW_MAIN,cascade_pd_tracking,follow_main,inner_wheel_pd,lidar_disabled,FOLLOW_MAIN,COMMITTED,UNKNOWN,1,1,1,1,1,1,1,8.845329284667969e-05,0.4751625061035156,0.4715595245361328,0.46791625022888184,0.464158296585083,0.4604225158691406,0.08376902099917061,0.05128041399984795
1784810236.9375136,148.07647275924683,-30.6,-0.030600000000000002,-30.6,-0.03692846265683164,-36.92846265683164,-0.03692846265683164,-36.92846265683164,-0.215,-0.2577743982726495,-0.2577743982726495,0.014336706430068904,0.09474242505929129,-0.017725662075279185,0.00014336706430068903,-0.18559756675630762,0.0009474242505929128,0.48,0.01,0.72,0.01,nan,0.12,0.12,0.12,0.1187612754983417,0.12325000762939453,0.2573797775989907,0.2573797775989907,0.2110514176311723,0.25503959242339697,0.37826085090637207,0.10262686501206812,0.10131740262685365,0.10262686501206812,0.13737313498793186,0.14288172781905326,0.13737313498793186,0.0,0.0,0.03776550464941444,0.013078498620508954,0.0,0.0,nan,1.0,0.0,2.3899999999999997,0.4,2.1589999198913574,1.0,0,1,1,0,3.5971105098724365,-8.826260566711426,-2.4514900619982183,FOLLOW_MAIN,cascade_pd_tracking,follow_main,inner_wheel_pd,lidar_disabled,FOLLOW_MAIN,COMMITTED,UNKNOWN,1,1,1,1,1,1,1,0.42945265769958496,0.00011754035949707031,0.4443235397338867,0.4408257007598877,0.43724942207336426,0.433643102645874,0.06343841499983682,0.02880739700049162
1784810236.9900713,148.1290304660797,-30.6,-0.030600000000000002,-30.6,-0.03692846265683164,-36.92846265683164,-0.03692846265683164,-36.92846265683164,-0.215,-0.2577743982726495,-0.2577743982726495,0.014336706430068904,0.09474242505929129,-0.017725662075279185,0.00014336706430068903,-0.18559756675630762,0.0009474242505929128,0.48,0.01,0.72,0.01,nan,0.12,0.12,0.12,0.12,0.12325000762939453,0.2578277192227758,0.2578277192227758,0.21141872976267612,0.21141872976267612,0.37826085090637207,0.10259662895246263,0.10131740262685365,0.10259662895246263,0.13740337104753736,0.14288172781905326,0.13740337104753736,0.0,0.0,0.028806611801513383,0.009975961825614617,0.0,0.0,nan,1.0,0.0,2.3899999999999997,0.4,2.178999900817871,1.0,0,1,1,0,3.5971105098724365,-8.826260566711426,-2.330919900097611,FOLLOW_MAIN,cascade_pd_tracking,follow_main,inner_wheel_pd,lidar_disabled,FOLLOW_MAIN,COMMITTED,UNKNOWN,1,1,1,1,1,1,1,0.00014138221740722656,0.0312960147857666,0.02784585952758789,0.02426934242248535,0.00825953483581543,0.004231452941894531,0.10405709099904925,0.06942607299970405
1784810237.4579163,148.59687542915344,-8.6,-0.0086,-8.6,-0.018119961736957905,-18.119961736957904,-0.018119961736957905,-18.119961736957904,-0.061,-0.12824571267079046,-0.12824571267079046,0.03465210913333716,0.23909118752850075,-0.008697581633739794,0.0003465210913333716,-0.09233691312296913,0.0023909118752850076,0.48,0.01,0.72,0.01,nan,0.12,0.12,0.12,0.11963878563571259,0.11599999666213989,0.14114917149471282,0.14114917149471282,0.11574232062566443,0.2071654280275802,0.12608695030212402,0.11047243092410688,0.10871108421219662,0.11047243092410688,0.1295275690758931,0.13456654248729247,0.1295275690758931,0.0,0.0,0.0031915892314926223,0.09975298510653359,0.0,0.0,nan,1.0,0.0,3.175,0.4,2.1540000438690186,1.0,0,1,1,0,3.5606701374053955,-8.875572204589844,-2.305387129590785,FOLLOW_MAIN,cascade_pd_tracking,follow_main,inner_wheel_pd,lidar_disabled,FOLLOW_MAIN,COMMITTED,UNKNOWN,1,1,1,1,1,1,1,0.4485790729522705,9.560585021972656e-05,0.4642012119293213,0.46058106422424316,0.45665454864501953,0.4526700973510742,0.07863912399989204,0.07737699300014356
1784810237.5097997,148.64875888824463,-8.6,-0.0086,-8.6,-0.018119961736957905,-18.119961736957904,-0.018119961736957905,-18.119961736957904,-0.061,-0.12824571267079046,-0.12824571267079046,0.03465210913333716,0.23909118752850075,-0.008697581633739794,0.0003465210913333716,-0.09233691312296913,0.0023909118752850076,0.48,0.01,0.72,0.01,nan,0.12,0.12,0.12,0.12,0.11599999666213989,0.1412376607253547,0.1412376607253547,0.11581488179479092,0.11581488179479092,0.0,0.11046645790103855,0.11225599909281485,0.11046645790103855,0.12953354209896145,0.12553682440119085,0.12953354209896145,0.0,0.0,0.002484838326736128,0.07766351576613464,0.0,0.0,nan,1.0,0.0,3.175,0.4,2.1540000438690186,1.0,0,1,1,0,3.5557022094726562,-8.883410453796387,-2.153735831153254,FOLLOW_MAIN,cascade_pd_tracking,follow_main,inner_wheel_pd,lidar_disabled,FOLLOW_MAIN,COMMITTED,UNKNOWN,1,1,1,1,1,1,1,0.00018548965454101562,0.015681743621826172,0.01210927963256836,0.03154277801513672,0.008107900619506836,0.004363298416137695,0.11618583199924615,0.034979647998625296
1784810237.9254825,149.0644416809082,6.6000000000000005,0.006600000000000001,6.6000000000000005,0.0008512416108620423,0.8512416108620423,0.0,0.0,0.047,0.006278047485944771,0.0,0.02418415830506188,0.2349152220917951,0.0,0.0002418415830506188,0.0,0.0023491522209179512,0.48,0.01,0.72,0.01,nan,0.12,0.12,0.12000931405843807,0.12,0.11962500214576721,0.02147175425650637,0.02147175425650637,0.007304329139681978,0.11581488179479092,0.34673914313316345,0.11855065658768582,0.10426088201272017,0.11940804306218376,0.12144934341231417,0.1354286493726774,0.12061058505469238,0.01428977457496565,-0.01397930596036323,0.057964992743831455,-0.05259787052109994,0.0008573864744979389,-0.0008387583576217938,nan,1.0,0.0,2.8139999999999996,0.4,2.117000102996826,1.0,0,1,1,0,3.529404640197754,-8.9263916015625,-2.153735831153254,FOLLOW_MAIN,cascade_pd_tracking,follow_main,inner_wheel_pd,lidar_disabled,FOLLOW_MAIN,COMMITTED,UNKNOWN,1,1,1,1,1,1,1,0.41578102111816406,8.344650268554688e-05,0.4277029037475586,0.44713497161865234,0.42369890213012695,0.4199533462524414,0.0879116400010389,0.0679227560012805
1784810237.9788616,149.1178207397461,9.5,0.0095,9.5,0.004214232006185394,4.214232006185394,0.0,0.0,0.068,0.030100154089405105,0.030100154089405105,0.017011892812025396,0.24983210219830054,0.0,0.00017011892812025396,0.021672110944371676,0.0024983210219830057,0.48,0.01,0.72,0.01,nan,0.12,0.12,0.12000931405843807,0.12000931405843807,0.11962500214576721,0.0,0.006837853041868437,-0.005415457796081227,-0.005415457796081227,0.34673914313316345,0.11953844491967387,0.10426088201272017,0.1204550986940911,0.12046155508032612,0.1354286493726774,0.11956352942278504,0.015277562906953701,-0.014967094292351282,0.05224266593817481,-0.04797701164407658,0.000916653774417222,-0.0008980256575410769,nan,1.0,0.0,2.609,0.4,2.11299991607666,1.0,0,1,1,0,3.529404640197754,-8.9263916015625,-2.1174857242801104,FOLLOW_MAIN,cascade_pd_tracking,follow_main,inner_wheel_pd,lidar_disabled,FOLLOW_MAIN,COMMITTED,UNKNOWN,1,1,1,1,1,1,1,0.014303445816040039,0.010827302932739258,0.0074117183685302734,0.004059553146362305,0.00015497207641601562,0.018364906311035156,0.016830544998811092,0.10237719900032971
1784810238.4618785,149.60083770751953,9.5,0.0095,9.5,0.004214232006185394,4.214232006185394,0.0,0.0,0.068,0.030100154089405105,0.030100154089405105,0.017011892812025396,0.24983210219830054,0.0,0.00017011892812025396,0.021672110944371676,0.0024983210219830057,0.48,0.01,0.72,0.01,nan,0.12,0.12,0.12000931405843807,0.12000931405843807,0.11962500214576721,0.0,0.0,-0.011358919660073321,-0.011358919660073321,0.34673914313316345,0.12,0.10426088201272017,0.12094434707923679,0.12,0.1354286493726774,0.11907428103763935,0.015739117987279824,-0.015428649372677405,0.04219698467630825,-0.03895941828878633,0.0009443470792367894,-0.0009257189623606443,nan,1.0,0.0,2.609,0.4,2.11299991607666,1.0,0,1,1,0,3.529404640197754,-8.9263916015625,-2.0402247103084434,FOLLOW_MAIN,cascade_pd_tracking,follow_main,inner_wheel_pd,lidar_disabled,FOLLOW_MAIN,COMMITTED,UNKNOWN,1,1,1,1,1,1,1,0.45983457565307617,0.4561300277709961,0.4526350498199463,0.44900012016296387,9.179115295410156e-05,0.46396374702453613,0.05819659199914895,0.14374324600066757
1784810238.5137115,149.65267062187195,16.8,0.016800000000000002,16.8,0.013896810894604796,13.896810894604796,0.013896810894604796,13.896810894604796,0.11900000000000001,0.09870719911291331,0.09870719911291331,0.035143032297433874,0.17585437615062952,0.006670469229410302,0.00035143032297433875,0.07106918336129758,0.001758543761506295,0.48,0.01,0.72,0.01,nan,0.13310443033187053,0.13310443033187053,0.1336110065860116,0.0,0.1341249942779541,-0.07028188444383182,-0.07020840490879596,-0.06372485540885213,0.0,0.03152172267436981,0.13784349766321424,0.12095762252517883,0.13885665017149637,0.1283653630005268,0.12642151227861076,0.1283653630005268,0.01688587513803541,0.0,-0.020221985897354126,-0.024287024170291435,0.0010131525082821245,0.0,nan,1.0,0.0,1.867,0.4436814344395684,2.0759999752044678,1.0,0,1,1,0,3.5045855045318604,-8.974281311035156,-2.0350233177267127,FOLLOW_MAIN,cascade_pd_tracking,follow_main,inner_wheel_pd,lidar_disabled,FOLLOW_MAIN,COMMITTED,HOLD,1,1,1,1,1,1,2,0.011537313461303711,0.041543006896972656,0.037984371185302734,0.007907390594482422,0.0040705204010009766,0.0001480579376220703,0.014166375000058906,0.04810179900050571
1784810238.9388342,150.07779335975647,16.8,0.016800000000000002,16.8,0.013896810894604796,13.896810894604796,0.013896810894604796,13.896810894604796,0.11900000000000001,0.09870719911291331,0.09870719911291331,0.035143032297433874,0.17585437615062952,0.006670469229410302,0.00035143032297433875,0.07106918336129758,0.001758543761506295,0.48,0.01,0.72,0.01,nan,0.13310443033187053,0.13310443033187053,0.1336110065860116,0.0,0.1341249942779541,-0.07028188444383182,-0.07020840490879596,-0.06372485540885213,0.0,0.03152172267436981,0.13784349766321424,0.12095762252517883,0.13885665017149637,0.1283653630005268,0.12642151227861076,0.1283653630005268,0.01688587513803541,0.0,-0.020221985897354126,-0.024287024170291435,0.0010131525082821245,0.0,nan,1.0,0.0,1.867,0.4436814344395684,2.0759999752044678,1.0,0,1,1,0,3.5045855045318604,-8.974281311035156,-2.0350233177267127,FOLLOW_MAIN,cascade_pd_tracking,follow_main,inner_wheel_pd,lidar_disabled,FOLLOW_MAIN,COMMITTED,HOLD,1,1,1,1,1,1,2,8.320808410644531e-05,0.466627836227417,0.46306896209716797,0.43299198150634766,0.4291543960571289,0.4252312183380127,0.014166375000058906,0.04810179900050571
1784810238.9901931,150.12915229797363,16.8,0.016800000000000002,16.8,0.013896810894604796,13.896810894604796,0.013896810894604796,13.896810894604796,0.11900000000000001,0.09870719911291331,0.09870719911291331,0.035143032297433874,0.17585437615062952,0.006670469229410302,0.00035143032297433875,0.07106918336129758,0.001758543761506295,0.48,0.01,0.72,0.01,nan,0.13310443033187053,0.13310443033187053,0.1336110065860116,0.0,0.1341249942779541,-0.07028188444383182,-0.07020840490879596,-0.06372485540885213,0.0,0.03152172267436981,0.13784349766321424,0.12095762252517883,0.13885665017149637,0.1283653630005268,0.12642151227861076,0.1283653630005268,0.01688587513803541,0.0,-0.020221985897354126,-0.024287024170291435,0.0010131525082821245,0.0,nan,1.0,0.0,1.867,0.4436814344395684,2.0759999752044678,1.0,0,1,1,0,3.5045855045318604,-8.974281311035156,-2.025409353297629,FOLLOW_MAIN,cascade_pd_tracking,follow_main,inner_wheel_pd,lidar_disabled,FOLLOW_MAIN,COMMITTED,HOLD,1,1,1,1,1,1,2,0.003892183303833008,0.5180158615112305,0.5144572257995605,0.04795098304748535,0.0001289844512939453,0.008015871047973633,0.014166375000058906,0.04810179900050571
1784810239.4623852,150.60134434700012,16.8,0.016800000000000002,16.8,0.013896810894604796,13.896810894604796,0.013896810894604796,13.896810894604796,0.11900000000000001,0.09870719911291331,0.09870719911291331,0.035143032297433874,0.17585437615062952,0.006670469229410302,0.00035143032297433875,0.07106918336129758,0.001758543761506295,0.48,0.01,0.72,0.01,nan,0.13310443033187053,0.13310443033187053,0.1336110065860116,0.0,0.1341249942779541,-0.07028188444383182,-0.07020840490879596,-0.06372485540885213,0.0,0.03152172267436981,0.13784349766321424,0.12095762252517883,0.13885665017149637,0.1283653630005268,0.12642151227861076,0.1283653630005268,0.01688587513803541,0.0,-0.020221985897354126,-0.024287024170291435,0.0010131525082821245,0.0,nan,1.0,0.0,1.867,0.4436814344395684,2.0759999752044678,1.0,0,1,1,0,3.5045855045318604,-8.974281311035156,-2.025409353297629,FOLLOW_MAIN,cascade_pd_tracking,follow_main,inner_wheel_pd,lidar_disabled,FOLLOW_MAIN,COMMITTED,HOLD,1,1,1,1,1,1,2,0.00012969970703125,0.9902164936065674,0.9866576194763184,0.5201513767242432,0.4602184295654297,0.46808457374572754,0.014166375000058906,0.04810179900050571
1784810239.5153534,150.65431261062622,16.8,0.016800000000000002,16.8,0.013896810894604796,13.896810894604796,0.013896810894604796,13.896810894604796,0.11900000000000001,0.09870719911291331,0.09870719911291331,0.035143032297433874,0.17585437615062952,0.006670469229410302,0.00035143032297433875,0.07106918336129758,0.001758543761506295,0.48,0.01,0.72,0.01,nan,0.13310443033187053,0.13310443033187053,0.1336110065860116,0.0,0.1341249942779541,-0.07028188444383182,-0.07020840490879596,-0.06372485540885213,0.0,0.03152172267436981,0.13784349766321424,0.12095762252517883,0.13885665017149637,0.1283653630005268,0.12642151227861076,0.1283653630005268,0.01688587513803541,0.0,-0.020221985897354126,-0.024287024170291435,0.0010131525082821245,0.0,nan,1.0,0.0,1.867,0.4436814344395684,2.0759999752044678,1.0,0,1,1,0,3.5045855045318604,-8.974281311035156,-2.025409353297629,FOLLOW_MAIN,cascade_pd_tracking,follow_main,inner_wheel_pd,lidar_disabled,FOLLOW_MAIN,COMMITTED,HOLD,1,1,1,1,1,1,2,0.007902860641479492,1.0432000160217285,1.0396413803100586,0.5731351375579834,0.0040225982666015625,0.00015926361083984375,0.014166375000058906,0.04810179900050571
1784810240.030855,151.16981410980225,16.8,0.016800000000000002,16.8,0.013896810894604796,13.896810894604796,0.013896810894604796,13.896810894604796,0.11900000000000001,0.09870719911291331,0.09870719911291331,0.035143032297433874,0.17585437615062952,0.006670469229410302,0.00035143032297433875,0.07106918336129758,0.001758543761506295,0.48,0.01,0.72,0.01,nan,0.13310443033187053,0.13310443033187053,0.1336110065860116,0.0,0.1341249942779541,-0.07028188444383182,-0.07020840490879596,-0.06372485540885213,0.0,0.03152172267436981,0.13784349766321424,0.12095762252517883,0.13885665017149637,0.1283653630005268,0.12642151227861076,0.1283653630005268,0.01688587513803541,0.0,-0.020221985897354126,-0.024287024170291435,0.0010131525082821245,0.0,nan,1.0,0.0,1.867,0.4436814344395684,2.0759999752044678,1.0,0,1,1,0,3.5045855045318604,-8.974281311035156,-2.025409353297629,FOLLOW_MAIN,cascade_pd_tracking,follow_main,inner_wheel_pd,lidar_disabled,FOLLOW_MAIN,COMMITTED,HOLD,1,1,1,1,1,1,2,0.00011563301086425781,1.5586671829223633,1.5551085472106934,1.088602066040039,0.5194888114929199,0.5156252384185791,0.014166375000058906,0.04810179900050571
1784810240.6608374,151.7997965812683,16.8,0.016800000000000002,16.8,0.013896810894604796,13.896810894604796,0.013896810894604796,13.896810894604796,0.11900000000000001,0.09870719911291331,0.09870719911291331,0.035143032297433874,0.17585437615062952,0.006670469229410302,0.00035143032297433875,0.07106918336129758,0.001758543761506295,0.48,0.01,0.72,0.01,nan,0.13310443033187053,0.13310443033187053,0.1336110065860116,0.0,0.1341249942779541,-0.07028188444383182,-0.07020840490879596,-0.06372485540885213,0.0,0.03152172267436981,0.13784349766321424,0.12095762252517883,0.13885665017149637,0.1283653630005268,0.12642151227861076,0.1283653630005268,0.01688587513803541,0.0,-0.020221985897354126,-0.024287024170291435,0.0010131525082821245,0.0,nan,1.0,0.0,1.867,0.4436814344395684,2.0759999752044678,1.0,0,1,1,0,3.5045855045318604,-8.974281311035156,-2.025409353297629,FOLLOW_MAIN,cascade_pd_tracking,follow_main,inner_wheel_pd,lidar_disabled,FOLLOW_MAIN,COMMITTED,HOLD,1,1,1,1,1,1,2,0.6300749778747559,2.1886258125305176,2.1850669384002686,1.7185604572296143,9.322166442871094e-05,1.145583152770996,0.014166375000058906,0.04810179900050571
1784810241.1445317,152.28349089622498,16.8,0.016800000000000002,16.8,0.013896810894604796,13.896810894604796,0.013896810894604796,13.896810894604796,0.11900000000000001,0.09870719911291331,0.09870719911291331,0.035143032297433874,0.17585437615062952,0.006670469229410302,0.00035143032297433875,0.07106918336129758,0.001758543761506295,0.48,0.01,0.72,0.01,nan,0.13310443033187053,0.13310443033187053,0.1336110065860116,0.0,0.1341249942779541,-0.07028188444383182,-0.07020840490879596,-0.06372485540885213,0.0,0.03152172267436981,0.13784349766321424,0.12095762252517883,0.13885665017149637,0.1283653630005268,0.12642151227861076,0.1283653630005268,0.01688587513803541,0.0,-0.020221985897354126,-0.024287024170291435,0.0010131525082821245,0.0,nan,1.0,0.0,1.867,0.4436814344395684,2.0759999752044678,1.0,0,1,1,0,3.5045855045318604,-8.974281311035156,-2.025409353297629,FOLLOW_MAIN,cascade_pd_tracking,follow_main,inner_wheel_pd,lidar_disabled,FOLLOW_MAIN,COMMITTED,HOLD,1,1,1,1,1,1,2,1.1137678623199463,2.672318935394287,2.668759822845459,2.2022533416748047,0.48378658294677734,8.058547973632812e-05,0.014166375000058906,0.04810179900050571
