time_wall_s,t_s,epsilon_x_mm,e_lat_raw_m,e_lat_raw_mm,e_lat_filtered_m,e_lat_filtered_mm,e_lat_used_m,e_lat_used_mm,theta_raw_rad,theta_filtered_rad,theta_used_rad,de_lat_mps,de_heading_rps,p_lat,d_lat,p_heading,d_heading,outer_kp_lat,outer_kd_lat,outer_kp_heading,outer_kd_heading,outer_gain_multiplier,v_target,v_ref,v_cmd_internal,cmd_v,odom_v,omega_target,omega_ref,omega_cmd_internal,cmd_omega,odom_omega,v_left_ref,v_left_measured,v_left_cmd,v_right_ref,v_right_measured,v_right_cmd,left_wheel_error,right_wheel_error,d_left_wheel_error,d_right_wheel_error,left_pd_correction,right_pd_correction,fps,confidence,lookahead_m,curvature,speed_factor,front_min_m,lidar_ratio,lidar_stop,raw_valid,cmd_published,emergency_stop,odom_x,odom_y,odom_yaw,lane_state,controller_mode,outer_mode,mix_mode,lidar_mode,intent_hint,trajectory_hint,planner_status_hint,controller_mode_code,outer_mode_code,mix_mode_code,lidar_mode_code,intent_hint_code,trajectory_hint_code,planner_status_hint_code,control_error_age_s,cascade_state_age_s,cascade_ref_age_s,cmd_vel_age_s,odom_age_local_s,scan_age_s,controller_error_age_s,controller_odom_age_s
1784808921.541682,0.4511291980743408,-21.1,-0.0211,-21.1,-0.019334729334978484,-19.334729334978483,-0.019334729334978484,-19.334729334978483,-0.15,-0.13724477090214676,-0.13724477090214676,-0.013838178773854782,-0.07975002024198022,-0.010634101134238167,-0.00016605814528625738,-0.0892091010863954,-0.0006380001619358418,0.55,0.012,0.65,0.008,nan,0.20699868782324973,0.20699868782324973,0.20566400814354133,nan,0.23925000429153442,0.1374068652102437,0.1374068652102437,0.10951289381232988,nan,-3.2393828064414265e-08,0.19772372442155828,0.22965500310700243,0.19580784770043164,0.2162736512249412,0.22883169519644403,0.21552016858665102,-0.03193127868544415,-0.012558043971502841,-0.3320863923819256,-0.31393585295257104,-0.0019158767211266492,-0.0007534826382901705,nan,1.0,0.0,1.521,0.6899956260774991,2.815999984741211,1.0,0,1,1,0,2.0773537158966064,-8.923490524291992,nan,FOLLOW_MAIN,cascade_pd_tracking,follow_main,inner_wheel_pd,lidar_disabled,FOLLOW_MAIN,COMMITTED,UNKNOWN,1,1,1,1,1,1,1,nan,0.0001366138458251953,nan,nan,nan,nan,0.023802917001376045,0.011193792000995018
1784808922.540318,1.4497652053833008,-21.1,-0.0211,-21.1,-0.019334729334978484,-19.334729334978483,-0.019334729334978484,-19.334729334978483,-0.15,-0.13724477090214676,-0.13724477090214676,-0.013838178773854782,-0.07975002024198022,-0.010634101134238167,-0.00016605814528625738,-0.0892091010863954,-0.0006380001619358418,0.55,0.012,0.65,0.008,nan,0.20699868782324973,0.20699868782324973,0.20566400814354133,nan,0.23925000429153442,0.1374068652102437,0.1374068652102437,0.10951289381232988,nan,-3.2393828064414265e-08,0.19772372442155828,0.22965500310700243,0.19580784770043164,0.2162736512249412,0.22883169519644403,0.21552016858665102,-0.03193127868544415,-0.012558043971502841,-0.3320863923819256,-0.31393585295257104,-0.0019158767211266492,-0.0007534826382901705,nan,1.0,0.0,1.521,0.6899956260774991,2.815999984741211,1.0,0,1,1,0,2.0773537158966064,-8.923490524291992,nan,FOLLOW_MAIN,cascade_pd_tracking,follow_main,inner_wheel_pd,lidar_disabled,FOLLOW_MAIN,COMMITTED,UNKNOWN,1,1,1,1,1,1,1,nan,0.9987196922302246,7.271766662597656e-05,nan,nan,nan,0.023802917001376045,0.011193792000995018
1784808922.9221463,1.8315935134887695,-21.1,-0.0211,-21.1,-0.019334729334978484,-19.334729334978483,-0.019334729334978484,-19.334729334978483,-0.15,-0.13724477090214676,-0.13724477090214676,-0.013838178773854782,-0.07975002024198022,-0.010634101134238167,-0.00016605814528625738,-0.0892091010863954,-0.0006380001619358418,0.55,0.012,0.65,0.008,nan,0.20699868782324973,0.20699868782324973,0.20566400814354133,0.12,0.23925000429153442,0.1374068652102437,0.1374068652102437,0.10951289381232988,0.04128944454642303,-3.2393828064414265e-08,0.19772372442155828,0.22965500310700243,0.19580784770043164,0.2162736512249412,0.22883169519644403,0.21552016858665102,-0.03193127868544415,-0.012558043971502841,-0.3320863923819256,-0.31393585295257104,-0.0019158767211266492,-0.0007534826382901705,nan,1.0,0.0,1.521,0.6899956260774991,2.815999984741211,1.0,0,1,1,0,2.0773537158966064,-8.923490524291992,nan,FOLLOW_MAIN,cascade_pd_tracking,follow_main,inner_wheel_pd,lidar_disabled,FOLLOW_MAIN,COMMITTED,UNKNOWN,1,1,1,1,1,1,1,nan,1.3805534839630127,0.38190674781799316,0.0003027915954589844,nan,nan,0.023802917001376045,0.011193792000995018
1784808922.973831,1.8832781314849854,10.700000000000001,0.010700000000000001,10.700000000000001,-0.0004160396095149858,-0.4160396095149858,0.0,0.0,0.076,-0.0029186369015394738,0.0,0.02394175805594395,0.28224566021693936,0.0,0.0002873010966713274,0.0,0.002257965281735515,0.55,0.012,0.65,0.008,nan,0.12,0.12,0.12,0.12,0.12325000017881393,0.05505313673669099,0.05505313673669099,0.041289852552518304,0.041289852552518304,0.12608695030212402,0.11628391327027335,0.11282869476971838,0.11628391327027335,0.12371608672972664,0.12528584538256535,0.12371608672972664,0.0,0.0,-0.0065271480364195375,-0.02136843634504211,0.0,0.0,nan,1.0,0.0,3.134,0.4,2.6389999389648438,1.0,0,1,1,0,1.965538740158081,-9.108932495117188,-2.0575624941040047,FOLLOW_MAIN,cascade_pd_tracking,follow_main,inner_wheel_pd,lidar_disabled,FOLLOW_MAIN,COMMITTED,UNKNOWN,1,1,1,1,1,1,1,nan,0.007173061370849609,0.003599882125854492,0.0001354217529296875,0.014991283416748047,0.011225223541259766,0.061354662000667304,0.05179129499992996
1784808923.0238655,1.9333126544952393,10.4,0.0104,10.4,0.006029586743223105,6.029586743223105,0.0,0.0,0.074,0.04291965612700165,0.04291965612700165,0.016412647268172133,0.3424335536301514,0.0,0.00019695176721806559,0.027897776482551075,0.002739468429041211,0.55,0.012,0.65,0.008,nan,0.12,0.12,0.12,0.12,0.12687499821186066,0.024481584017602413,0.028586459445365243,0.02143984458402396,0.032152018608889686,0.0315217524766922,0.11807041398743784,0.1189082545599176,0.11807041398743784,0.12192958601256215,0.12718178688326598,0.12192958601256215,0.0,0.0,-0.004364432982871675,-0.01428818648762469,0.0,0.0,nan,1.0,0.0,2.5599999999999996,0.4,2.625999927520752,1.0,0,1,1,0,1.9607946872711182,-9.118048667907715,-2.0480743913546946,FOLLOW_MAIN,cascade_pd_tracking,follow_main,inner_wheel_pd,lidar_disabled,FOLLOW_MAIN,COMMITTED,UNKNOWN,1,1,1,1,1,1,1,nan,0.00020170211791992188,0.015966415405273438,0.012388944625854492,0.008496761322021484,0.00449824333190918,0.031109673998798826,0.026539360000242596
1784808923.5043776,2.4138247966766357,16.0,0.016,16.0,0.013695617337954435,13.695617337954435,0.013695617337954435,13.695617337954435,0.113,0.09772375045376414,0.09772375045376414,0.04133777442488453,0.14642216840851363,0.00753258953587494,0.0004960532930986144,0.06352043779494669,0.0011713773472681092,0.55,0.012,0.65,0.008,nan,0.1487645242500619,0.1487645242500619,0.15003725739824328,0.12,0.12687499821186066,-0.029366046663088494,-0.029366046663088494,-0.02397906520975262,0.017653152322582667,0.0315217524766922,0.15074673239982037,0.12660271794480976,0.15219537326712101,0.14678231610030343,0.12850189228260156,0.14787914152936554,0.024144014455010604,0.01828042381770187,0.07203106227252913,0.053994125369309635,0.0014486408673006362,0.001096825429062112,nan,1.0,0.0,1.7419999999999998,0.49588174750020636,2.575000047683716,1.0,0,1,1,0,1.9353137016296387,-9.16720199584961,-2.0480743913546946,FOLLOW_MAIN,cascade_pd_tracking,follow_main,inner_wheel_pd,lidar_disabled,FOLLOW_MAIN,COMMITTED,UNKNOWN,1,1,1,1,1,1,1,nan,0.00012159347534179688,0.46881937980651855,0.4615364074707031,0.48895907402038574,0.48496031761169434,0.06442684500143514,0.0997082580015558
1784808923.9408507,2.8502979278564453,21.6,0.0216,21.6,0.019553014119719783,19.553014119719784,0.019553014119719783,19.553014119719784,0.153,0.13874958223526374,0.13874958223526374,0.01683985039851562,0.09748210889019243,0.010754157765845882,0.00020207820478218745,0.09018722845292143,0.0007798568711215395,0.55,0.012,0.65,0.008,nan,0.15189646545466734,0.15189646545466734,0.15246668445508987,0.15081181188319148,0.1522499918937683,-0.061923947995199666,-0.061923947995199666,-0.05277872766776116,-0.024026840432860016,0.12608695030212402,0.1560763319443433,0.13706903193025874,0.15721676994518838,0.14771659896499137,0.14806389872821482,0.14771659896499137,0.01900730001408457,0.0,-0.04189826656508089,-0.07414066837315589,0.0011404380008450744,0.0,nan,1.0,0.0,1.5999999999999999,0.5063215515155578,2.5169999599456787,1.0,0,1,1,0,1.9075578451156616,-9.222115516662598,-2.0507218115111248,FOLLOW_MAIN,cascade_pd_tracking,follow_main,inner_wheel_pd,lidar_disabled,FOLLOW_MAIN,COMMITTED,HOLD,1,1,1,1,1,1,2,nan,9.131431579589844e-05,0.4082014560699463,0.4047970771789551,0.40117526054382324,0.39763450622558594,0.04151792800075782,0.06348762299967348
1784808923.991342,2.900789260864258,21.6,0.0216,21.6,0.019553014119719783,19.553014119719784,0.019553014119719783,19.553014119719784,0.153,0.13874958223526374,0.13874958223526374,0.01683985039851562,0.09748210889019243,0.010754157765845882,0.00020207820478218745,0.09018722845292143,0.0007798568711215395,0.55,0.012,0.65,0.008,nan,0.1521031808284982,0.1521031808284982,0.15252313751854873,0.15252313751854873,0.1522499918937683,-0.06218673145525415,-0.06218673145525415,-0.05130623403644674,-0.05130623403644674,0.0630435049533844,0.15630078520172785,0.1423022288667097,0.15714069858182894,0.14790557645526853,0.152107291991228,0.14790557645526853,0.013998556335018147,0.0,-0.05929867936085723,-0.05672736143699289,0.0008399133801010888,0.0,nan,1.0,0.0,1.5999999999999999,0.5070106027616607,2.5169999599456787,1.0,0,1,1,0,1.9023942947387695,-9.232810020446777,-2.0305792470108948,FOLLOW_MAIN,cascade_pd_tracking,follow_main,inner_wheel_pd,lidar_disabled,FOLLOW_MAIN,COMMITTED,HOLD,1,1,1,1,1,1,2,nan,0.014997482299804688,0.011463165283203125,0.007961034774780273,0.0041730403900146484,0.00016236305236816406,0.08167406100074004,0.025405841999599943
1784808924.0415094,2.9509565830230713,21.6,0.0216,21.6,0.019553014119719783,19.553014119719784,0.019553014119719783,19.553014119719784,0.153,0.13874958223526374,0.13874958223526374,0.01683985039851562,0.09748210889019243,0.010754157765845882,0.00020207820478218745,0.09018722845292143,0.0007798568711215395,0.55,0.012,0.65,0.008,nan,0.15244059811201366,0.15244059811201366,0.15287098452139786,0.1522501363407081,0.1522499918937683,-0.062338435567935696,-0.062338435567935696,-0.051535897891331575,-0.05280679766228437,0.0630435049533844,0.15664844251284932,0.1423022288667097,0.15750921533161769,0.148232753711178,0.152107291991228,0.148232753711178,0.01434621364613961,0.0,-0.04256429204638572,-0.04265322213403029,0.0008607728187683767,0.0,nan,1.0,0.0,1.5999999999999999,0.5081353270400456,2.5169999599456787,1.0,0,1,1,0,1.9023942947387695,-9.232810020446777,-2.0157008764823177,FOLLOW_MAIN,cascade_pd_tracking,follow_main,inner_wheel_pd,lidar_disabled,FOLLOW_MAIN,COMMITTED,HOLD,1,1,1,1,1,1,2,nan,0.014436960220336914,0.003715991973876953,0.0001354217529296875,0.026767492294311523,0.01864171028137207,0.12444713700097054,0.06817891799983045
1784808924.4335277,3.342974901199341,91.7,0.0917,91.7,0.061256186058955935,61.25618605895593,0.061256186058955935,61.25618605895593,0.58,0.3183654530513871,0.3183654530513871,0.12476806018833457,0.5168404141209008,0.03369090233242577,0.0014972167222600148,0.2069375444834016,0.004134723312967206,0.55,0.012,0.65,0.008,nan,0.15380731902020742,0.15380731902020742,0.15339898193063373,0.1522501363407081,0.1522499918937683,-0.22801649606583863,-0.1672835328189544,-0.12999972838725693,-0.05280679766228437,3.2393828064414265e-08,0.16509895748548684,0.15744764573126466,0.16509895748548684,0.142515680554928,0.15612691687405159,0.1416990063757806,0.0,-0.013611236319123587,-0.026359974020062252,-0.05314685716383635,0.0,-0.0008166741791474152,nan,1.0,0.0,0.485,0.5126910634006914,2.4539999961853027,1.0,0,1,1,0,1.8756192922592163,-9.28853988647461,-2.018348356166179,FOLLOW_MAIN,cascade_pd_tracking,follow_main,inner_wheel_pd,lidar_disabled,FOLLOW_MAIN,COMMITTED,HOLD,1,1,1,1,1,1,2,nan,0.00012946128845214844,0.3957180976867676,0.3921372890472412,0.3881556987762451,0.4106423854827881,0.057389793000766076,0.08013219200074673
1784808924.4860187,3.395465850830078,102.2,0.1022,102.2,0.07478914643002227,74.78914643002227,0.07478914643002227,74.78914643002227,0.631,0.3805986034581758,0.3805986034581758,0.14767128707574884,0.6345316315081456,0.04113403053651225,0.001772055444908986,0.24738909224781427,0.005076253052065165,0.55,0.012,0.65,0.008,nan,0.14918305313763733,0.14918305313763733,0.14886599975602244,0.14886599975602244,0.1522499918937683,-0.2800544924813882,-0.18384082651845207,-0.1473889089352292,-0.1473889089352292,0.06304340809583664,0.16159230892763285,0.15261409838496262,0.16213100156019306,0.1367737973476418,0.1563204539441422,0.1356009979518518,0.008978210542670229,-0.0195466565965004,0.02778140042743455,-0.07627014650501465,0.0005386926325602136,-0.001172799395790024,nan,1.0,0.0,0.36399999999999993,0.49727684379212445,2.4539999961853027,1.0,0,1,1,0,1.8701661825180054,-9.29977035522461,-2.017655072665103,FOLLOW_MAIN,cascade_pd_tracking,follow_main,inner_wheel_pd,lidar_disabled,FOLLOW_MAIN,COMMITTED,HOLD,1,1,1,1,1,1,2,nan,0.02304387092590332,0.019588947296142578,0.016067981719970703,0.0040340423583984375,0.0001361370086669922,0.03539106099924538,0.03100058100062597
1784808924.5377574,3.44720458984375,112.80000000000001,0.11280000000000001,112.80000000000001,0.09222523213662545,92.22523213662545,0.09222523213662545,92.22523213662545,0.678,0.46965281669865866,0.46965281669865866,0.15620049781317705,0.7192381996998036,0.050723877675144004,0.0018744059737581247,0.30527433085412814,0.005753905597598429,0.55,0.012,0.65,0.008,nan,0.1431199334436387,0.1431199334436387,0.1427908540100284,0.1467998371822975,0.14137499034404755,-0.34,-0.22005054586860612,-0.17625759415187972,-0.16950876883390842,0.03152172267436981,0.15797334528976964,0.14662847539097096,0.15865403748369755,0.1282665215975078,0.15058070594998407,0.1269276705363592,0.011344869898798682,-0.022314184352476285,0.02349867254898921,-0.06375221886125301,0.0006806921939279209,-0.0013388510611485771,nan,1.0,0.0,0.27299999999999996,0.47706644481212906,2.4539999961853027,1.0,0,1,1,0,1.8655842542648315,-9.309331893920898,-2.0152908196117014,FOLLOW_MAIN,cascade_pd_tracking,follow_main,inner_wheel_pd,lidar_disabled,FOLLOW_MAIN,COMMITTED,HOLD,1,1,1,1,1,1,2,nan,0.00021958351135253906,0.012665510177612305,0.004873752593994141,0.020701885223388672,0.016738414764404297,0.01476906800053257,0.04020589200081304
1784808924.9289107,3.838357925415039,114.2,0.1142,114.2,0.11257483261773628,112.57483261773628,0.11257483261773628,112.57483261773628,0.684,0.6627350031961993,0.6627350031961993,0.08187827335850553,0.6102000954667085,0.06191615793975496,0.0009825392803020664,0.43077775207752955,0.004881600763733668,0.55,0.012,0.65,0.008,nan,0.12,0.12,0.11828619677422936,0.1427908540100284,0.15587499737739563,-0.4,-0.3919554054184013,-0.31300881212791903,-0.17625759415187972,-0.0315217524766922,0.14645698986574207,0.15217687877780364,0.14645698986574207,0.0935430101342579,0.15066978432661224,0.09011540368271664,0.0,-0.05712677419235433,0.0017618609416554351,-0.057267544431663236,0.0,-0.00342760645154126,nan,1.0,0.0,0.153,0.4,2.4059998989105225,1.0,0,1,1,0,1.8406376838684082,-9.362181663513184,-2.0152908196117014,FOLLOW_MAIN,cascade_pd_tracking,follow_main,inner_wheel_pd,lidar_disabled,FOLLOW_MAIN,COMMITTED,HOLD,1,1,1,1,1,1,2,nan,8.392333984375e-05,0.3875694274902344,0.38405632972717285,0.4117567539215088,0.407792329788208,0.0897702059992298,0.031904690998999286
1784808924.9820526,3.8914997577667236,110.80000000000001,0.11080000000000001,110.80000000000001,0.11141177965547218,111.41177965547217,0.11141177965547218,111.41177965547217,0.669,0.6668404737732102,0.6668404737732102,0.04861963595630343,0.40532031022941756,0.0612764788105097,0.0005834356314756411,0.43344630795258665,0.0032425624818353403,0.55,0.012,0.65,0.008,nan,0.12,0.12,0.1183096456262698,0.11826990647020164,0.1522499918937683,-0.4,-0.4,-0.3187817152636687,-0.31922326144220403,-0.0630435049533844,0.147,0.15432015836226817,0.147,0.093,0.14934514579100647,0.08961929125253962,0.0,-0.05634514579100647,0.0012050018678041229,-0.03352993727717889,0.0,-0.003380708747460388,nan,1.0,0.0,0.11499999999999999,0.4,2.4019999504089355,1.0,0,1,1,0,1.83542799949646,-9.373190879821777,-2.0102478115542115,FOLLOW_MAIN,cascade_pd_tracking,follow_main,inner_wheel_pd,lidar_disabled,FOLLOW_MAIN,COMMITTED,HOLD,1,1,1,1,1,1,2,nan,0.00012993812561035156,0.014487504959106445,0.01123189926147461,0.007643461227416992,0.004021644592285156,0.04024470700096572,0.006868942000437528
1784808925.038539,3.947986125946045,110.80000000000001,0.11080000000000001,110.80000000000001,0.11141177965547218,111.41177965547217,0.11141177965547218,111.41177965547217,0.669,0.6668404737732102,0.6668404737732102,0.04861963595630343,0.40532031022941756,0.0612764788105097,0.0005834356314756411,0.43344630795258665,0.0032425624818353403,0.55,0.012,0.65,0.008,nan,0.12,0.12,0.1183096456262698,0.1183096456262698,0.1522499918937683,-0.4,-0.4,-0.3187817152636687,-0.3187817152636687,-0.0630435049533844,0.147,0.15432015836226817,0.147,0.093,0.14934514579100647,0.08961929125253962,0.0,-0.05634514579100647,0.0009181866532892557,-0.025549122964957947,0.0,-0.003380708747460388,nan,1.0,0.0,0.11499999999999999,0.4,2.4019999504089355,1.0,0,1,1,0,1.83542799949646,-9.373190879821777,-2.017812378179469,FOLLOW_MAIN,cascade_pd_tracking,follow_main,inner_wheel_pd,lidar_disabled,FOLLOW_MAIN,COMMITTED,HOLD,1,1,1,1,1,1,2,nan,0.018250465393066406,0.00017571449279785156,0.011559486389160156,0.026250362396240234,0.0073833465576171875,0.08102006199987954,0.047644296999351354
1784808925.4784682,4.387915372848511,105.80000000000001,0.1058,105.80000000000001,0.10640739791169099,106.40739791169099,0.10640739791169099,106.40739791169099,0.182,0.4584351564060726,0.4584351564060726,-0.004490323602303018,-0.5280090697882398,0.05852406885143005,-5.388388322763622e-05,0.29798285166394717,-0.004224072558305919,0.55,0.012,0.65,0.008,nan,0.13116419563912218,0.1306056118033092,0.13207181264294227,0.1183096456262698,0.09787499159574509,-0.34,-0.34665703900045636,-0.2675533659561441,-0.3187817152636687,-0.22065216302871704,0.15400496193584,0.11822740121658645,0.15615161557899523,0.1072062616707784,0.09411046106893026,0.1079920097068893,0.03577756071925356,0.013095800601848145,0.14677516539510413,0.27293217350680443,0.0021466536431552137,0.0007857480361108887,nan,1.0,0.0,-0.10189779792677103,0.43721398546374063,2.359999895095825,1.0,0,1,1,0,1.8108952045440674,-9.422646522521973,-2.0231081718874258,FOLLOW_MAIN,cascade_pd_tracking,follow_main,inner_wheel_pd,lidar_disabled,FOLLOW_MAIN,COMMITTED,HOLD,1,1,1,1,1,1,2,nan,0.0001659393310546875,0.44008708000183105,0.43642544746398926,0.4279143810272217,0.44729185104370117,0.047183833999952185,0.01636417900044762
1784808925.5310524,4.440499544143677,105.80000000000001,0.1058,105.80000000000001,0.10640739791169099,106.40739791169099,0.10640739791169099,106.40739791169099,0.182,0.4584351564060726,0.4584351564060726,-0.004490323602303018,-0.5280090697882398,0.05852406885143005,-5.388388322763622e-05,0.29798285166394717,-0.004224072558305919,0.55,0.012,0.65,0.008,nan,0.13367888057889482,0.13367888057889482,0.13538416577549034,0.13538416577549034,0.1014999970793724,-0.34,-0.34,-0.2616150660248464,-0.2616150660248464,-0.25217393040657043,0.15662888057889482,0.1182848615983661,0.15892952171772654,0.11072888057889482,0.09223005967290573,0.11183880983325417,0.03834401898052872,0.01849882090598909,0.14130598630624203,0.2666531714247594,0.002300641138831723,0.0011099292543593452,nan,1.0,0.0,-0.10189779792677103,0.44559626859631607,2.359999895095825,1.0,0,1,1,0,1.8094241619110107,-9.425312995910645,-2.08255830751838,FOLLOW_MAIN,cascade_pd_tracking,follow_main,inner_wheel_pd,lidar_disabled,FOLLOW_MAIN,COMMITTED,HOLD,1,1,1,1,1,1,2,nan,0.034761905670166016,0.0313262939453125,0.04584527015686035,0.003786802291870117,0.00010418891906738281,0.07070856599966646,0.013826512999003171
1784808925.974204,4.883651256561279,105.80000000000001,0.1058,105.80000000000001,0.10603565300246384,106.03565300246385,0.10603565300246384,106.03565300246385,0.182,0.3727511487892,0.3727511487892,-0.004306435380593335,-0.650892044417339,0.05831960915135512,-5.167722456712001e-05,0.24228824671298002,-0.005207136355338713,0.55,0.012,0.65,0.008,nan,0.14578693963292083,0.14471830280979434,0.14708595334024382,0.14345604032589573,0.1014999970793724,-0.29748950167132165,-0.29748950167132165,-0.22781921985354717,-0.2396425995579365,-0.25217393040657043,0.16479884417260854,0.1182848615983661,0.16758968312706307,0.12463776144698012,0.09223005967290573,0.12658222355342458,0.04651398257424244,0.032407701774074385,0.12840742673365857,0.23547160980748322,0.002790838954454546,0.001944462106444463,nan,1.0,0.0,-0.10189592244806317,0.4859564654430695,2.36899995803833,1.0,0,1,1,0,1.8094241619110107,-9.425312995910645,-2.08255830751838,FOLLOW_MAIN,cascade_pd_tracking,follow_main,inner_wheel_pd,lidar_disabled,FOLLOW_MAIN,COMMITTED,HOLD,1,1,1,1,1,1,2,nan,0.41262197494506836,7.82012939453125e-05,0.43242311477661133,0.44692277908325195,0.428844690322876,0.05181451799944625,0.08961483699931705
1784808926.0250378,4.934484958648682,105.80000000000001,0.1058,105.80000000000001,0.10580463729886005,105.80463729886006,0.10580463729886005,105.80463729886006,0.182,0.18661057389451968,0.18661057389451968,-0.0011387583832144215,-0.38533902753421334,0.05819255051437303,-1.3665100598573058e-05,0.1212968730314378,-0.003082712220273707,0.55,0.012,0.65,0.008,nan,0.19655096955118803,0.19655096955118803,0.19882858595941305,0.19882858595941305,0.17037498950958252,-0.179590967813566,-0.179590967813566,-0.1366647991769133,-0.1366647991769133,-0.0945652648806572,0.20867335987860375,0.16775572643307846,0.21112841788533526,0.18442857922377232,0.14942566572846333,0.18652875403349087,0.04091763344552529,0.035002913495308985,-0.07203709438897721,-0.09552595672090444,0.0024550580067315172,0.002100174809718539,nan,1.0,0.0,-0.10189558618331827,0.6551698985039601,2.4059998989105225,1.0,0,1,1,0,1.769672155380249,-9.489100456237793,-2.122653642666773,FOLLOW_MAIN,cascade_pd_tracking,follow_main,inner_wheel_pd,lidar_disabled,FOLLOW_MAIN,COMMITTED,HOLD,1,1,1,1,1,1,2,nan,0.007205009460449219,0.0036773681640625,0.00014066696166992188,0.015388250350952148,0.011405706405639648,0.11763640000026498,0.009312070998930722
1784808926.4830058,5.392452955245972,105.80000000000001,0.1058,105.80000000000001,0.10580463729886005,105.80463729886006,0.10580463729886005,105.80463729886006,0.182,0.18661057389451968,0.18661057389451968,-0.0011387583832144215,-0.38533902753421334,0.05819255051437303,-1.3665100598573058e-05,0.1212968730314378,-0.003082712220273707,0.55,0.012,0.65,0.008,nan,0.1972887614122666,0.1972887614122666,0.19961064533215633,0.19926787160187517,0.17037498950958252,-0.17960487377901002,-0.17960487377901002,-0.1366758544194412,-0.13667099427001955,-0.0945652648806572,0.20941209039234976,0.16775572643307846,0.21191147222990603,0.18516543243218342,0.14942566572846333,0.1873098184344066,0.0416563639592713,0.03573976670372009,-0.05042300359579162,-0.06826883830538232,0.002499381837556278,0.0021443860022232054,nan,1.0,0.0,-0.10189558618331827,0.6576292047075554,2.4059998989105225,1.0,0,1,1,0,1.769672155380249,-9.489100456237793,-2.1671004849691524,FOLLOW_MAIN,cascade_pd_tracking,follow_main,inner_wheel_pd,lidar_disabled,FOLLOW_MAIN,COMMITTED,HOLD,1,1,1,1,1,1,2,nan,0.4181184768676758,0.00012755393981933594,0.43031835556030273,0.4265255928039551,0.4225339889526367,0.15894118100004562,0.050616851998711354
1784808926.5341454,5.443592548370361,25.400000000000002,0.025400000000000002,25.400000000000002,0.08403810017111063,84.03810017111063,0.08403810017111063,84.03810017111063,0.179,0.18055887709981752,0.18055887709981752,-0.07935156242932943,-0.037553422228755295,0.04622095509411085,-0.0009522187491519533,0.11736327011488139,-0.00030042737783004235,0.55,0.012,0.65,0.008,nan,0.1709617937226008,0.1709617937226008,0.1692834206303594,0.1692834206303594,0.21025000512599945,-0.12953569947061083,-0.130260678492963,-0.09890205876545971,-0.09890205876545971,-0.0630435049533844,0.1797543895208758,0.20591744954795946,0.17818460591925078,0.16216919792432583,0.19195190763862255,0.16038223534146803,-0.026163060027083657,-0.029782709714296723,-0.215818877863663,-0.23323167328047012,-0.0015697836016250193,-0.0017869625828578033,nan,1.0,0.0,2.038,0.5698726457420027,2.450000047683716,1.0,0,1,1,0,1.7144347429275513,-9.56415843963623,-2.2456213828415104,FOLLOW_MAIN,cascade_pd_tracking,follow_main,inner_wheel_pd,lidar_disabled,FOLLOW_MAIN,COMMITTED,HOLD,1,1,1,1,1,1,2,nan,0.010908365249633789,0.007428646087646484,0.0038909912109375,0.00011610984802246094,0.015076637268066406,0.005540258000110043,0.02752680499907001
1784808926.9322999,5.841747045516968,25.400000000000002,0.025400000000000002,25.400000000000002,0.08403810017111063,84.03810017111063,0.08403810017111063,84.03810017111063,0.179,0.18055887709981752,0.18055887709981752,-0.07935156242932943,-0.037553422228755295,0.04622095509411085,-0.0009522187491519533,0.11736327011488139,-0.00030042737783004235,0.55,0.012,0.65,0.008,nan,0.16023849232045229,0.16023849232045229,0.15791672114408195,0.15791672114408195,0.21025000512599945,-0.12608120210429574,-0.12608120210429574,-0.09557937503646927,-0.09557937503646927,-0.0630435049533844,0.16874897346249224,0.20591744954795946,0.1665188648973642,0.15172801117841234,0.19195190763862255,0.14931457739079973,-0.03716847608546722,-0.04022389646021021,-0.23564097242510318,-0.2461006028175854,-0.002230108565128033,-0.0024134337876126127,nan,1.0,0.0,2.038,0.534128307734841,2.447999954223633,1.0,0,1,1,0,1.7144347429275513,-9.56415843963623,-2.250538432485749,FOLLOW_MAIN,cascade_pd_tracking,follow_main,inner_wheel_pd,lidar_disabled,FOLLOW_MAIN,COMMITTED,HOLD,1,1,1,1,1,1,2,nan,0.3732912540435791,0.369966983795166,0.36652064323425293,0.3804781436920166,0.00013566017150878906,0.04106013300042832,0.06304667999938829
1784808926.984701,5.894148111343384,84.9,0.0849,84.9,0.05720283886172276,57.20283886172276,0.05720283886172276,57.20283886172276,0.545,0.34163328547055577,0.34163328547055577,-0.017682410657841027,0.47404653504720395,0.031461561373947525,-0.00021218892789409233,0.22206163555586125,0.0037923722803776317,0.55,0.012,0.65,0.008,nan,0.1517827568646837,0.1517827568646837,0.1512390641529735,0.14885962518509596,0.148624986410141,-0.24171051435386234,-0.20390304423987585,-0.15896831331002043,-0.14306275260186907,-0.03152172267436981,0.16554621235087533,0.1632319590442805,0.16554621235087533,0.13801930137849208,0.15614239176883277,0.13693191595507165,0.0,-0.018123090390340685,0.23690229466241017,0.15214043367793567,0.0,-0.001087385423420441,nan,1.0,0.0,0.484,0.505942522882279,2.489000082015991,1.0,0,1,1,0,1.6582920551300049,-9.630453109741211,-2.292620318321694,FOLLOW_MAIN,cascade_pd_tracking,follow_main,inner_wheel_pd,lidar_disabled,FOLLOW_MAIN,COMMITTED,HOLD,1,1,1,1,1,1,2,nan,0.0037364959716796875,0.0001480579376220703,0.04191994667053223,0.01149606704711914,0.007765531539916992,0.10669935000078112,0.007886294000854832
1784808927.0386846,5.948131799697876,98.2,0.09820000000000001,98.2,0.07548131829929478,75.48131829929477,0.07548131829929478,75.48131829929477,0.612,0.43402496086589376,0.43402496086589376,0.05006461292002705,0.6125203157998922,0.04151472506461213,0.0006007753550403246,0.282116224562831,0.004900162526399137,0.55,0.012,0.65,0.008,nan,0.1457905032911298,0.1457905032911298,0.14512836858353995,0.14512836858353995,0.14137500524520874,-0.3161124385593209,-0.2216040039394717,-0.1735600552611579,-0.1735600552611579,-0.03152172267436981,0.16074877355704414,0.1594496182649063,0.16074877355704414,0.13083223302521546,0.15290338994487765,0.12950796361003572,0.0,-0.022071156919662188,0.18225582962227568,0.09308858724293528,0.0,-0.0013242694151797312,nan,1.0,0.0,0.363,0.485968344303766,2.489000082015991,1.0,0,1,1,0,1.65519380569458,-9.633941650390625,-2.298104881259254,FOLLOW_MAIN,cascade_pd_tracking,follow_main,inner_wheel_pd,lidar_disabled,FOLLOW_MAIN,COMMITTED,HOLD,1,1,1,1,1,1,2,nan,0.013067007064819336,0.00014448165893554688,0.016932249069213867,0.02817392349243164,0.042725324630737305,0.03817133699885744,0.021681268999600434
1784808927.4702628,6.379709959030151,98.2,0.09820000000000001,98.2,0.07548131829929478,75.48131829929477,0.07548131829929478,75.48131829929477,0.612,0.43402496086589376,0.43402496086589376,0.05006461292002705,0.6125203157998922,0.04151472506461213,0.0006007753550403246,0.282116224562831,0.004900162526399137,0.55,0.012,0.65,0.008,nan,0.14249394037481058,0.14249394037481058,0.1416915302148501,0.14322786329023462,0.14137500524520874,-0.3178084760947269,-0.2420378631399832,-0.19044406579899276,-0.18115290048106503,-0.03152172267436981,0.15883149613675945,0.1594496182649063,0.15883149613675945,0.12615638461286172,0.15290338994487765,0.12455156429294076,0.0,-0.026747005332015933,0.13465117119961476,0.04219668010864526,0.0,-0.001604820319920956,nan,1.0,0.0,0.363,0.4749798012493686,2.494999885559082,1.0,0,1,1,0,1.65519380569458,-9.633941650390625,-2.298104881259254,FOLLOW_MAIN,cascade_pd_tracking,follow_main,inner_wheel_pd,lidar_disabled,FOLLOW_MAIN,COMMITTED,HOLD,1,1,1,1,1,1,2,nan,0.40401172637939453,8.988380432128906e-05,0.42742252349853516,0.45971179008483887,0.4208190441131592,0.08357991299999412,0.06708984500073711
1784808927.5220819,6.4315290451049805,90.7,0.0907,90.7,0.09389394902303647,93.89394902303647,0.09389394902303647,93.89394902303647,0.5750000000000001,0.589156974598195,0.589156974598195,0.016331182370552137,0.2228026230373635,0.05164167196267006,0.00019597418844662565,0.3829520334888268,0.001782420984298908,0.55,0.012,0.65,0.008,nan,0.12,0.12,0.11899502921229427,0.11899502921229427,0.12687499821186066,-0.4,-0.4,-0.31116634208561905,-0.31116634208561905,-0.22065213322639465,0.147,0.15410603681863919,0.147,0.093,0.1264990262568574,0.09099005842458856,0.0,-0.03349902625685741,0.10511798999270143,0.07370144111261774,0.0,-0.0020099415754114445,nan,1.0,0.0,0.086,0.4,2.5889999866485596,1.0,0,1,1,0,1.6057790517807007,-9.686559677124023,-2.3446937892150093,FOLLOW_MAIN,cascade_pd_tracking,follow_main,inner_wheel_pd,lidar_disabled,FOLLOW_MAIN,COMMITTED,HOLD,1,1,1,1,1,1,2,nan,0.0035474300384521484,0.00010061264038085938,0.01522374153137207,0.011471748352050781,0.007649421691894531,0.06713141999898653,0.025000305999128614
1784808927.9244058,6.833853006362915,92.10000000000001,0.09210000000000002,92.10000000000001,0.09201422941624712,92.01422941624712,0.09201422941624712,92.01422941624712,0.582,0.5808965055895497,0.5808965055895497,0.004398492190569428,0.11937875543083477,0.05060782617893592,5.278190628683313e-05,0.37758272863320735,0.0009550300434466782,0.55,0.012,0.65,0.008,nan,0.120417667075253,0.120417667075253,0.11984142171413549,0.1272032187786189,0.11599999666213989,-0.34,-0.3862166808001348,-0.2960652368347402,-0.2600651931810474,-0.25217390060424805,0.1464872930292621,0.14419025107709701,0.1464872930292621,0.0943480411212439,0.11355621982516093,0.09319555039900887,0.0,-0.019208178703917028,0.07063342352284456,0.13880725738289085,0.0,-0.0011524907222350217,nan,1.0,0.0,0.06499999999999999,0.4013922235841767,2.628000020980835,1.0,0,1,1,0,1.599471926689148,-9.69255256652832,-2.400676377598783,FOLLOW_MAIN,cascade_pd_tracking,follow_main,inner_wheel_pd,lidar_disabled,FOLLOW_MAIN,COMMITTED,HOLD,1,1,1,1,1,1,2,nan,0.3592953681945801,0.35585832595825195,9.1552734375e-05,0.367034912109375,0.3632025718688965,0.027925397000217345,0.008385700999497203
1784808927.9757204,6.885167598724365,95.10000000000001,0.0951,95.10000000000001,0.09264589767979678,92.64589767979678,0.09264589767979678,92.64589767979678,0.597,0.5845888901076886,0.5845888901076886,0.004548421426815337,0.07494838058857671,0.05095524372388823,5.4581057121784046e-05,0.37998277856999757,0.0005995870447086137,0.55,0.012,0.65,0.008,nan,0.12695665458760347,0.12695665458760347,0.12695665458760347,0.12702803773173524,0.14137500524520874,-0.34,-0.34,-0.255,-0.255,-0.34673914313316345,0.14990665458760347,0.14945089987756252,0.14990665458760347,0.10400665458760347,0.1088162346495208,0.10400665458760347,0.0,0.0,-0.06949879941595713,0.024636556805376887,0.0,0.0,nan,1.0,0.0,0.036000000000000004,0.4231888486253449,2.8489999771118164,1.0,0,1,1,0,1.5628606081008911,-9.723907470703125,-2.4735542349572253,FOLLOW_MAIN,cascade_pd_tracking,follow_main,inner_wheel_pd,lidar_disabled,FOLLOW_MAIN,COMMITTED,HOLD,1,1,1,1,1,1,2,nan,0.006978750228881836,0.003503561019897461,0.0001232624053955078,0.01531219482421875,0.011197090148925781,0.27319971500037354,0.012902180998935364
1784808928.026056,6.935503244400024,95.10000000000001,0.0951,95.10000000000001,0.09264589767979678,92.64589767979678,0.09264589767979678,92.64589767979678,0.597,0.5845888901076886,0.5845888901076886,0.004548421426815337,0.07494838058857671,0.05095524372388823,5.4581057121784046e-05,0.37998277856999757,0.0005995870447086137,0.55,0.012,0.65,0.008,nan,0.1271015557344099,0.1271015557344099,0.1271015557344099,0.12654507713361304,0.14137500524520874,-0.34,-0.34,-0.255,-0.255,-0.34673914313316345,0.1500515557344099,0.14945089987756252,0.1500515557344099,0.1041515557344099,0.1088162346495208,0.1041515557344099,0.0,0.0,-0.053822019320741626,0.019079311405645553,0.0,0.0,nan,1.0,0.0,0.036000000000000004,0.423671852448033,2.8489999771118164,1.0,0,1,1,0,1.5628606081008911,-9.723907470703125,-2.5005995239159238,FOLLOW_MAIN,cascade_pd_tracking,follow_main,inner_wheel_pd,lidar_disabled,FOLLOW_MAIN,COMMITTED,HOLD,1,1,1,1,1,1,2,nan,0.015736103057861328,0.0034389495849609375,7.295608520507812e-05,0.046413421630859375,0.02005314826965332,0.311543737001557,0.05124620300011884
1784808928.4623094,7.371756553649902,97.4,0.0974,97.4,0.09500255163093821,95.00255163093821,0.09500255163093821,95.00255163093821,0.608,0.5965071752276603,0.5965071752276603,0.006586076614421755,0.046851811728997717,0.05225140339701602,7.903291937306106e-05,0.3877296638979792,0.0003748144938319817,0.55,0.012,0.65,0.008,nan,0.12593527840902852,0.12593527840902852,0.1256681494859218,0.1256681494859218,0.1341249942779541,-0.34,-0.34,-0.25796809914562996,-0.25796809914562996,-0.28369560837745667,0.14888527840902852,0.1513587556262137,0.14888527840902852,0.10298527840902852,0.11188957584591852,0.10245102056281512,0.0,-0.008904297436890002,-0.0358135926566136,-0.03673477450678028,0.0,-0.0005342578462134001,nan,1.0,0.0,0.027,0.4197842613634284,2.8540000915527344,1.0,0,1,1,0,1.554582953453064,-9.730083465576172,-2.522444360210324,FOLLOW_MAIN,cascade_pd_tracking,follow_main,inner_wheel_pd,lidar_disabled,FOLLOW_MAIN,COMMITTED,HOLD,1,1,1,1,1,1,2,0.00013184547424316406,0.393587589263916,0.4010920524597168,0.3976857662200928,0.43238258361816406,0.4564182758331299,0.05002764799974102,0.029417507001198828
1784808928.5128148,7.422261953353882,102.2,0.1022,102.2,0.1020384050391685,102.0384050391685,0.1020384050391685,102.0384050391685,0.17300000000000001,0.40391158041156705,0.40391158041156705,0.011506654150718344,-0.5650011054794764,0.05612112277154268,0.00013807984980862014,0.2625425272675186,-0.004520008843835811,0.55,0.012,0.65,0.008,nan,0.13863823938576036,0.13863823938576036,0.1395193178708694,0.1369882593713302,0.11599999666213989,-0.3100541781062981,-0.3100541781062981,-0.24233039452537958,-0.24414197023793044,-0.12608690559864044,0.15956689640793548,0.13019761357096712,0.16132905337815356,0.11770958236358524,0.1117538295501848,0.11770958236358524,0.029369282836968352,0.0,0.08858350485896556,0.022294836623000084,0.0017621569702181011,0.0,nan,1.0,0.0,0.20895919648134675,0.46212746461920123,3.0250000953674316,1.0,0,1,1,0,1.5089627504348755,-9.760784149169922,-2.542870126562208,FOLLOW_MAIN,cascade_pd_tracking,follow_main,inner_wheel_pd,lidar_disabled,FOLLOW_MAIN,COMMITTED,HOLD,1,1,1,1,1,1,2,0.007016897201538086,0.0035369396209716797,0.00012159347534179688,0.01866316795349121,0.014844179153442383,0.010918140411376953,0.04497170600006939,0.010487866999028483
1784808928.5657413,7.475188493728638,102.2,0.1022,102.2,0.10211518381778292,102.11518381778292,0.10211518381778292,102.11518381778292,0.17300000000000001,0.33739323757024364,0.33739323757024364,0.00907692334851561,-0.6749797206186187,0.056163351099780615,0.00010892308018218732,0.21930560442065838,-0.005399837764948949,0.55,0.012,0.65,0.008,nan,0.1460401062652295,0.145007988185822,0.14644992418333677,0.14644992418333677,0.11599999666213989,-0.2656360918902296,-0.2821865271060284,-0.218190361042365,-0.218190361042365,-0.12608690559864044,0.1640555787654789,0.13019761357096712,0.16608705667714962,0.1259603976061651,0.1117538295501848,0.12681279168952392,0.033857965194511785,0.014206568055980293,0.09421685083215273,0.098182536537055,0.002031477911670707,0.0008523940833588175,nan,1.0,0.0,0.20892836297263204,0.48680035421743173,3.0250000953674316,1.0,0,1,1,0,1.5089627504348755,-9.760784149169922,-2.587883614639174,FOLLOW_MAIN,cascade_pd_tracking,follow_main,inner_wheel_pd,lidar_disabled,FOLLOW_MAIN,COMMITTED,HOLD,1,1,1,1,1,1,2,0.00010752677917480469,0.011531829833984375,0.02993321418762207,0.026366710662841797,0.007954120635986328,0.0041615962982177734,0.020321975000115344,0.05029879699941375
1784808928.9522266,7.861673831939697,102.2,0.1022,102.2,0.10211518381778292,102.11518381778292,0.10211518381778292,102.11518381778292,0.17300000000000001,0.33739323757024364,0.33739323757024364,0.00907692334851561,-0.6749797206186187,0.056163351099780615,0.00010892308018218732,0.21930560442065838,-0.005399837764948949,0.55,0.012,0.65,0.008,nan,0.14879353505598752,0.1482592283458472,0.14989623875296348,0.14644992418333677,0.11599999666213989,-0.2654856072866291,-0.2679623514059182,-0.20688214136077743,-0.218190361042365,-0.12608690559864044,0.16634668706574668,0.13019761357096712,0.16851563147543344,0.13017176962594773,0.1117538295501848,0.1312768460304935,0.036149073494779554,0.01841794007576293,0.09656487459533201,0.11200064125748552,0.002168944409686773,0.0011050764045457758,nan,1.0,0.0,0.20892836297263204,0.4959784501866251,3.068000078201294,1.0,0,1,1,0,1.5089627504348755,-9.760784149169922,-2.587883614639174,FOLLOW_MAIN,cascade_pd_tracking,follow_main,inner_wheel_pd,lidar_disabled,FOLLOW_MAIN,COMMITTED,HOLD,1,1,1,1,1,1,2,0.38657474517822266,0.3830106258392334,8.916854858398438e-05,0.41283273696899414,0.39441990852355957,0.3906269073486328,0.040642226000272785,0.0706190479995712
1784808929.0028749,7.912322044372559,102.2,0.1022,102.2,0.10219881993755965,102.19881993755965,0.10219881993755965,102.19881993755965,0.17300000000000001,0.1756733410650413,0.1756733410650413,0.0016247908130145115,-0.3081130793862405,0.056209350965657816,1.949748975617414e-05,0.11418767169227684,-0.002464904635089924,0.55,0.012,0.65,0.008,nan,0.19124504907712958,0.19124504907712958,0.1934528978895344,0.19423108759726324,0.1667499989271164,-0.16157083501922972,-0.16157083501922972,-0.11906671770983222,-0.11904575901245446,-0.18913045525550842,0.20215108044092758,0.16852071306606548,0.20416890248341932,0.18033901771333158,0.14037442467469918,0.18273689329564952,0.03363036737486211,0.039964593038632396,-0.018353539023847586,-0.011562148681063086,0.0020178220424917266,0.0023978755823179437,nan,1.0,0.0,0.20892527497912194,0.6374834969237653,3.322999954223633,1.0,0,1,1,0,1.4571382999420166,-9.789352416992188,-2.660226468736004,FOLLOW_MAIN,cascade_pd_tracking,follow_main,inner_wheel_pd,lidar_disabled,FOLLOW_MAIN,COMMITTED,HOLD,1,1,1,1,1,1,2,0.00012826919555664062,0.03314495086669922,0.01522374153137207,0.011817455291748047,0.007941246032714844,0.004092216491699219,0.012764274000801379,0.05993431200113264
1784808929.0559814,7.965428590774536,102.2,0.1022,102.2,0.10219951474154224,102.19951474154223,0.10219951474154224,102.19951474154223,0.17300000000000001,0.1740993158649604,0.1740993158649604,0.0011244186022709164,-0.21824865366530358,0.056209733107848235,1.3493023227250997e-05,0.11316455531222427,-0.0017459892293224288,0.55,0.012,0.65,0.008,nan,0.19354506930299,0.19354506930299,0.19496019659539235,0.19496019659539235,0.1848749816417694,-0.16117829365628383,-0.16117829365628383,-0.11847565629608228,-0.11847565629608228,-0.22065214812755585,0.20442460412478916,0.18445124517061254,0.20562300566203975,0.18266553448119086,0.15546798368862255,0.18429738752874494,0.019973358954176623,0.027197550792568304,-0.0761128830674763,-0.06776989567020336,0.0011984015372505973,0.0016318530475540982,nan,1.0,0.0,0.20892527496198576,0.6451502310099667,3.4579999446868896,1.0,0,1,1,0,1.4434888362884521,-9.79594898223877,-2.691433527845219,FOLLOW_MAIN,cascade_pd_tracking,follow_main,inner_wheel_pd,lidar_disabled,FOLLOW_MAIN,COMMITTED,HOLD,1,1,1,1,1,1,2,0.00757908821105957,0.0039033889770507812,0.0001366138458251953,0.019611120223999023,0.015786409378051758,0.0118560791015625,0.003664239000499947,0.054144146999533405
1784808929.4513955,8.36084270477295,102.2,0.1022,102.2,0.10219951474154224,102.19951474154223,0.10219951474154224,102.19951474154223,0.17300000000000001,0.1740993158649604,0.1740993158649604,0.0011244186022709164,-0.21824865366530358,0.056209733107848235,1.3493023227250997e-05,0.11316455531222427,-0.0017459892293224288,0.55,0.012,0.65,0.008,nan,0.1939444695752977,0.1939444695752977,0.19538356088403852,0.19594222198581268,0.1848749816417694,-0.16116397364427498,-0.16116397364427498,-0.11846427188653541,-0.12130116255121312,-0.22065214812755585,0.20482303779628627,0.18445124517061254,0.2060453453538267,0.18306590135430914,0.15546798368862255,0.18472177641425033,0.020371792625673735,0.02759791766568659,-0.0640527494811462,-0.0567472202654893,0.001222307557540424,0.0016558750599411952,nan,1.0,0.0,0.20892527496198576,0.6464815652509924,3.5450000762939453,1.0,0,1,1,0,1.4434888362884521,-9.79594898223877,-2.7095266793802533,FOLLOW_MAIN,cascade_pd_tracking,follow_main,inner_wheel_pd,lidar_disabled,FOLLOW_MAIN,COMMITTED,HOLD,1,1,1,1,1,1,2,0.38303685188293457,0.379408597946167,0.39551329612731934,7.653236389160156e-05,0.3915069103240967,0.38713693618774414,0.023830527999962214,0.07431043599899567
1784808929.5022705,8.411717653274536,102.2,0.1022,102.2,0.10219998717383275,102.19998717383275,0.10219998717383275,102.19998717383275,0.17300000000000001,0.1730290566994422,0.1730290566994422,0.00024816317591956486,-0.049654745919778746,0.056209992945608016,2.9779581110347782e-06,0.11246888685463745,-0.00039723796735822997,0.55,0.012,0.65,0.008,nan,0.19596663534134812,0.19596663534134812,0.19596663534134812,0.19596663534134812,0.19212499260902405,-0.16173400202606342,-0.16173400202606342,-0.1213005015195476,-0.1213005015195476,-0.09456519782543182,0.2068836804781074,0.2032655155741215,0.2068836804781074,0.18504959020458883,0.1852658246792527,0.18504959020458883,0.0,0.0,-0.0003944475025054032,-0.026105433564258613,0.0,0.0,nan,1.0,0.0,0.20892527496028568,0.6532221178044938,3.8420000076293945,1.0,0,1,1,0,1.3570210933685303,-9.832148551940918,-2.7718130574165936,FOLLOW_MAIN,cascade_pd_tracking,follow_main,inner_wheel_pd,lidar_disabled,FOLLOW_MAIN,COMMITTED,HOLD,1,1,1,1,1,1,2,0.014722347259521484,0.011183977127075195,0.00770258903503418,0.026434898376464844,0.00398564338684082,0.0001347064971923828,0.08064069299871335,0.020236159998603398
1784808929.552671,8.462118148803711,102.2,0.1022,102.2,0.10219999582251542,102.19999582251542,0.10219999582251542,102.19999582251542,0.17300000000000001,0.17300946377133053,0.17300946377133053,0.00015553395224435034,-0.031180101860202675,0.05620999770238348,1.866407426932204e-06,0.11245615145136485,-0.0002494408148816214,0.55,0.012,0.65,0.008,nan,0.19599026054240998,0.19599026054240998,0.19599026054240998,0.19599026054240998,0.2029999941587448,-0.16186710310507463,-0.16186710310507463,-0.12140032732880593,-0.12140032732880593,-0.1260869801044464,0.2069162900020025,0.2072619064064509,0.2069162900020025,0.18506423108281744,0.18973621174765679,0.18506423108281744,0.0,0.0,-0.00026484306365394687,-0.01752791679313046,0.0,0.0,nan,1.0,0.0,0.20892527496028296,0.6533008684746999,3.9179999828338623,1.0,0,1,1,0,1.3408186435699463,-9.838083267211914,-2.790505057905753,FOLLOW_MAIN,cascade_pd_tracking,follow_main,inner_wheel_pd,lidar_disabled,FOLLOW_MAIN,COMMITTED,HOLD,1,1,1,1,1,1,2,0.0067713260650634766,0.0034515857696533203,0.017238378524780273,9.560585021972656e-05,0.013698101043701172,0.01025843620300293,0.02821517499978654,0.0004314069992688019
1784808929.9643872,8.873834371566772,102.2,0.1022,102.2,0.10219999989850528,102.19999989850528,0.10219999989850528,102.19999989850528,0.17300000000000001,0.17300022992852582,0.17300022992852582,3.305257741994995e-05,-0.006638121466056414,0.05620999994417791,3.9663092903939943e-07,0.11245014945354179,-5.310497172845132e-05,0.55,0.012,0.65,0.008,nan,0.19602276112465924,0.19602276112465924,0.19602276112465924,0.19599599914874094,0.19574999809265137,-0.16205478643924173,-0.16205478643924173,-0.12154108982943124,-0.12140017166147445,-0.12608692049980164,0.20696145920930806,0.2029577136943233,0.20696145920930806,0.18508406304001043,0.18850429409650316,0.18508406304001043,0.0,0.0,-1.551240176592809e-05,0.004383038840692508,0.0,0.0,nan,1.0,0.0,0.20892527496028254,0.6534092037488641,4.999000072479248,1.0,0,1,1,0,1.2774455547332764,-9.859892845153809,-2.801222458383906,FOLLOW_MAIN,cascade_pd_tracking,follow_main,inner_wheel_pd,lidar_disabled,FOLLOW_MAIN,COMMITTED,HOLD,1,1,1,1,1,1,2,0.38865232467651367,0.00011205673217773438,0.3961982727050781,0.39273524284362793,0.4078390598297119,0.4039309024810791,0.08209404399894993,0.0881926719994226
1784808930.014839,8.924286127090454,102.2,0.1022,102.2,0.10219999995856019,102.19999995856018,0.10219999995856019,102.19999995856018,0.17300000000000001,0.1730000938787291,0.1730000938787291,2.2757014930000618e-05,-0.004570841131157103,0.05620999997720811,2.730841791600074e-07,0.11245006102117393,-3.6566729049256825e-05,0.55,0.012,0.65,0.008,nan,0.196022948744793,0.196022948744793,0.196022948744793,0.19602284750786197,0.19574999809265137,-0.162071105730398,-0.162071105730398,-0.12155332929779844,-0.12155333213707509,-0.12608692049980164,0.20696274838159487,0.2029577136943233,0.20696274838159487,0.18508314910799115,0.18850429409650316,0.18508314910799115,0.0,0.0,-1.2243314398250169e-05,0.003459356156195437,0.0,0.0,nan,1.0,0.0,0.20892527496028254,0.65340982914931,5.061999797821045,1.0,0,1,1,0,1.2774455547332764,-9.859892845153809,-2.8102060454397573,FOLLOW_MAIN,cascade_pd_tracking,follow_main,inner_wheel_pd,lidar_disabled,FOLLOW_MAIN,COMMITTED,HOLD,1,1,1,1,1,1,2,0.007531404495239258,0.003860950469970703,0.00014448165893554688,0.01909780502319336,0.015323877334594727,0.011718034744262695,0.02801654599898029,0.123691640999823
1784808930.0678303,8.977277517318726,102.2,0.1022,102.2,0.10219999995856019,102.19999995856018,0.10219999995856019,102.19999995856018,0.17300000000000001,0.1730000938787291,0.1730000938787291,2.2757014930000618e-05,-0.004570841131157103,0.05620999997720811,2.730841791600074e-07,0.11245006102117393,-3.6566729049256825e-05,0.55,0.012,0.65,0.008,nan,0.19602309041773733,0.19602309041773733,0.19564992801350276,0.19564992801350276,0.21024999022483826,-0.1620711004031609,-0.1620711004031609,-0.12569957423831038,-0.12569957423831038,-0.12608695030212402,0.2069628896949507,0.2137254192292981,0.2069628896949507,0.18508329114052396,0.19752203794834322,0.18433696633205482,0.0,-0.012438746807819256,-9.440159075825005e-06,-0.06623159701548188,0.0,-0.0007463248084691554,nan,1.0,0.0,0.20892527496028254,0.6534103013924578,5.061999797821045,1.0,0,1,1,0,1.2512184381484985,-9.868303298950195,-2.847780848796373,FOLLOW_MAIN,cascade_pd_tracking,follow_main,inner_wheel_pd,lidar_disabled,FOLLOW_MAIN,COMMITTED,HOLD,1,1,1,1,1,1,2,0.00014090538024902344,0.011806964874267578,0.03047633171081543,0.026967287063598633,0.008036375045776367,0.004247903823852539,0.06701762499869801,0.02544775099886465
1784808930.4378362,9.347283363342285,102.2,0.1022,102.2,0.10219999995856019,102.19999995856018,0.10219999995856019,102.19999995856018,0.17300000000000001,0.1730000938787291,0.1730000938787291,2.2757014930000618e-05,-0.004570841131157103,0.05620999997720811,2.730841791600074e-07,0.11245006102117393,-3.6566729049256825e-05,0.55,0.012,0.65,0.008,nan,0.19602314771903234,0.19602314771903234,0.19564998703822717,0.19564998703822717,0.21024999022483826,-0.16207109823498506,-0.16207109823498506,-0.1256995534629629,-0.1256995534629629,-0.12608695030212402,0.20696294684989383,0.2137254192292981,0.20696294684989383,0.18508334858817085,0.19752203794834322,0.1843370272265605,0.0,-0.012438689360172367,-8.179008322202398e-06,-0.057383081224470216,0.0,-0.000746321361610342,nan,1.0,0.0,0.20892527496028254,0.6534104923967745,5.061999797821045,1.0,0,1,1,0,1.2512184381484985,-9.868303298950195,-2.847780848796373,FOLLOW_MAIN,cascade_pd_tracking,follow_main,inner_wheel_pd,lidar_disabled,FOLLOW_MAIN,COMMITTED,HOLD,1,1,1,1,1,1,2,0.3700997829437256,0.3662910461425781,0.3628401756286621,0.3594241142272949,0.3779928684234619,7.62939453125e-05,0.0885279129997798,0.04695803899994644
1784808930.4885201,9.397967338562012,102.2,0.1022,102.2,0.10219999999962981,102.19999999962981,0.10219999999962981,102.19999999962981,0.17300000000000001,0.1730000008386257,0.1730000008386257,3.1869197839905443e-06,-0.0006401884124283919,0.0562099999997964,3.8243037407886534e-08,0.11245000054510672,-5.121507299427135e-06,0.55,0.012,0.65,0.008,nan,0.19602340467522772,0.19602340467522772,0.19602340467522772,0.19602340361761314,0.18850001692771912,-0.16210223832418905,-0.16210223832418905,-0.12157667874314172,-0.12157667877528297,-0.1260870099067688,0.20696530576211047,0.19984347713261905,0.20696530576211047,0.18508150358834496,0.18203884758976654,0.18508150358834496,0.0,0.0,-0.0038480511990790466,0.0027150008479192287,0.0,0.0,nan,1.0,0.0,0.20892527496028254,0.6534113489174258,4.895999908447266,1.0,0,1,1,0,1.1776708364486694,-9.889213562011719,-2.862659108300719,FOLLOW_MAIN,cascade_pd_tracking,follow_main,inner_wheel_pd,lidar_disabled,FOLLOW_MAIN,COMMITTED,HOLD,1,1,1,1,1,1,2,0.003772258758544922,0.00016045570373535156,0.019070863723754883,0.015609264373779297,0.011809349060058594,0.007839679718017578,0.036896782999974675,0.0650561429993104
1784808930.540878,9.45032525062561,102.2,0.1022,102.2,0.10219999999982035,102.19999999982035,0.10219999999982035,102.19999999982035,0.17300000000000001,0.1730000004069974,0.1730000004069974,2.3580211626506005e-06,-0.0004736806812993948,0.0562099999999012,2.8296253951807206e-08,0.11245000026454831,-3.7894454503951587e-06,0.55,0.012,0.65,0.008,nan,0.19602340617946937,0.19602340617946937,0.19602340617946937,0.19602340617946937,0.18850001692771912,-0.1621035600974237,-0.1621035600974237,-0.12157767007306788,-0.12157767007306788,-0.1260870099067688,0.20696539648604548,0.19984347713261905,0.20696539648604548,0.18508141587289326,0.18203884758976654,0.18508141587289326,0.0,0.0,-0.0029396619294248783,0.0020740848336151443,0.0,0.0,nan,1.0,0.0,0.20892527496028254,0.6534113539315646,4.895999908447266,1.0,0,1,1,0,1.1776708364486694,-9.889213562011719,-2.8958517371288788,FOLLOW_MAIN,cascade_pd_tracking,follow_main,inner_wheel_pd,lidar_disabled,FOLLOW_MAIN,COMMITTED,HOLD,1,1,1,1,1,1,2,0.01445627212524414,0.010820150375366211,0.007238149642944336,0.0038611888885498047,0.00011348724365234375,0.018402576446533203,0.004991850000806153,0.10544698100056848
1784808930.9169252,9.826372385025024,102.2,0.1022,102.2,0.1021999999999968,102.19999999999679,0.1021999999999968,102.19999999999679,0.17300000000000001,0.1730000000072551,0.1730000000072551,4.4037169718351253e-07,-8.84625935437073e-05,0.05620999999999824,5.28446036620215e-09,0.11245000000471582,-7.077007483496585e-07,0.55,0.012,0.65,0.008,nan,0.196023409220957,0.196023409220957,0.196023409220957,0.19602340715768582,0.20662499964237213,-0.16210661844220686,-0.16210661844220686,-0.12157996383165527,-0.12157767004281556,-0.09456522762775421,0.206965605965806,0.20555412444563168,0.206965605965806,0.18508121247610804,0.19147038703188266,0.18508121247610804,0.0,0.0,-0.05210536571116378,0.0001457751148065495,0.0,0.0,nan,1.0,0.0,0.20892527496028254,0.6534113640698568,4.800000190734863,1.0,0,1,1,0,1.0861026048660278,-9.910490989685059,-2.904992703822583,FOLLOW_MAIN,cascade_pd_tracking,follow_main,inner_wheel_pd,lidar_disabled,FOLLOW_MAIN,COMMITTED,HOLD,1,1,1,1,1,1,2,0.33516788482666016,0.00012803077697753906,0.3432469367980957,0.35840511322021484,0.33945608139038086,0.3544337749481201,0.0005631109997921158,0.010075662999952328
1784808930.9698653,9.879312515258789,102.2,0.1022,102.2,0.1021999999999968,102.19999999999679,0.1021999999999968,102.19999999999679,0.17300000000000001,0.1730000000072551,0.1730000000072551,4.4037169718351253e-07,-8.84625935437073e-05,0.05620999999999824,5.28446036620215e-09,0.11245000000471582,-7.077007483496585e-07,0.55,0.012,0.65,0.008,nan,0.19602340924293538,0.19602340924293538,0.19602340924293538,0.19602340924293538,0.20662499964237213,-0.1621066184411898,-0.1621066184411898,-0.1215799638308923,-0.1215799638308923,-0.09456522762775421,0.20696560598771568,0.20555412444563168,0.20696560598771568,0.18508121249815507,0.19147038703188266,0.18508121249815507,0.0,0.0,-0.039998145564933474,0.00011190276053523596,0.0,0.0,nan,1.0,0.0,0.20892527496028254,0.653411364143118,4.800000190734863,1.0,0,1,1,0,1.0861026048660278,-9.910490989685059,-2.925229675860878,FOLLOW_MAIN,cascade_pd_tracking,follow_main,inner_wheel_pd,lidar_disabled,FOLLOW_MAIN,COMMITTED,HOLD,1,1,1,1,1,1,2,0.01064610481262207,0.007093191146850586,0.003670930862426758,0.00012969970703125,0.017983436584472656,0.01443171501159668,0.04022833699855255,0.04974088899871276
1784808931.0233042,9.932751417160034,102.2,0.1022,102.2,0.1021999999999968,102.19999999999679,0.1021999999999968,102.19999999999679,0.17300000000000001,0.1730000000072551,0.1730000000072551,4.4037169718351253e-07,-8.84625935437073e-05,0.05620999999999824,5.28446036620215e-09,0.11245000000471582,-7.077007483496585e-07,0.55,0.012,0.65,0.008,nan,0.1960234092591544,0.1960234092591544,0.19635587277703193,0.19635587277703193,0.18125000596046448,-0.16210661844042104,-0.16210661844042104,-0.1252740029178438,-0.1252740029178438,-0.06304344534873962,0.20696560600388283,0.1958834887412994,0.20763053303963785,0.18508121251442597,0.184487868541988,0.18508121251442597,0.01108211726258343,0.0,0.03858200688945797,8.274533775448853e-05,0.0006649270357550058,0.0,nan,1.0,0.0,0.20892527496028254,0.6534113641971814,4.800000190734863,1.0,0,1,1,0,1.0711745023727417,-9.913483619689941,-2.949060092936181,FOLLOW_MAIN,cascade_pd_tracking,follow_main,inner_wheel_pd,lidar_disabled,FOLLOW_MAIN,COMMITTED,HOLD,1,1,1,1,1,1,2,0.018549680709838867,0.015060186386108398,0.011482715606689453,0.007859945297241211,0.004076242446899414,0.00017905235290527344,0.08550772899980075,0.016003810000256635
1784808931.0751424,9.984589576721191,102.2,0.1022,102.2,0.1021999999999989,102.19999999999891,0.1021999999999989,102.19999999999891,0.17300000000000001,0.17300000000248603,0.17300000000248603,2.8184580791393106e-07,-5.661766580058297e-05,0.0562099999999994,3.382149694967173e-09,0.11245000000161592,-4.5294132640466377e-07,0.55,0.012,0.65,0.008,nan,0.1960234092713568,0.1960234092713568,0.19635587330162857,0.19635587330162857,0.18125000596046448,-0.1621068712938441,-0.1621068712938441,-0.1252741982511805,-0.1252741982511805,-0.06304344534873962,0.2069656230836913,0.1958834887412994,0.20763055114423482,0.18508119545902232,0.184487868541988,0.18508119545902232,0.011082134342391886,0.0,0.02675118916522804,5.737203931361879e-05,0.0006649280605435131,0.0,nan,1.0,0.0,0.20892527496028254,0.6534113642378561,4.857999801635742,1.0,0,1,1,0,1.0711745023727417,-9.913483619689941,-2.963812467011317,FOLLOW_MAIN,cascade_pd_tracking,follow_main,inner_wheel_pd,lidar_disabled,FOLLOW_MAIN,COMMITTED,HOLD,1,1,1,1,1,1,2,0.014658927917480469,0.011082172393798828,0.007546663284301758,0.004112720489501953,0.00017786026000976562,0.018824338912963867,0.03333715500048129,0.07093540099958773
1784808931.490612,10.400059223175049,102.2,0.1022,102.2,0.1021999999999989,102.19999999999891,0.1021999999999989,102.19999999999891,0.17300000000000001,0.17300000000248603,0.17300000000248603,2.8184580791393106e-07,-5.661766580058297e-05,0.0562099999999994,3.382149694967173e-09,0.11245000000161592,-4.5294132640466377e-07,0.55,0.012,0.65,0.008,nan,0.1960234092744903,0.1960234092744903,0.19663634259345242,0.19635587330162857,0.18125000596046448,-0.16210687129368975,-0.16210687129368975,-0.12276772740552935,-0.1252741982511805,-0.18913039565086365,0.20696562308681435,0.19496870686788606,0.20768543805995004,0.18508119546216625,0.1766470010490245,0.18558724712695476,0.011996916218928289,0.008434194413141749,0.02899585093917768,0.05256720964902555,0.0007198149731356973,0.0005060516647885049,nan,1.0,0.0,0.20892527496028254,0.653411364248301,4.857999801635742,1.0,0,1,1,0,1.057298183441162,-9.916189193725586,-2.963812467011317,FOLLOW_MAIN,cascade_pd_tracking,follow_main,inner_wheel_pd,lidar_disabled,FOLLOW_MAIN,COMMITTED,HOLD,1,1,1,1,1,1,2,0.41144704818725586,0.4077792167663574,7.224082946777344e-05,0.4195065498352051,0.4155704975128174,0.4342162609100342,0.054057444000136456,0.010871587999645271
1784808931.540963,10.45041012763977,102.2,0.1022,102.2,0.10219999999999999,102.19999999999999,0.10219999999999999,102.19999999999999,0.17300000000000001,0.17300000000002375,0.17300000000002375,4.058392748483866e-08,-8.152570678773916e-06,0.056209999999999996,4.87007129818064e-10,0.11245000000001544,-6.522056543019133e-08,0.55,0.012,0.65,0.008,nan,0.19602340928798057,0.19602340928798057,0.19688672095379905,0.19688672095379905,0.17762500047683716,-0.1621072561170009,-0.1621072561170009,-0.1230139931539727,-0.1230139931539727,-0.15760867297649384,0.20696564907587814,0.19042679471290358,0.2079579803376566,0.185081169500083,0.17284296833577406,0.18581546156994153,0.01653885436297456,0.012238201164308932,0.02408190006037929,0.057328531695652815,0.0009923312617784734,0.0007342920698585358,nan,1.0,0.0,0.20892527496028254,0.6534113642932686,4.7870001792907715,1.0,0,1,1,0,0.9838839173316956,-9.928728103637695,-2.9803291538172982,FOLLOW_MAIN,cascade_pd_tracking,follow_main,inner_wheel_pd,lidar_disabled,FOLLOW_MAIN,COMMITTED,HOLD,1,1,1,1,1,1,2,0.006902933120727539,0.0034906864166259766,0.021106243133544922,0.01773977279663086,5.2928924560546875e-05,0.010640382766723633,0.029576008000731235,0.05180066700086172
1784808931.9699671,10.879414319992065,102.2,0.1022,102.2,0.10219999999999999,102.19999999999999,0.10219999999999999,102.19999999999999,0.17300000000000001,0.17300000000002375,0.17300000000002375,4.058392748483866e-08,-8.152570678773916e-06,0.056209999999999996,4.87007129818064e-10,0.11245000000001544,-6.522056543019133e-08,0.55,0.012,0.65,0.008,nan,0.19602340928804746,0.19602340928804746,0.19658345672772964,0.19658345672771088,0.1993749886751175,-0.16210725611699608,-0.16210725611699608,-0.11535769275794502,-0.11535769275795196,-0.5989130139350891,0.2069656490759447,0.2132761199845265,0.2069656490759447,0.18508116950015022,0.16641292151074388,0.1862012643795146,0.0,0.018668247989406334,-0.07424657470580866,0.0739634235523822,0.0,0.00112009487936438,nan,1.0,0.0,0.20892527496028254,0.6534113642934916,4.704999923706055,1.0,0,1,1,0,0.9694696664810181,-9.930743217468262,-3.046430240227118,FOLLOW_MAIN,cascade_pd_tracking,follow_main,inner_wheel_pd,lidar_disabled,FOLLOW_MAIN,COMMITTED,HOLD,1,1,1,1,1,1,2,6.723403930664062e-05,0.3921992778778076,0.41085147857666016,0.4074246883392334,0.38802218437194824,0.38410449028015137,0.0882628580002347,0.035927413000536035
1784808932.0208411,10.930288314819336,102.2,0.1022,102.2,0.10219999999999999,102.19999999999999,0.10219999999999999,102.19999999999999,0.17300000000000001,0.17300000000000038,0.17300000000000038,7.125413141913892e-09,-1.4313655426031998e-06,0.056209999999999996,8.55049577029667e-11,0.11245000000000024,-1.1450924340825599e-08,0.55,0.012,0.65,0.008,nan,0.19602340928812523,0.19602340928812523,0.19566782114013126,0.19566782114013126,0.2175000011920929,-0.1621073094851132,-0.1621073094851132,-0.11762950269167959,-0.11762950269167959,-0.12608692049980164,0.20696565267837036,0.21881859094483594,0.20625447638238242,0.1850811658978801,0.1841539108999831,0.1850811658978801,-0.011852938266465579,0.0,-0.009485045723828715,-0.10963145279411823,-0.0007111762959879347,0.0,nan,1.0,0.0,0.20892527496028254,0.6534113642937508,4.833000183105469,1.0,0,1,1,0,0.8894875049591064,-9.930779457092285,3.0944029647616387,FOLLOW_MAIN,cascade_pd_tracking,follow_main,inner_wheel_pd,lidar_disabled,FOLLOW_MAIN,COMMITTED,HOLD,1,1,1,1,1,1,2,0.01461482048034668,0.011040687561035156,0.00743556022644043,0.0039081573486328125,0.00013971328735351562,0.018761634826660156,0.09055228299985174,0.05587853600081871
1784808932.0738575,10.983304738998413,102.2,0.1022,102.2,0.10219999999999999,102.19999999999999,0.10219999999999999,102.19999999999999,0.17300000000000001,0.17300000000000038,0.17300000000000038,7.125413141913892e-09,-1.4313655426031998e-06,0.056209999999999996,8.55049577029667e-11,0.11245000000000024,-1.1450924340825599e-08,0.55,0.012,0.65,0.008,nan,0.19602340928812553,0.19602340928812553,0.1956678211401316,0.19566782114013148,0.2175000011920929,-0.16210730948511315,-0.16210730948511315,-0.11762950269167975,-0.11762950269167975,-0.12608692049980164,0.20696565267837067,0.21881859094483594,0.20625447638238276,0.1850811658978804,0.1841539108999831,0.1850811658978804,-0.011852938266465274,0.0,-0.0063417035474542735,-0.07329961218326748,-0.0007111762959879164,0.0,nan,1.0,0.0,0.20892527496028254,0.6534113642937518,2.3589999675750732,1.0,0,1,1,0,0.8894875049591064,-9.930779457092285,3.0638891985529697,FOLLOW_MAIN,cascade_pd_tracking,follow_main,inner_wheel_pd,lidar_disabled,FOLLOW_MAIN,COMMITTED,HOLD,1,1,1,1,1,1,2,0.0072040557861328125,0.0036132335662841797,0.00012993812561035156,0.03472447395324707,0.015054464340209961,0.011312484741210938,0.15093763199911336,0.11626388500008034
1784808932.486316,11.395763158798218,102.2,0.1022,102.2,0.10219999999999999,102.19999999999999,0.10219999999999999,102.19999999999999,0.17300000000000001,0.17300000000000038,0.17300000000000038,7.125413141913892e-09,-1.4313655426031998e-06,0.056209999999999996,8.55049577029667e-11,0.11245000000000024,-1.1450924340825599e-08,0.55,0.012,0.65,0.008,nan,0.1960234092881256,0.1960234092881256,0.19566782114013165,0.1956678211401316,0.2175000011920929,-0.16210730948511312,-0.16210730948511312,-0.11762950269167975,-0.11762950269167975,-0.12608692049980164,0.20696565267837072,0.21881859094483594,0.2062544763823828,0.18508116589788046,0.1841539108999831,0.18508116589788046,-0.011852938266465218,0.0,-0.005557449744702424,-0.06423493434634556,-0.0007111762959879131,0.0,nan,1.0,0.0,0.20892527496028254,0.653411364293752,2.3589999675750732,1.0,0,1,1,0,0.8894875049591064,-9.930779457092285,3.0638891985529697,FOLLOW_MAIN,cascade_pd_tracking,follow_main,inner_wheel_pd,lidar_disabled,FOLLOW_MAIN,COMMITTED,HOLD,1,1,1,1,1,1,2,0.40088725090026855,0.39735984802246094,8.130073547363281e-05,0.4088420867919922,0.4274754524230957,0.40500569343566895,0.17073884799901862,0.1360651009999856
1784808932.5376651,11.447112321853638,102.7,0.1027,102.7,0.10707811663583028,107.07811663583028,0.10707811663583028,107.07811663583028,0.633,0.3014657206810046,0.3014657206810046,0.010584167762501852,0.37198740297986016,0.058892964149706656,0.00012701001315002221,0.195952718442653,0.002975899223838881,0.55,0.012,0.65,0.008,nan,0.1504491708091372,0.1504491708091372,0.14761202408788968,0.14761202408788968,0.1993749886751175,-0.2481858529059011,-0.2481858529059011,-0.19302826231165449,-0.19302826231165449,-0.09456516802310944,0.1672017158802855,0.2041541856194012,0.16498456769593858,0.13369662573798888,0.19131571337379052,0.13023948047984077,-0.0369524697391157,-0.05761908763580165,-0.08041402060014453,-0.12079813367296019,-0.002217148184346942,-0.003457145258148099,nan,1.0,0.0,0.163,0.5014972360304574,2.990999937057495,1.0,0,1,1,0,0.7839049100875854,-9.921337127685547,3.0496107931130227,FOLLOW_MAIN,cascade_pd_tracking,follow_main,inner_wheel_pd,lidar_disabled,FOLLOW_MAIN,COMMITTED,HOLD,1,1,1,1,1,1,2,0.014368772506713867,0.010843515396118164,0.007397651672363281,0.0039000511169433594,0.0001246929168701172,0.018465757369995117,0.14189037599862786,0.030969526000262704
1784808932.5889757,11.498422861099243,101.2,0.1012,101.2,0.103561831571684,103.561831571684,0.103561831571684,103.561831571684,0.626,0.4139067426838645,0.4139067426838645,-0.0052664386849138175,0.5293309453972755,0.056959007364426203,-6.319726421896581e-05,0.26903938274451195,0.004234647563178205,0.55,0.012,0.65,0.008,nan,0.1477370018383136,0.1477370018383136,0.14473712497881666,0.14622315676523434,0.1993749886751175,-0.32304655692084716,-0.2669885998700136,-0.2079764461481241,-0.20120856706492335,-0.09456516802310944,0.16575873232953953,0.2041541856194012,0.16345500513214783,0.12971527134708766,0.19131571337379052,0.1260192448254855,-0.038395453289861686,-0.06160044202670287,-0.06399669207619937,-0.10623519089680947,-0.0023037271973917013,-0.003696026521602172,nan,1.0,0.0,0.122,0.49245667279437866,2.944000005722046,1.0,0,1,1,0,0.7839049100875854,-9.921337127685547,3.0341021414681304,FOLLOW_MAIN,cascade_pd_tracking,follow_main,inner_wheel_pd,lidar_disabled,FOLLOW_MAIN,COMMITTED,HOLD,1,1,1,1,1,1,2,0.003421306610107422,7.534027099609375e-05,0.017824411392211914,0.014372825622558594,0.010774374008178711,0.0071582794189453125,0.037028117001682403,0.08863867300169659
1784808932.985777,11.89522409439087,101.2,0.1012,101.2,0.103561831571684,103.561831571684,0.103561831571684,103.561831571684,0.626,0.4139067426838645,0.4139067426838645,-0.0052664386849138175,0.5293309453972755,0.056959007364426203,-6.319726421896581e-05,0.26903938274451195,0.004234647563178205,0.55,0.012,0.65,0.008,nan,0.1477370018383136,0.1477370018383136,0.14473712497881666,0.1196925395147841,0.1993749886751175,-0.32304655692084716,-0.2669885998700136,-0.2079764461481241,-0.26064039115462173,-0.09456516802310944,0.16575873232953953,0.2041541856194012,0.16345500513214783,0.12971527134708766,0.19131571337379052,0.1260192448254855,-0.038395453289861686,-0.06160044202670287,-0.06399669207619937,-0.10623519089680947,-0.0023037271973917013,-0.003696026521602172,nan,1.0,0.0,0.122,0.49245667279437866,2.944000005722046,1.0,0,1,1,0,0.7839049100875854,-9.921337127685547,3.0341021414681304,FOLLOW_MAIN,cascade_pd_tracking,follow_main,inner_wheel_pd,lidar_disabled,FOLLOW_MAIN,COMMITTED,HOLD,1,1,1,1,1,1,2,0.40021800994873047,0.39687132835388184,0.39325976371765137,6.866455078125e-05,0.40757060050964355,0.40395426750183105,0.037028117001682403,0.08863867300169659
1784808933.0374093,11.946856498718262,100.7,0.1007,100.7,0.10000136582129132,100.00136582129132,0.10000136582129132,100.00136582129132,0.624,0.6086476608173005,0.6086476608173005,-0.007833164425536346,0.4794907599645394,0.05500075120171023,-9.399797310643616e-05,0.3956209795312453,0.003835926079716315,0.55,0.012,0.65,0.008,nan,0.12079828597174637,0.12079828597174637,0.11921699506501132,0.11921699506501132,0.14137500524520874,-0.34,-0.34,-0.2606403911546219,-0.2606403911546219,-0.22065217792987823,0.14374828597174638,0.16164254768539776,0.1426746302689273,0.09784828597174637,0.13266372114926328,0.09575935986109535,-0.017894261713651383,-0.03481543517751691,0.03977271573147245,0.0681069368224288,-0.0010736557028190828,-0.0020889261106510145,nan,1.0,0.0,0.052,0.4026609532391546,3.3450000286102295,1.0,0,1,1,0,0.7086320519447327,-9.910709381103516,2.9570948553642395,FOLLOW_MAIN,cascade_pd_tracking,follow_main,inner_wheel_pd,lidar_disabled,FOLLOW_MAIN,COMMITTED,HOLD,1,1,1,1,1,1,2,0.00745844841003418,0.037505149841308594,0.033946990966796875,0.03046703338623047,0.003813505172729492,0.00012493133544921875,0.11507710899968515,0.02173549299914157
1784808933.0911047,12.00055193901062,101.2,0.1012,101.2,0.10049854477953518,100.49854477953518,0.10049854477953518,100.49854477953518,0.626,0.619573063888145,0.619573063888145,-0.0030488829141533643,0.32112198157708427,0.05527419962874435,-3.6586594969840375e-05,0.4027224915272943,0.002568975852616674,0.55,0.012,0.65,0.008,nan,0.12,0.12,0.11878916040217488,0.11878916040217488,0.1341249942779541,-0.4,-0.37183698070051835,-0.2858064299075413,-0.2858064299075413,-0.22065219283103943,0.14509899619728497,0.154886614587808,0.1445117390938536,0.094901003802715,0.1254747053396958,0.09306658171049616,-0.009787618390523029,-0.030573701536980788,0.07350775825066538,0.07096609756946215,-0.0005872571034313817,-0.0018344220922188472,nan,1.0,0.0,1.335,0.4,3.325000047683716,1.0,0,1,1,0,0.6965422034263611,-9.90824031829834,2.919804289792034,FOLLOW_MAIN,cascade_pd_tracking,follow_main,inner_wheel_pd,lidar_disabled,FOLLOW_MAIN,COMMITTED,UNKNOWN,1,1,1,1,1,1,1,0.027838706970214844,0.01601099967956543,0.012531518936157227,0.009004592895507812,0.024016857147216797,0.020059823989868164,0.061469942000258015,0.0005502590011019493
1784808933.4938958,12.403342962265015,101.2,0.1012,101.2,0.10049854477953518,100.49854477953518,0.10049854477953518,100.49854477953518,0.626,0.619573063888145,0.619573063888145,-0.0030488829141533643,0.32112198157708427,0.05527419962874435,-3.6586594969840375e-05,0.4027224915272943,0.002568975852616674,0.55,0.012,0.65,0.008,nan,0.12,0.12,0.11878916040217488,0.12089095618841277,0.1341249942779541,-0.4,-0.37183698070051835,-0.2858064299075413,-0.3154871676511969,-0.22065219283103943,0.14509899619728497,0.154886614587808,0.1445117390938536,0.094901003802715,0.1254747053396958,0.09306658171049616,-0.009787618390523029,-0.030573701536980788,0.07350775825066538,0.07096609756946215,-0.0005872571034313817,-0.0018344220922188472,nan,1.0,0.0,1.335,0.4,3.325000047683716,1.0,0,1,1,0,0.6965422034263611,-9.90824031829834,2.919804289792034,FOLLOW_MAIN,cascade_pd_tracking,follow_main,inner_wheel_pd,lidar_disabled,FOLLOW_MAIN,COMMITTED,UNKNOWN,1,1,1,1,1,1,1,0.4305877685546875,0.4187591075897217,0.3961784839630127,8.153915405273438e-05,0.42676305770874023,0.4228055477142334,0.061469942000258015,0.0005502590011019493
1784808933.5470521,12.456499338150024,52.1,0.0521,52.1,0.07362633542896566,73.62633542896566,0.07362633542896566,73.62633542896566,0.356,0.48067059746340346,0.48067059746340346,-0.08715632169884374,-0.4125251513001627,0.04049448448593111,-0.001045875860386125,0.3124358883512123,-0.003300201210401302,0.55,0.012,0.65,0.008,nan,0.12,0.12,0.12021439417754252,0.12111338523707815,0.13050000369548798,-0.3603451478212225,-0.3719087501001923,-0.29427239888586987,-0.30162450210379843,0.0,0.145103840631763,0.11851934987329939,0.14669891007727082,0.09489615936823702,0.11433417754195017,0.09372987827781423,0.0265844907584636,-0.019438018173713156,-0.007979126621356664,-0.08828049159565024,0.001595069445507816,-0.0011662810904227894,nan,1.0,0.0,-1.018,0.4,3.2769999504089355,1.0,0,1,1,0,0.6469549536705017,-9.895210266113281,2.8759571857126356,FOLLOW_MAIN,cascade_pd_tracking,follow_main,inner_wheel_pd,lidar_disabled,FOLLOW_MAIN,COMMITTED,HOLD,1,1,1,1,1,1,2,0.0071868896484375,0.003551959991455078,0.00011777877807617188,0.01791858673095703,0.014331340789794922,0.010853290557861328,0.03787270999964676,0.016654068998832372
1784808933.600111,12.509558200836182,52.1,0.0521,52.1,0.07362633542896566,73.62633542896566,0.07362633542896566,73.62633542896566,0.356,0.48067059746340346,0.48067059746340346,-0.08715632169884374,-0.4125251513001627,0.04049448448593111,-0.001045875860386125,0.3124358883512123,-0.003300201210401302,0.55,0.012,0.65,0.008,nan,0.12,0.12,0.12021439417754251,0.12021439417754251,0.13050000369548798,-0.3626168359233898,-0.3626168359233898,-0.28688532711531173,-0.28688532711531173,0.0,0.1444766364248288,0.11851934987329939,0.14603407361792056,0.09552336357517119,0.11433417754195017,0.09439471473716445,0.025957286551529415,-0.018810813966778986,-0.00940842555643454,-0.06363189251469739,0.0015574371930917649,-0.0011286488380067392,nan,1.0,0.0,-1.018,0.4,3.2769999504089355,1.0,0,1,1,0,0.6469549536705017,-9.895210266113281,2.866121953982601,FOLLOW_MAIN,cascade_pd_tracking,follow_main,inner_wheel_pd,lidar_disabled,FOLLOW_MAIN,COMMITTED,HOLD,1,1,1,1,1,1,2,0.014812469482421875,0.011135101318359375,0.007607936859130859,0.004067897796630859,0.00017976760864257812,0.01896953582763672,0.0792783060005604,0.05805966499974602
1784808933.9825742,12.892021417617798,52.1,0.0521,52.1,0.07362633542896566,73.62633542896566,0.07362633542896566,73.62633542896566,0.356,0.48067059746340346,0.48067059746340346,-0.08715632169884374,-0.4125251513001627,0.04049448448593111,-0.001045875860386125,0.3124358883512123,-0.003300201210401302,0.55,0.012,0.65,0.008,nan,0.12,0.12,0.12021439417754251,0.12021439417754251,0.13050000369548798,-0.3626168359233898,-0.3626168359233898,-0.28688532711531173,-0.28688532711531173,0.0,0.1444766364248288,0.11851934987329939,0.14603407361792056,0.09552336357517119,0.11433417754195017,0.09439471473716445,0.025957286551529415,-0.018810813966778986,-0.00940842555643454,-0.06363189251469739,0.0015574371930917649,-0.0011286488380067392,nan,1.0,0.0,-1.018,0.4,3.2769999504089355,1.0,0,1,1,0,0.6469549536705017,-9.895210266113281,2.866121953982601,FOLLOW_MAIN,cascade_pd_tracking,follow_main,inner_wheel_pd,lidar_disabled,FOLLOW_MAIN,COMMITTED,HOLD,1,1,1,1,1,1,2,0.3972005844116211,0.3935225009918213,0.38999462127685547,0.38645410537719727,0.3825652599334717,0.00015425682067871094,0.0792783060005604,0.05805966499974602
1784808934.0337806,12.943227767944336,27.900000000000002,0.0279,27.900000000000002,0.03254145092799637,32.541450927996365,0.03254145092799637,32.541450927996365,0.196,0.22779087907675002,0.22779087907675002,-0.06467562830016753,-0.39177869387086023,0.017897798010398005,-0.0007761075396020104,0.14806407139988753,-0.003134229550966882,0.55,0.012,0.65,0.008,nan,0.123534044258855,0.123534044258855,0.12410624801388892,0.12163890663576704,0.10875000059604645,-0.1935688331166533,-0.22627435758099854,-0.1702264879377955,-0.1830260193864905,-0.25217393040657043,0.1388075633955724,0.12848975451693706,0.13942663192829052,0.1082605251221376,0.09950487549964214,0.10878586409948733,0.010317808878635343,0.008755649622495462,-0.004017135483311186,0.08071610060875482,0.0006190685327181206,0.0005253389773497277,nan,1.0,0.0,-1.7319999999999998,0.4117801475295167,3.131999969482422,1.0,0,1,1,0,0.5994234085083008,-9.88093376159668,2.856161773562172,FOLLOW_MAIN,cascade_pd_tracking,follow_main,inner_wheel_pd,lidar_disabled,FOLLOW_MAIN,COMMITTED,HOLD,1,1,1,1,1,1,2,0.007227897644042969,0.003629446029663086,8.749961853027344e-05,0.037801504135131836,0.015253543853759766,0.011308670043945312,0.009766089000549982,0.0903566540000611
1784808934.085175,12.994622230529785,27.900000000000002,0.0279,27.900000000000002,0.03254145092799637,32.541450927996365,0.03254145092799637,32.541450927996365,0.196,0.22779087907675002,0.22779087907675002,-0.06467562830016753,-0.39177869387086023,0.017897798010398005,-0.0007761075396020104,0.14806407139988753,-0.003134229550966882,0.55,0.012,0.65,0.008,nan,0.12709228806620737,0.12709228806620737,0.12709228806620737,0.12701585149941697,0.13774999976158142,-0.19557376641119567,-0.19557376641119567,-0.1466803248083968,-0.14821225169376262,-0.25217393040657043,0.14029351729896308,0.14705698346726562,0.14029351729896308,0.11389105883345166,0.11449839371654688,0.11389105883345166,0.0,0.0,-0.06816782428164501,-0.005734120690662564,0.0,0.0,nan,1.0,0.0,-1.7319999999999998,0.42364096022069125,3.131999969482422,1.0,0,1,1,0,0.5804805755615234,-9.874177932739258,2.799012814534032,FOLLOW_MAIN,cascade_pd_tracking,follow_main,inner_wheel_pd,lidar_disabled,FOLLOW_MAIN,COMMITTED,HOLD,1,1,1,1,1,1,2,0.014780044555664062,6.413459777832031e-05,0.029517173767089844,0.026232004165649414,0.007560014724731445,0.0038323402404785156,0.06958845799999835,0.003089165998972021
1784808934.4964259,13.40587306022644,27.900000000000002,0.0279,27.900000000000002,0.03254145092799637,32.541450927996365,0.03254145092799637,32.541450927996365,0.196,0.22779087907675002,0.22779087907675002,-0.06467562830016753,-0.39177869387086023,0.017897798010398005,-0.0007761075396020104,0.14806407139988753,-0.003134229550966882,0.55,0.012,0.65,0.008,nan,0.12763553811491396,0.12763553811491396,0.12763553811491396,0.12709228806620737,0.13774999976158142,-0.19598439592609093,-0.19598439592609093,-0.14698829694456814,-0.1466803248083968,-0.25217393040657043,0.14086448483992509,0.14705698346726562,0.14086448483992509,0.11440659138990282,0.11449839371654688,0.11440659138990282,0.0,0.0,-0.059472833519911596,-0.00500271805375311,0.0,0.0,nan,1.0,0.0,-1.7319999999999998,0.42545179371637987,3.131999969482422,1.0,0,1,1,0,0.5804805755615234,-9.874177932739258,2.762195282564948,FOLLOW_MAIN,cascade_pd_tracking,follow_main,inner_wheel_pd,lidar_disabled,FOLLOW_MAIN,COMMITTED,HOLD,1,1,1,1,1,1,2,0.4260423183441162,0.3938462734222412,8.535385131835938e-05,0.4046306610107422,0.40116119384765625,0.3976120948791504,0.09005641400108289,0.023557122000056552
1784808934.5488594,13.458306550979614,19.700000000000003,0.019700000000000002,19.700000000000003,0.021689003210901704,21.689003210901703,0.021689003210901704,21.689003210901703,0.14,0.1535100662183734,0.1535100662183734,-0.02513982089484514,-0.16653111234820223,0.011928951765995939,-0.0003016778507381417,0.09978154304194271,-0.0013322488987856178,0.55,0.012,0.65,0.008,nan,0.12167238976469179,0.12167238976469179,0.12167238976469179,0.1222606615121488,0.13050000369548798,-0.15302977031260778,-0.15302977031260778,-0.1147723277344558,-0.1145802870398907,-0.18913039565086365,0.1320018992607928,0.13529326811746933,0.1320018992607928,0.11134288026859077,0.11520232620510946,0.11134288026859077,0.0,0.0,-0.003161194266973189,-0.00026591239553960144,0.0,0.0,nan,1.0,0.0,-2.332,0.40557463254897264,3.184999942779541,1.0,0,1,1,0,0.5345660448074341,-9.854501724243164,2.7358118860182996,FOLLOW_MAIN,cascade_pd_tracking,follow_main,inner_wheel_pd,lidar_disabled,FOLLOW_MAIN,COMMITTED,HOLD,1,1,1,1,1,1,2,0.006807088851928711,0.003509998321533203,8.654594421386719e-05,0.01765918731689453,0.014036417007446289,0.010495662689208984,0.02855024900054559,0.06163760800154705
1784808934.6011105,13.510557651519775,19.700000000000003,0.019700000000000002,19.700000000000003,0.021689003210901704,21.689003210901703,0.021689003210901704,21.689003210901703,0.14,0.1535100662183734,0.1535100662183734,-0.02513982089484514,-0.16653111234820223,0.011928951765995939,-0.0003016778507381417,0.09978154304194271,-0.0013322488987856178,0.55,0.012,0.65,0.008,nan,0.12035535621029833,0.12035535621029833,0.11965746421817049,0.11965746421817049,0.13774999976158142,-0.15324578733335173,-0.15324578733335173,-0.11568488774508608,-0.11568488774508608,-0.12608692049980164,0.13069944685529958,0.14120515918982188,0.13006910411522823,0.11001126556529708,0.12276861963503628,0.10924582432111274,-0.0105057123345223,-0.012757354069739199,-0.06792062881658932,-0.07973533331764704,-0.000630342740071338,-0.0007654412441843519,nan,1.0,0.0,-2.332,0.4011845207009945,3.184999942779541,1.0,0,1,1,0,0.5230966210365295,-9.849111557006836,2.7022415711205476,FOLLOW_MAIN,cascade_pd_tracking,follow_main,inner_wheel_pd,lidar_disabled,FOLLOW_MAIN,COMMITTED,HOLD,1,1,1,1,1,1,2,0.014843463897705078,0.011185407638549805,0.007552146911621094,0.0040934085845947266,0.00014734268188476562,0.01891946792602539,0.06822705100057647,0.008383108000998618
1784808935.0001812,13.90962839126587,19.700000000000003,0.019700000000000002,19.700000000000003,0.021689003210901704,21.689003210901703,0.021689003210901704,21.689003210901703,0.14,0.1535100662183734,0.1535100662183734,-0.02513982089484514,-0.16653111234820223,0.011928951765995939,-0.0003016778507381417,0.09978154304194271,-0.0013322488987856178,0.55,0.012,0.65,0.008,nan,0.12035535621029833,0.12035535621029833,0.11965746421817049,0.11965746421817049,0.13774999976158142,-0.15324578733335173,-0.15324578733335173,-0.11568488774508608,-0.11568488774508608,-0.12608692049980164,0.13069944685529958,0.14120515918982188,0.13006910411522823,0.11001126556529708,0.12276861963503628,0.10924582432111274,-0.0105057123345223,-0.012757354069739199,-0.06792062881658932,-0.07973533331764704,-0.000630342740071338,-0.0007654412441843519,nan,1.0,0.0,-2.332,0.4011845207009945,3.184999942779541,1.0,0,1,1,0,0.5230966210365295,-9.849111557006836,2.7022415711205476,FOLLOW_MAIN,cascade_pd_tracking,follow_main,inner_wheel_pd,lidar_disabled,FOLLOW_MAIN,COMMITTED,HOLD,1,1,1,1,1,1,2,6.198883056640625e-05,0.41021084785461426,0.40657711029052734,0.40311765670776367,0.3991706371307373,0.39487123489379883,0.06822705100057647,0.008383108000998618
1784808935.0507643,13.960211515426636,16.6,0.0166,16.6,0.018993232669028776,18.993232669028774,0.018993232669028776,18.993232669028774,0.11800000000000001,0.1347661410693815,0.1347661410693815,-0.007460243129967989,-0.050837193077272184,0.010446277967965828,-8.952291755961587e-05,0.08759799169509798,-0.00040669754461817746,0.55,0.012,0.65,0.008,nan,0.12,0.12,0.1197189607220754,0.11972020725287455,0.12324999272823334,-0.1518563718167404,-0.1518563718167404,-0.11701493750616189,-0.11653940909018871,-0.06304344534873962,0.13025030509762997,0.12871517161700985,0.13025030509762997,0.10974969490237002,0.11911767083318998,0.10918761634652083,0.0,-0.009367975930819963,0.028982660640508532,0.0024470924515921835,0.0,-0.0005620785558491978,nan,1.0,0.0,-3.137,0.4,3.11899995803833,1.0,0,1,1,0,0.4787553548812866,-9.82628059387207,2.6685139274546645,FOLLOW_MAIN,cascade_pd_tracking,follow_main,inner_wheel_pd,lidar_disabled,FOLLOW_MAIN,COMMITTED,HOLD,1,1,1,1,1,1,2,0.007372140884399414,0.003705739974975586,0.000133514404296875,0.019014596939086914,0.015278100967407227,0.011532068252563477,0.08312465699964378,0.08130901000004087
1784808935.103483,14.012930154800415,16.6,0.0166,16.6,0.018993232669028776,18.993232669028774,0.018993232669028776,18.993232669028774,0.11800000000000001,0.1347661410693815,0.1347661410693815,-0.007460243129967989,-0.050837193077272184,0.010446277967965828,-8.952291755961587e-05,0.08759799169509798,-0.00040669754461817746,0.55,0.012,0.65,0.008,nan,0.12,0.12,0.12,0.12,0.11962500214576721,-0.15277899695705047,-0.15277899695705047,-0.11458424771778794,-0.11485900387794729,-0.22065214812755585,0.1303125822946009,0.13167450516903725,0.1303125822946009,0.10968741770539908,0.11178202179633208,0.10968741770539908,0.0,0.0,0.02227738196766534,0.05339250448392575,0.0,0.0,nan,1.0,0.0,-3.137,0.4,3.11899995803833,1.0,0,1,1,0,0.46992361545562744,-9.821487426757812,2.6443678691519588,FOLLOW_MAIN,cascade_pd_tracking,follow_main,inner_wheel_pd,lidar_disabled,FOLLOW_MAIN,COMMITTED,HOLD,1,1,1,1,1,1,2,0.01487874984741211,0.011275529861450195,0.007690906524658203,0.004142045974731445,0.00021266937255859375,0.018799543380737305,0.12259353300032672,0.03520248899985745
1784808935.521933,14.431380271911621,16.6,0.0166,16.6,0.018993232669028776,18.993232669028774,0.018993232669028776,18.993232669028774,0.11800000000000001,0.1347661410693815,0.1347661410693815,-0.007460243129967989,-0.050837193077272184,0.010446277967965828,-8.952291755961587e-05,0.08759799169509798,-0.00040669754461817746,0.55,0.012,0.65,0.008,nan,0.12,0.12,0.12,0.12,0.11962500214576721,-0.15277899695705047,-0.15277899695705047,-0.11458424771778794,-0.11485900387794729,-0.22065214812755585,0.1303125822946009,0.13167450516903725,0.1303125822946009,0.10968741770539908,0.11178202179633208,0.10968741770539908,0.0,0.0,0.02227738196766534,0.05339250448392575,0.0,0.0,nan,1.0,0.0,-3.137,0.4,3.11899995803833,1.0,0,1,1,0,0.46992361545562744,-9.821487426757812,2.6443678691519588,FOLLOW_MAIN,cascade_pd_tracking,follow_main,inner_wheel_pd,lidar_disabled,FOLLOW_MAIN,COMMITTED,HOLD,1,1,1,1,1,1,2,7.05718994140625e-05,0.42964673042297363,0.42606115341186523,0.42251157760620117,0.4185805320739746,0.4143376350402832,0.12259353300032672,0.03520248899985745
1784808935.5722127,14.481659889221191,20.1,0.0201,20.1,0.018526569029124584,18.526569029124584,0.018526569029124584,18.526569029124584,0.14200000000000002,0.13153596240316656,0.13153596240316656,0.002624475351814744,0.018214376365325965,0.010189612966018523,3.1493704221776926e-05,0.08549837556205826,0.00014571501092260772,0.55,0.012,0.65,0.008,nan,0.12,0.12,0.1203297721081213,0.1203297721081213,0.11237499862909317,-0.15342242673668732,-0.15342242673668732,-0.1187309545871967,-0.1187309545871967,-0.0945652425289154,0.1303560138047264,0.11936361020068288,0.131015558020969,0.1096439861952736,0.10796453380777417,0.1096439861952736,0.010992403604043507,0.0,0.026372690884623337,0.0021514739756562837,0.0006595442162426104,0.0,nan,1.0,0.0,-3.469,0.4,2.9779999256134033,1.0,0,1,1,0,0.42305758595466614,-9.793414115905762,2.593712503045734,FOLLOW_MAIN,cascade_pd_tracking,follow_main,inner_wheel_pd,lidar_disabled,FOLLOW_MAIN,COMMITTED,UNKNOWN,1,1,1,1,1,1,1,0.014667749404907227,0.011195182800292969,0.007600545883178711,0.0040209293365478516,0.00014281272888183594,0.018672943115234375,0.09041178499865055,0.04973115000029793
1784808935.9951386,14.904585838317871,20.6,0.0206,20.6,0.019472521312831594,19.472521312831592,0.019472521312831594,19.472521312831592,0.146,0.13782697894265503,0.13782697894265503,0.005063732777060457,0.03419458133436606,0.010709886722057377,6.076479332472549e-05,0.08958753631272577,0.0002735566506749285,0.55,0.012,0.65,0.008,nan,0.12,0.12,0.12032617497923932,0.12033943936343248,0.11599999666213989,-0.15820108246664652,-0.15820108246664652,-0.12227497828597736,-0.1224188334651693,-0.0630435049533844,0.13067857306649863,0.11980607375852104,0.1313309230249773,0.10932142693350136,0.10983993261027028,0.10932142693350136,0.010872499307977596,0.0,0.01920007903416038,0.0016485461264100902,0.0006523499584786557,0.0,nan,1.0,0.0,-3.6159999999999997,0.4,2.9590001106262207,1.0,0,1,1,0,0.41531282663345337,-9.788515090942383,2.5776049529525085,FOLLOW_MAIN,cascade_pd_tracking,follow_main,inner_wheel_pd,lidar_disabled,FOLLOW_MAIN,COMMITTED,UNKNOWN,1,1,1,1,1,1,1,6.651878356933594e-05,0.39383530616760254,0.4119300842285156,0.4085676670074463,0.3901355266571045,0.38619518280029297,0.0384202830009599,0.007416719001412275
1784808936.0487282,14.958175420761108,22.700000000000003,0.0227,22.700000000000003,0.02143139546646964,21.431395466469638,0.02143139546646964,21.431395466469638,0.161,0.15201496251581684,0.15201496251581684,0.007745243606577889,0.05513748370724593,0.011787267506558303,9.294292327893468e-05,0.09880972563528095,0.00044109986965796747,0.55,0.012,0.65,0.008,nan,0.12,0.12,0.12040714489862975,0.12040714510058115,0.10875000059604645,-0.16873014182134047,-0.16873014182134047,-0.1310714385730027,-0.13107151561371702,-0.1260869801044464,0.13138928457294047,0.11781778795194814,0.1322035743702,0.10861071542705951,0.10525463182183531,0.10861071542705951,0.01357149662099233,0.0,0.03679100433251198,9.74843003478865e-05,0.0008142897972595397,0.0,nan,1.0,0.0,-4.119999999999999,0.4,2.8369998931884766,1.0,0,1,1,0,0.3754733204841614,-9.762507438659668,2.5572745389468405,FOLLOW_MAIN,cascade_pd_tracking,follow_main,inner_wheel_pd,lidar_disabled,FOLLOW_MAIN,COMMITTED,UNKNOWN,1,1,1,1,1,1,1,0.018177032470703125,0.014693975448608398,0.01121068000793457,0.007831573486328125,0.0041162967681884766,0.00014472007751464844,0.2611137650001183,0.025546639999447507
1784808936.1024778,15.011924982070923,22.700000000000003,0.0227,22.700000000000003,0.02143139546646964,21.431395466469638,0.02143139546646964,21.431395466469638,0.161,0.15201496251581684,0.15201496251581684,0.007745243606577889,0.05513748370724593,0.011787267506558303,9.294292327893468e-05,0.09880972563528095,0.00044109986965796747,0.55,0.012,0.65,0.008,nan,0.12,0.12,0.12030202734575657,0.12040714555699028,0.11599999666213989,-0.168730553935589,-0.168730553935589,-0.12990377484898694,-0.13107168972534344,-0.12608690559864044,0.13138931239065224,0.12132173419876649,0.13199336708216539,0.10861068760934774,0.10642443248389458,0.10861068760934774,0.010067578191885751,0.0,0.000566723866317724,5.9464480205702424e-05,0.0006040546915131451,0.0,nan,1.0,0.0,-4.119999999999999,0.4,2.8369998931884766,1.0,0,1,1,0,0.36723843216896057,-9.756876945495605,2.5309855143001787,FOLLOW_MAIN,cascade_pd_tracking,follow_main,inner_wheel_pd,lidar_disabled,FOLLOW_MAIN,COMMITTED,UNKNOWN,1,1,1,1,1,1,1,0.04985642433166504,0.000156402587890625,0.015618085861206055,0.012097358703613281,0.008121252059936523,0.0042285919189453125,0.33526059200085,0.010734385999967344
1784808936.5300004,15.43944764137268,22.700000000000003,0.0227,22.700000000000003,0.02143139546646964,21.431395466469638,0.02143139546646964,21.431395466469638,0.161,0.15201496251581684,0.15201496251581684,0.007745243606577889,0.05513748370724593,0.011787267506558303,9.294292327893468e-05,0.09880972563528095,0.00044109986965796747,0.55,0.012,0.65,0.008,nan,0.12,0.12,0.12030202734575657,0.12030202734575657,0.11599999666213989,-0.168730553935589,-0.168730553935589,-0.12990377484898694,-0.12990377484898694,-0.12608690559864044,0.13138931239065224,0.12132173419876649,0.13199336708216539,0.10861068760934774,0.10642443248389458,0.10861068760934774,0.010067578191885751,0.0,0.000566723866317724,5.9464480205702424e-05,0.0006040546915131451,0.0,nan,1.0,0.0,-4.119999999999999,0.4,2.8369998931884766,1.0,0,1,1,0,0.36723843216896057,-9.756876945495605,2.5309855143001787,FOLLOW_MAIN,cascade_pd_tracking,follow_main,inner_wheel_pd,lidar_disabled,FOLLOW_MAIN,COMMITTED,UNKNOWN,1,1,1,1,1,1,1,7.104873657226562e-05,0.4276418685913086,0.4240739345550537,0.4206728935241699,0.4356050491333008,0.43171215057373047,0.33526059200085,0.010734385999967344
1784808936.580737,15.490184307098389,18.5,0.0185,18.5,0.0194453161357425,19.4453161357425,0.0194453161357425,19.4453161357425,0.131,0.13777734157219498,0.13777734157219498,-0.0064534365358471235,-0.04575048129936851,0.010694923874658377,-7.744123843016548e-05,0.08955527202192674,-0.0003660038503949481,0.55,0.012,0.65,0.008,nan,0.12,0.12,0.12,0.12,0.13049998879432678,-0.15740674038664726,-0.15740674038664726,-0.11805505528998549,-0.11805505528998549,-0.12608693540096283,0.1306249549760987,0.13029821190941612,0.1306249549760987,0.1093750450239013,0.11277942721011468,0.1093750450239013,0.0,0.0,-0.02274530596250512,2.767909317763628e-06,0.0,0.0,nan,1.0,0.0,-4.938,0.4,2.9210000038146973,1.0,0,1,1,0,0.328355997800827,-9.728548049926758,2.488147436220252,FOLLOW_MAIN,cascade_pd_tracking,follow_main,inner_wheel_pd,lidar_disabled,FOLLOW_MAIN,COMMITTED,HOLD,1,1,1,1,1,1,2,0.007737159729003906,0.004079103469848633,0.023005247116088867,0.019532203674316406,0.00021791458129882812,0.011787891387939453,0.0576121289996081,0.07021805099975609
1784808937.0045605,15.914007663726807,16.7,0.0167,16.7,0.017345457842069863,17.345457842069862,0.017345457842069863,17.345457842069862,0.11900000000000001,0.12351287913664359,0.12351287913664359,-0.005066819398967653,-0.03447783836648484,0.009540001813138426,-6.080183278761184e-05,0.08028337143881834,-0.0002758227069318787,0.55,0.012,0.65,0.008,nan,0.12,0.12,0.12,0.12,0.11599999666213989,-0.14708674844576552,-0.14708674844576552,-0.11031506133432406,-0.11612181491341264,-0.0630435049533844,0.12992835552008916,0.12408485166188002,0.12992835552008916,0.11007164447991083,0.11220883766156622,0.11007164447991083,0.0,0.0,-0.0012108250573033604,1.4734705982044866e-07,0.0,0.0,nan,1.0,0.0,-6.167,0.4,2.9100000858306885,1.0,0,1,1,0,0.28597337007522583,-9.693848609924316,2.477681830628068,FOLLOW_MAIN,cascade_pd_tracking,follow_main,inner_wheel_pd,lidar_disabled,FOLLOW_MAIN,COMMITTED,HOLD,1,1,1,1,1,1,2,0.3950526714324951,9.226799011230469e-05,0.4092681407928467,0.4055755138397217,0.4020559787750244,0.3986811637878418,0.0848036380011763,0.05076913100128877
1784808937.055075,15.964522123336792,16.7,0.0167,16.7,0.017345457842069863,17.345457842069862,0.017345457842069863,17.345457842069862,0.11900000000000001,0.12351287913664359,0.12351287913664359,-0.005066819398967653,-0.03447783836648484,0.009540001813138426,-6.080183278761184e-05,0.08028337143881834,-0.0002758227069318787,0.55,0.012,0.65,0.008,nan,0.12,0.12,0.12,0.12,0.11599999666213989,-0.14708674849757875,-0.14708674849757875,-0.11031506137318402,-0.11031506137318402,-0.0630435049533844,0.12992835552358656,0.12408485166188002,0.12992835552358656,0.11007164447641343,0.11220883766156622,0.11007164447641343,0.0,0.0,-0.001018495202307516,1.239421604269347e-07,0.0,0.0,nan,1.0,0.0,-6.167,0.4,2.88700008392334,1.0,0,1,1,0,0.28597337007522583,-9.693848609924316,2.45044682642922,FOLLOW_MAIN,cascade_pd_tracking,follow_main,inner_wheel_pd,lidar_disabled,FOLLOW_MAIN,COMMITTED,HOLD,1,1,1,1,1,1,2,6.794929504394531e-05,0.015280485153198242,0.029874324798583984,0.011571884155273438,0.007750272750854492,0.003762960433959961,0.11074999999982538,0.07671549299993785
1784808937.1064444,16.015891551971436,16.1,0.0161,16.1,0.016846035432065094,16.846035432065094,0.016846035432065094,16.846035432065094,0.114,0.12002104306683126,0.12002104306683126,-0.0042791743233301024,-0.029408490590603485,0.009265319487635803,-5.135009187996123e-05,0.07801367799344032,-0.00023526792472482788,0.55,0.012,0.65,0.008,nan,0.12,0.12,0.12,0.12,0.12325000762939453,-0.14459237932801594,-0.14459237932801594,-0.10844428449601198,-0.10844428451155981,-0.18913047015666962,0.12975998560464108,0.13005785142172516,0.12975998560464108,0.11024001439535892,0.11134521835889817,0.11024001439535892,0.0,0.0,-0.0007088479347961496,8.626073471309214e-08,0.0,0.0,nan,1.0,0.0,-6.348,0.4,2.88700008392334,1.0,0,1,1,0,0.27851781249046326,-9.687396049499512,2.4130627838804815,FOLLOW_MAIN,cascade_pd_tracking,follow_main,inner_wheel_pd,lidar_disabled,FOLLOW_MAIN,COMMITTED,HOLD,1,1,1,1,1,1,2,0.014119625091552734,0.010620832443237305,0.025076627731323242,0.0071756839752197266,0.003572225570678711,7.081031799316406e-05,0.01650501299991447,0.04775761400014744
1784808937.5216632,16.431110382080078,10.9,0.0109,10.9,0.012809948174898837,12.809948174898837,0.012809948174898837,12.809948174898837,0.078,0.09145470279952428,0.09145470279952428,-0.009470348414613727,-0.06639379700063769,0.007045471496194361,-0.00011364418097536472,0.059445556819690784,-0.0005311503760051015,0.55,0.012,0.65,0.008,nan,0.12,0.12,0.12,0.12,0.11962499469518661,-0.12344623375540711,-0.12344623375540711,-0.09258467531655533,-0.10844428451155981,-0.09456518292427063,0.12833262077848998,0.12514178735256098,0.12833262077848998,0.11166737922151002,0.1118960248102685,0.11166737922151002,0.0,0.0,-3.780703028727154e-05,0.005329758773932723,0.0,0.0,nan,1.0,0.0,-6.5649999999999995,0.4,2.8429999351501465,1.0,0,1,1,0,0.24180151522159576,-9.65364933013916,2.4130627838804815,FOLLOW_MAIN,cascade_pd_tracking,follow_main,inner_wheel_pd,lidar_disabled,FOLLOW_MAIN,COMMITTED,UNKNOWN,1,1,1,1,1,1,1,0.41163158416748047,7.05718994140625e-05,0.440293550491333,0.4223926067352295,0.4187891483306885,0.41528773307800293,0.033238211000934825,0.0734090500009188
1784808937.5726266,16.48207378387451,10.9,0.0109,10.9,0.012809948174898837,12.809948174898837,0.012809948174898837,12.809948174898837,0.078,0.09145470279952428,0.09145470279952428,-0.009470348414613727,-0.06639379700063769,0.007045471496194361,-0.00011364418097536472,0.059445556819690784,-0.0005311503760051015,0.55,0.012,0.65,0.008,nan,0.12,0.12,0.12,0.12,0.11600000411272049,-0.12344623375641252,-0.12344623375641252,-0.09258467531730935,-0.09258467531698977,-0.18913044035434723,0.12833262077855784,0.12695796504911236,0.12833262077855784,0.11166737922144215,0.10755550088184172,0.11166737922144215,0.0,0.0,-2.8828405556385345e-05,0.004064017889931025,0.0,0.0,nan,1.0,0.0,-6.5649999999999995,0.4,2.8429999351501465,1.0,0,1,1,0,0.2347913235425949,-9.646881103515625,2.3825814308302036,FOLLOW_MAIN,cascade_pd_tracking,follow_main,inner_wheel_pd,lidar_disabled,FOLLOW_MAIN,COMMITTED,UNKNOWN,1,1,1,1,1,1,1,0.0038166046142578125,0.0001468658447265625,0.019385099411010742,0.015809059143066406,0.011899948120117188,0.007881641387939453,0.07390829100040719,0.030641823999758344
1784808938.0063875,16.915834665298462,9.5,0.0095,9.5,0.011656687252294406,11.656687252294407,0.0,0.0,0.068,0.08333051222311261,0.08333051222311261,-0.0507237893890924,-0.07322809884287144,0.0,-0.0006086854726691088,0.054164832945023195,-0.0005858247907429715,0.55,0.012,0.65,0.008,nan,0.12,0.12,0.12,0.12,0.11600000411272049,-0.11057032267984915,-0.11057032267984915,-0.08292774200988678,-0.08292774200962835,-0.18913044035434723,0.1274634967808898,0.12695796504911236,0.1274634967808898,0.11253650321911018,0.10755550088184172,0.11253650321911018,0.0,0.0,-2.1845282735042523e-05,0.0030795882787263596,0.0,0.0,nan,1.0,0.0,-6.483999999999999,0.4,2.8299999237060547,1.0,0,1,1,0,0.2347913235425949,-9.646881103515625,2.3578993807559354,FOLLOW_MAIN,cascade_pd_tracking,follow_main,inner_wheel_pd,lidar_disabled,FOLLOW_MAIN,COMMITTED,UNKNOWN,1,1,1,1,1,1,1,0.3985116481781006,0.3949153423309326,8.344650268554688e-05,0.4265308380126953,0.40668177604675293,0.4026608467102051,0.02292658500118705,0.0722482540004421
1784808938.0598729,16.969320058822632,4.5,0.0045,4.5,0.006043435757649746,6.043435757649745,0.0,0.0,0.032,0.04313649323443626,0.04313649323443626,-0.008298968722340505,-0.08706886886069393,0.0,-9.958762466808606e-05,0.02803872060238357,-0.0006965509508855514,0.55,0.012,0.65,0.008,nan,0.12,0.12,0.12,0.12,0.11962500214576721,-0.08484258202678405,-0.08484258202678405,-0.06363193652008804,-0.06363193652008804,-0.09456522762775421,0.12572687428680793,0.12620199516830416,0.12572687428680793,0.11427312571319208,0.11573838090545222,0.11427312571319208,0.0,0.0,-1.1800395227532028e-06,0.00016635334624784558,0.0,0.0,nan,1.0,0.0,-6.292,0.4,2.5969998836517334,1.0,0,1,1,0,0.19551141560077667,-9.606239318847656,2.3273551509783412,FOLLOW_MAIN,cascade_pd_tracking,follow_main,inner_wheel_pd,lidar_disabled,FOLLOW_MAIN,COMMITTED,UNKNOWN,1,1,1,1,1,1,1,0.007213115692138672,0.003719806671142578,0.022002458572387695,0.01856088638305664,0.00011372566223144531,0.011052131652832031,0.026228842998534674,0.03230680399974517
1784808938.1126103,17.02205753326416,2.4000000000000004,0.0024000000000000002,2.4000000000000004,0.0051960177701681105,5.196017770168111,0.0,0.0,0.017,0.0370220406972608,0.0370220406972608,-0.005955419592900549,-0.08416254784946181,0.0,-7.146503511480659e-05,0.024064326453219518,-0.0006733003827956945,0.55,0.012,0.65,0.008,nan,0.12,0.12,0.12,0.12,0.13050000369548798,-0.08091956103528142,-0.08091956103528142,-0.060689670776461105,-0.06363193652009776,-0.06304347515106201,0.1254620703698815,0.1305307639982674,0.1254620703698815,0.1145379296301185,0.12105540465201574,0.1145379296301185,0.0,0.0,-7.857324217205011e-07,0.00011076681338915264,0.0,0.0,nan,1.0,0.0,-6.182,0.4,2.749000072479248,1.0,0,1,1,0,0.18797799944877625,-9.598097801208496,2.317394001369228,FOLLOW_MAIN,cascade_pd_tracking,follow_main,inner_wheel_pd,lidar_disabled,FOLLOW_MAIN,COMMITTED,UNKNOWN,1,1,1,1,1,1,1,0.003823995590209961,0.000156402587890625,0.015695571899414062,0.03438258171081543,0.011645078659057617,0.0077021121978759766,0.007592775999000878,0.00866283100003784
1784808938.5284789,17.437926054000854,2.4000000000000004,0.0024000000000000002,2.4000000000000004,0.0051960177701681105,5.196017770168111,0.0,0.0,0.017,0.0370220406972608,0.0370220406972608,-0.005955419592900549,-0.08416254784946181,0.0,-7.146503511480659e-05,0.024064326453219518,-0.0006733003827956945,0.55,0.012,0.65,0.008,nan,0.12,0.12,0.12,0.11970218557586751,0.13050000369548798,-0.08091956103528142,-0.08091956103528142,-0.060689670776461105,-0.025773703561301962,-0.06304347515106201,0.1254620703698815,0.1305307639982674,0.1254620703698815,0.1145379296301185,0.12105540465201574,0.1145379296301185,0.0,0.0,-7.857324217205011e-07,0.00011076681338915264,0.0,0.0,nan,1.0,0.0,-6.182,0.4,2.749000072479248,1.0,0,1,1,0,0.18797799944877625,-9.598097801208496,2.317394001369228,FOLLOW_MAIN,cascade_pd_tracking,follow_main,inner_wheel_pd,lidar_disabled,FOLLOW_MAIN,COMMITTED,UNKNOWN,1,1,1,1,1,1,1,0.41968727111816406,0.4160189628601074,0.43155789375305176,0.00014972686767578125,0.4275059700012207,0.42356252670288086,0.007592775999000878,0.00866283100003784
1784808938.5786254,17.488072633743286,-13.700000000000001,-0.0137,-13.700000000000001,-0.005168311013115087,-5.168311013115087,0.0,0.0,-0.097,-0.03687308322723244,-0.03687308322723244,-0.00099043500348242,-0.1618044527677097,0.0,-1.1885220041789042e-05,-0.023967504097701087,-0.0012944356221416776,0.55,0.012,0.65,0.008,nan,0.12,0.12,0.11968912264802475,0.11968912264802475,0.12687499821186066,-0.03232617506011484,-0.03232617506011484,-0.02079043849536109,-0.02079043849536109,-0.09456522762775421,0.12218201681655774,0.1325445952157328,0.12156026211260725,0.11781798318344225,0.1194080408548438,0.11781798318344225,-0.010362578399175065,0.0,-0.04355625894098446,0.0020227958712104597,-0.0006217547039505039,0.0,nan,1.0,0.0,-5.367999999999999,0.4,2.697999954223633,1.0,0,1,1,0,0.15502548217773438,-9.561164855957031,2.2997423965854944,FOLLOW_MAIN,cascade_pd_tracking,follow_main,inner_wheel_pd,lidar_disabled,FOLLOW_MAIN,COMMITTED,HOLD,1,1,1,1,1,1,2,0.007062196731567383,0.003606081008911133,0.00012755393981933594,0.018651962280273438,0.014842987060546875,0.010992765426635742,0.03698156199970981,0.07296351399963896
1784808939.0130646,17.92251181602478,-13.700000000000001,-0.0137,-13.700000000000001,-0.005168311013115087,-5.168311013115087,0.0,0.0,-0.097,-0.03687308322723244,-0.03687308322723244,-0.00099043500348242,-0.1618044527677097,0.0,-1.1885220041789042e-05,-0.023967504097701087,-0.0012944356221416776,0.55,0.012,0.65,0.008,nan,0.12,0.12,0.12,0.12,0.11237500607967377,-0.032326175060114926,-0.032326175060114926,-0.02424463129508623,-0.02424463129508623,-0.09456522762775421,0.12218201681655776,0.12606517821400479,0.12218201681655776,0.11781798318344223,0.113102635122475,0.11781798318344223,0.0,0.0,0.026531931323877815,0.0017771135537855921,0.0,0.0,nan,1.0,0.0,-5.367999999999999,0.4,2.697999954223633,1.0,0,1,1,0,0.1493556797504425,-9.55448055267334,2.2668664511171404,FOLLOW_MAIN,cascade_pd_tracking,follow_main,inner_wheel_pd,lidar_disabled,FOLLOW_MAIN,COMMITTED,HOLD,1,1,1,1,1,1,2,0.4030625820159912,0.41507482528686523,0.4345204830169678,0.43082118034362793,0.39914774894714355,6.508827209472656e-05,0.056405092000204604,0.016205068000999745
1784808939.0649436,17.974390745162964,-18.6,-0.018600000000000002,-18.6,-0.016078961856536192,-16.078961856536193,-0.016078961856536192,-16.078961856536193,-0.132,-0.11420658442485679,-0.11420658442485679,-0.023223094704801592,-0.1333958678823925,-0.008843429021094907,-0.0002786771364576191,-0.07423427987615691,-0.00106716694305914,0.55,0.012,0.65,0.008,nan,0.12,0.12,0.12,0.12,0.11962500214576721,0.026823552976768604,0.026823552976768604,0.02011766473257644,0.02011766473257644,0.0315217524766922,0.11818941017406812,0.12243508570376631,0.11818941017406812,0.12181058982593188,0.12114210175842281,0.12181058982593188,0.0,0.0,0.0334951533416096,7.25925511078106e-05,0.0,0.0,nan,1.0,0.0,-4.633,0.4,2.624000072479248,1.0,0,1,1,0,0.11737220734357834,-9.515405654907227,2.25671640725422,FOLLOW_MAIN,cascade_pd_tracking,follow_main,inner_wheel_pd,lidar_disabled,FOLLOW_MAIN,COMMITTED,UNKNOWN,1,1,1,1,1,1,1,0.0039446353912353516,0.00022268295288085938,0.01922321319580078,0.015631914138793945,0.011875391006469727,0.00796365737915039,0.08062101100040309,0.0893948779994389
1784808939.1166506,18.026097774505615,-20.900000000000002,-0.020900000000000002,-20.900000000000002,-0.017550070805186366,-17.550070805186365,-0.017550070805186366,-17.550070805186365,-0.148,-0.12458962957929451,-0.12458962957929451,-0.021257298518467874,-0.1288515703709102,-0.009652538942852503,-0.0002550875822216145,-0.08098325922654143,-0.0010308125629672816,0.55,0.012,0.65,0.008,nan,0.12,0.12,0.12,0.12,0.11962500214576721,0.034321698314582816,0.034321698314582816,0.02574127373593712,0.02574127373593712,0.0315217524766922,0.11768328536376566,0.12243508570376631,0.11768328536376566,0.12231671463623434,0.12114210175842281,0.12231671463623434,0.0,0.0,0.025673056891325263,5.564007053408821e-05,0.0,0.0,nan,1.0,0.0,-4.582999999999999,0.4,2.6470000743865967,1.0,0,1,1,0,0.11737220734357834,-9.515405654907227,2.24886764764329,FOLLOW_MAIN,cascade_pd_tracking,follow_main,inner_wheel_pd,lidar_disabled,FOLLOW_MAIN,COMMITTED,UNKNOWN,1,1,1,1,1,1,1,0.010727405548095703,0.007153749465942383,0.003647327423095703,0.0001323223114013672,0.018765926361083984,0.014800310134887695,0.032920008001383394,0.12928868000017246
1784808939.526444,18.435891151428223,-20.900000000000002,-0.020900000000000002,-20.900000000000002,-0.017550070805186366,-17.550070805186365,-0.017550070805186366,-17.550070805186365,-0.148,-0.12458962957929451,-0.12458962957929451,-0.021257298518467874,-0.1288515703709102,-0.009652538942852503,-0.0002550875822216145,-0.08098325922654143,-0.0010308125629672816,0.55,0.012,0.65,0.008,nan,0.12,0.12,0.12,0.12,0.11962500214576721,0.034321698314582816,0.034321698314582816,0.02574127373593712,0.02574127373593712,0.0315217524766922,0.11768328536376566,0.12243508570376631,0.11768328536376566,0.12231671463623434,0.12114210175842281,0.12231671463623434,0.0,0.0,0.025673056891325263,5.564007053408821e-05,0.0,0.0,nan,1.0,0.0,-4.582999999999999,0.4,2.6470000743865967,1.0,0,1,1,0,0.11737220734357834,-9.515405654907227,2.2420269807097557,FOLLOW_MAIN,cascade_pd_tracking,follow_main,inner_wheel_pd,lidar_disabled,FOLLOW_MAIN,COMMITTED,UNKNOWN,1,1,1,1,1,1,1,0.42047834396362305,0.4169037342071533,0.41339659690856934,0.4098813533782959,9.441375732421875e-05,0.4245479106903076,0.032920008001383394,0.12928868000017246
1784808939.5773396,18.48678684234619,-69.8,-0.0698,-69.8,-0.05557022446967955,-55.570224469679545,-0.05557022446967955,-55.570224469679545,-0.463,-0.32983299572797975,-0.32983299572797975,-0.10653211430352001,-0.5525975358126414,-0.030563623458323752,-0.0012783853716422401,-0.21439144722318684,-0.004420780286501131,0.55,0.012,0.65,0.008,nan,0.12,0.12,0.11996970372073934,0.11996970372073934,0.11237499862909317,0.19305423633965396,0.12958180558759536,0.10433492372763217,0.10433492372763217,-0.031521737575531006,0.1112532281228373,0.12248102041591848,0.11057956058525244,0.12874677187716269,0.11852885555943703,0.12935984685622623,-0.01122779229308117,0.010217916317725659,0.01594445584698953,0.056763434769012355,-0.0006736675375848703,0.0006130749790635395,nan,1.0,0.0,-4.821,0.4,2.6089999675750732,1.0,0,1,1,0,0.07405533641576767,-9.461021423339844,2.239379549096353,FOLLOW_MAIN,cascade_pd_tracking,follow_main,inner_wheel_pd,lidar_disabled,FOLLOW_MAIN,COMMITTED,HOLD,1,1,1,1,1,1,2,0.00014448165893554688,0.01851940155029297,0.014986038208007812,0.011477947235107422,0.007763862609863281,0.0041468143463134766,0.014298587999292067,0.032230361000983976
1784808939.9958813,18.905328512191772,-69.8,-0.0698,-69.8,-0.05557022446967955,-55.570224469679545,-0.05557022446967955,-55.570224469679545,-0.463,-0.32983299572797975,-0.32983299572797975,-0.10653211430352001,-0.5525975358126414,-0.030563623458323752,-0.0012783853716422401,-0.21439144722318684,-0.004420780286501131,0.55,0.012,0.65,0.008,nan,0.12,0.12,0.12049228409229568,0.12049228409229568,0.10512500256299973,0.19305423633965396,0.1475421412377456,0.11612642917603894,0.11612642917603894,0.031521737575531006,0.11004090546645216,0.11387753993321972,0.11004090546645216,0.12995909453354781,0.11354962479035863,0.13094366271813918,0.0,0.016409469743189187,0.0827843845379547,0.08168287119283654,0.0,0.0009845681845913512,nan,1.0,0.0,-4.821,0.4,2.546999931335449,1.0,0,1,1,0,0.06913571059703827,-9.454726219177246,2.234147682386445,FOLLOW_MAIN,cascade_pd_tracking,follow_main,inner_wheel_pd,lidar_disabled,FOLLOW_MAIN,COMMITTED,HOLD,1,1,1,1,1,1,2,6.699562072753906e-05,0.3920323848724365,0.3885655403137207,0.38503241539001465,0.38085103034973145,0.37685179710388184,0.054210444999625906,0.0022265730003709905
1784808940.0462785,18.95572566986084,-70.5,-0.0705,-70.5,-0.07471104074265636,-74.71104074265637,-0.07471104074265636,-74.71104074265637,-0.467,-0.48284328988681535,-0.48284328988681535,-0.0572849422305873,-0.42210760815904924,-0.041091072408461,-0.0006874193067670476,-0.31384813842643,-0.003376860865272394,0.55,0.012,0.65,0.008,nan,0.12,0.12,0.12026201666756607,0.11999107216582056,0.11599999666213989,0.3014034910069305,0.3014034910069305,0.23994922908986155,0.24053578107301177,0.0,0.09965526435703219,0.11613323614959302,0.09866658604947853,0.14034473564296782,0.11513287493153808,0.1418574472856536,-0.01647797179256083,0.025211860711429737,-0.013892383931286128,0.015677817286274376,-0.0009886783075536499,0.0015127116426857843,nan,1.0,0.0,-4.686,0.4,2.5510001182556152,1.0,0,1,1,0,0.04672118276357651,-9.42599868774414,2.230994897913345,FOLLOW_MAIN,cascade_pd_tracking,follow_main,inner_wheel_pd,lidar_disabled,FOLLOW_MAIN,COMMITTED,UNKNOWN,1,1,1,1,1,1,1,0.018985748291015625,0.015233039855957031,0.011459112167358398,0.00787806510925293,0.004075288772583008,0.0001747608184814453,0.1514236549992347,0.10580850299993472
1784808940.097906,19.00735330581665,-92.5,-0.0925,-92.5,-0.07494429062472281,-74.94429062472281,-0.07494429062472281,-74.94429062472281,-0.584,-0.49023464870207223,-0.49023464870207223,-0.029554392292395714,-0.2348780263835571,-0.04121935984359755,-0.0003546527075087486,-0.31865252165634694,-0.0018790242110684567,0.55,0.012,0.65,0.008,nan,0.12,0.12,0.11999107216582056,0.11999107216582056,0.12325000762939453,0.3045055584185217,0.3045055584185217,0.24053578107301177,0.24053578107301177,0.0630435049533844,0.09944587480674978,0.11782959043175446,0.0983428518692495,0.14055412519325022,0.12246800404089357,0.14163929246239162,-0.018383715625004682,0.018086121152356652,-0.018919198857345804,-0.02374939851870023,-0.001103022937500281,0.001085167269141399,nan,1.0,0.0,-4.805,0.4,2.5510001182556152,1.0,0,1,1,0,0.03954051434993744,-9.416749954223633,2.236983904166973,FOLLOW_MAIN,cascade_pd_tracking,follow_main,inner_wheel_pd,lidar_disabled,FOLLOW_MAIN,COMMITTED,HOLD,1,1,1,1,1,1,2,0.010745525360107422,0.0071833133697509766,0.0037419795989990234,0.021703481674194336,0.018141746520996094,7.939338684082031e-05,0.04140757900131575,0.052576093999959994
1784808940.5261986,19.435645818710327,-153.5,-0.1535,-153.5,-0.12005778066722733,-120.05778066722733,-0.12005778066722733,-120.05778066722733,-0.8310000000000001,-0.7041020196643897,-0.7041020196643897,-0.11699258259912138,-0.5471028238687387,-0.06603177936697503,-0.0014039109911894564,-0.4576663127818533,-0.0043768225909499095,0.55,0.012,0.65,0.008,nan,0.12,0.12,0.12031052578009427,0.12010119944542556,0.11599999666213989,0.4,0.4,0.3173510341308225,0.24121980188995695,0.0,0.093,0.11385112152799597,0.09174893270832024,0.147,0.11579801913552819,0.1488721188518683,-0.020851121527995967,0.031201980864471804,-0.009736405302129825,0.040987336226569034,-0.001251067291679758,0.0018721188518683082,nan,1.0,0.0,-3.9899999999999998,0.4,2.4560000896453857,1.0,0,1,1,0,0.0031613274477422237,-9.371552467346191,2.236983904166973,FOLLOW_MAIN,cascade_pd_tracking,follow_main,inner_wheel_pd,lidar_disabled,FOLLOW_MAIN,COMMITTED,HOLD,1,1,1,1,1,1,2,0.4037485122680664,6.937980651855469e-05,0.4175376892089844,0.4142918586730957,0.41089367866516113,0.42836499214172363,0.04066811699885875,0.017348216999380384
1784808940.5772023,19.48664951324463,-153.5,-0.1535,-153.5,-0.12005778066722733,-120.05778066722733,-0.12005778066722733,-120.05778066722733,-0.8310000000000001,-0.7041020196643897,-0.7041020196643897,-0.11699258259912138,-0.5471028238687387,-0.06603177936697503,-0.0014039109911894564,-0.4576663127818533,-0.0043768225909499095,0.55,0.012,0.65,0.008,nan,0.12,0.12,0.12031052578009427,0.12031052578009427,0.11599999666213989,0.4,0.4,0.3173510341308225,0.3173510341308225,0.0,0.093,0.11385112152799597,0.09174893270832024,0.147,0.11579801913552819,0.1488721188518683,-0.020851121527995967,0.031201980864471804,-0.007368596525823641,0.031019573851942647,-0.001251067291679758,0.0018721188518683082,nan,1.0,0.0,-3.9899999999999998,0.4,2.4560000896453857,1.0,0,1,1,0,0.0031613274477422237,-9.371552467346191,2.254919721053049,FOLLOW_MAIN,cascade_pd_tracking,follow_main,inner_wheel_pd,lidar_disabled,FOLLOW_MAIN,COMMITTED,HOLD,1,1,1,1,1,1,2,0.007093191146850586,0.003558635711669922,0.0001220703125,0.018898963928222656,0.015071392059326172,0.01108694076538086,0.08246482599861338,0.05914492599913501
1784808941.0349123,19.94435954093933,-153.5,-0.1535,-153.5,-0.12005778066722733,-120.05778066722733,-0.12005778066722733,-120.05778066722733,-0.8310000000000001,-0.7041020196643897,-0.7041020196643897,-0.11699258259912138,-0.5471028238687387,-0.06603177936697503,-0.0014039109911894564,-0.4576663127818533,-0.0043768225909499095,0.55,0.012,0.65,0.008,nan,0.12,0.12,0.12031052578009427,0.12031052578009427,0.11599999666213989,0.4,0.4,0.3173510341308225,0.3173510341308225,0.0,0.093,0.11385112152799597,0.09174893270832024,0.147,0.11579801913552819,0.1488721188518683,-0.020851121527995967,0.031201980864471804,-0.005607348431076109,0.023605249406961907,-0.001251067291679758,0.0018721188518683082,nan,1.0,0.0,-3.9899999999999998,0.4,2.434999942779541,1.0,0,1,1,0,0.0031613274477422237,-9.371552467346191,2.2575356290900284,FOLLOW_MAIN,cascade_pd_tracking,follow_main,inner_wheel_pd,lidar_disabled,FOLLOW_MAIN,COMMITTED,HOLD,1,1,1,1,1,1,2,0.4264993667602539,0.42288684844970703,0.4192335605621338,0.41576600074768066,0.41196417808532715,0.00010919570922851562,0.1234372210001311,0.10011732100065274
1784808941.0878983,19.997345447540283,-123.4,-0.12340000000000001,-123.4,-0.13726936689858105,-137.26936689858104,-0.13726936689858105,-137.26936689858104,-0.722,-0.7740034682188734,-0.7740034682188734,0.028173704083649838,0.07621873792739536,-0.07549815179421958,0.00033808444900379806,-0.5031022543422677,0.000609749903419163,0.55,0.012,0.65,0.008,nan,0.12,0.12,0.1200207968692715,0.1200207968692715,0.10875000059604645,0.4,0.4,0.31354178078385836,0.31354178078385836,0.1260869801044464,0.093,0.11296605668792918,0.09180203659872425,0.147,0.1263407143363536,0.14823955713981876,-0.019966056687929182,0.020659285663646387,0.026115518102788605,0.021935184416911124,-0.001197963401275751,0.0012395571398187831,nan,1.0,0.0,-3.739,0.4,2.364000082015991,1.0,0,1,1,0,-0.03520926833152771,-9.32705020904541,2.296748840951135,FOLLOW_MAIN,cascade_pd_tracking,follow_main,inner_wheel_pd,lidar_disabled,FOLLOW_MAIN,COMMITTED,HOLD,1,1,1,1,1,1,2,0.007065534591674805,0.02478504180908203,0.021372556686401367,0.018029212951660156,0.003523588180541992,5.8650970458984375e-05,0.006173923999085673,0.078556178999861
1784808941.5524683,20.461915493011475,-123.4,-0.12340000000000001,-123.4,-0.13726936689858105,-137.26936689858104,-0.13726936689858105,-137.26936689858104,-0.722,-0.7740034682188734,-0.7740034682188734,0.028173704083649838,0.07621873792739536,-0.07549815179421958,0.00033808444900379806,-0.5031022543422677,0.000609749903419163,0.55,0.012,0.65,0.008,nan,0.12,0.12,0.12066617824012835,0.12066617824012835,0.09787499904632568,0.4,0.4,0.313641936222662,0.313641936222662,0.09456521272659302,0.093,0.10235993366518735,0.09243840398008876,0.147,0.11543412499720092,0.14889395250016793,-0.00935993366518735,0.031565875002799074,0.07517029956161805,0.07367028566700726,-0.000561596019911241,0.0018939525001679443,nan,1.0,0.0,-3.739,0.4,2.364000082015991,1.0,0,1,1,0,-0.04069342464208603,-9.321057319641113,2.311879787673557,FOLLOW_MAIN,cascade_pd_tracking,follow_main,inner_wheel_pd,lidar_disabled,FOLLOW_MAIN,COMMITTED,HOLD,1,1,1,1,1,1,2,0.4385979175567627,0.43508243560791016,0.4316692352294922,0.45046353340148926,0.4278218746185303,0.00011372566223144531,0.05180911399838806,0.0424687279992213
1784808941.6047907,20.514237880706787,-164.9,-0.16490000000000002,-164.9,-0.1660794229871423,-166.0794229871423,-0.1660794229871423,-166.0794229871423,-0.867,-0.8690995214388014,-0.8690995214388014,-0.07543068091357405,-0.24914823624538074,-0.09134368264292826,-0.0009051681709628886,-0.5649146889352209,-0.001993185889963046,0.55,0.012,0.65,0.008,nan,0.12,0.12,0.12049941036990099,0.12049941036990099,0.11599999666213989,0.4,0.4,0.30554900411001096,0.30554900411001096,0.25217390060424805,0.093,0.09653970922045746,0.093,0.147,0.13035298766996692,0.14799882073980197,0.0,0.016647012330033073,0.02958627842437214,0.0018437202685294663,0.0,0.0009988207398019843,nan,1.0,0.0,-5.2829999999999995,0.4,2.382999897003174,1.0,0,1,1,0,-0.0786995068192482,-9.283798217773438,2.3613373787026437,FOLLOW_MAIN,cascade_pd_tracking,follow_main,inner_wheel_pd,lidar_disabled,FOLLOW_MAIN,COMMITTED,HOLD,1,1,1,1,1,1,2,0.0185854434967041,0.014925479888916016,0.01128697395324707,0.007875919342041016,0.0041120052337646484,0.00014734268188476562,0.043281300999296946,0.05872551799984649
1784808942.0318613,20.94130849838257,-164.9,-0.16490000000000002,-164.9,-0.1660794229871423,-166.0794229871423,-0.1660794229871423,-166.0794229871423,-0.867,-0.8690995214388014,-0.8690995214388014,-0.07543068091357405,-0.24914823624538074,-0.09134368264292826,-0.0009051681709628886,-0.5649146889352209,-0.001993185889963046,0.55,0.012,0.65,0.008,nan,0.12,0.12,0.12049941036990099,0.12049941036990099,0.11599999666213989,0.4,0.4,0.30554900411001096,0.30554900411001096,0.25217390060424805,0.093,0.09653970922045746,0.093,0.147,0.13035298766996692,0.14799882073980197,0.0,0.016647012330033073,0.025924929820736825,0.001615556978309306,0.0,0.0009988207398019843,nan,1.0,0.0,-5.2829999999999995,0.4,2.1089999675750732,1.0,0,1,1,0,-0.0786995068192482,-9.283798217773438,2.3840328641429784,FOLLOW_MAIN,cascade_pd_tracking,follow_main,inner_wheel_pd,lidar_disabled,FOLLOW_MAIN,COMMITTED,HOLD,1,1,1,1,1,1,2,6.890296936035156e-05,0.41910386085510254,0.41562676429748535,0.41208624839782715,0.40801405906677246,0.40390586853027344,0.06309714700000768,0.07854136400055722
1784808942.0828102,20.992257356643677,-279.2,-0.2792,-279.2,-0.2634489246441587,-263.4489246441587,-0.2634489246441587,-263.4489246441587,-0.503,-0.5862824150964309,-0.5862824150964309,-0.21358829241954275,0.6153352450664527,-0.1448969085542873,-0.002563059509034513,-0.3810835698126801,0.004922681960531621,0.55,0.012,0.65,0.008,nan,0.12,0.12,0.12,0.12,0.11962500214576721,0.4,0.4,0.29999999999999993,0.29999999999999993,0.28369566798210144,0.093,0.10075900886562861,0.093,0.147,0.14122792294655107,0.147,0.0,0.0,0.02456340123253503,-0.008382883213253197,0.0,0.0,nan,1.0,0.0,-2.1522517509009487,0.4,2.328000068664551,1.0,0,1,1,0,-0.1197144165635109,-9.252737045288086,2.5209633903991437,FOLLOW_MAIN,cascade_pd_tracking,follow_main,inner_wheel_pd,lidar_disabled,FOLLOW_MAIN,COMMITTED,HOLD,1,1,1,1,1,1,2,0.015035152435302734,0.01143503189086914,0.007894277572631836,0.004213571548461914,0.0001621246337890625,0.01906275749206543,0.05886137100060296,0.12608849800017197
1784808942.507968,21.417415142059326,-279.2,-0.2792,-279.2,-0.2634489246441587,-263.4489246441587,-0.2634489246441587,-263.4489246441587,-0.503,-0.5862824150964309,-0.5862824150964309,-0.21358829241954275,0.6153352450664527,-0.1448969085542873,-0.002563059509034513,-0.3810835698126801,0.004922681960531621,0.55,0.012,0.65,0.008,nan,0.12,0.12,0.12,0.12,0.12324999272823334,0.4,0.4,0.29999999999999993,0.29999999999999993,0.37826085090637207,0.093,0.09856765788621794,0.093,0.147,0.1466707231221935,0.147,0.0,0.0,0.01955442989169028,-0.006673444794227691,0.0,0.0,nan,1.0,0.0,-2.1522517509009487,0.4,2.240999937057495,1.0,0,1,1,0,-0.13568921387195587,-9.242486953735352,2.57111423690097,FOLLOW_MAIN,cascade_pd_tracking,follow_main,inner_wheel_pd,lidar_disabled,FOLLOW_MAIN,COMMITTED,HOLD,1,1,1,1,1,1,2,9.632110595703125e-05,0.3906433582305908,0.3871781826019287,0.406205415725708,0.38350629806518555,0.37996673583984375,0.09306973000093421,0.007346090000282857
1784808942.5586612,21.468108415603638,-108.80000000000001,-0.10880000000000001,-108.80000000000001,-0.15183029657963032,-151.83029657963033,-0.15183029657963032,-151.83029657963033,-0.661,-0.697027969424173,-0.697027969424173,0.21113452908115957,-0.05270306126560186,-0.08350666311879668,0.002533614348973915,-0.4530681801257125,-0.0004216244901248149,0.55,0.012,0.65,0.008,nan,0.12,0.12,0.12028792981894855,0.12028792981894855,0.11237499117851257,0.4,0.4,0.3031992202105394,0.3031992202105394,0.34673914313316345,0.093,0.09592853396361656,0.093,0.147,0.13740233936838175,0.1475758596378971,0.0,0.009597660631618238,0.03138951106674106,0.045811664924591475,0.0,0.0005758596378970943,nan,1.0,0.0,-1.4020000000000001,0.4,2.0880000591278076,1.0,0,1,1,0,-0.17812126874923706,-9.221393585205078,2.7056175689640902,FOLLOW_MAIN,cascade_pd_tracking,follow_main,inner_wheel_pd,lidar_disabled,FOLLOW_MAIN,COMMITTED,HOLD,1,1,1,1,1,1,2,0.007931709289550781,0.004166364669799805,0.022603273391723633,0.019370555877685547,0.00015306472778320312,0.012054204940795898,0.037524915000176406,0.04534574599892949
1784808942.6089694,21.5184166431427,-108.80000000000001,-0.10880000000000001,-108.80000000000001,-0.15183029657963032,-151.83029657963033,-0.15183029657963032,-151.83029657963033,-0.661,-0.697027969424173,-0.697027969424173,0.21113452908115957,-0.05270306126560186,-0.08350666311879668,0.002533614348973915,-0.4530681801257125,-0.0004216244901248149,0.55,0.012,0.65,0.008,nan,0.12,0.12,0.12,0.12,0.11962499469518661,0.4,0.4,0.29999999999999993,0.29999999999999993,0.3467390835285187,0.093,0.09606846950869255,0.093,0.147,0.1401031877335909,0.147,0.0,0.0,0.02406794313429785,-0.0247814055092182,0.0,0.0,nan,1.0,0.0,-1.4020000000000001,0.4,2.0880000591278076,1.0,0,1,1,0,-0.18730498850345612,-9.217619895935059,2.7517029621446265,FOLLOW_MAIN,cascade_pd_tracking,follow_main,inner_wheel_pd,lidar_disabled,FOLLOW_MAIN,COMMITTED,HOLD,1,1,1,1,1,1,2,0.0001239776611328125,0.01593780517578125,0.012305021286010742,0.031491994857788086,0.00820612907409668,0.0041124820709228516,0.07736386500073422,0.0067287940000824165
1784808942.9971566,21.906603813171387,-108.80000000000001,-0.10880000000000001,-108.80000000000001,-0.15183029657963032,-151.83029657963033,-0.15183029657963032,-151.83029657963033,-0.661,-0.697027969424173,-0.697027969424173,0.21113452908115957,-0.05270306126560186,-0.08350666311879668,0.002533614348973915,-0.4530681801257125,-0.0004216244901248149,0.55,0.012,0.65,0.008,nan,0.12,0.12,0.12,0.12,0.11962499469518661,0.4,0.4,0.29999999999999993,0.29999999999999993,0.3467390835285187,0.093,0.09606846950869255,0.093,0.147,0.1401031877335909,0.147,0.0,0.0,0.018415323089356988,-0.01896122101145799,0.0,0.0,nan,1.0,0.0,-1.4020000000000001,0.4,2.0880000591278076,1.0,0,1,1,0,-0.18730498850345612,-9.217619895935059,2.780482015978877,FOLLOW_MAIN,cascade_pd_tracking,follow_main,inner_wheel_pd,lidar_disabled,FOLLOW_MAIN,COMMITTED,HOLD,1,1,1,1,1,1,2,0.36954832077026367,0.3660564422607422,7.295608520507812e-05,0.38111066818237305,0.37734389305114746,0.37352776527404785,0.11751852000088547,0.04688344900023367
1784808943.0474951,21.956942319869995,-105.10000000000001,-0.10510000000000001,-105.10000000000001,-0.11168435253227342,-111.68435253227342,-0.11168435253227342,-111.68435253227342,-0.644,-0.663414981375947,-0.663414981375947,0.16884309277092013,0.06694688899921218,-0.06142639389275038,0.002026117113251042,-0.4312197378943656,0.0005355751119936975,0.55,0.012,0.65,0.008,nan,0.12,0.12,0.12040454520170267,0.12040454520170267,0.10512499511241913,0.4,0.4,0.30449494668558524,0.30449494668558524,0.34673914313316345,0.093,0.08697982422976418,0.093,0.147,0.1335151599432442,0.14780909040340534,0.0,0.013484840056755792,0.0012283321348962393,0.03551082093665494,0.0,0.0008090904034053475,nan,1.0,0.0,-0.354,0.4,2.23799991607666,1.0,0,1,1,0,-0.22868867218494415,-9.204002380371094,2.883936589787916,FOLLOW_MAIN,cascade_pd_tracking,follow_main,inner_wheel_pd,lidar_disabled,FOLLOW_MAIN,COMMITTED,UNKNOWN,1,1,1,1,1,1,1,0.014639616012573242,0.011219024658203125,0.0076215267181396484,0.003965854644775391,0.00021076202392578125,0.018499135971069336,0.2533869960006996,0.07050068200078385
1784808943.1013262,22.010773420333862,-105.10000000000001,-0.10510000000000001,-105.10000000000001,-0.11168435253227342,-111.68435253227342,-0.11168435253227342,-111.68435253227342,-0.644,-0.663414981375947,-0.663414981375947,0.16884309277092013,0.06694688899921218,-0.06142639389275038,0.002026117113251042,-0.4312197378943656,0.0005355751119936975,0.55,0.012,0.65,0.008,nan,0.12,0.12,0.1203692232359472,0.1203692232359472,0.11237499862909317,0.4,0.4,0.30410248039941334,0.30410248039941334,0.34673914313316345,0.093,0.08801454146237125,0.093,0.147,0.13469255880175968,0.1477384464718944,0.0,0.012307441198240315,0.000750589196639769,0.015988787278488653,0.0,0.0007384464718944189,nan,1.0,0.0,-0.354,0.4,2.23799991607666,1.0,0,1,1,0,-0.23787753283977509,-9.201841354370117,2.939761822657774,FOLLOW_MAIN,cascade_pd_tracking,follow_main,inner_wheel_pd,lidar_disabled,FOLLOW_MAIN,COMMITTED,UNKNOWN,1,1,1,1,1,1,1,0.04572463035583496,0.0001347064971923828,0.007681131362915039,0.004225492477416992,0.019202232360839844,0.015286445617675781,0.3272701030000462,0.0563363159999426
1784808943.486845,22.396292209625244,-105.10000000000001,-0.10510000000000001,-105.10000000000001,-0.11168435253227342,-111.68435253227342,-0.11168435253227342,-111.68435253227342,-0.644,-0.663414981375947,-0.663414981375947,0.16884309277092013,0.06694688899921218,-0.06142639389275038,0.002026117113251042,-0.4312197378943656,0.0005355751119936975,0.55,0.012,0.65,0.008,nan,0.12,0.12,0.1203692232359472,0.1203692232359472,0.11237499862909317,0.4,0.4,0.30410248039941334,0.30410248039941334,0.34673914313316345,0.093,0.08801454146237125,0.093,0.147,0.13469255880175968,0.1477384464718944,0.0,0.012307441198240315,0.0006522855070282321,0.013894756630397971,0.0,0.0007384464718944189,nan,1.0,0.0,-0.354,0.4,2.1600000858306885,1.0,0,1,1,0,-0.23787753283977509,-9.201841354370117,2.9548918485256572,FOLLOW_MAIN,cascade_pd_tracking,follow_main,inner_wheel_pd,lidar_disabled,FOLLOW_MAIN,COMMITTED,UNKNOWN,1,1,1,1,1,1,1,0.0001327991485595703,0.36189842224121094,0.3508164882659912,0.35850000381469727,0.37312865257263184,0.37819647789001465,0.3483265230006509,0.0773927360005473
1784808943.5370154,22.446462631225586,-93.80000000000001,-0.09380000000000001,-93.80000000000001,-0.09968219871164032,-99.68219871164031,-0.09968219871164032,-99.68219871164031,-0.59,-0.6188372298511957,-0.6188372298511957,0.02411540795332011,0.06956015441881401,-0.05482520929140218,0.0002893848954398413,-0.4022441994032772,0.0005564812353505121,0.55,0.012,0.65,0.008,nan,0.12,0.12,0.12,0.12,0.11962500214576721,0.4,0.4,0.29999999999999993,0.29999999999999993,0.28369566798210144,0.093,0.10081379666998783,0.093,0.147,0.1440721245416763,0.147,0.0,0.0,0.0145164853974655,-0.01697685664690164,0.0,0.0,nan,1.0,0.0,0.302,0.4,2.1989998817443848,1.0,0,1,1,0,-0.289014607667923,-9.194060325622559,3.0479122968049834,FOLLOW_MAIN,cascade_pd_tracking,follow_main,inner_wheel_pd,lidar_disabled,FOLLOW_MAIN,COMMITTED,UNKNOWN,1,1,1,1,1,1,1,0.028346776962280273,0.011037111282348633,0.021543264389038086,0.007469892501831055,0.0038628578186035156,0.00011324882507324219,0.03211978699982865,0.049026856000637054
1784808943.5919611,22.501408338546753,-84.10000000000001,-0.08410000000000001,-84.10000000000001,-0.096704429927219,-96.70442992721901,-0.096704429927219,-96.70442992721901,-0.541,-0.6042388446062118,-0.6042388446062118,0.028721573261804065,0.10453911780935062,-0.053187436459970455,0.00034465887914164877,-0.3927552489940377,0.000836312942474805,0.55,0.012,0.65,0.008,nan,0.12,0.12,0.12,0.12,0.11962500214576721,0.4,0.4,0.29999999999999993,0.29999999999999993,0.28369566798210144,0.093,0.10081379666998783,0.093,0.147,0.1440721245416763,0.147,0.0,0.0,0.009698055688382999,-0.011341760534136788,0.0,0.0,nan,1.0,0.0,0.30399999999999994,0.4,2.194999933242798,1.0,0,1,1,0,-0.289014607667923,-9.194060325622559,3.0725933897401183,FOLLOW_MAIN,cascade_pd_tracking,follow_main,inner_wheel_pd,lidar_disabled,FOLLOW_MAIN,COMMITTED,UNKNOWN,1,1,1,1,1,1,1,0.0272214412689209,0.01178288459777832,0.01587200164794922,0.008076667785644531,0.046722412109375,0.00010037422180175781,0.02205436399890459,0.10953078199963784
1784808944.0069501,22.91639733314514,-84.10000000000001,-0.08410000000000001,-84.10000000000001,-0.096704429927219,-96.70442992721901,-0.096704429927219,-96.70442992721901,-0.541,-0.6042388446062118,-0.6042388446062118,0.028721573261804065,0.10453911780935062,-0.053187436459970455,0.00034465887914164877,-0.3927552489940377,0.000836312942474805,0.55,0.012,0.65,0.008,nan,0.12,0.12,0.11967848863191308,0.11967848863191308,0.13050000369548798,0.4,0.4,0.30357234853429893,0.30357234853429893,0.37826088070869446,0.093,0.1037170456028971,0.09235697726382618,0.147,0.15243217269765216,0.147,-0.010717045602897102,0.0,-0.059391938306281034,-0.00875755756680785,-0.000643022736173826,0.0,nan,1.0,0.0,0.30399999999999994,0.4,2.187999963760376,1.0,0,1,1,0,-0.30854302644729614,-9.192710876464844,3.129332240893239,FOLLOW_MAIN,cascade_pd_tracking,follow_main,inner_wheel_pd,lidar_disabled,FOLLOW_MAIN,COMMITTED,UNKNOWN,1,1,1,1,1,1,1,6.365776062011719e-05,0.3906834125518799,0.369610071182251,0.38382625579833984,0.3947932720184326,0.41508984565734863,0.060840537000331096,0.004250665000654408
1784808944.05726,22.966707229614258,-46.5,-0.0465,-46.5,-0.05952168205847076,-59.52168205847076,-0.05952168205847076,-59.52168205847076,-0.32,-0.40113285258095577,-0.40113285258095577,0.07005645787153597,0.3840218645945481,-0.03273692513215892,0.0008406774944584316,-0.26073635417762125,0.003072174916756385,0.55,0.012,0.65,0.008,nan,0.12,0.12,0.12,0.12,0.11599999666213989,0.33057635798079993,0.33057635798079993,0.24793226848559985,0.24793226848559985,0.25217390060424805,0.097686095836296,0.10305310672865381,0.097686095836296,0.14231390416370399,0.13940582828825976,0.14231390416370399,0.0,0.0,0.05326313432015578,-0.0005291673755990823,0.0,0.0,nan,1.0,0.0,2.9059999999999997,0.4,2.1589999198913574,1.0,0,1,1,0,-0.3569240868091583,-9.194206237792969,-3.0889183391496426,FOLLOW_MAIN,cascade_pd_tracking,follow_main,inner_wheel_pd,lidar_disabled,FOLLOW_MAIN,COMMITTED,UNKNOWN,1,1,1,1,1,1,1,0.010244607925415039,0.0068476200103759766,0.021089553833007812,0.0035390853881835938,8.7738037109375e-05,0.013916730880737305,0.024205567000535666,0.027393955000661663
1784808944.109979,23.019426107406616,-46.5,-0.0465,-46.5,-0.05952168205847076,-59.52168205847076,-0.05952168205847076,-59.52168205847076,-0.32,-0.40113285258095577,-0.40113285258095577,0.07005645787153597,0.3840218645945481,-0.03273692513215892,0.0008406774944584316,-0.26073635417762125,0.003072174916756385,0.55,0.012,0.65,0.008,nan,0.12,0.12,0.12,0.12,0.11599999666213989,0.33492105384324056,0.33492105384324056,0.25119079038243036,0.25119079038243036,0.25217390060424805,0.09739282886558126,0.10305310672865381,0.09739282886558126,0.14260717113441873,0.13940582828825976,0.14260717113441873,0.0,0.0,0.04031661908068741,-0.0004005441997408321,0.0,0.0,nan,1.0,0.0,2.9059999999999997,0.4,2.1480000019073486,1.0,0,1,1,0,-0.3569240868091583,-9.194206237792969,-3.0467735671967473,FOLLOW_MAIN,cascade_pd_tracking,follow_main,inner_wheel_pd,lidar_disabled,FOLLOW_MAIN,COMMITTED,UNKNOWN,1,1,1,1,1,1,1,0.00012946128845214844,0.019043445587158203,0.015488624572753906,0.011975765228271484,0.008101940155029297,0.004082918167114258,0.06597766599952593,0.06916605399965192
1784808944.5233076,23.43275475502014,-38.6,-0.0386,-38.6,-0.05224141392735203,-52.24141392735203,-0.05224141392735203,-52.24141392735203,-0.269,-0.35577243613247944,-0.35577243613247944,0.07550452905467817,0.4331357597275104,-0.028732777660043618,0.000906054348656138,-0.23125208348611165,0.0034650860778200833,0.55,0.012,0.65,0.008,nan,0.12,0.12,0.12,0.12,0.11599999666213989,0.3043241877559163,0.30805923634328314,0.23104442725746244,0.22921450109850594,0.25217390060424805,0.09920600154682838,0.10305310672865381,0.09920600154682838,0.14079399845317161,0.13940582828825976,0.14079399845317161,0.0,0.0,0.031216192006090677,-0.000310131775211905,0.0,0.0,nan,1.0,0.0,3.257,0.4,2.1480000019073486,1.0,0,1,1,0,-0.3569240868091583,-9.194206237792969,-3.0467735671967473,FOLLOW_MAIN,cascade_pd_tracking,follow_main,inner_wheel_pd,lidar_disabled,FOLLOW_MAIN,COMMITTED,UNKNOWN,1,1,1,1,1,1,1,0.41344690322875977,0.3949000835418701,0.38741517066955566,0.384035587310791,0.4214167594909668,0.00011181831359863281,0.022460660000433563,0.10754007899959106
1784808944.5736606,23.483107805252075,-4.4,-0.0044,-4.4,-0.015018383894599325,-15.018383894599324,-0.015018383894599325,-15.018383894599324,-0.032,-0.1066116117609246,-0.1066116117609246,0.08796798683056911,0.5829729219722664,-0.00826011114202963,0.0010556158419668294,-0.06929754764460098,0.004663783375778131,0.55,0.012,0.65,0.008,nan,0.12,0.12,0.12,0.12,0.11599999666213989,0.12917278178771263,0.1439167374543375,0.10793755309075306,0.10793755309075306,0.1260869801044464,0.11028562022183222,0.11449333708445898,0.11028562022183222,0.12971437977816777,0.1351128204157646,0.12971437977816777,0.0,0.0,0.028571050647275168,0.027371860175489066,0.0,0.0,nan,1.0,0.0,4.392,0.4,2.2049999237060547,1.0,0,1,1,0,-0.4158899188041687,-9.202441215515137,-3.0007520965048338,FOLLOW_MAIN,cascade_pd_tracking,follow_main,inner_wheel_pd,lidar_disabled,FOLLOW_MAIN,COMMITTED,UNKNOWN,1,1,1,1,1,1,1,0.0037539005279541016,0.02216362953186035,0.0001518726348876953,0.015431642532348633,0.01182413101196289,0.007915735244750977,0.029112064999935683,0.05226498400043056
1784808944.6265924,23.53603959083557,-4.4,-0.0044,-4.4,-0.015018383894599325,-15.018383894599324,-0.015018383894599325,-15.018383894599324,-0.032,-0.1066116117609246,-0.1066116117609246,0.08796798683056911,0.5829729219722664,-0.00826011114202963,0.0010556158419668294,-0.06929754764460098,0.004663783375778131,0.55,0.012,0.65,0.008,nan,0.12,0.12,0.12,0.12,0.12324999272823334,0.1292453781303354,0.1292453781303354,0.09693403359775149,0.08580489249766948,0.18913042545318604,0.11127593697620236,0.11237613276104465,0.11127593697620236,0.12872406302379763,0.13558988057729182,0.12872406302379763,0.0,0.0,0.022127686857081247,0.021198938678749585,0.0,0.0,nan,1.0,0.0,4.392,0.4,2.2049999237060547,1.0,0,1,1,0,-0.4248444736003876,-9.20417308807373,-2.9505373428633415,FOLLOW_MAIN,cascade_pd_tracking,follow_main,inner_wheel_pd,lidar_disabled,FOLLOW_MAIN,COMMITTED,UNKNOWN,1,1,1,1,1,1,1,0.00012993812561035156,0.03400683403015137,0.015185117721557617,0.011770248413085938,0.008003711700439453,0.004181385040283203,0.06744672000058927,0.0004994999999325955
1784808945.0192578,23.928704977035522,-0.2,-0.0002,-0.2,-0.009737290614153158,-9.737290614153158,0.0,0.0,-0.001,-0.06950324523122252,-0.06950324523122252,0.1204543391910129,0.5721318167809782,0.0,0.0014454520702921548,-0.04517710940029464,0.004577054534247826,0.55,0.012,0.65,0.008,nan,0.12,0.12,0.11973575686931373,0.11972799517955689,0.12324999272823334,0.09661766583212486,0.10047075883086082,0.07241703433774269,0.06945609343049913,0.18913042545318604,0.1132182237789169,0.11237613276104465,0.1132182237789169,0.1267817762210831,0.13558988057729182,0.12625328995971058,0.0,-0.008808104356208712,0.016823649924132125,-0.03887324312818516,0.0,-0.0005284862613725227,nan,1.0,0.0,4.361999999999999,0.4,2.2049999237060547,1.0,0,1,1,0,-0.4248444736003876,-9.20417308807373,-2.9365412089639156,FOLLOW_MAIN,cascade_pd_tracking,follow_main,inner_wheel_pd,lidar_disabled,FOLLOW_MAIN,COMMITTED,UNKNOWN,1,1,1,1,1,1,1,0.39275169372558594,0.38906121253967285,0.3854703903198242,0.3820068836212158,0.3778417110443115,6.794929504394531e-05,0.03976645100010501,0.041606098999181995
1784808945.0704446,23.979891777038574,18.400000000000002,0.018400000000000003,18.400000000000002,0.014334018346970713,14.334018346970714,0.014334018346970713,14.334018346970714,0.131,0.10198646764290809,0.10198646764290809,0.06297411846496642,0.3458307506541921,0.007883710090833893,0.0007556894215795971,0.06629120396789026,0.002766646005233537,0.55,0.012,0.65,0.008,nan,0.12,0.12,0.11939817441052189,0.11941872655165986,0.13774999976158142,-0.021051473680792063,-0.010149205500238168,-0.014298855119379944,-0.006458593870445955,0.12608695030212402,0.12068507137126608,0.12717222275068676,0.12068507137126608,0.11931492862873391,0.13937578161133776,0.11811127744977769,0.0,-0.02006085298260385,-0.015820683099426733,-0.05829816140242839,0.0,-0.001203651178956231,nan,1.0,0.0,2.711,0.4,2.2209999561309814,1.0,0,1,1,0,-0.4846598207950592,-9.218650817871094,-2.8951841673411773,FOLLOW_MAIN,cascade_pd_tracking,follow_main,inner_wheel_pd,lidar_disabled,FOLLOW_MAIN,COMMITTED,UNKNOWN,1,1,1,1,1,1,1,0.0037233829498291016,0.00012874603271484375,0.01898956298828125,0.015617847442626953,0.011785745620727539,0.007876157760620117,0.008702701999936835,0.02337490100035211
1784808945.1214771,24.030924320220947,18.400000000000002,0.018400000000000003,18.400000000000002,0.014334018346970713,14.334018346970714,0.014334018346970713,14.334018346970714,0.131,0.10198646764290809,0.10198646764290809,0.06297411846496642,0.3458307506541921,0.007883710090833893,0.0007556894215795971,0.06629120396789026,0.002766646005233537,0.55,0.012,0.65,0.008,nan,0.12,0.12,0.11937360140653933,0.11937360140653933,0.13774999976158142,-0.022284022281751276,-0.022284022281751276,-0.02367300108309879,-0.02367300108309879,0.12608695030212402,0.12150417150401821,0.12717222275068676,0.12150417150401821,0.11849582849598178,0.13937578161133776,0.11724303130906043,0.0,-0.02087995311535598,-0.012322813422105932,-0.05013054858890182,0.0,-0.0012527971869213588,nan,1.0,0.0,2.711,0.4,2.2079999446868896,1.0,0,1,1,0,-0.4846598207950592,-9.218650817871094,-2.879359863223488,FOLLOW_MAIN,cascade_pd_tracking,follow_main,inner_wheel_pd,lidar_disabled,FOLLOW_MAIN,COMMITTED,UNKNOWN,1,1,1,1,1,1,1,0.014473915100097656,0.010897397994995117,0.026378870010375977,0.007396221160888672,0.0038611888885498047,0.0001761913299560547,0.04618257900074241,0.06085477800115768
1784808945.5398812,24.449328422546387,18.400000000000002,0.018400000000000003,18.400000000000002,0.014334018346970713,14.334018346970714,0.014334018346970713,14.334018346970714,0.131,0.10198646764290809,0.10198646764290809,0.06297411846496642,0.3458307506541921,0.007883710090833893,0.0007556894215795971,0.06629120396789026,0.002766646005233537,0.55,0.012,0.65,0.008,nan,0.12,0.12,0.11917725131187162,0.11937247882719552,0.1341250091791153,-0.023281351288597103,-0.023281351288597103,-0.02121145335152082,-0.02410124431424983,0.03152172267436981,0.1215714912119803,0.12965830951984375,0.1210862821135085,0.11842850878801969,0.13776664675110212,0.11726822051023475,-0.008086818307863453,-0.019338137963082425,-0.05967251987486892,-0.028195857961479685,-0.00048520909847180716,-0.0011602882777849454,nan,1.0,0.0,2.711,0.4,2.2079999446868896,1.0,0,1,1,0,-0.4952820837497711,-9.221502304077148,-2.8767753841542065,FOLLOW_MAIN,cascade_pd_tracking,follow_main,inner_wheel_pd,lidar_disabled,FOLLOW_MAIN,COMMITTED,UNKNOWN,1,1,1,1,1,1,1,0.41445183753967285,0.39574599266052246,0.00013971328735351562,0.4037044048309326,0.3999509811401367,0.4185659885406494,0.08840982599940617,0.01618895799947495
1784808945.5909977,24.500444889068604,88.5,0.0885,88.5,0.0626394845767747,62.639484576774706,0.0626394845767747,62.639484576774706,0.5640000000000001,0.3674799159696166,0.3674799159696166,0.13232438261675508,0.6930121876986419,0.03445171651722609,0.001587892591401061,0.2388619453802508,0.005544097501589135,0.55,0.012,0.65,0.008,nan,0.12,0.12,0.11991575645247865,0.11991575645247865,0.11599999666213989,-0.25591554903472225,-0.16716689505395213,-0.1347130029499159,-0.12731900162280702,0.06304347515106201,0.13128376541614176,0.11868107705231973,0.13203992671797107,0.10871623458385822,0.12412704119839177,0.10779158618698621,0.012602688363822029,-0.015410806614533548,0.04146843305488525,-0.0026348274550116,0.0007561613018293217,-0.0009246483968720128,nan,1.0,0.0,0.891,0.4,2.191999912261963,1.0,0,1,1,0,-0.5356364846229553,-9.232807159423828,-2.8635364887798844,FOLLOW_MAIN,cascade_pd_tracking,follow_main,inner_wheel_pd,lidar_disabled,FOLLOW_MAIN,COMMITTED,UNKNOWN,1,1,1,1,1,1,1,0.0035817623138427734,0.00012731552124023438,0.01906585693359375,0.015444755554199219,0.011459589004516602,0.007514476776123047,0.06019066800035944,0.1246800010012521
1784808945.643434,24.552881240844727,110.9,0.11090000000000001,110.9,0.07803776397987677,78.03776397987677,0.07803776397987677,78.03776397987677,0.67,0.4508409426604537,0.4508409426604537,0.14420858604780015,0.7646830409007187,0.04292077018893223,0.0017305030325736018,0.29304661272929494,0.00611746432720575,0.55,0.012,0.65,0.008,nan,0.12,0.12,0.11983730267080583,0.11983730267080583,0.12325000762939453,-0.3215797548913743,-0.184039556404087,-0.14885043674778675,-0.14885043674778675,0.0630435049533844,0.13242267005727587,0.1189031380434298,0.13323384197810664,0.10757732994272412,0.1265201062630423,0.10644076336350503,0.013519532013846064,-0.018942776320318183,0.03774420226852961,-0.022463715801705402,0.0008111719208307638,-0.001136566579219091,nan,1.0,0.0,0.6679999999999999,0.4,2.191999912261963,1.0,0,1,1,0,-0.5528062582015991,-9.237765312194824,-2.8513370698964735,FOLLOW_MAIN,cascade_pd_tracking,follow_main,inner_wheel_pd,lidar_disabled,FOLLOW_MAIN,COMMITTED,HOLD,1,1,1,1,1,1,2,0.010859966278076172,0.007281303405761719,0.0037293434143066406,0.022729158401489258,0.00010466575622558594,0.014773845672607422,0.0071909610014699865,0.0143139580013667
1784808946.031075,24.94052219390869,110.9,0.11090000000000001,110.9,0.07803776397987677,78.03776397987677,0.07803776397987677,78.03776397987677,0.67,0.4508409426604537,0.4508409426604537,0.14420858604780015,0.7646830409007187,0.04292077018893223,0.0017305030325736018,0.29304661272929494,0.00611746432720575,0.55,0.012,0.65,0.008,nan,0.12,0.12,0.11983730267080583,0.11983730267080583,0.12325000762939453,-0.3215797548913743,-0.184039556404087,-0.14885043674778675,-0.14885043674778675,0.0630435049533844,0.13242267005727587,0.1189031380434298,0.13323384197810664,0.10757732994272412,0.1265201062630423,0.10644076336350503,0.013519532013846064,-0.018942776320318183,0.03774420226852961,-0.022463715801705402,0.0008111719208307638,-0.001136566579219091,nan,1.0,0.0,0.6679999999999999,0.4,2.191999912261963,1.0,0,1,1,0,-0.5528062582015991,-9.237765312194824,-2.8513370698964735,FOLLOW_MAIN,cascade_pd_tracking,follow_main,inner_wheel_pd,lidar_disabled,FOLLOW_MAIN,COMMITTED,HOLD,1,1,1,1,1,1,2,7.510185241699219e-05,0.394911527633667,0.3913595676422119,0.41035890579223633,0.38773441314697266,0.38408470153808594,0.0071909610014699865,0.0143139580013667
1784808946.0811875,24.99063467979431,-43.6,-0.0436,-43.6,0.0785573060107771,78.5573060107771,0.0785573060107771,78.5573060107771,-0.073,0.554590770293232,0.554590770293232,-0.02996885662201082,0.13087099282536951,0.04320651830592741,-0.00035962627946412983,0.3604840006906008,0.0010469679426029562,0.55,0.012,0.65,0.008,nan,0.12,0.12,0.12066399693718483,0.12066399693718483,0.10512500256299973,-0.4,-0.38194345665336243,-0.30535125703327326,-0.30535125703327326,0.031521737575531006,0.14578118332410195,0.10637407088947724,0.14814561007017943,0.09421881667589803,0.11149269787102796,0.09318238380419024,0.039407112434624705,-0.01727388119512993,0.06541497138672676,0.004025567704150012,0.002364426746077482,-0.001036432871707796,nan,1.0,0.0,-1.3872591336883182,0.4,2.1510000228881836,1.0,0,1,1,0,-0.5960835814476013,-9.250821113586426,-2.847553861791674,FOLLOW_MAIN,cascade_pd_tracking,follow_main,inner_wheel_pd,lidar_disabled,FOLLOW_MAIN,COMMITTED,UNKNOWN,1,1,1,1,1,1,1,0.011368989944458008,0.00777745246887207,0.02261066436767578,0.004213571548461914,0.00018095970153808594,0.015243768692016602,0.07373070099856704,0.0563809469986154
1784808946.1343,25.043747186660767,-42.6,-0.0426,-42.6,0.05140904471310463,51.409044713104635,0.05140904471310463,51.409044713104635,-0.07200000000000001,0.47012951292269545,0.47012951292269545,-0.11426482596532854,-0.203032200665704,0.028274974592207548,-0.0013711779115839426,0.3055841833997521,-0.001624257605325632,0.55,0.012,0.65,0.008,nan,0.12014766744350197,0.12014766744350197,0.12060091028835579,0.12044438279824368,0.11599999666213989,-0.34,-0.34,-0.27259189301531683,-0.2833641017963048,0.06304347515106201,0.14309766744350197,0.10915578050629661,0.1451341806597343,0.09719766744350197,0.11603145955224713,0.09606763991697727,0.03394188693720536,-0.018833792108745154,0.013760324128113488,-0.005982622689856599,0.0020365132162323213,-0.0011300275265247093,nan,1.0,0.0,-1.0381288914809548,0.40049222481167324,2.1510000228881836,1.0,0,1,1,0,-0.6046132445335388,-9.253471374511719,-2.8403040162495823,FOLLOW_MAIN,cascade_pd_tracking,follow_main,inner_wheel_pd,lidar_disabled,FOLLOW_MAIN,COMMITTED,HOLD,1,1,1,1,1,1,2,0.007483482360839844,0.0037813186645507812,0.00014829635620117188,0.034332275390625,0.015618085861206055,0.011642694473266602,0.041545766000126605,0.029084325000440003
1784808946.5593169,25.468764066696167,111.10000000000001,0.1111,111.10000000000001,0.1048059214730888,104.8059214730888,0.1048059214730888,104.8059214730888,0.671,0.6479632940390838,0.6479632940390838,0.11128252246979312,0.39951273367547335,0.05764325681019884,0.0013353902696375175,0.42117614112540447,0.003196101869403787,0.55,0.012,0.65,0.008,nan,0.12421257338572209,0.12421257338572209,0.12404053307498328,0.12126358381787372,0.13050000369548798,-0.34,-0.34,-0.2673555220838483,-0.27259189301531683,-0.06304347515106201,0.14716257338572208,0.13149662877226317,0.14810253006252963,0.10126257338572209,0.12266319502380786,0.09997853608743694,0.01566594461345891,-0.021400621638085773,-0.1270305849671497,-0.11166584937619833,0.0009399566768075345,-0.0012840372982851464,nan,1.0,0.0,0.067,0.4140419112857403,2.069999933242798,1.0,0,1,1,0,-0.6518611311912537,-9.268054962158203,-2.835449823026992,FOLLOW_MAIN,cascade_pd_tracking,follow_main,inner_wheel_pd,lidar_disabled,FOLLOW_MAIN,COMMITTED,UNKNOWN,1,1,1,1,1,1,1,0.4095582962036133,6.937980651855469e-05,0.4251058101654053,0.4213829040527344,0.41759562492370605,0.4135925769805908,0.012857570000051055,0.053801688000021386
1784808946.6102116,25.51965880393982,111.10000000000001,0.1111,111.10000000000001,0.1048059214730888,104.8059214730888,0.1048059214730888,104.8059214730888,0.671,0.6479632940390838,0.6479632940390838,0.11128252246979312,0.39951273367547335,0.05764325681019884,0.0013353902696375175,0.42117614112540447,0.003196101869403787,0.55,0.012,0.65,0.008,nan,0.12,0.12,0.1194829514757025,0.1194829514757025,0.13050000369548798,-0.4,-0.3506280635498479,-0.27712857472098323,-0.2829734791957708,-3.2393828064414265e-08,0.14366739428961472,0.13104857910667692,0.144424523200591,0.09633260571038527,0.12618637170323962,0.094541379750814,0.01261881518293781,-0.02985376599285436,-0.11183201129255448,-0.13036984061444493,0.0007571289109762685,-0.0017912259595712614,nan,1.0,0.0,0.067,0.4,2.069999933242798,1.0,0,1,1,0,-0.6618890166282654,-9.27095890045166,-2.841124164910975,FOLLOW_MAIN,cascade_pd_tracking,follow_main,inner_wheel_pd,lidar_disabled,FOLLOW_MAIN,COMMITTED,UNKNOWN,1,1,1,1,1,1,1,0.018846988677978516,0.015081644058227539,0.011455774307250977,0.007907867431640625,0.004049777984619141,0.00011873245239257812,0.05654713199874095,0.02584504799960996
1784808947.0337234,25.94317054748535,113.0,0.113,113.0,0.10789827404593824,107.89827404593824,0.10789827404593824,107.89827404593824,0.679,0.6592814904428352,0.6592814904428352,0.09519767999473387,0.3425528011454959,0.05934405072526604,0.0011423721599368064,0.4285329687878429,0.002740422409163967,0.55,0.012,0.65,0.008,nan,0.12,0.12,0.11851976942258949,0.11851976942258949,0.1667499989271164,-0.4,-0.376062831250365,-0.298494129853446,-0.298494129853446,-0.06304344534873962,0.14538424110939963,0.1506047568029502,0.14538424110939963,0.09461575889060037,0.14395677813761726,0.09165529773577935,0.0,-0.04934101924701689,-0.15659935050516344,-0.20981294640673076,0.0,-0.0029604611548210134,nan,1.0,0.0,0.049999999999999996,0.4,2.069999933242798,1.0,0,1,1,0,-0.674221932888031,-9.274530410766602,-2.859690299843225,FOLLOW_MAIN,cascade_pd_tracking,follow_main,inner_wheel_pd,lidar_disabled,FOLLOW_MAIN,COMMITTED,HOLD,1,1,1,1,1,1,2,0.3859694004058838,0.38242650032043457,7.510185241699219e-05,0.3975796699523926,0.3937966823577881,0.38999056816101074,0.045476913001039065,0.0016988890001812251
1784808947.086262,25.99570918083191,-40.1,-0.040100000000000004,-40.1,0.027991965653102135,27.991965653102135,0.027991965653102135,27.991965653102135,-0.069,0.4117416567866988,0.4117416567866988,-0.1775039831748506,-0.5412864590942206,0.015395581109206176,-0.0021300477980982072,0.2676320769113542,-0.004330291672753765,0.55,0.012,0.65,0.008,nan,0.1263836544903046,0.1263836544903046,0.12610330070906467,0.12610330070906467,0.11599999666213989,-0.2955087278724475,-0.29700871888921554,-0.22587158118068829,-0.22587158118068829,-0.18913042545318604,0.14643174301532663,0.13905136611678862,0.14643174301532663,0.10633556596528254,0.11568069200661255,0.10577485840280273,0.0,-0.009345126041330004,0.07577193536351881,0.21099711297039014,0.0,-0.0005607075624798002,nan,1.0,0.0,-0.9821716266904202,0.4212788483010153,2.0360000133514404,1.0,0,1,1,0,-0.7288339734077454,-9.288919448852539,-2.888532284023161,FOLLOW_MAIN,cascade_pd_tracking,follow_main,inner_wheel_pd,lidar_disabled,FOLLOW_MAIN,COMMITTED,HOLD,1,1,1,1,1,1,2,0.00019860267639160156,0.019897937774658203,0.016376733779907227,0.012955188751220703,0.009107112884521484,0.004638671875,0.09285856499991496,0.025948659000277985
1784808947.138092,26.047539234161377,-40.1,-0.040100000000000004,-40.1,0.027991965653102135,27.991965653102135,0.027991965653102135,27.991965653102135,-0.069,0.4117416567866988,0.4117416567866988,-0.1775039831748506,-0.5412864590942206,0.015395581109206176,-0.0021300477980982072,0.2676320769113542,-0.004330291672753765,0.55,0.012,0.65,0.008,nan,0.13034079231979467,0.13034079231979467,0.13093234057369152,0.13093234057369152,0.10875000059604645,-0.2964736732501884,-0.2964736732501884,-0.22892801331427295,-0.22892801331427295,-0.18913044035434723,0.1503527652641824,0.13063449013428752,0.1515358617719761,0.11032881937540695,0.10622608129195849,0.11032881937540695,0.01971827512989488,0.0,0.16061645371898212,0.18731754127299804,0.0011830965077936927,0.0,nan,1.0,0.0,-0.9821716266904202,0.4344693077326489,2.0239999294281006,1.0,0,1,1,0,-0.7372314929962158,-9.290733337402344,-2.943757659184223,FOLLOW_MAIN,cascade_pd_tracking,follow_main,inner_wheel_pd,lidar_disabled,FOLLOW_MAIN,COMMITTED,HOLD,1,1,1,1,1,1,2,0.010981559753417969,0.007347583770751953,0.0038428306579589844,0.022971630096435547,0.00013065338134765625,0.015262126922607422,0.15260278899950208,0.007221091000246815
1784808947.5621364,26.471583604812622,-40.1,-0.040100000000000004,-40.1,0.027991965653102135,27.991965653102135,0.027991965653102135,27.991965653102135,-0.069,0.4117416567866988,0.4117416567866988,-0.1775039831748506,-0.5412864590942206,0.015395581109206176,-0.0021300477980982072,0.2676320769113542,-0.004330291672753765,0.55,0.012,0.65,0.008,nan,0.1312096014667793,0.1312096014667793,0.13182768114882454,0.19264112791455268,0.10875000059604645,-0.2967043664545653,-0.2967043664545653,-0.22939582686364898,-0.01508166475366535,-0.18913044035434723,0.15123714620246245,0.13063449013428752,0.15247330556655295,0.11118205673109613,0.10622608129195849,0.11118205673109613,0.020602656068174935,0.0,0.14399892290364397,0.1615461496867181,0.001236159364090496,0.0,nan,1.0,0.0,-0.9821716266904202,0.43736533822259765,2.0239999294281006,1.0,0,1,1,0,-0.7372314929962158,-9.290733337402344,-2.943757659184223,FOLLOW_MAIN,cascade_pd_tracking,follow_main,inner_wheel_pd,lidar_disabled,FOLLOW_MAIN,COMMITTED,HOLD,1,1,1,1,1,1,2,0.4162631034851074,0.4127497673034668,0.4092259407043457,6.67572021484375e-05,0.4241342544555664,0.42014217376708984,0.17480494899973564,0.029423251000480377
1784808947.6135352,26.522982358932495,-40.1,-0.040100000000000004,-40.1,-0.03967831029058781,-39.67831029058781,-0.03967831029058781,-39.67831029058781,-0.069,-0.034343987908663776,-0.034343987908663776,-0.07080231083791036,-0.6805700739386363,-0.0218230706598233,-0.0008496277300549243,-0.022323592140631454,-0.005444560591509091,0.55,0.012,0.65,0.008,nan,0.2032077188182812,0.19884739809607738,0.20270463935785382,0.20270463935785382,0.14137500524520874,0.01920833667020255,-0.006531241941640026,0.002238700849713072,0.002238700849713072,-0.15760870277881622,0.19928825692713809,0.1457066010231119,0.20250315628137966,0.19840653926501667,0.12341348644316107,0.202906122434328,0.05358165590402619,0.0749930528218556,0.06624887869906403,0.13046371899863782,0.0032148993542415716,0.004499583169311336,nan,1.0,0.0,-0.9821718161948678,0.677359062727604,1.9459999799728394,1.0,0,1,1,0,-0.7893462181091309,-9.2993745803833,-2.9757210009991906,FOLLOW_MAIN,cascade_pd_tracking,follow_main,inner_wheel_pd,lidar_disabled,FOLLOW_MAIN,COMMITTED,HOLD,1,1,1,1,1,1,2,0.0039212703704833984,0.0001842975616455078,0.019431114196777344,0.015902280807495117,0.012073278427124023,0.008133888244628906,0.023386363000099664,0.0633615370006737
1784808948.0351994,26.94464659690857,-40.1,-0.040100000000000004,-40.1,-0.03967831029058781,-39.67831029058781,-0.03967831029058781,-39.67831029058781,-0.069,-0.034343987908663776,-0.034343987908663776,-0.07080231083791036,-0.6805700739386363,-0.0218230706598233,-0.0008496277300549243,-0.022323592140631454,-0.005444560591509091,0.55,0.012,0.65,0.008,nan,0.20475489839483957,0.20475489839483957,0.20819933635034776,0.19964791630765083,0.16312500834465027,0.018275977584411476,0.0011696744584228265,0.005669312094811381,0.03262522281074749,-0.03152172267436981,0.20467594536889602,0.15445673048691702,0.20768909826181475,0.20483385142078311,0.14023846778582158,0.2087095744388808,0.050219214881979,0.06459538363496153,0.034837592516122076,0.046331091812818866,0.00301315289291874,0.003875723018097692,nan,1.0,0.0,-0.9821718161948678,0.6825163279827986,1.9459999799728394,1.0,0,1,1,0,-0.8018110990524292,-9.300922393798828,-3.003995535188084,FOLLOW_MAIN,cascade_pd_tracking,follow_main,inner_wheel_pd,lidar_disabled,FOLLOW_MAIN,COMMITTED,HOLD,1,1,1,1,1,1,2,0.3877880573272705,0.3841707706451416,0.38052868843078613,8.273124694824219e-05,0.3955047130584717,0.3916773796081543,0.06189094500041392,0.030633898999440135
1784808948.086212,26.995659112930298,-40.1,-0.040100000000000004,-40.1,-0.040094761244407286,-40.09476124440729,-0.040094761244407286,-40.09476124440729,-0.069,-0.06856945978734472,-0.06856945978734472,-0.011843146271386095,-0.14776146133931944,-0.02205211868442401,-0.00014211775525663315,-0.044570148861774066,-0.0011820916907145556,0.55,0.012,0.65,0.008,nan,0.19889893296207145,0.19889893296207145,0.19954830091854625,0.19954830091854625,0.18125000596046448,0.03669035678405887,0.03669035678405887,0.034732967104430613,0.034732967104430613,-0.0630435049533844,0.19642233387914748,0.18987843619289374,0.19642233387914748,0.20137553204499542,0.1797299334958361,0.202674267957945,0.0,0.021645598549159317,-0.05066390850246977,-0.026121626628254912,0.0,0.001298735912949559,nan,1.0,0.0,-0.9821718162014933,0.6629964432069049,1.8519999980926514,1.0,0,1,1,0,-0.8795568943023682,-9.308883666992188,-3.047086369949022,FOLLOW_MAIN,cascade_pd_tracking,follow_main,inner_wheel_pd,lidar_disabled,FOLLOW_MAIN,COMMITTED,HOLD,1,1,1,1,1,1,2,0.00012612342834472656,0.01516413688659668,0.011802911758422852,0.029575824737548828,0.008209228515625,0.004165172576904297,0.042888710000625,0.03449585999987903
1784808948.1396601,27.049107313156128,32.2,0.0322,32.2,-0.04009791723241746,-40.09791723241746,-0.04009791723241746,-40.09791723241746,0.226,-0.06882883049571047,-0.06882883049571047,-0.008075014191741442,-0.10150927290032985,-0.022053854477829603,-9.690017030089731e-05,-0.044738739822211805,-0.0008120741832026388,0.55,0.012,0.65,0.008,nan,0.20086844521235558,0.20086844521235558,0.2018302730018769,0.2018302730018769,0.1848749965429306,0.04109135621020706,0.04109135621020706,0.035112909289694724,0.035112909289694724,-0.0315217524766922,0.1980947786681666,0.18850590370753728,0.19867011116580435,0.20364211175654456,0.18117006039979744,0.2049904348379494,0.009588874960629323,0.022472051356747125,0.025860006392057558,-0.012091351894068247,0.0005753324976377594,0.0013483230814048273,nan,1.0,0.0,0.0,0.6695614840411853,1.8339999914169312,1.0,0,1,1,0,-0.8935622572898865,-9.310009002685547,-3.0637928328156185,FOLLOW_MAIN,cascade_pd_tracking,follow_main,inner_wheel_pd,lidar_disabled,FOLLOW_MAIN,COMMITTED,HOLD,1,1,1,1,1,1,2,0.010536670684814453,0.006897449493408203,0.0035512447357177734,0.02130270004272461,6.651878356933594e-05,0.014112710952758789,0.010958533999655629,0.016958550999333966
1784808948.588122,27.49756908416748,32.2,0.0322,32.2,-0.04009791723241746,-40.09791723241746,-0.04009791723241746,-40.09791723241746,0.226,-0.06882883049571047,-0.06882883049571047,-0.008075014191741442,-0.10150927290032985,-0.022053854477829603,-9.690017030089731e-05,-0.044738739822211805,-0.0008120741832026388,0.55,0.012,0.65,0.008,nan,0.20465939035863914,0.2042200768923352,0.2053830025826553,0.2053830025826553,0.1848749965429306,0.044980810860925355,0.044980810860925355,0.03820502573701586,0.03820502573701586,-0.0315217524766922,0.20118387215922273,0.18850590370753728,0.20194455026632385,0.20725628162544768,0.18117006039979744,0.2088214548989867,0.01267796845168545,0.02608622122565024,0.04171008544081137,0.011972328981057127,0.000760678107101127,0.0015651732735390144,nan,1.0,0.0,0.0,0.6821979678621305,1.8339999914169312,1.0,0,1,1,0,-0.8935622572898865,-9.310009002685547,-3.0637928328156185,FOLLOW_MAIN,cascade_pd_tracking,follow_main,inner_wheel_pd,lidar_disabled,FOLLOW_MAIN,COMMITTED,HOLD,1,1,1,1,1,1,2,6.222724914550781e-05,0.4414327144622803,0.4280276298522949,0.43448829650878906,0.4485292434692383,0.44498467445373535,0.031906231999528245,0.03790624899920658
1784808948.6415877,27.551034927368164,98.4,0.0984,98.4,0.09645596446881502,96.45596446881503,0.09645596446881502,96.45596446881503,0.612,0.4304926830756386,0.4304926830756386,0.1973857767983035,0.8367777334029329,0.053050780457848265,0.002368629321579642,0.2798202439991651,0.006694221867223463,0.55,0.012,0.65,0.008,nan,0.18412323470553893,0.18412323470553893,0.1831601406964842,0.1831601406964842,0.1993749886751175,-0.28,-0.17082851040013336,-0.13306413782432264,-0.13306413782432264,-0.09456516802310944,0.19565415915754794,0.20429159343879308,0.19513591310067324,0.17259231025352992,0.19605800960744238,0.17118436829229516,-0.008637434281245138,-0.02346569935391246,-0.17430323650406757,-0.23149040613928495,-0.0005182460568747083,-0.0014079419612347476,nan,1.0,0.0,0.0,0.6137441156851298,1.746000051498413,1.0,0,1,1,0,-0.9774375557899475,-9.31588363647461,-3.077064157546987,FOLLOW_MAIN,cascade_pd_tracking,follow_main,inner_wheel_pd,lidar_disabled,FOLLOW_MAIN,COMMITTED,HOLD,1,1,1,1,1,1,2,0.010860443115234375,0.0073735713958740234,0.0038080215454101562,0.022094249725341797,0.0001220703125,0.014631509780883789,0.007677645999137894,0.10496928599968669
1784808949.0478718,27.957319021224976,98.4,0.0984,98.4,0.09645596446881502,96.45596446881503,0.09645596446881502,96.45596446881503,0.612,0.4304926830756386,0.4304926830756386,0.1973857767983035,0.8367777334029329,0.053050780457848265,0.002368629321579642,0.2798202439991651,0.006694221867223463,0.55,0.012,0.65,0.008,nan,0.1778253147663385,0.1778253147663385,0.17648434556093173,0.17089150768763395,0.1993749886751175,-0.34,-0.1798631577002197,-0.14024668242789123,-0.14941795810906505,-0.09456516802310944,0.18996607791110334,0.20429159343879308,0.18910654697944196,0.16568455162157367,0.19605800960744238,0.16386214414242153,-0.014325515527689736,-0.030373457985868713,-0.1879595692949152,-0.2455930753055951,-0.0008595309316613842,-0.0018224074791521228,nan,1.0,0.0,0.0,0.5927510492211284,1.746000051498413,1.0,0,1,1,0,-0.9774375557899475,-9.31588363647461,-3.077064157546987,FOLLOW_MAIN,cascade_pd_tracking,follow_main,inner_wheel_pd,lidar_disabled,FOLLOW_MAIN,COMMITTED,HOLD,1,1,1,1,1,1,2,0.3982253074645996,0.3945956230163574,0.41009020805358887,0.3910233974456787,0.3870680332183838,0.00014925003051757812,0.02775463999932981,0.1250462799998786
1784808949.0984082,28.00785541534424,-24.6,-0.0246,-24.6,0.07347623366512576,73.47623366512576,0.07347623366512576,73.47623366512576,-0.043000000000000003,0.5303929296124433,0.5303929296124433,-0.057072042777020625,0.04628418106753368,0.04041192851581917,-0.0006848645133242476,0.3447554042480882,0.00037027344854026944,0.55,0.012,0.65,0.008,nan,0.12,0.12,0.1144390266086624,0.1144390266086624,0.19574999809265137,-0.39561049144689986,-0.375611573049664,-0.29745035930359404,-0.29745035930359404,-0.06304344534873962,0.14535378118085232,0.21442415176196025,0.14120955894598586,0.09464621881914767,0.21094162794929353,0.08766849427133892,-0.06907037058110793,-0.11629540913014585,-0.004799827168097593,-0.060988528891138996,-0.004144222234866476,-0.006977724547808751,nan,1.0,0.0,-0.8837901488432027,0.4,1.6510000228881836,1.0,0,1,1,0,-1.0976263284683228,-9.322080612182617,-3.094652774799939,FOLLOW_MAIN,cascade_pd_tracking,follow_main,inner_wheel_pd,lidar_disabled,FOLLOW_MAIN,COMMITTED,HOLD,1,1,1,1,1,1,2,0.0105133056640625,0.007062435150146484,0.0036635398864746094,0.00022673606872558594,0.017724275588989258,0.014006614685058594,0.017609086999073043,0.024858455999492435
1784808949.1511796,28.060626745224,-24.6,-0.0246,-24.6,0.07347623366512576,73.47623366512576,0.07347623366512576,73.47623366512576,-0.043000000000000003,0.5303929296124433,0.5303929296124433,-0.057072042777020625,0.04628418106753368,0.04041192851581917,-0.0006848645133242476,0.3447554042480882,0.00037027344854026944,0.55,0.012,0.65,0.008,nan,0.12,0.12,0.1144390266086624,0.11443902660866237,0.19574999809265137,-0.39739279602256433,-0.3938752095997552,-0.31196995036091646,-0.2992734368071634,-0.06304344534873962,0.14658657664798347,0.21442415176196025,0.14251632214114487,0.09341342335201652,0.21094162794929353,0.0863617310761799,-0.06783757511397678,-0.117528204597277,0.0035386235831148484,-0.05373136734888969,-0.004070254506838607,-0.00705169227583662,nan,1.0,0.0,-0.8837901488432027,0.4,1.628999948501587,1.0,0,1,1,0,-1.0976263284683228,-9.322080612182617,-3.0969225226905293,FOLLOW_MAIN,cascade_pd_tracking,follow_main,inner_wheel_pd,lidar_disabled,FOLLOW_MAIN,COMMITTED,HOLD,1,1,1,1,1,1,2,0.01912856101989746,0.015388011932373047,0.011753320693969727,0.008160591125488281,0.004241466522216797,0.00015544891357421875,0.05819494599927566,0.06544431499969505
1784808949.575636,28.48508310317993,-24.6,-0.0246,-24.6,0.0496976337343471,49.6976337343471,0.0496976337343471,49.6976337343471,-0.043000000000000003,0.456415063161132,0.456415063161132,-0.1267890255890674,-0.23080141132201928,0.02733369855389091,-0.001521468307068809,0.2966697910547358,-0.0018464112905761543,0.55,0.012,0.65,0.008,nan,0.12,0.12,0.11443902660866237,0.11443902660866237,0.19574999809265137,-0.3344355170463863,-0.3658036093993724,-0.28965302820161215,-0.2992734368071634,-0.06304344534873962,0.14469174363445764,0.21442415176196025,0.14050779914680747,0.09530825636554235,0.21094162794929353,0.08837025407051728,-0.06973240812750262,-0.11563337158375117,-0.008376071362575429,-0.03004176715344917,-0.004183944487650157,-0.00693800229502507,nan,1.0,0.0,-0.8841103560247049,0.4,1.628999948501587,1.0,0,1,1,0,-1.0976263284683228,-9.322080612182617,-3.0969225226905293,FOLLOW_MAIN,cascade_pd_tracking,follow_main,inner_wheel_pd,lidar_disabled,FOLLOW_MAIN,COMMITTED,HOLD,1,1,1,1,1,1,2,7.748603820800781e-05,0.4166882038116455,0.4132833480834961,0.4325718879699707,0.4286520481109619,0.42456531524658203,0.02313199399941368,0.10554660100024194
1784808949.6268756,28.536322832107544,-24.6,-0.0246,-24.6,-0.0227247985073872,-22.7247985073872,-0.0227247985073872,-22.7247985073872,-0.043000000000000003,0.06384599640360071,0.06384599640360071,-0.12286714899621261,-0.8159589570659589,-0.012498639179062961,-0.0014744057879545512,0.04149989766234046,-0.006527671656527671,0.55,0.012,0.65,0.008,nan,0.1950687201199593,0.18541504891526223,0.1890270314779876,0.19219811085715643,0.13774999976158142,-0.04710431789626812,-0.07918063459160322,-0.055077765190817626,-0.04467266097792016,-0.18913042545318604,0.19075974175019544,0.13702159850076603,0.1939840303451612,0.180070356080329,0.11340908057224529,0.18407003261081403,0.05373814324942941,0.06666127550808372,0.051823299324688,0.17849619802578115,0.0032242885949657647,0.003999676530485023,nan,1.0,0.0,-0.8841895832673338,0.650229067066531,1.5540000200271606,1.0,0,1,1,0,-1.1562086343765259,-9.323566436767578,-3.1344019259313507,FOLLOW_MAIN,cascade_pd_tracking,follow_main,inner_wheel_pd,lidar_disabled,FOLLOW_MAIN,COMMITTED,HOLD,1,1,1,1,1,1,2,0.014850616455078125,0.011193990707397461,0.02670001983642578,0.007687568664550781,0.003929615020751953,0.00012969970703125,0.03918591500041657,0.013379607000388205
1784808950.045989,28.95543622970581,-24.6,-0.0246,-24.6,-0.0227247985073872,-22.7247985073872,-0.0227247985073872,-22.7247985073872,-0.043000000000000003,0.06384599640360071,0.06384599640360071,-0.12286714899621261,-0.8159589570659589,-0.012498639179062961,-0.0014744057879545512,0.04149989766234046,-0.006527671656527671,0.55,0.012,0.65,0.008,nan,0.202361232989417,0.19178844267526676,0.19578282886359244,0.1989933309147121,0.13774999976158142,-0.04803834302786472,-0.05129703689158334,-0.03291030501930167,-0.02237584516406537,-0.18913042545318604,0.19525099266544862,0.13702159850076603,0.1987447563153296,0.1883258926850849,0.11340908057224529,0.1928209014118553,0.05822939416468259,0.07491681211283961,0.06603275165631863,0.1852022197531545,0.0034937636498809555,0.0044950087267703765,nan,1.0,0.0,-0.8841895832673338,0.6745374432980566,1.5540000200271606,1.0,0,1,1,0,-1.1562086343765259,-9.323566436767578,3.12091797251671,FOLLOW_MAIN,cascade_pd_tracking,follow_main,inner_wheel_pd,lidar_disabled,FOLLOW_MAIN,COMMITTED,HOLD,1,1,1,1,1,1,2,8.0108642578125e-05,0.39232420921325684,0.407989501953125,0.38872218132019043,0.3848593235015869,0.38089704513549805,0.07901962600044499,0.05321331800041662
1784808950.0999603,29.00940752029419,-24.6,-0.0246,-24.6,-0.024589220941377624,-24.589220941377622,-0.024589220941377624,-24.589220941377622,-0.043000000000000003,-0.04238582639607642,-0.04238582639607642,-0.0158395313014021,-0.18868363957494816,-0.013524071517757695,-0.00019007437561682522,-0.027550787157449675,-0.0015094691165995853,0.55,0.012,0.65,0.008,nan,0.22277928024100319,0.22277928024100319,0.22427318742509095,0.22427318742509095,0.18850000202655792,0.0,0.0,0.0030467690036088523,0.0030467690036088523,-0.06304347515106201,0.22277928024100319,0.20245098067828712,0.22399897821476614,0.22277928024100319,0.1933106736674606,0.22454739663541573,0.020328299562716062,0.029468606573542583,-0.11547170388499728,-0.16364747779416344,0.0012196979737629638,0.0017681163944125548,nan,1.0,0.0,-0.884189588586155,0.742597600803344,1.4900000095367432,1.0,0,1,1,0,-1.2388315200805664,-9.319440841674805,3.0748965087506592,FOLLOW_MAIN,cascade_pd_tracking,follow_main,inner_wheel_pd,lidar_disabled,FOLLOW_MAIN,COMMITTED,HOLD,1,1,1,1,1,1,2,0.01833367347717285,0.014857292175292969,0.011401891708374023,0.00792241096496582,0.004279136657714844,0.00017595291137695312,0.001898407001135638,0.04171584100004111
1784808950.1523213,29.061768531799316,-24.6,-0.0246,-24.6,-0.024589220941377624,-24.589220941377622,-0.024589220941377624,-24.589220941377622,-0.043000000000000003,-0.04238582639607642,-0.04238582639607642,-0.0158395313014021,-0.18868363957494816,-0.013524071517757695,-0.00019007437561682522,-0.027550787157449675,-0.0015094691165995853,0.55,0.012,0.65,0.008,nan,0.22239739274937156,0.22239739274937156,0.22386838668396142,0.22397782055602217,0.18850000202655792,0.0,0.0,0.0030467690036088523,0.0030467690036088523,-0.06304347515106201,0.22239739274937156,0.20245098067828712,0.22359417747363663,0.22239739274937156,0.1933106736674606,0.22414259589428623,0.01994641207108444,0.02908671908191096,-0.07943512917568982,-0.11171616221610431,0.0011967847242650663,0.0017452031449146576,nan,1.0,0.0,-0.884189588586155,0.7413246424979052,1.468999981880188,1.0,0,1,1,0,-1.2388315200805664,-9.319440841674805,3.068308522676484,FOLLOW_MAIN,cascade_pd_tracking,follow_main,inner_wheel_pd,lidar_disabled,FOLLOW_MAIN,COMMITTED,HOLD,1,1,1,1,1,1,2,0.003775358200073242,0.00014328956604003906,0.019078493118286133,0.01548004150390625,0.011596441268920898,0.007737874984741211,0.061954872000569594,0.10177230599947507
1784808950.60651,29.51595711708069,-24.6,-0.0246,-24.6,-0.024599903524701226,-24.599903524701226,-0.024599903524701226,-24.599903524701226,-0.043000000000000003,-0.04299450299102975,-0.04299450299102975,-0.0022303836606445203,-0.027039629113596836,-0.013529946938585675,-2.6764603927734244e-05,-0.027946426944169336,-0.0002163170329087747,0.55,0.012,0.65,0.008,nan,0.22176806595146864,0.22176806595146864,0.22176806595146864,0.22386838668396142,0.21387499570846558,0.0,0.0,0.0,0.0030467690036088523,-0.09456522762775421,0.22176806595146864,0.22353133848679166,0.22176806595146864,0.22176806595146864,0.2139546587304134,0.22176806595146864,0.0,0.0,0.008957100967605483,-0.013629948003448076,0.0,0.0,nan,1.0,0.0,-0.8841895885861774,0.7392268865048955,1.3569999933242798,1.0,0,1,1,0,-1.3432015180587769,-9.310675621032715,3.068308522676484,FOLLOW_MAIN,cascade_pd_tracking,follow_main,inner_wheel_pd,lidar_disabled,FOLLOW_MAIN,COMMITTED,HOLD,1,1,1,1,1,1,2,0.43896961212158203,0.00011610984802246094,0.45052623748779297,0.4469747543334961,0.4657785892486572,0.4429898262023926,0.030318474000523565,0.08414560700111906
1784808950.6601992,29.56964635848999,-24.6,-0.0246,-24.6,-0.024599949431004346,-24.599949431004347,-0.024599949431004346,-24.599949431004347,-0.043000000000000003,-0.0429971186591154,-0.0429971186591154,-0.0017042529706219945,-0.020668706560576698,-0.013529972187052392,-2.0451035647463935e-05,-0.027948127128425013,-0.00016534965248461359,0.55,0.012,0.65,0.008,nan,0.2217615336797284,0.2217615336797284,0.2221623513684015,0.22216082835121842,0.21025000512599945,0.0,0.0,0.004453529874145736,0.004453036988326078,-0.0630435049533844,0.2217615336797284,0.21723401594688735,0.2217615336797284,0.2217615336797284,0.20840094405729098,0.22256316905707463,0.0,0.013360589622437413,0.00600582642321894,0.07419706319911992,0.0,0.0008016353773462447,nan,1.0,0.0,-0.8841895885861782,0.7392051122657614,1.3569999933242798,1.0,0,1,1,0,-1.3731107711791992,-9.307611465454102,3.0502144689217516,FOLLOW_MAIN,cascade_pd_tracking,follow_main,inner_wheel_pd,lidar_disabled,FOLLOW_MAIN,COMMITTED,HOLD,1,1,1,1,1,1,2,0.01437520980834961,0.010968685150146484,0.007502555847167969,0.003994941711425781,0.00016880035400390625,0.01798415184020996,0.025681122000605683,0.0005448520005302271
1784808951.0489202,29.958367347717285,-24.6,-0.0246,-24.6,-0.024599998756574072,-24.599998756574074,-0.024599998756574072,-24.599998756574074,-0.043000000000000003,-0.04299992915156977,-0.04299992915156977,-0.0003639969899055292,-0.004417858616056921,-0.01352999931611574,-4.36796387886635e-06,-0.027949953948520352,-3.534286892845537e-05,0.55,0.012,0.65,0.008,nan,0.22175275954998433,0.22175275954998433,0.22175275954998433,0.22216082835121842,0.21387499570846558,0.0,0.0,0.0,0.004453036988326078,0.031521786004304886,0.22175275954998433,0.2156977173687586,0.22175275954998433,0.22175275954998433,0.21441254274465948,0.22175275954998433,0.0,0.0,0.0004023809597326182,-0.036342564649840155,0.0,0.0,nan,1.0,0.0,-0.8841895885861785,0.7391758651666145,1.2799999713897705,1.0,0,1,1,0,-1.441530704498291,-9.299651145935059,3.0502144689217516,FOLLOW_MAIN,cascade_pd_tracking,follow_main,inner_wheel_pd,lidar_disabled,FOLLOW_MAIN,COMMITTED,HOLD,1,1,1,1,1,1,2,0.38059377670288086,7.462501525878906e-05,0.3961477279663086,0.3926396369934082,0.3888123035430908,0.38463664054870605,0.060597204999794485,0.08473073599998315
1784808951.099902,30.00934910774231,-24.6,-0.0246,-24.6,-0.024599998756574072,-24.599998756574074,-0.024599998756574072,-24.599998756574074,-0.043000000000000003,-0.04299992915156977,-0.04299992915156977,-0.0003639969899055292,-0.004417858616056921,-0.01352999931611574,-4.36796387886635e-06,-0.027949953948520352,-3.534286892845537e-05,0.55,0.012,0.65,0.008,nan,0.22175268168390935,0.22175268168390935,0.2220794466069373,0.2220794466069373,0.21387499570846558,0.0,0.0,0.003630721366977254,0.003630721366977254,-0.09456522762775421,0.22175268168390935,0.21803834282837287,0.22175268168390935,0.22175268168390935,0.21086051758297775,0.22240621152996526,0.0,0.010892164100931606,0.0003196558795952998,0.032279578996436756,0.0,0.0006535298460558964,nan,1.0,0.0,-0.8841895885861785,0.7391756056130312,1.2799999713897705,1.0,0,1,1,0,-1.4589422941207886,-9.297552108764648,3.0193564285138823,FOLLOW_MAIN,cascade_pd_tracking,follow_main,inner_wheel_pd,lidar_disabled,FOLLOW_MAIN,COMMITTED,HOLD,1,1,1,1,1,1,2,0.015043973922729492,0.011479377746582031,0.007950305938720703,0.004248857498168945,0.0001666545867919922,0.019174814224243164,0.09512034399995173,0.03285417599909124
1784808951.1518202,30.061267375946045,-24.6,-0.0246,-24.6,-0.024599999696631195,-24.599999696631194,-0.024599999696631195,-24.599999696631194,-0.043000000000000003,-0.042999982714528526,-0.042999982714528526,-0.00020222448364113735,-0.0024545464481142993,-0.013529999833147158,-2.426693803693648e-06,-0.02794998876444354,-1.9636371584914395e-05,0.55,0.012,0.65,0.008,nan,0.2217525921618399,0.2217525921618399,0.2221287921681971,0.2220793811514032,0.21387499570846558,0.0,0.0,0.0041800000706353965,0.003630700183956485,-0.09456522762775421,0.2217525921618399,0.2191242519975602,0.2217525921618399,0.2217525921618399,0.20921259194993352,0.22250499217455427,0.0,0.012540000211906377,0.00021256716185619266,0.031740413188370245,0.0,0.0007524000127143826,nan,1.0,0.0,-0.8841895885861788,0.739175307206133,1.2610000371932983,1.0,0,1,1,0,-1.4757007360458374,-9.29539966583252,3.0138403715012547,FOLLOW_MAIN,cascade_pd_tracking,follow_main,inner_wheel_pd,lidar_disabled,FOLLOW_MAIN,COMMITTED,HOLD,1,1,1,1,1,1,2,0.003598928451538086,0.00010895729064941406,0.014693737030029297,0.03351950645446777,0.011000633239746094,0.007359981536865234,0.015250755001034122,0.013441070001135813
1784808951.5881963,30.49764347076416,-24.6,-0.0246,-24.6,-0.024599999696631195,-24.599999696631194,-0.024599999696631195,-24.599999696631194,-0.043000000000000003,-0.042999982714528526,-0.042999982714528526,-0.00020222448364113735,-0.0024545464481142993,-0.013529999833147158,-2.426693803693648e-06,-0.02794998876444354,-1.9636371584914395e-05,0.55,0.012,0.65,0.008,nan,0.22175257235133103,0.22175257235133103,0.22212877176337295,0.22212877176337295,0.21387499570846558,0.0,0.0,0.004179993467132468,0.004179993467132468,-0.09456522762775421,0.22175257235133103,0.2191242519975602,0.22175257235133103,0.22175257235133103,0.20921259194993352,0.22250497117541487,0.0,0.012539980401397505,0.00018752088906728837,0.028000393208410457,0.0,0.0007523988240838502,nan,1.0,0.0,-0.8841895885861788,0.7391752411711034,1.2610000371932983,1.0,0,1,1,0,-1.4757007360458374,-9.29539966583252,3.0063692794021546,FOLLOW_MAIN,cascade_pd_tracking,follow_main,inner_wheel_pd,lidar_disabled,FOLLOW_MAIN,COMMITTED,HOLD,1,1,1,1,1,1,2,0.4219858646392822,0.41849327087402344,7.009506225585938e-05,0.43294215202331543,0.42925548553466797,0.42575597763061523,0.03405591699993238,0.03224623200003407
1784808951.6391695,30.548616647720337,-24.6,-0.0246,-24.6,-0.024599999997225626,-24.599999997225627,-0.024599999997225626,-24.599999997225627,-0.043000000000000003,-0.04299999984192071,-0.04299999984192071,-2.8597994112198045e-05,-0.00034712786224103744,-0.013529999998474096,-3.4317592934637653e-07,-0.027949999897248463,-2.7770228979282996e-06,0.55,0.012,0.65,0.008,nan,0.22175247212686305,0.22175247212686305,0.22175247212686305,0.22175247212686305,0.2175000011920929,0.0,0.0,0.0,0.0,0.0,0.22175247212686305,0.22294080771856012,0.22175247212686305,0.22175247212686305,0.2147218765495077,0.22175247212686305,0.0,0.0,0.01831528730968441,-0.03916105886896101,0.0,0.0,nan,1.0,0.0,-0.8841895885861834,0.7391749070895436,1.1540000438690186,1.0,0,1,1,0,-1.5807561874389648,-9.280055046081543,3.000821765286473,FOLLOW_MAIN,cascade_pd_tracking,follow_main,inner_wheel_pd,lidar_disabled,FOLLOW_MAIN,COMMITTED,HOLD,1,1,1,1,1,1,2,0.014392375946044922,0.01092529296875,0.007481813430786133,0.003982067108154297,0.00014328956604003906,0.017830848693847656,0.02645754900004249,0.01837864399931277
1784808952.0451376,30.95458483695984,-24.6,-0.0246,-24.6,-0.0245999999999095,-24.5999999999095,-0.0245999999999095,-24.5999999999095,-0.043000000000000003,-0.04299999999484343,-0.04299999999484343,-6.869978004931314e-06,-8.338928901772314e-05,-0.013529999999950226,-8.243973605917577e-08,-0.02794999999664823,-6.671143121417851e-07,0.55,0.012,0.65,0.008,nan,0.22175247088841907,0.22175247088841907,0.2204253279148033,0.2217524719254033,0.26100000739097595,0.0,0.0,0.00794242142683708,0.0,-0.12608692049980164,0.22175247088841907,0.2557851525889374,0.21971050998638797,0.22175247088841907,0.231957888308426,0.22114014584321864,-0.03403268170051835,-0.01020541742000694,-0.100650360758907,-0.09473247780517044,-0.0020419609020311006,-0.0006123250452004164,nan,1.0,0.0,-0.8841895885861853,0.7391749029613969,1.0579999685287476,1.0,0,1,1,0,-1.6590744256973267,-9.26485824584961,2.9925000088765343,FOLLOW_MAIN,cascade_pd_tracking,follow_main,inner_wheel_pd,lidar_disabled,FOLLOW_MAIN,COMMITTED,HOLD,1,1,1,1,1,1,2,0.3749563694000244,0.00010442733764648438,0.39063048362731934,0.38698601722717285,0.38289380073547363,0.3787236213684082,0.10264523099976941,0.08741195800030255
1784808952.09864,31.008087158203125,-2.9000000000000004,-0.0029000000000000002,-2.9000000000000004,-0.024599999999973518,-24.59999999997352,-0.024599999999973518,-24.59999999997352,-0.021,-0.042999999998491224,-0.042999999998491224,-4.116854226632613e-06,-4.9971282442495844e-05,-0.013529999999985436,-4.940225071959135e-08,-0.027949999999019298,-3.9977025953996675e-07,0.55,0.012,0.65,0.008,nan,0.22688724037606778,0.22688724037606778,0.22623042187531173,0.22623042187531173,0.2356249988079071,0.018376453246207177,0.00831078944993351,0.013531075429184154,0.013531075429184154,-0.09456522762775421,0.22632626208819726,0.24822021211339915,0.22501262508668515,0.2274482186639383,0.23046651156044765,0.2274482186639383,-0.02189395002520189,0.0,-0.008598323398745791,-0.016538436285626287,-0.0013136370015121134,0.0,nan,1.0,0.0,-0.009179784049254491,0.7562908012535593,1.0579999685287476,1.0,0,1,1,0,-1.6804044246673584,-9.25983715057373,2.9226157065278526,FOLLOW_MAIN,cascade_pd_tracking,follow_main,inner_wheel_pd,lidar_disabled,FOLLOW_MAIN,COMMITTED,UNKNOWN,1,1,1,1,1,1,1,0.014873743057250977,0.011445999145507812,0.007872581481933594,0.004260063171386719,0.00019288063049316406,0.018627166748046875,0.019692994999786606,0.03177595499982999
1784808952.1512392,31.060686349868774,-2.9000000000000004,-0.0029000000000000002,-2.9000000000000004,-0.024599999999973518,-24.59999999997352,-0.024599999999973518,-24.59999999997352,-0.021,-0.042999999998491224,-0.042999999998491224,-4.116854226632613e-06,-4.9971282442495844e-05,-0.013529999999985436,-4.940225071959135e-08,-0.027949999999019298,-3.9977025953996675e-07,0.55,0.012,0.65,0.008,nan,0.24001543105874512,0.23650471333615758,0.23622841361752306,0.23622841361752306,0.23925000429153442,0.026749577617966244,0.026749577617966244,0.0231321800871917,0.0231321800871917,-3.2393828064414265e-08,0.23469911684694486,0.243909107468096,0.2341465174096758,0.2383103098253703,0.23468788043737168,0.2383103098253703,-0.009209990621151132,0.0,0.06743763430576379,-0.01107797722514747,-0.0005525994372690679,0.0,nan,1.0,0.0,-0.009179784049254491,0.8000514368624838,1.0740000009536743,1.0,0,1,1,0,-1.6985310316085815,-9.255401611328125,2.9015900357987814,FOLLOW_MAIN,cascade_pd_tracking,follow_main,inner_wheel_pd,lidar_disabled,FOLLOW_MAIN,COMMITTED,UNKNOWN,1,1,1,1,1,1,1,0.010552644729614258,0.006990194320678711,0.0035636425018310547,0.00012636184692382812,0.018541574478149414,0.014763355255126953,0.07980220100034785,0.013274830000227666
1784808952.5804029,31.48985004425049,-2.9000000000000004,-0.0029000000000000002,-2.9000000000000004,-0.024599999999973518,-24.59999999997352,-0.024599999999973518,-24.59999999997352,-0.021,-0.042999999998491224,-0.042999999998491224,-4.116854226632613e-06,-4.9971282442495844e-05,-0.013529999999985436,-4.940225071959135e-08,-0.027949999999019298,-3.9977025953996675e-07,0.55,0.012,0.65,0.008,nan,0.2446283493252988,0.23969100277606675,0.23969100277606675,0.24924648576545974,0.23925000429153442,0.028780181806953267,0.028780181806953267,0.02158513635521497,0.09122837710328716,-3.2393828064414265e-08,0.2377483405040974,0.243909107468096,0.2377483405040974,0.2416336650480361,0.23468788043737168,0.2416336650480361,0.0,0.0,0.11655202966252726,-0.009700690259486985,0.0,0.0,nan,1.0,0.0,-0.009179784049254491,0.8154278310843294,1.0740000009536743,1.0,0,1,1,0,-1.6985310316085815,-9.255401611328125,2.9015900357987814,FOLLOW_MAIN,cascade_pd_tracking,follow_main,inner_wheel_pd,lidar_disabled,FOLLOW_MAIN,COMMITTED,UNKNOWN,1,1,1,1,1,1,1,0.4174025058746338,0.41381192207336426,0.4102184772491455,9.703636169433594e-05,0.4252939224243164,0.42134928703308105,0.0997165099997801,0.03318913899965992
1784808952.6309204,31.540367603302002,95.10000000000001,0.0951,95.10000000000001,-0.040360119495256114,-40.360119495256114,-0.040360119495256114,-40.360119495256114,0.597,-0.12542385107354267,-0.12542385107354267,-0.01264307979047155,-0.1534793123688728,-0.022198065722390865,-0.0001517169574856586,-0.08152550319780275,-0.0012278344989509824,0.55,0.012,0.65,0.008,nan,0.2451038499755728,0.2451038499755728,0.24546161010677775,0.2473477483981198,0.24650001525878906,0.1166081989644415,0.1166081989644415,0.09143126179227488,0.0914010780471438,0.06304347515106201,0.237232796545473,0.23322395355946254,0.237232796545473,0.2529749034056726,0.24104956569884142,0.2536904236680825,0.0,0.011925337706831157,-0.10813288021713945,-0.0978629396708072,0.0,0.0007155202624098694,nan,1.0,0.0,0.42,0.8170128332519093,1.5369999408721924,1.0,0,1,1,0,-1.7978405952453613,-9.231853485107422,2.9070117005534732,FOLLOW_MAIN,cascade_pd_tracking,follow_main,inner_wheel_pd,lidar_disabled,FOLLOW_MAIN,COMMITTED,UNKNOWN,1,1,1,1,1,1,1,0.007181882858276367,0.003676176071166992,0.00013899803161621094,0.018804073333740234,0.014976739883422852,0.011121273040771484,0.15621588400063047,0.04797378299917909
1784808953.0871024,31.996549606323242,-17.6,-0.0176,-17.6,-0.022067706141530915,-22.067706141530916,-0.022067706141530915,-22.067706141530916,-0.126,-0.12588690463168672,-0.12588690463168672,0.04892528208350584,-0.07928145027669235,-0.012137238377842004,0.0005871033850020701,-0.08182648801059637,-0.0006342516022135389,0.55,0.012,0.65,0.008,nan,0.2482511672668518,0.2482511672668518,0.2482511672668518,0.24680324851092997,0.2537499964237213,0.10090731791102735,0.10090731791102735,0.07568048843327056,0.08134170040283686,0.0630435049533844,0.24143992330785746,0.24075654764673654,0.24143992330785746,0.25506241122584616,0.24889940630348278,0.25506241122584616,0.0,0.0,-0.08231598823421572,-0.14923314322069436,0.0,0.0,nan,1.0,0.0,-0.12106680643465394,0.827503890889506,1.7580000162124634,1.0,0,1,1,0,-1.8166725635528564,-9.22769832611084,2.918800048098822,FOLLOW_MAIN,cascade_pd_tracking,follow_main,inner_wheel_pd,lidar_disabled,FOLLOW_MAIN,COMMITTED,HOLD,1,1,1,1,1,1,2,0.41969728469848633,0.4163203239440918,0.000102996826171875,0.430666446685791,0.4271812438964844,0.4236443042755127,0.03432173200053512,0.014291811001385213
1784808953.1373572,32.046804428100586,-75.4,-0.07540000000000001,-75.4,-0.07412454707302168,-74.12454707302169,-0.07412454707302168,-74.12454707302169,-0.126,-0.12599895640433526,-0.12599895640433526,-0.06680016220818265,-0.01136400239286941,-0.04076850089016193,-0.0008016019464981918,-0.08189932166281792,-9.091201914295529e-05,0.55,0.012,0.65,0.008,nan,0.2343297315832502,0.2343297315832502,0.23332361196173435,0.235089821733505,0.2501250207424164,0.11863499773659536,0.11863499773659536,0.09045367702129001,0.09087797443207377,0.09456522762775421,0.22632186923603004,0.24530667267289297,0.22518278102981826,0.24233759393047039,0.2568901112108025,0.24146444289365046,-0.01898480343686293,-0.014552517280332133,-0.01818833925230295,-0.02117755296454149,-0.0011390882062117756,-0.0008731510368199279,nan,1.0,0.0,-0.13727746097243745,0.7810991052775007,2.9100000858306885,1.0,0,1,1,0,-1.9354852437973022,-9.203903198242188,2.945025150970649,FOLLOW_MAIN,cascade_pd_tracking,follow_main,inner_wheel_pd,lidar_disabled,FOLLOW_MAIN,COMMITTED,HOLD,1,1,1,1,1,1,2,0.003782033920288086,0.00017070770263671875,0.029306650161743164,0.025816679000854492,0.011231422424316406,0.007780790328979492,0.04445380300057877,0.023851938000007067
1784808953.6099625,32.51940965652466,-15.600000000000001,-0.015600000000000001,-15.600000000000001,-0.02994455786191621,-29.94455786191621,-0.02994455786191621,-29.94455786191621,-0.112,-0.11585076317375159,-0.11585076317375159,0.1212184074318797,0.02901100705466362,-0.016469506824053917,0.0014546208891825564,-0.07530299606293854,0.00023208805643730896,0.55,0.012,0.65,0.008,nan,0.24429382807111358,0.24429382807111358,0.24453903139964595,0.23332361196173435,0.23199999332427979,0.08152115640436573,0.08152115640436573,0.06386534873141163,0.09045367702129001,0.06304347515106201,0.2387911500138189,0.23244278049048195,0.2387911500138189,0.24979650612840826,0.24162306184399646,0.250286912785473,0.0,0.008173444284411802,0.07059459428745415,0.11156833547979028,0.0,0.0004904066570647081,nan,1.0,0.0,-0.23607762336477636,0.8143127602370452,4.60699987411499,1.0,0,1,1,0,-2.0510056018829346,-9.185651779174805,2.960470859984929,FOLLOW_MAIN,cascade_pd_tracking,follow_main,inner_wheel_pd,lidar_disabled,FOLLOW_MAIN,COMMITTED,HOLD,1,1,1,1,1,1,2,0.4381883144378662,0.0001766681671142578,0.4499087333679199,0.4654068946838379,0.446014404296875,0.4421353340148926,0.07101690800118377,0.003221222001229762
1784808953.6607878,32.57023501396179,-15.3,-0.015300000000000001,-15.3,-0.022517179066674352,-22.517179066674352,-0.022517179066674352,-22.517179066674352,-0.109,-0.11385690062200612,-0.11385690062200612,0.1161383667480008,0.028572321001336082,-0.012384448486670894,0.0013936604009760095,-0.07400698540430398,0.00022857856801068865,0.55,0.012,0.65,0.008,nan,0.24769833475966818,0.24769833475966818,0.2483382595752139,0.2483382595752139,0.23199999332427979,0.07516620981581902,0.07516620981581902,0.05669704301907132,0.05669704301907132,0.06304347515106201,0.24262461559710038,0.23244278049048195,0.2432355257034975,0.25277205392223595,0.24162306184399646,0.25344099344693033,0.010181835106618436,0.011148992078239495,0.11029690014033863,0.10229956546572815,0.0006109101063971062,0.0006689395246943697,nan,1.0,0.0,-0.2995464401334254,0.8256611158655607,4.60699987411499,1.0,0,1,1,0,-2.0510056018829346,-9.185651779174805,3.0017020199373983,FOLLOW_MAIN,cascade_pd_tracking,follow_main,inner_wheel_pd,lidar_disabled,FOLLOW_MAIN,COMMITTED,UNKNOWN,1,1,1,1,1,1,1,0.007495403289794922,0.021440744400024414,0.00402069091796875,0.018215179443359375,0.00013828277587890625,0.011284112930297852,0.038893527000254835,0.04403410000122676
1784808954.078882,32.9883291721344,-15.3,-0.015300000000000001,-15.3,-0.022517179066674352,-22.517179066674352,-0.022517179066674352,-22.517179066674352,-0.109,-0.11385690062200612,-0.11385690062200612,0.1161383667480008,0.028572321001336082,-0.012384448486670894,0.0013936604009760095,-0.07400698540430398,0.00022857856801068865,0.55,0.012,0.65,0.008,nan,0.24769833475966818,0.24769833475966818,0.2483382595752139,0.24944158570002667,0.23199999332427979,0.07516620981581902,0.07516620981581902,0.05669704301907132,0.0563834717710603,0.06304347515106201,0.24262461559710038,0.23244278049048195,0.2432355257034975,0.25277205392223595,0.24162306184399646,0.25344099344693033,0.010181835106618436,0.011148992078239495,0.11029690014033863,0.10229956546572815,0.0006109101063971062,0.0006689395246943697,nan,1.0,0.0,-0.2995464401334254,0.8256611158655607,4.60699987411499,1.0,0,1,1,0,-2.0510056018829346,-9.185651779174805,3.0175883084573427,FOLLOW_MAIN,cascade_pd_tracking,follow_main,inner_wheel_pd,lidar_disabled,FOLLOW_MAIN,COMMITTED,UNKNOWN,1,1,1,1,1,1,1,0.41011643409729004,0.4395017623901367,0.42208147048950195,0.40668177604675293,8.130073547363281e-05,0.4140653610229492,0.038893527000254835,0.04403410000122676
1784808954.1321843,33.04163146018982,24.5,0.0245,24.5,0.007426816191228319,7.426816191228319,0.0,0.0,0.17300000000000001,0.045044497037381684,0.045044497037381684,0.05159773303722148,0.3803872618402621,0.0,0.0006191727964466578,0.029278923074298094,0.003043098094722097,0.55,0.012,0.65,0.008,nan,0.21629843106571495,0.21710249574250493,0.21578279674252965,0.22801343964186938,0.26462501287460327,0.0358452212328284,0.0506995249724352,0.046155341107879166,0.046155341107879166,0.03152172267436981,0.21368027780686555,0.2524089815879954,0.21162881604282052,0.2205247136781443,0.2571393355000391,0.21993677744223877,-0.03872870378112986,-0.03661462182189479,-0.34577835479033486,-0.33258162153098075,-0.0023237222268677913,-0.0021968773093136874,nan,1.0,0.0,3.9959999999999996,0.7209947702190499,1.7979999780654907,1.0,0,1,1,0,-2.171398162841797,-9.171634674072266,3.031111408788636,FOLLOW_MAIN,cascade_pd_tracking,follow_main,inner_wheel_pd,lidar_disabled,FOLLOW_MAIN,COMMITTED,UNKNOWN,1,1,1,1,1,1,1,0.0035033226013183594,0.00010275840759277344,0.017902135848999023,0.014395475387573242,0.010710716247558594,0.00713038444519043,0.013377606999711134,0.02568397399954847
1784808954.5924056,33.5018527507782,24.5,0.0245,24.5,0.007426816191228319,7.426816191228319,0.0,0.0,0.17300000000000001,0.045044497037381684,0.045044497037381684,0.05159773303722148,0.3803872618402621,0.0,0.0006191727964466578,0.029278923074298094,0.003043098094722097,0.55,0.012,0.65,0.008,nan,0.1884154513483714,0.18970773044245443,0.18838803144247915,0.1738565450751413,0.26462501287460327,0.035779336593677165,0.035779336593677165,0.046155341107879166,-0.027456375832880485,0.03152172267436981,0.18729262522238121,0.2524089815879954,0.18423405074277002,0.19212283566252764,0.2571393355000391,0.19254201214218827,-0.06511635636561419,-0.06501649983751145,-0.42154208686541395,-0.4225381873566766,-0.003906981381936851,-0.003900989990250687,nan,1.0,0.0,3.9959999999999996,0.6280515044945714,2.075000047683716,1.0,0,1,1,0,-2.171398162841797,-9.171634674072266,3.0362812850358294,FOLLOW_MAIN,cascade_pd_tracking,follow_main,inner_wheel_pd,lidar_disabled,FOLLOW_MAIN,COMMITTED,UNKNOWN,1,1,1,1,1,1,1,0.42735958099365234,0.4238159656524658,0.42023730278015137,0.00013327598571777344,0.43544578552246094,0.4314441680908203,0.05251298599978327,0.0648193529996206
1784808954.6427107,33.55215787887573,0.4,0.0004,0.4,-0.004083871276711027,-4.083871276711027,0.0,0.0,0.003,-0.022286198520778837,0.0,-0.009937320900233824,-0.07097468608534169,0.0,-0.0001192478508028059,0.0,-0.0005677974886827335,0.55,0.012,0.65,0.008,nan,0.2698035018212878,0.181106171597283,0.180509592698953,0.180509592698953,0.15950000286102295,0.0,0.0,-0.006628654425888978,-0.006628654425888978,0.12608695030212402,0.181106171597283,0.17748686562124968,0.181106171597283,0.181106171597283,0.2009921348749499,0.179913013800623,0.0,-0.019885963277666896,0.2984874258415128,0.31125128045630324,0.0,-0.0011931577966600138,nan,1.0,0.0,-0.003,0.8993450060709595,3.509000062942505,1.0,0,1,1,0,-2.276489496231079,-9.16220474243164,3.0725943405790304,FOLLOW_MAIN,cascade_pd_tracking,follow_main,inner_wheel_pd,lidar_disabled,FOLLOW_MAIN,COMMITTED,HOLD,1,1,1,1,1,1,2,0.01781916618347168,0.014245748519897461,0.010881662368774414,0.007553577423095703,0.003911495208740234,0.00012493133544921875,0.027131103999636252,0.06043100299939397
1784808955.0715082,33.980955362319946,-0.6000000000000001,-0.0006000000000000001,-0.6000000000000001,-0.0019140190414661537,-1.9140190414661538,0.0,0.0,-0.005,-0.01004960407032365,0.0,-0.007543392884821268,-0.05387668843480659,0.0,-9.052071461785521e-05,0.0,-0.00043101350747845276,0.55,0.012,0.65,0.008,nan,0.2804293664717465,0.1880453045573888,0.1901855836037467,0.18397615971027315,0.11962500214576721,0.0,0.0,-0.0014323529478079933,-0.005506788079183422,-0.09456516802310944,0.1880453045573888,0.15022545769637813,0.19031449536904943,0.1880453045573888,0.15452251653980248,0.190056671838444,0.03781984686101067,0.03352278801758632,0.4578009240306222,0.561111077217797,0.00226919081166064,0.002011367281055179,nan,1.0,0.0,-0.268,0.9347645549058217,3.5260000228881836,1.0,0,1,1,0,-2.286412477493286,-9.161865234375,3.097181019586867,FOLLOW_MAIN,cascade_pd_tracking,follow_main,inner_wheel_pd,lidar_disabled,FOLLOW_MAIN,COMMITTED,HOLD,1,1,1,1,1,1,2,0.4021470546722412,0.39848756790161133,7.891654968261719e-05,0.41404271125793457,0.41018128395080566,0.40619730949401855,0.00435059099982027,0.013308478000908508
1784808955.1220558,34.03150296211243,-11.100000000000001,-0.011100000000000002,-11.100000000000001,-0.007031980314518273,-7.031980314518273,0.0,0.0,-0.079,-0.05016269353488812,-0.05016269353488812,-0.0016142385531421539,-0.18846180033437296,0.0,-1.9370862637705848e-05,-0.03260575079767728,-0.0015076944026749836,0.55,0.012,0.65,0.008,nan,0.24878371574457142,0.24878371574457142,0.25257137636794413,0.2485508136048188,0.21024999022483826,0.0,0.0,0.0006867659288953584,-0.0009909576918800615,0.06304344534873962,0.24878371574457142,0.1866861875817024,0.25250956743434355,0.24878371574457142,0.18462588979501693,0.2526331853015447,0.06209752816286901,0.06415782594955449,-0.012523021372158112,-0.024973812591279086,0.0037258516897721405,0.0038494695569732695,nan,1.0,0.0,-1.1933776171170254,0.8292790524819048,3.5250000953674316,1.0,0,1,1,0,-2.3508005142211914,-9.157694816589355,3.0744215848992,FOLLOW_MAIN,cascade_pd_tracking,follow_main,inner_wheel_pd,lidar_disabled,FOLLOW_MAIN,COMMITTED,HOLD,1,1,1,1,1,1,2,0.014362573623657227,0.010859251022338867,0.00732731819152832,0.0038819313049316406,0.00013518333435058594,0.018256664276123047,0.07238901900018391,0.06617887200081896
1784808955.17248,34.08192729949951,-11.100000000000001,-0.011100000000000002,-11.100000000000001,-0.007031980314518273,-7.031980314518273,0.0,0.0,-0.079,-0.05016269353488812,-0.05016269353488812,-0.0016142385531421539,-0.18846180033437296,0.0,-1.9370862637705848e-05,-0.03260575079767728,-0.0015076944026749836,0.55,0.012,0.65,0.008,nan,0.23935968720817613,0.23935968720817613,0.2414650948005074,0.24504799638731223,0.22474999725818634,0.0,0.0,-0.0009909576918802157,-0.0009909576918802157,0.06304344534873962,0.23935968720817613,0.2027831241315014,0.24155428099277662,0.23935968720817613,0.205755997207142,0.24137590860823818,0.03657656307667473,0.03360369000103414,-0.13585442288971203,-0.16784932158250798,0.0021945937846004834,0.002016221400062048,nan,1.0,0.0,-1.1933776171170254,0.7978656240272538,3.5250000953674316,1.0,0,1,1,0,-2.3691763877868652,-9.156291007995605,3.0653425925518505,FOLLOW_MAIN,cascade_pd_tracking,follow_main,inner_wheel_pd,lidar_disabled,FOLLOW_MAIN,COMMITTED,HOLD,1,1,1,1,1,1,2,0.0037026405334472656,0.0001544952392578125,0.035224199295043945,0.015889644622802734,0.011885643005371094,0.007871389389038086,0.1337186330001714,0.04992874699928507
1784808955.6039398,34.513386964797974,-11.100000000000001,-0.011100000000000002,-11.100000000000001,-0.007031980314518273,-7.031980314518273,0.0,0.0,-0.079,-0.05016269353488812,-0.05016269353488812,-0.0016142385531421539,-0.18846180033437296,0.0,-1.9370862637705848e-05,-0.03260575079767728,-0.0015076944026749836,0.55,0.012,0.65,0.008,nan,0.23935968720817613,0.23935968720817613,0.2414650948005074,0.24008753538702104,0.22474999725818634,0.0,0.0,-0.0009909576918802157,0.0,0.06304344534873962,0.23935968720817613,0.2027831241315014,0.24155428099277662,0.23935968720817613,0.205755997207142,0.24137590860823818,0.03657656307667473,0.03360369000103414,-0.13585442288971203,-0.16784932158250798,0.0021945937846004834,0.002016221400062048,nan,1.0,0.0,-1.1933776171170254,0.7978656240272538,3.5250000953674316,1.0,0,1,1,0,-2.3691763877868652,-9.156291007995605,3.0653425925518505,FOLLOW_MAIN,cascade_pd_tracking,follow_main,inner_wheel_pd,lidar_disabled,FOLLOW_MAIN,COMMITTED,HOLD,1,1,1,1,1,1,2,0.4351344108581543,0.43158555030822754,0.42800140380859375,8.845329284667969e-05,0.4433126449584961,0.4392979145050049,0.1337186330001714,0.04992874699928507
1784808955.65559,34.5650372505188,-8.8,-0.0088,-8.8,-0.009409422574773788,-9.409422574773789,0.0,0.0,-0.063,-0.06662758881226652,-0.06662758881226652,-0.00017109034400828103,-0.019430416304907883,0.0,-2.0530841280993725e-06,-0.04330793272797324,-0.00015544333043926307,0.55,0.012,0.65,0.008,nan,0.23808647636133456,0.23808647636133456,0.23808647636133456,0.23808647636133456,0.22474999725818634,0.0,0.0,0.0,0.0,0.0,0.23808647636133456,0.23255651102774116,0.23808647636133456,0.23808647636133456,0.23256736263089944,0.23808647636133456,0.0,0.0,-0.04837221236679908,-0.056941326956603776,0.0,0.0,nan,1.0,0.0,-0.8322176123208613,0.7936215878711153,3.3570001125335693,1.0,0,1,1,0,-2.4899375438690186,-9.14773178100586,3.071112336484709,FOLLOW_MAIN,cascade_pd_tracking,follow_main,inner_wheel_pd,lidar_disabled,FOLLOW_MAIN,COMMITTED,HOLD,1,1,1,1,1,1,2,0.0035407543182373047,0.00011038780212402344,0.03350329399108887,0.015618324279785156,0.011565208435058594,0.007424116134643555,0.07264892600142048,0.014253626000936492
1784808956.0806496,34.99009680747986,-8.4,-0.008400000000000001,-8.4,-0.009077594898169223,-9.077594898169222,0.0,0.0,-0.06,-0.06465238405767086,-0.06465238405767086,-0.00012329086290556029,-0.006984222889335542,0.0,-1.4794903548667234e-06,-0.042024049637486065,-5.587378311468434e-05,0.55,0.012,0.65,0.008,nan,0.23745392582273955,0.23745392582273955,0.23745392582273955,0.24713414743683254,0.22474999725818634,0.0,0.0,0.0,0.0,0.0,0.23745392582273955,0.23255651102774116,0.23745392582273955,0.23745392582273955,0.23256736263089944,0.23745392582273955,0.0,0.0,-0.04079507530692555,-0.048021903642871046,0.0,0.0,nan,1.0,0.0,-0.7684856802806369,0.7915130860757985,3.3570001125335693,1.0,0,1,1,0,-2.4899375438690186,-9.14773178100586,3.071112336484709,FOLLOW_MAIN,cascade_pd_tracking,follow_main,inner_wheel_pd,lidar_disabled,FOLLOW_MAIN,COMMITTED,HOLD,1,1,1,1,1,1,2,0.4106099605560303,0.407137393951416,0.4038510322570801,8.416175842285156e-05,0.4180305004119873,0.4144268035888672,0.01956864299972949,0.03980824900099833
1784808956.132349,35.04179620742798,-7.6000000000000005,-0.007600000000000001,-7.6000000000000005,-0.008113949169159446,-8.113949169159445,0.0,0.0,-0.055,-0.057824067550714495,-0.057824067550714495,-4.0981898000052905e-05,0.01431967408543997,0.0,-4.917827760006348e-07,-0.03758564390796442,0.00011455739268351977,0.55,0.012,0.65,0.008,nan,0.24802491730477072,0.24802491730477072,0.24837456014599582,0.2479059429365303,0.22837498784065247,0.0,0.0,0.0038849204580566742,0.003733264403213421,-0.09456522762775421,0.24802491730477072,0.240475892885375,0.24802491730477072,0.24802491730477072,0.23637015593060082,0.24872420298722092,0.0,0.011654761374169903,-0.0019545090909532624,0.06290848666701049,0.0,0.0006992856824501941,nan,1.0,0.0,-0.6344917114834775,0.8267497243492358,3.253000020980835,1.0,0,1,1,0,-2.6014184951782227,-9.139657020568848,3.0692517060102746,FOLLOW_MAIN,cascade_pd_tracking,follow_main,inner_wheel_pd,lidar_disabled,FOLLOW_MAIN,COMMITTED,HOLD,1,1,1,1,1,1,2,0.003766775131225586,0.0001518726348876953,0.03364753723144531,0.01543736457824707,0.011749505996704102,0.007775545120239258,0.21099218699964695,0.03260430699992867
1784808956.6035988,35.51304602622986,-7.300000000000001,-0.007300000000000001,-7.300000000000001,-0.007654234074292007,-7.654234074292007,0.0,0.0,-0.052000000000000005,-0.055298007465605176,-0.055298007465605176,-1.6056668005426314e-05,0.012442264557206935,0.0,-1.9268001606511577e-07,-0.035943704852643366,9.953811645765548e-05,0.55,0.012,0.65,0.008,nan,0.24935125717885606,0.24935125717885606,0.2500069511451082,0.2500069511451082,0.22837498784065247,0.0,0.0,0.001368578984924867,0.001368578984924867,-0.09456522762775421,0.24935125717885606,0.240475892885375,0.24988377903646491,0.24935125717885606,0.23637015593060082,0.2501301232537514,0.00887536429348107,0.012981101248255245,0.047722322591166204,0.056398604339145064,0.0005325218576088641,0.0007788660748953147,nan,1.0,0.0,-0.5616759446306484,0.8311708572628536,3.2339999675750732,1.0,0,1,1,0,-2.6014184951782227,-9.139657020568848,3.0593849950035894,FOLLOW_MAIN,cascade_pd_tracking,follow_main,inner_wheel_pd,lidar_disabled,FOLLOW_MAIN,COMMITTED,HOLD,1,1,1,1,1,1,2,0.4378674030303955,0.43447256088256836,0.43105316162109375,0.4275815486907959,0.42400622367858887,7.367134094238281e-05,0.02485417900061293,0.07134779700027138
1784808956.6538835,35.56333065032959,-5.5,-0.0055,-5.5,-0.005810744667306392,-5.810744667306392,0.0,0.0,-0.04,-0.04188175668726353,-0.04188175668726353,-2.8435241179581227e-06,0.02934905500114247,0.0,-3.4122289415497476e-08,-0.027223141846721297,0.00023479244000913977,0.55,0.012,0.65,0.008,nan,0.2834407031271246,0.2834407031271246,0.28528858002775487,0.28364620107761906,0.2718749940395355,0.01643062615325617,0.01643062615325617,0.012499382797609426,0.012092892344724004,0.031521786004304886,0.28233163586177984,0.2517983072919438,0.28416363557597,0.28454977039246937,0.25348720227463023,0.2864135244795397,0.030533328569836038,0.03106256811783914,-0.017447516511446156,-0.024390029431712187,0.0018319997141901623,0.0018637540870703483,nan,1.0,0.0,-0.16755323092012717,0.944802343757082,3.1050000190734863,1.0,0,1,1,0,-2.7141857147216797,-9.130317687988281,3.0529543701387087,FOLLOW_MAIN,cascade_pd_tracking,follow_main,inner_wheel_pd,lidar_disabled,FOLLOW_MAIN,COMMITTED,HOLD,1,1,1,1,1,1,2,0.0069959163665771484,0.0034837722778320312,0.00012230873107910156,0.03674745559692383,0.01496434211730957,0.01096200942993164,0.09028656899863563,0.07321720299842127
1784808957.064637,35.97408413887024,-5.2,-0.0052,-5.2,-0.00560688098434153,-5.60688098434153,0.0,0.0,-0.037,-0.040647232368521,-0.040647232368521,-1.8227645194378062e-06,0.022965807161592557,0.0,-2.1873174233253676e-08,-0.026420701039538648,0.00018372645729274045,0.55,0.012,0.65,0.008,nan,0.28490605343521785,0.28490605343521785,0.28680985054667385,0.28680985054667385,0.2537499964237213,0.016576646382432104,0.016576646382432104,0.012886642566338941,0.012886642566338941,3.2393828064414265e-08,0.2837871298044037,0.2527384146160757,0.2856500527157034,0.286024977066032,0.2536137885391595,0.2879696483776444,0.03104871518832797,0.032411188526872525,-0.012195124058880704,-0.013107264189967447,0.001862922911299678,0.0019446713116123514,nan,1.0,0.0,-0.08627015558454101,0.9496868447840595,3.1050000190734863,1.0,0,1,1,0,-2.732898235321045,-9.128756523132324,3.058344531763608,FOLLOW_MAIN,cascade_pd_tracking,follow_main,inner_wheel_pd,lidar_disabled,FOLLOW_MAIN,COMMITTED,HOLD,1,1,1,1,1,1,2,0.3955199718475342,0.3919382095336914,0.3884294033050537,0.40731191635131836,0.38451147079467773,7.486343383789062e-05,0.0020118150005146163,0.012806292999812285
1784808957.1154718,36.02491903305054,-5.0,-0.005,-5.0,-0.005226951291301366,-5.226951291301367,0.0,0.0,-0.035,-0.037241588144422286,-0.037241588144422286,-5.882031012214949e-07,0.01590856855884749,0.0,-7.05843721465794e-09,-0.024207032293874487,0.00012726854847077993,0.55,0.012,0.65,0.008,nan,0.2997298367863471,0.2997298367863471,0.3,0.3,0.2827500104904175,0.022846851542850558,0.022846851542850558,0.018322705947871082,0.018322705947871082,-6.478765612882853e-08,0.2981876743072047,0.27350481041756136,0.2996686461405833,0.30127199926548953,0.2730264335036463,0.3029667332112001,0.02468286388964336,0.028245565761843228,-0.02351830188306635,-0.02396390945401728,0.0014809718333786014,0.0016947339457105935,nan,1.0,0.0,-0.00350731345300785,0.9990994559544905,3.063999891281128,1.0,0,1,1,0,-2.819631814956665,-9.121167182922363,3.0529858473095093,FOLLOW_MAIN,cascade_pd_tracking,follow_main,inner_wheel_pd,lidar_disabled,FOLLOW_MAIN,COMMITTED,HOLD,1,1,1,1,1,1,2,0.010350465774536133,0.0067980289459228516,0.0034394264221191406,6.604194641113281e-05,0.01855754852294922,0.014705419540405273,0.17067023500021605,0.13216809699952137
1784808957.1680498,36.07749700546265,-5.0,-0.005,-5.0,-0.005226951291301366,-5.226951291301367,0.0,0.0,-0.035,-0.037241588144422286,-0.037241588144422286,-5.882031012214949e-07,0.01590856855884749,0.0,-7.05843721465794e-09,-0.024207032293874487,0.00012726854847077993,0.55,0.012,0.65,0.008,nan,0.29982160036193095,0.29982160036193095,0.3,0.3,0.29362499713897705,0.0231578611248565,0.0231578611248565,0.017475357588782787,0.017475357588782787,0.03152165561914444,0.29825844473600316,0.28598605946651684,0.2989947878521723,0.30138475598785874,0.2887914854829506,0.3021403522181532,0.012272385269486319,0.01259327050490816,-0.08493137561027282,-0.10278705761259041,0.0007363431161691791,0.0007555962302944896,nan,1.0,0.0,-0.00350731345300785,0.9994053345397699,3.063999891281128,1.0,0,1,1,0,-2.860870599746704,-9.11750316619873,3.0529858473095093,FOLLOW_MAIN,cascade_pd_tracking,follow_main,inner_wheel_pd,lidar_disabled,FOLLOW_MAIN,COMMITTED,HOLD,1,1,1,1,1,1,2,0.018964290618896484,0.0152130126953125,0.011582374572753906,0.008013010025024414,0.004065513610839844,0.00016260147094726562,0.21217024299949117,0.031688121998740826
1784808957.6249425,36.53438973426819,-5.0,-0.005,-5.0,-0.005226951291301366,-5.226951291301367,0.0,0.0,-0.035,-0.037241588144422286,-0.037241588144422286,-5.882031012214949e-07,0.01590856855884749,0.0,-7.05843721465794e-09,-0.024207032293874487,0.00012726854847077993,0.55,0.012,0.65,0.008,nan,0.2998539670120011,0.2998539670120011,0.3,0.3,0.29362499713897705,0.023273577436131704,0.023273577436131704,0.017567352056246623,0.016797874309510158,0.03152165561914444,0.29828300053506224,0.28598605946651684,0.299020816999175,0.30142493348894,0.2887914854829506,0.3021829403692994,0.012296941068545397,0.012633448005989423,-0.07416682727036984,-0.08969413235318911,0.0007378164641127238,0.0007580068803593654,nan,1.0,0.0,-0.00350731345300785,0.9995132233733371,3.063999891281128,1.0,0,1,1,0,-2.860870599746704,-9.11750316619873,3.06893604060693,FOLLOW_MAIN,cascade_pd_tracking,follow_main,inner_wheel_pd,lidar_disabled,FOLLOW_MAIN,COMMITTED,HOLD,1,1,1,1,1,1,2,0.4526352882385254,0.44900035858154297,0.4454188346862793,0.44189929962158203,0.00010013580322265625,0.45701122283935547,0.23218960799931665,0.05170748699856631
1784808957.6752052,36.58465242385864,-4.2,-0.004200000000000001,-4.2,-0.004491443024522832,-4.491443024522832,0.0,0.0,-0.03,-0.03189242016759744,-0.03189242016759744,-3.348838132870187e-08,0.00913512258975166,0.0,-4.018605759444224e-10,-0.020730073108938336,7.308098071801328e-05,0.55,0.012,0.65,0.008,nan,0.29999901052635464,0.29999901052635464,0.29933482819113444,0.29933482819113444,0.3153750002384186,0.01760735955654578,0.01760735955654578,0.013311627320553635,0.013311627320553635,0.031521786004304886,0.2988105137562878,0.3100393808230073,0.29813678173228464,0.30118750729642146,0.31209805140370794,0.3005328746499843,-0.011228867066719495,-0.01091054410728648,-0.03252459629723766,-0.05954458620866119,-0.0006737320240031697,-0.0006546326464371888,nan,1.0,0.0,-0.019206956426284224,0.9999967017545155,2.8989999294281006,1.0,0,1,1,0,-3.013115167617798,-9.105687141418457,3.0644594890238963,FOLLOW_MAIN,cascade_pd_tracking,follow_main,inner_wheel_pd,lidar_disabled,FOLLOW_MAIN,COMMITTED,HOLD,1,1,1,1,1,1,2,0.010687589645385742,0.0071794986724853516,0.0036821365356445312,0.00014209747314453125,0.018335580825805664,0.014569282531738281,0.043821377999847755,0.05338943100105098
1784808958.0972047,37.006651878356934,-4.2,-0.004200000000000001,-4.2,-0.004491443024522832,-4.491443024522832,0.0,0.0,-0.03,-0.03189242016759744,-0.03189242016759744,-3.348838132870187e-08,0.00913512258975166,0.0,-4.018605759444224e-10,-0.020730073108938336,7.308098071801328e-05,0.55,0.012,0.65,0.008,nan,0.29999901052635464,0.29999901052635464,0.29933482819113444,0.29933482819113444,0.3153750002384186,0.01760735955654578,0.01760735955654578,0.013311627320553635,0.013311627320553635,0.031521786004304886,0.2988105137562878,0.3100393808230073,0.29813678173228464,0.30118750729642146,0.31209805140370794,0.3005328746499843,-0.011228867066719495,-0.01091054410728648,-0.03252459629723766,-0.05954458620866119,-0.0006737320240031697,-0.0006546326464371888,nan,1.0,0.0,-0.019206956426284224,0.9999967017545155,2.8989999294281006,1.0,0,1,1,0,-3.013115167617798,-9.105687141418457,3.0644594890238963,FOLLOW_MAIN,cascade_pd_tracking,follow_main,inner_wheel_pd,lidar_disabled,FOLLOW_MAIN,COMMITTED,HOLD,1,1,1,1,1,1,2,9.775161743164062e-05,0.42913031578063965,0.4256322383880615,0.4220921993255615,0.4179658889770508,0.4140655994415283,0.043821377999847755,0.05338943100105098
1784808958.1479905,37.05743765830994,-3.7,-0.0037,-3.7,-0.004019515641265767,-4.019515641265767,0.0,0.0,-0.027,-0.029103606785207653,-0.029103606785207653,-5.630253086459827e-09,0.006179167211476761,0.0,-6.756303703751793e-11,-0.018917344410384975,4.9433337691814086e-05,0.55,0.012,0.65,0.008,nan,0.29999999018520507,0.29999999018520507,0.3,0.3,0.26462501287460327,0.02095568777501759,0.02095568777501759,0.015380668140977752,0.01498127912274716,0.03152172267436981,0.29858548126039136,0.27777956038006457,0.299833836513211,0.3014144991100188,0.2816168713005487,0.302602356778587,0.02080592088032679,0.019797627809470086,0.11480332624282703,0.10801750275476589,0.0012483552528196073,0.0011878576685682052,nan,1.0,0.0,0.05782361243002017,0.999999967284017,2.740999937057495,1.0,0,1,1,0,-3.1525187492370605,-9.095741271972656,3.070575408297264,FOLLOW_MAIN,cascade_pd_tracking,follow_main,inner_wheel_pd,lidar_disabled,FOLLOW_MAIN,COMMITTED,HOLD,1,1,1,1,1,1,2,0.018627643585205078,0.015076875686645508,0.011529684066772461,0.007943153381347656,0.004080772399902344,0.0001876354217529297,0.07721899999887682,0.03164054799890437
1784808958.6289043,37.53835153579712,-3.4000000000000004,-0.0034000000000000002,-3.4000000000000004,-0.0038438827638527903,-3.84388276385279,0.0,0.0,-0.024,-0.027947286202065467,-0.027947286202065467,-4.037939932946736e-09,0.00853064041438878,0.0,-4.845527919536084e-11,-0.018165736031342555,6.824512331511023e-05,0.55,0.012,0.65,0.008,nan,0.2999999919464811,0.2999999919464811,0.3,0.2995076837954737,0.26462501287460327,0.02045331165145753,0.02045331165145753,0.01498127912274716,0.0,0.03152172267436981,0.2986193934100077,0.27777956038006457,0.2998697833918043,0.30138059048295446,0.2816168713005487,0.3025664136338988,0.020839833029943133,0.01976371918240577,0.10083330731736995,0.09446214859964985,0.001250389981796588,0.0011858231509443461,nan,1.0,0.0,0.08024542190292949,0.9999999731549369,2.740999937057495,1.0,0,1,1,0,-3.1525187492370605,-9.095741271972656,3.077573474838887,FOLLOW_MAIN,cascade_pd_tracking,follow_main,inner_wheel_pd,lidar_disabled,FOLLOW_MAIN,COMMITTED,HOLD,1,1,1,1,1,1,2,0.4477684497833252,0.4735233783721924,0.4442126750946045,0.0001366138458251953,0.45524048805236816,0.45162367820739746,0.017216440000993316,0.05141872800049896
1784808958.6795828,37.589030027389526,-1.7000000000000002,-0.0017000000000000001,-1.7000000000000002,-0.0019903462282808045,-1.9903462282808044,0.0,0.0,-0.012,-0.014371148155838983,0.0,-4.993039973151442e-10,0.02311451212827553,0.0,-5.99164796778173e-12,0.0,0.00018491609702620424,0.55,0.012,0.65,0.008,nan,0.29853126787081313,0.29853126787081313,0.29853126787081313,0.29890793800569826,0.29725000262260437,0.0,0.0,0.0,0.0,0.0,0.29853126787081313,0.2989935566364756,0.29853126787081313,0.29853126787081313,0.2990478914871115,0.29853126787081313,0.0,0.0,0.005485546367503812,0.005939876409272047,0.0,0.0,nan,1.0,0.0,0.3656982440426826,0.9951042262360438,2.578000068664551,1.0,0,1,1,0,-3.320622205734253,-9.085289001464844,3.0828692307440373,FOLLOW_MAIN,cascade_pd_tracking,follow_main,inner_wheel_pd,lidar_disabled,FOLLOW_MAIN,COMMITTED,HOLD,1,1,1,1,1,1,2,0.007448911666870117,0.0037970542907714844,0.00015735626220703125,0.018798828125,0.015120983123779297,0.01134943962097168,0.0340098990000115,0.013075292999928934
1784808959.1128957,38.022342920303345,-1.7000000000000002,-0.0017000000000000001,-1.7000000000000002,-0.0019903462282808045,-1.9903462282808044,0.0,0.0,-0.012,-0.014371148155838983,0.0,-4.993039973151442e-10,0.02311451212827553,0.0,-5.99164796778173e-12,0.0,0.00018491609702620424,0.55,0.012,0.65,0.008,nan,0.29853126787081313,0.29853126787081313,0.29853126787081313,0.29796268828032213,0.29725000262260437,0.0,0.0,0.0,0.0,0.0,0.29853126787081313,0.2989935566364756,0.29853126787081313,0.29853126787081313,0.2990478914871115,0.29853126787081313,0.0,0.0,0.005485546367503812,0.005939876409272047,0.0,0.0,nan,1.0,0.0,0.3656982440426826,0.9951042262360438,2.578000068664551,1.0,0,1,1,0,-3.320622205734253,-9.085289001464844,3.0803791805962306,FOLLOW_MAIN,cascade_pd_tracking,follow_main,inner_wheel_pd,lidar_disabled,FOLLOW_MAIN,COMMITTED,HOLD,1,1,1,1,1,1,2,0.44074463844299316,0.4370920658111572,0.43345212936401367,0.42970991134643555,0.42582225799560547,0.00010514259338378906,0.0340098990000115,0.013075292999928934
1784808959.164033,38.07348012924194,-12.8,-0.0128,-12.8,-0.008513058127751173,-8.513058127751172,0.0,0.0,-0.091,-0.06062527358503113,-0.06062527358503113,-7.729241474714398e-11,-0.20434169843032493,0.0,-9.275089769657278e-13,-0.039406427830270235,-0.0016347335874425995,0.55,0.012,0.65,0.008,nan,0.29729603876185007,0.29729603876185007,0.29729603876185007,0.2978031381656892,0.28999999165534973,0.041943751260378546,0.03549114989973533,0.026618362424801756,0.030693878609018413,0.0,0.2949003861436179,0.294622205605849,0.2949003861436179,0.2996916913800822,0.2948706590197709,0.2996916913800822,0.0,0.0,0.019177353223453226,0.018406313427652206,0.0,0.0,nan,1.0,0.0,-0.11573885800197412,0.9909867958728336,2.4549999237060547,1.0,0,1,1,0,-3.46464467048645,-9.076823234558105,3.083688435168712,FOLLOW_MAIN,cascade_pd_tracking,follow_main,inner_wheel_pd,lidar_disabled,FOLLOW_MAIN,COMMITTED,UNKNOWN,1,1,1,1,1,1,1,0.014656543731689453,0.011141777038574219,0.0075550079345703125,0.0041310787200927734,0.00014925003051757812,0.018545866012573242,0.06579335400056152,0.00980468300076609
1784808959.6262937,38.53574085235596,-14.200000000000001,-0.0142,-14.200000000000001,-0.011039295789809812,-11.039295789809813,0.0,0.0,-0.10200000000000001,-0.0785246946947391,-0.0785246946947391,-5.334716917659238e-11,-0.20335253069767226,0.0,-6.401660301191086e-13,-0.05104105155158042,-0.0016268202455813781,0.55,0.012,0.65,0.008,nan,0.29702302082343207,0.29702302082343207,0.29702302082343207,0.2978031381656892,0.28999999165534973,0.05018401282510897,0.05018401282510897,0.037638009618831986,0.030693878609018413,0.0,0.2936355999577372,0.294622205605849,0.2936355999577372,0.30041044168912695,0.2948706590197709,0.30041044168912695,0.0,0.0,0.014024056969662501,0.013460209294949685,0.0,0.0,nan,1.0,0.0,-0.25671219315450333,0.990076736078107,2.4549999237060547,1.0,0,1,1,0,-3.46464467048645,-9.076823234558105,3.083688435168712,FOLLOW_MAIN,cascade_pd_tracking,follow_main,inner_wheel_pd,lidar_disabled,FOLLOW_MAIN,COMMITTED,HOLD,1,1,1,1,1,1,2,0.4395439624786377,0.4361717700958252,7.295608520507812e-05,0.4663517475128174,0.4469771385192871,0.4433317184448242,0.02375075400050264,0.05674806100068963
1784808959.676691,38.5861382484436,-19.400000000000002,-0.0194,-19.400000000000002,-0.018442849384272375,-18.442849384272375,-0.018442849384272375,-18.442849384272375,-0.139,-0.13202738981562545,-0.13202738981562545,-0.018009682802739492,-0.10715348438031864,-0.010143567161349808,-0.0002161161936328739,-0.08581780338015654,-0.0008572278750425492,0.55,0.012,0.65,0.008,nan,0.2324853925393988,0.2324853925393988,0.22950272729052007,0.22822887930273855,0.27912500500679016,0.07484704675756103,0.07484704675756103,0.060131623789957636,0.060010686743725616,-0.031521786004304886,0.22743321688326343,0.2831388124472559,0.22409088114942388,0.23753756819553415,0.28125414759416545,0.23491457343161626,-0.05570559556399249,-0.0437165793986313,-0.09780568735330815,-0.07297418624602371,-0.003342335733839549,-0.0026229947639178778,nan,1.0,0.0,-0.6664416180942306,0.7749513084646626,2.3329999446868896,1.0,0,1,1,0,-3.5986177921295166,-9.069398880004883,3.091127091267327,FOLLOW_MAIN,cascade_pd_tracking,follow_main,inner_wheel_pd,lidar_disabled,FOLLOW_MAIN,COMMITTED,HOLD,1,1,1,1,1,1,2,9.560585021972656e-05,0.018298625946044922,0.014913797378540039,0.011541604995727539,0.007944107055664062,0.004098415374755859,0.0053951289992255624,0.051636320999023155
1784808960.107358,39.01680517196655,-19.700000000000003,-0.019700000000000002,-19.700000000000003,-0.019539745712193038,-19.53974571219304,-0.019539745712193038,-19.53974571219304,-0.14100000000000001,-0.1396193723108326,-0.1396193723108326,-0.006617189290363346,-0.041051613159837186,-0.010746860141706172,-7.940627148436016e-05,-0.0907525920020412,-0.0003284129052786975,0.55,0.012,0.65,0.008,nan,0.21571259204902624,0.21571259204902624,0.21416210112231582,0.22822887930273855,0.2175000011920929,0.0789642390929442,0.0789642390929442,0.06288625097217093,0.060010686743725616,0.0,0.2103825059102525,0.24171862883412057,0.20850233853482042,0.22104267818779996,0.24138958615427933,0.2198218637098112,-0.03133612292386806,-0.020346907966479366,0.054681450844961205,0.05614386327574683,-0.0018801673754320835,-0.0012208144779887618,nan,1.0,0.0,-0.6648372389237601,0.7190419734967541,2.2230000495910645,1.0,0,1,1,0,-3.7068910598754883,-9.063690185546875,3.0886370458720496,FOLLOW_MAIN,cascade_pd_tracking,follow_main,inner_wheel_pd,lidar_disabled,FOLLOW_MAIN,COMMITTED,HOLD,1,1,1,1,1,1,2,0.4165172576904297,7.772445678710938e-05,0.4455606937408447,0.4421882629394531,0.42354583740234375,0.42003655433654785,0.12660328499987372,0.07123231700097676
1784808960.160897,39.07034420967102,-19.700000000000003,-0.019700000000000002,-19.700000000000003,-0.01966704937620171,-19.66704937620171,-0.01966704937620171,-19.66704937620171,-0.14100000000000001,-0.14071612276829648,-0.14071612276829648,-0.003811769876427709,-0.024584150769937824,-0.010816877156910942,-4.574123851713251e-05,-0.09146547979939272,-0.0001966732061595026,0.55,0.012,0.65,0.008,nan,0.2155434509741944,0.2155434509741944,0.21398281158299404,0.21398281158299404,0.2175000011920929,0.0798644845866309,0.0798644845866309,0.06360194613965181,0.06360194613965181,0.0,0.2101525982645968,0.24171862883412057,0.2082586364304254,0.22093430368379197,0.24138958615427933,0.21970698673556271,-0.031566030569523756,-0.020455282470487363,0.03904543313926994,0.040869242836049056,-0.0018939618341714253,-0.0012273169482292417,nan,1.0,0.0,-0.6241872254491815,0.7184781699139813,2.2230000495910645,1.0,0,1,1,0,-3.7068910598754883,-9.063690185546875,3.088385277025954,FOLLOW_MAIN,cascade_pd_tracking,follow_main,inner_wheel_pd,lidar_disabled,FOLLOW_MAIN,COMMITTED,HOLD,1,1,1,1,1,1,2,0.014193058013916016,0.010766983032226562,0.007363080978393555,0.00390934944152832,0.000125885009765625,0.017900943756103516,0.013984219000121811,0.11678841700086195
1784808960.6304932,39.53994035720825,-24.900000000000002,-0.024900000000000002,-24.900000000000002,-0.023776533161587593,-23.776533161587594,-0.023776533161587593,-23.776533161587594,-0.179,-0.17076989472011625,-0.17076989472011625,-0.009360235198532584,-0.06706501022857997,-0.013077093238873178,-0.00011232282238239101,-0.11100043156807557,-0.0005365200818286397,0.55,0.012,0.65,0.008,nan,0.19315892130613355,0.19315892130613355,0.1917333327016703,0.21525570372847658,0.2175000011920929,0.09797806964239655,0.09797806964239655,0.07603969628441373,0.06431818511446737,0.0630435049533844,0.18654540160527178,0.21413942775858352,0.18488976003607308,0.19977244100699532,0.21969803500245816,0.19857690536726755,-0.027594026153311746,-0.019925593995462842,-0.05896426862516987,-0.06479236644407935,-0.0016556415691987047,-0.0011955356397277705,nan,1.0,0.0,-0.8931048905002837,0.6438630710204452,2.13100004196167,1.0,0,1,1,0,-3.8242735862731934,-9.058648109436035,3.088385277025954,FOLLOW_MAIN,cascade_pd_tracking,follow_main,inner_wheel_pd,lidar_disabled,FOLLOW_MAIN,COMMITTED,HOLD,1,1,1,1,1,1,2,0.4397151470184326,0.00011658668518066406,0.4552745819091797,0.45170092582702637,0.4477202892303467,0.4438357353210449,0.05393432100026985,0.04732232200149156
1784808960.681067,39.590514183044434,-24.900000000000002,-0.024900000000000002,-24.900000000000002,-0.023776533161587593,-23.776533161587594,-0.023776533161587593,-23.776533161587594,-0.179,-0.17076989472011625,-0.17076989472011625,-0.009360235198532584,-0.06706501022857997,-0.013077093238873178,-0.00011232282238239101,-0.11100043156807557,-0.0005365200818286397,0.55,0.012,0.65,0.008,nan,0.19126713197722572,0.19126713197722572,0.189728036013028,0.189728036013028,0.2175000011920929,0.09798863990981313,0.09798863990981313,0.07604809964700994,0.07604809964700994,0.0630435049533844,0.18465289878331334,0.21413942775858352,0.18288370704479712,0.1978813651711381,0.21969803500245816,0.1965723649812589,-0.029486528975270182,-0.02181666983132005,-0.05539174417108722,-0.0597771762823973,-0.001769191738516211,-0.0013090001898792031,nan,1.0,0.0,-0.8931048905002837,0.6375571065907525,2.119999885559082,1.0,0,1,1,0,-3.8242735862731934,-9.058648109436035,3.1021925780258073,FOLLOW_MAIN,cascade_pd_tracking,follow_main,inner_wheel_pd,lidar_disabled,FOLLOW_MAIN,COMMITTED,HOLD,1,1,1,1,1,1,2,0.0001246929168701172,0.01879119873046875,0.015228748321533203,0.011661767959594727,0.007963180541992188,0.004073619842529297,0.09630240299884463,0.08969040400006634
1784808961.1158504,40.02529764175415,-24.900000000000002,-0.024900000000000002,-24.900000000000002,-0.023776533161587593,-23.776533161587594,-0.023776533161587593,-23.776533161587594,-0.179,-0.17076989472011625,-0.17076989472011625,-0.009360235198532584,-0.06706501022857997,-0.013077093238873178,-0.00011232282238239101,-0.11100043156807557,-0.0005365200818286397,0.55,0.012,0.65,0.008,nan,0.19056564845567106,0.19056564845567106,0.18898446348018005,0.18898446348018005,0.2175000011920929,0.09799774527148065,0.09799774527148065,0.0760553384095356,0.0760553384095356,0.0630435049533844,0.18395080064984612,0.21413942775858352,0.18213948302332186,0.197180496261496,0.21969803500245816,0.19582944393703827,-0.030188627108737404,-0.022517538740962156,-0.05300954806092354,-0.056851262245042646,-0.0018113176265242442,-0.0013510523244577293,nan,1.0,0.0,-0.8931048905002837,0.6352188281855702,2.119999885559082,1.0,0,1,1,0,-3.8242735862731934,-9.058648109436035,3.105534250183073,FOLLOW_MAIN,cascade_pd_tracking,follow_main,inner_wheel_pd,lidar_disabled,FOLLOW_MAIN,COMMITTED,HOLD,1,1,1,1,1,1,2,0.4348769187927246,0.4312140941619873,0.42770814895629883,0.42414164543151855,9.560585021972656e-05,0.43882322311401367,0.11585813899910136,0.10924614000032307
1784808961.1669967,40.076443910598755,-25.0,-0.025,-25.0,-0.02473254869707009,-24.73254869707009,-0.02473254869707009,-24.73254869707009,-0.179,-0.17815161818287406,-0.17815161818287406,-0.0013422328990481955,-0.010733585056264419,-0.01360290178338855,-1.6106794788578346e-05,-0.11579855181886814,-8.586868045011535e-05,0.55,0.012,0.65,0.008,nan,0.19316609966973,0.19316609966973,0.19284377563564917,0.19284377563564917,0.1993750035762787,0.107226954586834,0.107226954586834,0.08400159409657924,0.08400159409657924,-0.03152172267436981,0.1859282802351187,0.1966724147044799,0.18528363216695704,0.2004039191043413,0.19855529730973423,0.2004039191043413,-0.010744134469361205,0.0,0.03586559472500524,0.034474083515288884,-0.0006446480681616723,0.0,nan,1.0,0.0,-0.66289158816601,0.6438869988991001,2.125999927520752,1.0,0,1,1,0,-3.936840295791626,-9.055046081542969,3.1082770167741587,FOLLOW_MAIN,cascade_pd_tracking,follow_main,inner_wheel_pd,lidar_disabled,FOLLOW_MAIN,COMMITTED,HOLD,1,1,1,1,1,1,2,0.00012540817260742188,0.01868152618408203,0.015216588973999023,0.011620521545410156,0.007906436920166016,0.004111051559448242,0.028782383000361733,0.01451362700026948
1784808961.6374123,40.54685950279236,-25.0,-0.025,-25.0,-0.02473254869707009,-24.73254869707009,-0.02473254869707009,-24.73254869707009,-0.179,-0.17815161818287406,-0.17815161818287406,-0.0013422328990481955,-0.010733585056264419,-0.01360290178338855,-1.6106794788578346e-05,-0.11579855181886814,-8.586868045011535e-05,0.55,0.012,0.65,0.008,nan,0.19477896904442102,0.19477896904442102,0.1945043822313609,0.1945043822313609,0.1993750035762787,0.1075473793868445,0.1075473793868445,0.0837114991296904,0.0837114991296904,-0.03152172267436981,0.187519520935809,0.1966724147044799,0.18697034730968876,0.20203841715303303,0.19855529730973423,0.20203841715303303,-0.0091528937686709,0.0,0.03686174373068913,0.026484198513226302,-0.000549173626120254,0.0,nan,1.0,0.0,-0.66289158816601,0.6492632301480701,2.125999927520752,1.0,0,1,1,0,-3.936840295791626,-9.055046081542969,3.110830002673422,FOLLOW_MAIN,cascade_pd_tracking,follow_main,inner_wheel_pd,lidar_disabled,FOLLOW_MAIN,COMMITTED,HOLD,1,1,1,1,1,1,2,0.4472818374633789,0.44348835945129395,9.846687316894531e-05,0.45949459075927734,0.45534563064575195,0.4513695240020752,0.068331317999764,0.05406256199967174
1784808961.6904933,40.59994053840637,-22.3,-0.0223,-22.3,-0.022720442570822525,-22.720442570822524,-0.022720442570822525,-22.720442570822524,-0.16,-0.1629601557342194,-0.1629601557342194,0.004997366183334822,0.03620474176027965,-0.01249624341395239,5.996839420001786e-05,-0.10592410122724262,0.0002896379340822372,0.55,0.012,0.65,0.008,nan,0.23145838989823408,0.23145838989823408,0.23362797129337576,0.23126011881538489,0.19574999809265137,0.10954225992706026,0.10954225992706026,0.08599189702226426,0.08724801756618841,0.06304344534873962,0.2240642873531575,0.1936574005495828,0.22588870056137197,0.23885249244331067,0.1969399994088296,0.24136724202537954,0.0304068868035747,0.04191249303448105,0.0910775519910682,0.08806542064337171,0.0018244132082144819,0.002514749582068863,nan,1.0,0.0,-0.12981793765968794,0.771527966327447,2.8519999980926514,1.0,0,1,1,0,-4.041049957275391,-9.053312301635742,3.1254250366277936,FOLLOW_MAIN,cascade_pd_tracking,follow_main,inner_wheel_pd,lidar_disabled,FOLLOW_MAIN,COMMITTED,HOLD,1,1,1,1,1,1,2,0.003818988800048828,0.0001690387725830078,0.018836259841918945,0.01539158821105957,0.011569023132324219,0.0077571868896484375,0.044676303999949596,0.00047416599954885896
1784808962.1100256,41.01947283744812,-22.3,-0.0223,-22.3,-0.022720442570822525,-22.720442570822524,-0.022720442570822525,-22.720442570822524,-0.16,-0.1629601557342194,-0.1629601557342194,0.004997366183334822,0.03620474176027965,-0.01249624341395239,5.996839420001786e-05,-0.10592410122724262,0.0002896379340822372,0.55,0.012,0.65,0.008,nan,0.23145838989823408,0.23145838989823408,0.23362797129337576,0.20993966950461032,0.19574999809265137,0.10954225992706026,0.10954225992706026,0.08599189702226426,0.11588456090372845,0.06304344534873962,0.2240642873531575,0.1936574005495828,0.22588870056137197,0.23885249244331067,0.1969399994088296,0.24136724202537954,0.0304068868035747,0.04191249303448105,0.0910775519910682,0.08806542064337171,0.0018244132082144819,0.002514749582068863,nan,1.0,0.0,-0.12981793765968794,0.771527966327447,2.8519999980926514,1.0,0,1,1,0,-4.041049957275391,-9.053312301635742,3.1254250366277936,FOLLOW_MAIN,cascade_pd_tracking,follow_main,inner_wheel_pd,lidar_disabled,FOLLOW_MAIN,COMMITTED,HOLD,1,1,1,1,1,1,2,0.42331862449645996,0.41966819763183594,0.4160425662994385,7.557868957519531e-05,0.43106627464294434,0.42725396156311035,0.044676303999949596,0.00047416599954885896
1784808962.16344,41.07288718223572,-31.200000000000003,-0.031200000000000002,-31.200000000000003,-0.029696716624499228,-29.696716624499228,-0.029696716624499228,-29.696716624499228,-0.219,-0.20902537199640087,-0.20902537199640087,-0.020283789463697275,-0.13413305910143736,-0.016333194143474578,-0.0002434054735643673,-0.13586649179766055,-0.0010730644728114988,0.55,0.012,0.65,0.008,nan,0.1820834864033264,0.1820834864033264,0.17923139307942793,0.1894496993287001,0.24650001525878906,0.1908552245974726,0.17473961250338643,0.13641799130624782,0.12882464989056935,0.06304347515106201,0.1702885625593478,0.2258683741840504,0.16695377386186563,0.19387841024730498,0.23336837608588404,0.19150901229699024,-0.0555798116247026,-0.039489965838579055,-0.3804572250343673,-0.34335829655784544,-0.003334788697482156,-0.002369397950314743,nan,1.0,0.0,1.5759999999999998,0.6069449546777547,2.746999979019165,1.0,0,1,1,0,-4.134225368499756,-9.053675651550293,-3.1278454156337085,FOLLOW_MAIN,cascade_pd_tracking,follow_main,inner_wheel_pd,lidar_disabled,FOLLOW_MAIN,COMMITTED,HOLD,1,1,1,1,1,1,2,0.0036029815673828125,9.5367431640625e-05,0.018256664276123047,0.014724016189575195,0.011006593704223633,0.007398366928100586,0.022739345999070792,0.06017311599862296
1784808962.6512778,41.56072497367859,-31.200000000000003,-0.031200000000000002,-31.200000000000003,-0.029696716624499228,-29.696716624499228,-0.029696716624499228,-29.696716624499228,-0.219,-0.20902537199640087,-0.20902537199640087,-0.020283789463697275,-0.13413305910143736,-0.016333194143474578,-0.0002434054735643673,-0.13586649179766055,-0.0010730644728114988,0.55,0.012,0.65,0.008,nan,0.1820834864033264,0.1820834864033264,0.17923139307942793,0.17923139307942793,0.24650001525878906,0.1908552245974726,0.17473961250338643,0.13641799130624782,0.13641799130624782,0.06304347515106201,0.1702885625593478,0.2258683741840504,0.16695377386186563,0.19387841024730498,0.23336837608588404,0.19150901229699024,-0.0555798116247026,-0.039489965838579055,-0.3804572250343673,-0.34335829655784544,-0.003334788697482156,-0.002369397950314743,nan,1.0,0.0,1.5759999999999998,0.6069449546777547,2.746999979019165,1.0,0,1,1,0,-4.134225368499756,-9.053675651550293,-3.122297890289597,FOLLOW_MAIN,cascade_pd_tracking,follow_main,inner_wheel_pd,lidar_disabled,FOLLOW_MAIN,COMMITTED,HOLD,1,1,1,1,1,1,2,0.00013303756713867188,0.487978458404541,0.48453545570373535,0.48116588592529297,0.4669077396392822,0.45643043518066406,0.022739345999070792,0.06017311599862296
1784808963.1099422,42.019389390945435,-21.0,-0.021,-21.0,-0.023162556878662616,-23.162556878662617,-0.023162556878662616,-23.162556878662617,-0.149,-0.16381470212237953,-0.16381470212237953,0.013097436998489451,0.09158260993987655,-0.01273940628326444,0.0001571692439818734,-0.1064795563795467,0.0007326608795190124,0.55,0.012,0.65,0.008,nan,0.14994361130307096,0.14994361130307096,0.149619188680425,0.149619188680425,0.12324999272823334,0.15286066122449843,0.15286066122449843,0.11825019172555101,0.11825019172555101,0.06304347515106201,0.1396255166704173,0.1504396040919484,0.13897667142512543,0.1602617059357246,0.16194626281985897,0.1602617059357246,-0.010814087421531088,0.0,0.34039040890906924,0.3276557930996357,-0.0006488452452918653,0.0,nan,1.0,0.0,1.226,0.49981203767690324,2.625,1.0,0,1,1,0,-4.250518321990967,-9.056473731994629,-3.106757765090667,FOLLOW_MAIN,cascade_pd_tracking,follow_main,inner_wheel_pd,lidar_disabled,FOLLOW_MAIN,COMMITTED,HOLD,1,1,1,1,1,1,2,0.42676758766174316,0.4230024814605713,0.4194483757019043,0.4159276485443115,0.41212940216064453,7.224082946777344e-05,0.04693895300079021,0.021802236000439734
1784808963.1628404,42.07228755950928,-14.200000000000001,-0.0142,-14.200000000000001,-0.015856947017571336,-15.856947017571336,-0.015856947017571336,-15.856947017571336,-0.101,-0.11284204890948994,-0.11284204890948994,0.016280457339154487,0.11351777194122034,-0.008721320859664235,0.00019536548806985384,-0.07334733179116847,0.0009081421755297627,0.55,0.012,0.65,0.008,nan,0.1685318658225312,0.1685318658225312,0.16902817946093582,0.16902817946093582,0.1667499989271164,0.11979890254007891,0.11979890254007891,0.09536377288733269,0.09536377288733269,0.0,0.16044543990107588,0.15418109528251064,0.16044543990107588,0.17661829174398655,0.1600745037971665,0.17761091902079576,0.0,0.016543787946820043,-0.0999037249722448,-0.032700040565383476,0.0,0.0009926272768092026,nan,1.0,0.0,1.477,0.5617728860751041,2.565999984741211,1.0,0,1,1,0,-4.316844463348389,-9.061119079589844,-3.06461299357725,FOLLOW_MAIN,cascade_pd_tracking,follow_main,inner_wheel_pd,lidar_disabled,FOLLOW_MAIN,COMMITTED,HOLD,1,1,1,1,1,1,2,0.00013589859008789062,0.02398991584777832,0.04217934608459473,0.038938045501708984,0.008162260055541992,0.004219770431518555,0.08281509299922618,0.0007326109989662655
1784808963.6463997,42.55584692955017,-12.100000000000001,-0.012100000000000001,-12.100000000000001,-0.01481746194681394,-14.81746194681394,-0.01481746194681394,-14.81746194681394,-0.08600000000000001,-0.10541294410526,-0.10541294410526,0.014341525480808397,0.1006171261015022,-0.008149604070747668,0.00017209830576970077,-0.068518413668419,0.0008049370088120176,0.55,0.012,0.65,0.008,nan,0.16950726747860445,0.16950726747860445,0.1700214635772742,0.1700214635772742,0.1667499989271164,0.11417935221067851,0.11417935221067851,0.09134780414322849,0.09134780414322849,0.0,0.16180016120438365,0.15418109528251064,0.16180016120438365,0.17721437375282525,0.1600745037971665,0.17824276595016478,0.0,0.01713986995565875,-0.07651541460491834,-0.02141324324137619,0.0,0.0010283921973395249,nan,1.0,0.0,1.366,0.5650242249286815,2.565999984741211,1.0,0,1,1,0,-4.316844463348389,-9.061119079589844,-3.057237268997921,FOLLOW_MAIN,cascade_pd_tracking,follow_main,inner_wheel_pd,lidar_disabled,FOLLOW_MAIN,COMMITTED,HOLD,1,1,1,1,1,1,2,0.00010251998901367188,0.47989344596862793,0.4763648509979248,0.4727623462677002,0.45734357833862305,0.44966554641723633,0.024110845999530284,0.04073982399859233
1784808963.6970346,42.6064817905426,-1.7000000000000002,-0.0017000000000000001,-1.7000000000000002,-0.004013793739159363,-4.013793739159363,0.0,0.0,-0.012,-0.02858111537892758,-0.02858111537892758,0.01158973415801799,0.1348468618923802,0.0,0.0001390768098962159,-0.01857772499630293,0.0010787748951390417,0.55,0.012,0.65,0.008,nan,0.242739647341926,0.23575908289630457,0.23871023448426495,0.23871023448426495,0.19212499260902405,0.04208717929491844,0.04208717929491844,0.029989996892642833,0.029989996892642833,0.031521786004304886,0.23291819829389757,0.18136925712673876,0.2360111347639271,0.23859996749871157,0.19177718906719107,0.2414093342046028,0.0515489411671588,0.046822778431520495,0.06967298706847493,0.05993048494534233,0.003092936470029528,0.00280936670589123,nan,1.0,0.0,0.59,0.80913215780642,2.48799991607666,1.0,0,1,1,0,-4.41562032699585,-9.071181297302246,-3.047402039305879,FOLLOW_MAIN,cascade_pd_tracking,follow_main,inner_wheel_pd,lidar_disabled,FOLLOW_MAIN,COMMITTED,HOLD,1,1,1,1,1,1,2,0.00714874267578125,0.0036051273345947266,0.0001342296600341797,0.019191980361938477,0.015300989151000977,0.01128244400024414,0.011901793001015903,0.0006400920010491973
1784808964.084197,42.99364423751831,-1.7000000000000002,-0.0017000000000000001,-1.7000000000000002,-0.004013793739159363,-4.013793739159363,0.0,0.0,-0.012,-0.02858111537892758,-0.02858111537892758,0.01158973415801799,0.1348468618923802,0.0,0.0001390768098962159,-0.01857772499630293,0.0010787748951390417,0.55,0.012,0.65,0.008,nan,0.242739647341926,0.23575908289630457,0.23871023448426495,0.23871023448426495,0.19212499260902405,0.04208717929491844,0.04208717929491844,0.029989996892642833,0.029989996892642833,0.031521786004304886,0.23291819829389757,0.18136925712673876,0.2360111347639271,0.23859996749871157,0.19177718906719107,0.2414093342046028,0.0515489411671588,0.046822778431520495,0.06967298706847493,0.05993048494534233,0.003092936470029528,0.00280936670589123,nan,1.0,0.0,0.59,0.80913215780642,2.48799991607666,1.0,0,1,1,0,-4.41562032699585,-9.071181297302246,-3.041791561804818,FOLLOW_MAIN,cascade_pd_tracking,follow_main,inner_wheel_pd,lidar_disabled,FOLLOW_MAIN,COMMITTED,HOLD,1,1,1,1,1,1,2,0.3942837715148926,0.39073967933654785,0.3872687816619873,0.4063258171081543,0.3834726810455322,8.535385131835938e-05,0.011901793001015903,0.0006400920010491973
1784808964.1355586,43.045005798339844,1.5,0.0015,1.5,-0.0002557545966282079,-0.2557545966282079,0.0,0.0,0.01,-0.0016525312712662808,0.0,0.003525278957110349,0.0844372217402031,0.0,4.230334748532419e-05,0.0,0.0006754977739216249,0.55,0.012,0.65,0.008,nan,0.25478565533813147,0.25478565533813147,0.2568618570541755,0.2576457082948299,0.22474999725818634,0.03333760138979943,0.03333760138979943,0.02039053922715682,0.020278256256995985,0.06304344534873962,0.25253536724432,0.211013012587464,0.2550267085237314,0.2570359434319429,0.2293515742206643,0.2586970055846196,0.041522354656856025,0.02768436921127862,-0.0579521795517817,-0.043415461103029754,0.0024913412794113615,0.0016610621526767172,nan,1.0,0.0,0.869,0.8492855177937716,2.4089999198913574,1.0,0,1,1,0,-4.505693435668945,-9.08473014831543,-2.9996143726098667,FOLLOW_MAIN,cascade_pd_tracking,follow_main,inner_wheel_pd,lidar_disabled,FOLLOW_MAIN,COMMITTED,HOLD,1,1,1,1,1,1,2,0.0039446353912353516,0.00013756752014160156,0.019491910934448242,0.016046762466430664,0.012138605117797852,0.00817108154296875,0.16401448199940205,0.035342899998795474
1784808964.185588,43.09503507614136,1.5,0.0015,1.5,-0.0002557545966282079,-0.2557545966282079,0.0,0.0,0.01,-0.0016525312712662808,0.0,0.003525278957110349,0.0844372217402031,0.0,4.230334748532419e-05,0.0,0.0006754977739216249,0.55,0.012,0.65,0.008,nan,0.25342638798362743,0.25342638798362743,0.25542103365840124,0.25542103365840124,0.22474999725818634,0.03354311550831088,0.03354311550831088,0.020553922951373666,0.020553922951373666,0.06304344534873962,0.25116222768681645,0.211013012587464,0.2535711805927776,0.2556905482804384,0.2293515742206643,0.25727088672402487,0.04014921509935246,0.026338974059774117,-0.052358847774548016,-0.04107210511847984,0.0024089529059611475,0.001580338443586447,nan,1.0,0.0,0.869,0.8447546266120914,2.3929998874664307,1.0,0,1,1,0,-4.505693435668945,-9.08473014831543,-2.9534985025838782,FOLLOW_MAIN,cascade_pd_tracking,follow_main,inner_wheel_pd,lidar_disabled,FOLLOW_MAIN,COMMITTED,HOLD,1,1,1,1,1,1,2,0.007949113845825195,0.027499675750732422,0.023925065994262695,0.020358800888061523,0.004004478454589844,0.00010418891906738281,0.20412747299997136,0.07545589099936478
1784808964.5873437,43.49679088592529,11.9,0.0119,11.9,0.007877639915669457,7.877639915669458,0.0,0.0,0.084,0.05621176668142461,0.05621176668142461,0.0003182013509158098,0.13202393484240263,0.0,3.818416210989718e-06,0.036537648342926,0.001056191478739221,0.55,0.012,0.65,0.008,nan,0.2443909890855172,0.2443909890855172,0.24349310109229294,0.25399522212066505,0.26100000739097595,0.0,0.0,-0.0016059324989985903,0.02158238420140457,0.0,0.2443909890855172,0.2569468902240905,0.2436376350172028,0.2443909890855172,0.26176468772108624,0.24334856716738307,-0.0125559011385733,-0.017373698635569035,-0.09095545625372868,-0.06189300645847568,-0.000753354068314398,-0.001042421918134142,nan,1.0,0.0,0.5279999999999999,0.8146366302850574,2.375,1.0,0,1,1,0,-4.623346328735352,-9.10877799987793,-2.942906986072361,FOLLOW_MAIN,cascade_pd_tracking,follow_main,inner_wheel_pd,lidar_disabled,FOLLOW_MAIN,COMMITTED,HOLD,1,1,1,1,1,1,2,0.38367176055908203,9.083747863769531e-05,0.3944571018218994,0.390988826751709,0.38738489151000977,0.40184712409973145,0.046603601000242634,0.015635755999028333
1784808964.6379855,43.54743266105652,11.9,0.0119,11.9,0.007877639915669457,7.877639915669458,0.0,0.0,0.084,0.05621176668142461,0.05621176668142461,0.0003182013509158098,0.13202393484240263,0.0,3.818416210989718e-06,0.036537648342926,0.001056191478739221,0.55,0.012,0.65,0.008,nan,0.24665722223363842,0.24665722223363842,0.24589530822930142,0.24589530822930142,0.26100000739097595,0.0,0.0,-0.0016059324989985903,-0.0016059324989985903,0.0,0.24665722223363842,0.2569468902240905,0.2460398421542113,0.24665722223363842,0.26176468772108624,0.24575077430439154,-0.010289667990452084,-0.015107465487447819,-0.055772227886570144,-0.033726444752237204,-0.000617380079427125,-0.0009064479292468691,nan,1.0,0.0,0.5279999999999999,0.8221907407787947,2.3450000286102295,1.0,0,1,1,0,-4.623346328735352,-9.10877799987793,-2.9357201012174086,FOLLOW_MAIN,cascade_pd_tracking,follow_main,inner_wheel_pd,lidar_disabled,FOLLOW_MAIN,COMMITTED,HOLD,1,1,1,1,1,1,2,0.007846832275390625,0.00397944450378418,0.00014495849609375,0.019956350326538086,0.015978097915649414,0.012024402618408203,0.08805244300128834,0.05708459800007404
1784808964.689821,43.599268198013306,14.200000000000001,0.0142,14.200000000000001,0.010393880544408282,10.393880544408281,0.0,0.0,0.101,0.07359506410162828,0.07359506410162828,0.00021132119077530172,0.14711724818002098,0.0,2.5358542893036205e-06,0.04783679166605838,0.001176937985440168,0.55,0.012,0.65,0.008,nan,0.248446503195004,0.248446503195004,0.248446503195004,0.24910442837527452,0.23199999332427979,-0.026778155881173292,-0.020594087100016624,-0.01544556532501246,-0.019785726899658462,0.0,0.24983660407425512,0.2454796797323545,0.24983660407425512,0.24705640231575288,0.2480829052837297,0.24705640231575288,0.0,0.0,0.012888278591762859,0.054418662881844417,0.0,0.0,nan,1.0,0.0,0.404,0.8281550106500134,2.3450000286102295,1.0,0,1,1,0,-4.639671325683594,-9.112316131591797,-2.928154583266287,FOLLOW_MAIN,cascade_pd_tracking,follow_main,inner_wheel_pd,lidar_disabled,FOLLOW_MAIN,COMMITTED,HOLD,1,1,1,1,1,1,2,9.799003601074219e-05,0.01781749725341797,0.014307737350463867,0.010841608047485352,0.007378816604614258,0.0038344860076904297,0.03558384400093928,0.02898136400108342
1784808965.0866566,43.99610376358032,14.200000000000001,0.0142,14.200000000000001,0.010393880544408282,10.393880544408281,0.0,0.0,0.101,0.07359506410162828,0.07359506410162828,0.00021132119077530172,0.14711724818002098,0.0,2.5358542893036205e-06,0.04783679166605838,0.001176937985440168,0.55,0.012,0.65,0.008,nan,0.2503400910940521,0.2503400910940521,0.2503400910940521,0.24910442837527452,0.23199999332427979,-0.028121019104345894,-0.028121019104345894,-0.021090764328259477,-0.019785726899658462,0.0,0.25223825988359544,0.2454796797323545,0.25223825988359544,0.24844192230450873,0.2480829052837297,0.24844192230450873,0.0,0.0,0.010315878966525421,0.043557123304895244,0.0,0.0,nan,1.0,0.0,0.404,0.834466970313507,3.259000062942505,1.0,0,1,1,0,-4.639671325683594,-9.112316131591797,-2.928154583266287,FOLLOW_MAIN,cascade_pd_tracking,follow_main,inner_wheel_pd,lidar_disabled,FOLLOW_MAIN,COMMITTED,HOLD,1,1,1,1,1,1,2,0.3852367401123047,0.3816647529602051,0.00011610984802246094,0.40765810012817383,0.40419530868530273,0.38929224014282227,0.06897892999950272,0.062376449999646866
1784808965.1367557,44.04620289802551,25.8,0.0258,25.8,0.0217196027881982,21.7196027881982,0.0217196027881982,21.7196027881982,0.182,0.1540452983469715,0.1540452983469715,0.028081875607842692,0.16771466737584545,0.01194578153350901,0.0003369825072941123,0.10012944392553148,0.0013417173390067637,0.55,0.012,0.65,0.008,nan,0.2586783396828519,0.2586783396828519,0.259431501909844,0.259431501909844,0.23925000429153442,-0.12244359172910689,-0.11924713678785524,-0.09780382177969274,-0.09780382177969274,-3.2393828064414265e-08,0.2667275214160322,0.24162211384962948,0.26823384587001636,0.25062915794967167,0.2465214769779254,0.25062915794967167,0.0251054075664027,0.0,0.03567260657830673,-0.014297432160958015,0.001506324453984162,0.0,nan,1.0,0.0,-0.683,0.8622611322761731,2.614000082015991,1.0,0,1,1,0,-4.744356155395508,-9.135053634643555,-2.9277759999381265,FOLLOW_MAIN,cascade_pd_tracking,follow_main,inner_wheel_pd,lidar_disabled,FOLLOW_MAIN,COMMITTED,UNKNOWN,1,1,1,1,1,1,1,0.017377138137817383,0.01396322250366211,0.010645627975463867,0.007364749908447266,0.003844738006591797,0.00011658668518066406,0.03085404899866262,0.0553890989995125
1784808965.1897383,44.09918546676636,25.8,0.0258,25.8,0.0217196027881982,21.7196027881982,0.0217196027881982,21.7196027881982,0.182,0.1540452983469715,0.1540452983469715,0.028081875607842692,0.16771466737584545,0.01194578153350901,0.0003369825072941123,0.10012944392553148,0.0013417173390067637,0.55,0.012,0.65,0.008,nan,0.24752956253688618,0.24752956253688618,0.24796902406661275,0.25194085653461873,0.23925000429153442,-0.12950028104142125,-0.12950028104142125,-0.10200811666691659,-0.10182420352594353,-3.2393828064414265e-08,0.2562708315071821,0.24162211384962948,0.25714975456663525,0.23878829356659026,0.2465214769779254,0.23878829356659026,0.014648717657552629,0.0,-0.03392697967428322,-0.009543617743550212,0.0008789230594531577,0.0,nan,1.0,0.0,-0.683,0.8250985417896206,2.614000082015991,1.0,0,1,1,0,-4.744356155395508,-9.135053634643555,-2.9184452300066246,FOLLOW_MAIN,cascade_pd_tracking,follow_main,inner_wheel_pd,lidar_disabled,FOLLOW_MAIN,COMMITTED,UNKNOWN,1,1,1,1,1,1,1,0.0038454532623291016,0.00014400482177734375,0.019489765167236328,0.0158843994140625,0.012003183364868164,0.007983684539794922,0.09148514699882071,0.11602019699967059
1784808965.625799,44.53524613380432,41.0,0.041,41.0,0.03583161311763905,35.83161311763905,0.03583161311763905,35.83161311763905,0.28500000000000003,0.24996264189390993,0.24996264189390993,0.03262724771029605,0.21739304004189536,0.01970738721470148,0.0003915269725235526,0.16247571723104146,0.0017391443203351629,0.55,0.012,0.65,0.008,nan,0.12,0.12,0.11271386825450201,0.24172131184079357,0.23199999332427979,-0.23974717850648733,-0.23974717850648733,-0.18787795176540817,-0.11136330951314949,-0.12608695030212402,0.1361829345491879,0.24551711181250715,0.12962288391338875,0.1038170654508121,0.23735394637075904,0.09580485259561528,-0.10933417726331926,-0.13353688091994695,-0.11013022370911224,-0.07535558722907204,-0.006560050635799155,-0.008012212855196817,nan,1.0,0.0,-3.4749999999999996,0.4,2.1059999465942383,1.0,0,1,1,0,-4.876045227050781,-9.165542602539062,-2.9184452300066246,FOLLOW_MAIN,cascade_pd_tracking,follow_main,inner_wheel_pd,lidar_disabled,FOLLOW_MAIN,COMMITTED,UNKNOWN,1,1,1,1,1,1,1,0.4170796871185303,6.771087646484375e-05,0.432537317276001,0.42899084091186523,0.4250771999359131,0.4211735725402832,0.07096035500035214,0.003186129000823712
1784808965.6759355,44.58538269996643,41.0,0.041,41.0,0.03583161311763905,35.83161311763905,0.03583161311763905,35.83161311763905,0.28500000000000003,0.24996264189390993,0.24996264189390993,0.03262724771029605,0.21739304004189536,0.01970738721470148,0.0003915269725235526,0.16247571723104146,0.0017391443203351629,0.55,0.012,0.65,0.008,nan,0.12,0.12,0.11271386825450203,0.11271386825450203,0.23199999332427979,-0.24036277620626426,-0.24036277620626426,-0.18836735193673076,-0.18836735193673076,-0.12608695030212402,0.13622448739392284,0.24551711181250715,0.1296669299288078,0.10377551260607716,0.23735394637075904,0.09576080658019626,-0.10929262441858431,-0.13357843376468187,-0.08404774706031601,-0.05791600836773674,-0.006557557465115059,-0.008014706025880912,nan,1.0,0.0,-3.4749999999999996,0.4,2.1059999465942383,1.0,0,1,1,0,-4.876045227050781,-9.165542602539062,-2.912614456694611,FOLLOW_MAIN,cascade_pd_tracking,follow_main,inner_wheel_pd,lidar_disabled,FOLLOW_MAIN,COMMITTED,UNKNOWN,1,1,1,1,1,1,1,0.014826774597167969,0.011069059371948242,0.0074689388275146484,0.004026174545288086,0.00014162063598632812,0.018732547760009766,0.11107134600024438,0.04329712000071595
1784808966.0948014,45.00424861907959,44.1,0.0441,44.1,0.03955055849276752,39.55055849276752,0.03955055849276752,39.55055849276752,0.305,0.2751739938788142,0.2751739938788142,0.03123886851505444,0.20954063600315237,0.02175280717102214,0.0003748664221806533,0.17886309602122924,0.001676325088025219,0.55,0.012,0.65,0.008,nan,0.12,0.12,0.11339697460523557,0.11271386825450201,0.2175000011920929,-0.2591730096092909,-0.2591730096092909,-0.2032663582370604,-0.1959600508336966,-0.06304347515106201,0.13749417814862713,0.23421469984956245,0.131690946846571,0.10250582185137286,0.22588614664258477,0.09510300236390014,-0.09672052170093531,-0.12338032479121191,0.01420294228392563,0.020229549765693466,-0.005803231302056119,-0.007402819487472715,nan,1.0,0.0,-3.4709999999999996,0.4,2.1059999465942383,1.0,0,1,1,0,-4.892821788787842,-9.169254302978516,-2.912614456694611,FOLLOW_MAIN,cascade_pd_tracking,follow_main,inner_wheel_pd,lidar_disabled,FOLLOW_MAIN,COMMITTED,UNKNOWN,1,1,1,1,1,1,1,0.38836145401000977,0.38480591773986816,7.390975952148438e-05,0.39986324310302734,0.3959643840789795,0.39211344718933105,0.02581084700068459,0.007701702001213562
1784808966.145629,45.055076122283936,51.1,0.0511,51.1,0.047953227773875756,47.95322777387575,0.047953227773875756,47.95322777387575,0.35000000000000003,0.32980478441092176,0.32980478441092176,0.02600642213305744,0.17076446643931723,0.02637427527563167,0.0003120770655966893,0.21437310986709915,0.0013661157315145377,0.55,0.012,0.65,0.008,nan,0.12,0.12,0.12050995111281931,0.12050995111281931,0.09062500298023224,-0.2999919374402325,-0.2999919374402325,-0.2379526166695324,-0.2379526166695324,-0.03152172267436981,0.1402494557772157,0.11231227517952361,0.14192568661307722,0.0997505442227843,0.1106893543931661,0.09909421561256139,0.027937180597692096,-0.0109388101703818,0.2526311290207274,0.24432880845531948,0.0016762308358615257,-0.0006563286102229079,nan,1.0,0.0,-3.88,0.4,2.0390000343322754,1.0,0,1,1,0,-4.938233375549316,-9.179177284240723,-2.924214024762859,FOLLOW_MAIN,cascade_pd_tracking,follow_main,inner_wheel_pd,lidar_disabled,FOLLOW_MAIN,COMMITTED,UNKNOWN,1,1,1,1,1,1,1,0.0001430511474609375,0.01542353630065918,0.030057430267333984,0.01190042495727539,0.008106470108032227,0.004311561584472656,0.11199036500147486,0.05113673000050767
1784808966.1976533,45.10710048675537,52.900000000000006,0.0529,52.900000000000006,0.05045708168661436,50.457081686614366,0.05045708168661436,50.457081686614366,0.361,0.3458739072891268,0.3458739072891268,0.02104980676947586,0.13708497326688596,0.027751394927637903,0.0002525976812337103,0.22481803973793243,0.0010966797861350877,0.55,0.012,0.65,0.008,nan,0.12,0.12,0.12128441725233671,0.12128441725233671,0.0833749920129776,-0.31149843065380534,-0.3089718877462708,-0.24600021861344432,-0.24600021861344432,-0.031521737575531006,0.1408556024228733,0.09804169401164996,0.1434244369275467,0.09914439757712672,0.09501750093944585,0.09914439757712672,0.04281390841122333,0.0,0.2503739769252299,0.22282754854232192,0.0025688345046733997,0.0,nan,1.0,0.0,-5.047,0.4,2.0269999504089355,1.0,0,1,1,0,-4.9455647468566895,-9.180776596069336,-2.9267669934268645,FOLLOW_MAIN,cascade_pd_tracking,follow_main,inner_wheel_pd,lidar_disabled,FOLLOW_MAIN,COMMITTED,HOLD,1,1,1,1,1,1,2,0.00748753547668457,0.0036759376525878906,0.0001342296600341797,0.018929481506347656,0.01505279541015625,0.011293172836303711,0.013901589998567943,0.020669495999754872
1784808966.632391,45.5418381690979,52.900000000000006,0.0529,52.900000000000006,0.05045708168661436,50.457081686614366,0.05045708168661436,50.457081686614366,0.361,0.3458739072891268,0.3458739072891268,0.02104980676947586,0.13708497326688596,0.027751394927637903,0.0002525976812337103,0.22481803973793243,0.0010966797861350877,0.55,0.012,0.65,0.008,nan,0.12,0.12,0.12128953974610007,0.11987200811316684,0.0833749920129776,-0.3115015142960845,-0.3115015142960845,-0.24795435512317543,-0.2618068616586309,-0.031521737575531006,0.14102635221498572,0.09804169401164996,0.14360543170718587,0.09897364778501429,0.09501750093944585,0.09897364778501429,0.04298465820333576,0.0,0.2204926660046553,0.19528471045934245,0.0025790794922001454,0.0,nan,1.0,0.0,-5.047,0.4,2.0269999504089355,1.0,0,1,1,0,-4.9455647468566895,-9.180776596069336,-2.9296041834824154,FOLLOW_MAIN,cascade_pd_tracking,follow_main,inner_wheel_pd,lidar_disabled,FOLLOW_MAIN,COMMITTED,HOLD,1,1,1,1,1,1,2,0.42310047149658203,0.41949892044067383,0.4348475933074951,9.560585021972656e-05,0.43076634407043457,0.4269120693206787,0.03369252999982564,0.04046043600101257
1784808966.6846123,45.594059467315674,57.300000000000004,0.057300000000000004,57.300000000000004,0.05633751507999739,56.33751507999739,0.05633751507999739,56.33751507999739,0.389,0.3827063017804181,0.3827063017804181,0.014619674763016385,0.09226732014061739,0.030985633293998567,0.00017543609715619664,0.24875909615727176,0.0007381385611249392,0.55,0.012,0.65,0.008,nan,0.12,0.12,0.11949941343136122,0.11949941343136122,0.12687499821186066,-0.33825793288075834,-0.33825793288075834,-0.2592555226454441,-0.2592555226454441,-0.15760868787765503,0.1428324104694512,0.13515450734560167,0.1428324104694512,0.0971675895305488,0.11385380848517447,0.09616641639327125,0.0,-0.016686218954625673,-0.10236588736448274,-0.016471149008548746,0.0,-0.0010011731372775404,nan,1.0,0.0,-6.1049999999999995,0.4,2.372999906539917,1.0,0,1,1,0,-5.003235816955566,-9.19205379486084,-2.951952586246866,FOLLOW_MAIN,cascade_pd_tracking,follow_main,inner_wheel_pd,lidar_disabled,FOLLOW_MAIN,COMMITTED,HOLD,1,1,1,1,1,1,2,0.011742353439331055,0.027428388595581055,0.008169412612915039,0.023850202560424805,0.0041408538818359375,0.00015211105346679688,0.09663294200072414,0.010675071000150638
1784808967.1047695,46.01421666145325,57.7,0.0577,57.7,0.05699373473408138,56.993734734081386,0.05699373473408138,56.993734734081386,0.391,0.38699732845806395,0.38699732845806395,0.011247016319286237,0.07147729592938999,0.03134655410374476,0.00013496419583143484,0.25154826349774156,0.00057181836743512,0.55,0.012,0.65,0.008,nan,0.12,0.12,0.11949345304719594,0.12069573893926447,0.12687499821186066,-0.34120133246855683,-0.34120133246855683,-0.26152929882701825,-0.2659713627864363,-0.15760868787765503,0.14303108994162758,0.13515450734560167,0.14303108994162758,0.09696891005837241,0.11385380848517447,0.09595581615276429,0.0,-0.01688489842680206,-0.0788053482617886,-0.013769234687302678,0.0,-0.0010130939056081237,nan,1.0,0.0,-5.765999999999999,0.4,2.372999906539917,1.0,0,1,1,0,-5.003235816955566,-9.19205379486084,-2.9803225007219436,FOLLOW_MAIN,cascade_pd_tracking,follow_main,inner_wheel_pd,lidar_disabled,FOLLOW_MAIN,COMMITTED,UNKNOWN,1,1,1,1,1,1,1,0.3976469039916992,0.39420032501220703,0.3907468318939209,9.846687316894531e-05,0.4053928852081299,0.4015958309173584,0.021362162000514218,0.04991096999947331
1784808967.1570866,46.06653380393982,57.300000000000004,0.057300000000000004,57.300000000000004,0.05781540530838944,57.81540530838944,0.05781540530838944,57.81540530838944,0.389,0.39189595612412653,0.39189595612412653,0.0029833117929163495,0.019325695013373195,0.03179847291961419,3.5799741514996196e-05,0.25473237148068223,0.00015460556010698557,0.55,0.012,0.65,0.008,nan,0.12,0.12,0.12065265045419883,0.12069573894224547,0.11237499862909317,-0.34432124287692645,-0.34432124287692645,-0.26549260387101525,-0.2659713639236311,-0.15760871767997742,0.14324168389419253,0.12148666875423124,0.1445469848025902,0.09675831610580746,0.1011835723149352,0.09675831610580746,0.021755015139961295,0.0,0.02333552393924456,0.010728597414650919,0.0013053009083976777,0.0,nan,1.0,0.0,-5.8999999999999995,0.4,1.9320000410079956,1.0,0,1,1,0,-5.057950019836426,-9.197868347167969,-3.0490070641111156,FOLLOW_MAIN,cascade_pd_tracking,follow_main,inner_wheel_pd,lidar_disabled,FOLLOW_MAIN,COMMITTED,DROPOUT,1,1,1,1,1,1,3,0.003906965255737305,0.0001995563507080078,0.016396522521972656,0.031217336654663086,0.012346982955932617,0.008140087127685547,0.049674674999550916,0.0014496300009341212
1784808967.207159,46.11660623550415,56.5,0.0565,56.5,0.05749953412567728,57.49953412567728,0.05749953412567728,57.49953412567728,0.383,0.3901211410977372,0.3901211410977372,0.0009219020078413142,0.006905977467809683,0.031624743769122506,1.1062824094095771e-05,0.2535787417135292,5.5247819742477465e-05,0.55,0.012,0.65,0.008,nan,0.12,0.12,0.1206497112662091,0.12065265045819833,0.11237499862909317,-0.34286979201780077,-0.34286979201780077,-0.2643713580823406,-0.26549260539674663,-0.15760871767997742,0.14314371096120154,0.12148666875423124,0.14444313349361976,0.09685628903879845,0.1011835723149352,0.09685628903879845,0.021657042206970303,0.0,0.01493717731679485,0.0071486447873808255,0.0012994225324182182,0.0,nan,1.0,0.0,-5.935999999999999,0.4,1.9119999408721924,1.0,0,1,1,0,-5.057950019836426,-9.197868347167969,-3.081695211057185,FOLLOW_MAIN,cascade_pd_tracking,follow_main,inner_wheel_pd,lidar_disabled,FOLLOW_MAIN,COMMITTED,DROPOUT,1,1,1,1,1,1,3,0.011943340301513672,0.00831913948059082,0.027489423751831055,0.023946762084960938,0.004495382308959961,0.0002090930938720703,0.01567634800085216,0.06234813500122982
1784808967.6539679,46.56341505050659,56.5,0.0565,56.5,0.05749953412567728,57.49953412567728,0.05749953412567728,57.49953412567728,0.383,0.3901211410977372,0.3901211410977372,0.0009219020078413142,0.006905977467809683,0.031624743769122506,1.1062824094095771e-05,0.2535787417135292,5.5247819742477465e-05,0.55,0.012,0.65,0.008,nan,0.12,0.12,0.1206497112662091,0.12,0.11237499862909317,-0.34286979201780077,-0.34286979201780077,-0.2643713580823406,-0.23436890124636672,-0.15760871767997742,0.14314371096120154,0.12148666875423124,0.14444313349361976,0.09685628903879845,0.1011835723149352,0.09685628903879845,0.021657042206970303,0.0,0.01493717731679485,0.0071486447873808255,0.0012994225324182182,0.0,nan,1.0,0.0,-5.935999999999999,0.4,1.9119999408721924,1.0,0,1,1,0,-5.057950019836426,-9.197868347167969,-3.081695211057185,FOLLOW_MAIN,cascade_pd_tracking,follow_main,inner_wheel_pd,lidar_disabled,FOLLOW_MAIN,COMMITTED,DROPOUT,1,1,1,1,1,1,3,0.44226813316345215,0.4550445079803467,0.43874049186706543,8.0108642578125e-05,0.4512171745300293,0.4469301700592041,0.01567634800085216,0.06234813500122982
1784808967.7048955,46.61434268951416,44.6,0.0446,44.6,0.04914849084618063,49.14849084618063,0.04914849084618063,49.14849084618063,0.308,0.3373988666124968,0.3373988666124968,-0.018667659271185764,-0.11783858550346371,0.02703166996539935,-0.00022401191125422917,0.21930926329812292,-0.0009427086840277097,0.55,0.012,0.65,0.008,nan,0.12,0.12,0.12026482556773357,0.12,0.10512499511241913,-0.3027742126039131,-0.3027742126039131,-0.2300231657610856,-0.2270806594443761,-0.28369569778442383,0.14043725935076412,0.1316097404263113,0.14096691048623128,0.09956274064923587,0.09402823625832812,0.09956274064923587,0.008827518924452826,0.0,-0.004135722246072289,0.008153945565731555,0.0005296511354671695,0.0,nan,1.0,0.0,-7.491999999999999,0.4,1.843000054359436,1.0,0,1,1,0,-5.121546745300293,-9.198050498962402,3.1404635269384498,FOLLOW_MAIN,cascade_pd_tracking,follow_main,inner_wheel_pd,lidar_disabled,FOLLOW_MAIN,COMMITTED,DROPOUT,1,1,1,1,1,1,3,0.007387399673461914,0.0037529468536376953,0.00013446807861328125,0.018836021423339844,0.015113353729248047,0.011306047439575195,0.049861915000292356,0.013961440999992192
1784808968.1021986,47.011645793914795,44.6,0.0446,44.6,0.04914849084618063,49.14849084618063,0.04914849084618063,49.14849084618063,0.308,0.3373988666124968,0.3373988666124968,-0.018667659271185764,-0.11783858550346371,0.02703166996539935,-0.00022401191125422917,0.21930926329812292,-0.0009427086840277097,0.55,0.012,0.65,0.008,nan,0.12,0.12,0.12026482556773357,0.12026482556773357,0.10512499511241913,-0.3027742126039131,-0.3027742126039131,-0.2300231657610856,-0.2300231657610856,-0.28369569778442383,0.14043725935076412,0.1316097404263113,0.14096691048623128,0.09956274064923587,0.09402823625832812,0.09956274064923587,0.008827518924452826,0.0,-0.004135722246072289,0.008153945565731555,0.0005296511354671695,0.0,nan,1.0,0.0,-7.491999999999999,0.4,1.843000054359436,1.0,0,1,1,0,-5.121546745300293,-9.198050498962402,3.124576267304508,FOLLOW_MAIN,cascade_pd_tracking,follow_main,inner_wheel_pd,lidar_disabled,FOLLOW_MAIN,COMMITTED,DROPOUT,1,1,1,1,1,1,3,7.939338684082031e-05,0.401017427444458,0.3973991870880127,0.3937184810638428,0.389862060546875,0.3858828544616699,0.049861915000292356,0.013961440999992192
1784808968.15322,47.06266713142395,0.0,0.0,0.0,0.042795108749663587,42.795108749663584,0.042795108749663587,42.795108749663584,0.0,0.29613789813627966,0.29613789813627966,-0.023339778907836714,-0.15042535867702506,0.023537309812314975,-0.00028007734689404056,0.19248963378858178,-0.0012034028694162004,0.55,0.012,0.65,0.008,nan,0.14712096065972002,0.13204327455983728,0.13204327455983728,0.13204327455983728,0.14137499034404755,-0.2231169727908634,-0.2231169727908634,-0.16733772959314752,-0.16733772959314752,-0.28369560837745667,0.14710367022322055,0.15465619727316432,0.14710367022322055,0.11698287889645399,0.11695405924177843,0.11698287889645399,0.0,0.0,0.0030365940923973156,0.0004941613620060072,0.0,0.0,nan,1.0,0.0,0.0,0.49040320219906675,1.8079999685287476,1.0,0,1,1,0,-5.172943592071533,-9.191370964050293,2.999876683305298,FOLLOW_MAIN,cascade_pd_tracking,follow_main,inner_wheel_pd,lidar_disabled,FOLLOW_MAIN,COMMITTED,UNKNOWN,1,1,1,1,1,1,1,0.00770115852355957,0.026479482650756836,0.022960662841796875,0.019259929656982422,0.003921985626220703,0.00013399124145507812,0.231790619000094,0.03308410499994352
1784808968.2052875,47.1147346496582,35.9,0.0359,35.9,0.0363265446378701,36.3265446378701,0.0363265446378701,36.3265446378701,0.251,0.253792316860223,0.253792316860223,-0.023274301967665185,-0.1516202140265199,0.019979599550828557,-0.00027929162361198224,0.16496500595914498,-0.0012129617122121593,0.55,0.012,0.65,0.008,nan,0.16187230530751262,0.14174585920001842,0.1426834025657443,0.1426834025657443,0.11599999666213989,-0.19987824771652116,-0.20636908503326626,-0.1520924224677797,-0.1520924224677797,-0.25217390060424805,0.15567577243976388,0.14407663663842088,0.15637172058784446,0.12781594596027296,0.10816363623742023,0.1289950845436441,0.011599135801343002,0.01965230972285273,0.07420992276177255,0.12262902463038675,0.0006959481480805801,0.0011791385833711636,nan,1.0,0.0,-7.316,0.5395743510250421,1.7940000295639038,1.0,0,1,1,0,-5.182154655456543,-9.1895170211792,2.9429480418751535,FOLLOW_MAIN,cascade_pd_tracking,follow_main,inner_wheel_pd,lidar_disabled,FOLLOW_MAIN,COMMITTED,UNKNOWN,1,1,1,1,1,1,1,0.003342866897583008,6.175041198730469e-05,0.018096923828125,0.014465808868408203,0.010659456253051758,0.007044315338134766,0.01414671900056419,0.013155627000742243
1784808968.6332874,47.54273462295532,-0.30000000000000004,-0.00030000000000000003,-0.30000000000000004,0.008635525417998972,8.635525417998972,0.0,0.0,-0.002,0.06174111608254383,0.06174111608254383,-0.08993702113210783,-0.4167253783973432,0.0,-0.001079244253585294,0.04013172545365349,-0.0033338030271787456,0.55,0.012,0.65,0.008,nan,0.12,0.12,0.11845722080738472,0.1426834025657443,0.1522499918937683,-0.09221513400374666,-0.115928249103898,-0.08738886853789303,-0.1520924224677797,-0.0630435049533844,0.12782515681451312,0.152874120793147,0.1263222189757951,0.11217484318548689,0.1385518522940291,0.11059222263897435,-0.025048963978633876,-0.026377009108542224,-0.0816841724332509,-0.09885981400715031,-0.0015029378387180325,-0.0015826205465125334,nan,1.0,0.0,-5.662,0.4,1.7510000467300415,1.0,0,1,1,0,-5.236539840698242,-9.1756591796875,2.9225222259870045,FOLLOW_MAIN,cascade_pd_tracking,follow_main,inner_wheel_pd,lidar_disabled,FOLLOW_MAIN,COMMITTED,HOLD,1,1,1,1,1,1,2,0.4163808822631836,8.130073547363281e-05,0.44609904289245605,0.44246792793273926,0.4244954586029053,0.42061495780944824,0.002897110000048997,0.03470541899878299
1784808968.6837692,47.59321641921997,-4.1000000000000005,-0.0041,-4.1000000000000005,0.004984058730377354,4.984058730377353,0.0,0.0,-0.029,0.035693564190586564,0.035693564190586564,-0.07225617612321518,-0.4322751563116076,0.0,-0.0008670741134785821,0.023200816723881267,-0.003458201250492861,0.55,0.012,0.65,0.008,nan,0.12,0.12,0.11845722080738472,0.11845722080738472,0.1522499918937683,-0.07579069277061802,-0.07958904557039444,-0.058499201728757666,-0.06877919750694017,-0.0630435049533844,0.12537226057600162,0.152874120793147,0.1237221489629729,0.11462773942399837,0.1385518522940291,0.11319229265179652,-0.027501860217145374,-0.02392411287003074,-0.06937314190378871,-0.053888203454020754,-0.0016501116130287223,-0.0014354467722018443,nan,1.0,0.0,-5.255999999999999,0.4,1.7380000352859497,1.0,0,1,1,0,-5.236539840698242,-9.1756591796875,2.8944365347016747,FOLLOW_MAIN,cascade_pd_tracking,follow_main,inner_wheel_pd,lidar_disabled,FOLLOW_MAIN,COMMITTED,UNKNOWN,1,1,1,1,1,1,1,0.0034933090209960938,7.605552673339844e-05,0.018648624420166016,0.015094995498657227,0.011261701583862305,0.007335662841796875,0.007613202000356978,0.09195555599944782
1784808969.0960228,48.00547003746033,-4.1000000000000005,-0.0041,-4.1000000000000005,0.004984058730377354,4.984058730377353,0.0,0.0,-0.029,0.035693564190586564,0.035693564190586564,-0.07225617612321518,-0.4322751563116076,0.0,-0.0008670741134785821,0.023200816723881267,-0.003458201250492861,0.55,0.012,0.65,0.008,nan,0.12,0.12,0.11845722080738472,0.11845722080738472,0.1522499918937683,-0.07589671309069385,-0.07589671309069385,-0.05556379740739566,-0.05556379740739566,-0.0630435049533844,0.12512302813362183,0.152874120793147,0.12345796257405033,0.11487697186637816,0.1385518522940291,0.11345647904071911,-0.02775109265952516,-0.02367488042765095,-0.06219409951198349,-0.045549390210061366,-0.0016650655595715096,-0.001420492825659057,nan,1.0,0.0,-5.255999999999999,0.4,1.7380000352859497,1.0,0,1,1,0,-5.236539840698242,-9.1756591796875,2.8691565394919327,FOLLOW_MAIN,cascade_pd_tracking,follow_main,inner_wheel_pd,lidar_disabled,FOLLOW_MAIN,COMMITTED,UNKNOWN,1,1,1,1,1,1,1,7.843971252441406e-05,0.39084529876708984,0.3874080181121826,0.3840019702911377,0.3802206516265869,0.37642359733581543,0.02779623499918671,0.11213858899827756
1784808969.1476464,48.05709362030029,-7.5,-0.0075,-7.5,-0.001968242089420302,-1.968242089420302,0.0,0.0,-0.054,-0.013818348128276628,0.0,-0.03949715251223973,-0.347929432943388,0.0,-0.00047396583014687677,0.0,-0.0027834354635471042,0.55,0.012,0.65,0.008,nan,0.12,0.12,0.11911516556605065,0.11911516556605065,0.14862500131130219,-0.05432537210888191,-0.05432537210888191,-0.030912535371113017,-0.030912535371113017,-0.34673914313316345,0.12366696261734952,0.15316144374899482,0.12189729374945081,0.11633303738265047,0.12033901773448152,0.11633303738265047,-0.029494481131645295,0.0,-0.09500038389322032,0.008862300754811616,-0.0017696688678987176,0.0,nan,1.0,0.0,-4.837,0.4,1.6749999523162842,1.0,0,1,1,0,-5.291476249694824,-9.158331871032715,2.8231036139947263,FOLLOW_MAIN,cascade_pd_tracking,follow_main,inner_wheel_pd,lidar_disabled,FOLLOW_MAIN,COMMITTED,UNKNOWN,1,1,1,1,1,1,1,0.010996818542480469,0.0073931217193603516,0.026842832565307617,0.023312091827392578,0.003719329833984375,7.104873657226562e-05,0.3045849749996705,0.07385157799944864
1784808969.1990943,48.10854148864746,-10.9,-0.0109,-10.9,-0.007260937264244778,-7.260937264244778,0.0,0.0,-0.078,-0.05226349312842372,-0.05226349312842372,-0.010668075650890391,-0.21540355337460926,0.0,-0.0001280169078106847,-0.033971270533475414,-0.001723228426996874,0.55,0.012,0.65,0.008,nan,0.12,0.12,0.11904754646363844,0.11901866259770136,0.1341249942779541,-0.021766875287892812,-0.021766875287892812,-0.005742339395235542,0.005276320573351552,-0.28369560837745667,0.12146926408193276,0.153217715293985,0.11956435700920963,0.11853073591806723,0.1176682194766869,0.11853073591806723,-0.03174845121205225,0.0,-0.07648204122292143,0.00601341706245537,-0.0019049070727231348,0.0,nan,1.0,0.0,-4.431,0.4,1.6749999523162842,1.0,0,1,1,0,-5.301393985748291,-9.15460205078125,2.7819048849325556,FOLLOW_MAIN,cascade_pd_tracking,follow_main,inner_wheel_pd,lidar_disabled,FOLLOW_MAIN,COMMITTED,HOLD,1,1,1,1,1,1,2,0.010798454284667969,0.007295846939086914,0.003683805465698242,0.00016689300537109375,0.01883840560913086,0.014716863632202148,0.04860347199974058,0.04933445399910852
1784808969.6529422,48.5623893737793,-47.0,-0.047,-47.0,-0.04726808414770492,-47.26808414770492,-0.04726808414770492,-47.26808414770492,-0.324,-0.32194084446298,-0.32194084446298,-0.08504418910947528,-0.5518325802472068,-0.025997446281237707,-0.0010205302693137035,-0.209261548900937,-0.004414660641977655,0.55,0.012,0.65,0.008,nan,0.12,0.12,0.12023576551828526,0.11901866259770136,0.11962500214576721,0.1830944150497469,0.17051364044955333,0.13837653144061876,0.005276320573351552,-0.031521737575531006,0.10849032926965514,0.12029785562008134,0.10778187768862957,0.13150967073034484,0.11184329377040968,0.13268965334794094,-0.0118075263504262,0.01966637695993516,-0.030496582783931584,-0.008075686117398811,-0.000708451581025572,0.0011799826175961094,nan,1.0,0.0,-4.518999999999999,0.4,1.6239999532699585,1.0,0,1,1,0,-5.350065231323242,-9.133508682250977,2.7594925674284396,FOLLOW_MAIN,cascade_pd_tracking,follow_main,inner_wheel_pd,lidar_disabled,FOLLOW_MAIN,COMMITTED,HOLD,1,1,1,1,1,1,2,0.4315361976623535,6.532669067382812e-05,0.4351615905761719,0.4539308547973633,0.44981884956359863,0.44589686393737793,0.10570138599905476,0.0314387340004032
1784808969.703365,48.61281228065491,-47.0,-0.047,-47.0,-0.04726808414770492,-47.26808414770492,-0.04726808414770492,-47.26808414770492,-0.324,-0.32194084446298,-0.32194084446298,-0.08504418910947528,-0.5518325802472068,-0.025997446281237707,-0.0010205302693137035,-0.209261548900937,-0.004414660641977655,0.55,0.012,0.65,0.008,nan,0.12,0.12,0.12023576551828524,0.12023576551828524,0.11962500214576721,0.1830943486121579,0.1830943486121579,0.1483781944298893,0.1483781944298893,-0.031521737575531006,0.10764113146867933,0.12029785562008134,0.10688172801959521,0.13235886853132064,0.11184329377040968,0.1335898030169753,-0.01265672415140201,0.020515574760910968,-0.0279791750000452,-0.0013429736192665462,-0.0007594034490841206,0.0012309344856546581,nan,1.0,0.0,-4.518999999999999,0.4,1.6100000143051147,1.0,0,1,1,0,-5.350065231323242,-9.133508682250977,2.7190815772212664,FOLLOW_MAIN,cascade_pd_tracking,follow_main,inner_wheel_pd,lidar_disabled,FOLLOW_MAIN,COMMITTED,HOLD,1,1,1,1,1,1,2,0.00015616416931152344,0.01922011375427246,0.01576828956604004,0.012178659439086914,0.008239984512329102,0.004326820373535156,0.14682995200018922,0.07256730000153766
1784808970.1432803,49.052727460861206,-47.0,-0.047,-47.0,-0.04726808414770492,-47.26808414770492,-0.04726808414770492,-47.26808414770492,-0.324,-0.32194084446298,-0.32194084446298,-0.08504418910947528,-0.5518325802472068,-0.025997446281237707,-0.0010205302693137035,-0.209261548900937,-0.004414660641977655,0.55,0.012,0.65,0.008,nan,0.12,0.12,0.11980281889894473,0.11975942756472499,0.13050000369548798,0.18309432068575882,0.18309432068575882,0.14555018398805541,0.16721831068706472,0.06304347515106201,0.10764113335371128,0.12327165024857015,0.10670330234001975,0.1323588666462887,0.12330105311993825,0.13290233545786972,-0.015630516894858865,0.009057813526350461,-0.042464357464964776,-0.072058313400104,-0.0009378310136915318,0.0005434688115810276,nan,1.0,0.0,-4.518999999999999,0.4,1.6100000143051147,1.0,0,1,1,0,-5.360502243041992,-9.128718376159668,2.71403853444545,FOLLOW_MAIN,cascade_pd_tracking,follow_main,inner_wheel_pd,lidar_disabled,FOLLOW_MAIN,COMMITTED,HOLD,1,1,1,1,1,1,2,0.42804384231567383,0.4243948459625244,0.420957088470459,6.771087646484375e-05,0.43599867820739746,0.4320368766784668,0.16945509600009245,0.011997109000731143
1784808970.1941087,49.10355591773987,-122.10000000000001,-0.12210000000000001,-122.10000000000001,-0.08412622039603154,-84.12622039603154,-0.08412622039603154,-84.12622039603154,-0.717,-0.4766263158786116,-0.4766263158786116,-0.12167666004681474,-0.5093188026176763,-0.04626942121781735,-0.001460119920561777,-0.30980710532109756,-0.00407455042094141,0.55,0.012,0.65,0.008,nan,0.12,0.12,0.11975942756472499,0.119759427564725,0.12687499821186066,0.3040111994201672,0.22744488371751084,0.18124830226613198,0.17407688690756437,0.0315217524766922,0.10464747034906802,0.12465397015398295,0.10344708036077312,0.13535252965093197,0.12336511102185006,0.13607177476867688,-0.020006499804914937,0.011987418629081911,-0.016642580431600367,-0.0058717730480720666,-0.0012003899882948963,0.0007192451177449146,nan,1.0,0.0,-3.4149999999999996,0.4,1.559000015258789,1.0,0,1,1,0,-5.407405853271484,-9.107156753540039,2.7037617853990508,FOLLOW_MAIN,cascade_pd_tracking,follow_main,inner_wheel_pd,lidar_disabled,FOLLOW_MAIN,COMMITTED,HOLD,1,1,1,1,1,1,2,0.003613710403442383,0.00010204315185546875,0.03350377082824707,0.015212297439575195,0.011280059814453125,0.007416963577270508,0.016105552000226453,0.0660026529985771
1784808970.6452794,49.55472660064697,-122.10000000000001,-0.12210000000000001,-122.10000000000001,-0.08412622039603154,-84.12622039603154,-0.08412622039603154,-84.12622039603154,-0.717,-0.4766263158786116,-0.4766263158786116,-0.12167666004681474,-0.5093188026176763,-0.04626942121781735,-0.001460119920561777,-0.30980710532109756,-0.00407455042094141,0.55,0.012,0.65,0.008,nan,0.12,0.12,0.11975942756472499,0.11975942756472502,0.12687499821186066,0.30401119870558657,0.24528610526800856,0.19543207339877772,0.18824503652829971,0.0315217524766922,0.10344318789440941,0.12465397015398295,0.102170540958835,0.13655681210559056,0.12336511102185006,0.137348314170615,-0.02121078225957354,0.0131917010837405,-0.0198321802494245,0.0025471876554650883,-0.0012726469355744123,0.00079150206502443,nan,1.0,0.0,-3.4149999999999996,0.4,1.559000015258789,1.0,0,1,1,0,-5.407405853271484,-9.107156753540039,2.7039515145306665,FOLLOW_MAIN,cascade_pd_tracking,follow_main,inner_wheel_pd,lidar_disabled,FOLLOW_MAIN,COMMITTED,HOLD,1,1,1,1,1,1,2,6.937980651855469e-05,0.4283444881439209,0.4476630687713623,0.44405651092529297,0.42441654205322266,0.4204680919647217,0.0557527110013325,0.10564981199968315
1784808970.6961389,49.60558605194092,-139.6,-0.1396,-139.6,-0.13407675868270247,-134.07675868270246,-0.13407675868270247,-134.07675868270246,-0.784,-0.7615156773284419,-0.7615156773284419,-0.07255211378289418,-0.41290324854156907,-0.07374221727548637,-0.0008706253653947302,-0.4949851902634873,-0.0033032259883325524,0.55,0.012,0.65,0.008,nan,0.12,0.12,0.11910925129592642,0.11910925129592642,0.14137499034404755,0.4,0.4,0.31576406077943553,0.31576406077943553,0.03152172267436981,0.093,0.13149190290371285,0.09069048582577723,0.147,0.13819972056540594,0.14752801676607563,-0.03849190290371285,0.00880027943459405,-0.06638829258308207,-0.0430989666042596,-0.0023095141742227707,0.000528016766075643,nan,1.0,0.0,-0.8099999999999999,0.4,1.5140000581741333,1.0,0,1,1,0,-5.470567226409912,-9.078147888183594,2.706032476311296,FOLLOW_MAIN,cascade_pd_tracking,follow_main,inner_wheel_pd,lidar_disabled,FOLLOW_MAIN,COMMITTED,HOLD,1,1,1,1,1,1,2,0.007386207580566406,0.0037114620208740234,0.00014472007751464844,0.019199848175048828,0.015522241592407227,0.01150059700012207,0.028208031000758638,0.017048126001100172
1784808971.1337755,50.04322266578674,-139.6,-0.1396,-139.6,-0.13407675868270247,-134.07675868270246,-0.13407675868270247,-134.07675868270246,-0.784,-0.7615156773284419,-0.7615156773284419,-0.07255211378289418,-0.41290324854156907,-0.07374221727548637,-0.0008706253653947302,-0.4949851902634873,-0.0033032259883325524,0.55,0.012,0.65,0.008,nan,0.12,0.12,0.11910925129592642,0.11910925129592642,0.14137499034404755,0.4,0.4,0.31576406077943553,0.31576406077943553,0.03152172267436981,0.093,0.13149190290371285,0.09069048582577723,0.147,0.13819972056540594,0.14752801676607563,-0.03849190290371285,0.00880027943459405,-0.0576535808128046,-0.037428432896619776,-0.0023095141742227707,0.000528016766075643,nan,1.0,0.0,-0.8099999999999999,0.4,1.5140000581741333,1.0,0,1,1,0,-5.470567226409912,-9.078147888183594,2.7191769675155304,FOLLOW_MAIN,cascade_pd_tracking,follow_main,inner_wheel_pd,lidar_disabled,FOLLOW_MAIN,COMMITTED,HOLD,1,1,1,1,1,1,2,6.747245788574219e-05,0.42205333709716797,0.41848158836364746,0.41504597663879395,0.4113187789916992,0.40759944915771484,0.049368285999662476,0.03820838100000401
1784808971.1848564,50.094303607940674,-131.6,-0.1316,-131.6,-0.1404889458137705,-140.4889458137705,-0.1404889458137705,-140.4889458137705,-0.754,-0.7872022528625923,-0.7872022528625923,-0.00960545788533517,-0.0579153710197758,-0.07726892019757378,-0.00011526549462402204,-0.511681464360685,-0.0004633229681582064,0.55,0.012,0.65,0.008,nan,0.12,0.12,0.1198355402443308,0.1198355402443308,0.13049998879432678,0.4,0.4,0.30878009877393514,0.30878009877393514,0.25217390060424805,0.093,0.10891114408872274,0.09204533135467663,0.147,0.13657084776691716,0.14762574913398496,-0.01591114408872274,0.010429152233082828,0.004991403546053405,-0.05984856403189467,-0.0009546686453233643,0.0006257491339849697,nan,1.0,0.0,-0.256,0.4,1.4529999494552612,1.0,0,1,1,0,-5.522261619567871,-9.056546211242676,2.759176906828917,FOLLOW_MAIN,cascade_pd_tracking,follow_main,inner_wheel_pd,lidar_disabled,FOLLOW_MAIN,COMMITTED,HOLD,1,1,1,1,1,1,2,0.015022993087768555,0.011349678039550781,0.0077135562896728516,0.0040435791015625,0.0001494884490966797,0.018875837326049805,0.021341200001188554,0.023345755000264035
1784808971.6220753,50.53152251243591,-124.10000000000001,-0.1241,-124.10000000000001,-0.1261806360645742,-126.18063606457419,-0.1261806360645742,-126.18063606457419,-0.725,-0.7332452794701199,-0.7332452794701199,0.01959941881116194,0.07108742503031705,-0.06939934983551581,0.0002351930257339433,-0.4766094316555779,0.0005686994002425364,0.55,0.012,0.65,0.008,nan,0.12,0.12,0.12046768192279393,0.1198355402443308,0.12324999272823334,0.4,0.4,0.3051964658088214,0.30878009877393514,0.25217393040657043,0.093,0.08826601078028068,0.093,0.147,0.13141060257353548,0.14793536384558786,0.0,0.015589397426464507,-0.05280171375384933,-0.023832145921377824,0.0,0.0009353638455878704,nan,1.0,0.0,-0.108,0.4,1.4079999923706055,1.0,0,1,1,0,-5.5636444091796875,-9.044278144836426,2.796813677550962,FOLLOW_MAIN,cascade_pd_tracking,follow_main,inner_wheel_pd,lidar_disabled,FOLLOW_MAIN,COMMITTED,HOLD,1,1,1,1,1,1,2,0.39582180976867676,7.534027099609375e-05,0.4219489097595215,0.41832780838012695,0.40308284759521484,0.39943671226501465,0.013062571999398642,0.05396789699989313
1784808971.6749976,50.584444761276245,-123.10000000000001,-0.12310000000000001,-123.10000000000001,-0.125249666933346,-125.24966693334599,-0.125249666933346,-125.24966693334599,-0.721,-0.7295559746485185,-0.7295559746485185,0.018744167356449737,0.06913966334124112,-0.0688873168133403,0.00022493000827739684,-0.474211383521537,0.000553117306729929,0.55,0.012,0.65,0.008,nan,0.12,0.12,0.12046768192279393,0.12046768192279393,0.12324999272823334,0.4,0.4,0.3051964658088214,0.3051964658088214,0.25217393040657043,0.093,0.08826601078028068,0.093,0.147,0.13141060257353548,0.14793536384558786,0.0,0.015589397426464507,-0.035804482950114125,-0.016160416047943094,0.0,0.0009353638455878704,nan,1.0,0.0,-0.08099999999999999,0.4,1.3960000276565552,1.0,0,1,1,0,-5.5636444091796875,-9.044278144836426,2.8452317050320044,FOLLOW_MAIN,cascade_pd_tracking,follow_main,inner_wheel_pd,lidar_disabled,FOLLOW_MAIN,COMMITTED,HOLD,1,1,1,1,1,1,2,0.03535795211791992,0.013717889785766602,0.010254859924316406,0.006964445114135742,0.003486156463623047,7.224082946777344e-05,0.012013016001219512,0.11223847800101794
1784808971.7285385,50.637985706329346,-123.10000000000001,-0.12310000000000001,-123.10000000000001,-0.125249666933346,-125.24966693334599,-0.125249666933346,-125.24966693334599,-0.721,-0.7295559746485185,-0.7295559746485185,0.018744167356449737,0.06913966334124112,-0.0688873168133403,0.00022493000827739684,-0.474211383521537,0.000553117306729929,0.55,0.012,0.65,0.008,nan,0.12,0.12,0.11953304079693351,0.11953304079693351,0.13050000369548798,0.4,0.4,0.30518843558962755,0.30518843558962755,0.18913042545318604,0.093,0.10856530676888287,0.09206608159386703,0.147,0.1395775972805745,0.147,-0.015565306768882875,0.0,-0.1263583647980438,-0.11146306900665956,-0.0009339184061329725,0.0,nan,1.0,0.0,-0.08099999999999999,0.4,1.3849999904632568,1.0,0,1,1,0,-5.581149578094482,-9.040644645690918,2.936928443123113,FOLLOW_MAIN,cascade_pd_tracking,follow_main,inner_wheel_pd,lidar_disabled,FOLLOW_MAIN,COMMITTED,HOLD,1,1,1,1,1,1,2,0.00017142295837402344,0.012331247329711914,0.0314483642578125,0.028006553649902344,0.00839090347290039,0.004330158233642578,0.05198845300037647,0.012110034998841002
1784808972.176546,51.08599328994751,-122.5,-0.1225,-122.5,-0.12252707916455463,-122.52707916455464,-0.12252707916455463,-122.52707916455464,-0.719,-0.7191015989147557,-0.7191015989147557,0.005355174105590144,0.020087306427047126,-0.06738989354050505,6.426208926708173e-05,-0.4674160392945912,0.00016069845141637701,0.55,0.012,0.65,0.008,nan,0.12,0.12,0.11972918652011831,0.11953304079693351,0.12324999272823334,0.4,0.4,0.303009038665352,0.30518843558962755,0.37826085090637207,0.093,0.10202711599605614,0.09245837304023663,0.147,0.14644911690185236,0.147,-0.009027115996056143,0.0,0.02438062211899371,-0.005191061632329726,-0.0005416269597633685,0.0,nan,1.0,0.0,-0.026,0.4,1.340000033378601,1.0,0,1,1,0,-5.631950378417969,-9.033503532409668,2.936928443123113,FOLLOW_MAIN,cascade_pd_tracking,follow_main,inner_wheel_pd,lidar_disabled,FOLLOW_MAIN,COMMITTED,HOLD,1,1,1,1,1,1,2,0.4481313228607178,0.00011086463928222656,0.47940659523010254,0.4759643077850342,0.4563477039337158,0.4522864818572998,0.03105555000001914,0.06299141399904329
1784808972.2266445,51.13609170913696,-133.9,-0.13390000000000002,-133.9,-0.12251381913417939,-122.51381913417939,-0.12251381913417939,-122.51381913417939,-0.763,-0.7190518483143251,-0.7190518483143251,0.004094338043888179,0.015357942966116901,-0.06738260052379867,4.913205652665815e-05,-0.46738370140431135,0.00012286354372893521,0.55,0.012,0.65,0.008,nan,0.12,0.12,0.11972918652011831,0.11972918652011831,0.12324999272823334,0.4,0.4,0.303009038665352,0.303009038665352,0.37826085090637207,0.093,0.10202711599605614,0.09245837304023663,0.147,0.14644911690185236,0.147,-0.009027115996056143,0.0,0.01838895883736255,-0.00391533153720293,-0.0005416269597633685,0.0,nan,1.0,0.0,-0.018999999999999996,0.4,1.340000033378601,1.0,0,1,1,0,-5.631950378417969,-9.033503532409668,3.020965278021487,FOLLOW_MAIN,cascade_pd_tracking,follow_main,inner_wheel_pd,lidar_disabled,FOLLOW_MAIN,COMMITTED,HOLD,1,1,1,1,1,1,2,0.01440572738647461,0.010911703109741211,0.0074596405029296875,0.003998756408691406,0.00014209747314453125,0.018379926681518555,0.006090240000048652,0.1052971469998738
1784808972.6702292,51.579676389694214,-133.9,-0.13390000000000002,-133.9,-0.12251381913417939,-122.51381913417939,-0.12251381913417939,-122.51381913417939,-0.763,-0.7190518483143251,-0.7190518483143251,0.004094338043888179,0.015357942966116901,-0.06738260052379867,4.913205652665815e-05,-0.46738370140431135,0.00012286354372893521,0.55,0.012,0.65,0.008,nan,0.12,0.12,0.11972918652011831,0.11972918652011831,0.12324999272823334,0.4,0.4,0.303009038665352,0.303009038665352,0.37826085090637207,0.093,0.10202711599605614,0.09245837304023663,0.147,0.14644911690185236,0.147,-0.009027115996056143,0.0,0.01838895883736255,-0.00391533153720293,-0.0005416269597633685,0.0,nan,1.0,0.0,-0.018999999999999996,0.4,1.340000033378601,1.0,0,1,1,0,-5.631950378417969,-9.033503532409668,3.020965278021487,FOLLOW_MAIN,cascade_pd_tracking,follow_main,inner_wheel_pd,lidar_disabled,FOLLOW_MAIN,COMMITTED,HOLD,1,1,1,1,1,1,2,6.794929504394531e-05,0.4544527530670166,0.451000452041626,0.4475393295288086,0.4436819553375244,0.43958377838134766,0.006090240000048652,0.1052971469998738
1784808972.7213802,51.6308274269104,-149.0,-0.149,-149.0,-0.14999692965170125,-149.99692965170124,-0.14999692965170125,-149.99692965170124,-0.8170000000000001,-0.8197493155023259,-0.8197493155023259,-0.04039641324697594,-0.14712233509372172,-0.0824983113084357,-0.00048475695896371126,-0.5328370550765118,-0.0011769786807497738,0.55,0.012,0.65,0.008,nan,0.12,0.12,0.12,0.12,0.12325000017881393,0.4,0.4,0.29999999999999993,0.29999999999999993,0.37826085090637207,0.093,0.09573147290403676,0.093,0.147,0.14871170068192838,0.147,0.0,0.0,0.03822317791779653,-0.00014190578176399935,0.0,0.0,nan,1.0,0.0,-0.003,0.4,1.3329999446868896,1.0,0,1,1,0,-5.700793266296387,-9.033380508422852,-3.0950924265497695,FOLLOW_MAIN,cascade_pd_tracking,follow_main,inner_wheel_pd,lidar_disabled,FOLLOW_MAIN,COMMITTED,HOLD,1,1,1,1,1,1,2,0.011435508728027344,0.007786750793457031,0.023202896118164062,0.004193782806396484,0.00020265579223632812,0.015482902526855469,0.09396942700004729,0.05016124999929161
1784808973.1559749,52.06542205810547,-141.0,-0.141,-141.0,-0.14426605191274616,-144.26605191274615,-0.14426605191274616,-144.26605191274615,-0.789,-0.8001625704101196,-0.8001625704101196,-0.007005545396792823,-0.029881140699251157,-0.07934632855201039,-8.406654476151387e-05,-0.5201056707665778,-0.00023904912559400925,0.55,0.012,0.65,0.008,nan,0.12,0.12,0.12,0.12,0.12325000017881393,0.4,0.4,0.29999999999999993,0.29999999999999993,0.37826085090637207,0.093,0.09573147290403676,0.093,0.147,0.14871170068192838,0.147,0.0,0.0,0.03332400173093995,-0.00012371730386478836,0.0,0.0,nan,1.0,0.0,-0.003,0.4,1.3200000524520874,1.0,0,1,1,0,-5.700793266296387,-9.033380508422852,-3.0950924265497695,FOLLOW_MAIN,cascade_pd_tracking,follow_main,inner_wheel_pd,lidar_disabled,FOLLOW_MAIN,COMMITTED,HOLD,1,1,1,1,1,1,2,0.42673826217651367,0.4232497215270996,0.00010538101196289062,0.43873119354248047,0.4347391128540039,0.43068838119506836,0.013213905000156956,0.07073587599916209
1784808973.2073467,52.1167938709259,-121.4,-0.12140000000000001,-121.4,-0.12613848099165062,-126.13848099165062,-0.12613848099165062,-126.13848099165062,-0.715,-0.7331478579511393,-0.7331478579511393,0.03426906308084843,0.12784274382433264,-0.06937616454540785,0.0004112287569701811,-0.47654610766824057,0.0010227419505946611,0.55,0.012,0.65,0.008,nan,0.12,0.12,0.12,0.12,0.11962500214576721,0.4,0.4,0.29999999999999993,0.29999999999999993,0.34673914313316345,0.093,0.094681903430583,0.093,0.147,0.14221105408767878,0.147,0.0,0.0,0.0015283756886318599,-0.003844031575416032,0.0,0.0,nan,1.0,0.0,-0.243,0.4,1.2829999923706055,1.0,0,1,1,0,-5.755737781524658,-9.043020248413086,-2.95088064811396,FOLLOW_MAIN,cascade_pd_tracking,follow_main,inner_wheel_pd,lidar_disabled,FOLLOW_MAIN,COMMITTED,HOLD,1,1,1,1,1,1,2,0.01898479461669922,0.015326976776123047,0.011658191680908203,0.007999897003173828,0.00406336784362793,0.00015163421630859375,0.04910393500176724,0.056789711999954307
1784808973.6877983,52.59724545478821,-119.2,-0.1192,-119.2,-0.12393381950085205,-123.93381950085205,-0.12393381950085205,-123.93381950085205,-0.705,-0.724704248356449,-0.724704248356449,0.03448712567393268,0.12945940844381976,-0.06816360072546863,0.0004138455080871922,-0.47105776143169187,0.001035675267550558,0.55,0.012,0.65,0.008,nan,0.12,0.12,0.12,0.12,0.12324999272823334,0.4,0.4,0.29999999999999993,0.29999999999999993,0.4413043260574341,0.093,0.09409370012198896,0.093,0.147,0.14743131039882434,0.147,0.0,0.0,0.0011809414941183743,-0.002970196677345517,0.0,0.0,nan,1.0,0.0,-0.27499999999999997,0.4,1.274999976158142,1.0,0,1,1,0,-5.764996528625488,-9.045607566833496,-2.8979240809126026,FOLLOW_MAIN,cascade_pd_tracking,follow_main,inner_wheel_pd,lidar_disabled,FOLLOW_MAIN,COMMITTED,HOLD,1,1,1,1,1,1,2,0.4586772918701172,0.4550645351409912,8.487701416015625e-05,0.48840761184692383,0.46608448028564453,0.46262216567993164,0.025189088000843185,0.01650479300042207
1784808974.1416667,53.05111384391785,-111.80000000000001,-0.11180000000000001,-111.80000000000001,-0.11346337681896133,-113.46337681896134,-0.11346337681896133,-113.46337681896134,-0.674,-0.6807905967637713,-0.6807905967637713,0.020190937419616695,0.08355873955262144,-0.06240485725042874,0.00024229124903540035,-0.44251388789645135,0.0006684699164209715,0.55,0.012,0.65,0.008,nan,0.12,0.12,0.11948690290570227,0.11948690290570227,0.13050000369548798,0.4,0.4,0.3057010788255302,0.3057010788255302,0.37826088070869446,0.093,0.11010323647659084,0.09197380581140455,0.147,0.14967565057322832,0.147,-0.017103236476590844,0.0,-0.047198238924935326,-0.05161595690841219,-0.0010261941885954507,0.0,nan,1.0,0.0,-0.43,0.4,1.2400000095367432,1.0,0,1,1,0,-5.823009967803955,-9.068113327026367,-2.691836027049907,FOLLOW_MAIN,cascade_pd_tracking,follow_main,inner_wheel_pd,lidar_disabled,FOLLOW_MAIN,COMMITTED,HOLD,1,1,1,1,1,1,2,0.41718578338623047,0.41353535652160645,0.40984678268432617,0.40620994567871094,0.00011110305786132812,0.42128896713256836,0.031161679999058833,0.007738610000160406
1784808974.1926692,53.10211634635925,-103.4,-0.1034,-103.4,-0.10706041298749243,-107.06041298749243,-0.10706041298749243,-107.06041298749243,-0.636,-0.6528882618024563,-0.6528882618024563,0.015554913520618666,0.06755633849998871,-0.05888322714312084,0.000186658962247424,-0.4243773701715966,0.0005404507079999097,0.55,0.012,0.65,0.008,nan,0.12,0.12,0.12024194879236208,0.12036505846361206,0.11962500214576721,0.4,0.4,0.30268831991513423,0.3040562051512451,0.34673914313316345,0.093,0.09404841502433706,0.093,0.147,0.138935040254597,0.14748389758472416,0.0,0.008064959745403,0.022701457802255732,0.016560017440048525,0.0,0.00048389758472417994,nan,1.0,0.0,-2.159,0.4,2.628999948501587,1.0,0,1,1,0,-5.870312213897705,-9.094890594482422,-2.6041427841438374,FOLLOW_MAIN,cascade_pd_tracking,follow_main,inner_wheel_pd,lidar_disabled,FOLLOW_MAIN,COMMITTED,HOLD,1,1,1,1,1,1,2,0.003648042678833008,0.00012993812561035156,0.03685402870178223,0.015389442443847656,0.011526823043823242,0.007580757141113281,0.05438750900066225,0.006766851000065799
1784808974.6613765,53.570823669433594,-100.60000000000001,-0.10060000000000001,-100.60000000000001,-0.10522533055956207,-105.22533055956207,-0.10522533055956207,-105.22533055956207,-0.623,-0.6444216345180838,-0.6444216345180838,0.0182776312244948,0.08117793777805427,-0.05787393180775914,0.0002193315746939376,-0.41887406243675446,0.0006494235022244341,0.55,0.012,0.65,0.008,nan,0.12,0.12,0.12024194879236208,0.12024194879236208,0.11962500214576721,0.4,0.4,0.30268831991513423,0.30268831991513423,0.34673914313316345,0.093,0.09404841502433706,0.093,0.147,0.138935040254597,0.14748389758472416,0.0,0.008064959745403,0.017577046641736625,0.012821916612896202,0.0,0.00048389758472417994,nan,1.0,0.0,-2.058,0.4,2.628999948501587,1.0,0,1,1,0,-5.870312213897705,-9.094890594482422,-2.5020757718612043,FOLLOW_MAIN,cascade_pd_tracking,follow_main,inner_wheel_pd,lidar_disabled,FOLLOW_MAIN,COMMITTED,HOLD,1,1,1,1,1,1,2,0.42775940895080566,0.4243130683898926,0.4429600238800049,0.43949341773986816,0.00011658668518066406,0.43163371086120605,0.02318130999992718,0.045142139999370556
1784808974.7115653,53.621012449264526,-80.10000000000001,-0.0801,-80.10000000000001,-0.08553410205880344,-85.53410205880344,-0.08553410205880344,-85.53410205880344,-0.52,-0.5481618296846311,-0.5481618296846311,0.0400030137040185,0.19724994782369537,-0.04704375613234189,0.000480036164448222,-0.35630518929501026,0.001577999582589563,0.55,0.012,0.65,0.008,nan,0.12,0.12,0.12,0.12,0.12687499821186066,0.36610792205713916,0.36610792205713916,0.2745809415428544,0.2745809415428544,0.34673914313316345,0.0952877152611431,0.09949438849557404,0.0952877152611431,0.1447122847388569,0.14498481295207152,0.1447122847388569,0.0,0.0,0.0008166959584938083,-0.03143754292381982,0.0,0.0,nan,1.0,0.0,-1.638,0.4,2.5840001106262207,1.0,0,1,1,0,-5.914566516876221,-9.129877090454102,-2.436636603217542,FOLLOW_MAIN,cascade_pd_tracking,follow_main,inner_wheel_pd,lidar_disabled,FOLLOW_MAIN,COMMITTED,HOLD,1,1,1,1,1,1,2,0.0002455711364746094,0.018730640411376953,0.015502691268920898,0.012162923812866211,0.008507490158081055,0.004503011703491211,0.02813660600077128,0.029460624000421376
1784808975.1598506,54.069297790527344,-77.2,-0.0772,-77.2,-0.08291669398744635,-82.91669398744635,-0.08291669398744635,-82.91669398744635,-0.504,-0.534597307060084,-0.534597307060084,0.03996178329661854,0.19944648245306112,-0.04560418169309549,0.00047954139955942254,-0.3474882495890546,0.001595571859624489,0.55,0.012,0.65,0.008,nan,0.12,0.12,0.12,0.12,0.12687499821186066,0.35746910216430006,0.35746910216430006,0.268101826623225,0.268101826623225,0.34673914313316345,0.09587083560390974,0.09949438849557404,0.09587083560390974,0.14412916439609025,0.14498481295207152,0.14412916439609025,0.0,0.0,0.0006079051025441928,-0.02340043752645439,0.0,0.0,nan,1.0,0.0,-1.4729999999999999,0.4,2.569000005722046,1.0,0,1,1,0,-5.914566516876221,-9.129877090454102,-2.3532940156396394,FOLLOW_MAIN,cascade_pd_tracking,follow_main,inner_wheel_pd,lidar_disabled,FOLLOW_MAIN,COMMITTED,UNKNOWN,1,1,1,1,1,1,1,0.42986154556274414,0.4263737201690674,0.4229471683502197,0.4195523262023926,8.392333984375e-05,0.4336113929748535,0.006710775998726604,0.07374783799969009
1784808975.211412,54.120859146118164,-60.7,-0.060700000000000004,-60.7,-0.06575928963865729,-65.7592896386573,-0.06575928963865729,-65.7592896386573,-0.40900000000000003,-0.4385270446002929,-0.4385270446002929,0.03909562955974262,0.2171955439312251,-0.03616760930126151,0.00046914755471691146,-0.2850425789901904,0.0017375643514498007,0.55,0.012,0.65,0.008,nan,0.12,0.12,0.12,0.12,0.11962500214576721,0.2769264777674518,0.2769264777674518,0.20769485832558893,0.20746719676030934,0.3467390835285187,0.10130746275069699,0.10184747864125336,0.10130746275069699,0.138692537249303,0.14421930148078654,0.138692537249303,0.0,0.0,-0.004536336072917031,-0.008332007940308328,0.0,0.0,nan,1.0,0.0,-2.105,0.4,2.496999979019165,1.0,0,1,1,0,-5.9591474533081055,-9.178693771362305,-2.3072725803322367,FOLLOW_MAIN,cascade_pd_tracking,follow_main,inner_wheel_pd,lidar_disabled,FOLLOW_MAIN,COMMITTED,HOLD,1,1,1,1,1,1,2,0.0038471221923828125,0.0001697540283203125,0.015404701232910156,0.03431582450866699,0.01158761978149414,0.007780313491821289,0.07438252400061174,0.0041695730014907895
1784808975.6600635,54.56951069831848,-60.7,-0.060700000000000004,-60.7,-0.06575928963865729,-65.7592896386573,-0.06575928963865729,-65.7592896386573,-0.40900000000000003,-0.4385270446002929,-0.4385270446002929,0.03909562955974262,0.2171955439312251,-0.03616760930126151,0.00046914755471691146,-0.2850425789901904,0.0017375643514498007,0.55,0.012,0.65,0.008,nan,0.12,0.12,0.12,0.12,0.11962500214576721,0.27718161803716024,0.27718161803716024,0.2078862135278701,0.20804861371360547,0.3467390835285187,0.10129024078249169,0.10184747864125336,0.10129024078249169,0.1387097592175083,0.14421930148078654,0.1387097592175083,0.0,0.0,-0.003969749074051076,-0.007291342677077302,0.0,0.0,nan,1.0,0.0,-2.105,0.4,2.496999979019165,1.0,0,1,1,0,-5.9591474533081055,-9.178693771362305,-2.243440335600402,FOLLOW_MAIN,cascade_pd_tracking,follow_main,inner_wheel_pd,lidar_disabled,FOLLOW_MAIN,COMMITTED,HOLD,1,1,1,1,1,1,2,9.441375732421875e-05,0.43076658248901367,0.42722487449645996,0.4237799644470215,0.4198892116546631,0.41588473320007324,0.09439503899920965,0.024182088000088697
1784808975.7109663,54.62041354179382,-48.7,-0.0487,-48.7,-0.05280667641714883,-52.806676417148836,-0.05280667641714883,-52.806676417148836,-0.335,-0.36032102734393245,-0.36032102734393245,0.0274584081716276,0.16564756782653425,-0.02904367202943186,0.00032950089805953124,-0.2342086677735561,0.0013251805426122741,0.55,0.012,0.65,0.008,nan,0.12,0.12,0.11975260824935663,0.11974162241261638,0.12687499821186066,0.2344774269884867,0.2344774269884867,0.17860686747073556,0.17817054058233409,0.22065217792987823,0.10417277367827714,0.11241916536638893,0.10367799017699043,0.13582722632172284,0.14143954423977814,0.13582722632172284,-0.008246391688111795,0.0,-0.029068681365210014,-0.00029715695741971477,-0.0004947835012867077,0.0,nan,1.0,0.0,-1.199,0.4,2.438999891281128,1.0,0,1,1,0,-5.993343353271484,-9.229930877685547,-2.1674724852393545,FOLLOW_MAIN,cascade_pd_tracking,follow_main,inner_wheel_pd,lidar_disabled,FOLLOW_MAIN,COMMITTED,HOLD,1,1,1,1,1,1,2,0.00740814208984375,0.0037469863891601562,0.00013780593872070312,0.0192110538482666,0.015286922454833984,0.011418342590332031,0.04498132500157226,0.0075883130011789035
1784808976.1280963,55.037543535232544,-48.7,-0.0487,-48.7,-0.05280667641714883,-52.806676417148836,-0.05280667641714883,-52.806676417148836,-0.335,-0.36032102734393245,-0.36032102734393245,0.0274584081716276,0.16564756782653425,-0.02904367202943186,0.00032950089805953124,-0.2342086677735561,0.0013251805426122741,0.55,0.012,0.65,0.008,nan,0.12,0.12,0.11975108371987564,0.11975108371987564,0.12687499821186066,0.23523028105317212,0.23523028105317212,0.17918844723570504,0.17918844723570504,0.22065217792987823,0.10412195602891088,0.11241916536638893,0.10362412346866219,0.1358780439710891,0.14143954423977814,0.1358780439710891,-0.00829720933747806,0.0,-0.02502581080109267,-0.0002526316137198337,-0.0004978325602486835,0.0,nan,1.0,0.0,-1.199,0.4,2.438999891281128,1.0,0,1,1,0,-5.993343353271484,-9.229930877685547,-2.1310336078774204,FOLLOW_MAIN,cascade_pd_tracking,follow_main,inner_wheel_pd,lidar_disabled,FOLLOW_MAIN,COMMITTED,HOLD,1,1,1,1,1,1,2,6.222724914550781e-05,0.3983645439147949,0.3948242664337158,0.39121556282043457,0.3872814178466797,0.38343071937561035,0.06933054300134245,0.03193753100094909
1784808976.1789484,55.08839559555054,-41.900000000000006,-0.04190000000000001,-41.900000000000006,-0.04534323303873342,-45.34323303873342,-0.04534323303873342,-45.34323303873342,-0.29,-0.3131553748859075,-0.3131553748859075,0.018905256417140786,0.11864026312547887,-0.024938778171303383,0.00022686307700568945,-0.20355099367583987,0.000949122105003831,0.55,0.012,0.65,0.008,nan,0.1452913996925058,0.1452913996925058,0.14715233337383582,0.14715233337383582,0.10512499511241913,0.20694317184220565,0.20694317184220565,0.15487586141985704,0.15487586141985704,0.22065214812755585,0.1313227355931569,0.09980989804496056,0.13321350584604869,0.15926006379185467,0.12874177862904995,0.16109116090162295,0.03151283754819635,0.03051828516280472,0.11794430551992036,0.1153839013831771,0.001890770252891781,0.001831097109768283,nan,1.0,0.0,-0.815,0.484304665641686,2.4040000438690186,1.0,0,1,1,0,-6.016028881072998,-9.272261619567871,-2.0325286077513547,FOLLOW_MAIN,cascade_pd_tracking,follow_main,inner_wheel_pd,lidar_disabled,FOLLOW_MAIN,COMMITTED,HOLD,1,1,1,1,1,1,2,0.011008739471435547,0.00744938850402832,0.022940635681152344,0.003927946090698242,0.0001399517059326172,0.015192508697509766,0.10692935099905299,0.06968328400034807
1784808976.231846,55.14129328727722,-40.1,-0.040100000000000004,-40.1,-0.042647381986974736,-42.647381986974736,-0.042647381986974736,-42.647381986974736,-0.279,-0.29502606413701815,-0.29502606413701815,0.018313147844281695,0.11865859076818808,-0.023456060092836108,0.00021975777413138034,-0.1917669416890618,0.0009492687261455046,0.55,0.012,0.65,0.008,nan,0.14923432654671626,0.14923432654671626,0.1512809184811954,0.14933851990750677,0.11599999666213989,0.19411497121565946,0.19411497121565946,0.14383880740242344,0.1541367602718588,0.25217390060424805,0.13613156598965925,0.09940056890102544,0.1383354258149773,0.16233708710377326,0.1308483530431021,0.16422641114741351,0.03673099708863381,0.03148873406067115,0.1075125112325793,0.0830488574867776,0.0022038598253180286,0.001889324043640269,nan,1.0,0.0,-0.71,0.49744775515572087,2.4040000438690186,1.0,0,1,1,0,-6.0202131271362305,-9.281317710876465,-2.003623644971049,FOLLOW_MAIN,cascade_pd_tracking,follow_main,inner_wheel_pd,lidar_disabled,FOLLOW_MAIN,COMMITTED,HOLD,1,1,1,1,1,1,2,0.003758668899536133,0.0001380443572998047,0.015624284744262695,0.03446626663208008,0.011651754379272461,0.007692575454711914,0.01606042300045374,0.050254325000423705
1784808976.6707914,55.580238580703735,-40.1,-0.040100000000000004,-40.1,-0.042647381986974736,-42.647381986974736,-0.042647381986974736,-42.647381986974736,-0.279,-0.29502606413701815,-0.29502606413701815,0.018313147844281695,0.11865859076818808,-0.023456060092836108,0.00021975777413138034,-0.1917669416890618,0.0009492687261455046,0.55,0.012,0.65,0.008,nan,0.14923432654671626,0.14923432654671626,0.1512809184811954,0.1512809184811954,0.11599999666213989,0.19411497121565946,0.19411497121565946,0.14383880740242344,0.14383880740242344,0.25217390060424805,0.13613156598965925,0.09940056890102544,0.1383354258149773,0.16233708710377326,0.1308483530431021,0.16422641114741351,0.03673099708863381,0.03148873406067115,0.1075125112325793,0.0830488574867776,0.0022038598253180286,0.001889324043640269,nan,1.0,0.0,-0.71,0.49744775515572087,2.4040000438690186,1.0,0,1,1,0,-6.0202131271362305,-9.281317710876465,-1.981937125323704,FOLLOW_MAIN,cascade_pd_tracking,follow_main,inner_wheel_pd,lidar_disabled,FOLLOW_MAIN,COMMITTED,HOLD,1,1,1,1,1,1,2,8.821487426757812e-05,0.4390537738800049,0.4353759288787842,0.4319751262664795,0.42842984199523926,0.42467665672302246,0.01606042300045374,0.050254325000423705
1784808976.7208054,55.63025259971619,-36.1,-0.0361,-36.1,-0.03640189367268146,-36.40189367268146,-0.03640189367268146,-36.40189367268146,-0.252,-0.2543186012603241,-0.2543186012603241,0.012632027262441625,0.0832465331315023,-0.020021041519974803,0.0001515843271492995,-0.16530709081921066,0.0006659722650520184,0.55,0.012,0.65,0.008,nan,0.17619705044041556,0.17619705044041556,0.17801846135092442,0.178457725392563,0.14862500131130219,0.16701533452974465,0.16701533452974465,0.12757469378024255,0.12764003809224156,0.09456522762775421,0.1649235153596578,0.13803645617557794,0.1665367389107026,0.18747058552117332,0.15364394768829112,0.18950018379114625,0.026887059184079853,0.0338266378328822,-0.03245961421434217,-0.004086932926238476,0.0016132235510447912,0.002029598269972932,nan,1.0,0.0,-0.592,0.5873235014680519,2.3540000915527344,1.0,0,1,1,0,-6.0446553230285645,-9.341695785522461,-1.947136590257461,FOLLOW_MAIN,cascade_pd_tracking,follow_main,inner_wheel_pd,lidar_disabled,FOLLOW_MAIN,COMMITTED,HOLD,1,1,1,1,1,1,2,0.014610052108764648,0.011048316955566406,0.007454395294189453,0.00390625,0.0001373291015625,0.01872730255126953,0.056451193000611966,0.055747360000168555
1784808977.140882,56.05032920837402,-34.6,-0.0346,-34.6,-0.035949613636332284,-35.94961363633228,-0.035949613636332284,-35.94961363633228,-0.242,-0.25138160113646835,-0.25138160113646835,0.005130093047146315,0.033983617072614526,-0.019772287499982756,6.156111656575579e-05,-0.16339804073870443,0.0002718689365809162,0.55,0.012,0.65,0.008,nan,0.17919729985951782,0.17919729985951782,0.17919729985951782,0.178457725392563,0.18125000596046448,0.16473439247089272,0.16473439247089272,0.12355079435316971,0.12764003809224156,0.06304347515106201,0.16807772836773255,0.17381122849979846,0.16807772836773255,0.1903168713513031,0.1935776769022286,0.1903168713513031,0.0,0.0,-0.026473620794479933,0.022061888731521373,0.0,0.0,nan,1.0,0.0,-0.6439999999999999,0.5973243328650595,2.2769999504089355,1.0,0,1,1,0,-6.06794548034668,-9.414715766906738,-1.933897560865488,FOLLOW_MAIN,cascade_pd_tracking,follow_main,inner_wheel_pd,lidar_disabled,FOLLOW_MAIN,COMMITTED,HOLD,1,1,1,1,1,1,2,0.39371299743652344,8.535385131835938e-05,0.40504884719848633,0.42394089698791504,0.4013335704803467,0.3975701332092285,0.22698651699829497,0.058025452999572735
1784808977.1917424,56.101189613342285,-34.6,-0.0346,-34.6,-0.035949613636332284,-35.94961363633228,-0.035949613636332284,-35.94961363633228,-0.242,-0.25138160113646835,-0.25138160113646835,0.005130093047146315,0.033983617072614526,-0.019772287499982756,6.156111656575579e-05,-0.16339804073870443,0.0002718689365809162,0.55,0.012,0.65,0.008,nan,0.1790270656886306,0.1790270656886306,0.1790270656886306,0.1790270656886306,0.1667499989271164,0.16469339654527348,0.16469339654527348,0.12352004740895525,0.12352004740895525,0.06304347515106201,0.16791026142182464,0.16909660782284128,0.16791026142182464,0.19014386995543658,0.1841738840439068,0.19014386995543658,0.0,0.0,-0.02300692173104107,0.01917290238556582,0.0,0.0,nan,1.0,0.0,-0.6439999999999999,0.5967568856287687,2.2769999504089355,1.0,0,1,1,0,-6.071567058563232,-9.42841911315918,-1.8344790394252308,FOLLOW_MAIN,cascade_pd_tracking,follow_main,inner_wheel_pd,lidar_disabled,FOLLOW_MAIN,COMMITTED,HOLD,1,1,1,1,1,1,2,0.00012254714965820312,0.018824338912963867,0.015185356140136719,0.0117034912109375,0.007986307144165039,0.004045009613037109,0.24803956899995683,0.014410850000786013
1784808977.2429543,56.15240144729614,-34.6,-0.0346,-34.6,-0.035949613636332284,-35.94961363633228,-0.035949613636332284,-35.94961363633228,-0.242,-0.25138160113646835,-0.25138160113646835,0.005130093047146315,0.033983617072614526,-0.019772287499982756,6.156111656575579e-05,-0.16339804073870443,0.0002718689365809162,0.55,0.012,0.65,0.008,nan,0.1787065494067309,0.1787065494067309,0.1787065494067309,0.17859242326938715,0.1667499989271164,0.16462930608350443,0.16462930608350443,0.12347197956262822,0.12345734919751099,0.06304347515106201,0.16759407124609435,0.16909660782284128,0.16759407124609435,0.18981902756736743,0.1841738840439068,0.18981902756736743,0.0,0.0,-0.016922547463582363,0.014102466832692936,0.0,0.0,nan,1.0,0.0,-0.6439999999999999,0.5956884980224363,2.2769999504089355,1.0,0,1,1,0,-6.071567058563232,-9.42841911315918,-1.8189074600445336,FOLLOW_MAIN,cascade_pd_tracking,follow_main,inner_wheel_pd,lidar_disabled,FOLLOW_MAIN,COMMITTED,HOLD,1,1,1,1,1,1,2,0.014374494552612305,0.010890007019042969,0.007341146469116211,0.0038149356842041016,0.00011372566223144531,0.018029451370239258,0.29411180099850753,0.06048308199933672
1784808977.6346712,56.54411840438843,-35.4,-0.0354,-35.4,-0.0349010065229323,-34.9010065229323,-0.0349010065229323,-34.9010065229323,-0.248,-0.24400707855782713,-0.24400707855782713,0.0008667364022753015,0.005979728924859167,-0.019195553587612768,1.0400836827303618e-05,-0.15860460106258764,4.7837831398873334e-05,0.55,0.012,0.65,0.008,nan,0.17811886842345137,0.17811886842345137,0.17845949055518492,0.17859242326938715,0.17399999499320984,0.15872668685824584,0.15872668685824584,0.12282970549627953,0.12345734919751099,0.12608695030212402,0.16740481706051977,0.16231452293041618,0.16740481706051977,0.18883291978638297,0.17747884872859795,0.18951416404985008,0.0,0.01135407105778502,0.0060980942535743075,0.0031650828605652194,0.0,0.0006812442634671012,nan,1.0,0.0,-0.6399999999999999,0.5937295614115046,2.2009999752044678,1.0,0,1,1,0,-6.090181350708008,-9.505593299865723,-1.8189074600445336,FOLLOW_MAIN,cascade_pd_tracking,follow_main,inner_wheel_pd,lidar_disabled,FOLLOW_MAIN,COMMITTED,HOLD,1,1,1,1,1,1,2,0.3840928077697754,7.677078247070312e-05,0.3990304470062256,0.3955047130584717,0.3918030261993408,0.38787126541137695,0.013106534999678843,0.009668165001130546
1784808977.685445,56.594892263412476,-38.5,-0.0385,-38.5,-0.035144735854514136,-35.14473585451414,-0.035144735854514136,-35.14473585451414,-0.268,-0.24595738877005366,-0.24595738877005366,-0.00023052308517345255,-0.0025675666274221493,-0.019329604719982775,-2.7662770220814307e-06,-0.15987230270053487,-2.0540533019377194e-05,0.55,0.012,0.65,0.008,nan,0.17841785637933305,0.17841785637933305,0.17877183463785384,0.17877183463785384,0.17399999499320984,0.1608928538265372,0.1608928538265372,0.12460273213124501,0.12460273213124501,0.12608695030212402,0.1675575887460418,0.16231452293041618,0.1675575887460418,0.1892781240126243,0.17747884872859795,0.1899860805296659,0.0,0.011799275284026356,0.004133958344618047,0.004762058691819174,0.0,0.0007079565170415814,nan,1.0,0.0,-0.5369999999999999,0.5947261879311102,2.2100000381469727,1.0,0,1,1,0,-6.090181350708008,-9.505593299865723,-1.7873226658967187,FOLLOW_MAIN,cascade_pd_tracking,follow_main,inner_wheel_pd,lidar_disabled,FOLLOW_MAIN,COMMITTED,HOLD,1,1,1,1,1,1,2,0.010988235473632812,0.00739741325378418,0.02270197868347168,0.003823518753051758,0.00014066696166992188,0.015027046203613281,0.004388258001199574,0.06797930300126609
1784808977.7385824,56.64802956581116,-38.5,-0.0385,-38.5,-0.035144735854514136,-35.14473585451414,-0.035144735854514136,-35.14473585451414,-0.268,-0.24595738877005366,-0.24595738877005366,-0.00023052308517345255,-0.0025675666274221493,-0.019329604719982775,-2.7662770220814307e-06,-0.15987230270053487,-2.0540533019377194e-05,0.55,0.012,0.65,0.008,nan,0.17906468767426545,0.17906468767426545,0.17906468767426545,0.17906468767426545,0.19574999809265137,0.16168268385590095,0.16168268385590095,0.12126201289192587,0.12126201289192587,0.06304347515106201,0.16815110651399212,0.1761250062738894,0.16815110651399212,0.18997826883453878,0.18814034905411067,0.18997826883453878,0.0,0.0,0.009656113901206825,-0.06079286884059202,0.0,0.0,nan,1.0,0.0,-0.5369999999999999,0.5968822922475515,2.2100000381469727,1.0,0,1,1,0,-6.093303680419922,-9.520539283752441,-1.7718139480965989,FOLLOW_MAIN,cascade_pd_tracking,follow_main,inner_wheel_pd,lidar_disabled,FOLLOW_MAIN,COMMITTED,HOLD,1,1,1,1,1,1,2,0.011274099349975586,0.007581472396850586,0.003947734832763672,0.00025272369384765625,0.019557952880859375,0.015448331832885742,0.04450139900109207,0.031160902000920032
1784808978.1524193,57.06186652183533,-38.5,-0.0385,-38.5,-0.035144735854514136,-35.14473585451414,-0.035144735854514136,-35.14473585451414,-0.268,-0.24595738877005366,-0.24595738877005366,-0.00023052308517345255,-0.0025675666274221493,-0.019329604719982775,-2.7662770220814307e-06,-0.15987230270053487,-2.0540533019377194e-05,0.55,0.012,0.65,0.008,nan,0.17947094355726273,0.17947094355726273,0.17947094355726273,0.17942002199555632,0.19574999809265137,0.16197506650392424,0.16197506650392424,0.12148129987794329,0.15825225722459635,0.06304347515106201,0.16853762656824783,0.1761250062738894,0.16853762656824783,0.19040426054627763,0.18814034905411067,0.19040426054627763,0.0,0.0,0.00844985954746353,-0.053198544305300015,0.0,0.0,nan,1.0,0.0,-0.5369999999999999,0.5982364785242091,2.2100000381469727,1.0,0,1,1,0,-6.093303680419922,-9.520539283752441,-1.7718139480965989,FOLLOW_MAIN,cascade_pd_tracking,follow_main,inner_wheel_pd,lidar_disabled,FOLLOW_MAIN,COMMITTED,HOLD,1,1,1,1,1,1,2,0.40570783615112305,0.40212249755859375,0.39856982231140137,9.1552734375e-05,0.4332735538482666,0.4096360206604004,0.06451761800053646,0.05117712100036442
1784808978.2039,57.11334729194641,-49.1,-0.049100000000000005,-49.1,-0.044682291443057395,-44.682291443057395,-0.044682291443057395,-44.682291443057395,-0.338,-0.30867882434099614,-0.30867882434099614,-0.0201882699469734,-0.13286550314414053,-0.02457526029368157,-0.00024225923936368083,-0.2006412358216475,-0.0010629240251531242,0.55,0.012,0.65,0.008,nan,0.17746209802658872,0.17746209802658872,0.17791753425623613,0.17791753425623613,0.1703750044107437,0.21391256440549622,0.21391256440549622,0.16549482585575997,0.16549482585575997,0.09456519782543182,0.16302299992921773,0.16571055011362562,0.16302299992921773,0.1919011961239597,0.17671998846904585,0.19281206858325453,0.0,0.015181207654913847,-0.0032387607179577113,0.0008839765618371864,0.0,0.0009108724592948309,nan,1.0,0.0,-0.43099999999999994,0.5915403267552958,2.318000078201294,1.0,0,1,1,0,-6.107729434967041,-9.599727630615234,-1.7501273840576939,FOLLOW_MAIN,cascade_pd_tracking,follow_main,inner_wheel_pd,lidar_disabled,FOLLOW_MAIN,COMMITTED,HOLD,1,1,1,1,1,1,2,0.00012493133544921875,0.01900196075439453,0.015345573425292969,0.011760950088500977,0.007861614227294922,0.004056692123413086,0.024760162999882596,0.011399868999433238
1784808978.2569792,57.16642642021179,-51.1,-0.0511,-51.1,-0.04698147134804907,-46.98147134804907,-0.04698147134804907,-46.98147134804907,-0.35000000000000003,-0.32393892060967544,-0.32393892060967544,-0.02311538643213404,-0.15259083711329482,-0.02583980924142699,-0.00027738463718560846,-0.21056029839628904,-0.0012207266969063587,0.55,0.012,0.65,0.008,nan,0.17554713564906269,0.17554713564906269,0.17596315121377354,0.17596315121377354,0.1703750044107437,0.22551539686788702,0.22281538237548068,0.17173393194506445,0.17173393194506445,0.09456519782543182,0.16050709733871774,0.16571055011362562,0.16050709733871774,0.19058717395940764,0.17671998846904585,0.19141920508882934,0.0,0.013867185490361783,-0.0021694173058503363,-0.006540536590476345,0.0,0.000832031129421707,nan,1.0,0.0,-0.444,0.5851571188302089,2.318000078201294,1.0,0,1,1,0,-6.107729434967041,-9.599727630615234,-1.728315055284497,FOLLOW_MAIN,cascade_pd_tracking,follow_main,inner_wheel_pd,lidar_disabled,FOLLOW_MAIN,COMMITTED,HOLD,1,1,1,1,1,1,2,0.018726587295532227,0.015056848526000977,0.011426210403442383,0.007833242416381836,0.003992795944213867,0.00012350082397460938,0.011380054000255768,0.07150969199938118
1784808978.6784554,57.587902545928955,-51.1,-0.0511,-51.1,-0.04698147134804907,-46.98147134804907,-0.04698147134804907,-46.98147134804907,-0.35000000000000003,-0.32393892060967544,-0.32393892060967544,-0.02311538643213404,-0.15259083711329482,-0.02583980924142699,-0.00027738463718560846,-0.21056029839628904,-0.0012207266969063587,0.55,0.012,0.65,0.008,nan,0.17554713564906269,0.17554713564906269,0.17596315121377354,0.17596315121377354,0.1703750044107437,0.22551539686788702,0.22281538237548068,0.17173393194506445,0.17173393194506445,0.09456519782543182,0.16050709733871774,0.16571055011362562,0.16050709733871774,0.19058717395940764,0.17671998846904585,0.19141920508882934,0.0,0.013867185490361783,-0.0021694173058503363,-0.006540536590476345,0.0,0.000832031129421707,nan,1.0,0.0,-0.444,0.5851571188302089,2.318000078201294,1.0,0,1,1,0,-6.107729434967041,-9.599727630615234,-1.728315055284497,FOLLOW_MAIN,cascade_pd_tracking,follow_main,inner_wheel_pd,lidar_disabled,FOLLOW_MAIN,COMMITTED,HOLD,1,1,1,1,1,1,2,9.942054748535156e-05,0.4365081787109375,0.4328773021697998,0.42928361892700195,0.4254426956176758,0.4215731620788574,0.011380054000255768,0.07150969199938118
1784808978.7293327,57.63877987861633,-61.400000000000006,-0.0614,-61.400000000000006,-0.0581740421612037,-58.1740421612037,-0.0581740421612037,-58.1740421612037,-0.41300000000000003,-0.3937906215937228,-0.3937906215937228,-0.024486458144547057,-0.15344948864518929,-0.031995723188662034,-0.0002938374977345647,-0.25596390403591984,-0.0012275959091615142,0.55,0.012,0.65,0.008,nan,0.15467864787521587,0.15467864787521587,0.15310678149396825,0.15247069146877265,0.1848749965429306,0.277332567184306,0.277332567184306,0.21339015149544,0.2134120330584034,0.15760867297649384,0.13595869959027523,0.17024256177188507,0.13390166785937865,0.17339859616015652,0.19151028002013426,0.17231189512855785,-0.03428386218160984,-0.018111683859977745,-0.03781812005603442,-0.040141651690096675,-0.00205703173089659,-0.0010867010315986647,nan,1.0,0.0,-0.496,0.5155954929173863,2.260999917984009,1.0,0,1,1,0,-6.119691371917725,-9.69025993347168,-1.6874939564805855,FOLLOW_MAIN,cascade_pd_tracking,follow_main,inner_wheel_pd,lidar_disabled,FOLLOW_MAIN,COMMITTED,HOLD,1,1,1,1,1,1,2,0.018661975860595703,0.015109062194824219,0.011655807495117188,0.00822901725769043,0.004284858703613281,0.0001780986785888672,0.04340523300015775,0.042604529999152874
1784808979.155207,58.06465411186218,-61.400000000000006,-0.0614,-61.400000000000006,-0.0581740421612037,-58.1740421612037,-0.0581740421612037,-58.1740421612037,-0.41300000000000003,-0.3937906215937228,-0.3937906215937228,-0.024486458144547057,-0.15344948864518929,-0.031995723188662034,-0.0002938374977345647,-0.25596390403591984,-0.0012275959091615142,0.55,0.012,0.65,0.008,nan,0.15355505945785797,0.15355505945785797,0.15191577777156887,0.15150132976256264,0.1848749965429306,0.2773838673177619,0.2773838673177619,0.2134309351015375,0.21344489210326315,0.15760867297649384,0.13483164841390904,0.17024256177188507,0.1327069936124305,0.1722784705018069,0.19151028002013426,0.17112456193070724,-0.035410913357976026,-0.01923180951832737,-0.03515678113170571,-0.03687645423767887,-0.0021246548014785616,-0.0011539085710996421,nan,1.0,0.0,-0.496,0.5118501981928599,2.2339999675750732,1.0,0,1,1,0,-6.119691371917725,-9.69025993347168,-1.6258064113649415,FOLLOW_MAIN,cascade_pd_tracking,follow_main,inner_wheel_pd,lidar_disabled,FOLLOW_MAIN,COMMITTED,HOLD,1,1,1,1,1,1,2,0.4062373638153076,0.40250444412231445,0.3990461826324463,0.395399808883667,0.0002582073211669922,0.4104933738708496,0.08509720800066134,0.08429650499965646
1784808979.2083774,58.11782455444336,-67.5,-0.0675,-67.5,-0.06453123526260914,-64.53123526260913,-0.06453123526260914,-64.53123526260913,-0.449,-0.4321608877855643,-0.4321608877855643,-0.014276182257837585,-0.0873990555964172,-0.035492179394435025,-0.00017131418709405102,-0.2809045770606168,-0.0006991924447713376,0.55,0.012,0.65,0.008,nan,0.14138267541304322,0.14138267541304322,0.1403422861746723,0.14123354101799265,0.1522499918937683,0.30426842106351115,0.30426842106351115,0.23197376331543107,0.23206474017794357,0.25217393040657043,0.12084455699125622,0.14384304890746838,0.11946464747628349,0.16192079383483024,0.17360194319764963,0.16121992487306108,-0.022998491916212158,-0.011681149362819387,0.005098514592102779,0.00844166057065816,-0.0013799095149727293,-0.0007008689617691632,nan,1.0,0.0,-0.62,0.4712755847101441,2.1670000553131104,1.0,0,1,1,0,-6.123201847076416,-9.76767349243164,-1.5787129988045965,FOLLOW_MAIN,cascade_pd_tracking,follow_main,inner_wheel_pd,lidar_disabled,FOLLOW_MAIN,COMMITTED,HOLD,1,1,1,1,1,1,2,0.003568887710571289,0.0001513957977294922,0.017423629760742188,0.014139413833618164,0.010711908340454102,0.007328033447265625,0.04818323300060001,0.06956541500039748
1784808979.2620857,58.17153286933899,-69.3,-0.0693,-69.3,-0.06590045501735164,-65.90045501735165,-0.06590045501735164,-65.90045501735165,-0.46,-0.43992723073822093,-0.43992723073822093,-0.01606257835081125,-0.09607259244304536,-0.03624525025954341,-0.000192750940209735,-0.2859526999798436,-0.000768580739544363,0.55,0.012,0.65,0.008,nan,0.1392116537266557,0.1392116537266557,0.1386762372271331,0.1386762372271331,0.13774999976158142,0.3099368125880945,0.3099368125880945,0.2384016816579887,0.2384016816579887,0.12608695030212402,0.11829091887695932,0.13613813552771278,0.11722008587791412,0.1601323885763521,0.1591770056625709,0.1601323885763521,-0.017847216650753464,0.0,0.03109946638006651,0.0699434057306614,-0.0010708329990452077,0.0,nan,1.0,0.0,-0.6399999999999999,0.464038845755519,2.1530001163482666,1.0,0,1,1,0,-6.122932434082031,-9.779654502868652,-1.5373569652322385,FOLLOW_MAIN,cascade_pd_tracking,follow_main,inner_wheel_pd,lidar_disabled,FOLLOW_MAIN,COMMITTED,HOLD,1,1,1,1,1,1,2,0.014908790588378906,0.011317253112792969,0.007676839828491211,0.0041124820709228516,0.00015616416931152344,0.018612146377563477,0.02755345799960196,0.020788792999155703
1784808979.6850758,58.59452295303345,-69.3,-0.0693,-69.3,-0.06590045501735164,-65.90045501735165,-0.06590045501735164,-65.90045501735165,-0.46,-0.43992723073822093,-0.43992723073822093,-0.01606257835081125,-0.09607259244304536,-0.03624525025954341,-0.000192750940209735,-0.2859526999798436,-0.000768580739544363,0.55,0.012,0.65,0.008,nan,0.1392116537266557,0.1392116537266557,0.1386762372271331,0.1386762372271331,0.13774999976158142,0.3099368125880945,0.3099368125880945,0.2384016816579887,0.2384016816579887,0.12608695030212402,0.11829091887695932,0.13613813552771278,0.11722008587791412,0.1601323885763521,0.1591770056625709,0.1601323885763521,-0.017847216650753464,0.0,0.03109946638006651,0.0699434057306614,-0.0010708329990452077,0.0,nan,1.0,0.0,-0.6399999999999999,0.464038845755519,2.1530001163482666,1.0,0,1,1,0,-6.122932434082031,-9.779654502868652,-1.5373569652322385,FOLLOW_MAIN,cascade_pd_tracking,follow_main,inner_wheel_pd,lidar_disabled,FOLLOW_MAIN,COMMITTED,HOLD,1,1,1,1,1,1,2,0.4378490447998047,0.43425631523132324,0.4306151866912842,0.4270505905151367,0.4230930805206299,7.271766662597656e-05,0.02755345799960196,0.020788792999155703
1784808979.735893,58.64534020423889,-76.0,-0.076,-76.0,-0.07446411892816523,-74.46411892816523,-0.07446411892816523,-74.46411892816523,-0.497,-0.48881589809325643,-0.48881589809325643,-0.01358586532417398,-0.07768865749496595,-0.04095526541049088,-0.00016303038389008776,-0.3177303337606167,-0.0006215092599597276,0.55,0.012,0.65,0.008,nan,0.12,0.12,0.12,0.12,0.11599999666213989,0.3457721367452236,0.3457721367452236,0.2593291025589176,0.2593291025589176,0.37826088070869446,0.09666038076969741,0.10072130975617169,0.09666038076969741,0.14333961923030258,0.1491451415151634,0.14333961923030258,0.0,0.0,0.09526651512428297,0.04608830755348055,0.0,0.0,nan,1.0,0.0,-0.736,0.4,2.0840001106262207,1.0,0,1,1,0,-6.11845064163208,-9.842342376708984,-1.5166784960726873,FOLLOW_MAIN,cascade_pd_tracking,follow_main,inner_wheel_pd,lidar_disabled,FOLLOW_MAIN,COMMITTED,HOLD,1,1,1,1,1,1,2,0.0036334991455078125,8.392333984375e-05,0.018529176712036133,0.014939069747924805,0.011137962341308594,0.0075817108154296875,0.005314758998792968,0.029743347000476206
1784808980.1828735,59.092320680618286,-76.0,-0.076,-76.0,-0.07446411892816523,-74.46411892816523,-0.07446411892816523,-74.46411892816523,-0.497,-0.48881589809325643,-0.48881589809325643,-0.01358586532417398,-0.07768865749496595,-0.04095526541049088,-0.00016303038389008776,-0.3177303337606167,-0.0006215092599597276,0.55,0.012,0.65,0.008,nan,0.12,0.12,0.12,0.12,0.11599999666213989,0.3457079343629858,0.3457079343629858,0.25928095077223934,0.2592391131859448,0.37826088070869446,0.09666471443049846,0.10072130975617169,0.09666471443049846,0.14333528556950154,0.1491451415151634,0.14333528556950154,0.0,0.0,0.08379306600068032,0.04053764947369293,0.0,0.0,nan,1.0,0.0,-0.736,0.4,2.0840001106262207,1.0,0,1,1,0,-6.11845064163208,-9.842342376708984,-1.432704533693826,FOLLOW_MAIN,cascade_pd_tracking,follow_main,inner_wheel_pd,lidar_disabled,FOLLOW_MAIN,COMMITTED,HOLD,1,1,1,1,1,1,2,0.43282318115234375,0.42915844917297363,0.42557191848754883,0.4219701290130615,0.41806888580322266,0.00014972686767578125,0.02456397799869592,0.048992566000379156
1784808980.2330906,59.14253783226013,-78.10000000000001,-0.0781,-78.10000000000001,-0.07788285534858459,-77.8828553485846,-0.07788285534858459,-77.8828553485846,-0.509,-0.5078563432588412,-0.5078563432588412,-0.007725822787171766,-0.04303652028538699,-0.04283557044172153,-9.27098734460612e-05,-0.3301066231182468,-0.0003442921622830959,0.55,0.012,0.65,0.008,nan,0.12,0.12,0.11962434639977917,0.11962429844223624,0.12687499821186066,0.3578230253975655,0.3578230253975655,0.27254119793951653,0.2725594928540396,0.28369566798210144,0.09584694578566433,0.10836873245969181,0.09509563858522269,0.14415305421433566,0.14494025106768782,0.14415305421433566,-0.01252178667402748,0.0,-0.013734846272768263,0.0016707471789483975,-0.0007513072004416487,0.0,nan,1.0,0.0,-0.817,0.4,2.0339999198913574,1.0,0,1,1,0,-6.105974197387695,-9.897075653076172,-1.352418578030112,FOLLOW_MAIN,cascade_pd_tracking,follow_main,inner_wheel_pd,lidar_disabled,FOLLOW_MAIN,COMMITTED,HOLD,1,1,1,1,1,1,2,0.00731205940246582,0.0036051273345947266,0.0001125335693359375,0.03633475303649902,0.015113592147827148,0.011313438415527344,0.05812830500144628,0.06936330300050031
1784808980.6891549,59.598602056503296,-77.9,-0.07790000000000001,-77.9,-0.07798749522245127,-77.98749522245127,-0.07798749522245127,-77.98749522245127,-0.508,-0.5084074602049027,-0.5084074602049027,-0.006255640460279378,-0.03473108797770376,-0.0428931223723482,-7.506768552335254e-05,-0.33046484913318674,-0.0002778487038216301,0.55,0.012,0.65,0.008,nan,0.12,0.12,0.1197169534813664,0.11971697224344272,0.12324999272823334,0.3581433185923647,0.3581433185923647,0.27175245026242467,0.2717452928777563,0.31521737575531006,0.09582532599501538,0.10526020994946858,0.09525923295774819,0.14417467400498463,0.144739484487213,0.14417467400498463,-0.009434883954453202,0.0,0.007254438095923136,0.001457451844516702,-0.0005660930372671921,0.0,nan,1.0,0.0,-0.814,0.4,2.0339999198913574,1.0,0,1,1,0,-6.103096961975098,-9.906506538391113,-1.3146864399881513,FOLLOW_MAIN,cascade_pd_tracking,follow_main,inner_wheel_pd,lidar_disabled,FOLLOW_MAIN,COMMITTED,HOLD,1,1,1,1,1,1,2,6.532669067382812e-05,0.43830060958862305,0.43497371673583984,0.4315967559814453,0.4280431270599365,0.42398691177368164,0.012858702000812627,0.009982684001442976
1784808980.7396796,59.64912676811218,-73.9,-0.07390000000000001,-73.9,-0.07430108546992073,-74.30108546992074,-0.07430108546992073,-74.30108546992074,-0.486,-0.4882137600855945,-0.4882137600855945,0.007916662034450895,0.04344572919479389,-0.040865597008456406,9.499994441341075e-05,-0.3173389440556364,0.0003475658335583511,0.55,0.012,0.65,0.008,nan,0.12,0.12,0.12,0.12,0.11962499469518661,0.33034417615163514,0.33034417615163514,0.24775813211372644,0.24775813211372644,0.28369566798210144,0.09770176810976462,0.10116035140155313,0.09770176810976462,0.14229823189023538,0.13760497207390168,0.14229823189023538,0.0,0.0,0.007613498327831726,5.9356180843258255e-05,0.0,0.0,nan,1.0,0.0,-1.3909999999999998,0.4,1.9800000190734863,1.0,0,1,1,0,-6.085387229919434,-9.952695846557617,-1.2043606952308852,FOLLOW_MAIN,cascade_pd_tracking,follow_main,inner_wheel_pd,lidar_disabled,FOLLOW_MAIN,COMMITTED,HOLD,1,1,1,1,1,1,2,0.007301807403564453,0.0036933422088623047,0.00013566017150878906,0.019158363342285156,0.015441179275512695,0.01138615608215332,0.11519437000060861,0.07530111699998088
1784808981.1756582,60.085105419158936,-73.9,-0.07390000000000001,-73.9,-0.07430108546992073,-74.30108546992074,-0.07430108546992073,-74.30108546992074,-0.486,-0.4882137600855945,-0.4882137600855945,0.007916662034450895,0.04344572919479389,-0.040865597008456406,9.499994441341075e-05,-0.3173389440556364,0.0003475658335583511,0.55,0.012,0.65,0.008,nan,0.12,0.12,0.12,0.12,0.11599999666213989,0.3304529655410634,0.3304529655410634,0.24783972415579758,0.24783972415579758,0.37826085090637207,0.09769442482597822,0.09571495413844675,0.09769442482597822,0.1423055751740218,0.13960512098727515,0.1423055751740218,0.0,0.0,0.006665794031209525,5.196771036699817e-05,0.0,0.0,nan,1.0,0.0,-1.3909999999999998,0.4,1.9800000190734863,1.0,0,1,1,0,-6.0811991691589355,-9.961750030517578,-1.1622157781535971,FOLLOW_MAIN,cascade_pd_tracking,follow_main,inner_wheel_pd,lidar_disabled,FOLLOW_MAIN,COMMITTED,HOLD,1,1,1,1,1,1,2,0.00011539459228515625,0.4207131862640381,0.4360675811767578,0.4172954559326172,0.4137122631072998,0.40996313095092773,0.13513442300063616,0.009822573001656565
1784808981.2259064,60.135353565216064,-85.9,-0.0859,-85.9,-0.07623613808453375,-76.23613808453375,-0.07623613808453375,-76.23613808453375,-0.551,-0.49711693337590795,-0.49711693337590795,-0.029855296028642037,-0.1642992465362485,-0.04192987594649356,-0.00035826355234370446,-0.32312600669434016,-0.001314393972289988,0.55,0.012,0.65,0.008,nan,0.12,0.12,0.12,0.12,0.12324999272823334,0.31680012486999765,0.2811116577231688,0.21083374329237659,0.20400215064256227,0.25217393040657043,0.1010249631036861,0.10290979064261781,0.1010249631036861,0.13897503689631388,0.13640333292587958,0.13897503689631388,0.0,0.0,0.015393268373608774,2.125131787077181e-06,0.0,0.0,nan,1.0,0.0,-2.9059999999999997,0.4,2.0230000019073486,1.0,0,1,1,0,-6.053834438323975,-10.011549949645996,-1.0657288260596167,FOLLOW_MAIN,cascade_pd_tracking,follow_main,inner_wheel_pd,lidar_disabled,FOLLOW_MAIN,COMMITTED,HOLD,1,1,1,1,1,1,2,0.007244586944580078,0.0037369728088378906,0.00013327598571777344,0.01869964599609375,0.015074968338012695,0.01119375228881836,0.03373003200067615,0.028287662000366254
1784808981.6807754,60.59022259712219,-75.7,-0.0757,-75.7,-0.0811550272814323,-81.1550272814323,-0.0811550272814323,-81.1550272814323,-0.496,-0.5245433221872824,-0.5245433221872824,-0.03993485374416831,-0.22105562577569288,-0.04463526500478777,-0.00047921824493001974,-0.34095315942173354,-0.001768445006205543,0.55,0.012,0.65,0.008,nan,0.12,0.12,0.12,0.12,0.12324999272823334,0.336212595941378,0.2999849047728377,0.2249886785796283,0.21823127956741545,0.25217393040657043,0.09975101892783345,0.10290979064261781,0.09975101892783345,0.14024898107216655,0.13640333292587958,0.14024898107216655,0.0,0.0,0.011638593890992152,1.606776756847462e-06,0.0,0.0,nan,1.0,0.0,-2.8939999999999997,0.4,2.0369999408721924,1.0,0,1,1,0,-6.053834438323975,-10.011549949645996,-1.018729853819354,FOLLOW_MAIN,cascade_pd_tracking,follow_main,inner_wheel_pd,lidar_disabled,FOLLOW_MAIN,COMMITTED,HOLD,1,1,1,1,1,1,2,0.4174685478210449,0.4138374328613281,0.00011157989501953125,0.4292731285095215,0.4253959655761719,0.4214744567871094,0.004539813999144826,0.07022821099963039
1784808981.7312148,60.64066195487976,-45.800000000000004,-0.04580000000000001,-45.800000000000004,-0.05377108468229458,-53.77108468229458,-0.05377108468229458,-53.77108468229458,-0.316,-0.36577962321573837,-0.36577962321573837,0.047188356526821684,0.2812071011305101,-0.02957409657526202,0.0005662602783218602,-0.23775675509022995,0.002249656809044081,0.55,0.012,0.65,0.008,nan,0.12,0.12,0.12,0.12,0.11599999666213989,0.2081005535455518,0.2081005535455518,0.1560754151591638,0.1560754151591638,0.25217390060424805,0.10595321263567525,0.09965828102157803,0.10595321263567525,0.13404678736432474,0.1363995655255672,0.13404678736432474,0.0,0.0,0.00279289878594691,-0.009744940781023463,0.0,0.0,nan,1.0,0.0,-3.6069999999999998,0.4,2.243000030517578,1.0,0,1,1,0,-6.021450996398926,-10.05734634399414,-0.9843079231129894,FOLLOW_MAIN,cascade_pd_tracking,follow_main,inner_wheel_pd,lidar_disabled,FOLLOW_MAIN,COMMITTED,HOLD,1,1,1,1,1,1,2,0.01048731803894043,0.007101535797119141,0.003620147705078125,0.000110626220703125,0.017493724822998047,0.014070510864257812,0.04036605000146665,0.04793632600012643
1784808982.160767,61.07021427154541,-42.300000000000004,-0.042300000000000004,-42.300000000000004,-0.05007095292241481,-50.07095292241481,-0.05007095292241481,-50.07095292241481,-0.293,-0.3426722078266473,-0.3426722078266473,0.049960900259312074,0.301609088162436,-0.02753902410732815,0.0005995308031117449,-0.22273693508732076,0.002412872705299488,0.55,0.012,0.65,0.008,nan,0.12,0.12,0.12,0.12,0.11599999666213989,0.19082571086786318,0.19367915881930994,0.14525936911448253,0.1559395107895665,0.25217390060424805,0.10692665677969657,0.09965828102157803,0.10692665677969657,0.13307334322030342,0.1363995655255672,0.13307334322030342,0.0,0.0,0.0021356476889051778,-0.007451670057729828,0.0,0.0,nan,1.0,0.0,-2.895,0.4,2.243000030517578,1.0,0,1,1,0,-6.021450996398926,-10.05734634399414,-0.9391685511670256,FOLLOW_MAIN,cascade_pd_tracking,follow_main,inner_wheel_pd,lidar_disabled,FOLLOW_MAIN,COMMITTED,HOLD,1,1,1,1,1,1,2,0.3960270881652832,0.3924872875213623,0.00010704994201660156,0.407559871673584,0.4037952423095703,0.4000716209411621,0.01821420099986426,0.0881828379988292
1784808982.21246,61.121907234191895,-31.700000000000006,-0.031700000000000006,-31.700000000000006,-0.037744769377401996,-37.744769377401994,-0.037744769377401996,-37.744769377401994,-0.222,-0.2634669232695265,-0.2634669232695265,0.032640138440148514,0.2074068246847381,-0.0207596231575711,0.00039168166128178216,-0.17125350012519222,0.0016592545974779048,0.55,0.012,0.65,0.008,nan,0.12,0.12,0.12,0.12,0.13050000369548798,0.14381020483659082,0.14381020483659082,0.10785765362744307,0.10785765362744307,0.18913042545318604,0.11029281117353011,0.11160199210398156,0.11029281117353011,0.12970718882646987,0.1359305890347234,0.12970718882646987,0.0,0.0,0.005384891912206181,0.023463960663741068,0.0,0.0,nan,1.0,0.0,-2.0399999999999996,0.4,2.552999973297119,1.0,0,1,1,0,-5.977119445800781,-10.105782508850098,-0.8142172369411396,FOLLOW_MAIN,cascade_pd_tracking,follow_main,inner_wheel_pd,lidar_disabled,FOLLOW_MAIN,COMMITTED,HOLD,1,1,1,1,1,1,2,0.014810800552368164,0.011289834976196289,0.007612943649291992,0.0040283203125,0.0001697540283203125,0.01875138282775879,0.04194890099824988,0.016278330998829915
1784808982.2652814,61.17472863197327,-31.700000000000006,-0.031700000000000006,-31.700000000000006,-0.037744769377401996,-37.744769377401994,-0.037744769377401996,-37.744769377401994,-0.222,-0.2634669232695265,-0.2634669232695265,0.032640138440148514,0.2074068246847381,-0.0207596231575711,0.00039168166128178216,-0.17125350012519222,0.0016592545974779048,0.55,0.012,0.65,0.008,nan,0.12,0.12,0.12,0.12,0.13050000369548798,0.1457838944166704,0.1457838944166704,0.10933792081250288,0.10933792081250288,0.18913042545318604,0.11015958712687474,0.11160199210398156,0.11015958712687474,0.12984041287312525,0.1359305890347234,0.12984041287312525,0.0,0.0,0.004128430367314248,0.017989094177002413,0.0,0.0,nan,1.0,0.0,-2.0399999999999996,0.4,2.552999973297119,1.0,0,1,1,0,-5.977119445800781,-10.105782508850098,-0.7867924063398549,FOLLOW_MAIN,cascade_pd_tracking,follow_main,inner_wheel_pd,lidar_disabled,FOLLOW_MAIN,COMMITTED,HOLD,1,1,1,1,1,1,2,0.0001323223114013672,0.018886566162109375,0.01534271240234375,0.011858701705932617,0.008109807968139648,0.004230022430419922,0.08180389499830198,0.05613332499888202
1784808982.7081332,61.61758041381836,-31.700000000000006,-0.031700000000000006,-31.700000000000006,-0.037744769377401996,-37.744769377401994,-0.037744769377401996,-37.744769377401994,-0.222,-0.2634669232695265,-0.2634669232695265,0.032640138440148514,0.2074068246847381,-0.0207596231575711,0.00039168166128178216,-0.17125350012519222,0.0016592545974779048,0.55,0.012,0.65,0.008,nan,0.12,0.12,0.12,0.12,0.13050000369548798,0.1465550137484784,0.1465550137484784,0.10991626031135882,0.10933792081250288,0.18913042545318604,0.11010753657197771,0.11160199210398156,0.11010753657197771,0.1298924634280223,0.1359305890347234,0.1298924634280223,0.0,0.0,0.003611764515517133,0.015737790451595044,0.0,0.0,nan,1.0,0.0,-2.0399999999999996,0.4,2.5899999141693115,1.0,0,1,1,0,-5.977119445800781,-10.105782508850098,-0.7867924063398549,FOLLOW_MAIN,cascade_pd_tracking,follow_main,inner_wheel_pd,lidar_disabled,FOLLOW_MAIN,COMMITTED,HOLD,1,1,1,1,1,1,2,0.4429464340209961,0.43932247161865234,7.486343383789062e-05,0.45467138290405273,0.45092153549194336,0.44704103469848633,0.10185902099874511,0.07618845099932514
1784808982.7585614,61.66800856590271,-21.1,-0.0211,-21.1,-0.023055876314788743,-23.055876314788744,-0.023055876314788743,-23.055876314788744,-0.15,-0.16323085226892678,-0.16323085226892678,0.023735585371110417,0.1609581139677812,-0.01268073197313381,0.00028482702445332503,-0.1061000539748024,0.0012876649117422496,0.55,0.012,0.65,0.008,nan,0.18220352675584628,0.1617471256002318,0.1641706554010257,0.1641706554010257,0.12325000017881393,0.1026512288160301,0.1026512288160301,0.07620493193848465,0.07620493193848465,0.18913045525550842,0.15481816765514977,0.11325076979827733,0.1573122115265621,0.16867608354531383,0.12945915470905503,0.17102909927548934,0.04156739785687244,0.039216928836258796,0.14865837004718613,0.11686511722053282,0.0024940438714123464,0.0023530157301755276,nan,1.0,0.0,-0.108,0.6073450891861543,2.7320001125335693,1.0,0,1,1,0,-5.9278154373168945,-10.151198387145996,-0.7297388528913569,FOLLOW_MAIN,cascade_pd_tracking,follow_main,inner_wheel_pd,lidar_disabled,FOLLOW_MAIN,COMMITTED,HOLD,1,1,1,1,1,1,2,0.014345407485961914,0.01087331771850586,0.007332563400268555,0.003640890121459961,6.580352783203125e-05,0.018149614334106445,0.011391832000299473,0.01207718400110025
1784808983.199003,62.108450174331665,-21.1,-0.0211,-21.1,-0.023055876314788743,-23.055876314788744,-0.023055876314788743,-23.055876314788744,-0.15,-0.16323085226892678,-0.16323085226892678,0.023735585371110417,0.1609581139677812,-0.01268073197313381,0.00028482702445332503,-0.1061000539748024,0.0012876649117422496,0.55,0.012,0.65,0.008,nan,0.1887787234593525,0.1648051488000783,0.16741215999286302,0.1641706554010257,0.12325000017881393,0.10414054860795846,0.10414054860795846,0.07738894117306772,0.07620493193848465,0.18913045525550842,0.1577756617690411,0.11325076979827733,0.16044715528728692,0.1718346358311155,0.12945915470905503,0.1743771646984391,0.04452489197076376,0.042375481122060465,0.14938596166647106,0.12265477277522596,0.002671493518245825,0.002542528867323628,nan,1.0,0.0,-0.108,0.629262411531175,2.7320001125335693,1.0,0,1,1,0,-5.9278154373168945,-10.151198387145996,-0.7297388528913569,FOLLOW_MAIN,cascade_pd_tracking,follow_main,inner_wheel_pd,lidar_disabled,FOLLOW_MAIN,COMMITTED,HOLD,1,1,1,1,1,1,2,0.4332284927368164,0.4298396110534668,8.916854858398438e-05,0.4440946578979492,0.4405193328857422,0.43693065643310547,0.030504476999340113,0.03118982900014089
1784808983.249168,62.15861511230469,-19.900000000000002,-0.0199,-19.900000000000002,-0.02003141876924351,-20.031418769243512,-0.02003141876924351,-20.031418769243512,-0.14100000000000001,-0.14240326297606826,-0.14240326297606826,0.007949023297352198,0.05496256411666991,-0.011017280323083932,9.538827956822637e-05,-0.09256212093444437,0.00043970051293335926,0.55,0.012,0.65,0.008,nan,0.23759365536722304,0.23759365536722304,0.24128847095850992,0.24128847095850992,0.19212499260902405,0.12181070486563457,0.12181070486563457,0.08924910553035763,0.08924910553035763,0.22065217792987823,0.2293714327887927,0.16462778825570917,0.2332560514607777,0.24581587794565338,0.18739900276917504,0.2493208904562421,0.06474364453308354,0.05841687517647834,0.01593875586567542,-0.025070666873310166,0.003884618671985012,0.0035050125105887003,nan,1.0,0.0,0.6769999999999999,0.7919788512240769,2.885999917984009,1.0,0,1,1,0,-5.869507789611816,-10.198640823364258,-0.6705414258985213,FOLLOW_MAIN,cascade_pd_tracking,follow_main,inner_wheel_pd,lidar_disabled,FOLLOW_MAIN,COMMITTED,HOLD,1,1,1,1,1,1,2,0.014600992202758789,0.010929107666015625,0.007445812225341797,0.02615213394165039,0.0037126541137695312,8.893013000488281e-05,0.044750660001227516,0.007265498999913689
1784808983.6976607,62.60710787773132,-22.0,-0.022,-22.0,-0.02059714480770687,-20.597144807706872,-0.02059714480770687,-20.597144807706872,-0.156,-0.14601220985891433,-0.14601220985891433,-0.00038646111570645055,-0.0020610608279404263,-0.01132842964423878,-4.637533388477407e-06,-0.09490793640829431,-1.648848662352341e-05,0.55,0.012,0.65,0.008,nan,0.17980483816429335,0.17980483816429335,0.17734826409287202,0.2382463429790308,0.23199999332427979,0.14061732656185888,0.14061732656185888,0.10871075920532622,0.09040950553706585,0.0,0.1703131686213679,0.21612771623762184,0.16756429576439266,0.18929650770721881,0.22536776247167623,0.18713223242135138,-0.04581454761625395,-0.03607125476445741,-0.23573758824366514,-0.17795414176236726,-0.0027488728569752367,-0.0021642752858674445,nan,1.0,0.0,1.2779999999999998,0.5993494605476445,2.989000082015991,1.0,0,1,1,0,-5.798219680786133,-10.248088836669922,-0.6630703231528206,FOLLOW_MAIN,cascade_pd_tracking,follow_main,inner_wheel_pd,lidar_disabled,FOLLOW_MAIN,COMMITTED,HOLD,1,1,1,1,1,1,2,0.427182674407959,0.00012087821960449219,0.45593881607055664,0.438060998916626,0.4344344139099121,0.43071985244750977,0.10624787300002936,0.074186396001096
1784808983.7477846,62.65723180770874,-23.8,-0.0238,-23.8,-0.02156926063660543,-21.56926063660543,-0.02156926063660543,-21.56926063660543,-0.168,-0.1529333011769679,-0.1529333011769679,-0.003435513645563238,-0.024037422406347656,-0.011863093350132988,-4.1226163746758856e-05,-0.09940664576502914,-0.00019229937925078125,0.55,0.012,0.65,0.008,nan,0.1752615395159375,0.1752615395159375,0.1725323675256148,0.1725323675256148,0.23199999332427979,0.14707139996802912,0.14707139996802912,0.11384174756323155,0.11384174756323155,0.0,0.16533422001809556,0.21612771623762184,0.16228661024492397,0.18518885901377946,0.22536776247167623,0.18277812480630565,-0.05079349621952628,-0.040178903457896764,-0.187963521282768,-0.1442626413447548,-0.003047609773171577,-0.002410734207473806,nan,1.0,0.0,1.389,0.5842051317197917,2.9739999771118164,1.0,0,1,1,0,-5.798219680786133,-10.248088836669922,-0.6051966203797841,FOLLOW_MAIN,cascade_pd_tracking,follow_main,inner_wheel_pd,lidar_disabled,FOLLOW_MAIN,COMMITTED,HOLD,1,1,1,1,1,1,2,0.010785579681396484,0.0072743892669677734,0.003736257553100586,0.00013589859008789062,0.018465042114257812,0.01471710205078125,0.04561673399985011,0.13163142499979585
1784808984.1872184,63.09666562080383,-23.8,-0.0238,-23.8,-0.02156926063660543,-21.56926063660543,-0.02156926063660543,-21.56926063660543,-0.168,-0.1529333011769679,-0.1529333011769679,-0.003435513645563238,-0.024037422406347656,-0.011863093350132988,-4.1226163746758856e-05,-0.09940664576502914,-0.00019229937925078125,0.55,0.012,0.65,0.008,nan,0.1752615395159375,0.1752615395159375,0.1725323675256148,0.1725323675256148,0.23199999332427979,0.14707139996802912,0.14707139996802912,0.11384174756323155,0.11384174756323155,0.0,0.16533422001809556,0.21612771623762184,0.16228661024492397,0.18518885901377946,0.22536776247167623,0.18277812480630565,-0.05079349621952628,-0.040178903457896764,-0.187963521282768,-0.1442626413447548,-0.003047609773171577,-0.002410734207473806,nan,1.0,0.0,1.389,0.5842051317197917,2.9739999771118164,1.0,0,1,1,0,-5.798219680786133,-10.248088836669922,-0.5819021123195205,FOLLOW_MAIN,cascade_pd_tracking,follow_main,inner_wheel_pd,lidar_disabled,FOLLOW_MAIN,COMMITTED,HOLD,1,1,1,1,1,1,2,7.295608520507812e-05,0.44666624069213867,0.4242982864379883,0.4395270347595215,0.42039036750793457,0.4164278507232666,0.04561673399985011,0.13163142499979585
1784808984.237295,63.14674210548401,-32.7,-0.0327,-32.7,-0.027919690448445257,-27.91969044844526,-0.027919690448445257,-27.91969044844526,-0.23,-0.19702469723852595,-0.19702469723852595,-0.013594753007266225,-0.09485752283307129,-0.015355829746644893,-0.0001631370360871947,-0.12806605320504186,-0.0007588601826645703,0.55,0.012,0.65,0.008,nan,0.14296730662500406,0.14296730662500406,0.14093826505736812,0.14093826505736812,0.1667499989271164,0.18268705636094,0.18268705636094,0.14307484308727048,0.14307484308727048,0.06304344534873962,0.1306359303206406,0.17354261600608803,0.12806152917951377,0.15529868292936752,0.1800267161651183,0.15381500093522246,-0.04290668568544742,-0.02472803323575079,0.018912796822791646,0.03680454295338502,-0.002574401141126845,-0.0014836819941450475,nan,1.0,0.0,1.765,0.4765576887500136,2.8989999294281006,1.0,0,1,1,0,-5.703545570373535,-10.307509422302246,-0.5477015286953247,FOLLOW_MAIN,cascade_pd_tracking,follow_main,inner_wheel_pd,lidar_disabled,FOLLOW_MAIN,COMMITTED,HOLD,1,1,1,1,1,1,2,0.007149219512939453,0.003492593765258789,7.915496826171875e-05,0.01904010772705078,0.015153884887695312,0.011226654052734375,0.06646504600030312,0.04100830899915309
1784808984.716819,63.62626624107361,-35.9,-0.0359,-35.9,-0.03033382119799519,-30.33382119799519,-0.03033382119799519,-30.33382119799519,-0.251,-0.21367773853504662,-0.21367773853504662,-0.01886103723984075,-0.130911139751433,-0.016683601658897356,-0.000226332446878089,-0.13889053004778032,-0.0010472891180114642,0.55,0.012,0.65,0.008,nan,0.1387225964517675,0.1387225964517675,0.13643887227373735,0.1385526784135992,0.1667499989271164,0.19522509991991277,0.19522509991991277,0.15304258771665397,0.15062455295573102,0.06304344534873962,0.12554490220717338,0.17354261600608803,0.12266503937923849,0.1519002906963616,0.1800267161651183,0.1502127051682362,-0.047997713798914654,-0.02812642546875671,-0.015065608145947817,0.008023837860355586,-0.002879862827934879,-0.0016875855281254025,nan,1.0,0.0,1.857,0.462408654839225,2.881999969482422,1.0,0,1,1,0,-5.703545570373535,-10.307509422302246,-0.5448958037787802,FOLLOW_MAIN,cascade_pd_tracking,follow_main,inner_wheel_pd,lidar_disabled,FOLLOW_MAIN,COMMITTED,HOLD,1,1,1,1,1,1,2,0.44785356521606445,0.4445374011993408,8.20159912109375e-05,0.4585239887237549,0.45507121086120605,0.45131874084472656,0.03761895800016646,0.08248511800047709
1784808984.76744,63.67688727378845,-47.6,-0.0476,-47.6,-0.04514157771477416,-45.14157771477416,-0.04514157771477416,-45.14157771477416,-0.328,-0.311928632496679,-0.311928632496679,-0.027053651322541672,-0.17931464865777103,-0.02482786774312579,-0.00032464381587050007,-0.20275361112284138,-0.0014345171892621682,0.55,0.012,0.65,0.008,nan,0.12,0.12,0.1199347957388334,0.1199347957388334,0.11237500607967377,0.2752442711606565,0.2752442711606565,0.2146927647071026,0.2146927647071026,0.09456522762775421,0.10142101169665568,0.11489709138768124,0.10061244691519415,0.1385789883033443,0.12727638398453928,0.13925714456247262,-0.013476079691025558,0.011302604318805032,0.11891939534142688,0.13546007554214368,-0.0008085647814615335,0.0006781562591283019,nan,1.0,0.0,2.541,0.4,2.825000047683716,1.0,0,1,1,0,-5.638155460357666,-10.34570026397705,-0.5098119873230196,FOLLOW_MAIN,cascade_pd_tracking,follow_main,inner_wheel_pd,lidar_disabled,FOLLOW_MAIN,COMMITTED,HOLD,1,1,1,1,1,1,2,0.00015425682067871094,0.0157320499420166,0.03034520149230957,0.012134075164794922,0.008265972137451172,0.004227638244628906,0.04941773300015484,0.007527628000389086
1784808985.1796136,64.08906078338623,-48.5,-0.0485,-48.5,-0.0463907581333884,-46.3907581333884,-0.0463907581333884,-46.3907581333884,-0.334,-0.3200948607749333,-0.3200948607749333,-0.024635562111139837,-0.16287793267064687,-0.025514916973363624,-0.00029562674533367803,-0.20806165950370667,-0.001303023461365175,0.55,0.012,0.65,0.008,nan,0.12,0.12,0.11993479573883338,0.11948249319950573,0.11237500607967377,0.28188916860350877,0.28188916860350877,0.21997545817417008,0.2305849976631254,0.09456522762775421,0.10097248111926316,0.11489709138768124,0.10013700450315807,0.13902751888073683,0.12727638398453928,0.1397325869745087,-0.013924610268418083,0.011751134896197557,0.09797206046590788,0.11749267996267124,-0.000835476616105085,0.0007050680937718534,nan,1.0,0.0,2.6159999999999997,0.4,2.825000047683716,1.0,0,1,1,0,-5.638155460357666,-10.34570026397705,-0.5098119873230196,FOLLOW_MAIN,cascade_pd_tracking,follow_main,inner_wheel_pd,lidar_disabled,FOLLOW_MAIN,COMMITTED,HOLD,1,1,1,1,1,1,2,0.41228604316711426,0.4085409641265869,0.4049503803253174,7.128715515136719e-05,0.4203956127166748,0.41635632514953613,0.003369592001035926,0.032432106001579086
1784808985.2301264,64.13957357406616,-49.5,-0.0495,-49.5,-0.04933529621766338,-49.335296217663384,-0.04933529621766338,-49.335296217663384,-0.34,-0.33894162802738653,-0.33894162802738653,-0.00963784479113019,-0.06252040503061104,-0.027134412919714863,-0.00011565413749356229,-0.22031205821780125,-0.0005001632402448883,0.55,0.012,0.65,0.008,nan,0.12,0.12,0.11948220596369963,0.11948220596369963,0.1341249942779541,0.2999217409786201,0.2999217409786201,0.23069457280396916,0.23069457280396916,0.15760870277881622,0.09975528248394314,0.11701508369395537,0.0987196944113424,0.14024471751605685,0.1352942318777404,0.14024471751605685,-0.017259801210012235,0.0,-0.028284639066341575,-0.048968579351842303,-0.001035588072600734,0.0,nan,1.0,0.0,2.739,0.4,2.7809998989105225,1.0,0,1,1,0,-5.593921184539795,-10.368422508239746,-0.4646421847994976,FOLLOW_MAIN,cascade_pd_tracking,follow_main,inner_wheel_pd,lidar_disabled,FOLLOW_MAIN,COMMITTED,HOLD,1,1,1,1,1,1,2,0.00017571449279785156,0.018593788146972656,0.015179872512817383,0.011748552322387695,0.008126258850097656,0.004297733306884766,0.04832599300061702,0.06357878700146102
1784808985.6803727,64.58981990814209,-49.900000000000006,-0.04990000000000001,-49.900000000000006,-0.04942335402887767,-49.42335402887767,-0.04942335402887767,-49.42335402887767,-0.342,-0.33950747975244533,-0.33950747975244533,-0.007321589333737927,-0.047475743295423076,-0.02718284471588272,-8.785907200485512e-05,-0.22067986183908947,-0.0003798059463633846,0.55,0.012,0.65,0.008,nan,0.12,0.12,0.11947893300472527,0.11947893300472527,0.1341249942779541,0.3015380170153389,0.3015380170153389,0.23194314604233443,0.23194314604233443,0.15760870277881622,0.09964618385146462,0.11701508369395537,0.09860404986091517,0.14035381614853537,0.1352942318777404,0.14035381614853537,-0.01736889984249075,0.0,-0.019692663577965126,-0.03301713144257311,-0.001042133990549445,0.0,nan,1.0,0.0,2.937,0.4,2.7739999294281006,1.0,0,1,1,0,-5.593921184539795,-10.368422508239746,-0.4425770110860638,FOLLOW_MAIN,cascade_pd_tracking,follow_main,inner_wheel_pd,lidar_disabled,FOLLOW_MAIN,COMMITTED,UNKNOWN,1,1,1,1,1,1,1,0.41388702392578125,0.4102363586425781,0.40688300132751465,0.40362977981567383,0.4213714599609375,0.00010609626770019531,0.030953681000028155,0.1227016310003819
1784808985.731063,64.64051008224487,-41.400000000000006,-0.041400000000000006,-41.400000000000006,-0.04577957117373572,-45.77957117373572,-0.04577957117373572,-45.77957117373572,-0.28800000000000003,-0.31612043753506536,-0.31612043753506536,0.009834597404989874,0.06329634774793969,-0.025178764145554648,0.00011801516885987849,-0.20547828439779248,0.0005063707819835175,0.55,0.012,0.65,0.008,nan,0.12,0.12,0.11956299001229839,0.11956302418742618,0.1341249942779541,0.28752695299588904,0.28752695299588904,0.22050088127693446,0.22048784409856434,0.22065214812755585,0.10059193067277748,0.11515893026283064,0.09971791069737429,0.1394080693272225,0.1414072726807522,0.1394080693272225,-0.014566999590053156,0.0,-0.0051555937335614945,0.002615384929655475,-0.0008740199754031894,0.0,nan,1.0,0.0,3.4,0.4,2.7290000915527344,1.0,0,1,1,0,-5.52811861038208,-10.395888328552246,-0.37748494163617785,FOLLOW_MAIN,cascade_pd_tracking,follow_main,inner_wheel_pd,lidar_disabled,FOLLOW_MAIN,COMMITTED,HOLD,1,1,1,1,1,1,2,0.0038013458251953125,0.0001461505889892578,0.018851041793823242,0.015445947647094727,0.011744260787963867,0.007839441299438477,0.06111713899917959,0.03271910599869443
1784808986.1922836,65.10173082351685,-41.400000000000006,-0.041400000000000006,-41.400000000000006,-0.04577957117373572,-45.77957117373572,-0.04577957117373572,-45.77957117373572,-0.28800000000000003,-0.31612043753506536,-0.31612043753506536,0.009834597404989874,0.06329634774793969,-0.025178764145554648,0.00011801516885987849,-0.20547828439779248,0.0005063707819835175,0.55,0.012,0.65,0.008,nan,0.12,0.12,0.11956292824771711,0.11956292824771711,0.1341249942779541,0.2875574540236886,0.2875574540236886,0.22052444332090962,0.22052444332090962,0.22065214812755585,0.10058987185340101,0.11515893026283064,0.09971572834883524,0.13941012814659898,0.1414072726807522,0.13941012814659898,-0.014569058409429625,0.0,-0.003938404955834193,0.00199185602640064,-0.0008741435045657775,0.0,nan,1.0,0.0,3.4,0.4,2.7179999351501465,1.0,0,1,1,0,-5.52811861038208,-10.395888328552246,-0.33162082479888294,FOLLOW_MAIN,cascade_pd_tracking,follow_main,inner_wheel_pd,lidar_disabled,FOLLOW_MAIN,COMMITTED,HOLD,1,1,1,1,1,1,2,0.4196741580963135,0.41596508026123047,0.4348418712615967,0.4314417839050293,0.41208577156066895,7.486343383789062e-05,0.10196879999966768,0.07357076699918252
1784808986.2434652,65.15291237831116,-23.3,-0.0233,-23.3,-0.03306676088451124,-33.06676088451124,-0.03306676088451124,-33.06676088451124,-0.165,-0.232099284683485,-0.232099284683485,0.02716880448221415,0.18102710162189994,-0.018186718486481186,0.0003260256537865698,-0.15086453504426525,0.0014482168129751995,0.55,0.012,0.65,0.008,nan,0.12,0.12,0.12035245660484811,0.12038056360565785,0.10875000059604645,0.22487561734492756,0.23074318784012085,0.17697357537840303,0.18769587568730783,0.18913045525550842,0.10442483482079183,0.10082204589587367,0.10442483482079183,0.13557516517920815,0.1238266116842709,0.13628007838890438,0.0,0.011748553494937239,0.004810644650552904,0.01705248550651262,0.0,0.0007049132096962343,nan,1.0,0.0,3.436,0.4,2.6449999809265137,1.0,0,1,1,0,-5.475362300872803,-10.41177749633789,-0.29010737574462486,FOLLOW_MAIN,cascade_pd_tracking,follow_main,inner_wheel_pd,lidar_disabled,FOLLOW_MAIN,COMMITTED,HOLD,1,1,1,1,1,1,2,0.007286548614501953,0.003655672073364258,0.00014972686767578125,0.01921701431274414,0.01550602912902832,0.011499404907226562,0.008728128999791807,0.07419919400126673
1784808986.7190726,65.62851977348328,-23.3,-0.0233,-23.3,-0.03306676088451124,-33.06676088451124,-0.03306676088451124,-33.06676088451124,-0.165,-0.232099284683485,-0.232099284683485,0.02716880448221415,0.18102710162189994,-0.018186718486481186,0.0003260256537865698,-0.15086453504426525,0.0014482168129751995,0.55,0.012,0.65,0.008,nan,0.12,0.12,0.12,0.12,0.13050000369548798,0.22487585028190082,0.22487585028190082,0.16865688771142565,0.16865688771142565,0.25217393040657043,0.1048208801059717,0.10714981346228267,0.1048208801059717,0.1351791198940283,0.13567353907546567,0.1351791198940283,0.0,0.0,0.0041558861751897595,-0.05813205820280373,0.0,0.0,nan,1.0,0.0,3.436,0.4,2.6449999809265137,1.0,0,1,1,0,-5.464595794677734,-10.414446830749512,-0.24304450463681063,FOLLOW_MAIN,cascade_pd_tracking,follow_main,inner_wheel_pd,lidar_disabled,FOLLOW_MAIN,COMMITTED,HOLD,1,1,1,1,1,1,2,6.67572021484375e-05,0.44574880599975586,0.4424734115600586,0.4602508544921875,0.4391348361968994,0.43558573722839355,0.030673940998894977,0.012973814000361017
1784808986.7717628,65.68121004104614,-1.3,-0.0013,-1.3,-0.006920709027799565,-6.920709027799566,0.0,0.0,-0.009000000000000001,-0.0489832494739544,-0.0489832494739544,0.0610846973677475,0.3114490662460834,0.0,0.00073301636841297,-0.031839112158070365,0.002491592529968667,0.55,0.012,0.65,0.008,nan,0.12,0.12,0.11933546975736585,0.11933546975736585,0.13050000369548798,0.08601688232695293,0.08601688232695293,0.0628842638724024,0.0628842638724024,0.06304347515106201,0.11419386044293067,0.1228267676776146,0.11367588600884963,0.12580613955706932,0.13932424041019018,0.12499505350588207,-0.008632907234683934,-0.013518100853120857,-0.04064019941145734,-0.008314620463493494,-0.000517974434081036,-0.0008110860511872514,nan,1.0,0.0,2.964,0.4,2.609999895095825,1.0,0,1,1,0,-5.4052934646606445,-10.425593376159668,-0.1918531774219901,FOLLOW_MAIN,cascade_pd_tracking,follow_main,inner_wheel_pd,lidar_disabled,FOLLOW_MAIN,COMMITTED,HOLD,1,1,1,1,1,1,2,0.010133504867553711,0.006690263748168945,0.0034017562866210938,9.083747863769531e-05,0.017486095428466797,0.013998746871948242,0.03541973600113124,0.0438864760017168
1784808987.2260823,66.13552951812744,1.0,0.001,1.0,-0.004662547319266115,-4.662547319266115,0.0,0.0,0.007,-0.0329196812482619,-0.0329196812482619,0.049313364650718484,0.3116838421853016,0.0,0.0005917603758086218,-0.021397792811370237,0.0024934707374824126,0.55,0.012,0.65,0.008,nan,0.12,0.12,0.1195721249208915,0.11933546975736585,0.13050000369548798,0.07498870775170788,0.07498870775170788,0.051487363268130984,0.0628842638724024,0.06304347515106201,0.11493826222675971,0.1228267676776146,0.11493826222675971,0.12506173777324028,0.13932424041019018,0.12420598761502329,0.0,-0.014262502636949892,0.018249730521459014,-0.011988700918917159,0.0,-0.0008557501582169935,nan,1.0,0.0,2.731,0.4,2.609999895095825,1.0,0,1,1,0,-5.4052934646606445,-10.425593376159668,-0.1719318638126859,FOLLOW_MAIN,cascade_pd_tracking,follow_main,inner_wheel_pd,lidar_disabled,FOLLOW_MAIN,COMMITTED,HOLD,1,1,1,1,1,1,2,0.4430232048034668,0.4395921230316162,0.00010728836059570312,0.4544351100921631,0.450763463973999,0.4466676712036133,0.0030117219994281186,0.06285436200050754
1784808987.2793403,66.18878746032715,10.5,0.0105,10.5,0.006843369645736915,6.843369645736915,0.0,0.0,0.075,0.04887390507273058,0.04887390507273058,0.00753593016263041,0.19392743296592324,0.0,9.043116195156491e-05,0.03176803829727488,0.001551419463727386,0.55,0.012,0.65,0.008,nan,0.1499889592831373,0.1499889592831373,0.1516956054344666,0.14962446526686762,0.12325000762939453,0.0,0.0,-0.0039149869377616865,0.0028514415001201156,0.0630435049533844,0.1499889592831373,0.11567237635433948,0.15204795425886516,0.1499889592831373,0.12741733716762463,0.15134325661006806,0.034316582928797815,0.02257162211551267,0.08753908046981874,0.08256594526854442,0.002058994975727869,0.00135429732693076,nan,1.0,0.0,1.692,0.49996319761045765,2.563999891281128,1.0,0,1,1,0,-5.344622611999512,-10.43281078338623,-0.09719432468220895,FOLLOW_MAIN,cascade_pd_tracking,follow_main,inner_wheel_pd,lidar_disabled,FOLLOW_MAIN,COMMITTED,DROPOUT,1,1,1,1,1,1,3,0.006932258605957031,0.0034911632537841797,0.00010657310485839844,0.028449535369873047,0.014549732208251953,0.010901927947998047,0.0337659770011669,0.04730464200110873
1784808987.7235117,66.63295888900757,10.5,0.0105,10.5,0.006843369645736915,6.843369645736915,0.0,0.0,0.075,0.04887390507273058,0.04887390507273058,0.00753593016263041,0.19392743296592324,0.0,9.043116195156491e-05,0.03176803829727488,0.001551419463727386,0.55,0.012,0.65,0.008,nan,0.1499889592831373,0.1499889592831373,0.1516956054344666,0.15380679002071043,0.12325000762939453,0.0,0.0,-0.0039149869377616865,-0.0039149869377616865,0.0630435049533844,0.1499889592831373,0.11567237635433948,0.15204795425886516,0.1499889592831373,0.12741733716762463,0.15134325661006806,0.034316582928797815,0.02257162211551267,0.08753908046981874,0.08256594526854442,0.002058994975727869,0.00135429732693076,nan,1.0,0.0,1.692,0.49996319761045765,2.563999891281128,1.0,0,1,1,0,-5.344622611999512,-10.43281078338623,-0.09189856750202609,FOLLOW_MAIN,cascade_pd_tracking,follow_main,inner_wheel_pd,lidar_disabled,FOLLOW_MAIN,COMMITTED,DROPOUT,1,1,1,1,1,1,3,0.4510776996612549,0.4476358890533447,0.44425082206726074,0.4405694007873535,0.4367659091949463,8.344650268554688e-05,0.0337659770011669,0.04730464200110873
1784808987.7743654,66.68381261825562,24.0,0.024,24.0,0.01940378352621767,19.40378352621767,0.01940378352621767,19.40378352621767,0.17,0.1380859146074132,0.1380859146074132,0.03640076110776214,0.2019384566006367,0.01067208093941972,0.00043680913329314575,0.08975584449481859,0.0016155076528050936,0.55,0.012,0.65,0.008,nan,0.1775694385524755,0.1775694385524755,0.17891150628732383,0.17891150628732383,0.16312499344348907,-0.0712885291260839,-0.0712885291260839,-0.061381682100477813,-0.061381682100477813,0.09456522762775421,0.18238141426848617,0.14814069080380868,0.18443585767636683,0.17275746283646484,0.16226259513953198,0.17338715489828083,0.03424072346467749,0.010494867696932864,-0.04201245589183676,-0.055912897174145826,0.0020544434078806494,0.0006296920618159718,nan,1.0,0.0,0.9859999999999999,0.5918981285082517,2.503999948501587,1.0,0,1,1,0,-5.277123928070068,-10.436979293823242,-0.045814164809080224,FOLLOW_MAIN,cascade_pd_tracking,follow_main,inner_wheel_pd,lidar_disabled,FOLLOW_MAIN,COMMITTED,DROPOUT,1,1,1,1,1,1,3,0.007501363754272461,0.023018598556518555,0.004050493240356445,0.037552833557128906,0.00015306472778320312,0.011592388153076172,0.06387371299933875,0.05147201100044185
1784808988.195435,67.10488224029541,0.0,0.0,0.0,0.02043979928110469,20.43979928110469,0.02043979928110469,20.43979928110469,0.0,0.1453071813742634,0.1453071813742634,0.030553992831920847,0.1747956081122532,0.01124188960460758,0.00036664791398305016,0.09444966789327122,0.0013983648648980256,0.55,0.012,0.65,0.008,nan,0.18421351209351472,0.18300518495182536,0.18467339747063466,0.18761864388904836,0.16312499344348907,-0.08483692051748898,-0.08483692051748898,-0.07215265325664479,-0.11298136381738481,0.09456522762775421,0.18873167708675587,0.14814069080380868,0.1911671362637327,0.17727869281689485,0.16226259513953198,0.17817965867753663,0.04059098628294719,0.015016097677362866,0.005609424061158493,-0.015230074744491902,0.0024354591769768313,0.0009009658606417719,nan,1.0,0.0,0.0,0.6140450403117158,2.4749999046325684,1.0,0,1,1,0,-5.277123928070068,-10.436979293823242,-0.045814164809080224,FOLLOW_MAIN,cascade_pd_tracking,follow_main,inner_wheel_pd,lidar_disabled,FOLLOW_MAIN,COMMITTED,UNKNOWN,1,1,1,1,1,1,1,0.41320252418518066,0.40972256660461426,0.4062991142272949,0.00011181831359863281,0.4211864471435547,0.4171793460845947,0.03286540299995977,0.09365035700102453
1784808988.2477233,67.15717053413391,38.2,0.038200000000000005,38.2,0.03319357668710357,33.19357668710357,0.03319357668710357,33.19357668710357,0.267,0.2327640483398209,0.2327640483398209,0.028379390040285425,0.18871942876815706,0.018256467177906965,0.00034055268048342513,0.1512966314208836,0.0015097554301452564,0.55,0.012,0.65,0.008,nan,0.18431389702486822,0.18431389702486822,0.1845650307429762,0.1845650307429762,0.1848750114440918,-0.14995151552870278,-0.14563826726091636,-0.11952469508345345,-0.11952469508345345,0.09456522762775421,0.19414448006498009,0.1745149261398645,0.19532225330048703,0.17448331398475636,0.185741743972939,0.1738078081854654,0.01962955392511559,-0.011258429988182633,-0.09056344599920935,-0.10508947294844019,0.0011777732355069354,-0.0006755057992909579,nan,1.0,0.0,0.661,0.6143796567495607,2.4230000972747803,1.0,0,1,1,0,-5.186476707458496,-10.43821907043457,0.004999510687468028,FOLLOW_MAIN,cascade_pd_tracking,follow_main,inner_wheel_pd,lidar_disabled,FOLLOW_MAIN,COMMITTED,HOLD,1,1,1,1,1,1,2,7.915496826171875e-05,0.01739048957824707,0.014021873474121094,0.010775566101074219,0.007416963577270508,0.003840923309326172,0.006857554999442073,0.008422999000686104
1784808988.751194,67.66064119338989,53.400000000000006,0.0534,53.400000000000006,0.048527496820385894,48.52749682038589,0.048527496820385894,48.52749682038589,0.364,0.33388451118703644,0.33388451118703644,0.030566697775505854,0.20071532158336272,0.026690123251212245,0.00036680037330607027,0.21702493227157368,0.0016057225726669017,0.55,0.012,0.65,0.008,nan,0.18440092380679346,0.18440092380679346,0.18406120179960597,0.18236060106907132,0.18125000596046448,-0.2544437690186137,-0.2544437690186137,-0.2001480031228319,-0.123570644823706,-0.0630435049533844,0.2015758782155499,0.19326514713036763,0.20207452208066085,0.16722596939803702,0.18686076738946927,0.1660478815185511,0.008310731085182266,-0.01963479799143225,0.04680661199474658,0.04431501944258662,0.0004986438651109359,-0.001178087879485935,nan,1.0,0.0,-0.741,0.6146697460226449,2.3259999752044678,1.0,0,1,1,0,-5.09938383102417,-10.437036514282227,0.013132444633564229,FOLLOW_MAIN,cascade_pd_tracking,follow_main,inner_wheel_pd,lidar_disabled,FOLLOW_MAIN,COMMITTED,HOLD,1,1,1,1,1,1,2,0.45818567276000977,7.796287536621094e-05,0.47402071952819824,0.4705791473388672,0.4664902687072754,0.4622483253479004,0.049319011999614304,0.08777389599890739
1784808989.2234979,68.13294506072998,54.0,0.054,54.0,0.05091021578776665,50.91021578776665,0.05091021578776665,50.91021578776665,0.368,0.3486113864216821,0.3486113864216821,0.031767694980788,0.20526079173020748,0.02800061868327166,0.000381212339769456,0.22659740117409338,0.00164208633384166,0.55,0.012,0.65,0.008,nan,0.17916174304567675,0.17916174304567675,0.1783920527615035,0.1783920527615035,0.18125000596046448,-0.2660343475849339,-0.2660343475849339,-0.2080778749572923,-0.2080778749572923,-0.0630435049533844,0.1971190615076598,0.19326514713036763,0.1971190615076598,0.16120442458369372,0.18686076738946927,0.15966504401534717,0.0,-0.025656342805775556,-0.009654575309515075,-0.0007082670399778477,0.0,-0.0015393805683465334,nan,1.0,0.0,-0.411,0.5972058101522558,2.309999942779541,1.0,0,1,1,0,-5.09938383102417,-10.437036514282227,0.004117361740060573,FOLLOW_MAIN,cascade_pd_tracking,follow_main,inner_wheel_pd,lidar_disabled,FOLLOW_MAIN,COMMITTED,HOLD,1,1,1,1,1,1,2,0.4368746280670166,0.43333935737609863,0.42977070808410645,0.44736266136169434,0.00013566017150878906,0.4403703212738037,0.021030793999671005,0.1266268539984594
1784808989.273902,68.18334913253784,62.1,0.0621,62.1,0.059340991053138524,59.340991053138524,0.059340991053138524,59.340991053138524,0.417,0.4009315412415419,0.4009315412415419,0.02309963472232712,0.1443237944515806,0.03263754507922619,0.00027719561666792543,0.26060550180700226,0.0011545903556126448,0.55,0.012,0.65,0.008,nan,0.1482999702070299,0.1482999702070299,0.14652933862532627,0.14778725611432908,0.17399999499320984,-0.3095084694701668,-0.3095084694701668,-0.24062978913843514,-0.24079696770946737,-0.12608695030212402,0.16919179189626615,0.18595466270427802,0.16818601964778543,0.12740814851779364,0.16966633043323592,0.1248726576028671,-0.016762870808011865,-0.04225818191544228,-0.0822092898138325,-0.06717361866238267,-0.001005772248480712,-0.002535490914926537,nan,1.0,0.0,-0.603,0.494333234023433,2.253999948501587,1.0,0,1,1,0,-5.000730514526367,-10.43729305267334,-0.006600030242927743,FOLLOW_MAIN,cascade_pd_tracking,follow_main,inner_wheel_pd,lidar_disabled,FOLLOW_MAIN,COMMITTED,HOLD,1,1,1,1,1,1,2,0.0036041736602783203,0.0001277923583984375,0.015131473541259766,0.03231644630432129,0.011368274688720703,0.007551908493041992,0.06392549200063513,0.05533328999990772
1784808989.8653238,68.77477097511292,62.1,0.0621,62.1,0.059340991053138524,59.340991053138524,0.059340991053138524,59.340991053138524,0.417,0.4009315412415419,0.4009315412415419,0.02309963472232712,0.1443237944515806,0.03263754507922619,0.00027719561666792543,0.26060550180700226,0.0011545903556126448,0.55,0.012,0.65,0.008,nan,0.14730178720683795,0.14730178720683795,0.1454712646451228,0.1583492589779384,0.17399999499320984,-0.3093275956164863,-0.3093275956164863,-0.24048599442475904,-0.2611090788298259,-0.12608695030212402,0.16818139991095077,0.18595466270427802,0.16711500414335112,0.12642217450272514,0.16966633043323592,0.12382752514689449,-0.01777326279332725,-0.043244155930510786,-0.07813450634676022,-0.06484428696216087,-0.0010663957675996348,-0.002594649355830647,nan,1.0,0.0,-0.603,0.4910059573561265,2.2309999465942383,1.0,0,1,1,0,-5.000730514526367,-10.43729305267334,-0.020973809202275276,FOLLOW_MAIN,cascade_pd_tracking,follow_main,inner_wheel_pd,lidar_disabled,FOLLOW_MAIN,COMMITTED,HOLD,1,1,1,1,1,1,2,0.5763113498687744,0.5727441310882568,0.5692822933197021,0.00011157989501953125,0.5843470096588135,0.5803837776184082,0.0841637110006559,0.07557150899992848
1784808990.2940977,69.2035448551178,62.1,0.0621,62.1,0.059340991053138524,59.340991053138524,0.059340991053138524,59.340991053138524,0.417,0.4009315412415419,0.4009315412415419,0.02309963472232712,0.1443237944515806,0.03263754507922619,0.00027719561666792543,0.26060550180700226,0.0011545903556126448,0.55,0.012,0.65,0.008,nan,0.14730178720683795,0.14730178720683795,0.1454712646451228,0.1583492589779384,0.17399999499320984,-0.3093275956164863,-0.3093275956164863,-0.24048599442475904,-0.2611090788298259,-0.12608695030212402,0.16818139991095077,0.18595466270427802,0.16711500414335112,0.12642217450272514,0.16966633043323592,0.12382752514689449,-0.01777326279332725,-0.043244155930510786,-0.07813450634676022,-0.06484428696216087,-0.0010663957675996348,-0.002594649355830647,nan,1.0,0.0,-0.603,0.4910059573561265,2.2309999465942383,1.0,0,1,1,0,-5.000730514526367,-10.43729305267334,-0.09958899914940895,FOLLOW_MAIN,cascade_pd_tracking,follow_main,inner_wheel_pd,lidar_disabled,FOLLOW_MAIN,COMMITTED,HOLD,1,1,1,1,1,1,2,1.0050568580627441,1.0014894008636475,0.9980273246765137,0.42885613441467285,7.319450378417969e-05,1.0091280937194824,0.0841637110006559,0.07557150899992848
1784808990.344204,69.25365114212036,70.0,0.07,70.0,0.07118799060706875,71.18799060706876,0.07118799060706875,71.18799060706876,0.463,0.47049551021953484,0.47049551021953484,0.002071246034109995,0.012603042836780414,0.039153394833887814,2.4854952409319938e-05,0.30582208164269764,0.00010082434269424331,0.55,0.012,0.65,0.008,nan,0.13321466476274385,0.13321466476274385,0.13227382583211364,0.1342772690801417,0.14500001072883606,-0.33285584311228356,-0.33285584311228356,-0.2516173790400736,-0.2553280373469272,-0.31521740555763245,0.155682434172823,0.1683998379578682,0.15491938994572027,0.11074689535266471,0.12939078925529288,0.10962826171850702,-0.012717403785045212,-0.01864389390262816,-0.08081214374076058,-0.017659099888010232,-0.0007630442271027127,-0.0011186336341576896,nan,1.0,0.0,0.7459999999999999,0.44404888254247954,2.0799999237060547,1.0,0,1,1,0,-4.834262371063232,-10.453107833862305,-0.12780059223071857,FOLLOW_MAIN,cascade_pd_tracking,follow_main,inner_wheel_pd,lidar_disabled,FOLLOW_MAIN,COMMITTED,HOLD,1,1,1,1,1,1,2,0.0034470558166503906,6.341934204101562e-05,0.01480412483215332,0.03267502784729004,0.010996103286743164,0.0071811676025390625,0.011529462000908097,0.013346313000511145
1784808990.7966528,69.70609998703003,70.0,0.07,70.0,0.07118799060706875,71.18799060706876,0.07118799060706875,71.18799060706876,0.463,0.47049551021953484,0.47049551021953484,0.002071246034109995,0.012603042836780414,0.039153394833887814,2.4854952409319938e-05,0.30582208164269764,0.00010082434269424331,0.55,0.012,0.65,0.008,nan,0.13321466476274385,0.13321466476274385,0.13227382583211364,0.13227382583211364,0.14500001072883606,-0.33285584311228356,-0.33285584311228356,-0.2516173790400736,-0.2516173790400736,-0.31521740555763245,0.155682434172823,0.1683998379578682,0.15491938994572027,0.11074689535266471,0.12939078925529288,0.10962826171850702,-0.012717403785045212,-0.01864389390262816,-0.08081214374076058,-0.017659099888010232,-0.0007630442271027127,-0.0011186336341576896,nan,1.0,0.0,0.7459999999999999,0.44404888254247954,2.0799999237060547,1.0,0,1,1,0,-4.834262371063232,-10.453107833862305,-0.18765985609313593,FOLLOW_MAIN,cascade_pd_tracking,follow_main,inner_wheel_pd,lidar_disabled,FOLLOW_MAIN,COMMITTED,HOLD,1,1,1,1,1,1,2,0.4345893859863281,0.45252013206481934,0.44907379150390625,0.4457376003265381,0.4310600757598877,8.058547973632812e-05,0.011529462000908097,0.013346313000511145
1784808990.8498728,69.75932002067566,61.7,0.061700000000000005,61.7,0.06511488977648129,65.11488977648129,0.06511488977648129,65.11488977648129,0.41500000000000004,0.43533753939731257,0.43533753939731257,-0.011778783789756837,-0.06854813958688692,0.035813189377064715,-0.00014134540547708206,0.28296940060825315,-0.0005483851166950954,0.55,0.012,0.65,0.008,nan,0.13627839164530256,0.13627839164530256,0.1373222910543377,0.1373222910543377,0.11237500607967377,-0.33929695066276816,-0.33929695066276816,-0.25810397670500546,-0.25810397670500546,-0.2836957275867462,0.15918093581503942,0.1363357167692271,0.16055164895778817,0.1133758474755657,0.10142441955354095,0.11409293315088719,0.022845219045812326,0.011951427922024749,0.07331282399500963,0.08430703956342678,0.0013707131427487394,0.0007170856753214849,nan,1.0,0.0,-1.7339999999999998,0.4542613054843419,2.0160000324249268,1.0,0,1,1,0,-4.768646717071533,-10.471048355102539,-0.26075806533927526,FOLLOW_MAIN,cascade_pd_tracking,follow_main,inner_wheel_pd,lidar_disabled,FOLLOW_MAIN,COMMITTED,HOLD,1,1,1,1,1,1,2,0.010426998138427734,0.007176876068115234,0.0037212371826171875,0.00015115737915039062,0.017645835876464844,0.01409292221069336,0.06525114000032772,0.004291166000257363
1784808991.3047554,70.2142026424408,59.0,0.059,59.0,0.06319459038032572,63.19459038032572,0.06319459038032572,63.19459038032572,0.399,0.4239011044959815,0.4239011044959815,-0.015117138380485638,-0.08889619396345821,0.03475702470917915,-0.00018140566056582767,0.275535717922388,-0.0007111695517076658,0.55,0.012,0.65,0.008,nan,0.13042463380738578,0.13042463380738578,0.1309256121212293,0.11930430245849251,0.11237500607967377,-0.3349682976290196,-0.3349682976290196,-0.2567926489311371,-0.2106904666209492,-0.2836957275867462,0.1530349938973446,0.1363357167692271,0.15403695052503164,0.10781427371742695,0.10142441955354095,0.10781427371742695,0.0166992771281175,0.0,0.025448251109775062,-0.001100519064873004,0.00100195662768705,0.0,nan,1.0,0.0,-2.535,0.43474877935795264,2.0160000324249268,1.0,0,1,1,0,-4.768646717071533,-10.471048355102539,-0.28260292762646805,FOLLOW_MAIN,cascade_pd_tracking,follow_main,inner_wheel_pd,lidar_disabled,FOLLOW_MAIN,COMMITTED,HOLD,1,1,1,1,1,1,2,0.4431576728820801,0.43950700759887695,0.4359300136566162,0.00012493133544921875,0.45105648040771484,0.4472177028656006,0.003797462999500567,0.025466793000305188
1784808991.355667,70.26511430740356,36.800000000000004,0.036800000000000006,36.800000000000004,0.04463064239534782,44.63064239534782,0.04463064239534782,44.63064239534782,0.257,0.30837431624795236,0.30837431624795236,-0.04151407114687414,-0.2605533341872835,0.024546853317441303,-0.0004981688537624896,0.20044330556116904,-0.002084426673498268,0.55,0.012,0.65,0.008,nan,0.12,0.12,0.12,0.12,0.12325000762939453,-0.2760970111748492,-0.2760970111748492,-0.20707275838113692,-0.20707275838113692,-0.31521740555763245,0.13863654825430233,0.1458820518172104,0.13863654825430233,0.10136345174569768,0.10549044534466598,0.10136345174569768,0.0,0.0,0.026365231648631197,0.07719252741473719,0.0,0.0,nan,1.0,0.0,-2.949,0.4,1.9509999752044678,1.0,0,1,1,0,-4.710597515106201,-10.4945068359375,-0.37489951767633467,FOLLOW_MAIN,cascade_pd_tracking,follow_main,inner_wheel_pd,lidar_disabled,FOLLOW_MAIN,COMMITTED,DROPOUT,1,1,1,1,1,1,3,0.010882854461669922,0.007321596145629883,0.003706693649291992,0.0001423358917236328,0.018472671508789062,0.014714717864990234,0.05407230899982096,0.02223816399964562
1784808991.8138354,70.7232825756073,36.800000000000004,0.036800000000000006,36.800000000000004,0.04463064239534782,44.63064239534782,0.04463064239534782,44.63064239534782,0.257,0.30837431624795236,0.30837431624795236,-0.04151407114687414,-0.2605533341872835,0.024546853317441303,-0.0004981688537624896,0.20044330556116904,-0.002084426673498268,0.55,0.012,0.65,0.008,nan,0.12,0.12,0.12,0.12,0.12325000762939453,-0.2760970111748492,-0.2760970111748492,-0.20707275838113692,-0.20707275838113692,-0.31521740555763245,0.13863654825430233,0.1458820518172104,0.13863654825430233,0.10136345174569768,0.10549044534466598,0.10136345174569768,0.0,0.0,0.026365231648631197,0.07719252741473719,0.0,0.0,nan,1.0,0.0,-2.949,0.4,1.9509999752044678,1.0,0,1,1,0,-4.710597515106201,-10.4945068359375,-0.41912425555340843,FOLLOW_MAIN,cascade_pd_tracking,follow_main,inner_wheel_pd,lidar_disabled,FOLLOW_MAIN,COMMITTED,DROPOUT,1,1,1,1,1,1,3,0.44627952575683594,0.46544933319091797,0.461834192276001,0.4582693576812744,0.44261646270751953,8.535385131835938e-05,0.05407230899982096,0.02223816399964562
1784808991.8664985,70.77594566345215,27.3,0.0273,27.3,0.02701313769086465,27.01313769086465,0.02701313769086465,27.01313769086465,0.193,0.19016718543083644,0.19016718543083644,-0.024297213214923265,-0.1622900131308594,0.014857225729975559,-0.0002915665585790792,0.1236086705300437,-0.0012983201050468752,0.55,0.012,0.65,0.008,nan,0.12,0.12,0.11834716258669854,0.11834716258669854,0.14137500524520874,-0.1944145703474449,-0.1944145703474449,-0.1274460676127898,-0.1274460676127898,-0.5358695983886719,0.13312298349845253,0.1882175639418345,0.12981730867184962,0.10687701650154746,0.10052073698488603,0.10687701650154746,-0.055094580443381974,0.0,-0.02300719710136655,-0.01624831396365479,-0.0033056748266029183,0.0,nan,1.0,0.0,-4.063,0.4,2.1429998874664307,1.0,0,1,1,0,-4.6630706787109375,-10.525190353393555,-0.5720049203857845,FOLLOW_MAIN,cascade_pd_tracking,follow_main,inner_wheel_pd,lidar_disabled,FOLLOW_MAIN,COMMITTED,UNKNOWN,1,1,1,1,1,1,1,0.00014472007751464844,0.018033742904663086,0.014682769775390625,0.011266708374023438,0.0075855255126953125,0.0038726329803466797,0.02738823800063983,0.12305226399985258
1784808992.2908144,71.20026159286499,27.3,0.0273,27.3,0.02701313769086465,27.01313769086465,0.02701313769086465,27.01313769086465,0.193,0.19016718543083644,0.19016718543083644,-0.024297213214923265,-0.1622900131308594,0.014857225729975559,-0.0002915665585790792,0.1236086705300437,-0.0012983201050468752,0.55,0.012,0.65,0.008,nan,0.12,0.12,0.11971801075349614,0.12030348469071181,0.11237499862909317,-0.1944249700582737,-0.1944249700582737,-0.1426855136936624,-0.14671799730475726,-0.15760865807533264,0.13312368547893347,0.14252332702906206,0.13255970698592576,0.10687631452106652,0.1013726702921476,0.10687631452106652,-0.009399641550128596,0.0,0.26327771892411184,-0.014008027068021808,-0.0005639784930077157,0.0,nan,1.0,0.0,-4.063,0.4,2.1429998874664307,1.0,0,1,1,0,-4.651276588439941,-10.53593921661377,-0.5720049203857845,FOLLOW_MAIN,cascade_pd_tracking,follow_main,inner_wheel_pd,lidar_disabled,FOLLOW_MAIN,COMMITTED,UNKNOWN,1,1,1,1,1,1,1,0.424405574798584,0.42086172103881836,0.4174916744232178,9.72747802734375e-05,0.43184614181518555,0.4281332492828369,0.0496420310009853,0.0005132780006533721
1784808992.341494,71.2509412765503,-135.20000000000002,-0.13520000000000001,-135.20000000000002,-0.006981132050712485,-6.9811320507124845,0.0,0.0,-0.768,0.09338980735431353,0.09338980735431353,-0.08892858757877092,-0.34329551729370184,0.0,-0.001067143050945251,0.0607033747803038,-0.0027463641383496146,0.55,0.012,0.65,0.008,nan,0.12,0.12,0.1202445270143647,0.1202445270143647,0.11600000411272049,-0.10777293947684119,-0.16201302501450507,-0.12422673558715311,-0.12422673558715311,-0.12608696520328522,0.1309358791884791,0.12278497870965645,0.13142493321720847,0.1090641208115209,0.1096606053408367,0.1090641208115209,0.00815090047882265,0.0,0.005667165243341067,-0.0006529580942093864,0.000489054028729359,0.0,nan,1.0,0.0,-2.286,0.4,1.343999981880188,1.0,0,1,1,0,-4.617434024810791,-10.568705558776855,-0.7716003952788553,FOLLOW_MAIN,cascade_pd_tracking,follow_main,inner_wheel_pd,lidar_disabled,FOLLOW_MAIN,COMMITTED,UNKNOWN,1,1,1,1,1,1,1,0.018253564834594727,0.01461029052734375,0.011028051376342773,0.007559537887573242,0.003806591033935547,0.00010824203491210938,0.05173292000108631,0.04907566099973337
1784808992.8102562,71.71970343589783,-135.20000000000002,-0.13520000000000001,-135.20000000000002,-0.006981132050712485,-6.9811320507124845,0.0,0.0,-0.768,0.09338980735431353,0.09338980735431353,-0.08892858757877092,-0.34329551729370184,0.0,-0.001067143050945251,0.0607033747803038,-0.0027463641383496146,0.55,0.012,0.65,0.008,nan,0.12,0.12,0.12,0.1207846649455395,0.11962500214576721,-0.10581742960364611,-0.13445562241450923,-0.1008417168108819,0.021906096994582513,-0.15760868787765503,0.12907575451297937,0.12653924188017768,0.12907575451297937,0.11092424548702062,0.10932216205650858,0.11092424548702062,0.0,0.0,-0.04026399498379704,-0.0005022316661657877,0.0,0.0,nan,1.0,0.0,-2.286,0.4,1.4570000171661377,1.0,0,1,1,0,-4.610004425048828,-10.576163291931152,-0.7769590370282886,FOLLOW_MAIN,cascade_pd_tracking,follow_main,inner_wheel_pd,lidar_disabled,FOLLOW_MAIN,COMMITTED,UNKNOWN,1,1,1,1,1,1,1,0.4424300193786621,0.438873291015625,0.4353799819946289,7.62939453125e-05,0.45037198066711426,0.4465506076812744,0.09110063800108037,0.0047847220012045
1784808992.8609617,71.77040886878967,-82.5,-0.0825,-82.5,-0.08643753177748784,-86.43753177748783,-0.08643753177748784,-86.43753177748783,-0.532,-0.3846707926830102,-0.3846707926830102,-0.08492625144696728,-0.8851796169851235,-0.047540642477618314,-0.0010191150173636074,-0.25003601524395663,-0.007081436935880988,0.55,0.012,0.65,0.008,nan,0.12,0.12,0.1207846649455395,0.1207846649455395,0.09424999356269836,0.2804159016941828,0.04562209369825112,0.03729603620447816,0.03729603620447816,0.06304347515106201,0.11692050867536805,0.10846195847922789,0.11742802168713645,0.12307949132463195,0.1053825433361223,0.12414130820394252,0.008458550196140155,0.01769694798850964,0.029301431278469278,0.04206312490005617,0.0005075130117684093,0.0010618168793105783,nan,1.0,0.0,-1.309,0.4,2.309000015258789,1.0,0,1,1,0,-4.579064846038818,-10.609336853027344,-0.8274561513552109,FOLLOW_MAIN,cascade_pd_tracking,follow_main,inner_wheel_pd,lidar_disabled,FOLLOW_MAIN,COMMITTED,UNKNOWN,1,1,1,1,1,1,1,0.01824021339416504,0.014857292175292969,0.011422872543334961,0.00788426399230957,0.0039730072021484375,0.00013065338134765625,0.03741205100050138,0.09283969300122408
1784808993.3236883,72.23313546180725,-82.5,-0.0825,-82.5,-0.08643753177748784,-86.43753177748783,-0.08643753177748784,-86.43753177748783,-0.532,-0.3846707926830102,-0.3846707926830102,-0.08492625144696728,-0.8851796169851235,-0.047540642477618314,-0.0010191150173636074,-0.25003601524395663,-0.007081436935880988,0.55,0.012,0.65,0.008,nan,0.12,0.12,0.12230798113187624,0.12230798113187624,0.06162499636411667,0.2804330377489785,0.05335034284800102,0.04524979174371617,0.04524979174371617,-0.09456521272659302,0.11639885185775993,0.08578805157139564,0.1182354998749418,0.12360114814224006,0.07727924403272933,0.1263804623888107,0.030610800286364287,0.04632190410951073,0.16567262089346435,0.21782649106570975,0.0018366480171818573,0.002779314246570644,nan,1.0,0.0,-1.309,0.4,2.309000015258789,1.0,0,1,1,0,-4.575179100036621,-10.613633155822754,-0.8443828710594073,FOLLOW_MAIN,cascade_pd_tracking,follow_main,inner_wheel_pd,lidar_disabled,FOLLOW_MAIN,COMMITTED,UNKNOWN,1,1,1,1,1,1,1,0.45870041847229004,0.45514726638793945,0.4517378807067871,0.4481384754180908,8.034706115722656e-05,0.4628174304962158,0.0545859379999456,0.01136253500044404
1784808993.3737986,72.28324580192566,-18.5,-0.0185,-18.5,-0.028813281928426096,-28.813281928426097,-0.028813281928426096,-28.813281928426097,-0.131,-0.20124254122070484,-0.20124254122070484,0.08543283440690402,0.3812386816114655,-0.015847305060634354,0.0010251940128828483,-0.13080765179345816,0.003049909452891724,0.55,0.012,0.65,0.008,nan,0.18540774107849817,0.15198410016018896,0.15327966496205936,0.1496406213468869,0.1341249942779541,0.1540000402778283,0.17483031682421094,0.13796180204353392,0.15158176842238963,0.03152172267436981,0.14018305377455473,0.12884890371477806,0.14086310277814132,0.16378514654582318,0.13193380320991896,0.16569622714597743,0.011334150059776671,0.031851343335904225,0.06366692036589292,0.03802135802774062,0.0006800490035866003,0.0019110806001542534,nan,1.0,0.0,1.22,0.6180258035949939,2.240000009536743,1.0,0,1,1,0,-4.535345077514648,-10.658459663391113,-0.8444143745241808,FOLLOW_MAIN,cascade_pd_tracking,follow_main,inner_wheel_pd,lidar_disabled,FOLLOW_MAIN,COMMITTED,UNKNOWN,1,1,1,1,1,1,1,0.006747245788574219,0.0033380985260009766,5.626678466796875e-05,0.032784461975097656,0.013939857482910156,0.010386228561401367,0.01002133300062269,0.03149108900106512
1784808993.8019962,72.71144342422485,-18.5,-0.0185,-18.5,-0.028813281928426096,-28.813281928426097,-0.028813281928426096,-28.813281928426097,-0.131,-0.20124254122070484,-0.20124254122070484,0.08543283440690402,0.3812386816114655,-0.015847305060634354,0.0010251940128828483,-0.13080765179345816,0.003049909452891724,0.55,0.012,0.65,0.008,nan,0.18540774107849817,0.15198410016018896,0.15327966496205936,0.15327966496205936,0.1341249942779541,0.1540000402778283,0.17483031682421094,0.13796180204353392,0.13796180204353392,0.03152172267436981,0.14018305377455473,0.12884890371477806,0.14086310277814132,0.16378514654582318,0.13193380320991896,0.16569622714597743,0.011334150059776671,0.031851343335904225,0.06366692036589292,0.03802135802774062,0.0006800490035866003,0.0019110806001542534,nan,1.0,0.0,1.22,0.6180258035949939,2.240000009536743,1.0,0,1,1,0,-4.535345077514648,-10.658459663391113,-0.8393713247337758,FOLLOW_MAIN,cascade_pd_tracking,follow_main,inner_wheel_pd,lidar_disabled,FOLLOW_MAIN,COMMITTED,UNKNOWN,1,1,1,1,1,1,1,0.434952974319458,0.43154406547546387,0.42826247215270996,0.4249086380004883,9.036064147949219e-05,0.43859267234802246,0.01002133300062269,0.03149108900106512
1784808993.8540418,72.76348900794983,-8.700000000000001,-0.008700000000000001,-8.700000000000001,-0.01107257878337801,-11.07257878337801,0.0,0.0,-0.062,-0.07886840011136614,-0.07886840011136614,0.08091758238126083,0.26063568216243876,0.0,0.00097101098857513,-0.051264460072387996,0.0020850854572995103,0.55,0.012,0.65,0.008,nan,0.15894828227382266,0.15894828227382266,0.15927639258883622,0.16050658274387908,0.15950000286102295,0.09800689127357348,0.09800689127357348,0.07715083862199737,0.07707128958194762,0.0630435049533844,0.15233281711285646,0.14826645942981573,0.15233281711285646,0.16556374743478885,0.15462673693433662,0.16621996806481598,0.0,0.010937010500452232,-0.10365511858035976,-0.11670677711283639,0.0,0.0006562206300271339,nan,1.0,0.0,2.162,0.5298276075794088,2.186000108718872,1.0,0,1,1,0,-4.491274356842041,-10.707170486450195,-0.832058558090289,FOLLOW_MAIN,cascade_pd_tracking,follow_main,inner_wheel_pd,lidar_disabled,FOLLOW_MAIN,COMMITTED,UNKNOWN,1,1,1,1,1,1,1,0.0039033889770507812,0.00013971328735351562,0.015892982482910156,0.03441786766052246,0.011905193328857422,0.007924556732177734,0.05284547600058431,0.05185038300078304
1784808994.3107994,73.22024655342102,-8.700000000000001,-0.008700000000000001,-8.700000000000001,-0.01107257878337801,-11.07257878337801,0.0,0.0,-0.062,-0.07886840011136614,-0.07886840011136614,0.08091758238126083,0.26063568216243876,0.0,0.00097101098857513,-0.051264460072387996,0.0020850854572995103,0.55,0.012,0.65,0.008,nan,0.15894828227382266,0.15894828227382266,0.15927639258883622,0.15927639258883622,0.15950000286102295,0.09800689127357348,0.09800689127357348,0.07715083862199737,0.07715083862199737,0.0630435049533844,0.15233281711285646,0.14826645942981573,0.15233281711285646,0.16556374743478885,0.15462673693433662,0.16621996806481598,0.0,0.010937010500452232,-0.10365511858035976,-0.11670677711283639,0.0,0.0006562206300271339,nan,1.0,0.0,2.162,0.5298276075794088,2.186000108718872,1.0,0,1,1,0,-4.491274356842041,-10.707170486450195,-0.8245884105251352,FOLLOW_MAIN,cascade_pd_tracking,follow_main,inner_wheel_pd,lidar_disabled,FOLLOW_MAIN,COMMITTED,UNKNOWN,1,1,1,1,1,1,1,6.413459777832031e-05,0.45685768127441406,0.4726104736328125,0.4530797004699707,0.4373636245727539,0.433427095413208,0.05284547600058431,0.05185038300078304
1784808994.363586,73.27303314208984,-3.7,-0.0037,-3.7,-0.006234262092530797,-6.234262092530797,0.0,0.0,-0.027,-0.044373267537481276,-0.044373267537481276,0.008961936352150299,0.08565873088639694,0.0,0.00010754323622580359,-0.02884262389936283,0.0006852698470911756,0.55,0.012,0.65,0.008,nan,0.14359289453977064,0.14359289453977064,0.14206602276622132,0.14206602276622132,0.16312500834465027,0.07798410930588313,0.07798410930588313,0.060411345328552815,0.060411345328552815,0.03152172267436981,0.13832896716162355,0.16666172507782323,0.13662900168665157,0.14885682191791774,0.17141978978669542,0.14750304384579108,-0.028332757916199686,-0.022562967868777678,0.04164516050072255,0.032164915939549114,-0.0016999654749719811,-0.0013537780721266607,nan,1.0,0.0,1.903,0.4786429817992355,2.0829999446868896,1.0,0,1,1,0,-4.424413204193115,-10.779409408569336,-0.8188205852554092,FOLLOW_MAIN,cascade_pd_tracking,follow_main,inner_wheel_pd,lidar_disabled,FOLLOW_MAIN,COMMITTED,UNKNOWN,1,1,1,1,1,1,1,0.014023303985595703,0.01074075698852539,0.007299661636352539,0.003968477249145508,0.00014472007751464844,0.017542600631713867,0.029653127001438406,0.01395375799984322
1784808994.8097394,73.71918654441833,-3.7,-0.0037,-3.7,-0.006234262092530797,-6.234262092530797,0.0,0.0,-0.027,-0.044373267537481276,-0.044373267537481276,0.008961936352150299,0.08565873088639694,0.0,0.00010754323622580359,-0.02884262389936283,0.0006852698470911756,0.55,0.012,0.65,0.008,nan,0.14450533165696686,0.14450533165696686,0.1430332061104493,0.21511327854046808,0.16312500834465027,0.07759993031190937,0.07759993031190937,0.06010592302834368,-0.0022450464830400495,0.03152172267436981,0.13926733636091299,0.16666172507782323,0.13762367303789838,0.14974332695302073,0.17141978978669542,0.14844273918300024,-0.027394388716910245,-0.021676462833674692,0.04383075223410144,0.03488156479265184,-0.0016436633230146147,-0.0013005877700204816,nan,1.0,0.0,1.903,0.4816844388565562,2.0829999446868896,1.0,0,1,1,0,-4.424413204193115,-10.779409408569336,-0.8188205852554092,FOLLOW_MAIN,cascade_pd_tracking,follow_main,inner_wheel_pd,lidar_disabled,FOLLOW_MAIN,COMMITTED,UNKNOWN,1,1,1,1,1,1,1,0.43804073333740234,0.4343724250793457,0.43076395988464355,7.486343383789062e-05,0.4462559223175049,0.4420890808105469,0.043932773000051384,0.028233403998456197
1784808994.860567,73.77001428604126,0.0,0.0,0.0,-0.0001934540990838641,-0.1934540990838641,0.0,0.0,0.0,-0.0013632269908408331,0.0,0.001155326140525809,0.05309132175498429,0.0,1.3863913686309708e-05,0.0,0.0004247305740398743,0.55,0.012,0.65,0.008,nan,0.2883316313594771,0.21833207285058126,0.22217520816608427,0.22217520816608427,0.1667499989271164,0.0,0.0,-0.0022450464830398955,-0.0022450464830398955,0.06304344534873962,0.21833207285058126,0.1509122478676382,0.22237726234955785,0.21833207285058126,0.157647387316758,0.22197315398261067,0.06741982498294305,0.06068468553382325,0.1277715720331501,0.10869133299422737,0.0040451894989765825,0.003641081132029395,nan,1.0,0.0,-0.566,0.9611054378649236,2.0320000648498535,1.0,0,1,1,0,-4.377345085144043,-10.82861328125,-0.8021780047905576,FOLLOW_MAIN,cascade_pd_tracking,follow_main,inner_wheel_pd,lidar_disabled,FOLLOW_MAIN,COMMITTED,UNKNOWN,1,1,1,1,1,1,1,0.01824331283569336,0.014769792556762695,0.011336565017700195,0.0077288150787353516,0.0038907527923583984,0.00012874603271484375,0.03453082899977744,0.04618934599966451
1784808995.293849,74.2032961845398,0.0,0.0,0.0,-0.0001934540990838641,-0.1934540990838641,0.0,0.0,0.0,-0.0013632269908408331,0.0,0.001155326140525809,0.05309132175498429,0.0,1.3863913686309708e-05,0.0,0.0004247305740398743,0.55,0.012,0.65,0.008,nan,0.28876237419955797,0.22117119269064534,0.22518467519655216,0.22518467519655216,0.1667499989271164,0.0,0.0,-0.0022450464830398955,-0.0022450464830398955,0.06304344534873962,0.22117119269064534,0.1509122478676382,0.22538672938002577,0.22117119269064534,0.157647387316758,0.2249826210130786,0.07025894482300712,0.06352380537388733,0.1313672187449189,0.11441571520717032,0.0042155366893804275,0.0038114283224332393,nan,1.0,0.0,-0.566,0.96254124733186,2.0169999599456787,1.0,0,1,1,0,-4.377345085144043,-10.82861328125,-0.7997509130588506,FOLLOW_MAIN,cascade_pd_tracking,follow_main,inner_wheel_pd,lidar_disabled,FOLLOW_MAIN,COMMITTED,UNKNOWN,1,1,1,1,1,1,1,8.20159912109375e-05,0.42569994926452637,0.42223429679870605,0.41886091232299805,0.4151744842529297,0.4113147258758545,0.05227532800017798,0.06393384500006505
1784808995.3476734,74.25712060928345,1.8,0.0018,1.8,0.0008293667551846739,0.829366755184674,0.0,0.0,0.013000000000000001,0.005783062849443337,0.0,0.0001536754331935029,0.007061929600069144,0.0,1.8441051983220348e-06,0.0,5.649543680055316e-05,0.55,0.012,0.65,0.008,nan,0.2987450698139612,0.2952794158903733,0.3,0.3,0.2175000011920929,0.0,0.0,-0.0025115351183269126,-0.0025115351183269126,0.0630435049533844,0.2952794158903733,0.20108590732001272,0.30093102640459496,0.2952794158903733,0.2086205126749934,0.3004789500832961,0.0941935085703606,0.08665890321537992,0.06926924638855406,0.07464676312095797,0.005651610514221636,0.0051995341929227945,nan,1.0,0.0,-0.216,0.9958168993798707,1.9520000219345093,1.0,0,1,1,0,-4.3182373046875,-10.886765480041504,-0.7710348568455612,FOLLOW_MAIN,cascade_pd_tracking,follow_main,inner_wheel_pd,lidar_disabled,FOLLOW_MAIN,COMMITTED,UNKNOWN,1,1,1,1,1,1,1,0.00010991096496582031,0.01842045783996582,0.014818429946899414,0.011375188827514648,0.007765293121337891,0.003972768783569336,0.03130088599937153,0.0945573789995251
1784808995.7944129,74.70386004447937,1.8,0.0018,1.8,0.0008293667551846739,0.829366755184674,0.0,0.0,0.013000000000000001,0.005783062849443337,0.0,0.0001536754331935029,0.007061929600069144,0.0,1.8441051983220348e-06,0.0,5.649543680055316e-05,0.55,0.012,0.65,0.008,nan,0.29913207937784114,0.29913207937784114,0.3,0.3,0.2175000011920929,0.0,0.0,-0.0025115351183269126,-0.001767682144939041,0.0630435049533844,0.29913207937784114,0.20108590732001272,0.3050148497013109,0.29913207937784114,0.2086205126749934,0.30456277338001203,0.09804617205782842,0.09051156670284774,0.07626926192913085,0.08047480480281732,0.005882770323469705,0.005430694002170864,nan,1.0,0.0,-0.216,0.9971069312594705,1.9290000200271606,1.0,0,1,1,0,-4.3182373046875,-10.886765480041504,-0.7626501541930294,FOLLOW_MAIN,cascade_pd_tracking,follow_main,inner_wheel_pd,lidar_disabled,FOLLOW_MAIN,COMMITTED,UNKNOWN,1,1,1,1,1,1,1,9.655952453613281e-05,0.4241611957550049,0.420595645904541,0.417008638381958,0.41310596466064453,0.4091520309448242,0.06817438200050674,0.1314308750006603
1784808995.8458755,74.75532269477844,2.7,0.0027,2.7,0.003055852362179013,3.055852362179013,0.0,0.0,0.019,0.021682193937299393,0.0,1.750435964570979e-05,0.0008043872266599863,0.0,2.1005231574851747e-07,0.0,6.43509781327989e-06,0.55,0.012,0.65,0.008,nan,0.23506319163341943,0.23506319163341943,0.2322422570361567,0.23727809528285687,0.2718750238418579,-0.049345299428839945,-0.049345299428839945,-0.038635829884178796,-0.03758455898344649,-0.03152172267436981,0.23839399934486613,0.28296929299708873,0.2357194817257328,0.23173238392197273,0.2811882435118417,0.2287650323465806,-0.0445752936522226,-0.04945585958986895,-0.23994643152353246,-0.23199068928392902,-0.0026745176191333556,-0.0029673515753921367,nan,1.0,0.0,-1.647,0.7835439721113981,1.7990000247955322,1.0,0,1,1,0,-4.210671424865723,-10.987958908081055,-0.7483087710034521,FOLLOW_MAIN,cascade_pd_tracking,follow_main,inner_wheel_pd,lidar_disabled,FOLLOW_MAIN,COMMITTED,UNKNOWN,1,1,1,1,1,1,1,0.01148366928100586,0.007825613021850586,0.0268096923828125,0.023348331451416016,0.003958225250244141,0.0001404285430908203,0.026736849000371876,0.07200840000041353
1784808996.291149,75.20059609413147,-3.4000000000000004,-0.0034000000000000002,-3.4000000000000004,-0.0004073967991727757,-0.4073967991727757,0.0,0.0,-0.024,-0.002950518286119098,0.0,2.649808045410048e-06,0.00012176805024404982,0.0,3.1797696544920575e-08,0.0,9.741444019523987e-07,0.55,0.012,0.65,0.008,nan,0.1627632683111664,0.1627632683111664,0.15771917236011945,0.22622001311662598,0.22112500667572021,-0.05885323785383069,-0.05885323785383069,-0.04650556536716843,-0.04265751142820684,-0.03152172267436981,0.16673586186629996,0.24725567225188902,0.16190467324316463,0.1587906747560328,0.24640739607200804,0.1535336714770743,-0.08051981038558906,-0.08761672131597523,0.00513369093225201,0.022728844202068173,-0.004831188623135343,-0.005257003278958513,nan,1.0,0.0,-2.5469999999999997,0.542544227703888,1.6820000410079956,1.0,0,1,1,0,-4.117384910583496,-11.07377815246582,-0.7536045163141842,FOLLOW_MAIN,cascade_pd_tracking,follow_main,inner_wheel_pd,lidar_disabled,FOLLOW_MAIN,COMMITTED,UNKNOWN,1,1,1,1,1,1,1,0.4033510684967041,7.414817810058594e-05,0.41513562202453613,0.43436360359191895,0.41121792793273926,0.40729737281799316,0.013585460999820498,0.0398459219995857
1784808996.341519,75.2509663105011,-3.4000000000000004,-0.0034000000000000002,-3.4000000000000004,-0.0004073967991727757,-0.4073967991727757,0.0,0.0,-0.024,-0.002950518286119098,0.0,2.649808045410048e-06,0.00012176805024404982,0.0,3.1797696544920575e-08,0.0,9.741444019523987e-07,0.55,0.012,0.65,0.008,nan,0.1582361316067974,0.1582361316067974,0.15292040745348834,0.15292040745348834,0.22112500667572021,-0.059281310654691,-0.059281310654691,-0.04684588324385258,-0.04684588324385258,-0.03152172267436981,0.16223762007598905,0.24725567225188902,0.15713653694543506,0.15423464313760574,0.24640739607200804,0.1487042779615416,-0.08501805217589997,-0.0921727529344023,-0.022336649747059425,-0.009199575344848271,-0.005101083130553998,-0.005530365176064138,nan,1.0,0.0,-2.5469999999999997,0.527453772022658,1.6629999876022339,1.0,0,1,1,0,-4.117384910583496,-11.07377815246582,-0.738253223997514,FOLLOW_MAIN,cascade_pd_tracking,follow_main,inner_wheel_pd,lidar_disabled,FOLLOW_MAIN,COMMITTED,UNKNOWN,1,1,1,1,1,1,1,0.011213302612304688,0.007424831390380859,0.003856658935546875,0.022655010223388672,0.00011229515075683594,0.015240669250488281,0.053687902000092436,0.07994836299985764
1784808996.8120446,75.72149181365967,-15.9,-0.0159,-15.9,-0.013037628404590468,-13.037628404590468,-0.013037628404590468,-13.037628404590468,-0.113,-0.09312404825995776,-0.09312404825995776,-0.04562077824759455,-0.16134239751433824,-0.007170695622524758,-0.0005474493389711346,-0.06053063136897255,-0.0012907391801147059,0.55,0.012,0.65,0.008,nan,0.12914524544553557,0.12914524544553557,0.1283282408546259,0.14717343234120017,0.14137499034404755,0.02072156588763433,0.008228282399704768,0.006894142940585329,-0.04784485420438697,-0.03152172267436981,0.1285898363835555,0.14329097627659307,0.12770776798997324,0.12970065450751564,0.1422330009781331,0.1289487137192786,-0.014701139893037563,-0.012532346470617461,0.11806298554281369,0.1410820095698472,-0.0008820683935822538,-0.0007519407882370477,nan,1.0,0.0,-2.223,0.4304841514851186,1.5950000286102295,1.0,0,1,1,0,-4.0561842918396,-11.129712104797363,-0.7406803884463006,FOLLOW_MAIN,cascade_pd_tracking,follow_main,inner_wheel_pd,lidar_disabled,FOLLOW_MAIN,COMMITTED,UNKNOWN,1,1,1,1,1,1,1,0.42270660400390625,7.367134094238281e-05,0.43793630599975586,0.43435215950012207,0.4306051731109619,0.42675304412841797,0.017272720999244484,0.04850127300051099
1784808996.8631055,75.77255272865295,-15.9,-0.0159,-15.9,-0.013037628404590468,-13.037628404590468,-0.013037628404590468,-13.037628404590468,-0.113,-0.09312404825995776,-0.09312404825995776,-0.04562077824759455,-0.16134239751433824,-0.007170695622524758,-0.0005474493389711346,-0.06053063136897255,-0.0012907391801147059,0.55,0.012,0.65,0.008,nan,0.1283923363511435,0.1283923363511435,0.12753015721457034,0.12747097418572695,0.14137499034404755,0.021822753560731455,0.021822753560731455,0.017701747513601693,0.017962713029088466,-0.03152172267436981,0.1269193004857941,0.14329097627659307,0.12593699993834617,0.12986537221649289,0.1422330009781331,0.12912331449079448,-0.016371675790798956,-0.012367628761640215,0.08074891658321934,0.10880859509335772,-0.0009823005474479374,-0.0007420577256984129,nan,1.0,0.0,-2.223,0.42797445450381166,1.5820000171661377,1.0,0,1,1,0,-4.0561842918396,-11.129712104797363,-0.7403961626158803,FOLLOW_MAIN,cascade_pd_tracking,follow_main,inner_wheel_pd,lidar_disabled,FOLLOW_MAIN,COMMITTED,UNKNOWN,1,1,1,1,1,1,1,0.014976978302001953,0.011193513870239258,0.00758814811706543,0.004008293151855469,0.0001468658447265625,0.01906728744506836,0.05750345799970091,0.08873201000096742
1784808997.29181,76.20125722885132,-15.9,-0.0159,-15.9,-0.013037628404590468,-13.037628404590468,-0.013037628404590468,-13.037628404590468,-0.113,-0.09312404825995776,-0.09312404825995776,-0.04562077824759455,-0.16134239751433824,-0.007170695622524758,-0.0005474493389711346,-0.06053063136897255,-0.0012907391801147059,0.55,0.012,0.65,0.008,nan,0.12841251097968093,0.12841251097968093,0.12755154232082,0.12747097418572695,0.14137499034404755,0.022389610042379042,0.022389610042379042,0.018152398416511492,0.017962713029088466,-0.03152172267436981,0.12690121230182033,0.14329097627659307,0.12591782646333397,0.12992380965754152,0.1422330009781331,0.12918525817830603,-0.016389763974772736,-0.012309191320591578,0.062027127029031216,0.08404315708664342,-0.0009833858384863641,-0.0007385514792354947,nan,1.0,0.0,-2.223,0.4280417032656031,1.5820000171661377,1.0,0,1,1,0,-4.0561842918396,-11.129712104797363,-0.7403961626158803,FOLLOW_MAIN,cascade_pd_tracking,follow_main,inner_wheel_pd,lidar_disabled,FOLLOW_MAIN,COMMITTED,UNKNOWN,1,1,1,1,1,1,1,0.405742883682251,0.4022183418273926,6.4849853515625e-05,0.4326624870300293,0.41350626945495605,0.4096791744232178,0.09694141699947068,0.12816996900073718
1784808997.3449223,76.2543694972992,-23.3,-0.0233,-23.3,-0.020750764667205764,-20.750764667205765,-0.020750764667205764,-20.750764667205765,-0.165,-0.1472965980686441,-0.1472965980686441,-0.019530804788192767,-0.11895687811962077,-0.01141292056696317,-0.00023436965745831322,-0.09574278874461867,-0.0009516550249569662,0.55,0.012,0.65,0.008,nan,0.13963748975184884,0.13963748975184884,0.14045890037464287,0.14179781450772583,0.11962500214576721,0.06987215019672888,0.06987215019672888,0.05409198210532786,0.054447220741911995,0.0315217524766922,0.13492111961356965,0.1237627467536743,0.13559062198516336,0.14435385989012803,0.12813187865688877,0.14532717876412238,0.011158372859895349,0.016221981233239258,0.07885392461530774,0.08514411354089305,0.000669502371593721,0.0009733188739943554,nan,1.0,0.0,-1.451,0.4654582991728295,1.5390000343322754,1.0,0,1,1,0,-4.00407600402832,-11.177018165588379,-0.7374655425757127,FOLLOW_MAIN,cascade_pd_tracking,follow_main,inner_wheel_pd,lidar_disabled,FOLLOW_MAIN,COMMITTED,HOLD,1,1,1,1,1,1,2,0.01777791976928711,0.014204978942871094,0.010833978652954102,0.007535696029663086,0.0039768218994140625,9.846687316894531e-05,0.02138001700041059,0.0165934249998827
1784808997.8048084,76.71425557136536,-39.300000000000004,-0.0393,-39.300000000000004,-0.021971679749179896,-21.971679749179895,-0.021971679749179896,-21.971679749179895,-0.274,-0.15577535644068924,-0.15577535644068924,-0.019340137812519014,-0.1215993574297951,-0.012084423862048943,-0.00023208165375022816,-0.101253981686448,-0.0009727948594383608,0.55,0.012,0.65,0.008,nan,0.1434748191196852,0.1434748191196852,0.14452646950454945,0.14452646950454945,0.11962500214576721,0.0765506404667906,0.0765506404667906,0.05940138187002709,0.05940138187002709,0.0315217524766922,0.13830765088817684,0.1237627467536743,0.139180345136247,0.14864198735119358,0.12813187865688877,0.14987259387285187,0.014544904134502545,0.020510108694304807,0.07140197858556173,0.08113144545658876,0.0008726942480701527,0.0012306065216582884,nan,1.0,0.0,-1.6789999999999998,0.47824939706561737,1.527999997138977,1.0,0,1,1,0,-4.00407600402832,-11.177018165588379,-0.7289224575192629,FOLLOW_MAIN,cascade_pd_tracking,follow_main,inner_wheel_pd,lidar_disabled,FOLLOW_MAIN,COMMITTED,UNKNOWN,1,1,1,1,1,1,1,0.4157259464263916,0.4122731685638428,6.556510925292969e-05,0.42696356773376465,0.4233510494232178,0.4196739196777344,0.014617720999012818,0.07501895599853015
1784808997.8563426,76.76578974723816,-47.2,-0.047200000000000006,-47.2,-0.04554423535896181,-45.54423535896181,-0.04554423535896181,-45.54423535896181,-0.325,-0.31416079725610013,-0.31416079725610013,-0.05675240579000746,-0.37721690224115234,-0.025049329447428995,-0.0006810288694800896,-0.2042045182164651,-0.0030177352179292186,0.55,0.012,0.65,0.008,nan,0.12,0.12,0.11886575207905707,0.1190382431556567,0.13774999976158142,0.19043060683126803,0.19043060683126803,0.14983405349990703,0.15359415430662313,0.06304344534873962,0.1071459340388894,0.13656671361928888,0.10538068726406544,0.1328540659611106,0.14124155041214223,0.1323508168940487,-0.029420779580399473,-0.00838748445103163,-0.026943610622815972,-0.06485495508078401,-0.0017652467748239683,-0.0005032490670618977,nan,1.0,0.0,-2.248,0.4,1.4609999656677246,1.0,0,1,1,0,-3.9493041038513184,-11.22627067565918,-0.7319484898372108,FOLLOW_MAIN,cascade_pd_tracking,follow_main,inner_wheel_pd,lidar_disabled,FOLLOW_MAIN,COMMITTED,UNKNOWN,1,1,1,1,1,1,1,0.007294654846191406,0.0036292076110839844,0.00012922286987304688,0.0371091365814209,0.015430688858032227,0.011548519134521484,0.17285328000070876,0.0008987410001282115
1784808998.3461733,77.25562047958374,-47.800000000000004,-0.0478,-47.800000000000004,-0.04740840376296997,-47.40840376296997,-0.04740840376296997,-47.40840376296997,-0.329,-0.3264239440368377,-0.3264239440368377,-0.03287434938081096,-0.21812939810403825,-0.026074622069633485,-0.00039449219256973157,-0.21217556362394452,-0.001745035184832306,0.55,0.012,0.65,0.008,nan,0.12,0.12,0.11910149269502518,0.11971723310951318,0.13774999976158142,0.19827451673883903,0.19827451673883903,0.15868930205384943,0.19504353937388746,0.06304344534873962,0.10661647012012836,0.13656671361928888,0.10481945551017872,0.13338352987987162,0.14124155041214223,0.13338352987987162,-0.02995024349916052,0.0,-0.023448055769161907,-0.00357598021394751,-0.0017970146099496312,0.0,nan,1.0,0.0,-2.141,0.4,1.4609999656677246,1.0,0,1,1,0,-3.9493041038513184,-11.22627067565918,-0.7345015197019152,FOLLOW_MAIN,cascade_pd_tracking,follow_main,inner_wheel_pd,lidar_disabled,FOLLOW_MAIN,COMMITTED,HOLD,1,1,1,1,1,1,2,0.4579615592956543,0.45414280891418457,0.4506103992462158,7.653236389160156e-05,0.4650847911834717,0.4616570472717285,0.03843523700015794,0.04158199599987711
1784808998.3983712,77.30781841278076,-65.4,-0.0654,-65.4,-0.05929743121640728,-59.297431216407276,-0.05929743121640728,-59.297431216407276,-0.437,-0.3980767114595189,-0.3980767114595189,-0.027851828439235126,-0.19901718517269662,-0.032613587169024,-0.00033422194127082154,-0.2587498624486873,-0.001592137481381573,0.55,0.012,0.65,0.008,nan,0.12,0.12,0.11971723310951318,0.11971723310951318,0.12325000762939453,0.26308245605476316,0.2575158162331871,0.20236468686862547,0.20236468686862547,0.0630435049533844,0.10261768240425986,0.12117220095297612,0.10150441129133689,0.13738231759574013,0.12825336206325097,0.13793005492768948,-0.01855451854871626,0.009128955532489158,0.029702888633509436,0.054566521876990924,-0.0011132711129229755,0.0005477373319493495,nan,1.0,0.0,-1.3439999999999999,0.4,1.3869999647140503,1.0,0,1,1,0,-3.9023849964141846,-11.267523765563965,-0.715462323125112,FOLLOW_MAIN,cascade_pd_tracking,follow_main,inner_wheel_pd,lidar_disabled,FOLLOW_MAIN,COMMITTED,HOLD,1,1,1,1,1,1,2,0.0069887638092041016,0.003551006317138672,0.00011515617370605469,0.01929783821105957,0.015081405639648438,0.010768651962280273,0.0005666669985657791,0.06224658700011787
1784808998.8414989,77.75094604492188,-65.4,-0.0654,-65.4,-0.05929743121640728,-59.297431216407276,-0.05929743121640728,-59.297431216407276,-0.437,-0.3980767114595189,-0.3980767114595189,-0.027851828439235126,-0.19901718517269662,-0.032613587169024,-0.00033422194127082154,-0.2587498624486873,-0.001592137481381573,0.55,0.012,0.65,0.008,nan,0.12,0.12,0.11971723310951318,0.11971723310951318,0.12325000762939453,0.26308245605476316,0.2575158162331871,0.20236468686862547,0.20236468686862547,0.0630435049533844,0.10261768240425986,0.12117220095297612,0.10150441129133689,0.13738231759574013,0.12825336206325097,0.13793005492768948,-0.01855451854871626,0.009128955532489158,0.029702888633509436,0.054566521876990924,-0.0011132711129229755,0.0005477373319493495,nan,1.0,0.0,-1.3439999999999999,0.4,1.3869999647140503,1.0,0,1,1,0,-3.9023849964141846,-11.267523765563965,-0.7036100455820337,FOLLOW_MAIN,cascade_pd_tracking,follow_main,inner_wheel_pd,lidar_disabled,FOLLOW_MAIN,COMMITTED,HOLD,1,1,1,1,1,1,2,0.45009422302246094,0.4466562271118164,0.4432199001312256,0.4624021053314209,9.5367431640625e-05,0.4538724422454834,0.0005666669985657791,0.06224658700011787
1784808998.8923318,77.80177903175354,-120.80000000000001,-0.1208,-120.80000000000001,-0.10231241713893663,-102.31241713893662,-0.10231241713893663,-102.31241713893662,-0.712,-0.6278091567490465,-0.6278091567490465,-0.10745590710587512,-0.5632090560481879,-0.05627182942641515,-0.0012894708852705015,-0.40807595188688023,-0.004505672448385504,0.55,0.012,0.65,0.008,nan,0.12,0.12,0.12069852821368218,0.12071965830150556,0.10512499511241913,0.4,0.4,0.3077614245964687,0.30142030458196356,0.28369566798210144,0.093,0.08933377406314716,0.093,0.147,0.12371572621059365,0.14839705642736437,0.0,0.02328427378940634,0.019783100283303396,0.012951074067409682,0.0,0.0013970564273643802,nan,1.0,0.0,-0.381,0.4,1.3389999866485596,1.0,0,1,1,0,-3.8553740978240967,-11.306084632873535,-0.6960455317416256,FOLLOW_MAIN,cascade_pd_tracking,follow_main,inner_wheel_pd,lidar_disabled,FOLLOW_MAIN,COMMITTED,HOLD,1,1,1,1,1,1,2,0.007468223571777344,0.003770589828491211,0.0001533031463623047,0.033326148986816406,0.015380144119262695,0.01157689094543457,0.04413584800022363,0.007776315000228351
1784808999.3528368,78.26228404045105,-120.80000000000001,-0.1208,-120.80000000000001,-0.10231241713893663,-102.31241713893662,-0.10231241713893663,-102.31241713893662,-0.712,-0.6278091567490465,-0.6278091567490465,-0.10745590710587512,-0.5632090560481879,-0.05627182942641515,-0.0012894708852705015,-0.40807595188688023,-0.004505672448385504,0.55,0.012,0.65,0.008,nan,0.12,0.12,0.12069852821368218,0.12069852821368218,0.10512499511241913,0.4,0.4,0.3077614245964687,0.3077614245964687,0.28369566798210144,0.093,0.08933377406314716,0.093,0.147,0.12371572621059365,0.14839705642736437,0.0,0.02328427378940634,0.019783100283303396,0.012951074067409682,0.0,0.0013970564273643802,nan,1.0,0.0,-0.381,0.4,1.3389999866485596,1.0,0,1,1,0,-3.8553740978240967,-11.306084632873535,-0.6782670964497307,FOLLOW_MAIN,cascade_pd_tracking,follow_main,inner_wheel_pd,lidar_disabled,FOLLOW_MAIN,COMMITTED,HOLD,1,1,1,1,1,1,2,0.4679441452026367,0.4642455577850342,0.46062779426574707,0.4569432735443115,0.4532155990600586,0.00010538101196289062,0.04413584800022363,0.007776315000228351
1784808999.8222258,78.73167300224304,-113.5,-0.1135,-113.5,-0.1248673122040461,-124.86731220404609,-0.1248673122040461,-124.86731220404609,-0.681,-0.7269401796455592,-0.7269401796455592,0.0429813706005545,0.15881719368766278,-0.06867702171222535,0.000515776447206654,-0.4725111167696135,0.0012705375495013023,0.55,0.012,0.65,0.008,nan,0.12,0.12,0.11945775506450257,0.11997917333989194,0.13774999976158142,0.4,0.4,0.306024943727749,0.3058936933849338,0.31521740555763245,0.093,0.11107483118324737,0.09191551012900516,0.147,0.15135761452248156,0.147,-0.018074831183247375,0.0,-0.03413070192428681,-0.019627391524763848,-0.0010844898709948426,0.0,nan,1.0,0.0,-0.016,0.4,1.246000051498413,1.0,0,1,1,0,-3.7628769874572754,-11.35892105102539,-0.5613218504647282,FOLLOW_MAIN,cascade_pd_tracking,follow_main,inner_wheel_pd,lidar_disabled,FOLLOW_MAIN,COMMITTED,HOLD,1,1,1,1,1,1,2,0.4218895435333252,7.104873657226562e-05,0.43711376190185547,0.43369507789611816,0.4300711154937744,0.42618298530578613,0.06866758599971945,0.0601634569993621
1784808999.872702,78.78214907646179,-113.5,-0.1135,-113.5,-0.1248673122040461,-124.86731220404609,-0.1248673122040461,-124.86731220404609,-0.681,-0.7269401796455592,-0.7269401796455592,0.0429813706005545,0.15881719368766278,-0.06867702171222535,0.000515776447206654,-0.4725111167696135,0.0012705375495013023,0.55,0.012,0.65,0.008,nan,0.12,0.12,0.11972409158544334,0.11972409158544334,0.11237499862909317,0.4,0.4,0.30306564905062955,0.30306564905062955,0.28369560837745667,0.093,0.1021969471518889,0.09244818317088667,0.147,0.14149298946452893,0.147,-0.009196947151888901,0.0,0.029042394537716728,-0.01530523087733576,-0.0005518168291133341,0.0,nan,1.0,0.0,-0.016,0.4,1.2410000562667847,1.0,0,1,1,0,-3.7547731399536133,-11.362261772155762,-0.4815088510802899,FOLLOW_MAIN,cascade_pd_tracking,follow_main,inner_wheel_pd,lidar_disabled,FOLLOW_MAIN,COMMITTED,HOLD,1,1,1,1,1,1,2,0.010969400405883789,0.007248878479003906,0.0037364959716796875,0.0001373291015625,0.018823623657226562,0.014929056167602539,0.10597730500012403,0.014922591000868124
1784809000.3271885,79.23663568496704,-109.7,-0.1097,-109.7,-0.1171412694329369,-117.1412694329369,-0.1171412694329369,-117.1412694329369,-0.665,-0.695715930105928,-0.695715930105928,0.05238073590074327,0.20242765031203855,-0.0644276981881153,0.0006285688308089192,-0.45221535456885326,0.0016194212024963084,0.55,0.012,0.65,0.008,nan,0.12,0.12,0.11972409158544334,0.11972409158544334,0.11237499862909317,0.4,0.4,0.30306564905062955,0.30306564905062955,0.28369560837745667,0.093,0.1021969471518889,0.09244818317088667,0.147,0.14149298946452893,0.147,-0.009196947151888901,0.0,0.025516729854377234,-0.013447219069648839,-0.0005518168291133341,0.0,nan,1.0,0.0,-0.012,0.4,1.2410000562667847,1.0,0,1,1,0,-3.7547731399536133,-11.362261772155762,-0.42060911785189975,FOLLOW_MAIN,cascade_pd_tracking,follow_main,inner_wheel_pd,lidar_disabled,FOLLOW_MAIN,COMMITTED,HOLD,1,1,1,1,1,1,2,6.270408630371094e-05,0.43941497802734375,0.4359414577484131,0.4324820041656494,0.42886972427368164,0.42537951469421387,0.01154970300012792,0.03433594099988113
1784809000.3777525,79.28719973564148,-102.4,-0.1024,-102.4,-0.10364135874012644,-103.64135874012644,-0.10364135874012644,-103.64135874012644,-0.631,-0.6373180717137068,-0.6373180717137068,0.02607812754654635,0.11115941967995724,-0.05700274730706954,0.0003129375305585562,-0.41425674661390943,0.000889275357439658,0.55,0.012,0.65,0.008,nan,0.12,0.12,0.12,0.12,0.11962500214576721,0.4,0.4,0.29999999999999993,0.29999999999999993,0.28369566798210144,0.093,0.09966271134350287,0.093,0.147,0.14048277742489088,0.147,0.0,0.0,0.007736620045807042,-0.007079308254668785,0.0,0.0,nan,1.0,0.0,-0.003,0.4,1.2050000429153442,1.0,0,1,1,0,-3.701019048690796,-11.379695892333984,-0.32541431288007033,FOLLOW_MAIN,cascade_pd_tracking,follow_main,inner_wheel_pd,lidar_disabled,FOLLOW_MAIN,COMMITTED,HOLD,1,1,1,1,1,1,2,0.007028102874755859,0.0035169124603271484,0.00010251998901367188,0.01868271827697754,0.014811277389526367,0.01095890998840332,0.013362757999857422,0.04485807000128261
1784809000.8305264,79.73997354507446,-102.4,-0.1024,-102.4,-0.10364135874012644,-103.64135874012644,-0.10364135874012644,-103.64135874012644,-0.631,-0.6373180717137068,-0.6373180717137068,0.02607812754654635,0.11115941967995724,-0.05700274730706954,0.0003129375305585562,-0.41425674661390943,0.000889275357439658,0.55,0.012,0.65,0.008,nan,0.12,0.12,0.12,0.12,0.11962500214576721,0.4,0.4,0.29999999999999993,0.29999999999999993,0.28369566798210144,0.093,0.09966271134350287,0.093,0.147,0.14048277742489088,0.147,0.0,0.0,0.006794885695730218,-0.006217584695966018,0.0,0.0,nan,1.0,0.0,-0.003,0.4,1.2050000429153442,1.0,0,1,1,0,-3.701019048690796,-11.379695892333984,-0.26564849536763824,FOLLOW_MAIN,cascade_pd_tracking,follow_main,inner_wheel_pd,lidar_disabled,FOLLOW_MAIN,COMMITTED,HOLD,1,1,1,1,1,1,2,6.699562072753906e-05,0.4336364269256592,0.4528493881225586,0.4493277072906494,0.42950940132141113,0.4253063201904297,0.03283195999938471,0.0643272720008099
1784809000.8813004,79.79074764251709,-99.9,-0.0999,-99.9,-0.10088385189217261,-100.88385189217261,-0.10088385189217261,-100.88385189217261,-0.62,-0.6247942110803586,-0.6247942110803586,0.009111924091667358,0.039475158861717534,-0.05548611854069494,0.0001093430891000083,-0.4061162372022331,0.00031580127089374027,0.55,0.012,0.65,0.008,nan,0.12,0.12,0.12,0.12,0.11962500214576721,0.4,0.4,0.29999999999999993,0.29999999999999993,0.34673914313316345,0.093,0.09537164488893833,0.093,0.147,0.1435710798700138,0.147,0.0,0.0,0.007188250436808036,-0.025643884689678844,0.0,0.0,nan,1.0,0.0,-0.27999999999999997,0.4,1.1759999990463257,1.0,0,1,1,0,-3.6433990001678467,-11.390034675598145,-0.15173018679030853,FOLLOW_MAIN,cascade_pd_tracking,follow_main,inner_wheel_pd,lidar_disabled,FOLLOW_MAIN,COMMITTED,UNKNOWN,1,1,1,1,1,1,1,0.01486515998840332,0.011353015899658203,0.007750272750854492,0.004132270812988281,0.0001513957977294922,0.01891040802001953,0.0802924380004697,0.0493230889987899
1784809001.3260546,80.23550176620483,-100.60000000000001,-0.10060000000000001,-100.60000000000001,-0.09992232383093436,-99.92232383093436,-0.09992232383093436,-99.92232383093436,-0.623,-0.6201087817774942,-0.6201087817774942,0.003315067133419178,0.015136670943588868,-0.0549572781070139,3.978080560103014e-05,-0.4030707081553712,0.00012109336754871095,0.55,0.012,0.65,0.008,nan,0.12,0.12,0.11958535491445509,0.12,0.1341249942779541,0.4,0.4,0.3046071676171656,0.29999999999999993,0.22065217792987823,0.093,0.10682150285149693,0.09217070982891018,0.147,0.13993080107580316,0.147,-0.013821502851496928,0.0,-0.11450077401477621,-0.10348443958006306,-0.0008292901710898156,0.0,nan,1.0,0.0,-0.434,0.4,1.159999966621399,1.0,0,1,1,0,-3.588855743408203,-11.39126968383789,-0.1139036508661959,FOLLOW_MAIN,cascade_pd_tracking,follow_main,inner_wheel_pd,lidar_disabled,FOLLOW_MAIN,COMMITTED,HOLD,1,1,1,1,1,1,2,0.41774988174438477,8.273124694824219e-05,0.42949604988098145,0.44884347915649414,0.42569971084594727,0.42183375358581543,0.1414476919999288,0.005130499999722815
1784809001.3764496,80.28589677810669,-100.60000000000001,-0.10060000000000001,-100.60000000000001,-0.09992232383093436,-99.92232383093436,-0.09992232383093436,-99.92232383093436,-0.623,-0.6201087817774942,-0.6201087817774942,0.003315067133419178,0.015136670943588868,-0.0549572781070139,3.978080560103014e-05,-0.4030707081553712,0.00012109336754871095,0.55,0.012,0.65,0.008,nan,0.12,0.12,0.11958535491445509,0.11873481624623117,0.1341249942779541,0.4,0.4,0.3046071676171656,0.30542004193918304,0.22065217792987823,0.093,0.10682150285149693,0.09217070982891018,0.147,0.13993080107580316,0.147,-0.013821502851496928,0.0,-0.07665883244963001,-0.06928334225835163,-0.0008292901710898156,0.0,nan,1.0,0.0,-0.434,0.4,1.156999945640564,1.0,0,1,1,0,-3.588855743408203,-11.39126968383789,-0.012150414239039366,FOLLOW_MAIN,cascade_pd_tracking,follow_main,inner_wheel_pd,lidar_disabled,FOLLOW_MAIN,COMMITTED,HOLD,1,1,1,1,1,1,2,0.010841131210327148,0.007340192794799805,0.003749370574951172,0.00017523765563964844,0.018849849700927734,0.01485753059387207,0.20163020499967388,0.0653130129994679
1784809001.8548422,80.76428937911987,-100.7,-0.1007,-100.7,-0.10052399520753129,-100.52399520753129,-0.10052399520753129,-100.52399520753129,-0.623,-0.6226757353275587,-0.6226757353275587,-0.00031261735493958906,-0.000934533694226425,-0.055288197364142214,-3.751408259275069e-06,-0.4047392279629132,-7.476269553811401e-06,0.55,0.012,0.65,0.008,nan,0.12,0.12,0.11873481624623117,0.11873481624623117,0.15949998795986176,0.4,0.4,0.30542004193918304,0.30542004193918304,0.31521740555763245,0.093,0.12221645880492185,0.09124701247170469,0.147,0.1599563329873724,0.14622262002075764,-0.029216458804921852,-0.012956332987372421,-0.14108823222758482,-0.12234825750937456,-0.001752987528295311,-0.0007773799792423452,nan,1.0,0.0,-0.471,0.4,1.156999945640564,1.0,0,1,1,0,-3.574998378753662,-11.39054012298584,0.03409134713459139,FOLLOW_MAIN,cascade_pd_tracking,follow_main,inner_wheel_pd,lidar_disabled,FOLLOW_MAIN,COMMITTED,UNKNOWN,1,1,1,1,1,1,1,0.4467437267303467,0.44326066970825195,6.985664367675781e-05,0.4785137176513672,0.4543020725250244,0.45050048828125,0.02460531299948343,0.026211775999399833
1784809001.9076211,80.81706833839417,-97.9,-0.0979,-97.9,-0.09942512946421145,-99.42512946421145,-0.09942512946421145,-99.42512946421145,-0.61,-0.6176022139556072,-0.6176022139556072,0.0032646953029384623,0.015684854184210815,-0.0546838212053163,3.917634363526155e-05,-0.4014414390711447,0.00012547883347368652,0.55,0.012,0.65,0.008,nan,0.12,0.12,0.12,0.12,0.12687499821186066,0.4,0.4,0.29999999999999993,0.29999999999999993,0.4097825586795807,0.093,0.09943840365939297,0.093,0.147,0.14998437633411413,0.147,0.0,0.0,0.015612099918426091,-0.00011208639030627437,0.0,0.0,nan,1.0,0.0,-0.586,0.4,1.1729999780654907,1.0,0,1,1,0,-3.5188724994659424,-11.382752418518066,0.12953888823734103,FOLLOW_MAIN,cascade_pd_tracking,follow_main,inner_wheel_pd,lidar_disabled,FOLLOW_MAIN,COMMITTED,UNKNOWN,1,1,1,1,1,1,1,0.010629653930664062,0.0073451995849609375,0.0039234161376953125,0.021118640899658203,0.0001380443572998047,0.014085054397583008,0.14143776600030833,0.03519497800152749
1784809002.3521917,81.261638879776,-83.30000000000001,-0.08330000000000001,-83.30000000000001,-0.08925413780305028,-89.25413780305027,-0.08925413780305028,-89.25413780305027,-0.537,-0.567568927965824,-0.567568927965824,0.021390126837880906,0.10612814498831097,-0.049089775791677656,0.0002566815220545709,-0.3689198031777856,0.0008490251599064878,0.55,0.012,0.65,0.008,nan,0.12,0.12,0.12,0.12,0.12325000017881393,0.3844910226332762,0.3844910226332762,0.2883682669749572,0.29999999999999993,0.31521740555763245,0.09404685597225385,0.10049854692914048,0.09404685597225385,0.14595314402774615,0.13995480911743843,0.14595314402774615,0.0,0.0,0.0007232735141047265,-0.027336048185354914,0.0,0.0,nan,1.0,0.0,-1.708,0.4,1.309999942779541,1.0,0,1,1,0,-3.4711265563964844,-11.368508338928223,0.12953888823734103,FOLLOW_MAIN,cascade_pd_tracking,follow_main,inner_wheel_pd,lidar_disabled,FOLLOW_MAIN,COMMITTED,HOLD,1,1,1,1,1,1,2,0.43645787239074707,8.559226989746094e-05,0.4484527111053467,0.46564769744873047,0.44466614723205566,0.44066858291625977,0.05131764399993699,0.07537623400094162
1784809002.4060197,81.31546688079834,-78.10000000000001,-0.0781,-78.10000000000001,-0.0861256381614498,-86.1256381614498,-0.0861256381614498,-86.1256381614498,-0.509,-0.5515070087848137,-0.5515070087848137,0.026885175454209813,0.1353252238988244,-0.047369100988797395,0.0003226221054505178,-0.35847955571012896,0.0010826017911905951,0.55,0.012,0.65,0.008,nan,0.12,0.12,0.12,0.12,0.11237499862909317,0.37070574765392134,0.3712343847077687,0.27842578853082645,0.27842578853082645,0.34673914313316345,0.09494167903222561,0.0943571992445934,0.09494167903222561,0.14505832096777438,0.13773077672681627,0.14505832096777438,0.0,0.0,0.0005539801385186705,-0.027356514931683253,0.0,0.0,nan,1.0,0.0,-2.144,0.4,1.309999942779541,1.0,0,1,1,0,-3.4618780612945557,-11.365007400512695,0.33540760950658444,FOLLOW_MAIN,cascade_pd_tracking,follow_main,inner_wheel_pd,lidar_disabled,FOLLOW_MAIN,COMMITTED,HOLD,1,1,1,1,1,1,2,0.0181581974029541,0.014689207077026367,0.011313199996948242,0.007922649383544922,0.004059553146362305,0.00014281272888183594,0.016781219999757013,0.02407768299963209
1784809002.8307302,81.7401773929596,-78.10000000000001,-0.0781,-78.10000000000001,-0.0861256381614498,-86.1256381614498,-0.0861256381614498,-86.1256381614498,-0.509,-0.5515070087848137,-0.5515070087848137,0.026885175454209813,0.1353252238988244,-0.047369100988797395,0.0003226221054505178,-0.35847955571012896,0.0010826017911905951,0.55,0.012,0.65,0.008,nan,0.12,0.12,0.12,0.12,0.11237499862909317,0.3696129278649115,0.3696129278649115,0.2772096958986836,0.23455750368950373,0.34673914313316345,0.09505112736911847,0.0943571992445934,0.09505112736911847,0.14494887263088152,0.13773077672681627,0.14494887263088152,0.0,0.0,0.0004877493670053587,-0.024085922786113486,0.0,0.0,nan,1.0,0.0,-2.144,0.4,1.309999942779541,1.0,0,1,1,0,-3.4618780612945557,-11.365007400512695,0.33540760950658444,FOLLOW_MAIN,cascade_pd_tracking,follow_main,inner_wheel_pd,lidar_disabled,FOLLOW_MAIN,COMMITTED,HOLD,1,1,1,1,1,1,2,0.42073893547058105,0.4171614646911621,0.4136955738067627,7.033348083496094e-05,0.4287261962890625,0.42480921745300293,0.03588029300044582,0.04317675600032089
1784809002.8811307,81.79057788848877,-68.8,-0.0688,-68.8,-0.07337253562993624,-73.37253562993625,-0.07337253562993624,-73.37253562993625,-0.457,-0.48200147552753236,-0.48200147552753236,0.030398278090695077,0.16460642258336028,-0.040354894596464935,0.00036477933708834094,-0.31330095909289607,0.0013168513806668823,0.55,0.012,0.65,0.008,nan,0.12,0.12,0.12,0.12,0.11962499469518661,0.31315818686183156,0.31315818686183156,0.23486864014637365,0.23486864014637365,0.28369566798210144,0.09886182238682636,0.1035399925309531,0.09886182238682636,0.14113817761317363,0.14031801820068135,0.14113817761317363,0.0,0.0,0.00856102504097747,-0.01311589817245421,0.0,0.0,nan,1.0,0.0,-1.961,0.4,1.4199999570846558,1.0,0,1,1,0,-3.4154767990112305,-11.343659400939941,0.4521001453821472,FOLLOW_MAIN,cascade_pd_tracking,follow_main,inner_wheel_pd,lidar_disabled,FOLLOW_MAIN,COMMITTED,UNKNOWN,1,1,1,1,1,1,1,0.018242359161376953,0.01466679573059082,0.011272907257080078,0.007825613021850586,0.0041332244873046875,0.00014781951904296875,0.12650476800081378,0.08390116000009584
1784809003.3778772,82.28732442855835,-65.3,-0.0653,-65.3,-0.06994023997367124,-69.94023997367124,-0.06994023997367124,-69.94023997367124,-0.436,-0.46323454557917865,-0.46323454557917865,0.027900646243552974,0.15165461275220807,-0.03846713198551919,0.0003348077549226357,-0.3011024546264661,0.0012132369020176645,0.55,0.012,0.65,0.008,nan,0.12,0.12,0.12,0.12,0.11962499469518661,0.30079487042194664,0.30079487042194664,0.2255961528164599,0.2255961528164599,0.28369566798210144,0.0996963462465186,0.1035399925309531,0.0996963462465186,0.1403036537534814,0.14031801820068135,0.1403036537534814,0.0,0.0,0.006561708060211637,-0.010052849319230762,0.0,0.0,nan,1.0,0.0,-1.7289999999999999,0.4,1.4199999570846558,1.0,0,1,1,0,-3.4154767990112305,-11.343659400939941,0.5695499313218366,FOLLOW_MAIN,cascade_pd_tracking,follow_main,inner_wheel_pd,lidar_disabled,FOLLOW_MAIN,COMMITTED,UNKNOWN,1,1,1,1,1,1,1,0.47108888626098633,0.46768927574157715,0.46434998512268066,0.46081042289733887,7.414817810058594e-05,0.474719762802124,0.02751720100059174,0.12379650799994124
1784809003.8441064,82.75355362892151,-48.2,-0.0482,-48.2,-0.05265636642796434,-52.65636642796434,-0.05265636642796434,-52.65636642796434,-0.332,-0.3591935232379367,-0.3591935232379367,0.03316172574187999,0.20004452823428617,-0.02896100153538039,0.0003979407089025599,-0.23347579010465885,0.0016003562258742894,0.55,0.012,0.65,0.008,nan,0.1320250402539485,0.13100087923392775,0.1318889616682117,0.1318889616682117,0.10874999314546585,0.24536555043801456,0.24536555043801456,0.18553832183126115,0.18553832183126115,0.12608696520328522,0.11443870457936177,0.1019085691787544,0.11519051270339821,0.14756305388849372,0.13049044147963557,0.14858741063302522,0.012530135400607365,0.017072612408858157,0.07069592398699417,0.10414419526363336,0.0007518081240364419,0.0010243567445314893,nan,1.0,0.0,-0.491,0.44008346751316174,1.5889999866485596,1.0,0,1,1,0,-3.3575658798217773,-11.306648254394531,0.6278012774028375,FOLLOW_MAIN,cascade_pd_tracking,follow_main,inner_wheel_pd,lidar_disabled,FOLLOW_MAIN,COMMITTED,HOLD,1,1,1,1,1,1,2,0.4380319118499756,0.4346041679382324,0.431293249130249,0.4276254177093506,0.42371249198913574,0.00010204315185546875,0.02226051700017706,0.05872321800052305
1784809003.895182,82.80462908744812,-35.9,-0.0359,-35.9,-0.0417196378195263,-41.7196378195263,-0.0417196378195263,-41.7196378195263,-0.251,-0.2891299553363364,-0.2891299553363364,0.02851246760544862,0.1816219107420365,-0.022945800800739467,0.00034214961126538345,-0.18793447096861868,0.0014529752859362922,0.55,0.012,0.65,0.008,nan,0.15848152808549634,0.15848152808549634,0.15998588158756688,0.15998588158756688,0.14500001072883606,0.1819357904258606,0.1819357904258606,0.13730227670905176,0.13730227670905176,0.18913042545318604,0.14620086223175074,0.12240395469839269,0.14762867668375224,0.17076219393924194,0.14441398473691494,0.17234308649138155,0.023796907533358058,0.026348209202327,-0.07394218440806069,-0.09308873186833522,0.0014278144520014835,0.00158089255213962,nan,1.0,0.0,-1.4020000000000001,0.5282717602849878,1.7430000305175781,1.0,0,1,1,0,-3.315298318862915,-11.271759033203125,0.7035802648044006,FOLLOW_MAIN,cascade_pd_tracking,follow_main,inner_wheel_pd,lidar_disabled,FOLLOW_MAIN,COMMITTED,UNKNOWN,1,1,1,1,1,1,1,0.00787806510925293,0.023285388946533203,0.004341840744018555,0.03777813911437988,0.0002448558807373047,0.01178598403930664,0.10574112100039201,0.0702532909999718
1784809004.3425725,83.25201964378357,-36.800000000000004,-0.036800000000000006,-36.800000000000004,-0.03801475412964028,-38.01475412964028,-0.03801475412964028,-38.01475412964028,-0.257,-0.26493351001877824,-0.26493351001877824,0.027618418590116232,0.17781095812136527,-0.020908114771302156,0.0003314210230813948,-0.17220678151220586,0.0014224876649709221,0.55,0.012,0.65,0.008,nan,0.15417203880162497,0.15417203880162497,0.15417203880162497,0.15417203880162497,0.17399999499320984,0.16314673065859028,0.17048006593731663,0.1278600494529874,0.1278600494529874,0.18913045525550842,0.1426646343508561,0.14183373371867733,0.1426646343508561,0.16567944325239384,0.16560640724052647,0.16567944325239384,0.0,0.0,-0.18910339029447412,-0.2179879748802174,0.0,0.0,nan,1.0,0.0,-1.23,0.5139067960054166,1.7430000305175781,1.0,0,1,1,0,-3.305055618286133,-11.262591361999512,0.711334580279669,FOLLOW_MAIN,cascade_pd_tracking,follow_main,inner_wheel_pd,lidar_disabled,FOLLOW_MAIN,COMMITTED,UNKNOWN,1,1,1,1,1,1,1,6.67572021484375e-05,0.435253381729126,0.43163299560546875,0.42804622650146484,0.4243783950805664,0.4205796718597412,0.0055665180007054005,0.026678145999539993
1784809004.39555,83.30499720573425,-30.8,-0.0308,-30.8,-0.034349264402048926,-34.349264402048924,-0.034349264402048926,-34.349264402048924,-0.217,-0.24049886638050383,-0.24049886638050383,0.010322246969657965,0.06880492449105441,-0.018892095421126912,0.0001238669636358956,-0.1563242631473275,0.0005504393959284353,0.55,0.012,0.65,0.008,nan,0.16235654295426408,0.16235654295426408,0.16306877907117237,0.16306877907117237,0.13774999976158142,0.14785017178441465,0.14785017178441465,0.11029982805842965,0.11029982805842965,0.18913045525550842,0.1523766563588161,0.13962435324052253,0.1531417945459137,0.17233642954971207,0.16134752877106234,0.17299576359643104,0.012752303118293562,0.010988900778649724,0.09117150079354144,0.06185532980991466,0.0007651381870976137,0.0006593340467189834,nan,1.0,0.0,-1.4469999999999998,0.5411884765142136,1.8420000076293945,1.0,0,1,1,0,-3.250401735305786,-11.209769248962402,0.7775920400554146,FOLLOW_MAIN,cascade_pd_tracking,follow_main,inner_wheel_pd,lidar_disabled,FOLLOW_MAIN,COMMITTED,UNKNOWN,1,1,1,1,1,1,1,0.01048898696899414,0.006921052932739258,0.003496885299682617,0.00015997886657714844,0.018196821212768555,0.014525890350341797,0.026827998000953812,0.046974737000709865
1784809004.8369002,83.74634742736816,-30.8,-0.0308,-30.8,-0.034349264402048926,-34.349264402048924,-0.034349264402048926,-34.349264402048924,-0.217,-0.24049886638050383,-0.24049886638050383,0.010322246969657965,0.06880492449105441,-0.018892095421126912,0.0001238669636358956,-0.1563242631473275,0.0005504393959284353,0.55,0.012,0.65,0.008,nan,0.16128974195481405,0.16128974195481405,0.16193797001175536,0.16193797001175536,0.13774999976158142,0.14628928936273458,0.14628928936273458,0.10905892653319398,0.10905892653319398,0.18913045525550842,0.15141521492282947,0.13962435324052253,0.1521226666237679,0.17116426898679862,0.16134752877106234,0.1717532733997428,0.011790861682306947,0.00981674021573628,0.07329068389665079,0.04648972156065465,0.0007074517009384168,0.0005890044129441768,nan,1.0,0.0,-1.4469999999999998,0.5376324731827136,1.8220000267028809,1.0,0,1,1,0,-3.250401735305786,-11.209769248962402,0.7938570148108562,FOLLOW_MAIN,cascade_pd_tracking,follow_main,inner_wheel_pd,lidar_disabled,FOLLOW_MAIN,COMMITTED,UNKNOWN,1,1,1,1,1,1,1,0.429628849029541,0.4260826110839844,0.4224863052368164,0.4189574718475342,0.41474413871765137,7.724761962890625e-05,0.04780608900000516,0.06795282799976121
1784809004.8871439,83.79659104347229,-32.9,-0.0329,-32.9,-0.03283229639835264,-32.83229639835264,-0.03283229639835264,-32.83229639835264,-0.231,-0.2302235503657808,-0.2302235503657808,0.003937475156159978,0.026577807663165767,-0.018057763019093953,4.7249701873919744e-05,-0.14964530773775753,0.00021262246130532614,0.55,0.012,0.65,0.008,nan,0.1695212868658231,0.1695212868658231,0.1695212868658231,0.1685888901682396,0.15950000286102295,0.1453923351485883,0.1453923351485883,0.10904425136144134,0.10890005115192564,0.18913042545318604,0.15970730424329338,0.15500578567570028,0.15970730424329338,0.17933526948835282,0.1731243520289898,0.17933526948835282,0.0,0.0,-0.003038451855972305,-0.003526414389780493,0.0,0.0,nan,1.0,0.0,-0.7459999999999999,0.5650709562194104,2.059000015258789,1.0,0,1,1,0,-3.204292058944702,-11.159109115600586,0.8297923399353221,FOLLOW_MAIN,cascade_pd_tracking,follow_main,inner_wheel_pd,lidar_disabled,FOLLOW_MAIN,COMMITTED,UNKNOWN,1,1,1,1,1,1,1,0.003636598587036133,0.00013446807861328125,0.01895904541015625,0.015560388565063477,0.011674165725708008,0.007720470428466797,0.11364286199932394,0.1070658619992173
1784809005.360541,84.26998829841614,-32.9,-0.0329,-32.9,-0.03283229639835264,-32.83229639835264,-0.03283229639835264,-32.83229639835264,-0.231,-0.2302235503657808,-0.2302235503657808,0.003937475156159978,0.026577807663165767,-0.018057763019093953,4.7249701873919744e-05,-0.14964530773775753,0.00021262246130532614,0.55,0.012,0.65,0.008,nan,0.17047520020281065,0.17047520020281065,0.17047520020281065,0.17047520020281065,0.15950000286102295,0.14556526025867655,0.14556526025867655,0.10917394519400737,0.10917394519400737,0.18913042545318604,0.16064954513534999,0.15500578567570028,0.16064954513534999,0.18030085527027132,0.1731243520289898,0.18030085527027132,0.0,0.0,-0.0026364158472638446,-0.0030598130962524272,0.0,0.0,nan,1.0,0.0,-0.7459999999999999,0.5682506673427022,2.066999912261963,1.0,0,1,1,0,-3.204292058944702,-11.159109115600586,0.8561757487795333,FOLLOW_MAIN,cascade_pd_tracking,follow_main,inner_wheel_pd,lidar_disabled,FOLLOW_MAIN,COMMITTED,UNKNOWN,1,1,1,1,1,1,1,7.05718994140625e-05,0.45130419731140137,0.4476759433746338,0.4440574645996094,0.4402885437011719,0.4363265037536621,0.13493202700010443,0.1283550269999978
1784809005.41092,84.32036709785461,-33.4,-0.0334,-33.4,-0.032929483341918794,-32.9294833419188,-0.032929483341918794,-32.9294833419188,-0.234,-0.231053276100677,-0.231053276100677,-0.0005663911724338702,-0.0037147417512318837,-0.018111215838055337,-6.796694069206442e-06,-0.15018462946544006,-2.971793400985507e-05,0.55,0.012,0.65,0.008,nan,0.16517460710780887,0.16517460710780887,0.16517460710780887,0.16469750247000886,0.17399999499320984,0.14372663288525106,0.14372663288525106,0.10779497466393838,0.10761718724190837,0.12608695030212402,0.15547305938805442,0.16192417767159406,0.15547305938805442,0.17487615482756333,0.18174182170750042,0.17487615482756333,0.0,0.0,-0.026516765923322857,-0.004414944310884325,0.0,0.0,nan,1.0,0.0,-0.86,0.5505820236926963,2.2309999465942383,1.0,0,1,1,0,-3.1398062705993652,-11.077789306640625,0.897721657821713,FOLLOW_MAIN,cascade_pd_tracking,follow_main,inner_wheel_pd,lidar_disabled,FOLLOW_MAIN,COMMITTED,HOLD,1,1,1,1,1,1,2,0.007090568542480469,0.0035266876220703125,0.00012159347534179688,0.018962621688842773,0.01504373550415039,0.01115274429321289,0.06774440200024401,0.0007868329994380474
1784809005.8526704,84.76211762428284,-35.9,-0.0359,-35.9,-0.034945396592473574,-34.94539659247357,-0.034945396592473574,-34.94539659247357,-0.251,-0.2447048098534084,-0.2447048098534084,-0.004656715645924519,-0.03231854635241638,-0.01921996812586047,-5.5880587751094234e-05,-0.15905812640471545,-0.000258548370819331,0.55,0.012,0.65,0.008,nan,0.1751310460504542,0.1751310460504542,0.17549301444900955,0.16517460710780887,0.1667499989271164,0.15888649065519406,0.15888649065519406,0.11514299689633617,0.10779497466393838,0.31521743535995483,0.16440620793122862,0.1523405946460511,0.16513014472833928,0.1858558841696798,0.18080117904759252,0.1858558841696798,0.012065613285177523,0.0,0.03479100664713835,-0.04223601452830165,0.0007239367971106514,0.0,nan,1.0,0.0,-0.66,0.5837701535015141,2.438999891281128,1.0,0,1,1,0,-3.1040940284729004,-11.025331497192383,0.9149325947484528,FOLLOW_MAIN,cascade_pd_tracking,follow_main,inner_wheel_pd,lidar_disabled,FOLLOW_MAIN,COMMITTED,UNKNOWN,1,1,1,1,1,1,1,0.4265410900115967,0.00010323524475097656,0.4418313503265381,0.43827223777770996,0.43450045585632324,0.43064260482788086,0.03703925700028776,0.04991829299979145
1784809005.9039361,84.81338334083557,-35.9,-0.0359,-35.9,-0.034945396592473574,-34.94539659247357,-0.034945396592473574,-34.94539659247357,-0.251,-0.2447048098534084,-0.2447048098534084,-0.004656715645924519,-0.03231854635241638,-0.01921996812586047,-5.5880587751094234e-05,-0.15905812640471545,-0.000258548370819331,0.55,0.012,0.65,0.008,nan,0.17565940291442247,0.17565940291442247,0.17630067386545095,0.17656567137323248,0.16312499344348907,0.1591694559328182,0.1591694559328182,0.11948090359857179,0.11956018931661165,0.09456522762775421,0.16491546463895723,0.1543833329285863,0.1655473925415795,0.18640334118988772,0.17555977453264265,0.1870539551893224,0.010532131710370929,0.010843566657245063,0.01698674159394148,0.03501482949532061,0.0006319279026222557,0.0006506139994347037,nan,1.0,0.0,-0.66,0.585531343048075,2.446000099182129,1.0,0,1,1,0,-3.097344160079956,-11.01435375213623,0.9920981945784172,FOLLOW_MAIN,cascade_pd_tracking,follow_main,inner_wheel_pd,lidar_disabled,FOLLOW_MAIN,COMMITTED,UNKNOWN,1,1,1,1,1,1,1,0.01839423179626465,0.014947891235351562,0.011500358581542969,0.007986307144165039,0.004124164581298828,0.00014209747314453125,0.07673125399924174,0.01474725799926091
1784809006.3480923,85.25753951072693,-45.5,-0.0455,-45.5,-0.041324175310908304,-41.3241753109083,-0.041324175310908304,-41.3241753109083,-0.314,-0.2869609228072473,-0.2869609228072473,-0.015819698784561312,-0.10494868313267589,-0.02272829642099957,-0.00018983638541473575,-0.18652459982471073,-0.0008395894650614071,0.55,0.012,0.65,0.008,nan,0.16989385277456842,0.16989385277456842,0.16989385277456842,0.17656567137323248,0.17399999499320984,0.1904439727579233,0.1904439727579233,0.14283297956844254,0.11956018931661165,0.12608695030212402,0.1570388846134086,0.16288733241849995,0.1570388846134086,0.18274882093572825,0.17769344942137844,0.18274882093572825,0.0,0.0,-0.004483136310286558,-0.0661509404217254,0.0,0.0,nan,1.0,0.0,-0.759,0.5663128425818947,2.628999948501587,1.0,0,1,1,0,-3.0567667484283447,-10.945647239685059,1.019522088197544,FOLLOW_MAIN,cascade_pd_tracking,follow_main,inner_wheel_pd,lidar_disabled,FOLLOW_MAIN,COMMITTED,UNKNOWN,1,1,1,1,1,1,1,0.4206867218017578,8.988380432128906e-05,0.43267178535461426,0.4521002769470215,0.4287905693054199,0.42502427101135254,0.012356998999166535,0.0059553519986366155
1784809006.4005804,85.31002759933472,-45.5,-0.0455,-45.5,-0.041324175310908304,-41.3241753109083,-0.041324175310908304,-41.3241753109083,-0.314,-0.2869609228072473,-0.2869609228072473,-0.015819698784561312,-0.10494868313267589,-0.02272829642099957,-0.00018983638541473575,-0.18652459982471073,-0.0008395894650614071,0.55,0.012,0.65,0.008,nan,0.16813565413304207,0.16813565413304207,0.16813565413304207,0.16813565413304207,0.17399999499320984,0.19043306396816784,0.19043306396816784,0.14282479797612593,0.14282479797612593,0.12608695030212402,0.15528142231519074,0.16288733241849995,0.15528142231519074,0.1809898859508934,0.17769344942137844,0.1809898859508934,0.0,0.0,-0.0034650141537527867,-0.05112803380959092,0.0,0.0,nan,1.0,0.0,-0.759,0.5604521804434736,2.628999948501587,1.0,0,1,1,0,-3.0567667484283447,-10.945647239685059,1.0435422117971427,FOLLOW_MAIN,cascade_pd_tracking,follow_main,inner_wheel_pd,lidar_disabled,FOLLOW_MAIN,COMMITTED,UNKNOWN,1,1,1,1,1,1,1,0.01397395133972168,0.010594844818115234,0.007261514663696289,0.003977775573730469,0.00015020370483398438,0.017617464065551758,0.050997922000533435,0.044596275000003516
1784809006.8461533,85.7556004524231,-54.400000000000006,-0.054400000000000004,-54.400000000000006,-0.050620569720224926,-50.62056972022493,-0.050620569720224926,-50.62056972022493,-0.371,-0.34694777527471554,-0.34694777527471554,-0.021708225529803518,-0.13963528799846203,-0.027841313346123713,-0.0002604987063576422,-0.2255160539285651,-0.0011170823039876963,0.55,0.012,0.65,0.008,nan,0.12589528468398442,0.12589528468398442,0.12351991244104882,0.16714438659252362,0.1667499989271164,0.22850159875598441,0.22850159875598441,0.1751322594757758,0.14560574699080275,0.18913039565086365,0.11047142676795547,0.15569505476339685,0.107758009088229,0.14131914260001338,0.17527458936909235,0.13928181579386864,-0.04522362799544137,-0.03395544676907897,-0.06762451550708037,-0.08374304880426672,-0.0027134176797264822,-0.002037326806144738,nan,1.0,0.0,-1.3539999999999999,0.41965094894661475,3.0350000858306885,1.0,0,1,1,0,-3.023916482925415,-10.884778022766113,1.0537551411974113,FOLLOW_MAIN,cascade_pd_tracking,follow_main,inner_wheel_pd,lidar_disabled,FOLLOW_MAIN,COMMITTED,UNKNOWN,1,1,1,1,1,1,1,0.4151592254638672,7.700920104980469e-05,0.4304511547088623,0.4268059730529785,0.4229302406311035,0.4191255569458008,0.11158164099833812,0.10082445699845266
1784809006.896393,85.80584025382996,-56.1,-0.056100000000000004,-56.1,-0.05349721971451506,-53.497219714515055,-0.05349721971451506,-53.497219714515055,-0.381,-0.36525472288237776,-0.36525472288237776,-0.02098132508673221,-0.1343422712496962,-0.029423470842983284,-0.0002517759010407865,-0.23741556987354556,-0.0010747381699975696,0.55,0.012,0.65,0.008,nan,0.12331667530727819,0.12331667530727819,0.12112414741715127,0.12112414741715127,0.15587499737739563,0.24218313410131578,0.23617564102690874,0.18256271288867748,0.18256271288867748,0.09456516802310944,0.10737481953796185,0.15206342421782112,0.10469350325717029,0.13925853107659453,0.16765418940096613,0.13755479157713224,-0.04468860467985927,-0.028395658324371603,-0.05144259255617467,-0.035281563633811096,-0.0026813162807915562,-0.001703739499462296,nan,1.0,0.0,-1.361,0.411055584357594,3.0350000858306885,1.0,0,1,1,0,-3.0173654556274414,-10.871671676635742,1.0818732701061418,FOLLOW_MAIN,cascade_pd_tracking,follow_main,inner_wheel_pd,lidar_disabled,FOLLOW_MAIN,COMMITTED,HOLD,1,1,1,1,1,1,2,0.011168241500854492,0.007279396057128906,0.0037000179290771484,0.00017380714416503906,0.019152402877807617,0.015214920043945312,0.00504324000030465,0.03180529400015075
1784809007.3276746,86.23712182044983,-56.1,-0.056100000000000004,-56.1,-0.05349721971451506,-53.497219714515055,-0.05349721971451506,-53.497219714515055,-0.381,-0.36525472288237776,-0.36525472288237776,-0.02098132508673221,-0.1343422712496962,-0.029423470842983284,-0.0002517759010407865,-0.23741556987354556,-0.0010747381699975696,0.55,0.012,0.65,0.008,nan,0.12050363260974128,0.12050363260974128,0.11834496947518011,0.11834496947518011,0.1522499918937683,0.24253907312052456,0.24253907312052456,0.18866919973260254,0.18866919973260254,0.06304347515106201,0.10413224517410588,0.15025730642177243,0.10136474149924589,0.1368750200453767,0.16270539661641564,0.13532519745111435,-0.04612506124766655,-0.025830376571038954,-0.04705015562460314,-0.009996902853365786,-0.0027675036748599927,-0.0015498225942623372,nan,1.0,0.0,-1.361,0.4016787753658043,3.0280001163482666,1.0,0,1,1,0,-3.0116825103759766,-10.860044479370117,1.121528006937691,FOLLOW_MAIN,cascade_pd_tracking,follow_main,inner_wheel_pd,lidar_disabled,FOLLOW_MAIN,COMMITTED,HOLD,1,1,1,1,1,1,2,0.39841175079345703,0.39489269256591797,0.4127049446105957,0.4093034267425537,7.295608520507812e-05,0.40218281745910645,0.044158274999062996,0.0005062410000391537
1784809007.378685,86.28813219070435,-107.10000000000001,-0.10710000000000001,-107.10000000000001,-0.07413404666370202,-74.13404666370202,-0.07413404666370202,-74.13404666370202,-0.653,-0.47635935941523,-0.47635935941523,-0.06562951378377584,-0.3496098274636058,-0.04077372566503611,-0.0007875541654053101,-0.3096335836198995,-0.0027968786197088463,0.55,0.012,0.65,0.008,nan,0.12,0.12,0.12,0.12,0.11237499862909317,0.31884194986991465,0.2657824793532632,0.19933685951494745,0.19252995971490747,0.28369560837745667,0.10205968264365473,0.10067284476486565,0.10205968264365473,0.13794031735634527,0.13337980888921336,0.13794031735634527,0.0,0.0,0.05303300569815356,0.03141287724842416,0.0,0.0,nan,1.0,0.0,-2.501,0.4,4.810999870300293,1.0,0,1,1,0,-2.9935407638549805,-10.819194793701172,1.1736644929324305,FOLLOW_MAIN,cascade_pd_tracking,follow_main,inner_wheel_pd,lidar_disabled,FOLLOW_MAIN,COMMITTED,UNKNOWN,1,1,1,1,1,1,1,0.007281064987182617,0.003743886947631836,0.0001583099365234375,0.03391242027282715,0.015181541442871094,0.011259794235229492,0.010204815000179224,0.06293055199967057
1784809007.431708,86.34115529060364,-123.5,-0.1235,-123.5,-0.09046496685759575,-90.46496685759575,-0.09046496685759575,-90.46496685759575,-0.723,-0.5457136051068813,-0.5457136051068813,-0.10856360014322788,-0.5143626334243945,-0.04975573177167767,-0.0013027632017187346,-0.35471384331947287,-0.004114901067395156,0.55,0.012,0.65,0.008,nan,0.12,0.12,0.12,0.12,0.11962500214576721,0.3691620811496291,0.2932710610029495,0.21995329575221212,0.2129098584025867,0.22065220773220062,0.1002042033823009,0.10279815779646702,0.1002042033823009,0.1397957966176991,0.13397643623326477,0.1397957966176991,0.0,0.0,0.035292702766863145,0.020904818144584086,0.0,0.0,nan,1.0,0.0,-2.6449999999999996,0.4,4.810999870300293,1.0,0,1,1,0,-2.9902710914611816,-10.810455322265625,1.2299942069274505,FOLLOW_MAIN,cascade_pd_tracking,follow_main,inner_wheel_pd,lidar_disabled,FOLLOW_MAIN,COMMITTED,UNKNOWN,1,1,1,1,1,1,1,0.0036513805389404297,9.72747802734375e-05,0.019077301025390625,0.01558995246887207,0.011679887771606445,0.007730007171630859,0.0028941109994775616,0.03500714599977073
1784809007.8504834,86.75993061065674,-123.5,-0.1235,-123.5,-0.09046496685759575,-90.46496685759575,-0.09046496685759575,-90.46496685759575,-0.723,-0.5457136051068813,-0.5457136051068813,-0.10856360014322788,-0.5143626334243945,-0.04975573177167767,-0.0013027632017187346,-0.35471384331947287,-0.004114901067395156,0.55,0.012,0.65,0.008,nan,0.12,0.12,0.12,0.11943586038380374,0.11962500214576721,0.3691620811496291,0.2932710610029495,0.21995329575221212,0.3062682179577362,0.22065220773220062,0.1002042033823009,0.10279815779646702,0.1002042033823009,0.1397957966176991,0.13397643623326477,0.1397957966176991,0.0,0.0,0.035292702766863145,0.020904818144584086,0.0,0.0,nan,1.0,0.0,-2.6449999999999996,0.4,4.810999870300293,1.0,0,1,1,0,-2.9902710914611816,-10.810455322265625,1.2299942069274505,FOLLOW_MAIN,cascade_pd_tracking,follow_main,inner_wheel_pd,lidar_disabled,FOLLOW_MAIN,COMMITTED,UNKNOWN,1,1,1,1,1,1,1,0.4224212169647217,0.4188666343688965,0.4153738021850586,9.72747802734375e-05,0.4304487705230713,0.4264988899230957,0.0028941109994775616,0.03500714599977073
1784809007.9018128,86.81125998497009,-165.4,-0.16540000000000002,-165.4,-0.15783128523675233,-157.83128523675234,-0.15783128523675233,-157.83128523675234,-0.868,-0.8283543924269803,-0.8283543924269803,-0.14682330399544385,-0.6660636243967895,-0.08680720688021379,-0.0017618796479453263,-0.5384303550775372,-0.005328508995174315,0.55,0.012,0.65,0.008,nan,0.12,0.12,0.11962576085801171,0.11962576085801171,0.11599999666213989,0.4,0.4,0.30415821268875864,0.30415821268875864,0.25217393040657043,0.093,0.10547463806627609,0.09225152171602344,0.147,0.13917417639454158,0.147,-0.012474638066276092,0.0,-0.0032475914927151284,-0.013434918929927481,-0.0007484782839765655,0.0,nan,1.0,0.0,-1.976,0.4,1.600000023841858,1.0,0,1,1,0,-2.9732582569122314,-10.753963470458984,1.3084204438377995,FOLLOW_MAIN,cascade_pd_tracking,follow_main,inner_wheel_pd,lidar_disabled,FOLLOW_MAIN,COMMITTED,UNKNOWN,1,1,1,1,1,1,1,0.011281967163085938,0.007663249969482422,0.00403594970703125,0.023317575454711914,0.00014591217041015625,0.015204429626464844,0.10494306799955666,0.02078157300093153
1784809008.3580518,87.26749897003174,-139.5,-0.1395,-139.5,-0.16115596972411597,-161.15596972411598,-0.16115596972411597,-161.15596972411598,-0.784,-0.8504172889965296,-0.8504172889965296,-0.10016450469221067,-0.47730788209086406,-0.08863578334826379,-0.001201974056306528,-0.5527712378477443,-0.0038184630567269125,0.55,0.012,0.65,0.008,nan,0.12,0.12,0.11962576085801171,0.11962576085801171,0.11599999666213989,0.4,0.4,0.30415821268875864,0.30415821268875864,0.25217393040657043,0.093,0.10547463806627609,0.09225152171602344,0.147,0.13917417639454158,0.147,-0.012474638066276092,0.0,-0.002479325686124848,-0.010256690125187491,-0.0007484782839765655,0.0,nan,1.0,0.0,-1.851,0.4,1.600000023841858,1.0,0,1,1,0,-2.9732582569122314,-10.753963470458984,1.3668302825118714,FOLLOW_MAIN,cascade_pd_tracking,follow_main,inner_wheel_pd,lidar_disabled,FOLLOW_MAIN,COMMITTED,UNKNOWN,1,1,1,1,1,1,1,0.42660951614379883,0.42311978340148926,0.41966938972473145,0.43782520294189453,8.702278137207031e-05,0.43040013313293457,0.025968238998757442,0.061270625999895856
1784809008.4081044,87.317551612854,-78.60000000000001,-0.0786,-78.60000000000001,-0.0977472176855523,-97.7472176855523,-0.0977472176855523,-97.7472176855523,-0.511,-0.6314221073804768,-0.6314221073804768,0.0980863969670373,0.32930128102213013,-0.05376096972705377,0.0011770367636044477,-0.4104243697973099,0.002634410248177041,0.55,0.012,0.65,0.008,nan,0.12,0.12,0.11956685895754106,0.11956685895754106,0.13050000369548798,0.4,0.4,0.3048126782495437,0.3048126782495437,0.25217393040657043,0.093,0.10743803474863135,0.09213371791508213,0.147,0.14001240143591265,0.147,-0.014438034748631354,0.0,-0.03589081858901842,-0.05775349901597412,-0.0008662820849178812,0.0,nan,1.0,0.0,-0.9970000000000001,0.4,1.5410000085830688,1.0,0,1,1,0,-2.9637744426727295,-10.701031684875488,1.4066108299285838,FOLLOW_MAIN,cascade_pd_tracking,follow_main,inner_wheel_pd,lidar_disabled,FOLLOW_MAIN,COMMITTED,UNKNOWN,1,1,1,1,1,1,1,7.891654968261719e-05,0.01740860939025879,0.014065980911254883,0.010812997817993164,0.0071790218353271484,0.003676891326904297,0.015200294999885955,0.0655168479988788
1784809008.8702884,87.77973556518555,-78.60000000000001,-0.0786,-78.60000000000001,-0.0977472176855523,-97.7472176855523,-0.0977472176855523,-97.7472176855523,-0.511,-0.6314221073804768,-0.6314221073804768,0.0980863969670373,0.32930128102213013,-0.05376096972705377,0.0011770367636044477,-0.4104243697973099,0.002634410248177041,0.55,0.012,0.65,0.008,nan,0.12,0.12,0.12025217676906164,0.12025217676906164,0.11599999666213989,0.4,0.4,0.30280196410068483,0.30280196410068483,0.31521737575531006,0.093,0.10084484460653,0.093,0.147,0.1385941076979455,0.14750435353812327,0.0,0.00840589230205449,0.06205286439836297,0.0077450582947440685,0.0,0.0005043535381232694,nan,1.0,0.0,-0.9970000000000001,0.4,1.5410000085830688,1.0,0,1,1,0,-2.9627058506011963,-10.691579818725586,1.4582122084022422,FOLLOW_MAIN,cascade_pd_tracking,follow_main,inner_wheel_pd,lidar_disabled,FOLLOW_MAIN,COMMITTED,UNKNOWN,1,1,1,1,1,1,1,0.44339895248413086,0.43970489501953125,0.43609046936035156,0.4326021671295166,0.4289743900299072,7.724761962890625e-05,0.054394496999520925,0.017002239999783342
1784809008.921207,87.83065414428711,-77.5,-0.0775,-77.5,-0.07141635212607095,-71.41635212607095,-0.07141635212607095,-71.41635212607095,-0.587,-0.47836287512497083,-0.47836287512497083,0.0883812989678125,0.4988976313531724,-0.03927899366933903,0.00106057558761375,-0.31093586883123103,0.003991181050825379,0.55,0.012,0.65,0.008,nan,0.13800811055406736,0.1374568280278314,0.13853544517896413,0.13991342185288203,0.12687499821186066,0.34,0.34,0.25484990750644665,0.2548499075064467,0.34673914313316345,0.11450682802783141,0.09630473676862254,0.11559895350338394,0.1604068280278314,0.14265501424928248,0.16147193685454433,0.018202091259208866,0.017751813778548925,0.08743460229378246,0.07300744608048616,0.001092125475552532,0.0010651088267129355,nan,1.0,0.0,0.4667065860177477,0.4600270351802246,1.4830000400543213,1.0,0,1,1,0,-2.961256980895996,-10.643074989318848,1.5691360584599443,FOLLOW_MAIN,cascade_pd_tracking,follow_main,inner_wheel_pd,lidar_disabled,FOLLOW_MAIN,COMMITTED,UNKNOWN,1,1,1,1,1,1,1,0.007400989532470703,0.022960186004638672,0.01940011978149414,0.003823995590209961,0.00013375282287597656,0.011535882949829102,0.22276707899982284,0.09186714200041024
1784809009.385165,88.29461216926575,-77.5,-0.0775,-77.5,-0.07141635212607095,-71.41635212607095,-0.07141635212607095,-71.41635212607095,-0.587,-0.47836287512497083,-0.47836287512497083,0.0883812989678125,0.4988976313531724,-0.03927899366933903,0.00106057558761375,-0.31093586883123103,0.003991181050825379,0.55,0.012,0.65,0.008,nan,0.13875680602209356,0.13875680602209356,0.13991342185288203,0.13991342185288203,0.12687499821186066,0.34,0.34,0.2548499075064467,0.2548499075064467,0.34673914313316345,0.11580680602209356,0.09630473676862254,0.11697693017730182,0.16170680602209356,0.14265501424928248,0.16284991352846223,0.01950206925347102,0.019051791772811077,0.08377891345351293,0.0712867837109671,0.001170124155208261,0.0011431075063686646,nan,1.0,0.0,0.4667065860177477,0.4625226867403119,1.4830000400543213,1.0,0,1,1,0,-2.961256980895996,-10.643074989318848,1.5965284764288974,FOLLOW_MAIN,cascade_pd_tracking,follow_main,inner_wheel_pd,lidar_disabled,FOLLOW_MAIN,COMMITTED,UNKNOWN,1,1,1,1,1,1,1,0.00011777877807617188,0.45235705375671387,0.4486045837402344,0.46777796745300293,0.444760799407959,0.44069743156433105,0.244369096999435,0.11346916000002238
1784809009.4379735,88.34742069244385,-64.3,-0.0643,-64.3,-0.050207206301203344,-50.20720630120334,-0.050207206301203344,-50.20720630120334,-0.47700000000000004,-0.3445940994915637,-0.3445940994915637,0.03734364381908753,0.22850363466458692,-0.02761396346566184,0.0004481237258290504,-0.22398616466951643,0.0018280290773166955,0.55,0.012,0.65,0.008,nan,0.1822105354030732,0.1822105354030732,0.18377665064822912,0.18377665064822912,0.1667499989271164,0.2525383981018758,0.2525383981018758,0.19136087909823044,0.19136087909823044,0.18913045525550842,0.16516419353119657,0.14199789356133294,0.1665541715293884,0.1992568772749498,0.17021933573961515,0.20099912976706988,0.023166299969863635,0.029037541535334666,-0.042522266465649605,-0.014731592850538223,0.001389977998191818,0.0017422524921200798,nan,1.0,0.0,0.24781406155467298,0.6073684513435773,1.4170000553131104,1.0,0,1,1,0,-2.9701976776123047,-10.567378044128418,1.7166569639809668,FOLLOW_MAIN,cascade_pd_tracking,follow_main,inner_wheel_pd,lidar_disabled,FOLLOW_MAIN,COMMITTED,HOLD,1,1,1,1,1,1,2,0.010628938674926758,0.007097959518432617,0.0035228729248046875,9.417533874511719e-05,0.01792001724243164,0.014244556427001953,0.1446761780007364,0.05083694200038735
1784809009.8774943,88.78694152832031,-64.3,-0.0643,-64.3,-0.050207206301203344,-50.20720630120334,-0.050207206301203344,-50.20720630120334,-0.47700000000000004,-0.3445940994915637,-0.3445940994915637,0.03734364381908753,0.22850363466458692,-0.02761396346566184,0.0004481237258290504,-0.22398616466951643,0.0018280290773166955,0.55,0.012,0.65,0.008,nan,0.1822105354030732,0.1822105354030732,0.18377665064822912,0.18377665064822912,0.1667499989271164,0.2525383981018758,0.2525383981018758,0.19136087909823044,0.19136087909823044,0.18913045525550842,0.16516419353119657,0.14199789356133294,0.1665541715293884,0.1992568772749498,0.17021933573961515,0.20099912976706988,0.023166299969863635,0.029037541535334666,-0.042522266465649605,-0.014731592850538223,0.001389977998191818,0.0017422524921200798,nan,1.0,0.0,0.24781406155467298,0.6073684513435773,1.4170000553131104,1.0,0,1,1,0,-2.9701976776123047,-10.567378044128418,1.7360748386631673,FOLLOW_MAIN,cascade_pd_tracking,follow_main,inner_wheel_pd,lidar_disabled,FOLLOW_MAIN,COMMITTED,HOLD,1,1,1,1,1,1,2,0.00011134147644042969,0.44661688804626465,0.4430420398712158,0.43961334228515625,0.4357788562774658,0.43210411071777344,0.1446761780007364,0.05083694200038735
1784809009.9309087,88.84035587310791,-44.300000000000004,-0.044300000000000006,-44.300000000000004,-0.048482788630418924,-48.48278863041892,-0.048482788630418924,-48.48278863041892,-0.322,-0.35413777181011713,-0.35413777181011713,0.018789335567780306,0.1273757628249111,-0.026665533746730412,0.00022547202681336368,-0.23018955167657615,0.0010190061025992887,0.55,0.012,0.65,0.008,nan,0.17868068604829804,0.17868068604829804,0.1789795346969614,0.1789795346969614,0.17037498950958252,0.252760706189015,0.2565672336095408,0.19574596574785968,0.19574596574785968,0.28369566798210144,0.16136239777965403,0.15500217112768505,0.16136239777965403,0.19599897431694205,0.18603735269483002,0.19659667161426878,0.0,0.009961621622112032,0.0466945760835532,0.04917602867786172,0.0,0.000597697297326722,nan,1.0,0.0,-0.2054465958965869,0.5956022868276601,1.3350000381469727,1.0,0,1,1,0,-2.994398832321167,-10.472127914428711,1.8046964601433468,FOLLOW_MAIN,cascade_pd_tracking,follow_main,inner_wheel_pd,lidar_disabled,FOLLOW_MAIN,COMMITTED,HOLD,1,1,1,1,1,1,2,0.01082301139831543,0.007222652435302734,0.0037670135498046875,0.00012826919555664062,0.018833637237548828,0.01484227180480957,0.011138202999063651,0.000506630000018049
1784809010.3382132,89.24766039848328,-44.300000000000004,-0.044300000000000006,-44.300000000000004,-0.048482788630418924,-48.48278863041892,-0.048482788630418924,-48.48278863041892,-0.322,-0.35413777181011713,-0.35413777181011713,0.018789335567780306,0.1273757628249111,-0.026665533746730412,0.00022547202681336368,-0.23018955167657615,0.0010190061025992887,0.55,0.012,0.65,0.008,nan,0.17927289362482268,0.17927289362482268,0.17958083066954095,0.1789795346969614,0.17037498950958252,0.2522818848486307,0.2522818848486307,0.19263293635556483,0.19574596574785968,0.28369566798210144,0.1622438663975401,0.15500217112768505,0.1622438663975401,0.19630192085210527,0.18603735269483002,0.19691779494154177,0.0,0.01026456815727525,0.040819236539530145,0.044878196632691374,0.0,0.000615874089436515,nan,1.0,0.0,-0.2054465958965869,0.5975763120827423,1.3350000381469727,1.0,0,1,1,0,-2.994398832321167,-10.472127914428711,1.8449815623115629,FOLLOW_MAIN,cascade_pd_tracking,follow_main,inner_wheel_pd,lidar_disabled,FOLLOW_MAIN,COMMITTED,HOLD,1,1,1,1,1,1,2,0.39526844024658203,0.3918492794036865,8.20159912109375e-05,0.40739917755126953,0.4029853343963623,0.39906764030456543,0.03130938699905528,0.020677814000009676
1784809010.3886795,89.29812669754028,-41.300000000000004,-0.0413,-41.300000000000004,-0.04446052711507141,-44.46052711507141,-0.04446052711507141,-44.46052711507141,-0.3,-0.3232333838138468,-0.3232333838138468,0.013995786607717602,0.10316713906534351,-0.024453289913289277,0.0001679494392926112,-0.21010169947900043,0.0008253371125227482,0.55,0.012,0.65,0.008,nan,0.18300989553113972,0.18300989553113972,0.18300989553113972,0.18300989553113972,0.1848749965429306,0.22660690091865116,0.22660690091865116,0.16995517568898838,0.16995517568898838,0.15760867297649384,0.16771392971913077,0.17245757354477212,0.16771392971913077,0.19830586134314868,0.19373659663174977,0.19830586134314868,0.0,0.0,0.01097071803327919,-0.008438269791996324,0.0,0.0,nan,1.0,0.0,-0.2562350386961469,0.6100329851037991,1.277999997138977,1.0,0,1,1,0,-3.0152997970581055,-10.41381549835205,1.9232811017386837,FOLLOW_MAIN,cascade_pd_tracking,follow_main,inner_wheel_pd,lidar_disabled,FOLLOW_MAIN,COMMITTED,HOLD,1,1,1,1,1,1,2,0.0001308917999267578,0.018770933151245117,0.015357255935668945,0.011806964874267578,0.008049249649047852,0.004172801971435547,0.1247991420004837,0.09521082900027977
1784809010.4412274,89.35067462921143,-41.300000000000004,-0.0413,-41.300000000000004,-0.04446052711507141,-44.46052711507141,-0.04446052711507141,-44.46052711507141,-0.3,-0.3232333838138468,-0.3232333838138468,0.013995786607717602,0.10316713906534351,-0.024453289913289277,0.0001679494392926112,-0.21010169947900043,0.0008253371125227482,0.55,0.012,0.65,0.008,nan,0.18331019751302288,0.18331019751302288,0.18331019751302288,0.18331019751302288,0.18124999105930328,0.22636915960221063,0.22636915960221063,0.1697768697016581,0.1697768697016581,0.25217393040657043,0.16803027923987365,0.16687817839653618,0.16803027923987365,0.1985901157861721,0.19681137074880206,0.1985901157861721,0.0,0.0,0.007171564462485534,-0.005516101642716061,0.0,0.0,nan,1.0,0.0,-0.2562350386961469,0.6110339917100763,6.011000156402588,1.0,0,1,1,0,-3.024578332901001,-10.390392303466797,1.9479621309968493,FOLLOW_MAIN,cascade_pd_tracking,follow_main,inner_wheel_pd,lidar_disabled,FOLLOW_MAIN,COMMITTED,HOLD,1,1,1,1,1,1,2,0.010728120803833008,0.007136106491088867,0.0035431385040283203,0.0001068115234375,0.018962621688842773,0.014972925186157227,0.1885650269996404,0.022996146999503253
1784809010.8704236,89.7798707485199,-41.300000000000004,-0.0413,-41.300000000000004,-0.04446052711507141,-44.46052711507141,-0.04446052711507141,-44.46052711507141,-0.3,-0.3232333838138468,-0.3232333838138468,0.013995786607717602,0.10316713906534351,-0.024453289913289277,0.0001679494392926112,-0.21010169947900043,0.0008253371125227482,0.55,0.012,0.65,0.008,nan,0.18331019751302288,0.18331019751302288,0.18331019751302288,0.18331019751302288,0.18124999105930328,0.22636915960221063,0.22636915960221063,0.1697768697016581,0.1697768697016581,0.25217393040657043,0.16803027923987365,0.16687817839653618,0.16803027923987365,0.1985901157861721,0.19681137074880206,0.1985901157861721,0.0,0.0,0.007171564462485534,-0.005516101642716061,0.0,0.0,nan,1.0,0.0,-0.2562350386961469,0.6110339917100763,6.011000156402588,1.0,0,1,1,0,-3.024578332901001,-10.390392303466797,1.983014423538193,FOLLOW_MAIN,cascade_pd_tracking,follow_main,inner_wheel_pd,lidar_disabled,FOLLOW_MAIN,COMMITTED,HOLD,1,1,1,1,1,1,2,7.677078247070312e-05,0.43630528450012207,0.4327118396759033,0.4292755126953125,0.4254739284515381,0.42163538932800293,0.1885650269996404,0.022996146999503253
1784809010.9210634,89.83051061630249,-4.0,-0.004,-4.0,-0.01510282900775849,-15.10282900775849,-0.01510282900775849,-15.10282900775849,-0.029,-0.13682154173856778,-0.13682154173856778,0.07941818653987978,0.5133908317994081,-0.00830655595426717,0.0009530182384785574,-0.08893400213006906,0.004107126654395265,0.55,0.012,0.65,0.008,nan,0.24193713476646764,0.23065205099261,0.23423032572070512,0.23423032572070512,0.1667499989271164,0.09896018804892806,0.09896018804892806,0.06665471909647382,0.06665471909647382,0.31521734595298767,0.22397223829930735,0.1529861932540552,0.22823140100202247,0.23733186368591264,0.18904208446132714,0.24022925043938775,0.07098604504525213,0.048289779224585494,0.2299492665429292,0.13093531602633415,0.004259162702715128,0.0028973867534751296,nan,1.0,0.0,0.147,0.8064571158882254,5.52400016784668,1.0,0,1,1,0,-3.061915159225464,-10.313632011413574,2.04738268332775,FOLLOW_MAIN,cascade_pd_tracking,follow_main,inner_wheel_pd,lidar_disabled,FOLLOW_MAIN,COMMITTED,UNKNOWN,1,1,1,1,1,1,1,0.007620096206665039,0.004035472869873047,0.02264237403869629,0.019244909286499023,0.000179290771484375,0.011555194854736328,0.10709747600049013,0.013088388001051499
1784809011.3918574,90.30130457878113,-14.8,-0.0148,-14.8,-0.01859324328358737,-18.59324328358737,-0.01859324328358737,-18.59324328358737,-0.106,-0.13381758529324392,-0.13381758529324392,-0.009650275831161653,-0.013734487328163937,-0.010226283805973055,-0.00011580330997393984,-0.08698143044060855,-0.00010987589862531149,0.55,0.012,0.65,0.008,nan,0.25676198276953477,0.25676198276953477,0.25734489663830085,0.24100090188075116,0.2537499964237213,0.08937252776721959,0.08937252776721959,0.060552575061347126,0.04443876607132277,0.31521734595298767,0.2507293371452474,0.2312988748530436,0.25189516488277963,0.2627946283938221,0.2622810214581316,0.2627946283938221,0.019430462292203826,0.0,-0.1478074934781884,-0.14782666978144404,0.0011658277375322294,0.0,nan,1.0,0.0,-0.15055455594784134,0.8558732758984493,5.071000099182129,1.0,0,1,1,0,-3.1212706565856934,-10.220132827758789,2.068313070013832,FOLLOW_MAIN,cascade_pd_tracking,follow_main,inner_wheel_pd,lidar_disabled,FOLLOW_MAIN,COMMITTED,UNKNOWN,1,1,1,1,1,1,1,0.44168543815612793,6.794929504394531e-05,0.4559166431427002,0.45243287086486816,0.4487731456756592,0.4452662467956543,0.03352862800056755,0.03087601700099185
1784809011.4423628,90.35180997848511,-14.8,-0.0148,-14.8,-0.01859324328358737,-18.59324328358737,-0.01859324328358737,-18.59324328358737,-0.106,-0.13381758529324392,-0.13381758529324392,-0.009650275831161653,-0.013734487328163937,-0.010226283805973055,-0.00011580330997393984,-0.08698143044060855,-0.00010987589862531149,0.55,0.012,0.65,0.008,nan,0.2563360540513398,0.2563360540513398,0.25690465326792106,0.2570658393306319,0.2537499964237213,0.09013143672475721,0.09013143672475721,0.06128080847044304,0.0608710971992326,0.31521734595298767,0.25025218207241867,0.2312988748530436,0.2513893805055812,0.26241992603026093,0.2622810214581316,0.26241992603026093,0.018953307219375076,0.0,-0.1009061039465396,-0.09848398216175477,0.0011371984331625046,0.0,nan,1.0,0.0,-0.15055455594784134,0.8544535135044661,5.056000232696533,1.0,0,1,1,0,-3.1212706565856934,-10.220132827758789,2.156258032741804,FOLLOW_MAIN,cascade_pd_tracking,follow_main,inner_wheel_pd,lidar_disabled,FOLLOW_MAIN,COMMITTED,UNKNOWN,1,1,1,1,1,1,1,0.0035054683685302734,0.00012040138244628906,0.014789581298828125,0.02966904640197754,0.011196136474609375,0.007318973541259766,0.09445060600046418,0.09179799500088848
1784809011.8809454,90.79039263725281,-14.8,-0.0148,-14.8,-0.01859324328358737,-18.59324328358737,-0.01859324328358737,-18.59324328358737,-0.106,-0.13381758529324392,-0.13381758529324392,-0.009650275831161653,-0.013734487328163937,-0.010226283805973055,-0.00011580330997393984,-0.08698143044060855,-0.00010987589862531149,0.55,0.012,0.65,0.008,nan,0.2563360540513398,0.2563360540513398,0.25690465326792106,0.25690465326792106,0.2537499964237213,0.09013143672475721,0.09013143672475721,0.06128080847044304,0.06128080847044304,0.31521734595298767,0.25025218207241867,0.2312988748530436,0.2513893805055812,0.26241992603026093,0.2622810214581316,0.26241992603026093,0.018953307219375076,0.0,-0.1009061039465396,-0.09848398216175477,0.0011371984331625046,0.0,nan,1.0,0.0,-0.15055455594784134,0.8544535135044661,5.056000232696533,1.0,0,1,1,0,-3.1212706565856934,-10.220132827758789,2.166219105367696,FOLLOW_MAIN,cascade_pd_tracking,follow_main,inner_wheel_pd,lidar_disabled,FOLLOW_MAIN,COMMITTED,UNKNOWN,1,1,1,1,1,1,1,0.4420585632324219,0.4386725425720215,0.43500757217407227,0.43131160736083984,0.4273850917816162,0.0001220703125,0.09445060600046418,0.09179799500088848
1784809011.933809,90.84325623512268,0.4,0.0004,0.4,-0.004285475150835416,-4.285475150835416,0.0,0.0,0.003,-0.031070297641036845,-0.031070297641036845,0.02163802648442607,0.17446144845865202,0.0,0.00025965631781311283,-0.02019569346667395,0.0013956915876692161,0.55,0.012,0.65,0.008,nan,0.297461292864519,0.297461292864519,0.2996389163771056,0.2996389163771056,0.26462501287460327,0.019414164981061337,0.019414164981061337,0.011409946488524163,0.011409946488524163,0.09456522762775421,0.29615083672829734,0.25513109564761305,0.2986120211931384,0.29877174900074066,0.26720403966187267,0.30066581156107275,0.04101974108068429,0.03156770933886799,0.03094845358791625,0.015083666313723237,0.0024611844648410575,0.0018940625603320793,nan,1.0,0.0,0.05611850999692377,0.9915376428817301,4.297999858856201,1.0,0,1,1,0,-3.206913471221924,-10.103913307189941,2.1999467965145216,FOLLOW_MAIN,cascade_pd_tracking,follow_main,inner_wheel_pd,lidar_disabled,FOLLOW_MAIN,COMMITTED,UNKNOWN,1,1,1,1,1,1,1,0.017099618911743164,0.013781070709228516,0.010547637939453125,0.007272958755493164,0.003796815872192383,9.989738464355469e-05,0.044427700999222,0.011282757999651949
1784809012.391311,91.30075812339783,0.4,0.0004,0.4,-0.004285475150835416,-4.285475150835416,0.0,0.0,0.003,-0.031070297641036845,-0.031070297641036845,0.02163802648442607,0.17446144845865202,0.0,0.00025965631781311283,-0.02019569346667395,0.0013956915876692161,0.55,0.012,0.65,0.008,nan,0.29793832367958073,0.29793832367958073,0.3,0.29219304955645564,0.26462501287460327,0.019702187149310258,0.019702187149310258,0.011638924112281993,-0.03395149804719974,0.09456522762775421,0.29660842604700227,0.25513109564761305,0.29909706587096563,0.2992682213121592,0.26720403966187267,0.3011920722111764,0.04147733039938922,0.032064181650286516,0.02978716459137679,0.016219866637842185,0.0024886398239633532,0.001923850899017191,nan,1.0,0.0,0.05611850999692377,0.9931277455986025,4.297999858856201,1.0,0,1,1,0,-3.206913471221924,-10.103913307189941,2.2024053309170717,FOLLOW_MAIN,cascade_pd_tracking,follow_main,inner_wheel_pd,lidar_disabled,FOLLOW_MAIN,COMMITTED,UNKNOWN,1,1,1,1,1,1,1,0.4392101764678955,0.43570470809936523,0.45049428939819336,0.00011396408081054688,0.44679784774780273,0.44307446479797363,0.0652412559993536,0.03209631299978355
1784809012.4422653,91.35171246528625,17.7,0.0177,17.7,0.012285077751145873,12.285077751145874,0.012285077751145873,12.285077751145874,0.127,0.0879037876308158,0.0879037876308158,0.04817704199765649,0.2292306909833352,0.006756792763130231,0.0005781245039718779,0.05713746196003027,0.0018338455278666818,0.55,0.012,0.65,0.008,nan,0.2851671903927855,0.2851671903927855,0.2851671903927855,0.2851671903927855,0.2863749861717224,-0.05792067777219431,-0.05792067777219431,-0.04344050832914558,-0.04344050832914558,0.03152165561914444,0.2890768361424086,0.2862600239592307,0.2890768361424086,0.2812575446431624,0.28837615916647846,0.2812575446431624,0.0,0.0,-0.08917719621442827,-0.04868094102274366,0.0,0.0,nan,1.0,0.0,0.21369987763744158,0.950557301309285,4.1570000648498535,1.0,0,1,1,0,-3.279810667037964,-10.010189056396484,2.234399246935937,FOLLOW_MAIN,cascade_pd_tracking,follow_main,inner_wheel_pd,lidar_disabled,FOLLOW_MAIN,COMMITTED,UNKNOWN,1,1,1,1,1,1,1,0.00010347366333007812,0.017634868621826172,0.014379739761352539,0.011100292205810547,0.007512331008911133,0.003843069076538086,0.04127664700172318,0.09530532900134858
1784809012.9002485,91.80969572067261,30.5,0.0305,30.5,0.026537256610411692,26.537256610411692,0.026537256610411692,26.537256610411692,0.219,0.1907529991995699,0.1907529991995699,0.0335805447476821,0.2222083400834996,0.014595491135726432,0.00040296653697218524,0.12398944947972043,0.0017776667206679969,0.55,0.012,0.65,0.008,nan,0.2530485639303581,0.2530485639303581,0.2517389108177452,0.2851671903927855,0.26462501287460327,-0.14087600718661134,-0.14087600718661134,-0.11321177381452105,-0.04344050832914558,0.03152172267436981,0.26255769441545435,0.2730530936554917,0.2619279704610521,0.2435394334452618,0.2766991379589866,0.2415498511744383,-0.01049539924003734,-0.0331597045137248,0.061188213601146964,0.036889316647893654,-0.0006297239544022404,-0.001989582270823488,nan,1.0,0.0,-0.021215940684599578,0.8434952131011936,4.007999897003174,1.0,0,1,1,0,-3.379561424255371,-9.884317398071289,2.2319091832846163,FOLLOW_MAIN,cascade_pd_tracking,follow_main,inner_wheel_pd,lidar_disabled,FOLLOW_MAIN,COMMITTED,UNKNOWN,1,1,1,1,1,1,1,0.44251370429992676,0.00016546249389648438,0.4544870853424072,0.4691028594970703,0.4504976272583008,0.4464902877807617,0.06806453399985912,0.006960221999179339
1784809012.9538653,91.86331248283386,30.5,0.0305,30.5,0.026537256610411692,26.537256610411692,0.026537256610411692,26.537256610411692,0.219,0.1907529991995699,0.1907529991995699,0.0335805447476821,0.2222083400834996,0.014595491135726432,0.00040296653697218524,0.12398944947972043,0.0017776667206679969,0.55,0.012,0.65,0.008,nan,0.2511931599687668,0.2511931599687668,0.24977218261845846,0.25034740225943486,0.26462501287460327,-0.14116939726991568,-0.14116939726991568,-0.11344501893074799,-0.11337926614136853,0.03152172267436981,0.2607220942844861,0.2730530936554917,0.2599822343222258,0.2416642256530475,0.2766991379589866,0.23956213091469114,-0.012330999371005569,-0.03503491230593911,0.030936321095551684,0.014487158810154676,-0.0007398599622603341,-0.0021020947383563466,nan,1.0,0.0,-0.021215940684599578,0.8373105332292227,3.98799991607666,1.0,0,1,1,0,-3.379561424255371,-9.884317398071289,2.244013124873848,FOLLOW_MAIN,cascade_pd_tracking,follow_main,inner_wheel_pd,lidar_disabled,FOLLOW_MAIN,COMMITTED,UNKNOWN,1,1,1,1,1,1,1,0.0037717819213867188,0.00013875961303710938,0.02886343002319336,0.025492191314697266,0.011175394058227539,0.0075914859771728516,0.12855192000097304,0.06744760800029326
1784809013.415239,92.32468628883362,30.5,0.0305,30.5,0.026537256610411692,26.537256610411692,0.026537256610411692,26.537256610411692,0.219,0.1907529991995699,0.1907529991995699,0.0335805447476821,0.2222083400834996,0.014595491135726432,0.00040296653697218524,0.12398944947972043,0.0017776667206679969,0.55,0.012,0.65,0.008,nan,0.2511931599687668,0.2511931599687668,0.24977218261845846,0.25063952131634215,0.26462501287460327,-0.14116939726991568,-0.14116939726991568,-0.11344501893074799,-0.11359877184100231,0.03152172267436981,0.2607220942844861,0.2730530936554917,0.2599822343222258,0.2416642256530475,0.2766991379589866,0.23956213091469114,-0.012330999371005569,-0.03503491230593911,0.030936321095551684,0.014487158810154676,-0.0007398599622603341,-0.0021020947383563466,nan,1.0,0.0,-0.021215940684599578,0.8373105332292227,3.98799991607666,1.0,0,1,1,0,-3.379561424255371,-9.884317398071289,2.2515463257032504,FOLLOW_MAIN,cascade_pd_tracking,follow_main,inner_wheel_pd,lidar_disabled,FOLLOW_MAIN,COMMITTED,UNKNOWN,1,1,1,1,1,1,1,0.4651062488555908,0.4614725112915039,0.45778894424438477,0.4542052745819092,7.534027099609375e-05,0.46892333030700684,0.12855192000097304,0.06744760800029326
1784809013.8981116,92.80755877494812,34.4,0.0344,34.4,0.03709528611294137,37.095286112941366,0.03709528611294137,37.095286112941366,0.249,0.2686379981823935,0.2686379981823935,0.0156381101799218,0.11491096633336632,0.020402407362117753,0.0001876573221590616,0.17461469881855576,0.0009192877306669306,0.55,0.012,0.65,0.008,nan,0.2037847738421786,0.2037847738421786,0.20136821045789272,0.20136821045789272,0.24287499487400055,-0.1859469874748477,-0.1859469874748477,-0.1471276698376497,-0.1471276698376497,-0.0315217524766922,0.21633619549673083,0.24511110805422476,0.2146097007432812,0.19123335218762638,0.24301055243966196,0.18812672017250426,-0.028774912557493926,-0.05177720025203558,-0.08077779462845697,-0.07401809855076666,-0.0017264947534496354,-0.0031066320151221347,nan,1.0,0.0,0.1994519528098259,0.6792825794739287,3.8949999809265137,1.0,0,1,1,0,-3.465655565261841,-9.777511596679688,2.2487090691036298,FOLLOW_MAIN,cascade_pd_tracking,follow_main,inner_wheel_pd,lidar_disabled,FOLLOW_MAIN,COMMITTED,UNKNOWN,1,1,1,1,1,1,1,6.842613220214844e-05,0.4499809741973877,0.44635748863220215,0.44286108016967773,0.43918776512145996,0.43550705909729004,0.014059406999876956,0.006286796000495087
1784809013.9516284,92.86107563972473,16.1,0.0161,16.1,0.020782436879017367,20.782436879017368,0.020782436879017367,20.782436879017368,0.116,0.14948253755396046,0.14948253755396046,-0.027705930001050066,-0.20181654700956544,0.011430340283459553,-0.0003324711600126008,0.0971636494100743,-0.0016145323760765236,0.55,0.012,0.65,0.008,nan,0.2413128784967042,0.2413128784967042,0.24286662900828118,0.24286662900828118,0.21024999022483826,-0.11776746115067191,-0.11776746115067191,-0.08823051375036195,-0.08823051375036195,-0.18913042545318604,0.24926218212437454,0.22350896343372123,0.25080737524581376,0.23336357486903384,0.20732510984045427,0.2349258827707486,0.025753218690653307,0.026038465028579566,0.08443199206883911,0.1575838431599222,0.0015451931214391984,0.001562307901714774,nan,1.0,0.0,-0.4756830776955509,0.8043762616556807,4.39900016784668,1.0,0,1,1,0,-3.5239171981811523,-9.70417594909668,2.2411445175247513,FOLLOW_MAIN,cascade_pd_tracking,follow_main,inner_wheel_pd,lidar_disabled,FOLLOW_MAIN,COMMITTED,UNKNOWN,1,1,1,1,1,1,1,5.888938903808594e-05,0.028987884521484375,0.025502920150756836,0.02202773094177246,0.00733494758605957,0.003715038299560547,0.006282128999373526,0.06437327499952517
1784809014.4162183,93.32566547393799,16.1,0.0161,16.1,0.020782436879017367,20.782436879017368,0.020782436879017367,20.782436879017368,0.116,0.14948253755396046,0.14948253755396046,-0.027705930001050066,-0.20181654700956544,0.011430340283459553,-0.0003324711600126008,0.0971636494100743,-0.0016145323760765236,0.55,0.012,0.65,0.008,nan,0.24055391267450893,0.24055391267450893,0.2420621252367542,0.2416085417504401,0.21024999022483826,-0.1192914235983033,-0.1192914235983033,-0.08944206389622895,-0.08989297493204702,-0.18913042545318604,0.2486060837673944,0.22350896343372123,0.2501119109874148,0.23250174158162346,0.20732510984045427,0.2340123394860936,0.025097120333673173,0.025176631741169186,0.06553295835208177,0.1245081186196246,0.0015058272200203903,0.0015105979044701511,nan,1.0,0.0,-0.4756830776955509,0.8018463755816965,4.39900016784668,1.0,0,1,1,0,-3.5239171981811523,-9.70417594909668,2.23597461415148,FOLLOW_MAIN,cascade_pd_tracking,follow_main,inner_wheel_pd,lidar_disabled,FOLLOW_MAIN,COMMITTED,UNKNOWN,1,1,1,1,1,1,1,0.4646596908569336,0.4611551761627197,0.4578213691711426,0.45458436012268066,0.451124906539917,9.369850158691406e-05,0.035458127998936106,0.09354927399908775
1784809014.4670937,93.37654089927673,7.300000000000001,0.007300000000000001,7.300000000000001,0.010118592451069596,10.118592451069595,0.0,0.0,0.053,0.07232621873094694,0.07232621873094694,-0.04692249066027147,-0.1561324450569815,0.0,-0.0005630698879232576,0.04701204217511551,-0.0012490595604558521,0.55,0.012,0.65,0.008,nan,0.26968248308869797,0.26968248308869797,0.27105360377590215,0.268674044414171,0.25737500190734863,-0.055909686675721784,-0.055909686675721784,-0.04214526210052299,-0.042410598262849576,-0.09456513077020645,0.2734563869393092,0.2502848798453089,0.2748466773649492,0.26590857923808675,0.2433760634252812,0.2672605301868551,0.023171507094000288,0.022532515812805548,0.004484522604667602,0.01824019226836887,0.0013902904256400171,0.0013519509487683328,nan,1.0,0.0,-0.19472273571814613,0.8989416102956599,3.750999927520752,1.0,0,1,1,0,-3.59730863571167,-9.601651191711426,2.1822608689185667,FOLLOW_MAIN,cascade_pd_tracking,follow_main,inner_wheel_pd,lidar_disabled,FOLLOW_MAIN,COMMITTED,UNKNOWN,1,1,1,1,1,1,1,0.0034928321838378906,0.00010395050048828125,0.018072128295898438,0.01465296745300293,0.010981321334838867,0.007222652435302734,0.049435775999882026,0.0508239050013799
1784809014.945281,93.85472822189331,7.300000000000001,0.007300000000000001,7.300000000000001,0.010118592451069596,10.118592451069595,0.0,0.0,0.053,0.07232621873094694,0.07232621873094694,-0.04692249066027147,-0.1561324450569815,0.0,-0.0005630698879232576,0.04701204217511551,-0.0012490595604558521,0.55,0.012,0.65,0.008,nan,0.26968248308869797,0.26968248308869797,0.27105360377590215,0.268674044414171,0.25737500190734863,-0.055909686675721784,-0.055909686675721784,-0.04214526210052299,-0.042410598262849576,-0.09456513077020645,0.2734563869393092,0.2502848798453089,0.2748466773649492,0.26590857923808675,0.2433760634252812,0.2672605301868551,0.023171507094000288,0.022532515812805548,0.004484522604667602,0.01824019226836887,0.0013902904256400171,0.0013519509487683328,nan,1.0,0.0,-0.19472273571814613,0.8989416102956599,3.750999927520752,1.0,0,1,1,0,-3.59730863571167,-9.601651191711426,2.1822608689185667,FOLLOW_MAIN,cascade_pd_tracking,follow_main,inner_wheel_pd,lidar_disabled,FOLLOW_MAIN,COMMITTED,UNKNOWN,1,1,1,1,1,1,1,0.4816610813140869,0.478271484375,6.794929504394531e-05,0.49282002449035645,0.4891479015350342,0.48538923263549805,0.049435775999882026,0.0508239050013799
1784809015.4079955,94.31744265556335,2.7,0.0027,2.7,0.0035759635794100565,3.5759635794100566,0.0,0.0,0.019,0.025635106398474192,0.025635106398474192,-0.0065083873155004,-0.09242590215860583,0.0,-7.81006477860048e-05,0.016662819159008226,-0.0007394072172688467,0.55,0.012,0.65,0.008,nan,0.29900876855466085,0.29900876855466085,0.3,0.3,0.29362499713897705,-0.021445987632723394,-0.021445987632723394,-0.012789414920302833,-0.012789414920302833,-0.09456516802310944,0.3004563727198697,0.27650142459228466,0.3018936696075248,0.297561164389452,0.26372098884914796,0.2995915749218703,0.02395494812758503,0.03384017554030405,-0.09581884068333596,-0.07488456133535346,0.0014372968876551018,0.002030410532418243,nan,1.0,0.0,-0.09491077245003447,0.9966958951822029,3.640000104904175,1.0,0,1,1,0,-3.6754255294799805,-9.48409366607666,2.1286739051838466,FOLLOW_MAIN,cascade_pd_tracking,follow_main,inner_wheel_pd,lidar_disabled,FOLLOW_MAIN,COMMITTED,HOLD,1,1,1,1,1,1,2,0.448744535446167,0.44541144371032715,0.442122220993042,0.43874645233154297,7.534027099609375e-05,0.4523038864135742,0.0745682750002743,0.0014093139998294646
1784809015.458061,94.36750817298889,0.0,0.0,0.0,0.0014620976444360777,1.4620976444360778,0.0,0.0,0.0,0.010875123083618779,0.0,-0.0007294424415792689,-0.024905571431908382,0.0,-8.753309298951227e-06,0.0,-0.00019924457145526706,0.55,0.012,0.65,0.008,nan,0.29999184070135976,0.29999184070135976,0.29923072420710184,0.2992323412261535,0.3153750002384186,0.0,0.0,0.0013714966200484907,0.001371496620048799,-0.03152172267436981,0.29999184070135976,0.314734360535731,0.2991072895112975,0.29999184070135976,0.3106198706755853,0.29935415890290623,-0.014742519834371248,-0.010628029974225517,-0.07531720530261758,-0.09123265383407109,-0.0008845511900622749,-0.000637681798453531,nan,1.0,0.0,-0.3320018060116226,0.9999728023378659,3.555999994277954,1.0,0,1,1,0,-3.754338264465332,-9.357474327087402,2.1335280636446026,FOLLOW_MAIN,cascade_pd_tracking,follow_main,inner_wheel_pd,lidar_disabled,FOLLOW_MAIN,COMMITTED,HOLD,1,1,1,1,1,1,2,0.010475635528564453,0.00699162483215332,0.003506183624267578,0.00012230873107910156,0.01748180389404297,0.014055490493774414,0.029291295000803075,0.001186425999549101
1784809015.9064531,94.81590032577515,-4.5,-0.0045,-4.5,-0.004143381423250086,-4.143381423250085,0.0,0.0,-0.032,-0.029443426019396486,-0.029443426019396486,-0.00011696202110438931,-0.08014443633447714,0.0,-1.4035442532526717e-06,-0.019138226912607716,-0.0006411554906758172,0.55,0.012,0.65,0.008,nan,0.26161633803614504,0.26161633803614504,0.2593756070240675,0.2992323412261535,0.304500013589859,0.0,0.0,0.0003990099761529296,0.001371496620048799,0.0,0.26161633803614504,0.299560369868334,0.2593396961262137,0.26161633803614504,0.2983633399398745,0.25941151792192124,-0.037944031832188974,-0.03674700190372948,-0.09408692593790569,-0.09623231910301051,-0.0022766419099313384,-0.0022048201142237686,nan,1.0,0.0,-0.7236580707393552,0.8720544601204835,3.4619998931884766,1.0,0,1,1,0,-3.820410966873169,-9.249073028564453,2.128736845847168,FOLLOW_MAIN,cascade_pd_tracking,follow_main,inner_wheel_pd,lidar_disabled,FOLLOW_MAIN,COMMITTED,HOLD,1,1,1,1,1,1,2,0.4365849494934082,9.799003601074219e-05,0.4518618583679199,0.44847774505615234,0.4446415901184082,0.44069981575012207,0.04998177600100462,0.033042110000678804
1784809015.956896,94.8663432598114,-6.800000000000001,-0.0068000000000000005,-6.800000000000001,-0.0043316079051266805,-4.33160790512668,0.0,0.0,-0.049,-0.030792808685918938,-0.030792808685918938,-8.555799295190375e-05,-0.06345419845275792,0.0,-1.026695915422845e-06,-0.02001532564584731,-0.0005076335876220634,0.55,0.012,0.65,0.008,nan,0.25854155657107714,0.25854155657107714,0.2561163386710955,0.2561163386710955,0.304500013589859,0.0,0.0,0.0003990099761529296,0.0003990099761529296,0.0,0.25854155657107714,0.299560369868334,0.25608042777324175,0.25854155657107714,0.2983633399398745,0.2561522495689493,-0.04101881329725687,-0.03982178336879738,-0.08967803108783645,-0.09131063671483862,-0.0024611287978354122,-0.002389307002127843,nan,1.0,0.0,-0.9132929869190443,0.8618051885702571,3.450000047683716,1.0,0,1,1,0,-3.820410966873169,-9.249073028564453,2.118492490168747,FOLLOW_MAIN,cascade_pd_tracking,follow_main,inner_wheel_pd,lidar_disabled,FOLLOW_MAIN,COMMITTED,HOLD,1,1,1,1,1,1,2,0.014267206192016602,0.0106201171875,0.007102251052856445,0.003635406494140625,8.273124694824219e-05,0.018385648727416992,0.015916443999230978,0.07401394199951028
1784809016.3962116,95.30565881729126,-6.800000000000001,-0.0068000000000000005,-6.800000000000001,-0.0043316079051266805,-4.33160790512668,0.0,0.0,-0.049,-0.030792808685918938,-0.030792808685918938,-8.555799295190375e-05,-0.06345419845275792,0.0,-1.026695915422845e-06,-0.02001532564584731,-0.0005076335876220634,0.55,0.012,0.65,0.008,nan,0.2567793382542248,0.2567793382542248,0.2543029870275587,0.21023317144051207,0.29725000262260437,0.0,0.0,0.0016949897569380602,0.0011258904568825809,-0.06304357200860977,0.2567793382542248,0.3005943433340664,0.25415043794943426,0.2567793382542248,0.29550937406325284,0.2544555361056831,-0.04381500507984165,-0.03873003580902806,-0.09613929066052464,-0.07327778209882199,-0.002628900304790499,-0.0023238021485416835,nan,1.0,0.0,-0.9132929869190443,0.8559311275140826,3.450000047683716,1.0,0,1,1,0,-3.8344292640686035,-9.22593879699707,2.118492490168747,FOLLOW_MAIN,cascade_pd_tracking,follow_main,inner_wheel_pd,lidar_disabled,FOLLOW_MAIN,COMMITTED,HOLD,1,1,1,1,1,1,2,0.4315452575683594,0.4279303550720215,0.4244825839996338,7.700920104980469e-05,0.4393959045410156,0.43564629554748535,0.03556603600009112,0.002655278000020189
1784809016.4473538,95.35680103302002,-9.9,-0.0099,-9.9,-0.009600425361908672,-9.600425361908673,0.0,0.0,-0.07100000000000001,-0.06887458482934337,-0.06887458482934337,-1.2647123803240982e-05,-0.06464979048109257,0.0,-1.517654856388918e-07,-0.0447684801390732,-0.0005171983238487405,0.55,0.012,0.65,0.008,nan,0.2113988862289179,0.2113988862289179,0.20779358490556032,0.20743253569023673,0.26462501287460327,0.0,0.0,0.0011258904568824267,-0.0016738855888621487,-0.03152165561914444,0.2113988862289179,0.2731760773035343,0.20769225476444092,0.2113988862289179,0.2697984059328866,0.20789491504667976,-0.06177719107461643,-0.05839951970396873,-0.04164144880942784,-0.035147414363658175,-0.0037066314644769857,-0.0035039711822381237,nan,1.0,0.0,-1.1739116499351443,0.704662954096393,3.3550000190734863,1.0,0,1,1,0,-3.880293846130371,-9.1497802734375,2.1172621997116448,FOLLOW_MAIN,cascade_pd_tracking,follow_main,inner_wheel_pd,lidar_disabled,FOLLOW_MAIN,COMMITTED,HOLD,1,1,1,1,1,1,2,0.017985105514526367,0.01455068588256836,0.011133909225463867,0.007742404937744141,0.003991127014160156,0.00017714500427246094,0.0386830719999125,0.13948503199935658
1784809016.8749497,95.78439688682556,-9.600000000000001,-0.009600000000000001,-9.600000000000001,-0.009721235820288481,-9.72123582028848,0.0,0.0,-0.069,-0.06973170805796645,-0.06973170805796645,-1.019917108847215e-05,-0.05534963525161501,0.0,-1.223900530616658e-07,-0.0453256102376782,-0.0004427970820129201,0.55,0.012,0.65,0.008,nan,0.2099369312942308,0.2099369312942308,0.20668847157712597,0.20743253569023673,0.26099997758865356,0.0,0.0,-0.001673885588862303,-0.0016738855888621487,0.0630435049533844,0.2099369312942308,0.26156709819601787,0.20683912128012358,0.2099369312942308,0.2665887549626046,0.20653782187412836,-0.05163016690178707,-0.05665182366837379,0.022981085587956154,-0.01827293353288119,-0.003097810014107224,-0.0033991094201024272,nan,1.0,0.0,-1.1512581454520496,0.6997897709807693,3.3550000190734863,1.0,0,1,1,0,-3.900646686553955,-9.115727424621582,2.112155292924995,FOLLOW_MAIN,cascade_pd_tracking,follow_main,inner_wheel_pd,lidar_disabled,FOLLOW_MAIN,COMMITTED,HOLD,1,1,1,1,1,1,2,0.40497422218322754,0.4016132354736328,6.771087646484375e-05,0.4352848529815674,0.41228699684143066,0.4086637496948242,0.024426702999335248,0.029750498999419506
1784809016.9259346,95.83538174629211,-8.8,-0.0088,-8.8,-0.009353003228971622,-9.353003228971621,0.0,0.0,-0.063,-0.0671290516255388,-0.0671290516255388,-3.97243739412395e-06,-0.013419999318249859,0.0,-4.76692487294874e-08,-0.04363388355660022,-0.00010735999454599887,0.55,0.012,0.65,0.008,nan,0.21646134504605993,0.21646134504605993,0.21646134504605993,0.2167126931885225,0.2029999941587448,0.0,0.0,0.0,0.0,0.0,0.21646134504605993,0.21145918075503983,0.21646134504605993,0.21646134504605993,0.21106167567972317,0.21646134504605993,0.0,0.0,0.07790429774048914,0.08308500981817271,0.0,0.0,nan,1.0,0.0,-1.003898594665401,0.7215378168201998,3.2769999504089355,1.0,0,1,1,0,-3.9458730220794678,-9.041720390319824,2.1212657357646116,FOLLOW_MAIN,cascade_pd_tracking,follow_main,inner_wheel_pd,lidar_disabled,FOLLOW_MAIN,COMMITTED,HOLD,1,1,1,1,1,1,2,0.01480555534362793,0.011084794998168945,0.007613182067871094,0.004052400588989258,0.00014448165893554688,0.018894195556640625,0.24413571500008402,0.08083603500017489
1784809017.397878,96.3073251247406,-8.3,-0.0083,-8.3,-0.008829402041494112,-8.829402041494111,0.0,0.0,-0.059000000000000004,-0.06321953316158964,-0.06321953316158964,-1.1697089673176003e-06,0.00544871996668289,0.0,-1.4036507607811204e-08,-0.04109269655503327,4.3589759733463124e-05,0.55,0.012,0.65,0.008,nan,0.21763114285446966,0.21763114285446966,0.21763114285446966,0.21763114285446966,0.21387501060962677,0.0,0.0,0.0,0.0,-0.0315217524766922,0.21763114285446966,0.21382064302126247,0.21763114285446966,0.21763114285446966,0.21141801785257758,0.21763114285446966,0.0,0.0,0.05440464455057463,0.05802260668206249,0.0,0.0,nan,1.0,0.0,-0.9420407162405279,0.7254371428482322,3.2769999504089355,1.0,0,1,1,0,-3.955456256866455,-9.026021003723145,2.120666819239881,FOLLOW_MAIN,cascade_pd_tracking,follow_main,inner_wheel_pd,lidar_disabled,FOLLOW_MAIN,COMMITTED,HOLD,1,1,1,1,1,1,2,0.4258699417114258,0.42228150367736816,0.44133877754211426,0.4378621578216553,9.894371032714844e-05,0.4299900531768799,0.004560481000225991,0.04667953500029398
1784809017.4509723,96.36041951179504,-7.2,-0.0072,-7.2,-0.007507377962499928,-7.507377962499928,0.0,0.0,-0.051000000000000004,-0.05381917538811123,-0.05381917538811123,-1.8759054086437878e-07,0.017419830143760886,0.0,-2.2510864903725454e-09,-0.0349824640022723,0.00013935864115008709,0.55,0.012,0.65,0.008,nan,0.2336257011689498,0.2336257011689498,0.2349332822471697,0.23555065033109812,0.21387501060962677,0.0,0.0,0.001104647552871892,0.001104647552871892,-0.0315217524766922,0.2336257011689498,0.21348965452792582,0.23483386396741124,0.2336257011689498,0.21017571186931008,0.23503270052692818,0.020136046641023975,0.023449989299639706,0.017792870000681443,0.022960779939991786,0.0012081627984614385,0.0014069993579783823,nan,1.0,0.0,-0.7967871829524726,0.7787523372298326,3.2149999141693115,1.0,0,1,1,0,-4.003901958465576,-8.946205139160156,2.113291102629722,FOLLOW_MAIN,cascade_pd_tracking,follow_main,inner_wheel_pd,lidar_disabled,FOLLOW_MAIN,COMMITTED,HOLD,1,1,1,1,1,1,2,0.0034453868865966797,0.02089667320251465,9.72747802734375e-05,0.014180183410644531,0.010747432708740234,0.007096290588378906,0.02696687000025122,0.05485166499965999
1784809017.9212759,96.83072304725647,-25.400000000000002,-0.025400000000000002,-25.400000000000002,-0.02317561777151491,-23.17561777151491,-0.02317561777151491,-23.17561777151491,-0.182,-0.16624270144359737,-0.16624270144359737,-0.04177479344666851,-0.2208552530248249,-0.012746589774333201,-0.0005012975213600222,-0.1080577559383383,-0.001766842024198599,0.55,0.012,0.65,0.008,nan,0.12422528761999044,0.12422528761999044,0.11768875239137735,0.23555065033109812,0.23199999332427979,0.076288849031556,0.076288849031556,0.06105176345478828,0.001104647552871892,0.0,0.1190757903103604,0.2337707341422604,0.1121940936804464,0.12937478492962046,0.23256434871815662,0.1231834111023083,-0.1146949438319,-0.10318956378853616,-0.2675142063041731,-0.24478667284196615,-0.006881696629914,-0.006191373827312169,nan,1.0,0.0,-2.5169963201146226,0.41408429206663483,3.130000114440918,1.0,0,1,1,0,-4.060915946960449,-8.8510160446167,2.110926998992326,FOLLOW_MAIN,cascade_pd_tracking,follow_main,inner_wheel_pd,lidar_disabled,FOLLOW_MAIN,COMMITTED,HOLD,1,1,1,1,1,1,2,0.4429643154144287,6.937980651855469e-05,0.47037243843078613,0.484454870223999,0.4508662223815918,0.4469575881958008,0.06752890600000683,0.07414607200007595
1784809017.9715579,96.88100504875183,-25.400000000000002,-0.025400000000000002,-25.400000000000002,-0.02317561777151491,-23.17561777151491,-0.02317561777151491,-23.17561777151491,-0.182,-0.16624270144359737,-0.16624270144359737,-0.04177479344666851,-0.2208552530248249,-0.012746589774333201,-0.0005012975213600222,-0.1080577559383383,-0.001766842024198599,0.55,0.012,0.65,0.008,nan,0.12,0.12,0.11346117742259682,0.11346117742259682,0.22474999725818634,0.07701378406343498,0.07701378406343498,0.06142805478905672,0.06142805478905672,0.0,0.11480156957571813,0.22928352097799193,0.10793265249158171,0.12519843042428186,0.22867723160211423,0.11898970235361192,-0.1144819514022738,-0.10347880117783237,-0.20634240110603794,-0.19154247188124462,-0.006868917084136427,-0.006208728070669942,nan,1.0,0.0,-2.5169963201146226,0.4,3.130000114440918,1.0,0,1,1,0,-4.070235729217529,-8.83537769317627,2.110926998992326,FOLLOW_MAIN,cascade_pd_tracking,follow_main,inner_wheel_pd,lidar_disabled,FOLLOW_MAIN,COMMITTED,HOLD,1,1,1,1,1,1,2,0.010808467864990234,0.007132053375244141,0.0035827159881591797,0.0001323223114013672,0.018738269805908203,0.014771223068237305,0.106356070999027,0.030410053999730735
1784809018.4287858,97.33823299407959,-25.400000000000002,-0.025400000000000002,-25.400000000000002,-0.02317561777151491,-23.17561777151491,-0.02317561777151491,-23.17561777151491,-0.182,-0.16624270144359737,-0.16624270144359737,-0.04177479344666851,-0.2208552530248249,-0.012746589774333201,-0.0005012975213600222,-0.1080577559383383,-0.001766842024198599,0.55,0.012,0.65,0.008,nan,0.12,0.12,0.11346117742259682,0.11346117742259682,0.22474999725818634,0.07701378406343498,0.07701378406343498,0.06142805478905672,0.06142805478905672,0.0,0.11480156957571813,0.22928352097799193,0.10793265249158171,0.12519843042428186,0.22867723160211423,0.11898970235361192,-0.1144819514022738,-0.10347880117783237,-0.20634240110603794,-0.19154247188124462,-0.006868917084136427,-0.006208728070669942,nan,1.0,0.0,-2.5169963201146226,0.4,3.130000114440918,1.0,0,1,1,0,-4.070235729217529,-8.83537769317627,2.1082471475363813,FOLLOW_MAIN,cascade_pd_tracking,follow_main,inner_wheel_pd,lidar_disabled,FOLLOW_MAIN,COMMITTED,HOLD,1,1,1,1,1,1,2,6.771087646484375e-05,0.4643135070800781,0.46076369285583496,0.45731306076049805,0.4534173011779785,0.44952940940856934,0.106356070999027,0.030410053999730735
1784809018.4797473,97.38919448852539,-29.6,-0.0296,-29.6,-0.04365272514904049,-43.65272514904049,-0.04365272514904049,-43.65272514904049,-0.20800000000000002,-0.29863226834829304,-0.29863226834829304,-0.030640099110553126,-0.21321733586831043,-0.024008998831972272,-0.0003676811893266375,-0.19411097442639047,-0.0017057386869464835,0.55,0.012,0.65,0.008,nan,0.12,0.12,0.1194400014294281,0.1194400014294281,0.10875000059604645,0.16680525965400742,0.16680525965400742,0.1313261510801933,0.1313261510801933,0.06304347515106201,0.10874064497335449,0.12740726399241795,0.10762064783221069,0.13125935502664549,0.1354822681793815,0.13125935502664549,-0.018666619019063455,0.0,0.15604930534546707,0.15987526904000143,-0.0011199971411438073,0.0,nan,1.0,0.0,-2.7199999999999998,0.4,3.0429999828338623,1.0,0,1,1,0,-4.103182792663574,-8.77963638305664,2.1008399041684727,FOLLOW_MAIN,cascade_pd_tracking,follow_main,inner_wheel_pd,lidar_disabled,FOLLOW_MAIN,COMMITTED,UNKNOWN,1,1,1,1,1,1,1,0.010786056518554688,0.0072629451751708984,0.022769689559936523,0.0037543773651123047,9.989738464355469e-05,0.014944314956665039,0.12653553400014061,0.11612586699993699
1784809019.0004785,97.90992569923401,-29.6,-0.0296,-29.6,-0.04365272514904049,-43.65272514904049,-0.04365272514904049,-43.65272514904049,-0.20800000000000002,-0.29863226834829304,-0.29863226834829304,-0.030640099110553126,-0.21321733586831043,-0.024008998831972272,-0.0003676811893266375,-0.19411097442639047,-0.0017057386869464835,0.55,0.012,0.65,0.008,nan,0.12,0.12,0.1194400014294281,0.1194400014294281,0.10875000059604645,0.16680525965400742,0.16680525965400742,0.1313261510801933,0.1313261510801933,0.06304347515106201,0.10874064497335449,0.12740726399241795,0.10762064783221069,0.13125935502664549,0.1354822681793815,0.13125935502664549,-0.018666619019063455,0.0,0.15604930534546707,0.15987526904000143,-0.0011199971411438073,0.0,nan,1.0,0.0,-2.7199999999999998,0.4,3.0429999828338623,1.0,0,1,1,0,-4.103182792663574,-8.77963638305664,2.1008399041684727,FOLLOW_MAIN,cascade_pd_tracking,follow_main,inner_wheel_pd,lidar_disabled,FOLLOW_MAIN,COMMITTED,UNKNOWN,1,1,1,1,1,1,1,0.5315077304840088,0.527984619140625,0.5434908866882324,0.5244760513305664,0.5208215713500977,9.059906005859375e-05,0.12653553400014061,0.11612586699993699
1784809019.4720166,98.38146376609802,-29.6,-0.0296,-29.6,-0.04365272514904049,-43.65272514904049,-0.04365272514904049,-43.65272514904049,-0.20800000000000002,-0.29863226834829304,-0.29863226834829304,-0.030640099110553126,-0.21321733586831043,-0.024008998831972272,-0.0003676811893266375,-0.19411097442639047,-0.0017057386869464835,0.55,0.012,0.65,0.008,nan,0.12,0.12,0.1194400014294281,0.1194400014294281,0.10875000059604645,0.16680525965400742,0.16680525965400742,0.1313261510801933,0.1313261510801933,0.06304347515106201,0.10874064497335449,0.12740726399241795,0.10762064783221069,0.13125935502664549,0.1354822681793815,0.13125935502664549,-0.018666619019063455,0.0,0.15604930534546707,0.15987526904000143,-0.0011199971411438073,0.0,nan,1.0,0.0,-2.7199999999999998,0.4,3.0429999828338623,1.0,0,1,1,0,-4.103182792663574,-8.77963638305664,2.1008399041684727,FOLLOW_MAIN,cascade_pd_tracking,follow_main,inner_wheel_pd,lidar_disabled,FOLLOW_MAIN,COMMITTED,UNKNOWN,1,1,1,1,1,1,1,6.580352783203125e-05,0.9995136260986328,1.0150198936462402,0.996004581451416,0.9923501014709473,0.4716191291809082,0.12653553400014061,0.11612586699993699
1784809019.9385185,98.84796571731567,2.4000000000000004,0.0024000000000000002,2.4000000000000004,0.0007725336467303789,0.7725336467303789,0.0,0.0,0.017,0.005474003919470008,0.0,0.004894958498866657,0.07120151692283525,0.0,5.8739501986399884e-05,0.0,0.000569612135382682,0.55,0.012,0.65,0.008,nan,0.1973917459704287,0.1973917459704287,0.20034522742036637,0.20034522742036637,0.16312500834465027,-0.04642874632364787,-0.04642874632364787,-0.037750588491535564,-0.037750588491535564,0.03152172267436981,0.2005256863472749,0.14690745239178019,0.20374278038460458,0.19425780559358247,0.14942665788448736,0.19694767445612818,0.053618233955494726,0.044831147709095104,-0.015134111495815393,-0.02750821496061298,0.0032170940373296834,0.002689868862545706,nan,1.0,0.0,-1.406,0.6579724865680957,2.928999900817871,1.0,0,1,1,0,-4.172408580780029,-8.669700622558594,2.1337178697563894,FOLLOW_MAIN,cascade_pd_tracking,follow_main,inner_wheel_pd,lidar_disabled,FOLLOW_MAIN,COMMITTED,HOLD,1,1,1,1,1,1,2,0.44507408142089844,0.44129467010498047,0.4597921371459961,0.45642948150634766,0.43770432472229004,0.00010943412780761719,0.007815795999704278,0.0411103690003074
1784809019.9908934,98.90034055709839,5.1000000000000005,0.0051,5.1000000000000005,0.0040910723488741165,4.091072348874117,0.0,0.0,0.036000000000000004,0.028682724839521414,0.028682724839521414,0.0008420793972565274,0.09954142585451502,0.0,1.0104952767078329e-05,0.01864377114568892,0.0007963314068361202,0.55,0.012,0.65,0.008,nan,0.1962017109884005,0.1962017109884005,0.19672585716181507,0.19480170499147148,0.18850000202655792,-0.06834868378011558,-0.05834650869325756,-0.04958372789121608,-0.05484720862855286,0.06304344534873962,0.20014010032519539,0.18266856121137648,0.2011883926720245,0.19226332165160562,0.18819625704799314,0.19226332165160562,0.017471539113818907,0.0,-0.06347579668882009,-0.09550632021681452,0.0010482923468291344,0.0,nan,1.0,0.0,-1.7419999999999998,0.6540057032946683,2.869999885559082,1.0,0,1,1,0,-4.207106590270996,-8.615758895874023,2.144276897366054,FOLLOW_MAIN,cascade_pd_tracking,follow_main,inner_wheel_pd,lidar_disabled,FOLLOW_MAIN,COMMITTED,UNKNOWN,1,1,1,1,1,1,1,0.00401759147644043,0.04491782188415527,0.04166054725646973,0.03835344314575195,0.0001513957977294922,0.008038759231567383,0.008726666999791632,0.11425577599948156
1784809020.5115237,99.42097091674805,5.1000000000000005,0.0051,5.1000000000000005,0.0040910723488741165,4.091072348874117,0.0,0.0,0.036000000000000004,0.028682724839521414,0.028682724839521414,0.0008420793972565274,0.09954142585451502,0.0,1.0104952767078329e-05,0.01864377114568892,0.0007963314068361202,0.55,0.012,0.65,0.008,nan,0.1962017109884005,0.1962017109884005,0.19672585716181507,0.19480170499147148,0.18850000202655792,-0.06834868378011558,-0.05834650869325756,-0.04958372789121608,-0.05484720862855286,0.06304344534873962,0.20014010032519539,0.18266856121137648,0.2011883926720245,0.19226332165160562,0.18819625704799314,0.19226332165160562,0.017471539113818907,0.0,-0.06347579668882009,-0.09550632021681452,0.0010482923468291344,0.0,nan,1.0,0.0,-1.7419999999999998,0.6540057032946683,2.869999885559082,1.0,0,1,1,0,-4.207106590270996,-8.615758895874023,2.1500771957989437,FOLLOW_MAIN,cascade_pd_tracking,follow_main,inner_wheel_pd,lidar_disabled,FOLLOW_MAIN,COMMITTED,UNKNOWN,1,1,1,1,1,1,1,8.916854858398438e-05,0.5655155181884766,0.5622580051422119,0.558950662612915,0.5088784694671631,0.5165984630584717,0.008726666999791632,0.11425577599948156
1784809020.9434407,99.85288786888123,11.100000000000001,0.011100000000000002,11.100000000000001,0.010356306731393325,10.356306731393325,0.0,0.0,0.079,0.07377707290073368,0.07377707290073368,2.235874105642774e-05,0.04803838328727931,0.0,2.683048926771329e-07,0.047955097385476896,0.0003843070662982345,0.55,0.012,0.65,0.008,nan,0.12,0.12,0.11967879914744661,0.19480170499147148,0.11237499862909317,-0.10548992290180216,-0.10548992290180216,-0.08268634053805572,-0.05484720862855286,-0.031521737575531006,0.12712056979587164,0.1261745216090044,0.12712056979587164,0.11287943020412836,0.1235861252892409,0.1122370284990216,0.0,-0.010706695085112544,0.14558569732235316,0.1693419780605655,0.0,-0.0006424017051067526,nan,1.0,0.0,-3.3859999999999997,0.4,2.73799991607666,1.0,0,1,1,0,-4.313776016235352,-8.453205108642578,2.1500771957989437,FOLLOW_MAIN,cascade_pd_tracking,follow_main,inner_wheel_pd,lidar_disabled,FOLLOW_MAIN,COMMITTED,UNKNOWN,1,1,1,1,1,1,1,0.4320042133331299,0.00011491775512695312,0.9941730499267578,0.9908652305603027,0.9407930374145508,0.9485127925872803,0.15668597900003078,0.015902204000667552
1784809020.993779,99.90322613716125,11.0,0.011,11.0,0.010920870387573764,10.920870387573764,0.0,0.0,0.079,0.07835794233487943,0.07835794233487943,9.335531367996458e-06,0.032786798933396866,0.0,1.120263764159575e-07,0.05093266251767163,0.0002622943914671749,0.55,0.012,0.65,0.008,nan,0.12,0.12,0.11967267538346671,0.11967267538346671,0.11237499862909317,-0.10851400387953983,-0.10851400387953983,-0.08502244309335809,-0.08502244309335809,-0.031521737575531006,0.12732469526186893,0.1261745216090044,0.12732469526186893,0.11267530473813106,0.1235861252892409,0.11202065550506447,0.0,-0.01091082055110984,0.09995105187756555,0.11496793740178302,0.0,-0.0006546492330665903,nan,1.0,0.0,-3.4589999999999996,0.4,2.7219998836517334,1.0,0,1,1,0,-4.313776016235352,-8.453205108642578,2.1556571571886893,FOLLOW_MAIN,cascade_pd_tracking,follow_main,inner_wheel_pd,lidar_disabled,FOLLOW_MAIN,COMMITTED,UNKNOWN,1,1,1,1,1,1,1,0.018151283264160156,0.014507770538330078,0.010981559753417969,0.007473468780517578,0.003787994384765625,8.940696716308594e-05,0.0034851110012823483,0.07231485100055579
1784809021.4855227,100.39496994018555,11.0,0.011,11.0,0.010920870387573764,10.920870387573764,0.0,0.0,0.079,0.07835794233487943,0.07835794233487943,9.335531367996458e-06,0.032786798933396866,0.0,1.120263764159575e-07,0.05093266251767163,0.0002622943914671749,0.55,0.012,0.65,0.008,nan,0.12,0.12,0.12,0.12,0.10875000059604645,-0.10855683911063918,-0.10855683911063918,-0.0814176293329793,-0.09080608500512892,-0.06304346024990082,0.12732758663996813,0.11999002983834607,0.12732758663996813,0.11267241336003185,0.1146203115658715,0.11267241336003185,0.0,0.0,0.08756666114207437,0.16885603432924728,0.0,0.0,nan,1.0,0.0,-3.4589999999999996,0.4,2.7219998836517334,1.0,0,1,1,0,-4.318480014801025,-8.446016311645508,2.1528514029367094,FOLLOW_MAIN,cascade_pd_tracking,follow_main,inner_wheel_pd,lidar_disabled,FOLLOW_MAIN,COMMITTED,UNKNOWN,1,1,1,1,1,1,1,0.47745847702026367,0.47415947914123535,0.47072911262512207,0.00010132789611816406,0.4845550060272217,0.4809863567352295,0.023327147000600235,0.016057073000411037
1784809021.9757802,100.88522744178772,12.700000000000001,0.012700000000000001,12.700000000000001,0.012295648724469824,12.295648724469824,0.012295648724469824,12.295648724469824,0.091,0.08794772487298202,0.08794772487298202,0.042880535672190905,0.02878142124090244,0.0067626067984584036,0.0005145664280662909,0.05716602116743832,0.0002302513699272195,0.55,0.012,0.65,0.008,nan,0.12,0.12,0.12,0.12,0.11962500214576721,-0.12226976586494301,-0.12226976586494301,-0.09170232439870726,-0.09344015463368968,-0.0315217524766922,0.12825320919588365,0.12141070952039536,0.12825320919588365,0.11174679080411634,0.11841242035693862,0.11174679080411634,0.0,0.0,-0.017626971698431276,0.006006042409178294,0.0,0.0,nan,1.0,0.0,-3.967,0.4,2.690000057220459,1.0,0,1,1,0,-4.3474249839782715,-8.40081787109375,2.140653057223241,FOLLOW_MAIN,cascade_pd_tracking,follow_main,inner_wheel_pd,lidar_disabled,FOLLOW_MAIN,COMMITTED,UNKNOWN,1,1,1,1,1,1,1,0.46102070808410645,0.45746827125549316,0.4723246097564697,7.82012939453125e-05,0.4687628746032715,0.4649355411529541,0.03598685100041621,0.06212135100031446
1784809022.4993026,101.40874981880188,11.600000000000001,0.011600000000000001,11.600000000000001,0.01208777377075356,12.087773770753559,0.01208777377075356,12.087773770753559,0.083,0.086411528959279,0.086411528959279,-0.0012529207065402532,-0.013081583956076689,0.006648275573914458,-1.5035048478483039e-05,0.05616749382353135,-0.00010465267164861352,0.55,0.012,0.65,0.008,nan,0.12,0.12,0.12,0.12,0.11600000411272049,-0.11241152632182436,-0.11241152632182436,-0.08430864474136823,-0.09344015463368968,-0.0630434900522232,0.12758777802672314,0.12149985790679982,0.12758777802672314,0.11241222197327685,0.11395616193043548,0.11241222197327685,0.0,0.0,0.0001599487077793197,0.011785420828808114,0.0,0.0,nan,1.0,0.0,-2.351,0.4,2.615999937057495,1.0,0,1,1,0,-4.409467697143555,-8.297128677368164,2.1252063850759395,FOLLOW_MAIN,cascade_pd_tracking,follow_main,inner_wheel_pd,lidar_disabled,FOLLOW_MAIN,COMMITTED,UNKNOWN,1,1,1,1,1,1,1,0.47988271713256836,8.0108642578125e-05,0.9958462715148926,0.5236001014709473,0.4872562885284424,0.483656644821167,0.05271711099885579,0.07218388899855199
1784809022.9635773,101.87302446365356,11.600000000000001,0.011600000000000001,11.600000000000001,0.01208777377075356,12.087773770753559,0.01208777377075356,12.087773770753559,0.083,0.086411528959279,0.086411528959279,-0.0012529207065402532,-0.013081583956076689,0.006648275573914458,-1.5035048478483039e-05,0.05616749382353135,-0.00010465267164861352,0.55,0.012,0.65,0.008,nan,0.12,0.12,0.12,0.12,0.11600000411272049,-0.11241152632182436,-0.11241152632182436,-0.08430864474136823,-0.08430864474136823,-0.0630434900522232,0.12758777802672314,0.12149985790679982,0.12758777802672314,0.11241222197327685,0.11395616193043548,0.11241222197327685,0.0,0.0,0.0001599487077793197,0.011785420828808114,0.0,0.0,nan,1.0,0.0,-2.351,0.4,2.615999937057495,1.0,0,1,1,0,-4.409467697143555,-8.297128677368164,2.07533781642361,FOLLOW_MAIN,cascade_pd_tracking,follow_main,inner_wheel_pd,lidar_disabled,FOLLOW_MAIN,COMMITTED,UNKNOWN,1,1,1,1,1,1,1,0.44638848304748535,0.46436190605163574,0.44293880462646484,0.4574723243713379,8.463859558105469e-05,0.4504058361053467,0.05271711099885579,0.07218388899855199
1784809023.015474,101.92492127418518,10.100000000000001,0.010100000000000001,10.100000000000001,0.010883131819635228,10.883131819635228,0.0,0.0,0.07200000000000001,0.07734902676220598,0.07734902676220598,-0.010995572279713747,-0.021070046361170196,0.0,-0.00013194686735656496,0.05027686739543389,-0.00016856037088936157,0.55,0.012,0.65,0.008,nan,0.16766184824357286,0.16766184824357286,0.1698702032446571,0.1698702032446571,0.1341250091791153,-0.09118081338708725,-0.09118081338708725,-0.06925516100119772,-0.06925516100119772,-0.03152172267436981,0.17381655314720124,0.1357063100211401,0.1761031677347649,0.16150714333994448,0.12600555309653072,0.1636372387545493,0.03811024312606115,0.03550159024341376,0.09428164507642045,0.07689050619662326,0.002286614587563669,0.0021300954146048256,nan,1.0,0.0,-1.416,0.5588728274785763,2.5829999446868896,1.0,0,1,1,0,-4.440733909606934,-8.238991737365723,2.0401919744378243,FOLLOW_MAIN,cascade_pd_tracking,follow_main,inner_wheel_pd,lidar_disabled,FOLLOW_MAIN,COMMITTED,UNKNOWN,1,1,1,1,1,1,1,0.007616281509399414,0.020015478134155273,0.004051685333251953,0.03455400466918945,0.0001742839813232422,0.011605262756347656,0.1331018689998018,0.042621091999535565
1784809023.5580375,102.46748471260071,10.100000000000001,0.010100000000000001,10.100000000000001,0.010883131819635228,10.883131819635228,0.0,0.0,0.07200000000000001,0.07734902676220598,0.07734902676220598,-0.010995572279713747,-0.021070046361170196,0.0,-0.00013194686735656496,0.05027686739543389,-0.00016856037088936157,0.55,0.012,0.65,0.008,nan,0.16766184824357286,0.16766184824357286,0.1698702032446571,0.24686967635432355,0.1341250091791153,-0.09118081338708725,-0.09118081338708725,-0.06925516100119772,-0.023531742062249547,-0.03152172267436981,0.17381655314720124,0.1357063100211401,0.1761031677347649,0.16150714333994448,0.12600555309653072,0.1636372387545493,0.03811024312606115,0.03550159024341376,0.09428164507642045,0.07689050619662326,0.002286614587563669,0.0021300954146048256,nan,1.0,0.0,-1.416,0.5588728274785763,2.5829999446868896,1.0,0,1,1,0,-4.440733909606934,-8.238991737365723,2.0401919744378243,FOLLOW_MAIN,cascade_pd_tracking,follow_main,inner_wheel_pd,lidar_disabled,FOLLOW_MAIN,COMMITTED,UNKNOWN,1,1,1,1,1,1,1,0.5346570014953613,0.56260085105896,0.5466372966766357,0.000179290771484375,0.5427603721618652,0.5386025905609131,0.1331018689998018,0.042621091999535565
1784809023.9803748,102.88982200622559,10.100000000000001,0.010100000000000001,10.100000000000001,0.010883131819635228,10.883131819635228,0.0,0.0,0.07200000000000001,0.07734902676220598,0.07734902676220598,-0.010995572279713747,-0.021070046361170196,0.0,-0.00013194686735656496,0.05027686739543389,-0.00016856037088936157,0.55,0.012,0.65,0.008,nan,0.16766184824357286,0.16766184824357286,0.1698702032446571,0.24686967635432355,0.1341250091791153,-0.09118081338708725,-0.09118081338708725,-0.06925516100119772,-0.023531742062249547,-0.03152172267436981,0.17381655314720124,0.1357063100211401,0.1761031677347649,0.16150714333994448,0.12600555309653072,0.1636372387545493,0.03811024312606115,0.03550159024341376,0.09428164507642045,0.07689050619662326,0.002286614587563669,0.0021300954146048256,nan,1.0,0.0,-1.416,0.5588728274785763,2.5829999446868896,1.0,0,1,1,0,-4.440733909606934,-8.238991737365723,1.9999087942366478,FOLLOW_MAIN,cascade_pd_tracking,follow_main,inner_wheel_pd,lidar_disabled,FOLLOW_MAIN,COMMITTED,UNKNOWN,1,1,1,1,1,1,1,0.9569342136383057,0.9848766326904297,0.9689123630523682,0.4224538803100586,8.487701416015625e-05,0.9608750343322754,0.1331018689998018,0.042621091999535565
1784809024.0308955,102.94034266471863,3.0,0.003,3.0,0.003727743909011361,3.727743909011361,0.0,0.0,0.021,0.025966614750547456,0.025966614750547456,-0.00013375631291914265,-0.04050356445750532,0.0,-1.6050757550297117e-06,0.016878299587855847,-0.0003240285156600425,0.55,0.012,0.65,0.008,nan,0.2995867208699149,0.2995867208699149,0.3,0.3,0.250124990940094,0.0,0.0,0.004066765607340588,0.002799886969625458,-0.15760867297649384,0.2995867208699149,0.2411115273344849,0.3030952324820407,0.2995867208699149,0.22891123051246368,0.303827250291362,0.05847519353542999,0.07067549035745121,-0.046349295512270336,-0.00935621103797075,0.003508511612125799,0.004240529421447072,nan,1.0,0.0,0.11499999999999999,0.9986224028997164,2.5220000743865967,1.0,0,1,1,0,-4.521458625793457,-8.068354606628418,1.9944872233871092,FOLLOW_MAIN,cascade_pd_tracking,follow_main,inner_wheel_pd,lidar_disabled,FOLLOW_MAIN,COMMITTED,UNKNOWN,1,1,1,1,1,1,1,6.318092346191406e-05,0.018194913864135742,0.014579057693481445,0.011076688766479492,0.007414579391479492,0.0037450790405273438,0.09706999999980326,0.0625621669987595
1784809024.5392487,103.44869589805603,2.4000000000000004,0.0024000000000000002,2.4000000000000004,0.0032625050507941846,3.2625050507941844,0.0,0.0,0.017,0.022791511328674345,0.0,-8.745753662789384e-05,-0.11463046738189384,0.0,-1.0494904395347262e-06,0.0,-0.0009170437390551507,0.55,0.012,0.65,0.008,nan,0.2997195507295943,0.2997195507295943,0.3,0.3,0.2718750238418579,0.0,0.0,0.002799886969625458,0.002799886969625458,-0.03152172267436981,0.2997195507295943,0.2568459087464484,0.30229196924858304,0.2997195507295943,0.2484462478375721,0.3027959489031156,0.04287364198314586,0.05127330289202217,-0.1213038706059868,-0.1135798347128173,0.0025724185189887516,0.0030763981735213303,nan,1.0,0.0,0.16199999999999998,0.9990651690986476,2.5220000743865967,1.0,0,1,1,0,-4.530309677124023,-8.047893524169922,1.9790729511880516,FOLLOW_MAIN,cascade_pd_tracking,follow_main,inner_wheel_pd,lidar_disabled,FOLLOW_MAIN,COMMITTED,UNKNOWN,1,1,1,1,1,1,1,0.49105072021484375,0.487473726272583,0.5016536712646484,0.48398733139038086,0.48021745681762695,0.00010466575622558594,0.03387514799942437,0.023238110999955097
1784809024.9691052,103.87855243682861,-1.6,-0.0016,-1.6,-0.0006707468142616891,-0.670746814261689,0.0,0.0,-0.011,-0.005001902247691863,0.0,-1.2409433360038966e-05,-0.016265026444296605,0.0,-1.489132003204676e-07,0.0,-0.00013012021155437285,0.55,0.012,0.65,0.008,nan,0.24999323013742486,0.24999323013742486,0.24688747544108816,0.24688747544108816,0.31174999475479126,0.045837583415336815,0.045837583415336815,0.039510713098235714,0.039510713098235714,-0.0630435049533844,0.24689919325688964,0.306360559834268,0.24333151126224695,0.2530872670179601,0.2971510569851389,0.2504434396199294,-0.05946136657737838,-0.0440637899671788,-0.27491655447470487,-0.26124303143858124,-0.003567681994642703,-0.002643827398030728,nan,1.0,0.0,1.487,0.8333107671247496,2.4809999465942383,1.0,0,1,1,0,-4.583858489990234,-7.9178571701049805,1.9627765287036343,FOLLOW_MAIN,cascade_pd_tracking,follow_main,inner_wheel_pd,lidar_disabled,FOLLOW_MAIN,COMMITTED,UNKNOWN,1,1,1,1,1,1,1,6.604194641113281e-05,0.4226260185241699,0.41924595832824707,0.4158756732940674,0.4123194217681885,0.4086437225341797,0.06372524100152077,0.043475092001244775
1784809025.0191166,103.9285638332367,0.4,0.0004,0.4,-0.0007109897116411699,-0.7109897116411699,0.0,0.0,0.003,-0.004833292938139969,0.0,-1.418206513810405e-06,-0.001858841236448487,0.0,-1.701847816572486e-08,0.0,-1.4870729891587898e-05,0.55,0.012,0.65,0.008,nan,0.1758443159002919,0.1758443159002919,0.17083562266794688,0.1698866139248337,0.250124990940094,0.05384655686377273,0.05384655686377273,0.043442670820147904,0.04354793529731146,0.0315217524766922,0.17220967331198725,0.2602745236095483,0.16692578229413357,0.17947895848859655,0.2583705492692022,0.1747454630417602,-0.08806485029756103,-0.07889159078060567,-0.003610364265620464,-0.03119064277016738,-0.005283891017853662,-0.00473349544683634,nan,1.0,0.0,2.028,0.5861477196676397,2.4149999618530273,1.0,0,1,1,0,-4.628242015838623,-7.800163269042969,1.9318851906950514,FOLLOW_MAIN,cascade_pd_tracking,follow_main,inner_wheel_pd,lidar_disabled,FOLLOW_MAIN,COMMITTED,UNKNOWN,1,1,1,1,1,1,1,0.010248661041259766,0.006805896759033203,0.003443002700805664,7.557868957519531e-05,0.018195390701293945,0.014352798461914062,0.0073640930004330585,0.03923992599993653
1784809025.5380628,104.44751000404358,0.4,0.0004,0.4,-0.0007109897116411699,-0.7109897116411699,0.0,0.0,0.003,-0.004833292938139969,0.0,-1.418206513810405e-06,-0.001858841236448487,0.0,-1.701847816572486e-08,0.0,-1.4870729891587898e-05,0.55,0.012,0.65,0.008,nan,0.17389746777967108,0.17389746777967108,0.16877196366008884,0.16877196366008884,0.250124990940094,0.05407726576251998,0.05407726576251998,0.04362608439465192,0.04362608439465192,0.0315217524766922,0.17024725234070098,0.2602745236095483,0.16484561606457016,0.17754768321864117,0.2583705492692022,0.1726983112556075,-0.0900272712688473,-0.08082286605056105,-0.014459083940506412,-0.03597432478216929,-0.005401636276130837,-0.004849371963033663,nan,1.0,0.0,2.028,0.5796582259322369,2.4000000953674316,1.0,0,1,1,0,-4.628242015838623,-7.800163269042969,1.9227441325782273,FOLLOW_MAIN,cascade_pd_tracking,follow_main,inner_wheel_pd,lidar_disabled,FOLLOW_MAIN,COMMITTED,UNKNOWN,1,1,1,1,1,1,1,8.130073547363281e-05,0.4903590679168701,0.48681044578552246,0.48337721824645996,0.47981953620910645,0.47601842880249023,0.043352093000066816,0.07522792599957029
1784809025.9784071,104.88785433769226,11.4,0.0114,11.4,0.007754402803912182,7.754402803912182,0.0,0.0,0.081,0.05528558448029515,0.05528558448029515,-1.9139701351647948e-07,0.14622573263723515,0.0,-2.2967641621977537e-09,0.03593562991219185,0.0011698058610978813,0.55,0.012,0.65,0.008,nan,0.15242332532366323,0.15242332532366323,0.15242332532366323,0.15221320648101572,0.14499999582767487,0.0,0.0,0.0,0.0,0.0,0.15242332532366323,0.15602936275090862,0.15242332532366323,0.15242332532366323,0.1560095678563178,0.15242332532366323,0.0,0.0,0.12659254951942728,0.09906690939707319,0.0,0.0,nan,1.0,0.0,1.966,0.5080777510788774,2.3450000286102295,1.0,0,1,1,0,-4.6591925621032715,-7.715227127075195,1.9203170361474424,FOLLOW_MAIN,cascade_pd_tracking,follow_main,inner_wheel_pd,lidar_disabled,FOLLOW_MAIN,COMMITTED,UNKNOWN,1,1,1,1,1,1,1,0.4197990894317627,0.4162161350250244,8.7738037109375e-05,0.43039989471435547,0.42690610885620117,0.4234282970428467,0.08246794499973475,0.09373775899985048
1784809026.0305893,104.94003653526306,16.400000000000002,0.0164,16.400000000000002,0.014398411720738974,14.398411720738974,0.014398411720738974,14.398411720738974,0.116,0.10212425329372746,0.10212425329372746,0.03298274485904238,0.1195647136732428,0.007919126446406436,0.0003957929383085086,0.06638076464092285,0.0009565177093859424,0.55,0.012,0.65,0.008,nan,0.16618787928251094,0.16618787928251094,0.16644538697116978,0.16644538697116978,0.16312500834465027,-0.03692946783265603,-0.03692946783265603,-0.03055829741514573,-0.03055829741514573,-0.03152172267436981,0.16868061836121523,0.1600970287392542,0.16919563373853289,0.16369514020380665,0.1565501729578322,0.16369514020380665,0.00858358962196104,0.0,0.038861004608395776,0.00022301021287224294,0.0005150153773176624,0.0,nan,1.0,0.0,1.374,0.5539595976083699,2.312999963760376,1.0,0,1,1,0,-4.684182643890381,-7.6460747718811035,1.9171032219817143,FOLLOW_MAIN,cascade_pd_tracking,follow_main,inner_wheel_pd,lidar_disabled,FOLLOW_MAIN,COMMITTED,UNKNOWN,1,1,1,1,1,1,1,0.00012421607971191406,0.015518426895141602,0.03101658821105957,0.011831283569335938,0.007915735244750977,0.004074811935424805,0.13506435199997213,0.05326627800059214
1784809026.5035894,105.41303658485413,16.400000000000002,0.0164,16.400000000000002,0.014398411720738974,14.398411720738974,0.014398411720738974,14.398411720738974,0.116,0.10212425329372746,0.10212425329372746,0.03298274485904238,0.1195647136732428,0.007919126446406436,0.0003957929383085086,0.06638076464092285,0.0009565177093859424,0.55,0.012,0.65,0.008,nan,0.16871982870011137,0.16871982870011137,0.16983931158779236,0.16901762263480194,0.14137500524520874,-0.0372134252349973,-0.0372134252349973,-0.028287252715974986,-0.028234462956756086,-0.03152172267436981,0.17123173490347368,0.15200791109086648,0.1723851643322301,0.16620792249674907,0.14811565005332306,0.16729345884335461,0.019223823812607205,0.01809227244342601,0.08493398303269008,0.09554014263276601,0.0011534294287564321,0.0010855363466055607,nan,1.0,0.0,1.374,0.5623994290003713,2.309000015258789,1.0,0,1,1,0,-4.688252925872803,-7.634617805480957,1.9121544510931727,FOLLOW_MAIN,cascade_pd_tracking,follow_main,inner_wheel_pd,lidar_disabled,FOLLOW_MAIN,COMMITTED,UNKNOWN,1,1,1,1,1,1,1,9.036064147949219e-05,0.44716668128967285,0.4660227298736572,0.4626471996307373,0.44337892532348633,0.43930482864379883,0.19505479600047693,0.03305074000127206
1784809026.5569468,105.46639394760132,29.200000000000003,0.029200000000000004,29.200000000000003,0.024272793412966436,24.272793412966436,0.024272793412966436,24.272793412966436,0.20600000000000002,0.17162742533327302,0.17162742533327302,0.020385692547873004,0.13569218387006865,0.01335003637713154,0.00024462831057447607,0.11155782646662747,0.0010855374709605491,0.55,0.012,0.65,0.008,nan,0.18573911909536453,0.18573911909536453,0.18670262459244702,0.18670262459244702,0.18125000596046448,-0.09919363506157798,-0.09253764284399867,-0.07107446472029078,-0.07107446472029078,-0.0630435049533844,0.19198540998733443,0.1734201361550215,0.1930993264172732,0.17949282820339463,0.16594125213295724,0.18030592276762086,0.018565273832312934,0.013551576070437388,-0.035564730743919,-0.046384735664902796,0.001113916429938776,0.0008130945642262432,nan,1.0,0.0,0.7869999999999999,0.6191303969845484,2.2679998874664307,1.0,0,1,1,0,-4.712085247039795,-7.565054893493652,1.901910170505508,FOLLOW_MAIN,cascade_pd_tracking,follow_main,inner_wheel_pd,lidar_disabled,FOLLOW_MAIN,COMMITTED,HOLD,1,1,1,1,1,1,2,0.01026463508605957,0.006839752197265625,0.003469705581665039,9.417533874511719e-05,0.017401456832885742,0.013847589492797852,0.024539221998566063,0.057731110999156954
1784809026.997059,105.90650629997253,29.200000000000003,0.029200000000000004,29.200000000000003,0.024272793412966436,24.272793412966436,0.024272793412966436,24.272793412966436,0.20600000000000002,0.17162742533327302,0.17162742533327302,0.020385692547873004,0.13569218387006865,0.01335003637713154,0.00024462831057447607,0.11155782646662747,0.0010855374709605491,0.55,0.012,0.65,0.008,nan,0.18573911909536453,0.18573911909536453,0.18670262459244702,0.18670262459244702,0.18125000596046448,-0.09919363506157798,-0.09253764284399867,-0.07107446472029078,-0.07107446472029078,-0.0630435049533844,0.19198540998733443,0.1734201361550215,0.1930993264172732,0.17949282820339463,0.16594125213295724,0.18030592276762086,0.018565273832312934,0.013551576070437388,-0.035564730743919,-0.046384735664902796,0.001113916429938776,0.0008130945642262432,nan,1.0,0.0,0.7869999999999999,0.6191303969845484,2.2679998874664307,1.0,0,1,1,0,-4.712085247039795,-7.565054893493652,1.8974974997991862,FOLLOW_MAIN,cascade_pd_tracking,follow_main,inner_wheel_pd,lidar_disabled,FOLLOW_MAIN,COMMITTED,HOLD,1,1,1,1,1,1,2,8.988380432128906e-05,0.4469575881958008,0.4435875415802002,0.44021177291870117,0.4363133907318115,0.43232274055480957,0.024539221998566063,0.057731110999156954
1784809027.0499337,105.95938086509705,78.5,0.0785,78.5,0.0704778455236119,70.4778455236119,0.0704778455236119,70.4778455236119,0.511,0.4431564817015849,0.4431564817015849,0.09924219505172185,0.5966345933251518,0.03876281503798655,0.0011909063406206624,0.28805171310603017,0.004773076746601214,0.55,0.012,0.65,0.008,nan,0.12,0.12,0.11564123540758318,0.11564123540758318,0.19574999809265137,-0.3009430232995855,-0.20279056764999903,-0.1612321452810676,-0.1612321452810676,0.0,0.13368836331637493,0.19262561054130256,0.13015212848287927,0.10631163668362506,0.19266654253925786,0.1011303423322871,-0.05893724722492763,-0.0863549058556328,-0.2571913523137115,-0.2978256502874792,-0.0035362348334956576,-0.005181294351337968,nan,1.0,0.0,2.234,0.4,2.197999954223633,1.0,0,1,1,0,-4.744503021240234,-7.465884685516357,1.8848574654024388,FOLLOW_MAIN,cascade_pd_tracking,follow_main,inner_wheel_pd,lidar_disabled,FOLLOW_MAIN,COMMITTED,HOLD,1,1,1,1,1,1,2,0.010430097579956055,0.007067441940307617,0.0037238597869873047,0.0001277923583984375,0.017751455307006836,0.014120817184448242,0.027918870999201317,0.000619055999777629
1784809027.5249612,106.43440842628479,78.5,0.0785,78.5,0.0704778455236119,70.4778455236119,0.0704778455236119,70.4778455236119,0.511,0.4431564817015849,0.4431564817015849,0.09924219505172185,0.5966345933251518,0.03876281503798655,0.0011909063406206624,0.28805171310603017,0.004773076746601214,0.55,0.012,0.65,0.008,nan,0.12,0.12,0.11564123540758318,0.11564123540758318,0.19574999809265137,-0.29932303690827244,-0.21134520939992352,-0.16803308547225765,-0.1612321452810676,0.0,0.13426580163449484,0.19262561054130256,0.13076421310008637,0.10573419836550516,0.19266654253925786,0.10051825771508,-0.058359808906807725,-0.0869323441737527,-0.2229613850864298,-0.2659901211283917,-0.0035015885344084636,-0.005215940650425162,nan,1.0,0.0,2.234,0.4,2.197999954223633,1.0,0,1,1,0,-4.744503021240234,-7.465884685516357,1.8875372743126386,FOLLOW_MAIN,cascade_pd_tracking,follow_main,inner_wheel_pd,lidar_disabled,FOLLOW_MAIN,COMMITTED,HOLD,1,1,1,1,1,1,2,0.4631335735321045,0.45946669578552246,7.152557373046875e-05,0.47512125968933105,0.47118473052978516,0.46727681159973145,0.04692918599903351,0.01962937099960982
1784809027.956618,106.86606526374817,89.60000000000001,0.08960000000000001,89.60000000000001,0.08366161142182914,83.66161142182914,0.08366161142182914,83.66161142182914,0.5690000000000001,0.5378947967500298,0.5378947967500298,0.04172674432728152,0.2599502875322939,0.04601388628200603,0.0005007209319273782,0.3496316178875194,0.002079602300258351,0.55,0.012,0.65,0.008,nan,0.12,0.12,0.11960968817005506,0.12072057393216097,0.10512499511241913,-0.3723106556310986,-0.3723106556310986,-0.29156297717762925,-0.3080063770240108,-0.15760867297649384,0.14513096925509916,0.13314118823939025,0.1458503561160417,0.09486903074490084,0.11986920609210773,0.09336902022406843,0.011989781015708911,-0.025000175347206888,0.1634546923932867,0.1815287157001012,0.0007193868609425346,-0.0015000105208324132,nan,1.0,0.0,1.075,0.4,2.1700000762939453,1.0,0,1,1,0,-4.766522407531738,-7.395577430725098,1.8669856824984217,FOLLOW_MAIN,cascade_pd_tracking,follow_main,inner_wheel_pd,lidar_disabled,FOLLOW_MAIN,COMMITTED,HOLD,1,1,1,1,1,1,2,0.39592576026916504,0.39226508140563965,0.3886904716491699,0.00013065338134765625,0.4036679267883301,0.3998599052429199,0.10969811199902324,0.02977199999986624
1784809028.0074897,106.91693687438965,140.6,0.1406,140.6,0.11060685229883532,110.60685229883532,0.11060685229883532,110.60685229883532,0.787,0.6661795291225885,0.6661795291225885,0.07707018518142297,0.3663053749220587,0.06083376876435943,0.0009248422221770757,0.4330166939296825,0.0029304429993764697,0.55,0.012,0.65,0.008,nan,0.12,0.12,0.12072057393216097,0.12072057393216097,0.11237500607967377,-0.4,-0.4,-0.3080063770240108,-0.3080063770240108,-0.22065217792987823,0.147,0.12298086892796749,0.14844114786432194,0.093,0.09692163738947603,0.093,0.024019131072032504,0.0,0.0004095697435915373,0.03987779456738479,0.0014411478643219502,0.0,nan,1.0,0.0,0.45399999999999996,0.4,2.197000026702881,1.0,0,1,1,0,-4.777559280395508,-7.35359525680542,1.8172124138763084,FOLLOW_MAIN,cascade_pd_tracking,follow_main,inner_wheel_pd,lidar_disabled,FOLLOW_MAIN,COMMITTED,HOLD,1,1,1,1,1,1,2,0.00012302398681640625,0.015038251876831055,0.011627435684204102,0.02986741065979004,0.007848024368286133,0.0039920806884765625,0.03402579599969613,0.04801774099905742
1784809028.059739,106.96918630599976,140.6,0.1406,140.6,0.11060685229883532,110.60685229883532,0.11060685229883532,110.60685229883532,0.787,0.6661795291225885,0.6661795291225885,0.07707018518142297,0.3663053749220587,0.06083376876435943,0.0009248422221770757,0.4330166939296825,0.0029304429993764697,0.55,0.012,0.65,0.008,nan,0.12,0.12,0.12080774706586234,0.12080774706586234,0.10875000059604645,-0.4,-0.4,-0.3089749673984704,-0.3089749673984704,-0.1260869801044464,0.147,0.12007509780458853,0.14861549413172467,0.093,0.09860693063435477,0.093,0.026924902195411465,0.0,0.01621548720970885,0.026990589867685832,0.0016154941317246879,0.0,nan,1.0,0.0,0.45399999999999996,0.4,2.2149999141693115,1.0,0,1,1,0,-4.77938175201416,-7.345088005065918,1.7717268990729447,FOLLOW_MAIN,cascade_pd_tracking,follow_main,inner_wheel_pd,lidar_disabled,FOLLOW_MAIN,COMMITTED,HOLD,1,1,1,1,1,1,2,0.010692119598388672,0.007050514221191406,0.02260732650756836,0.003610849380493164,9.918212890625e-05,0.014656305313110352,0.09257550000074843,0.021453721999932895
1784809028.505719,107.41516613960266,156.60000000000002,0.15660000000000002,156.60000000000002,0.13060999357698555,130.60999357698554,0.13060999357698555,130.60999357698554,0.841,0.7467575655572122,0.7467575655572122,0.11561313000731308,0.5010432987243347,0.07183549646734205,0.0013873575600877569,0.48539241761218793,0.004008346389794678,0.55,0.012,0.65,0.008,nan,0.12,0.12,0.12080774706586234,0.12080774706586234,0.10875000059604645,-0.4,-0.4,-0.3089749673984704,-0.3089749673984704,-0.1260869801044464,0.147,0.12007509780458853,0.14861549413172467,0.093,0.09860693063435477,0.093,0.026924902195411465,0.0,0.014094128132733459,0.02345959927404807,0.0016154941317246879,0.0,nan,1.0,0.0,0.33999999999999997,0.4,2.2149999141693115,1.0,0,1,1,0,-4.77938175201416,-7.345088005065918,1.7717268990729447,FOLLOW_MAIN,cascade_pd_tracking,follow_main,inner_wheel_pd,lidar_disabled,FOLLOW_MAIN,COMMITTED,HOLD,1,1,1,1,1,1,2,0.43836045265197754,0.434798002243042,7.510185241699219e-05,0.4495658874511719,0.44605350494384766,0.4422934055328369,0.0036684070000774227,0.042484999999942374
1784809028.559198,107.4686450958252,165.70000000000002,0.16570000000000001,165.70000000000002,0.1751909455106235,175.1909455106235,0.1751909455106235,175.1909455106235,0.869,0.8955110403006736,0.8955110403006736,0.0970179429146941,0.3398268070143524,0.09635502003084294,0.0011642153149763292,0.5820821761954379,0.0027186144561148194,0.55,0.012,0.65,0.008,nan,0.12,0.12,0.12041985006499091,0.12041985006499091,0.11237499117851257,-0.4,-0.4,-0.3046650007221212,-0.3046650007221212,-0.28369560837745667,0.147,0.13300499783363598,0.14783970012998182,0.093,0.0964741667086719,0.093,0.013995002166364012,0.0,0.006104408537624044,0.05353156447081425,0.0008397001299818407,0.0,nan,1.0,0.0,0.108,0.4,2.3510000705718994,1.0,0,1,1,0,-4.788394927978516,-7.289790630340576,1.7199681384337973,FOLLOW_MAIN,cascade_pd_tracking,follow_main,inner_wheel_pd,lidar_disabled,FOLLOW_MAIN,COMMITTED,HOLD,1,1,1,1,1,1,2,0.014377355575561523,0.010697364807128906,0.007222175598144531,0.0038046836853027344,0.00013446807861328125,0.018441200256347656,0.09162576000016998,0.054797184999188175
1784809029.0016856,107.9111328125,165.70000000000002,0.16570000000000001,165.70000000000002,0.1751909455106235,175.1909455106235,0.1751909455106235,175.1909455106235,0.869,0.8955110403006736,0.8955110403006736,0.0970179429146941,0.3398268070143524,0.09635502003084294,0.0011642153149763292,0.5820821761954379,0.0027186144561148194,0.55,0.012,0.65,0.008,nan,0.12,0.12,0.12041985006499091,0.12041985006499091,0.11237499117851257,-0.4,-0.4,-0.3046650007221212,-0.3046650007221212,-0.28369560837745667,0.147,0.13300499783363598,0.14783970012998182,0.093,0.0964741667086719,0.093,0.013995002166364012,0.0,0.005330523696763164,0.04674511399060862,0.0008397001299818407,0.0,nan,1.0,0.0,0.108,0.4,2.437999963760376,1.0,0,1,1,0,-4.788394927978516,-7.289790630340576,1.7199681384337973,FOLLOW_MAIN,cascade_pd_tracking,follow_main,inner_wheel_pd,lidar_disabled,FOLLOW_MAIN,COMMITTED,HOLD,1,1,1,1,1,1,2,0.43430566787719727,0.43067073822021484,9.202957153320312e-05,0.44626712799072266,0.4425961971282959,0.4383885860443115,0.11196001999996952,0.07513144499898772
1784809029.0524979,107.96194505691528,114.5,0.1145,114.5,0.12313151103071154,123.13151103071155,0.12313151103071154,123.13151103071155,0.685,0.7206319916497654,0.7206319916497654,-0.06713485172271032,-0.23974399969007804,0.06772233106689135,-0.0008056182206725238,0.4684107945723475,-0.0019179519975206242,0.55,0.012,0.65,0.008,nan,0.12,0.12,0.12045573902372587,0.12045573902372587,0.10512499511241913,-0.4,-0.4,-0.30506376693028747,-0.30506376693028747,-0.28369569778442383,0.147,0.13180869920913724,0.14791147804745175,0.093,0.09093689178105202,0.093,0.015191300790862755,0.0,0.06388882186820896,0.012003480405393877,0.0009114780474517652,0.0,nan,1.0,0.0,0.058,0.4,2.828000068664551,1.0,0,1,1,0,-4.789651870727539,-7.231385707855225,1.5528396643434177,FOLLOW_MAIN,cascade_pd_tracking,follow_main,inner_wheel_pd,lidar_disabled,FOLLOW_MAIN,COMMITTED,HOLD,1,1,1,1,1,1,2,0.0038285255432128906,0.0001952648162841797,0.018999576568603516,0.015644311904907227,0.011832475662231445,0.007912397384643555,0.0054482590003317455,0.05872568599988881
1784809029.5233881,108.43283534049988,114.5,0.1145,114.5,0.12313151103071154,123.13151103071155,0.12313151103071154,123.13151103071155,0.685,0.7206319916497654,0.7206319916497654,-0.06713485172271032,-0.23974399969007804,0.06772233106689135,-0.0008056182206725238,0.4684107945723475,-0.0019179519975206242,0.55,0.012,0.65,0.008,nan,0.12,0.12,0.12045573902372587,0.12045573902372587,0.10512499511241913,-0.4,-0.4,-0.30506376693028747,-0.30506376693028747,-0.28369569778442383,0.147,0.13180869920913724,0.14791147804745175,0.093,0.09093689178105202,0.093,0.015191300790862755,0.0,0.05673907089355586,0.010660179758768568,0.0009114780474517652,0.0,nan,1.0,0.0,0.058,0.4,2.937999963760376,1.0,0,1,1,0,-4.789651870727539,-7.231385707855225,1.5237134352361408,FOLLOW_MAIN,cascade_pd_tracking,follow_main,inner_wheel_pd,lidar_disabled,FOLLOW_MAIN,COMMITTED,HOLD,1,1,1,1,1,1,2,0.4532322883605957,0.4499480724334717,7.224082946777344e-05,0.46393442153930664,0.4604024887084961,0.4568297863006592,0.023250463000294985,0.07652788999985205
1784809029.5760903,108.4855375289917,96.30000000000001,0.09630000000000001,96.30000000000001,0.0995648865232729,99.5648865232729,0.0995648865232729,99.5648865232729,0.603,0.6182158222635841,0.6182158222635841,-0.04477659713978358,-0.191845269486412,0.0547606875878001,-0.000537319165677403,0.40184028447132963,-0.001534762155891296,0.55,0.012,0.65,0.008,nan,0.12,0.12,0.11972101192442801,0.11972101192442801,0.12687499821186066,-0.4,-0.4,-0.30309986750635537,-0.30309986750635537,-0.28369566798210144,0.147,0.14175222018809946,0.147,0.093,0.10229960251906622,0.09244202384885603,0.0,-0.009299602519066225,-0.0339328835607195,-0.049939579090525245,0.0,-0.0005579761511439735,nan,1.0,0.0,1.136,0.4,3.4800000190734863,1.0,0,1,1,0,-4.780446529388428,-7.168152809143066,1.369571983745852,FOLLOW_MAIN,cascade_pd_tracking,follow_main,inner_wheel_pd,lidar_disabled,FOLLOW_MAIN,COMMITTED,HOLD,1,1,1,1,1,1,2,0.003658294677734375,0.00012063980102539062,0.01759171485900879,0.014223337173461914,0.010810136795043945,0.007364988327026367,0.022945185999560636,0.03768709399992076
1784809030.0242908,108.93373799324036,96.30000000000001,0.09630000000000001,96.30000000000001,0.0995648865232729,99.5648865232729,0.0995648865232729,99.5648865232729,0.603,0.6182158222635841,0.6182158222635841,-0.04477659713978358,-0.191845269486412,0.0547606875878001,-0.000537319165677403,0.40184028447132963,-0.001534762155891296,0.55,0.012,0.65,0.008,nan,0.12,0.12,0.11972101192442801,0.11972101192442801,0.12687499821186066,-0.4,-0.4,-0.30309986750635537,-0.30309986750635537,-0.28369566798210144,0.147,0.14175222018809946,0.147,0.093,0.10229960251906622,0.09244202384885603,0.0,-0.009299602519066225,-0.0339328835607195,-0.049939579090525245,0.0,-0.0005579761511439735,nan,1.0,0.0,1.136,0.4,3.4800000190734863,1.0,0,1,1,0,-4.780446529388428,-7.168152809143066,1.369571983745852,FOLLOW_MAIN,cascade_pd_tracking,follow_main,inner_wheel_pd,lidar_disabled,FOLLOW_MAIN,COMMITTED,HOLD,1,1,1,1,1,1,2,0.4518282413482666,0.4482898712158203,6.532669067382812e-05,0.46239161491394043,0.45897769927978516,0.4555320739746094,0.022945185999560636,0.03768709399992076
1784809030.077561,108.9870080947876,90.5,0.0905,90.5,0.09215461948956,92.15461948955999,0.09215461948956,92.15461948955999,0.5740000000000001,0.582496861039842,0.582496861039842,-0.016256984407396872,-0.07531209813350562,0.050685040719258,-0.00019508381288876246,0.3786229596758973,-0.000602496785068045,0.55,0.012,0.65,0.008,nan,0.12,0.12,0.11957600865359108,0.11957600865359108,0.12687499821186066,-0.4,-0.4,-0.304711014960099,-0.304711014960099,-0.40978261828422546,0.147,0.15019559418745754,0.147,0.093,0.10713304488029717,0.09215201730718217,0.0,-0.014133044880297166,-0.0061676518003635945,-0.005377609995481693,0.0,-0.00084798269281783,nan,1.0,0.0,0.863,0.4,4.484000205993652,1.0,0,1,1,0,-4.762689590454102,-7.110506534576416,1.2526258366144798,FOLLOW_MAIN,cascade_pd_tracking,follow_main,inner_wheel_pd,lidar_disabled,FOLLOW_MAIN,COMMITTED,UNKNOWN,1,1,1,1,1,1,1,0.017904996871948242,0.014309883117675781,0.010808467864990234,0.0072994232177734375,0.0035552978515625,6.508827209472656e-05,0.007521481000367203,0.05418229699898802
1784809030.5192702,109.42871737480164,90.5,0.0905,90.5,0.09215461948956,92.15461948955999,0.09215461948956,92.15461948955999,0.5740000000000001,0.582496861039842,0.582496861039842,-0.016256984407396872,-0.07531209813350562,0.050685040719258,-0.00019508381288876246,0.3786229596758973,-0.000602496785068045,0.55,0.012,0.65,0.008,nan,0.12,0.12,0.11957600865359108,0.11957600865359108,0.12687499821186066,-0.4,-0.4,-0.304711014960099,-0.304711014960099,-0.40978261828422546,0.147,0.15019559418745754,0.147,0.093,0.10713304488029717,0.09215201730718217,0.0,-0.014133044880297166,-0.0061676518003635945,-0.005377609995481693,0.0,-0.00084798269281783,nan,1.0,0.0,0.863,0.4,4.484000205993652,1.0,0,1,1,0,-4.762689590454102,-7.110506534576416,1.2526258366144798,FOLLOW_MAIN,cascade_pd_tracking,follow_main,inner_wheel_pd,lidar_disabled,FOLLOW_MAIN,COMMITTED,UNKNOWN,1,1,1,1,1,1,1,0.00011730194091796875,0.45604634284973145,0.452545166015625,0.4490363597869873,0.44529223442077637,0.441802978515625,0.007521481000367203,0.05418229699898802
1784809030.5699859,109.47943305969238,87.0,0.087,87.0,0.08789618691349824,87.89618691349824,0.08789618691349824,87.89618691349824,0.556,0.5609021094545269,0.5609021094545269,-0.009724080771719617,-0.04800353135111227,0.04834290280242404,-0.0001166889692606354,0.3645863711454425,-0.0003840282508088982,0.55,0.012,0.65,0.008,nan,0.12,0.12,0.11966438202817586,0.11966438202817586,0.13774999976158142,-0.39998555297952487,-0.39998555297952487,-0.3037182533104674,-0.3037182533104674,-0.37826085090637207,0.14699902482611793,0.15285079590892758,0.14699902482611793,0.09300097517388206,0.104188240901353,0.0923297392302338,0.0,-0.011187265727470933,-0.03666683582532843,-0.049093821095294754,0.0,-0.000671235943648256,nan,1.0,0.0,0.592,0.4,5.433000087738037,1.0,0,1,1,0,-4.737454891204834,-7.0567121505737305,1.1142151820177293,FOLLOW_MAIN,cascade_pd_tracking,follow_main,inner_wheel_pd,lidar_disabled,FOLLOW_MAIN,COMMITTED,UNKNOWN,1,1,1,1,1,1,1,0.007927179336547852,0.02631235122680664,0.023056745529174805,0.019623756408691406,0.0039980411529541016,0.0001304149627685547,0.028476425999542698,0.036909389000356896
1784809031.013251,109.92269825935364,87.0,0.087,87.0,0.08789618691349824,87.89618691349824,0.08789618691349824,87.89618691349824,0.556,0.5609021094545269,0.5609021094545269,-0.009724080771719617,-0.04800353135111227,0.04834290280242404,-0.0001166889692606354,0.3645863711454425,-0.0003840282508088982,0.55,0.012,0.65,0.008,nan,0.12,0.12,0.1196643527729594,0.11966438202817586,0.13774999976158142,-0.4,-0.4,-0.30372941363378425,-0.3037182533104674,-0.37826085090637207,0.147,0.15285079590892758,0.147,0.093,0.104188240901353,0.09232870554591882,0.0,-0.011188240901352994,-0.03229510434688021,-0.04324654432359786,0.0,-0.0006712944540811797,nan,1.0,0.0,0.592,0.4,5.422999858856201,1.0,0,1,1,0,-4.737454891204834,-7.0567121505737305,1.1142151820177293,FOLLOW_MAIN,cascade_pd_tracking,follow_main,inner_wheel_pd,lidar_disabled,FOLLOW_MAIN,COMMITTED,UNKNOWN,1,1,1,1,1,1,1,0.439192533493042,0.43561244010925293,6.604194641113281e-05,0.4628472328186035,0.4472208023071289,0.44335269927978516,0.0475199819993577,0.055952945000171894
1784809031.0643008,109.9737479686737,84.10000000000001,0.08410000000000001,84.10000000000001,0.08558798306520353,85.58798306520353,0.08558798306520353,85.58798306520353,0.541,0.5485607609999618,0.5485607609999618,-0.005672515505890263,-0.029438284999289757,0.04707339068586194,-6.807018607068316e-05,0.35656449464997514,-0.00023550627999431806,0.55,0.012,0.65,0.008,nan,0.12,0.12,0.12042942148771615,0.12042942148771615,0.11237499862909317,-0.39397448187431355,-0.39397448187431355,-0.300252211269248,-0.300252211269248,-0.28369560837745667,0.14659327752651616,0.13227922793597757,0.14745212050194847,0.09340672247348383,0.09792175878465986,0.09340672247348383,0.014314049590538586,0.0,0.04087715317710876,0.05112459412423838,0.0008588429754323151,0.0,nan,1.0,0.0,0.46699999999999997,0.4,5.359000205993652,1.0,0,1,1,0,-4.705086708068848,-7.007295608520508,0.9485047675453294,FOLLOW_MAIN,cascade_pd_tracking,follow_main,inner_wheel_pd,lidar_disabled,FOLLOW_MAIN,COMMITTED,UNKNOWN,1,1,1,1,1,1,1,0.01854538917541504,0.014688253402709961,0.011089563369750977,0.007671356201171875,0.003991842269897461,0.00013828277587890625,0.020387055999890435,0.06425711299925752
1784809031.5459368,110.45538401603699,84.10000000000001,0.08410000000000001,84.10000000000001,0.08558798306520353,85.58798306520353,0.08558798306520353,85.58798306520353,0.541,0.5485607609999618,0.5485607609999618,-0.005672515505890263,-0.029438284999289757,0.04707339068586194,-6.807018607068316e-05,0.35656449464997514,-0.00023550627999431806,0.55,0.012,0.65,0.008,nan,0.12,0.12,0.1204192203653045,0.1204192203653045,0.11600001156330109,-0.39404321607953285,-0.39404321607953285,-0.30019041611858854,-0.30019041611858854,-0.2521739602088928,0.14659791708536846,0.13262390490855136,0.14743635781597747,0.09340208291463153,0.09841218586349328,0.09340208291463153,0.013974012176817097,0.0,0.03295502390398934,0.04384465573944425,0.0008384407306090257,0.0,nan,1.0,0.0,0.46699999999999997,0.4,5.359000205993652,1.0,0,1,1,0,-4.699689865112305,-7.000324249267578,0.872694368836162,FOLLOW_MAIN,cascade_pd_tracking,follow_main,inner_wheel_pd,lidar_disabled,FOLLOW_MAIN,COMMITTED,UNKNOWN,1,1,1,1,1,1,1,0.47751426696777344,0.47400879859924316,0.4706292152404785,0.46723198890686035,7.677078247070312e-05,0.4817314147949219,0.043428982000477845,0.012420797000231687
1784809032.0064902,110.91593742370605,73.5,0.0735,73.5,0.07697465395129362,76.97465395129362,0.07697465395129362,76.97465395129362,0.483,0.5026679316579006,0.5026679316579006,-0.01918956434137653,-0.10253098901707484,0.042336059673211496,-0.00023027477209651838,0.3267341555776354,-0.0008202479121365988,0.55,0.012,0.65,0.008,nan,0.12,0.12,0.12,0.12,0.11962500214576721,-0.33835053209983523,-0.33835053209983523,-0.2537628990748765,-0.2537628990748765,-0.34673914313316345,0.14283866091673889,0.1402451626664191,0.14283866091673889,0.09716133908326112,0.09627232856945991,0.09716133908326112,0.0,0.0,-0.029923862298675972,0.014085110699678388,0.0,0.0,nan,1.0,0.0,1.666,0.4,5.380000114440918,1.0,0,1,1,0,-4.663466453552246,-6.9593305587768555,0.8239940226511974,FOLLOW_MAIN,cascade_pd_tracking,follow_main,inner_wheel_pd,lidar_disabled,FOLLOW_MAIN,COMMITTED,UNKNOWN,1,1,1,1,1,1,1,0.43199849128723145,0.42842602729797363,0.44672179222106934,0.443467378616333,0.42456817626953125,9.226799011230469e-05,0.09912774300028104,0.04223814999932074
1784809032.0585432,110.96799039840698,61.5,0.0615,61.5,0.0659613435294976,65.9613435294976,0.0659613435294976,65.9613435294976,0.41400000000000003,0.44014166586845355,0.44014166586845355,-0.023036458849258167,-0.1310291054415268,0.03627873894122369,-0.000276437506191098,0.28609208281449483,-0.0010482328435322144,0.55,0.012,0.65,0.008,nan,0.12,0.12,0.12,0.12,0.11962500214576721,-0.2978043774396378,-0.2978043774396378,-0.22335328307972838,-0.22335328307972838,-0.28369560837745667,0.14010179547717555,0.1364491069422939,0.14010179547717555,0.09989820452282444,0.09882464614836782,0.09989820452282444,0.0,0.0,-0.027516988450691497,0.010973490638338523,0.0,0.0,nan,1.0,0.0,1.077,0.4,5.556000232696533,1.0,0,1,1,0,-4.618145942687988,-6.920072555541992,0.7375930073406073,FOLLOW_MAIN,cascade_pd_tracking,follow_main,inner_wheel_pd,lidar_disabled,FOLLOW_MAIN,COMMITTED,UNKNOWN,1,1,1,1,1,1,1,0.017067432403564453,0.013791561126708984,0.010559797286987305,0.007245540618896484,0.0037186145782470703,0.00010418891906738281,0.06947111299996322,0.03770316800000728
1784809032.558318,111.46776509284973,48.6,0.048600000000000004,48.6,0.052712325840170535,52.712325840170536,0.052712325840170535,52.712325840170536,0.334,0.3601565940595854,0.3601565940595854,-0.026783158389752565,-0.1620027600332595,0.028991779212093796,-0.0003213979006770308,0.2341017861387305,-0.001296022080266076,0.55,0.012,0.65,0.008,nan,0.14564967793223968,0.14564967793223968,0.14682767446567752,0.12,0.13050000369548798,-0.24707348235695914,-0.24707348235695914,-0.1847548012479662,-0.22361811677409635,-0.25217393040657043,0.1623271379913344,0.14351932821366647,0.1634556065779945,0.12897221787314495,0.10851347653621786,0.13019974235336057,0.01880780977766794,0.020458741336927086,0.06051898737613215,0.06958930810462818,0.0011284685866600763,0.001227524480215625,nan,1.0,0.0,0.545,0.48549892644079895,5.438000202178955,1.0,0,1,1,0,-4.567530155181885,-6.8869452476501465,0.7146133259228528,FOLLOW_MAIN,cascade_pd_tracking,follow_main,inner_wheel_pd,lidar_disabled,FOLLOW_MAIN,COMMITTED,UNKNOWN,1,1,1,1,1,1,1,0.473491907119751,8.106231689453125e-05,0.4888784885406494,0.48524022102355957,0.4814474582672119,0.47756171226501465,0.06671739099874685,0.045174111999585875
1784809033.0268006,111.93624782562256,47.0,0.047,47.0,0.05068201841768018,50.682018417680176,0.05068201841768018,50.682018417680176,0.324,0.3472427518373842,0.3472427518373842,-0.027535262346796277,-0.1688490654949386,0.0278751101297241,-0.00033042314816155533,0.22570778869429972,-0.001350792523959509,0.55,0.012,0.65,0.008,nan,0.14779265159375213,0.14779265159375213,0.14909922654688074,0.14909922654688074,0.13050000369548798,-0.23768211943488218,-0.23768211943488218,-0.17728866772491514,-0.17728866772491514,-0.25217393040657043,0.16383619465560667,0.14351932821366647,0.1650552066421231,0.13174910853189759,0.10851347653621786,0.13314324645163836,0.020316866441940196,0.023235631995679726,0.061999333454378094,0.07777167783683886,0.0012190119865164116,0.0013941379197407835,nan,1.0,0.0,0.514,0.49264217197917376,5.336999893188477,1.0,0,1,1,0,-4.567530155181885,-6.8869452476501465,0.5483363744802235,FOLLOW_MAIN,cascade_pd_tracking,follow_main,inner_wheel_pd,lidar_disabled,FOLLOW_MAIN,COMMITTED,UNKNOWN,1,1,1,1,1,1,1,7.343292236328125e-05,0.4469633102416992,0.46519899368286133,0.46201086044311523,0.44311046600341797,0.4391016960144043,0.01965555599963409,0.06617737200031115
1784809033.079909,111.98935627937317,35.7,0.0357,35.7,0.039224164765678235,39.22416476567823,0.039224164765678235,39.22416476567823,0.249,0.2728976395586713,0.2728976395586713,-0.021737131850107196,-0.1407022138018867,0.02157329062112303,-0.00026084558220128637,0.17738346571313635,-0.0011256177104150935,0.55,0.012,0.65,0.008,nan,0.17724202479872306,0.17724202479872306,0.17839671919206812,0.17839671919206812,0.1667499989271164,-0.18430470875863578,-0.18430470875863578,-0.1379199975345441,-0.1379199975345441,-0.18913045525550842,0.18968259263993098,0.17090048713582917,0.1908095189701771,0.16480145695751514,0.145093749350115,0.16598391941395915,0.01878210550410181,0.01970770760740015,-0.05263568893088754,-0.04204298268553143,0.0011269263302461086,0.001182462456444009,nan,1.0,0.0,0.464,0.5908067493290768,4.920000076293945,1.0,0,1,1,0,-4.505712032318115,-6.855774402618408,0.45604072205721735,FOLLOW_MAIN,cascade_pd_tracking,follow_main,inner_wheel_pd,lidar_disabled,FOLLOW_MAIN,COMMITTED,UNKNOWN,1,1,1,1,1,1,1,0.01093745231628418,0.007302284240722656,0.0036160945892333984,0.022166013717651367,7.343292236328125e-05,0.014519214630126953,0.006774277999284095,0.07659359500030405
1784809033.579563,112.48901009559631,35.7,0.0357,35.7,0.039224164765678235,39.22416476567823,0.039224164765678235,39.22416476567823,0.249,0.2728976395586713,0.2728976395586713,-0.021737131850107196,-0.1407022138018867,0.02157329062112303,-0.00026084558220128637,0.17738346571313635,-0.0011256177104150935,0.55,0.012,0.65,0.008,nan,0.1780532987805081,0.1780532987805081,0.17900583336755926,0.17839671919206812,0.1667499989271164,-0.1842600254589047,-0.1842600254589047,-0.13792811952707001,-0.1379199975345441,-0.18913036584854126,0.19049085049898418,0.17501562339879423,0.19141936412499558,0.16561574706203203,0.14933982126051598,0.16659230261012298,0.015475227100189948,0.016275925801516045,-0.06694447609953003,-0.058415621281261945,0.0009285136260113969,0.0009765555480909626,nan,1.0,0.0,0.464,0.593510995935027,4.920000076293945,1.0,0,1,1,0,-4.493799686431885,-6.850553035736084,0.45604072205721735,FOLLOW_MAIN,cascade_pd_tracking,follow_main,inner_wheel_pd,lidar_disabled,FOLLOW_MAIN,COMMITTED,UNKNOWN,1,1,1,1,1,1,1,0.49230408668518066,0.488933801651001,8.058547973632812e-05,0.5218255519866943,0.49973273277282715,0.4959568977355957,0.02613503799875616,0.018029759999990347
1784809034.0254908,112.93493795394897,19.6,0.019600000000000003,19.6,0.020935651383146826,20.935651383146826,0.020935651383146826,20.935651383146826,0.139,0.14814532454296642,0.14814532454296642,-0.013419789741061242,-0.09326033680742038,0.011514608260730756,-0.0001610374768927349,0.09629446095292818,-0.0007460826944593631,0.55,0.012,0.65,0.008,nan,0.16739492109690388,0.16739492109690388,0.16849587904529367,0.14117295255589718,0.13775001466274261,-0.07673188549406314,-0.07673188549406314,-0.05682151877889341,-0.0651143764874288,-0.0630435049533844,0.17257432336775314,0.1553161172404041,0.17360981573539408,0.16221551882605462,0.14277512667374356,0.16338194235519327,0.017258206127349046,0.019440392152311053,0.21571906079623415,0.176916831642357,0.0010354923676409427,0.0011664235291386632,nan,1.0,0.0,0.9639999999999999,0.557983070323013,3.430000066757202,1.0,0,1,1,0,-4.339346885681152,-6.798072814941406,0.38574729367048144,FOLLOW_MAIN,cascade_pd_tracking,follow_main,inner_wheel_pd,lidar_disabled,FOLLOW_MAIN,COMMITTED,UNKNOWN,1,1,1,1,1,1,1,0.43178248405456543,8.96453857421875e-05,0.4459986686706543,0.442608118057251,0.4391756057739258,0.4355015754699707,0.04900759399970411,0.012785684999471414
1784809034.0770233,112.98647046089172,19.6,0.019600000000000003,19.6,0.020935651383146826,20.935651383146826,0.020935651383146826,20.935651383146826,0.139,0.14814532454296642,0.14814532454296642,-0.013419789741061242,-0.09326033680742038,0.011514608260730756,-0.0001610374768927349,0.09629446095292818,-0.0007460826944593631,0.55,0.012,0.65,0.008,nan,0.17075270589814648,0.17075270589814648,0.17205513093461083,0.17390091947841624,0.13775001466274261,-0.07725903788876187,-0.07725903788876187,-0.05724060493267901,-0.057418438416322666,-0.0630435049533844,0.1759676909556379,0.1553161172404041,0.17720678537855195,0.16553772084065504,0.14277512667374356,0.16690347649066972,0.020651573715233823,0.022762594166911482,0.19055433206921385,0.15947762765030601,0.0012390944229140294,0.001365755650014689,nan,1.0,0.0,0.9639999999999999,0.569175686327155,3.430000066757202,1.0,0,1,1,0,-4.339346885681152,-6.798072814941406,0.26167807804964904,FOLLOW_MAIN,cascade_pd_tracking,follow_main,inner_wheel_pd,lidar_disabled,FOLLOW_MAIN,COMMITTED,UNKNOWN,1,1,1,1,1,1,1,0.0037565231323242188,0.01935863494873047,0.015780210494995117,0.000156402587890625,0.011862754821777344,0.007808208465576172,0.08435231700059376,0.04813040800036106
1784809034.5407991,113.45024633407593,19.6,0.019600000000000003,19.6,0.020935651383146826,20.935651383146826,0.020935651383146826,20.935651383146826,0.139,0.14814532454296642,0.14814532454296642,-0.013419789741061242,-0.09326033680742038,0.011514608260730756,-0.0001610374768927349,0.09629446095292818,-0.0007460826944593631,0.55,0.012,0.65,0.008,nan,0.17249401584513271,0.17249401584513271,0.17390091947841624,0.17390091947841624,0.13775001466274261,-0.07748272780529483,-0.07748272780529483,-0.057418438416322666,-0.057418438416322666,-0.0630435049533844,0.17772409997199012,0.1553161172404041,0.1790685789358853,0.1672639317182753,0.14277512667374356,0.1687332600209472,0.022407982731586035,0.024488805044531742,0.1770834945257512,0.14980007639008247,0.0013444789638951621,0.0014693283026719045,nan,1.0,0.0,0.9639999999999999,0.5749800528171091,3.430000066757202,1.0,0,1,1,0,-4.339346885681152,-6.798072814941406,0.2413152385323506,FOLLOW_MAIN,cascade_pd_tracking,follow_main,inner_wheel_pd,lidar_disabled,FOLLOW_MAIN,COMMITTED,UNKNOWN,1,1,1,1,1,1,1,0.4518921375274658,0.4483959674835205,0.44503235816955566,0.4638814926147461,8.320808410644531e-05,0.4558417797088623,0.1049171140002727,0.06869520500004
1784809034.5920703,113.50151753425598,17.5,0.0175,17.5,0.018015260820934048,18.01526082093405,0.018015260820934048,18.01526082093405,0.124,0.127948534727844,0.127948534727844,-0.006838551626092315,-0.04696866155141312,0.009908393451513727,-8.206261951310778e-05,0.0831665475730986,-0.00037574929241130495,0.55,0.012,0.65,0.008,nan,0.22066269343395312,0.22066269343395312,0.2232888698991655,0.22182172963583188,0.18125000596046448,-0.07261126654346671,-0.07261126654346671,-0.054755159377595536,-0.05459594078178322,-0.06304344534873962,0.2255639539256371,0.18134928196710395,0.2282168342431491,0.21576143294226913,0.17243688939372284,0.2183609055551819,0.04421467195853315,0.043324543548546285,0.04174253891351513,0.03700448168960165,0.002652880317511989,0.002599472612912777,nan,1.0,0.0,0.5149999999999999,0.7355423114465104,3.503999948501587,1.0,0,1,1,0,-4.250768661499023,-6.7769455909729,0.23189101921875016,FOLLOW_MAIN,cascade_pd_tracking,follow_main,inner_wheel_pd,lidar_disabled,FOLLOW_MAIN,COMMITTED,UNKNOWN,1,1,1,1,1,1,1,0.003859281539916992,0.0001468658447265625,0.015339136123657227,0.034102439880371094,0.011630535125732422,0.00775599479675293,0.12519124500067846,0.021136501000000862
1784809034.998272,113.90771913528442,17.5,0.0175,17.5,0.018015260820934048,18.01526082093405,0.018015260820934048,18.01526082093405,0.124,0.127948534727844,0.127948534727844,-0.006838551626092315,-0.04696866155141312,0.009908393451513727,-8.206261951310778e-05,0.0831665475730986,-0.00037574929241130495,0.55,0.012,0.65,0.008,nan,0.22066269343395312,0.22066269343395312,0.2232888698991655,0.2232888698991655,0.18125000596046448,-0.07261126654346671,-0.07261126654346671,-0.054755159377595536,-0.054755159377595536,-0.06304344534873962,0.2255639539256371,0.18134928196710395,0.2282168342431491,0.21576143294226913,0.17243688939372284,0.2183609055551819,0.04421467195853315,0.043324543548546285,0.04174253891351513,0.03700448168960165,0.002652880317511989,0.002599472612912777,nan,1.0,0.0,0.5149999999999999,0.7355423114465104,3.503999948501587,1.0,0,1,1,0,-4.250768661499023,-6.7769455909729,0.22441994803701854,FOLLOW_MAIN,cascade_pd_tracking,follow_main,inner_wheel_pd,lidar_disabled,FOLLOW_MAIN,COMMITTED,UNKNOWN,1,1,1,1,1,1,1,0.41002941131591797,0.40631628036499023,0.4215083122253418,0.4025840759277344,0.39882826805114746,9.894371032714844e-05,0.12519124500067846,0.021136501000000862
1784809035.0486197,113.95806694030762,22.900000000000002,0.022900000000000004,22.900000000000002,0.020503804460865117,20.50380446086512,0.020503804460865117,20.50380446086512,0.162,0.1450710960364497,0.1450710960364497,0.006079226300587534,0.041144111891071554,0.011277092453475815,7.295071560705041e-05,0.0942962124236923,0.00032915289512857243,0.55,0.012,0.65,0.008,nan,0.23865265489995469,0.23865265489995469,0.24096371079766604,0.24084233287802825,0.1993749886751175,-0.09317286790213614,-0.09317286790213614,-0.0686707029819481,-0.06852214499190924,-0.09456516802310944,0.24494182348334886,0.20823764710514012,0.24714407406604139,0.2323634863165605,0.1920324661043901,0.23478334752929073,0.03670417637820875,0.040331020212170415,0.03329099790145096,0.006871473231452308,0.0022022505826925247,0.0024198612127302246,nan,1.0,0.0,0.308,0.7955088496665157,3.263000011444092,1.0,0,1,1,0,-4.169013500213623,-6.761019229888916,0.20884833935793193,FOLLOW_MAIN,cascade_pd_tracking,follow_main,inner_wheel_pd,lidar_disabled,FOLLOW_MAIN,COMMITTED,HOLD,1,1,1,1,1,1,2,0.0036764144897460938,0.00013017654418945312,0.0187222957611084,0.015340328216552734,0.011540889739990234,0.007718324661254883,0.046525539000867866,0.06461515000046347
1784809035.1015246,114.01097178459167,22.900000000000002,0.022900000000000004,22.900000000000002,0.020503804460865117,20.50380446086512,0.020503804460865117,20.50380446086512,0.162,0.1450710960364497,0.1450710960364497,0.006079226300587534,0.041144111891071554,0.011277092453475815,7.295071560705041e-05,0.0942962124236923,0.00032915289512857243,0.55,0.012,0.65,0.008,nan,0.2389876025240353,0.2389876025240353,0.24041466389382293,0.23958320036117547,0.23199999332427979,-0.09345532565404661,-0.09345532565404661,-0.06876654655811347,-0.07440669124232974,-0.12608695030212402,0.24529583700568344,0.22349890236618794,0.24660365308405316,0.23267936804238717,0.20690759035562803,0.23422567470359273,0.021796934639495502,0.025771777686759145,-0.055359549425363454,-0.07361898879868428,0.00130781607836973,0.0015463066612055488,nan,1.0,0.0,0.308,0.7966253417467843,3.263000011444092,1.0,0,1,1,0,-4.149991989135742,-6.758024215698242,0.1561759554773535,FOLLOW_MAIN,cascade_pd_tracking,follow_main,inner_wheel_pd,lidar_disabled,FOLLOW_MAIN,COMMITTED,HOLD,1,1,1,1,1,1,2,0.014677762985229492,0.010985374450683594,0.007485628128051758,0.0040435791015625,0.00014281272888183594,0.018851041793823242,0.08728431800045655,0.028535407998788287
1784809035.5500329,114.45948004722595,22.900000000000002,0.022900000000000004,22.900000000000002,0.020503804460865117,20.50380446086512,0.020503804460865117,20.50380446086512,0.162,0.1450710960364497,0.1450710960364497,0.006079226300587534,0.041144111891071554,0.011277092453475815,7.295071560705041e-05,0.0942962124236923,0.00032915289512857243,0.55,0.012,0.65,0.008,nan,0.2389876025240353,0.2389876025240353,0.24041466389382293,0.23958320036117547,0.23199999332427979,-0.09345532565404661,-0.09345532565404661,-0.06876654655811347,-0.07440669124232974,-0.12608695030212402,0.24529583700568344,0.22349890236618794,0.24660365308405316,0.23267936804238717,0.20690759035562803,0.23422567470359273,0.021796934639495502,0.025771777686759145,-0.055359549425363454,-0.07361898879868428,0.00130781607836973,0.0015463066612055488,nan,1.0,0.0,0.308,0.7966253417467843,3.263000011444092,1.0,0,1,1,0,-4.149991989135742,-6.758024215698242,0.1561759554773535,FOLLOW_MAIN,cascade_pd_tracking,follow_main,inner_wheel_pd,lidar_disabled,FOLLOW_MAIN,COMMITTED,HOLD,1,1,1,1,1,1,2,0.46316981315612793,0.45947694778442383,0.4559774398803711,0.45253491401672363,0.44863414764404297,0.00015020370483398438,0.08728431800045655,0.028535407998788287
1784809035.602952,114.51239919662476,40.0,0.04,40.0,0.0346437680444057,34.6437680444057,0.0346437680444057,34.6437680444057,0.278,0.242754566942875,0.242754566942875,0.026187085803482908,0.17995209188927458,0.019054072424423137,0.0003142450296417949,0.15779046851286876,0.0014396167351141966,0.55,0.012,0.65,0.008,nan,0.21042854079565051,0.21042854079565051,0.208116607980088,0.20626885679302331,0.2537499964237213,-0.16609507179033842,-0.1596013030782965,-0.1267756583612781,-0.13205697462013505,0.06304347515106201,0.22120162875343552,0.24912182076731046,0.21952641723260302,0.1996554528378655,0.24879968800940802,0.19670679872757296,-0.02792019201387494,-0.04914423517154251,-0.07751205093385441,-0.13653707911596374,-0.0016752115208324963,-0.0029486541102925505,nan,1.0,0.0,0.363,0.7014284693188351,3.127000093460083,1.0,0,1,1,0,-4.051182746887207,-6.744625091552734,0.1278375315406391,FOLLOW_MAIN,cascade_pd_tracking,follow_main,inner_wheel_pd,lidar_disabled,FOLLOW_MAIN,COMMITTED,HOLD,1,1,1,1,1,1,2,7.414817810058594e-05,0.0458073616027832,0.013749122619628906,0.01047062873840332,0.007122993469238281,0.0036842823028564453,0.0030935739996493794,0.10402535499997612
1784809036.0118384,114.92128562927246,59.800000000000004,0.059800000000000006,59.800000000000004,0.052311633178938936,52.31163317893893,0.052311633178938936,52.31163317893893,0.404,0.3571047946250148,0.3571047946250148,0.04307510790330329,0.2784790499612699,0.028771398248416416,0.0005169012948396394,0.23211811650625963,0.002227832399690159,0.55,0.012,0.65,0.008,nan,0.17244955227000128,0.17244955227000128,0.16919246514361994,0.20626885679302331,0.22837498784065247,-0.25282263313819947,-0.25282263313819947,-0.1988415979465209,-0.13205697462013505,-0.03152172267436981,0.18951508000682973,0.22996293080721164,0.18708820895880682,0.15538402453317282,0.22350574461216877,0.15129672132843305,-0.04044785080038191,-0.06812172007899595,-0.052707578477950476,-0.09298894671226318,-0.0024268710480229144,-0.004087303204739757,nan,1.0,0.0,0.409,0.5748318409000043,3.239000082015991,1.0,0,1,1,0,-3.9424338340759277,-6.731868743896484,0.1278375315406391,FOLLOW_MAIN,cascade_pd_tracking,follow_main,inner_wheel_pd,lidar_disabled,FOLLOW_MAIN,COMMITTED,HOLD,1,1,1,1,1,1,2,0.4089503288269043,9.632110595703125e-05,0.4226245880126953,0.4193460941314697,0.4159982204437256,0.41255950927734375,0.04919913099911355,0.06662700199922256
1784809036.0621755,114.9716227054596,63.30000000000001,0.06330000000000001,63.30000000000001,0.05642174029801144,56.42174029801144,0.05642174029801144,56.42174029801144,0.424,0.38284396072996574,0.38284396072996574,0.04549135754644161,0.2911477330992587,0.031031957163906294,0.0005458962905572993,0.24884857447447775,0.0023291818647940693,0.55,0.012,0.65,0.008,nan,0.16747885814356142,0.16747885814356142,0.16484766479811272,0.16484766479811272,0.19574999809265137,-0.26851906187228225,-0.2628069737316649,-0.2064388554033563,-0.2064388554033563,-0.06304344534873962,0.1852183288704488,0.2150711136376826,0.1834271617844148,0.14973938741667403,0.20759304749773033,0.14626816781181065,-0.029852784767233798,-0.0578536600810563,0.014605288462378328,-0.019147679049269267,-0.0017911670860340278,-0.003471219604863378,nan,1.0,0.0,1.2069999999999999,0.5582628604785381,3.239000082015991,1.0,0,1,1,0,-3.92665696144104,-6.730288028717041,0.10255657396373963,FOLLOW_MAIN,cascade_pd_tracking,follow_main,inner_wheel_pd,lidar_disabled,FOLLOW_MAIN,COMMITTED,UNKNOWN,1,1,1,1,1,1,1,0.014147281646728516,0.010539054870605469,0.00708460807800293,0.003618955612182617,0.000102996826171875,0.017941951751708984,0.00915862999863748,0.023702278998825932
1784809036.5753608,115.48480796813965,63.30000000000001,0.06330000000000001,63.30000000000001,0.05642174029801144,56.42174029801144,0.05642174029801144,56.42174029801144,0.424,0.38284396072996574,0.38284396072996574,0.04549135754644161,0.2911477330992587,0.031031957163906294,0.0005458962905572993,0.24884857447447775,0.0023291818647940693,0.55,0.012,0.65,0.008,nan,0.1595751967065145,0.1595751967065145,0.156469783674843,0.15265968086742454,0.19574999809265137,-0.26422192673517364,-0.26422192673517364,-0.20756374304114555,-0.20653765333519228,-0.06304344534873962,0.1774101767611387,0.2150711136376826,0.17515052054854607,0.14174021665189027,0.20759304749773033,0.13778904680113988,-0.0376609368765439,-0.06585283084584007,-0.03468484159250506,-0.061224514486933584,-0.0022596562125926337,-0.003951169850750404,nan,1.0,0.0,1.2069999999999999,0.5319173223550483,3.239000082015991,1.0,0,1,1,0,-3.92665696144104,-6.730288028717041,0.07588802980123018,FOLLOW_MAIN,cascade_pd_tracking,follow_main,inner_wheel_pd,lidar_disabled,FOLLOW_MAIN,COMMITTED,UNKNOWN,1,1,1,1,1,1,1,0.4833662509918213,0.4795997142791748,0.4760000705718994,0.47245216369628906,0.00011205673217773438,0.4872140884399414,0.04992261299958045,0.0644662619997689
1784809037.0411935,115.95064067840576,114.4,0.1144,114.4,0.11123410581223525,111.23410581223526,0.11123410581223525,111.23410581223526,0.685,0.6713314574173894,0.6713314574173894,0.04562002951296161,0.22278863900896517,0.061178758196729396,0.0005474403541555394,0.4363654473213031,0.0017823091120717214,0.55,0.012,0.65,0.008,nan,0.12,0.12,0.11989622008952931,0.11848949923199258,0.12687499821186066,-0.4,-0.4,-0.3066074355205384,-0.2735488832417361,-0.28369569778442383,0.147,0.13881851189370348,0.14749088928637777,0.093,0.10464081845531914,0.09230155089268086,0.008181488106296514,-0.01164081845531914,-0.012821560597814129,-0.0023797501960650157,0.0004908892863777908,-0.0006984491073191484,nan,1.0,0.0,-1.532,0.4,2.8949999809265137,1.0,0,1,1,0,-3.789865732192993,-6.727153301239014,0.06479203020032435,FOLLOW_MAIN,cascade_pd_tracking,follow_main,inner_wheel_pd,lidar_disabled,FOLLOW_MAIN,COMMITTED,UNKNOWN,1,1,1,1,1,1,1,0.43707919120788574,8.034706115722656e-05,0.45152735710144043,0.448225736618042,0.44457435607910156,0.44089412689208984,0.05736774300021352,0.053596780000589206
1784809037.0916977,116.00114488601685,114.4,0.1144,114.4,0.11123410581223525,111.23410581223526,0.11123410581223525,111.23410581223526,0.685,0.6713314574173894,0.6713314574173894,0.04562002951296161,0.22278863900896517,0.061178758196729396,0.0005474403541555394,0.4363654473213031,0.0017823091120717214,0.55,0.012,0.65,0.008,nan,0.12,0.12,0.11989622008952931,0.12037694581147805,0.12687499821186066,-0.4,-0.4,-0.3066074355205384,-0.30418828679420057,-0.28369569778442383,0.147,0.13881851189370348,0.14749088928637777,0.093,0.10464081845531914,0.09230155089268086,0.008181488106296514,-0.01164081845531914,-0.011342502302804877,-0.0021052290688833588,0.0004908892863777908,-0.0006984491073191484,nan,1.0,0.0,-1.532,0.4,2.882999897003174,1.0,0,1,1,0,-3.789865732192993,-6.727153301239014,-0.07440817765528918,FOLLOW_MAIN,cascade_pd_tracking,follow_main,inner_wheel_pd,lidar_disabled,FOLLOW_MAIN,COMMITTED,UNKNOWN,1,1,1,1,1,1,1,6.365776062011719e-05,0.014462471008300781,0.02958369255065918,0.010857582092285156,0.007221698760986328,0.003648519515991211,0.07575342900054238,0.07198246600091807
1784809037.5753143,116.48476147651672,115.2,0.1152,115.2,0.11315758188987618,113.15758188987618,0.11315758188987618,113.15758188987618,0.6890000000000001,0.6796359404842827,0.6796359404842827,0.037532661345636514,0.17953580726819818,0.0622366700394319,0.00045039193614763816,0.4417633613147837,0.0014362864581455854,0.55,0.012,0.65,0.008,nan,0.12,0.12,0.12037694581147805,0.12037694581147805,0.10874999314546585,-0.4,-0.4,-0.30418828679420057,-0.30418828679420057,-0.31521740555763245,0.147,0.1344351396173984,0.1477538916229561,0.093,0.09608083750851686,0.093,0.0125648603826016,0.0,0.017417912863415617,0.07067998667401743,0.000753891622956096,0.0,nan,1.0,0.0,-1.9559999999999997,0.4,2.882999897003174,1.0,0,1,1,0,-3.7808971405029297,-6.728172302246094,-0.09183944561929186,FOLLOW_MAIN,cascade_pd_tracking,follow_main,inner_wheel_pd,lidar_disabled,FOLLOW_MAIN,COMMITTED,UNKNOWN,1,1,1,1,1,1,1,0.00010013580322265625,0.4801762104034424,0.47693467140197754,0.4944911003112793,0.47344160079956055,0.46975255012512207,0.002803647999826353,0.00972792700122227
1784809038.025062,116.93450927734375,110.10000000000001,0.1101,110.10000000000001,0.11189196323360534,111.89196323360534,0.11189196323360534,111.89196323360534,0.666,0.6742650807656133,0.6742650807656133,-0.002279681104638998,-0.007790052379525158,0.06154057977848294,-2.7356173255667978e-05,0.43827230249764865,-6.232041903620127e-05,0.55,0.012,0.65,0.008,nan,0.12,0.12,0.1197145663163326,0.1197145663163326,0.13050000369548798,-0.4,-0.4,-0.30317148537408223,-0.30317148537408223,-0.31521737575531006,0.147,0.14452887435614795,0.147,0.093,0.10251445612224666,0.0924291326326652,0.0,-0.009514456122246662,-0.0313531643771761,-0.01260957456856472,0.0,-0.0005708673673347997,nan,1.0,0.0,-2.656,0.4,2.819000005722046,1.0,0,1,1,0,-3.7245430946350098,-6.738795757293701,-0.195010780820006,FOLLOW_MAIN,cascade_pd_tracking,follow_main,inner_wheel_pd,lidar_disabled,FOLLOW_MAIN,COMMITTED,UNKNOWN,1,1,1,1,1,1,1,6.628036499023438e-05,0.4251885414123535,0.4427459239959717,0.4392526149749756,0.42157816886901855,0.4178581237792969,0.046952186999988044,0.06817655800114153
1784809038.0758147,116.98526191711426,105.7,0.1057,105.7,0.10693821315417223,106.93821315417223,0.10693821315417223,106.93821315417223,0.647,0.6524463545673143,0.6524463545673143,-0.008101805582427922,-0.03486406570934376,0.05881601723479473,-9.722166698913506e-05,0.42409013046875427,-0.00027891252567475007,0.55,0.012,0.65,0.008,nan,0.12,0.12,0.12,0.12,0.12687499821186066,-0.4,-0.4,-0.29999999999999993,-0.29999999999999993,-0.34673914313316345,0.147,0.14147133796559597,0.147,0.093,0.09680691534715653,0.093,0.0,0.0,-0.02567320657384287,0.02902686758469296,0.0,0.0,nan,1.0,0.0,-4.388,0.4,2.7739999294281006,1.0,0,1,1,0,-3.671323776245117,-6.756545543670654,-0.33376946770356,FOLLOW_MAIN,cascade_pd_tracking,follow_main,inner_wheel_pd,lidar_disabled,FOLLOW_MAIN,COMMITTED,UNKNOWN,1,1,1,1,1,1,1,0.007212638854980469,0.0036988258361816406,0.00013446807861328125,0.019361257553100586,0.015271186828613281,0.011244058609008789,0.009252092999304296,0.060426058998928056
1784809038.569872,117.47931909561157,93.7,0.0937,93.7,0.09731599300786245,97.31599300786245,0.09731599300786245,97.31599300786245,0.59,0.6071918986725771,0.6071918986725771,-0.02107407087383347,-0.09872362590257637,0.05352379615432435,-0.00025288885048600166,0.3946747341371751,-0.000789789007220611,0.55,0.012,0.65,0.008,nan,0.12,0.12,0.12035942118266794,0.12,0.11962500214576721,-0.4,-0.4,-0.30399356869631045,-0.29999999999999993,-0.28369560837745667,0.147,0.13501929391106857,0.1477188423653359,0.093,0.09915525573162302,0.093,0.011980706088931425,0.0,0.04269849157529912,0.020665655568964224,0.0007188423653358855,0.0,nan,1.0,0.0,-5.989999999999999,0.4,3.006999969482422,1.0,0,1,1,0,-3.617902994155884,-6.78466272354126,-0.3870722207455962,FOLLOW_MAIN,cascade_pd_tracking,follow_main,inner_wheel_pd,lidar_disabled,FOLLOW_MAIN,COMMITTED,UNKNOWN,1,1,1,1,1,1,1,0.4611063003540039,8.821487426757812e-05,0.47240686416625977,0.4903903007507324,0.46886706352233887,0.4651331901550293,0.03698783499930869,0.047511315999145154
1784809039.0609698,117.97041702270508,93.7,0.0937,93.7,0.09731599300786245,97.31599300786245,0.09731599300786245,97.31599300786245,0.59,0.6071918986725771,0.6071918986725771,-0.02107407087383347,-0.09872362590257637,0.05352379615432435,-0.00025288885048600166,0.3946747341371751,-0.000789789007220611,0.55,0.012,0.65,0.008,nan,0.12,0.12,0.12035942118266794,0.12,0.11962500214576721,-0.4,-0.4,-0.30399356869631045,-0.29999999999999993,-0.28369560837745667,0.147,0.13501929391106857,0.1477188423653359,0.093,0.09915525573162302,0.093,0.011980706088931425,0.0,0.037674834569268185,0.018234254328473868,0.0007188423653358855,0.0,nan,1.0,0.0,-5.989999999999999,0.4,3.002000093460083,1.0,0,1,1,0,-3.617902994155884,-6.78466272354126,-0.4987531787502404,FOLLOW_MAIN,cascade_pd_tracking,follow_main,inner_wheel_pd,lidar_disabled,FOLLOW_MAIN,COMMITTED,UNKNOWN,1,1,1,1,1,1,1,0.454819917678833,0.47354626655578613,0.4510507583618164,7.677078247070312e-05,0.4627816677093506,0.45896315574645996,0.05576352099888027,0.06628700199871673
1784809039.1121547,118.0216019153595,79.60000000000001,0.0796,79.60000000000001,0.0845076752066463,84.5076752066463,0.0845076752066463,84.5076752066463,0.517,0.5435485803562574,0.5435485803562574,-0.023786517522151586,-0.11825783962948405,0.04647922136365547,-0.000285438210265819,0.35330657723156733,-0.0009460627170358724,0.55,0.012,0.65,0.008,nan,0.12,0.12,0.12044765593371651,0.12044765593371651,0.10512499511241913,-0.4,-0.4,-0.3049739548190723,-0.3049739548190723,-0.28369569778442383,0.147,0.132078135542783,0.14789531186743302,0.093,0.09144635859095426,0.093,0.014921864457216993,0.0,0.08682802620335352,0.007692665001330867,0.0008953118674330196,0.0,nan,1.0,0.0,-6.941999999999999,0.4,2.940000057220459,1.0,0,1,1,0,-3.565819263458252,-6.824077129364014,-0.7010913946723024,FOLLOW_MAIN,cascade_pd_tracking,follow_main,inner_wheel_pd,lidar_disabled,FOLLOW_MAIN,COMMITTED,HOLD,1,1,1,1,1,1,2,0.00014090538024902344,0.018752098083496094,0.01520681381225586,0.011694669723510742,0.007892370223999023,0.004103899002075195,0.03654248299972096,0.012236685000971192
1784809039.5599902,118.46943736076355,61.2,0.061200000000000004,61.2,0.06905192993813461,69.0519299381346,0.06905192993813461,69.0519299381346,0.41200000000000003,0.45782449744172204,0.45782449744172204,-0.033796494558394806,-0.18708982429565713,0.03797856146597404,-0.0004055579347007377,0.29758592333711936,-0.001496718594365257,0.55,0.012,0.65,0.008,nan,0.12,0.12,0.12,0.12044765593371651,0.11962500214576721,-0.39126220662646927,-0.39126220662646927,-0.293446654969852,-0.3049739548190723,-0.34673914313316345,0.14641019894728668,0.1442437546266831,0.14641019894728668,0.09358980105271332,0.09935163772433091,0.09358980105271332,0.0,0.0,-0.01123088799683068,0.046032769024051394,0.0,0.0,nan,1.0,0.0,-7.24,0.4,2.877000093460083,1.0,0,1,1,0,-3.527146577835083,-6.8645501136779785,-0.7010913946723024,FOLLOW_MAIN,cascade_pd_tracking,follow_main,inner_wheel_pd,lidar_disabled,FOLLOW_MAIN,COMMITTED,HOLD,1,1,1,1,1,1,2,0.44793033599853516,7.414817810058594e-05,0.4629948139190674,0.45948219299316406,0.45567893981933594,0.4518904685974121,0.0530461500002275,0.006989574001636356
1784809039.6101093,118.51955652236938,55.7,0.0557,55.7,0.0649892988181511,64.9892988181511,0.0649892988181511,64.9892988181511,0.379,0.4341146540234589,0.4341146540234589,-0.03954736971480265,-0.22330972292252624,0.03574411434998311,-0.0004745684365776319,0.28217452511524826,-0.00178647778338021,0.55,0.012,0.65,0.008,nan,0.12,0.12,0.12,0.12,0.11962500214576721,-0.3732575920649972,-0.3732575920649972,-0.2799431940487478,-0.27994319418384495,-0.34673914313316345,0.1451948874643873,0.1442437546266831,0.1451948874643873,0.09480511253561269,0.09935163772433091,0.09480511253561269,0.0,0.0,-0.008600594074117448,0.035251812732456936,0.0,0.0,nan,1.0,0.0,-7.215999999999999,0.4,2.877000093460083,1.0,0,1,1,0,-3.527146577835083,-6.8645501136779785,-0.8411117950797415,FOLLOW_MAIN,cascade_pd_tracking,follow_main,inner_wheel_pd,lidar_disabled,FOLLOW_MAIN,COMMITTED,UNKNOWN,1,1,1,1,1,1,1,0.01753091812133789,0.01405954360961914,0.010530948638916016,0.007149696350097656,0.003591775894165039,8.654594421386719e-05,0.02021379799953138,0.0470150580003974
1784809040.047901,118.95734810829163,39.300000000000004,0.0393,39.300000000000004,0.04677498704711696,46.77498704711696,0.04677498704711696,46.77498704711696,0.274,0.322284121355257,0.322284121355257,-0.04271846247960804,-0.26071620778442073,0.02572624287591433,-0.0005126215497552965,0.20948467888091707,-0.0020857296622753658,0.55,0.012,0.65,0.008,nan,0.12,0.12,0.12,0.12,0.13049998879432678,-0.29021257051990457,-0.29021257051990457,-0.21765942788992837,-0.27994319418384495,-0.12608695030212402,0.13958934851009355,0.13750091791522487,0.13958934851009355,0.10041065148990644,0.10608184903521008,0.10041065148990644,0.0,0.0,0.0005877999131165921,0.004433635358932706,0.0,0.0,nan,1.0,0.0,-7.395,0.4,2.868000030517578,1.0,0,1,1,0,-3.4967854022979736,-6.907196998596191,-0.8411117950797415,FOLLOW_MAIN,cascade_pd_tracking,follow_main,inner_wheel_pd,lidar_disabled,FOLLOW_MAIN,COMMITTED,DROPOUT,1,1,1,1,1,1,3,0.43366575241088867,6.842613220214844e-05,0.4483015537261963,0.44492030143737793,0.441361665725708,0.43785643577575684,0.10164087600060157,0.09517909799978952
1784809040.0988643,119.00831151008606,33.0,0.033,33.0,0.04133966024299189,41.33966024299189,0.04133966024299189,41.33966024299189,0.231,0.28717503322418436,0.28717503322418436,-0.04235530367635598,-0.26473146192089486,0.02273681313364554,-0.0005082636441162718,0.18666377159571984,-0.002117851695367159,0.55,0.012,0.65,0.008,nan,0.12,0.12,0.12,0.12,0.13049998879432678,-0.2643744693715194,-0.2765010216235182,-0.2073757662176387,-0.21765942789238685,-0.12608695030212402,0.1386638189595875,0.13750091791522487,0.1386638189595875,0.10133618104041252,0.10608184903521008,0.10133618104041252,0.0,0.0,0.00046075358908175175,0.0034753550633866894,0.0,0.0,nan,1.0,0.0,-7.248,0.4,2.88700008392334,1.0,0,1,1,0,-3.4967854022979736,-6.907196998596191,-0.9809424028647151,FOLLOW_MAIN,cascade_pd_tracking,follow_main,inner_wheel_pd,lidar_disabled,FOLLOW_MAIN,COMMITTED,DROPOUT,1,1,1,1,1,1,3,0.0069425106048583984,0.0034224987030029297,6.771087646484375e-05,0.03362679481506348,0.014841794967651367,0.010902643203735352,0.008291444999485975,0.13170758100022795
1784809040.5650315,119.47447872161865,33.0,0.033,33.0,0.04133966024299189,41.33966024299189,0.04133966024299189,41.33966024299189,0.231,0.28717503322418436,0.28717503322418436,-0.04235530367635598,-0.26473146192089486,0.02273681313364554,-0.0005082636441162718,0.18666377159571984,-0.002117851695367159,0.55,0.012,0.65,0.008,nan,0.12,0.12,0.12,0.12,0.11599999666213989,-0.2643744693743444,-0.2643744693743444,-0.19828085203075835,-0.19828085203075835,-0.31521737575531006,0.13784527668276825,0.13734919037017804,0.13784527668276825,0.10215472331723174,0.0983791030340593,0.10215472331723174,0.0,0.0,0.00040311535412306204,0.0030406035249178,0.0,0.0,nan,1.0,0.0,-7.248,0.4,2.88700008392334,1.0,0,1,1,0,-3.488504648208618,-6.92062520980835,-1.0736795315624312,FOLLOW_MAIN,cascade_pd_tracking,follow_main,inner_wheel_pd,lidar_disabled,FOLLOW_MAIN,COMMITTED,DROPOUT,1,1,1,1,1,1,3,0.45184969902038574,0.448453426361084,0.4662349224090576,0.4627671241760254,7.772445678710938e-05,0.45551490783691406,0.02833753899903968,0.015725686000223504
1784809040.6150863,119.52453351020813,-31.700000000000006,-0.031700000000000006,-31.700000000000006,-0.019223305974671104,-19.223305974671103,-0.019223305974671104,-19.223305974671103,-0.223,-0.08091694531431835,-0.08091694531431835,-0.12659210326497466,-0.7987659189695154,-0.010572818286069107,-0.001519105239179696,-0.05259601445430693,-0.006390127351756124,0.55,0.012,0.65,0.008,nan,0.12,0.12,0.12001350126002211,0.12001350126002211,0.12324999272823334,0.0,-0.037553321068720176,-0.019304055414382036,-0.019304055414382036,-0.25217387080192566,0.12253484917213861,0.13560123125250714,0.1217508662473165,0.11746515082786138,0.10394872674675557,0.11827613627272773,-0.013066382080368533,0.013516424081105816,-0.04973318812343786,0.0415749614698841,-0.0007839829248221119,0.0008109854448663489,nan,1.0,0.0,-5.889,0.4,2.864000082015991,1.0,0,1,1,0,-3.4662513732910156,-6.963392734527588,-1.1069971811824117,FOLLOW_MAIN,cascade_pd_tracking,follow_main,inner_wheel_pd,lidar_disabled,FOLLOW_MAIN,COMMITTED,UNKNOWN,1,1,1,1,1,1,1,0.006979227066040039,0.017952680587768555,0.0035185813903808594,7.05718994140625e-05,0.014305591583251953,0.010586023330688477,0.008841407001455082,0.1120638760003203
1784809041.0395331,119.9489803314209,-31.700000000000006,-0.031700000000000006,-31.700000000000006,-0.019223305974671104,-19.223305974671103,-0.019223305974671104,-19.223305974671103,-0.223,-0.08091694531431835,-0.08091694531431835,-0.12659210326497466,-0.7987659189695154,-0.010572818286069107,-0.001519105239179696,-0.05259601445430693,-0.006390127351756124,0.55,0.012,0.65,0.008,nan,0.12,0.12,0.12001350126002211,0.12001350126002211,0.12324999272823334,0.0,-0.037553321068720176,-0.019304055414382036,-0.019304055414382036,-0.25217387080192566,0.12253484917213861,0.13560123125250714,0.1217508662473165,0.11746515082786138,0.10394872674675557,0.11827613627272773,-0.013066382080368533,0.013516424081105816,-0.04973318812343786,0.0415749614698841,-0.0007839829248221119,0.0008109854448663489,nan,1.0,0.0,-5.889,0.4,2.864000082015991,1.0,0,1,1,0,-3.4662513732910156,-6.963392734527588,-1.1242081068165883,FOLLOW_MAIN,cascade_pd_tracking,follow_main,inner_wheel_pd,lidar_disabled,FOLLOW_MAIN,COMMITTED,UNKNOWN,1,1,1,1,1,1,1,0.43141984939575195,0.44239306449890137,0.4279592037200928,0.4245107173919678,0.42087745666503906,8.702278137207031e-05,0.008841407001455082,0.1120638760003203
1784809041.0905504,119.99999761581421,-20.900000000000002,-0.020900000000000002,-20.900000000000002,-0.02337330227004454,-23.37330227004454,-0.02337330227004454,-23.37330227004454,-0.148,-0.1640787292747134,-0.1640787292747134,-0.02545195149192865,-0.2367645788432141,-0.012855316248524498,-0.0003054234179031438,-0.10665117402856371,-0.001894116630745713,0.55,0.012,0.65,0.008,nan,0.12,0.12,0.12034678980598842,0.12034678980598842,0.11237499862909317,0.06410603032574205,0.06410603032574205,0.051932742810844756,0.051932742810844756,-0.09456522762775421,0.1156728429530124,0.12364981172665872,0.1156728429530124,0.12432715704698759,0.11276749684737315,0.12502073665896446,0.0,0.011559660199614435,0.08807671470758287,0.038760180068922,0.0,0.0006935796119768661,nan,1.0,0.0,-5.216,0.4,2.9560000896453857,1.0,0,1,1,0,-3.44040584564209,-7.026861667633057,-1.2058178562948347,FOLLOW_MAIN,cascade_pd_tracking,follow_main,inner_wheel_pd,lidar_disabled,FOLLOW_MAIN,COMMITTED,DROPOUT,1,1,1,1,1,1,3,0.004043102264404297,0.02303147315979004,0.019572019577026367,0.01608729362487793,0.0001544952392578125,0.008159399032592773,0.09515107899824216,0.009965407998606679
1784809041.5959606,120.50540781021118,-20.900000000000002,-0.020900000000000002,-20.900000000000002,-0.02337330227004454,-23.37330227004454,-0.02337330227004454,-23.37330227004454,-0.148,-0.1640787292747134,-0.1640787292747134,-0.02545195149192865,-0.2367645788432141,-0.012855316248524498,-0.0003054234179031438,-0.10665117402856371,-0.001894116630745713,0.55,0.012,0.65,0.008,nan,0.12,0.12,0.12034678980598842,0.12034678980598842,0.11237499862909317,0.0641060303257408,0.0641060303257408,0.05193274281084383,0.05193274281084383,-0.09456522762775421,0.11567284295301249,0.12364981172665872,0.11567284295301249,0.1243271570469875,0.11276749684737315,0.12502073665896438,0.0,0.011559660199614352,0.06979628415496553,0.03071545698508163,0.0,0.0006935796119768611,nan,1.0,0.0,-5.216,0.4,2.9560000896453857,1.0,0,1,1,0,-3.44040584564209,-7.026861667633057,-1.208718014184712,FOLLOW_MAIN,cascade_pd_tracking,follow_main,inner_wheel_pd,lidar_disabled,FOLLOW_MAIN,COMMITTED,DROPOUT,1,1,1,1,1,1,3,0.47542405128479004,0.4940321445465088,7.510185241699219e-05,0.4869868755340576,0.48306798934936523,0.47927284240722656,0.13004519199967035,0.044859521000034874
1784809042.0808363,120.9902834892273,-42.6,-0.0426,-42.6,-0.03612142598027499,-36.12142598027499,-0.03612142598027499,-36.12142598027499,-0.295,-0.2518895256519835,-0.2518895256519835,-0.03816064464608665,-0.26369793348297904,-0.019866784289151247,-0.00045792773575303983,-0.1637281916737893,-0.0021095834678638323,0.55,0.012,0.65,0.008,nan,0.12,0.12,0.1196745407582147,0.1196745407582147,0.12325000762939453,0.13081077421228904,0.12128106392695986,0.09457701174283434,0.09457701174283434,0.0630435049533844,0.1118135281849302,0.12266216957777364,0.1111626097013596,0.12818647181506979,0.12761368943186405,0.12818647181506979,-0.01084864139284343,0.0,0.030945996551351326,-0.0022644156155904385,-0.0006509184835706058,0.0,nan,1.0,0.0,-2.6839999999999997,0.4,2.875,1.0,0,1,1,0,-3.416574001312256,-7.093354225158691,-1.2384429373062749,FOLLOW_MAIN,cascade_pd_tracking,follow_main,inner_wheel_pd,lidar_disabled,FOLLOW_MAIN,COMMITTED,UNKNOWN,1,1,1,1,1,1,1,8.797645568847656e-05,0.46735596656799316,0.4849584102630615,0.48157429695129395,0.4635777473449707,0.45985913276672363,0.02730900099959399,0.0013690559990209294
1784809042.620634,121.53008127212524,-100.0,-0.1,-100.0,-0.09678224417979978,-96.78224417979978,-0.09678224417979978,-96.78224417979978,-0.17,-0.17543174834330005,-0.17543174834330005,-0.11041999991395347,0.13960821575163643,-0.05323023429888988,-0.0013250399989674416,-0.11403063642314504,0.0011168657260130915,0.55,0.012,0.65,0.008,nan,0.14888087605879963,0.14888087605879963,0.15102254450380398,0.1196745407582147,0.11237499862909317,0.19644078383474173,0.19644078383474173,0.15491082578541976,0.09457701174283434,0.03152172267436981,0.13562112314995456,0.11129700593059397,0.1370805701831162,0.1621406289676447,0.1150757980201938,0.16496451882449176,0.02432411721936059,0.0470648309474509,0.07445473623176402,0.08146973381669498,0.0014594470331616353,0.002823889856847054,nan,1.0,0.0,1.4198398272747808,0.4962695868626654,2.8929998874664307,1.0,0,1,1,0,-3.398188352584839,-7.143959999084473,-1.2384429373062749,FOLLOW_MAIN,cascade_pd_tracking,follow_main,inner_wheel_pd,lidar_disabled,FOLLOW_MAIN,COMMITTED,HOLD,1,1,1,1,1,1,2,0.5398774147033691,0.4939730167388916,7.390975952148438e-05,1.0213639736175537,1.0033676624298096,0.9996488094329834,0.04786728100043547,0.05139005900127813
1784809043.0414872,121.95093441009521,-100.0,-0.1,-100.0,-0.09678224417979978,-96.78224417979978,-0.09678224417979978,-96.78224417979978,-0.17,-0.17543174834330005,-0.17543174834330005,-0.11041999991395347,0.13960821575163643,-0.05323023429888988,-0.0013250399989674416,-0.11403063642314504,0.0011168657260130915,0.55,0.012,0.65,0.008,nan,0.14888087605879963,0.14888087605879963,0.15102254450380398,0.14901240212774086,0.11237499862909317,0.19644078383474173,0.19644078383474173,0.15491082578541976,0.14995043454381365,0.03152172267436981,0.13562112314995456,0.11129700593059397,0.1370805701831162,0.1621406289676447,0.1150757980201938,0.16496451882449176,0.02432411721936059,0.0470648309474509,0.07445473623176402,0.08146973381669498,0.0014594470331616353,0.002823889856847054,nan,1.0,0.0,1.4198398272747808,0.4962695868626654,2.8929998874664307,1.0,0,1,1,0,-3.398188352584839,-7.143959999084473,-1.218206112237393,FOLLOW_MAIN,cascade_pd_tracking,follow_main,inner_wheel_pd,lidar_disabled,FOLLOW_MAIN,COMMITTED,HOLD,1,1,1,1,1,1,2,0.9607434272766113,0.9148387908935547,0.4209401607513428,0.41751599311828613,0.41411375999450684,0.000110626220703125,0.04786728100043547,0.05139005900127813
1784809043.0918622,122.00130939483643,-101.5,-0.1015,-101.5,-0.10149277231569068,-101.49277231569067,-0.10149277231569068,-101.49277231569067,-0.17200000000000001,-0.17199570171788509,-0.17199570171788509,-0.0038685790169142196,0.0024597002357625527,-0.05582102477362988,-4.642294820297064e-05,-0.1117972061166253,1.9677601886100423e-05,0.55,0.012,0.65,0.008,nan,0.1445216870729205,0.1445216870729205,0.14408317647858376,0.14412851202561655,0.1522499918937683,0.19310496895185425,0.19310496895185425,0.14970106665096583,0.14968792640080733,3.2393828064414265e-08,0.13148710166867034,0.14610412147989513,0.13061008047999684,0.1575562724771707,0.1515386562451352,0.1575562724771707,-0.01461701981122479,0.0,-0.07650584706334697,-0.06272368539888738,-0.0008770211886734874,0.0,nan,1.0,0.0,1.1025139890727962,0.48173895690973506,2.7660000324249268,1.0,0,1,1,0,-3.350691795349121,-7.269285678863525,-1.20203557876211,FOLLOW_MAIN,cascade_pd_tracking,follow_main,inner_wheel_pd,lidar_disabled,FOLLOW_MAIN,COMMITTED,HOLD,1,1,1,1,1,1,2,0.003453493118286133,7.82012939453125e-05,0.018671274185180664,0.015312910079956055,0.011651277542114258,0.007528543472290039,0.072112449000997,0.019546983001418994
1784809043.624276,122.53372311592102,-30.6,-0.030600000000000002,-30.6,-0.0758824098816598,-75.8824098816598,-0.0758824098816598,-75.8824098816598,-0.215,-0.19590969078473908,-0.19590969078473908,0.08967240308857619,-0.08380348359254448,-0.041735325434912894,0.0010760688370629143,-0.1273412990100804,-0.0006704278687403559,0.55,0.012,0.65,0.008,nan,0.15324780017758283,0.15324780017758283,0.15324780017758283,0.14404157204700926,0.14499999582767487,0.13293464552836837,0.13293464552836837,0.09970098414627629,0.14970984211879756,0.18913042545318604,0.14427471160441796,0.13707870137711886,0.14427471160441796,0.1622208887507477,0.15883297225134774,0.1622208887507477,0.0,0.0,0.06984707434485274,-0.0017134722612998517,0.0,0.0,nan,1.0,0.0,-4.96,0.5108260005919428,2.5999999046325684,1.0,0,1,1,0,-3.31864595413208,-7.34609317779541,-1.185392060744682,FOLLOW_MAIN,cascade_pd_tracking,follow_main,inner_wheel_pd,lidar_disabled,FOLLOW_MAIN,COMMITTED,UNKNOWN,1,1,1,1,1,1,1,0.496293306350708,9.512901306152344e-05,0.5071864128112793,0.5255496501922607,0.5035836696624756,0.5000560283660889,0.0314182059992163,0.013695870999072213
1784809044.0509396,122.96038675308228,-30.6,-0.030600000000000002,-30.6,-0.0758824098816598,-75.8824098816598,-0.0758824098816598,-75.8824098816598,-0.215,-0.19590969078473908,-0.19590969078473908,0.08967240308857619,-0.08380348359254448,-0.041735325434912894,0.0010760688370629143,-0.1273412990100804,-0.0006704278687403559,0.55,0.012,0.65,0.008,nan,0.15324780017758283,0.15324780017758283,0.15324780017758283,0.15324780017758283,0.14499999582767487,0.13293464552836837,0.13293464552836837,0.09970098414627629,0.09970098414627629,0.18913042545318604,0.14427471160441796,0.13707870137711886,0.14427471160441796,0.1622208887507477,0.15883297225134774,0.1622208887507477,0.0,0.0,0.06984707434485274,-0.0017134722612998517,0.0,0.0,nan,1.0,0.0,-4.96,0.5108260005919428,2.5999999046325684,1.0,0,1,1,0,-3.31864595413208,-7.34609317779541,-1.1245552524675226,FOLLOW_MAIN,cascade_pd_tracking,follow_main,inner_wheel_pd,lidar_disabled,FOLLOW_MAIN,COMMITTED,UNKNOWN,1,1,1,1,1,1,1,0.9229676723480225,0.426769495010376,0.42328739166259766,0.42003631591796875,8.511543273925781e-05,0.9267308712005615,0.0314182059992163,0.013695870999072213
1784809044.1015265,123.01097369194031,-24.8,-0.0248,-24.8,-0.0362843211850975,-36.284321185097504,-0.0362843211850975,-36.284321185097504,-0.176,-0.19489343915005725,-0.19489343915005725,0.15475473233950915,-0.028722021077060476,-0.019956376651803626,0.0018570567880741098,-0.12668073544753722,-0.00022977616861648382,0.55,0.012,0.65,0.008,nan,0.12,0.12,0.11908547202607694,0.11908547202607694,0.12687499821186066,0.08805290225477921,0.08805290225477921,0.06526831227644178,0.06526831227644178,0.09456522762775421,0.11405642909780239,0.12814151537455581,0.11321132392119719,0.1259435709021976,0.14234275042287908,0.12495962013095671,-0.014085086276753422,-0.016399179520681484,0.015573538447798218,0.008650380627580816,-0.0008451051766052054,-0.000983950771240889,nan,1.0,0.0,-6.026999999999999,0.4,2.4779999256134033,1.0,0,1,1,0,-3.294262647628784,-7.396385192871094,-1.116390883673961,FOLLOW_MAIN,cascade_pd_tracking,follow_main,inner_wheel_pd,lidar_disabled,FOLLOW_MAIN,COMMITTED,UNKNOWN,1,1,1,1,1,1,1,0.00014495849609375,0.018622398376464844,0.015066146850585938,0.011630535125732422,0.007900476455688477,0.0041468143463134766,0.3187295379993884,0.06553528199947323
1784809044.6138048,123.52325201034546,-24.8,-0.0248,-24.8,-0.0362843211850975,-36.284321185097504,-0.0362843211850975,-36.284321185097504,-0.176,-0.19489343915005725,-0.19489343915005725,0.15475473233950915,-0.028722021077060476,-0.019956376651803626,0.0018570567880741098,-0.12668073544753722,-0.00022977616861648382,0.55,0.012,0.65,0.008,nan,0.12,0.12,0.11933828297547439,0.11992105030949886,0.12687499821186066,0.08786906525589214,0.08786906525589214,0.06536302876262168,0.18683229374258353,0.09456522762775421,0.11406883809522728,0.12428929990170805,0.11345561038683843,0.12593116190477271,0.1377679342491459,0.12522095556411034,-0.010220461806480771,-0.011836772344373192,0.033019597370675766,0.03153578828277299,-0.0006132277083888462,-0.0007102063406623915,nan,1.0,0.0,-6.026999999999999,0.4,2.4779999256134033,1.0,0,1,1,0,-3.289093255996704,-7.406424045562744,-1.1028362335233561,FOLLOW_MAIN,cascade_pd_tracking,follow_main,inner_wheel_pd,lidar_disabled,FOLLOW_MAIN,COMMITTED,UNKNOWN,1,1,1,1,1,1,1,0.4896507263183594,0.48594069480895996,0.482374906539917,6.818771362304688e-05,0.4977147579193115,0.49374914169311523,0.35913298500054225,0.021898946000874275
1784809045.037697,123.94714426994324,-171.0,-0.171,-171.0,-0.15531517885764756,-155.31517885764757,-0.15531517885764756,-155.31517885764757,-0.295,-0.29337171622146163,-0.29337171622146163,-0.23807720269757593,-0.12895312513994256,-0.08542334837170616,-0.0028569264323709113,-0.19069161554395006,-0.0010316250011195404,0.55,0.012,0.65,0.008,nan,0.12,0.12,0.11992105030949887,0.1203570781263687,0.12687499821186066,0.249263537672952,0.24526793270065145,0.1938359858839649,0.19643823578677128,-0.0315217524766922,0.10344441454270602,0.11958779725543929,0.10247581157994202,0.13655558545729396,0.12304385909459835,0.1373662890390557,-0.016143382712733273,0.013511726362695611,-0.05914825836035787,0.04714868428906281,-0.0009686029627639964,0.0008107035817617366,nan,1.0,0.0,-1.563844980957259,0.4,2.5209999084472656,1.0,0,1,1,0,-3.2623729705810547,-7.4554524421691895,-1.0793834260184878,FOLLOW_MAIN,cascade_pd_tracking,follow_main,inner_wheel_pd,lidar_disabled,FOLLOW_MAIN,COMMITTED,HOLD,1,1,1,1,1,1,2,0.41274166107177734,0.4092388153076172,0.4058725833892822,8.368492126464844e-05,0.4204080104827881,0.4166758060455322,0.004605426998750772,0.05199431899927731
1784809045.0893638,123.99881100654602,-171.0,-0.171,-171.0,-0.17063732054594552,-170.63732054594553,-0.17063732054594552,-170.63732054594553,-0.295,-0.29496234926324716,-0.29496234926324716,-0.07212583898578673,-0.029183403798538194,-0.09385052630027005,-0.0008655100678294407,-0.19172552702111065,-0.00023346723038830555,0.55,0.012,0.65,0.008,nan,0.12,0.12,0.12035708533971293,0.12035708533971293,0.11237500607967377,0.25663116354442245,0.25663116354442245,0.1964409875440161,0.1964409875440161,0.1576087325811386,0.10267739646075148,0.10271095311434222,0.10267739646075148,0.13732260353924852,0.12541975888215076,0.13803677421867439,0.0,0.01190284465709776,0.041733074022811366,-0.002321040087915493,0.0,0.0007141706794258656,nan,1.0,0.0,-1.5638455819384802,0.4,2.4700000286102295,1.0,0,1,1,0,-3.2379539012908936,-7.498021602630615,-1.0463797176396947,FOLLOW_MAIN,cascade_pd_tracking,follow_main,inner_wheel_pd,lidar_disabled,FOLLOW_MAIN,COMMITTED,HOLD,1,1,1,1,1,1,2,0.00015735626220703125,0.0193636417388916,0.015849828720092773,0.012301921844482422,0.008336305618286133,0.004262208938598633,0.06938272700062953,0.07095707900043635
1784809045.5253701,124.43481731414795,-171.0,-0.171,-171.0,-0.17095353005602557,-170.95353005602556,-0.17095353005602557,-170.95353005602556,-0.295,-0.2949951758292124,-0.2949951758292124,-0.031524442057730556,-0.012489080597834275,-0.09402444153081407,-0.0003782933046927667,-0.19174686428898807,-9.99126447826742e-05,0.55,0.012,0.65,0.008,nan,0.12,0.12,0.11922084295479718,0.12035709710932169,0.1341249942779541,0.25622322568362665,0.25622322568362665,0.19321845486970757,0.19644547743179758,0.22065214812755585,0.10270493226635519,0.11726743643021675,0.1018311820165235,0.1372950677336448,0.148704465076544,0.13661050389307086,-0.014562504163861567,-0.011409397342899197,-0.02098735640411836,-0.049494856758896255,-0.000873750249831694,-0.0006845638405739518,nan,1.0,0.0,-1.563845582921342,0.4,2.4140000343322754,1.0,0,1,1,0,-3.203643321990967,-7.549750804901123,-1.0099092841510584,FOLLOW_MAIN,cascade_pd_tracking,follow_main,inner_wheel_pd,lidar_disabled,FOLLOW_MAIN,COMMITTED,HOLD,1,1,1,1,1,1,2,0.3905320167541504,6.67572021484375e-05,0.4170725345611572,0.41373109817504883,0.41001200675964355,0.39454054832458496,0.3065510020005604,0.016516278999915812
1784809045.5760944,124.48554158210754,-171.0,-0.171,-171.0,-0.17095353005602557,-170.95353005602556,-0.17095353005602557,-170.95353005602556,-0.295,-0.2949951758292124,-0.2949951758292124,-0.031524442057730556,-0.012489080597834275,-0.09402444153081407,-0.0003782933046927667,-0.19174686428898807,-9.99126447826742e-05,0.55,0.012,0.65,0.008,nan,0.12,0.12,0.11922084295479718,0.11922084295479718,0.1341249942779541,0.256223401684921,0.256223401684921,0.19321859479073644,0.19321859479073644,0.22065214812755585,0.10270492038626783,0.11726743643021675,0.1018311694236309,0.13729507961373216,0.148704465076544,0.13661051648596345,-0.014562516043948925,-0.011409385462811839,-0.014126367886220103,-0.0333142485725568,-0.0008737509626369355,-0.0006845631277687103,nan,1.0,0.0,-1.563845582921342,0.4,2.4140000343322754,1.0,0,1,1,0,-3.203643321990967,-7.549750804901123,-0.9660307032290841,FOLLOW_MAIN,cascade_pd_tracking,follow_main,inner_wheel_pd,lidar_disabled,FOLLOW_MAIN,COMMITTED,HOLD,1,1,1,1,1,1,2,0.014973878860473633,0.011335372924804688,0.00785064697265625,0.00426793098449707,0.00019288063049316406,0.018909454345703125,0.36593324699970253,0.07589852399905794
1784809045.6267343,124.53618144989014,-171.0,-0.171,-171.0,-0.17099887588460877,-170.99887588460876,-0.17099887588460877,-170.99887588460876,-0.295,-0.2949998833025356,-0.2949998833025356,-0.006781954314435234,-0.0026587501970181233,-0.09404938173653483,-8.138345177322281e-05,-0.19174992414664815,-2.1270001576144988e-05,0.55,0.012,0.65,0.008,nan,0.12,0.12,0.11962197763807282,0.11962197763807282,0.11962500214576721,0.2558759232087023,0.2558759232087023,0.1961071908723841,0.1961071908723841,0.09456519782543182,0.10272837518341259,0.1153291205809848,0.10197233045955825,0.1372716248165874,0.13777620994974918,0.1372716248165874,-0.012600745397572208,0.0,-0.00023551101793690127,0.03664178945400148,-0.0007560447238543325,0.0,nan,1.0,0.0,-1.5638455830374518,0.4,2.4140000343322754,1.0,0,1,1,0,-3.197443723678589,-7.557960510253906,-0.924012798983312,FOLLOW_MAIN,cascade_pd_tracking,follow_main,inner_wheel_pd,lidar_disabled,FOLLOW_MAIN,COMMITTED,HOLD,1,1,1,1,1,1,2,5.7220458984375e-05,0.01722407341003418,0.013932943344116211,0.010548830032348633,0.006968021392822266,0.003533601760864258,0.03135996499986504,0.03468853999947896
1784809046.0842104,124.99365758895874,-171.0,-0.171,-171.0,-0.17099887588460877,-170.99887588460876,-0.17099887588460877,-170.99887588460876,-0.295,-0.2949998833025356,-0.2949998833025356,-0.006781954314435234,-0.0026587501970181233,-0.09404938173653483,-8.138345177322281e-05,-0.19174992414664815,-2.1270001576144988e-05,0.55,0.012,0.65,0.008,nan,0.12,0.12,0.11962197756041353,0.11962197756041353,0.11962500214576721,0.25587596155897535,0.25587596155897535,0.19610722049797003,0.19610722049797003,0.09456519782543182,0.10272837259476916,0.1153291205809848,0.10197232771559622,0.13727162740523083,0.13777620994974918,0.13727162740523083,-0.012600747986215632,0.0,-0.00019882208481677714,0.03093110187173421,-0.0007560448791729379,0.0,nan,1.0,0.0,-1.5638455830374518,0.4,2.4140000343322754,1.0,0,1,1,0,-3.197443723678589,-7.557960510253906,-0.8926798256307921,FOLLOW_MAIN,cascade_pd_tracking,follow_main,inner_wheel_pd,lidar_disabled,FOLLOW_MAIN,COMMITTED,HOLD,1,1,1,1,1,1,2,0.4575614929199219,0.45419979095458984,0.450772762298584,0.44725847244262695,0.0001232624053955078,0.46103954315185547,0.05677404000016395,0.06010261499977787
1784809046.1374514,125.04689860343933,-195.3,-0.1953,-195.3,-0.19257037116177397,-192.57037116177398,-0.19257037116177397,-192.57037116177398,-0.338,-0.3419985530111545,-0.3419985530111545,-0.06799600639741217,0.03962289788552504,-0.10591370413897569,-0.000815952076768946,-0.22229905945725043,0.0003169831830842003,0.55,0.012,0.65,0.008,nan,0.12,0.12,0.12056384483841034,0.12056295436189648,0.10875000059604645,0.2975582776167512,0.2975582776167512,0.22943365086156725,0.22909395056183868,0.18913045525550842,0.09991481626086929,0.09830811026802354,0.09991481626086929,0.1400851837391307,0.12129035579211896,0.1412128734159514,0.0,0.018794827947011747,0.007337452524145073,0.005681756148662804,0.0,0.0011276896768207048,nan,1.0,0.0,-1.783733783315914,0.4,2.2279999256134033,1.0,0,1,1,0,-3.157698631286621,-7.605258941650391,-0.8596769922771056,FOLLOW_MAIN,cascade_pd_tracking,follow_main,inner_wheel_pd,lidar_disabled,FOLLOW_MAIN,COMMITTED,HOLD,1,1,1,1,1,1,2,0.009953498840332031,0.0065958499908447266,0.0033326148986816406,8.630752563476562e-05,0.017551422119140625,0.01394200325012207,0.0342813909992401,0.006953389000045718
1784809046.578739,125.48818612098694,-195.3,-0.1953,-195.3,-0.19257037116177397,-192.57037116177398,-0.19257037116177397,-192.57037116177398,-0.338,-0.3419985530111545,-0.3419985530111545,-0.06799600639741217,0.03962289788552504,-0.10591370413897569,-0.000815952076768946,-0.22229905945725043,0.0003169831830842003,0.55,0.012,0.65,0.008,nan,0.12,0.12,0.12056384483841034,0.12056295436189648,0.10875000059604645,0.2975582776167512,0.2975582776167512,0.22943365086156725,0.22909395056183868,0.18913045525550842,0.09991481626086929,0.09830811026802354,0.09991481626086929,0.1400851837391307,0.12129035579211896,0.1412128734159514,0.0,0.018794827947011747,0.007337452524145073,0.005681756148662804,0.0,0.0011276896768207048,nan,1.0,0.0,-1.783733783315914,0.4,2.2279999256134033,1.0,0,1,1,0,-3.157698631286621,-7.605258941650391,-0.7983985876908357,FOLLOW_MAIN,cascade_pd_tracking,follow_main,inner_wheel_pd,lidar_disabled,FOLLOW_MAIN,COMMITTED,HOLD,1,1,1,1,1,1,2,0.451218843460083,0.4478609561920166,0.4445979595184326,0.44135189056396484,9.34600830078125e-05,0.45520734786987305,0.0342813909992401,0.006953389000045718
1784809046.6316738,125.54112100601196,-129.20000000000002,-0.1292,-129.20000000000002,-0.13008748703155842,-130.08748703155842,-0.13008748703155842,-130.08748703155842,-0.745,-0.6556819362214178,-0.6556819362214178,0.09991312080695883,-0.6730014140558171,-0.07154811786735714,0.001198957449683506,-0.4261932585439216,-0.005384011312446538,0.55,0.012,0.65,0.008,nan,0.12,0.12,0.1205120887874191,0.1205120887874191,0.10875000059604645,0.4,0.4,0.3056898754157678,0.3056898754157678,0.31521737575531006,0.093,0.0946861416391796,0.093,0.147,0.12993037375269623,0.1480241775748382,0.0,0.017069626247303765,0.024092897893549486,0.01261025648327588,0.0,0.0010241775748382259,nan,1.0,0.0,0.0,0.4,2.1429998874664307,1.0,0,1,1,0,-3.1201133728027344,-7.642444610595703,-0.7665621115737453,FOLLOW_MAIN,cascade_pd_tracking,follow_main,inner_wheel_pd,lidar_disabled,FOLLOW_MAIN,COMMITTED,HOLD,1,1,1,1,1,1,2,0.0033898353576660156,7.009506225585938e-05,0.017671585083007812,0.014242887496948242,0.010709762573242188,0.006995201110839844,0.03334276200075692,0.04765244800000801
1784809047.0623882,125.97183537483215,-129.20000000000002,-0.1292,-129.20000000000002,-0.13008748703155842,-130.08748703155842,-0.13008748703155842,-130.08748703155842,-0.745,-0.6556819362214178,-0.6556819362214178,0.09991312080695883,-0.6730014140558171,-0.07154811786735714,0.001198957449683506,-0.4261932585439216,-0.005384011312446538,0.55,0.012,0.65,0.008,nan,0.12,0.12,0.1205120887874191,0.1205120887874191,0.10875000059604645,0.4,0.4,0.3056898754157678,0.3056898754157678,0.31521737575531006,0.093,0.0946861416391796,0.093,0.147,0.12993037375269623,0.1480241775748382,0.0,0.017069626247303765,0.024092897893549486,0.01261025648327588,0.0,0.0010241775748382259,nan,1.0,0.0,0.0,0.4,2.1429998874664307,1.0,0,1,1,0,-3.1201133728027344,-7.642444610595703,-0.7400843136947384,FOLLOW_MAIN,cascade_pd_tracking,follow_main,inner_wheel_pd,lidar_disabled,FOLLOW_MAIN,COMMITTED,HOLD,1,1,1,1,1,1,2,0.43412113189697266,0.4308016300201416,0.42740797996520996,0.4449746608734131,0.42388486862182617,9.703636169433594e-05,0.03334276200075692,0.04765244800000801
1784809047.1134279,126.0228750705719,-187.20000000000002,-0.1872,-187.20000000000002,-0.1862556822566661,-186.25568225666612,-0.1862556822566661,-186.25568225666612,-0.326,-0.3653098717929143,-0.3653098717929143,-0.0570897390578167,0.4828736213102682,-0.10244062524116637,-0.0006850768686938004,-0.2374514166653943,0.0038629889704821455,0.55,0.012,0.65,0.008,nan,0.12,0.12,0.12,0.12,0.12687499821186066,0.2993471921284894,0.34491047529973007,0.2586828564747975,0.2586828564747975,0.22065217792987823,0.09671854291726821,0.09836052855513869,0.09671854291726821,0.14328145708273177,0.14067333913655494,0.14328145708273177,0.0,0.0,-0.020377704877639506,-0.043251716133253744,0.0,0.0,nan,1.0,0.0,-1.9859259466558457,0.4,2.109999895095825,1.0,0,1,1,0,-3.0729758739471436,-7.678320407867432,-0.6395937198115849,FOLLOW_MAIN,cascade_pd_tracking,follow_main,inner_wheel_pd,lidar_disabled,FOLLOW_MAIN,COMMITTED,HOLD,1,1,1,1,1,1,2,0.0036666393280029297,0.0001327991485595703,0.018976211547851562,0.015463590621948242,0.011567115783691406,0.0076181888580322266,0.0010854259999177884,0.019460279001577874
1784809047.5837061,126.49315333366394,-187.20000000000002,-0.1872,-187.20000000000002,-0.1862556822566661,-186.25568225666612,-0.1862556822566661,-186.25568225666612,-0.326,-0.3653098717929143,-0.3653098717929143,-0.0570897390578167,0.4828736213102682,-0.10244062524116637,-0.0006850768686938004,-0.2374514166653943,0.0038629889704821455,0.55,0.012,0.65,0.008,nan,0.12,0.12,0.12,0.12,0.12687499821186066,0.29923027302315797,0.330935298699842,0.2482014740248814,0.2482014740248814,0.22065217792987823,0.09766186733776067,0.09836052855513869,0.09766186733776067,0.14233813266223933,0.14067333913655494,0.14233813266223933,0.0,0.0,-0.017838240311651696,-0.03786169791490745,0.0,0.0,nan,1.0,0.0,-1.9859259466558457,0.4,2.109999895095825,1.0,0,1,1,0,-3.0729758739471436,-7.678320407867432,-0.5693317543231511,FOLLOW_MAIN,cascade_pd_tracking,follow_main,inner_wheel_pd,lidar_disabled,FOLLOW_MAIN,COMMITTED,HOLD,1,1,1,1,1,1,2,0.00010037422180175781,0.45267510414123535,0.4668915271759033,0.4493749141693115,0.4458932876586914,0.44211912155151367,0.021049963999757892,0.03942481700141798
1784809047.6370227,126.5464699268341,-69.5,-0.0695,-69.5,-0.1670457528227019,-167.0457528227019,-0.1670457528227019,-167.0457528227019,-0.52,-0.3891669365847731,-0.3891669365847731,0.06629350280682657,-0.13620191861871173,-0.09187516405248605,0.0007955220336819188,-0.2529585087801025,-0.0010896153489496937,0.55,0.012,0.65,0.008,nan,0.12,0.12,0.12,0.12,0.11962500214576721,0.3241908646241439,0.30621774594815665,0.22966330946111752,0.22966330946111752,0.22065220773220062,0.09933030214849942,0.10275145526149754,0.09933030214849942,0.14066969785150057,0.13955659698723497,0.14066969785150057,0.0,0.0,-0.0006321921213103536,-0.0013418289418156652,0.0,0.0,nan,1.0,0.0,-0.5237735283249717,0.4,2.0239999294281006,1.0,0,1,1,0,-3.0221047401428223,-7.7060627937316895,-0.504617340114584,FOLLOW_MAIN,cascade_pd_tracking,follow_main,inner_wheel_pd,lidar_disabled,FOLLOW_MAIN,COMMITTED,UNKNOWN,1,1,1,1,1,1,1,0.010786294937133789,0.007347583770751953,0.0036988258361816406,0.0001704692840576172,0.018109798431396484,0.014465093612670898,0.026699575999373337,0.0720733210000617
1784809048.180019,127.0894660949707,-69.5,-0.0695,-69.5,-0.1670457528227019,-167.0457528227019,-0.1670457528227019,-167.0457528227019,-0.52,-0.3891669365847731,-0.3891669365847731,0.06629350280682657,-0.13620191861871173,-0.09187516405248605,0.0007955220336819188,-0.2529585087801025,-0.0010896153489496937,0.55,0.012,0.65,0.008,nan,0.12,0.12,0.12,0.12,0.11962500214576721,0.3241908646241439,0.30621774594815665,0.22966330946111752,0.22966330946111752,0.22065220773220062,0.09933030214849942,0.10275145526149754,0.09933030214849942,0.14066969785150057,0.13955659698723497,0.14066969785150057,0.0,0.0,-0.0006321921213103536,-0.0013418289418156652,0.0,0.0,nan,1.0,0.0,-0.5237735283249717,0.4,2.0239999294281006,1.0,0,1,1,0,-3.0221047401428223,-7.7060627937316895,-0.46376479127200393,FOLLOW_MAIN,cascade_pd_tracking,follow_main,inner_wheel_pd,lidar_disabled,FOLLOW_MAIN,COMMITTED,UNKNOWN,1,1,1,1,1,1,1,7.2479248046875e-05,0.5502572059631348,0.5466082096099854,0.5430796146392822,0.5389628410339355,0.5350542068481445,0.026699575999373337,0.0720733210000617
1784809048.6352134,127.5446605682373,-110.2,-0.1102,-110.2,-0.11641245872306617,-116.41245872306617,-0.11641245872306617,-116.41245872306617,-0.667,-0.6934142284247743,-0.6934142284247743,0.03508528105618351,-0.011601590590426925,-0.0640268522976864,0.0004210233726742022,-0.4507192484761033,-9.28127247234154e-05,0.55,0.012,0.65,0.008,nan,0.12,0.12,0.12027323938727101,0.12,0.11962500214576721,0.4,0.4,0.3030359931919001,0.22966330946111752,0.28369566798210144,0.093,0.10038370406896843,0.093,0.147,0.13789202042429952,0.14754647877454202,0.0,0.009107979575700476,0.04289354702956431,0.014659955678097848,0.0,0.0005464787745420285,nan,1.0,0.0,-2.49,0.4,1.9459999799728394,1.0,0,1,1,0,-2.9024674892425537,-7.7437005043029785,-0.46376479127200393,FOLLOW_MAIN,cascade_pd_tracking,follow_main,inner_wheel_pd,lidar_disabled,FOLLOW_MAIN,COMMITTED,UNKNOWN,1,1,1,1,1,1,1,0.4552919864654541,0.00010514259338378906,1.0018277168273926,0.9982988834381104,0.9941823482513428,0.9902739524841309,0.08274809900103719,0.026942075999613735
1784809049.1146514,128.02409863471985,-105.4,-0.10540000000000001,-105.4,-0.11240361432476992,-112.40361432476992,-0.11240361432476992,-112.40361432476992,-0.645,-0.6763693615892307,-0.6763693615892307,0.03634535124492101,0.050140435552913906,-0.06182198787862346,0.00043614421493905214,-0.43964008503299995,0.0004011234844233113,0.55,0.012,0.65,0.008,nan,0.12,0.12,0.12027323938727101,0.12027323938727101,0.11962500214576721,0.4,0.4,0.3030359931919001,0.3030359931919001,0.28369566798210144,0.093,0.10038370406896843,0.093,0.147,0.13789202042429952,0.14754647877454202,0.0,0.009107979575700476,0.03185635620739148,0.010887716274528858,0.0,0.0005464787745420285,nan,1.0,0.0,-2.588,0.4,1.9830000400543213,1.0,0,1,1,0,-2.9024674892425537,-7.7437005043029785,-0.20746099899739084,FOLLOW_MAIN,cascade_pd_tracking,follow_main,inner_wheel_pd,lidar_disabled,FOLLOW_MAIN,COMMITTED,UNKNOWN,1,1,1,1,1,1,1,0.44670772552490234,0.44307422637939453,0.43952417373657227,0.4359564781188965,0.43222570419311523,7.295608520507812e-05,0.023724983000647626,0.07156474600014917
1784809049.1652591,128.07470631599426,-75.5,-0.0755,-75.5,-0.08882288607084216,-88.82288607084216,-0.08882288607084216,-88.82288607084216,-0.495,-0.5647021068955682,-0.5647021068955682,0.0470705647103751,0.21243356091586824,-0.04885258733896319,0.0005648467765245012,-0.36705636948211934,0.001699468487326946,0.55,0.012,0.65,0.008,nan,0.12,0.12,0.12,0.12030613014648375,0.12687499821186066,0.3651205032798857,0.3651205032798857,0.27384037745991435,0.27920497467991434,0.28369569778442383,0.09535436602860771,0.10104506794531065,0.09535436602860771,0.1446456339713923,0.140419606634977,0.1446456339713923,0.0,0.0,0.0011782826798933312,-0.04711574067488327,0.0,0.0,nan,1.0,0.0,-2.25,0.4,1.9329999685287476,1.0,0,1,1,0,-2.8364791870117188,-7.747835159301758,-0.05681861363181958,FOLLOW_MAIN,cascade_pd_tracking,follow_main,inner_wheel_pd,lidar_disabled,FOLLOW_MAIN,COMMITTED,UNKNOWN,1,1,1,1,1,1,1,0.003663778305053711,0.0001201629638671875,0.018735885620117188,0.015195608139038086,0.011291742324829102,0.007473945617675781,0.022094391000791802,0.0009806119996937923
1784809049.6410453,128.5504925251007,-29.8,-0.0298,-29.8,-0.045089069912316204,-45.089069912316205,-0.045089069912316204,-45.089069912316205,-0.21,-0.30969254236327964,-0.30969254236327964,0.09861015330767803,0.581222719228586,-0.024798988451773914,0.0011833218396921363,-0.2013001525361318,0.004649781753828688,0.55,0.012,0.65,0.008,nan,0.15037625288672402,0.13956314816023224,0.14069735239781786,0.12,0.10512499511241913,0.2396235726899196,0.2396235726899196,0.16711541021093287,0.27384037745991435,0.5358695387840271,0.12338855700366266,0.08558174908414226,0.1256569654788339,0.15573773931680182,0.1550192704777694,0.15573773931680182,0.0378068079195204,0.0,0.17969237104849023,0.04478036463228107,0.002268408475171224,0.0,nan,1.0,0.0,1.65,0.5012541762890801,1.899999976158142,1.0,0,1,1,0,-2.7848944664001465,-7.7426323890686035,-0.022806771538056256,FOLLOW_MAIN,cascade_pd_tracking,follow_main,inner_wheel_pd,lidar_disabled,FOLLOW_MAIN,COMMITTED,UNKNOWN,1,1,1,1,1,1,1,0.45731401443481445,6.937980651855469e-05,0.472339391708374,0.4689061641693115,0.46517491340637207,0.4611945152282715,0.05402996700104268,0.04504226300014125
1784809050.1094658,129.0189130306244,-20.5,-0.0205,-20.5,-0.03796122930929625,-37.96122930929625,-0.03796122930929625,-37.96122930929625,-0.145,-0.2632153821860703,-0.2632153821860703,0.1020478807718794,0.6178538707131772,-0.02087867612011294,0.0012245745692625529,-0.17108999842094572,0.004942830965705418,0.55,0.012,0.65,0.008,nan,0.15074390283701472,0.14550487312022597,0.14686996907617883,0.14686996907617883,0.10512499511241913,0.21248371334775495,0.213628525989947,0.14505366164853944,0.14505366164853944,0.5358695387840271,0.13108494761590456,0.08558174908414226,0.1338151395278103,0.1599247986245474,0.1550192704777694,0.1599247986245474,0.045503198531762296,0.0,0.18573592145518605,0.03495976680938387,0.0027301919119057374,0.0,nan,1.0,0.0,1.916,0.5024796761233824,1.8890000581741333,1.0,0,1,1,0,-2.7848944664001465,-7.7426323890686035,0.1178430243782078,FOLLOW_MAIN,cascade_pd_tracking,follow_main,inner_wheel_pd,lidar_disabled,FOLLOW_MAIN,COMMITTED,UNKNOWN,1,1,1,1,1,1,1,0.429027795791626,0.4474449157714844,0.44417405128479004,0.440748929977417,0.42514824867248535,0.00010180473327636719,0.028391410000040196,0.08217804400010209
1784809050.160454,129.06990122795105,12.3,0.0123,12.3,0.005314609903322417,5.314609903322418,0.0,0.0,0.088,0.03811705975745418,0.03811705975745418,0.052371628115676847,0.524846548884555,0.0,0.0006284595373881222,0.024776088842345216,0.004198772391076439,0.55,0.012,0.65,0.008,nan,0.17390703912726016,0.17390703912726016,0.17540626333774903,0.1774195192272904,0.14862500131130219,0.0,0.011869135194290175,0.0068771784667209165,-0.0025587840127396415,0.0315217524766922,0.17310587250164558,0.14508179293333617,0.17478731727574415,0.17470820575287474,0.15275814497155504,0.1760252093997539,0.028024079568309407,0.021950060781319697,0.05705359460853783,0.10518455779346553,0.0016814447740985644,0.0013170036468791817,nan,1.0,0.0,1.148,0.5796901304242006,1.8359999656677246,1.0,0,1,1,0,-2.7129690647125244,-7.721772193908691,0.28578983381369955,FOLLOW_MAIN,cascade_pd_tracking,follow_main,inner_wheel_pd,lidar_disabled,FOLLOW_MAIN,COMMITTED,UNKNOWN,1,1,1,1,1,1,1,0.010789155960083008,0.0070841312408447266,0.003566741943359375,0.00020003318786621094,0.018585681915283203,0.01480245590209961,0.025240947001293534,0.02436363200104097
1784809050.6285152,129.53796243667603,67.9,0.0679,67.9,0.03747645177456577,37.47645177456577,0.03747645177456577,37.47645177456577,0.452,0.23679650566196303,0.23679650566196303,0.09699942998692732,0.5388619297531978,0.020612048476011172,0.0011639931598431278,0.15391772868027598,0.004310895438025582,0.55,0.012,0.65,0.008,nan,0.20795145570076115,0.20795145570076115,0.21023408554110093,0.1774195192272904,0.1848749965429306,-0.16731364183418296,-0.1322486315231534,-0.1109162321042754,-0.0025587840127396415,0.09456522762775421,0.216878238328574,0.16123976996337888,0.22021654643048572,0.1990246730729483,0.1785754800934841,0.20025162465171614,0.05563846836519512,0.02044919297946421,-0.09371974941353796,-0.11307357138100349,0.0033383081019117073,0.0012269515787678524,nan,1.0,0.0,0.272,0.6931715190025372,1.7769999504089355,1.0,0,1,1,0,-2.6445302963256836,-7.697162628173828,0.3037885375540808,FOLLOW_MAIN,cascade_pd_tracking,follow_main,inner_wheel_pd,lidar_disabled,FOLLOW_MAIN,COMMITTED,HOLD,1,1,1,1,1,1,2,0.4406406879425049,7.343292236328125e-05,0.47153377532958984,0.46816587448120117,0.44850945472717285,0.44466376304626465,0.0688207279999915,0.04322865100039053
1784809050.6796494,129.5890965461731,67.9,0.0679,67.9,0.03747645177456577,37.47645177456577,0.03747645177456577,37.47645177456577,0.452,0.23679650566196303,0.23679650566196303,0.09699942998692732,0.5388619297531978,0.020612048476011172,0.0011639931598431278,0.15391772868027598,0.004310895438025582,0.55,0.012,0.65,0.008,nan,0.20607127391453928,0.20607127391453928,0.20824109284770576,0.20793307608085992,0.1848749965429306,-0.1685557320369189,-0.15247831672356443,-0.12699883183860225,-0.13244238946699388,0.09456522762775421,0.2163635602933799,0.16123976996337888,0.21967098771317994,0.19577898753569867,0.1785754800934841,0.19681119798223154,0.055123790330001005,0.017203507442214577,-0.07220140612125989,-0.10227513222611137,0.00330742741980006,0.0010322104465328747,nan,1.0,0.0,0.272,0.6869042463817976,1.7710000276565552,1.0,0,1,1,0,-2.6445302963256836,-7.697162628173828,0.35296189148508517,FOLLOW_MAIN,cascade_pd_tracking,follow_main,inner_wheel_pd,lidar_disabled,FOLLOW_MAIN,COMMITTED,HOLD,1,1,1,1,1,1,2,0.010763883590698242,0.007213592529296875,0.003676891326904297,0.00013375282287597656,0.01879262924194336,0.014795780181884766,0.11377558400090493,0.08818350700130395
1784809051.1492853,130.05873250961304,-25.900000000000002,-0.025900000000000003,-25.900000000000002,0.07782202951127457,77.82202951127456,0.07782202951127457,77.82202951127456,-0.043000000000000003,0.5067165674853387,0.5067165674853387,0.04154823413272589,0.3001386879819681,0.04280211623120101,0.0004985788095927106,0.32936576886547014,0.0024011095038557447,0.55,0.012,0.65,0.008,nan,0.14687946813412414,0.14687946813412414,0.14294170499499087,0.20793307608085992,0.2175000011920929,-0.34,-0.34,-0.27112840334549915,-0.13244238946699388,0.0630435049533844,0.16982946813412414,0.21126624876809674,0.1673432612960858,0.12392946813412414,0.21375145880459429,0.11854014869389594,-0.0414367806339726,-0.08982199067047014,-0.07271619927562428,-0.11136021927695466,-0.002486206838038356,-0.005389319440228208,nan,1.0,0.0,0.14513389053306075,0.4895982271137472,1.6729999780654907,1.0,0,1,1,0,-2.533839702606201,-7.652454853057861,0.36790310983149704,FOLLOW_MAIN,cascade_pd_tracking,follow_main,inner_wheel_pd,lidar_disabled,FOLLOW_MAIN,COMMITTED,UNKNOWN,1,1,1,1,1,1,1,0.45789003372192383,8.463859558105469e-05,0.4732682704925537,0.4697248935699463,0.46585512161254883,0.4619607925415039,0.005494945000464213,0.004133648000788526
1784809051.665942,130.5753891468048,-26.1,-0.0261,-26.1,-0.021675347407512365,-21.675347407512366,-0.021675347407512365,-21.675347407512366,-0.044,0.11960946329309016,0.11960946329309016,-0.15412373141398042,-0.664655789686884,-0.011921441074131801,-0.001849484776967765,0.0777461511405086,-0.005317246317495072,0.55,0.012,0.65,0.008,nan,0.24440746725751245,0.2137715487812871,0.2174965546163385,0.14225304772607034,0.148624986410141,-0.05125455671166479,-0.06273856402365979,-0.0475684349849556,-0.27112840334549915,-0.03152172267436981,0.21800640185288414,0.15515120331787857,0.22177771376498448,0.20953669570969005,0.14822503307631618,0.21321539546769247,0.06285519853500557,0.06131166263337387,0.18846718607148108,0.28299287658907585,0.003771311912100334,0.003678699758002432,nan,1.0,0.0,0.21897838947881465,0.8146915575250415,1.5859999656677246,1.0,0,1,1,0,-2.465229034423828,-7.624617099761963,0.38946378675916804,FOLLOW_MAIN,cascade_pd_tracking,follow_main,inner_wheel_pd,lidar_disabled,FOLLOW_MAIN,COMMITTED,HOLD,1,1,1,1,1,1,2,0.4726736545562744,9.989738464355469e-05,0.5023219585418701,0.49902939796447754,0.480480432510376,0.47673821449279785,0.08459043400034716,0.03769068899964623
1784809052.0995474,131.00899457931519,-26.1,-0.0261,-26.1,-0.024401312430098784,-24.401312430098784,-0.024401312430098784,-24.401312430098784,-0.044,0.03335747058070082,0.03335747058070082,-0.1127932433884353,-0.742384150553937,-0.013420721836554333,-0.0013535189206612236,0.021682355877455536,-0.0059390732044314965,0.55,0.012,0.65,0.008,nan,0.25538679886223337,0.21998816254133052,0.22408616520198452,0.22408616520198452,0.148624986410141,0.0,-0.035540878823469915,-0.0259462752508047,-0.0259462752508047,-0.03152172267436981,0.22238717186191476,0.15515120331787857,0.22642132997455694,0.2175891532207463,0.14822503307631618,0.2217510004294121,0.06723596854403618,0.06936412014443011,0.17118877295661775,0.265708600982496,0.004034158112642171,0.004161847208665807,nan,1.0,0.0,0.2189783579517282,0.851289329540778,1.5859999656677246,1.0,0,1,1,0,-2.465229034423828,-7.624617099761963,0.3650668859938423,FOLLOW_MAIN,cascade_pd_tracking,follow_main,inner_wheel_pd,lidar_disabled,FOLLOW_MAIN,COMMITTED,HOLD,1,1,1,1,1,1,2,0.41593217849731445,0.41252923011779785,0.40918445587158203,0.4058365821838379,0.00010657310485839844,0.41959404945373535,0.02771068699985335,0.07654452499991748
1784809052.150715,131.0601623058319,-26.1,-0.0261,-26.1,-0.026062836861696387,-26.062836861696386,-0.026062836861696387,-26.062836861696386,-0.044,-0.042307607338190036,-0.042307607338190036,-0.026403991727525746,-0.30868907035826165,-0.014334560273933013,-0.00031684790073030895,-0.027499944769823523,-0.0024695125628660932,0.55,0.012,0.65,0.008,nan,0.2763950137665475,0.2763950137665475,0.28030976136906416,0.22408616520198452,0.22475001215934753,0.05430305955360408,0.05430305955360408,0.04752511119925577,-0.0259462752508047,-0.12608695030212402,0.27272955724667924,0.2176804886724819,0.2760325013611311,0.2800604702864158,0.20461795211006006,0.28458702137699715,0.055049068574197335,0.07544251817635572,-0.03704020504852039,0.018727749164718626,0.00330294411445184,0.004526551090581343,nan,1.0,0.0,0.2189783556973031,0.9213167125551585,1.4800000190734863,1.0,0,1,1,0,-2.3915107250213623,-7.59670877456665,0.3650668859938423,FOLLOW_MAIN,cascade_pd_tracking,follow_main,inner_wheel_pd,lidar_disabled,FOLLOW_MAIN,COMMITTED,HOLD,1,1,1,1,1,1,2,0.006780385971069336,0.0034558773040771484,8.988380432128906e-05,0.4570157527923584,0.051285743713378906,0.010422945022583008,0.10674549100076547,0.13080186300066998
1784809052.6672122,131.57665944099426,-26.1,-0.0261,-26.1,-0.02608836850698827,-26.08836850698827,-0.02608836850698827,-26.08836850698827,-0.044,-0.04347030702148675,-0.04347030702148675,-0.01635745497662757,-0.1940895672739672,-0.014348602678843551,-0.00019628945971953085,-0.02825569956396639,-0.0015527165381917377,0.55,0.012,0.65,0.008,nan,0.2759629662254508,0.2759629662254508,0.2786848740290928,0.2786848740290928,0.23924997448921204,0.054020893687489344,0.054020893687489344,0.05017764430671417,0.05017764430671417,-0.18913033604621887,0.27231655590154524,0.24144438690249062,0.27416888604148854,0.27960937654935636,0.21975128542701114,0.2832008620166971,0.030872168999054622,0.05985809112234522,-0.1563173402141965,-0.06896919963152938,0.0018523301399432774,0.003591485467340713,nan,1.0,0.0,0.2189783555516929,0.919876554084836,1.4800000190734863,1.0,0,1,1,0,-2.3597347736358643,-7.585382461547852,0.30243335431586604,FOLLOW_MAIN,cascade_pd_tracking,follow_main,inner_wheel_pd,lidar_disabled,FOLLOW_MAIN,COMMITTED,HOLD,1,1,1,1,1,1,2,0.48110032081604004,0.477771520614624,0.4745211601257324,0.4711446762084961,0.00010323524475097656,0.4845724105834961,0.034177207000539056,0.033034891999704996
1784809053.1185005,132.02794766426086,-25.8,-0.0258,-25.8,0.007750081121176207,7.750081121176207,0.0,0.0,-0.043000000000000003,0.08778565726276726,0.08778565726276726,0.0015867546865319382,0.15218615938077545,0.0,1.904105623838326e-05,0.05706067722079872,0.0012174892750462037,0.55,0.012,0.65,0.008,nan,0.2733381054490832,0.2733381054490832,0.2733381054490832,0.2733381054490832,0.27912500500679016,-0.05184052530594687,-0.010683831637027498,-0.008012873727770832,-0.008012873727770832,-0.031521786004304886,0.2740592640845826,0.2770198159734324,0.2740592640845826,0.27261694681358384,0.2743611770902855,0.27261694681358384,0.0,0.0,-0.05323664484552514,-0.0928579028675126,0.0,0.0,nan,1.0,0.0,0.2172547354148106,0.9111270181636107,1.3530000448226929,1.0,0,1,1,0,-2.231076717376709,-7.544703960418701,0.2999748007534055,FOLLOW_MAIN,cascade_pd_tracking,follow_main,inner_wheel_pd,lidar_disabled,FOLLOW_MAIN,COMMITTED,HOLD,1,1,1,1,1,1,2,0.4223182201385498,0.44013142585754395,0.00012874603271484375,0.4335935115814209,0.42997241020202637,0.426433801651001,0.021513354000489926,0.02214477999950759
1784809053.1699228,132.07937002182007,-25.8,-0.0258,-25.8,-0.02541090194926148,-25.410901949261483,-0.02541090194926148,-25.410901949261483,-0.043000000000000003,-0.041483209500397356,-0.041483209500397356,-0.03534646303169021,-0.11076598743234839,-0.013975996072093816,-0.0004241575563802825,-0.026964086175258282,-0.0008861278994587871,0.55,0.012,0.65,0.008,nan,0.27950788482330546,0.27950788482330546,0.27950788482330546,0.2789510316210342,0.2827499806880951,0.05189845414664829,0.05189845414664829,0.03892384060998652,0.038917087918384954,-0.06304344534873962,0.2760047391684067,0.28186500464613196,0.2760047391684067,0.28301103047820425,0.27716098746554096,0.28301103047820425,0.0,0.0,-0.06155626159139255,-0.10350269653709908,0.0,0.0,nan,1.0,0.0,0.21723739856128146,0.9316929494110182,1.2510000467300415,1.0,0,1,1,0,-2.106616258621216,-7.506477355957031,0.29540477515937874,FOLLOW_MAIN,cascade_pd_tracking,follow_main,inner_wheel_pd,lidar_disabled,FOLLOW_MAIN,COMMITTED,HOLD,1,1,1,1,1,1,2,0.00013685226440429688,0.018872737884521484,0.01540684700012207,0.011987686157226562,0.008202791213989258,0.00426936149597168,0.0363178549996519,0.008376722998946207
1784809053.6841218,132.59356904029846,-25.8,-0.0258,-25.8,-0.025582545213597263,-25.582545213597264,-0.025582545213597263,-25.582545213597264,-0.043000000000000003,-0.04215231301343514,-0.04215231301343514,-0.028372021646682632,-0.08939555295235788,-0.014070399867478496,-0.0003404642597601916,-0.02739900345873284,-0.000715164423618863,0.55,0.012,0.65,0.008,nan,0.2784434895227255,0.2784434895227255,0.2784434895227255,0.2784434895227255,0.2827499806880951,0.05215511321464546,0.05215511321464546,0.03911633491098428,0.03911633491098428,-0.06304344534873962,0.27492301938073693,0.28186500464613196,0.27492301938073693,0.2819639596647141,0.27716098746554096,0.2819639596647141,0.0,0.0,-0.047302716536490604,-0.07953632316978473,0.0,0.0,nan,1.0,0.0,0.2172373900206938,0.9281449650757517,1.2510000467300415,1.0,0,1,1,0,-2.106616258621216,-7.506477355957031,0.29540477515937874,FOLLOW_MAIN,cascade_pd_tracking,follow_main,inner_wheel_pd,lidar_disabled,FOLLOW_MAIN,COMMITTED,HOLD,1,1,1,1,1,1,2,0.49568653106689453,0.4923276901245117,0.5069541931152344,0.48895907402038574,0.4852578639984131,7.748603820800781e-05,0.017641390999415307,0.04788430099870311
1784809054.123347,133.03279423713684,-25.8,-0.0258,-25.8,-0.025798149002356843,-25.798149002356844,-0.025798149002356843,-25.798149002356844,-0.043000000000000003,-0.04299278440065531,-0.04299278440065531,-0.004113786741209469,-0.013126063090857268,-0.014188981951296266,-4.936544089451363e-05,-0.02794530986042595,-0.00010500850472685815,0.55,0.012,0.65,0.008,nan,0.2756718576155283,0.2756718576155283,0.27514575309524336,0.2756640449951572,0.28999999165534973,0.051869725795442426,0.051869725795442426,0.04474790012752521,0.038902186375679,0.0,0.27217065112433597,0.2897074684671666,0.2711184420837661,0.27917306410672066,0.28691070207404273,0.27917306410672066,-0.017536817342830635,0.0,0.0026208571201649577,0.015073238479205449,-0.001052209040569838,0.0,nan,1.0,0.0,0.2172373887838878,0.918906192051761,1.0829999446868896,1.0,0,1,1,0,-1.99137544631958,-7.4724860191345215,0.2850965227027978,FOLLOW_MAIN,cascade_pd_tracking,follow_main,inner_wheel_pd,lidar_disabled,FOLLOW_MAIN,COMMITTED,HOLD,1,1,1,1,1,1,2,0.4352853298187256,0.43184947967529297,0.4285848140716553,0.4252767562866211,0.4218471050262451,0.00012421607971191406,0.0410309300004883,0.13288278999971226
1784809054.1758842,133.08533143997192,-25.8,-0.0258,-25.8,-0.025799982654882075,-25.799982654882076,-0.025799982654882075,-25.799982654882076,-0.043000000000000003,-0.042999932384883366,-0.042999932384883366,-0.0005895194278673315,-0.001882304808561096,-0.014189990460185143,-7.074233134407978e-06,-0.02794995605017419,-1.5058438468488768e-05,0.55,0.012,0.65,0.008,nan,0.2756296551211186,0.2756296551211186,0.2756296551211186,0.2756296551211186,0.27549999952316284,0.05174239653155807,0.05174239653155807,0.03880679739866857,0.03880679739866857,0.0,0.2721370433552384,0.2772460214891957,0.2721370433552384,0.27912226688699876,0.27629829348759366,0.27912226688699876,0.0,0.0,0.014604897883018665,0.000606872114474739,0.0,0.0,nan,1.0,0.0,0.21723738878385795,0.9187655170703953,0.9549999833106995,1.0,0,1,1,0,-1.8452293872833252,-7.43065881729126,0.27781426650846625,FOLLOW_MAIN,cascade_pd_tracking,follow_main,inner_wheel_pd,lidar_disabled,FOLLOW_MAIN,COMMITTED,HOLD,1,1,1,1,1,1,2,0.010148763656616211,0.006727933883666992,0.0033309459686279297,5.793571472167969e-05,0.017264127731323242,0.013765096664428711,0.05586774599942146,0.07332909899923834
1784809054.6175551,133.52700233459473,-25.8,-0.0258,-25.8,-0.02579999951163393,-25.79999951163393,-0.02579999951163393,-25.79999951163393,-0.043000000000000003,-0.04299999809624075,-0.04299999809624075,-0.0001332193327602593,-0.0004253802050185312,-0.014189999731398662,-1.5986319931231117e-06,-0.027949998762556487,-3.4030416401482495e-06,0.55,0.012,0.65,0.008,nan,0.2756291123001654,0.2756291123001654,0.27489328094040233,0.2756295444221498,0.297249972820282,0.05172531160342136,0.05172531160342136,0.030618079705198767,0.038806796382042895,0.44130435585975647,0.27213765376693444,0.26867981769342913,0.27213765376693444,0.27912057083339636,0.303648282825499,0.2776489081138702,0.0,-0.02452771199210263,-0.05985449510794215,-0.20203962265113307,0.0,-0.0014716627195261577,nan,1.0,0.0,0.2172373887838538,0.918763707667218,0.9610000252723694,1.0,0,1,1,0,-1.7222737073898315,-7.395142555236816,0.2751029484279752,FOLLOW_MAIN,cascade_pd_tracking,follow_main,inner_wheel_pd,lidar_disabled,FOLLOW_MAIN,COMMITTED,HOLD,1,1,1,1,1,1,2,0.41270995140075684,7.891654968261719e-05,0.4270315170288086,0.4236445426940918,0.41985416412353516,0.41628503799438477,0.13716256900079316,0.022583021000173176
1784809054.6688194,133.578266620636,-25.8,-0.0258,-25.8,-0.02579999951163393,-25.79999951163393,-0.02579999951163393,-25.79999951163393,-0.043000000000000003,-0.04299999809624075,-0.04299999809624075,-0.0001332193327602593,-0.0004253802050185312,-0.014189999731398662,-1.5986319931231117e-06,-0.027949998762556487,-3.4030416401482495e-06,0.55,0.012,0.65,0.008,nan,0.2756291104671244,0.2756291104671244,0.2748932790523592,0.2748932725515626,0.297249972820282,0.05172531159805409,0.05172531159805409,0.03061807909003838,0.030616129422205332,0.44130435585975647,0.27213765193425576,0.26867981769342913,0.27213765193425576,0.27912056899999305,0.303648282825499,0.2776489061704627,0.0,-0.024527713825505948,-0.05160426386312332,-0.17419087169993502,0.0,-0.0014716628295303568,nan,1.0,0.0,0.2172373887838538,0.9187637015570814,0.9610000252723694,1.0,0,1,1,0,-1.7222737073898315,-7.395142555236816,0.29136786297941003,FOLLOW_MAIN,cascade_pd_tracking,follow_main,inner_wheel_pd,lidar_disabled,FOLLOW_MAIN,COMMITTED,HOLD,1,1,1,1,1,1,2,0.00011229515075683594,0.03034663200378418,0.014948368072509766,0.011342048645019531,0.007622957229614258,0.003973484039306641,0.1594094040010532,0.04482985600043321
1784809055.1416733,134.05112051963806,-25.8,-0.0258,-25.8,-0.025799999909561964,-25.799999909561965,-0.025799999909561964,-25.799999909561965,-0.043000000000000003,-0.042999999647452485,-0.042999999647452485,-6.597976650760206e-05,-0.00021067962061064035,-0.014189999950259082,-7.917571980912248e-07,-0.027949999770844117,-1.6854369648851228e-06,0.55,0.012,0.65,0.008,nan,0.2756291068610748,0.2756291068610748,0.2726243181706377,0.2726243181706377,0.3661250174045563,0.05172278832992379,0.05172278832992379,0.0289144359294431,0.0289144359294431,0.28369560837745667,0.27213781864880493,0.30740114717909056,0.2700220189369878,0.27912039507334463,0.34401668955762904,0.27522661740428755,-0.03526332853028563,-0.06489629448428441,-0.22876526335300937,-0.3401755689791679,-0.0021157997118171376,-0.0038937776690570647,nan,1.0,0.0,0.2172373887838527,0.918763689536916,0.9810000061988831,1.0,0,1,1,0,-1.6942181587219238,-7.385531425476074,0.358383523724627,FOLLOW_MAIN,cascade_pd_tracking,follow_main,inner_wheel_pd,lidar_disabled,FOLLOW_MAIN,COMMITTED,HOLD,1,1,1,1,1,1,2,0.43463587760925293,0.44667720794677734,0.4657707214355469,0.4621744155883789,9.822845458984375e-05,0.43871140480041504,0.04859517099976074,0.0207784089998313
1784809055.191926,134.1013731956482,-25.8,-0.0258,-25.8,-0.025799999999438487,-25.799999999438487,-0.025799999999438487,-25.799999999438487,-0.043000000000000003,-0.0429999999978111,-0.0429999999978111,-7.940263135755822e-06,-2.535406282884513e-05,-0.014189999999691168,-9.528315762906986e-08,-0.027949999998577217,-2.0283250263076105e-07,0.55,0.012,0.65,0.008,nan,0.2756291017562779,0.2756291017562779,0.27587243179390786,0.2758724318057708,0.26100000739097595,0.051720609525381864,0.051720609525381864,0.041494124228813295,0.04149412423255906,0.0,0.27213796061331463,0.26983964022358886,0.27213796061331463,0.2791202428992412,0.2710092416449107,0.279606902974501,0.0,0.008111001254330508,0.11989613643322758,0.1654258644052409,0.0,0.00048666007525983046,nan,1.0,0.0,0.21723738878384635,0.9187636725209264,1.0700000524520874,1.0,0,1,1,0,-1.5661563873291016,-7.337261199951172,0.3636793043617782,FOLLOW_MAIN,cascade_pd_tracking,follow_main,inner_wheel_pd,lidar_disabled,FOLLOW_MAIN,COMMITTED,HOLD,1,1,1,1,1,1,2,0.003658771514892578,0.000133514404296875,0.018674612045288086,0.015159130096435547,0.011402606964111328,0.007630586624145508,0.042921560001559556,0.04362411600050109
1784809055.6796088,134.58905601501465,10.5,0.0105,10.5,0.010618627703747625,10.618627703747626,0.0,0.0,0.018000000000000002,0.03427961425922802,0.03427961425922802,0.05469587152100207,0.17514983047219757,0.0,0.0006563504582520249,0.022281749268498213,0.0014011986437775805,0.55,0.012,0.65,0.008,nan,0.2904007587791039,0.2904007587791039,0.2911545159193619,0.2758724317856153,0.27912500500679016,-0.03880167006826704,-0.020188108481546826,-0.01806896449623236,0.04149412422620026,0.03152172267436981,0.2917634561016083,0.27480901239469985,0.29278072272402283,0.28903806145659944,0.28086726715490634,0.289528309114701,0.016954443706908462,0.008170794301693096,0.06213361511286471,0.044842413238049605,0.0010172666224145077,0.0004902476581015858,nan,1.0,0.0,-1.6823978539670976,0.9680025292636796,1.3839999437332153,1.0,0,1,1,0,-1.4400800466537476,-7.287596702575684,0.3636793043617782,FOLLOW_MAIN,cascade_pd_tracking,follow_main,inner_wheel_pd,lidar_disabled,FOLLOW_MAIN,COMMITTED,HOLD,1,1,1,1,1,1,2,0.4689486026763916,0.00011229515075683594,0.48423004150390625,0.4808337688446045,0.47687816619873047,0.47301268577575684,0.02982179900027404,0.04870278199996392
1784809056.1488705,135.0583176612854,10.5,0.0105,10.5,0.010500942685925257,10.500942685925256,0.0,0.0,0.018000000000000002,0.0181293674474508,0.0,0.007295077689743274,-0.004358798393668453,0.0,8.75409322769193e-05,0.0,-3.4870387149347625e-05,0.55,0.012,0.65,0.008,nan,0.19009167656681425,0.19009167656681425,0.18532222610547716,0.2791786472372263,0.26100000739097595,-0.050774302408651446,-0.050774302408651446,-0.0409350910382314,-0.029843489236098312,0.0,0.19351894197939823,0.2687282366540687,0.189006384298918,0.18666441115423027,0.2704367985241289,0.18163806791203635,-0.07520929467467047,-0.08377238736989862,-0.07737840942610838,-0.06761246820811793,-0.004512557680480228,-0.005026343242193917,nan,1.0,0.0,-1.692670386386266,0.6336389218893809,3.3410000801086426,1.0,0,1,1,0,-1.314751148223877,-7.235469341278076,0.37918697203088053,FOLLOW_MAIN,cascade_pd_tracking,follow_main,inner_wheel_pd,lidar_disabled,FOLLOW_MAIN,COMMITTED,HOLD,1,1,1,1,1,1,2,0.43674325942993164,0.00011491775512695312,0.46600842475891113,0.44874000549316406,0.44503259658813477,0.4408726692199707,0.028110483999626013,0.02877433599860524
1784809056.1993945,135.10884165763855,10.5,0.0105,10.5,0.010500942685925257,10.500942685925256,0.0,0.0,0.018000000000000002,0.0181293674474508,0.0,0.007295077689743274,-0.004358798393668453,0.0,8.75409322769193e-05,0.0,-3.4870387149347625e-05,0.55,0.012,0.65,0.008,nan,0.18835619101212162,0.18835619101212162,0.183482611417503,0.183482611417503,0.26100000739097595,-0.05052574829802082,-0.05052574829802082,-0.0407374905202799,-0.0407374905202799,0.0,0.191766679022238,0.2687282366540687,0.18714898556432819,0.18494570300200522,0.2704367985241289,0.1798162372706778,-0.07696155763183068,-0.08549109552212367,-0.06938279196127001,-0.06171773804549608,-0.004617693457909841,-0.00512946573132742,nan,1.0,0.0,-1.692670386386266,0.6278539700404054,3.296999931335449,1.0,0,1,1,0,-1.314751148223877,-7.235469341278076,0.39699589114766787,FOLLOW_MAIN,cascade_pd_tracking,follow_main,inner_wheel_pd,lidar_disabled,FOLLOW_MAIN,COMMITTED,HOLD,1,1,1,1,1,1,2,0.014562845230102539,0.010886907577514648,0.007393836975097656,0.003916501998901367,0.00018668174743652344,0.018556594848632812,0.06832085799942433,0.06898470999840356
1784809056.6865926,135.5960397720337,10.5,0.0105,10.5,0.010500942685925257,10.500942685925256,0.0,0.0,0.018000000000000002,0.0181293674474508,0.0,0.007295077689743274,-0.004358798393668453,0.0,8.75409322769193e-05,0.0,-3.4870387149347625e-05,0.55,0.012,0.65,0.008,nan,0.18835619101212162,0.18835619101212162,0.183482611417503,0.183482611417503,0.26100000739097595,-0.05052574829802082,-0.05052574829802082,-0.0407374905202799,-0.0407374905202799,0.0,0.191766679022238,0.2687282366540687,0.18714898556432819,0.18494570300200522,0.2704367985241289,0.1798162372706778,-0.07696155763183068,-0.08549109552212367,-0.06938279196127001,-0.06171773804549608,-0.004617693457909841,-0.00512946573132742,nan,1.0,0.0,-1.692670386386266,0.6278539700404054,3.296999931335449,1.0,0,1,1,0,-1.314751148223877,-7.235469341278076,0.3996432837841816,FOLLOW_MAIN,cascade_pd_tracking,follow_main,inner_wheel_pd,lidar_disabled,FOLLOW_MAIN,COMMITTED,HOLD,1,1,1,1,1,1,2,0.4790358543395996,0.49803948402404785,0.47528767585754395,0.49106884002685547,0.47145962715148926,0.0001404285430908203,0.06832085799942433,0.06898470999840356
1784809057.1371925,136.04663968086243,10.5,0.0105,10.5,0.010500003654577744,10.500003654577743,0.0,0.0,0.018000000000000002,0.018000501528007903,0.0,0.000721482548264074,-0.00043108478157193394,0.0,8.657790579168888e-06,0.0,-3.4486782525754716e-06,0.55,0.012,0.65,0.008,nan,0.1834035418219347,0.1834035418219347,0.1834035418219347,0.24969419391174036,0.18125000596046448,-0.04966905491709744,-0.04966905491709744,-0.03725179118782315,0.018535471062675057,-0.0630435049533844,0.18675620302883877,0.1917355014064164,0.18675620302883877,0.1800508806150306,0.18271643725477812,0.1800508806150306,0.0,0.0,0.12559913718669488,0.10355728581719045,0.0,0.0,nan,1.0,0.0,-1.692669234957815,0.611345139406449,3.818000078201294,1.0,0,1,1,0,-1.2141214609146118,-7.194424152374268,0.39220461867598255,FOLLOW_MAIN,cascade_pd_tracking,follow_main,inner_wheel_pd,lidar_disabled,FOLLOW_MAIN,COMMITTED,HOLD,1,1,1,1,1,1,2,0.42584705352783203,0.4224207401275635,0.41909265518188477,8.726119995117188e-05,0.4330730438232422,0.42945170402526855,0.034563281000373536,0.0685995260009804
1784809057.1883287,136.0977759361267,15.5,0.0155,15.5,0.012574196893743488,12.574196893743489,0.012574196893743488,12.574196893743489,0.026000000000000002,0.016243688500590964,0.0,0.043546529125885754,0.042698856377813045,0.006915808291558919,0.0005225583495106291,0.0,0.0003415908510225044,0.55,0.012,0.65,0.008,nan,0.2494355194738219,0.2494355194738219,0.2537270777331825,0.2537270777331825,0.17762500047683716,0.018459911360107755,0.018459911360107755,0.016496879895097315,0.016496879895097315,-0.031521786004304886,0.2481894754570146,0.18064142403019595,0.2522423585426237,0.25068156349062914,0.17517767293876046,0.25521179692374124,0.06754805142681866,0.07550389055186868,0.1407131481886738,0.1351950712449196,0.00405288308560912,0.004530233433112121,nan,1.0,0.0,0.4682667387651853,0.8314517315794063,3.2139999866485596,1.0,0,1,1,0,-1.1444894075393677,-7.168366432189941,0.3558591720776872,FOLLOW_MAIN,cascade_pd_tracking,follow_main,inner_wheel_pd,lidar_disabled,FOLLOW_MAIN,COMMITTED,HOLD,1,1,1,1,1,1,2,0.018898487091064453,0.015087366104125977,0.01143026351928711,0.007962226867675781,0.0041065216064453125,0.0001900196075439453,0.04865050499938661,0.10881015999984811
1784809057.643135,136.55258226394653,15.5,0.0155,15.5,0.014265734619804982,14.265734619804983,0.014265734619804982,14.265734619804983,0.026000000000000002,0.021884248842183242,0.0,0.03631280488460814,0.029801240882332228,0.007846154040892742,0.0004357536586152977,0.0,0.00023840992705865781,0.55,0.012,0.65,0.008,nan,0.2554945686904473,0.2554945686904473,0.25939048354544114,0.25738551449557023,0.19574999809265137,0.015312656924781967,0.015312656924781967,0.01270311457709351,0.013218537547022045,0.0,0.2544609643480245,0.19135698292338751,0.25824720323350275,0.25652817303287007,0.18976832595771112,0.2605337638573796,0.063103981424637,0.06675984707515895,0.0698225877349123,0.04256064375390389,0.0037862388854782198,0.004005590824509537,nan,1.0,0.0,0.46823542767412113,0.851648562301491,3.115999937057495,1.0,0,1,1,0,-1.1172544956207275,-7.1584882736206055,0.34882962175985033,FOLLOW_MAIN,cascade_pd_tracking,follow_main,inner_wheel_pd,lidar_disabled,FOLLOW_MAIN,COMMITTED,HOLD,1,1,1,1,1,1,2,0.4282512664794922,0.42484188079833984,0.4432406425476074,0.43970394134521484,0.00010132789611816406,0.43209242820739746,0.022353373000441934,0.020592742999724578
1784809057.6945987,136.60404586791992,15.5,0.0155,15.5,0.015484970710234084,15.484970710234084,0.015484970710234084,15.484970710234084,0.026000000000000002,0.02594988369782724,0.02594988369782724,0.007123837949463268,0.03367539996425825,0.008516733890628746,8.548605539355921e-05,0.016867424403587707,0.000269403199714066,0.55,0.012,0.65,0.008,nan,0.26512021147831194,0.26512021147831194,0.26512021147831194,0.26577957129212626,0.26462501287460327,0.0,0.0,0.0,-0.001026426789154285,0.03152172267436981,0.26512021147831194,0.2573298500829343,0.26512021147831194,0.26512021147831194,0.2610155874598762,0.26512021147831194,0.0,0.0,-0.17664046068651434,-0.16828162953552156,0.0,0.0,nan,1.0,0.0,0.4682307678581866,0.8837340382610398,3.257999897003174,1.0,0,1,1,0,-1.0050315856933594,-7.117504596710205,0.34882962175985033,FOLLOW_MAIN,cascade_pd_tracking,follow_main,inner_wheel_pd,lidar_disabled,FOLLOW_MAIN,COMMITTED,HOLD,1,1,1,1,1,1,2,0.003816843032836914,0.0001704692840576172,0.01571488380432129,0.03386878967285156,0.011769533157348633,0.007845640182495117,0.041759448999073356,0.0004989079989172751
1784809058.151572,137.0610191822052,15.5,0.0155,15.5,0.015491139641839517,15.491139641839517,0.015491139641839517,15.491139641839517,0.026000000000000002,0.02597045446632238,0.02597045446632238,0.0057390993033081565,0.02709741463812336,0.008520126803011735,6.886919163969788e-05,0.016880795403109546,0.0002167793171049869,0.55,0.012,0.65,0.008,nan,0.26516246414132805,0.26516246414132805,0.26516246414132805,0.26516246414132805,0.26462501287460327,0.0,0.0,0.0,0.0,0.03152172267436981,0.26516246414132805,0.2573298500829343,0.26516246414132805,0.26516246414132805,0.2610155874598762,0.26516246414132805,0.0,0.0,-0.15448707426664593,-0.14717656701487017,0.0,0.0,nan,1.0,0.0,0.468230767788214,0.8838748804710935,3.257999897003174,1.0,0,1,1,0,-1.0050315856933594,-7.117504596710205,0.3536208720385535,FOLLOW_MAIN,cascade_pd_tracking,follow_main,inner_wheel_pd,lidar_disabled,FOLLOW_MAIN,COMMITTED,HOLD,1,1,1,1,1,1,2,0.437999963760376,0.4343886375427246,0.4533977508544922,0.4497513771057129,0.43072056770324707,0.00011181831359863281,0.009018964001370477,0.020599798999683117
1784809058.2040987,137.1135458946228,15.5,0.0155,15.5,0.01549991771500114,15.499917715001141,0.01549991771500114,15.499917715001141,0.026000000000000002,0.025999725614454745,0.025999725614454745,0.0008254395009027142,0.0038853849431155925,0.008524954743250627,9.905274010832571e-06,0.016899821649395585,3.108307954492474e-05,0.55,0.012,0.65,0.008,nan,0.26550395928079273,0.26550395928079273,0.26550395928079273,0.2655056979707653,0.27549999952316284,0.0,0.0,0.0,0.0,0.0,0.26550395928079273,0.2710810525149625,0.26550395928079273,0.26550395928079273,0.2705518814499316,0.26550395928079273,0.0,0.0,-0.012478910493354256,-0.006006012528081386,0.0,0.0,nan,1.0,0.0,0.4682307677800646,0.8850131976026425,2.312999963760376,1.0,0,1,1,0,-0.8868650794029236,-7.072939395904541,0.3638022927950841,FOLLOW_MAIN,cascade_pd_tracking,follow_main,inner_wheel_pd,lidar_disabled,FOLLOW_MAIN,COMMITTED,HOLD,1,1,1,1,1,1,2,0.013823986053466797,0.010487079620361328,0.0071675777435302734,0.0037572383880615234,0.000102996826171875,0.0176389217376709,0.020934390999173047,0.022601261000090744
1784809058.7057333,137.61518049240112,15.5,0.0155,15.5,0.01549991771500114,15.499917715001141,0.01549991771500114,15.499917715001141,0.026000000000000002,0.025999725614454745,0.025999725614454745,0.0008254395009027142,0.0038853849431155925,0.008524954743250627,9.905274010832571e-06,0.016899821649395585,3.108307954492474e-05,0.55,0.012,0.65,0.008,nan,0.2655056979707653,0.2655056979707653,0.2655056979707653,0.2655056979707653,0.27549999952316284,0.0,0.0,0.0,0.0,0.0,0.2655056979707653,0.2710810525149625,0.2655056979707653,0.2655056979707653,0.2705518814499316,0.2655056979707653,0.0,0.0,-0.010912283182641858,-0.005252005737185334,0.0,0.0,nan,1.0,0.0,0.4682307677800646,0.8850189932358843,2.312999963760376,1.0,0,1,1,0,-0.8868650794029236,-7.072939395904541,0.36115489426361913,FOLLOW_MAIN,cascade_pd_tracking,follow_main,inner_wheel_pd,lidar_disabled,FOLLOW_MAIN,COMMITTED,HOLD,1,1,1,1,1,1,2,8.177757263183594e-05,0.4898672103881836,0.5087862014770508,0.505375862121582,0.4858872890472412,0.4817638397216797,0.041057041999010835,0.04272391199992853
1784809059.1268926,138.03633975982666,15.5,0.0155,15.5,0.015499999992146261,15.499999992146261,0.015499999992146261,15.499999992146261,0.026000000000000002,0.025999999973811125,0.025999999973811125,1.7454111405112257e-05,8.214004292937399e-05,0.008524999995680444,2.0944933686134708e-07,0.016899999982977233,6.571203434349919e-07,0.55,0.012,0.65,0.008,nan,0.26551612098559096,0.26551612098559096,0.2657622396642847,0.2649016166096517,0.250124990940094,0.0,0.0,0.0027346519854858854,-0.0007493409315763773,-0.031521689146757126,0.26551612098559096,0.2588065114333634,0.26551612098559096,0.26551612098559096,0.25731216502913334,0.2660083583429784,0.0,0.00820395595645762,0.0027873717823907102,0.03786428730632786,0.0,0.0004922373573874572,nan,1.0,0.0,0.4682307677800554,0.8850537366186366,4.247000217437744,1.0,0,1,1,0,-0.6660926342010498,-6.989139080047607,0.36115489426361913,FOLLOW_MAIN,cascade_pd_tracking,follow_main,inner_wheel_pd,lidar_disabled,FOLLOW_MAIN,COMMITTED,HOLD,1,1,1,1,1,1,2,0.39973974227905273,9.5367431640625e-05,0.4143247604370117,0.410869836807251,0.40720152854919434,0.4034135341644287,0.03528487400035374,0.07347661899984814
1784809059.1773856,138.08683276176453,15.5,0.0155,15.5,0.015499999992146261,15.499999992146261,0.015499999992146261,15.499999992146261,0.026000000000000002,0.025999999973811125,0.025999999973811125,1.7454111405112257e-05,8.214004292937399e-05,0.008524999995680444,2.0944933686134708e-07,0.016899999982977233,6.571203434349919e-07,0.55,0.012,0.65,0.008,nan,0.26551612279753106,0.26551612279753106,0.26551612279753106,0.26551612279753106,0.2718749940395355,0.0,0.0,0.0,0.0,0.031521786004304886,0.26551612279753106,0.2639084499017481,0.26551612279753106,0.26551612279753106,0.2650953666463213,0.26551612279753106,0.0,0.0,0.0021400624946536196,-0.01584554358596821,0.0,0.0,nan,1.0,0.0,0.4682307677800554,0.885053742658437,4.247000217437744,1.0,0,1,1,0,-0.6455261707305908,-6.981266021728516,0.3680585715902204,FOLLOW_MAIN,cascade_pd_tracking,follow_main,inner_wheel_pd,lidar_disabled,FOLLOW_MAIN,COMMITTED,HOLD,1,1,1,1,1,1,2,0.018666505813598633,0.015037298202514648,0.011430025100708008,0.007841110229492188,0.0040531158447265625,0.00016617774963378906,0.07492448999983026,0.037760300998343155
1784809059.2289631,138.13841032981873,15.5,0.0155,15.5,0.015499999997562887,15.499999997562886,0.015499999997562887,15.499999997562886,0.026000000000000002,0.025999999991873263,0.025999999991873263,1.0718850571656104e-05,5.044349712727549e-05,0.00852499999865959,1.2862620685987323e-07,0.016899999994717623,4.035479770182039e-07,0.55,0.012,0.65,0.008,nan,0.26551612466863506,0.26551612466863506,0.26551612466863506,0.26551612412073455,0.26462501287460327,0.0,0.0,0.0,0.0,-0.03152165561914444,0.26551612466863506,0.26532294184816974,0.26551612466863506,0.26551612466863506,0.2638033174895569,0.26551612466863506,0.0,0.0,0.0014204335544532093,-0.010517235760305702,0.0,0.0,nan,1.0,0.0,0.4682307677800554,0.8850537488954502,4.247000217437744,1.0,0,1,1,0,-0.6240464448928833,-6.972980499267578,0.3681529688969166,FOLLOW_MAIN,cascade_pd_tracking,follow_main,inner_wheel_pd,lidar_disabled,FOLLOW_MAIN,COMMITTED,HOLD,1,1,1,1,1,1,2,0.003470897674560547,8.273124694824219e-05,0.017925500869750977,0.014405488967895508,0.010714292526245117,0.00713038444519043,0.01938790999884077,0.016706964999684715
1784809059.6672592,138.57670640945435,15.5,0.0155,15.5,0.015499999997562887,15.499999997562886,0.015499999997562887,15.499999997562886,0.026000000000000002,0.025999999991873263,0.025999999991873263,1.0718850571656104e-05,5.044349712727549e-05,0.00852499999865959,1.2862620685987323e-07,0.016899999994717623,4.035479770182039e-07,0.55,0.012,0.65,0.008,nan,0.26551612466863506,0.26551612466863506,0.26551612466863506,0.26551612412073455,0.26462501287460327,0.0,0.0,0.0,0.0,-0.03152165561914444,0.26551612466863506,0.26532294184816974,0.26551612466863506,0.26551612466863506,0.2638033174895569,0.26551612466863506,0.0,0.0,0.0014204335544532093,-0.010517235760305702,0.0,0.0,nan,1.0,0.0,0.4682307677800554,0.8850537488954502,4.247000217437744,1.0,0,1,1,0,-0.6240464448928833,-6.972980499267578,0.3681529688969166,FOLLOW_MAIN,cascade_pd_tracking,follow_main,inner_wheel_pd,lidar_disabled,FOLLOW_MAIN,COMMITTED,HOLD,1,1,1,1,1,1,2,0.44176340103149414,0.43837571144104004,7.987022399902344e-05,0.4526982307434082,0.4490070343017578,0.4454231262207031,0.01938790999884077,0.016706964999684715
1784809059.7178617,138.62730884552002,15.5,0.0155,15.5,0.015499999999953797,15.499999999953797,0.015499999999953797,15.499999999953797,0.026000000000000002,0.02599999999984593,0.02599999999984593,2.0538346651648207e-06,9.665453893727665e-06,0.00852499999997459,2.4646015981977848e-08,0.016899999999899856,7.732363114982132e-08,0.55,0.012,0.65,0.008,nan,0.26551612745935127,0.26551612745935127,0.26551612745935127,0.26551612745935127,0.26100000739097595,0.0,0.0,0.0,0.0,0.0,0.26551612745935127,0.26172353856594044,0.26551612745935127,0.26551612745935127,0.2609736122069721,0.26551612745935127,0.0,0.0,-0.016259110626016673,-0.021959145754874378,0.0,0.0,nan,1.0,0.0,0.46823076778005335,0.8850537581978376,3.561000108718872,1.0,0,1,1,0,-0.508359432220459,-6.9289093017578125,0.3654101955620921,FOLLOW_MAIN,cascade_pd_tracking,follow_main,inner_wheel_pd,lidar_disabled,FOLLOW_MAIN,COMMITTED,HOLD,1,1,1,1,1,1,2,0.01447916030883789,0.010827302932739258,0.007364034652709961,0.003983259201049805,0.00014352798461914062,0.018685579299926758,0.1013110849999066,0.017814205999457045
1784809060.1426806,139.05212783813477,15.5,0.0155,15.5,0.015499999999953797,15.499999999953797,0.015499999999953797,15.499999999953797,0.026000000000000002,0.02599999999984593,0.02599999999984593,2.0538346651648207e-06,9.665453893727665e-06,0.00852499999997459,2.4646015981977848e-08,0.016899999999899856,7.732363114982132e-08,0.55,0.012,0.65,0.008,nan,0.26551612746921777,0.26551612746921777,0.26551612746921777,0.26551612745935127,0.26100000739097595,0.0,0.0,0.0,0.0,0.0,0.26551612746921777,0.26172353856594044,0.26551612746921777,0.26551612746921777,0.2609736122069721,0.26551612746921777,0.0,0.0,-0.013869871165606567,-0.01873229904958835,0.0,0.0,nan,1.0,0.0,0.46823076778005335,0.885053758230726,3.561000108718872,1.0,0,1,1,0,-0.508359432220459,-6.9289093017578125,0.3654101955620921,FOLLOW_MAIN,cascade_pd_tracking,follow_main,inner_wheel_pd,lidar_disabled,FOLLOW_MAIN,COMMITTED,HOLD,1,1,1,1,1,1,2,0.41683101654052734,0.41310667991638184,7.295608520507812e-05,0.42876124382019043,0.42492103576660156,0.4209587574005127,0.12515125400022953,0.041654374999779975
1784809060.1932492,139.1026964187622,15.5,0.0155,15.5,0.015499999999999802,15.499999999999803,0.015499999999999802,15.499999999999803,0.026000000000000002,0.025999999999999336,0.025999999999999336,2.1248068114102198e-07,9.999452059837675e-07,0.008524999999999892,2.5497681736922637e-09,0.016899999999999568,7.99956164787014e-09,0.55,0.012,0.65,0.008,nan,0.26551612751307235,0.26551612751307235,0.26551612751307235,0.2655161275132396,0.2718749940395355,0.0,0.0,0.0,0.0,0.031521786004304886,0.26551612751307235,0.2637754866657754,0.26551612751307235,0.26551612751307235,0.2654596040551081,0.26551612751307235,0.0,0.0,-0.0007455600924703946,-0.0010069347036348916,0.0,0.0,nan,1.0,0.0,0.46823076778005335,0.8850537583769079,3.7249999046325684,1.0,0,1,1,0,-0.40300294756889343,-6.888767719268799,0.3665765428454686,FOLLOW_MAIN,cascade_pd_tracking,follow_main,inner_wheel_pd,lidar_disabled,FOLLOW_MAIN,COMMITTED,HOLD,1,1,1,1,1,1,2,0.00012564659118652344,0.01810765266418457,0.014788389205932617,0.01142120361328125,0.007802486419677734,0.004065752029418945,0.019184909999239608,0.05359722899993358
1784809060.689729,139.59917616844177,15.5,0.0155,15.5,0.015499999999999998,15.499999999999998,0.015499999999999998,15.499999999999998,0.026000000000000002,0.026,0.026,2.555077309539857e-08,1.2024327520422408e-07,0.008525,3.066092771447828e-10,0.0169,9.619462016337928e-10,0.55,0.012,0.65,0.008,nan,0.2655161275142432,0.2655161275142432,0.265248485937273,0.2655161275135236,0.2718749940395355,0.0,0.0,-0.0029737952996686553,0.0,0.031521786004304886,0.2655161275142432,0.269203981973962,0.2655161275142432,0.2655161275142432,0.27443751341324885,0.26498084436030284,0.0,-0.008921385899005652,-2.34919904520721e-05,-0.027558748398103808,0.0,-0.0005352831539403391,nan,1.0,0.0,0.46823076778005335,0.8850537583808107,3.3469998836517334,1.0,0,1,1,0,-0.2674205005168915,-6.8358635902404785,0.3675225965350515,FOLLOW_MAIN,cascade_pd_tracking,follow_main,inner_wheel_pd,lidar_disabled,FOLLOW_MAIN,COMMITTED,HOLD,1,1,1,1,1,1,2,0.45758843421936035,7.367134094238281e-05,0.47365331649780273,0.4700641632080078,0.46614980697631836,0.4618511199951172,0.02944229999957315,0.02823870700012776
1784809061.2185652,140.12801241874695,15.5,0.0155,15.5,0.015499999999999998,15.499999999999998,0.015499999999999998,15.499999999999998,0.026000000000000002,0.026,0.026,2.555077309539857e-08,1.2024327520422408e-07,0.008525,3.066092771447828e-10,0.0169,9.619462016337928e-10,0.55,0.012,0.65,0.008,nan,0.2655161275142456,0.2655161275142456,0.26524848593727546,0.26524848593727546,0.2718749940395355,0.0,0.0,-0.0029737952996677303,-0.0029737952996677303,0.031521786004304886,0.2655161275142456,0.269203981973962,0.2655161275142456,0.2655161275142456,0.27443751341324885,0.2649808443603054,0.0,-0.008921385899003265,-2.0664416771587786e-05,-0.024241686278701952,0.0,-0.0005352831539401959,nan,1.0,0.0,0.46823076778005335,0.8850537583808187,3.3469998836517334,1.0,0,1,1,0,-0.2674205005168915,-6.8358635902404785,0.3754972005447965,FOLLOW_MAIN,cascade_pd_tracking,follow_main,inner_wheel_pd,lidar_disabled,FOLLOW_MAIN,COMMITTED,HOLD,1,1,1,1,1,1,2,8.702278137207031e-05,0.514610767364502,0.49290013313293457,0.5077853202819824,0.48917531967163086,0.48523759841918945,0.048679245999665,0.04747565300021961
1784809061.7713199,140.68076705932617,15.5,0.0155,15.5,0.0155,15.5,0.0155,15.5,0.026000000000000002,0.026000000000000002,0.026000000000000002,2.4137187499765335e-09,1.1359086739875223e-08,0.008525000000000001,2.8964624999718403e-11,0.016900000000000002,9.087269391900179e-11,0.55,0.012,0.65,0.008,nan,0.26551612751425896,0.26551612751425896,0.26551612751425896,0.26551612751425896,0.2827500104904175,0.0,0.0,0.0,0.0,-0.06304344534873962,0.26551612751425896,0.26913659539391027,0.26551612751425896,0.26551612751425896,0.266146292266703,0.26551612751425896,0.0,0.0,-0.02086921298282559,-0.013599081707493715,0.0,0.0,nan,1.0,0.0,0.46823076778005335,0.8850537583808632,1.4199999570846558,1.0,0,1,1,0,-0.12934237718582153,-6.780124187469482,0.3812020891273796,FOLLOW_MAIN,cascade_pd_tracking,follow_main,inner_wheel_pd,lidar_disabled,FOLLOW_MAIN,COMMITTED,HOLD,1,1,1,1,1,1,2,0.5528359413146973,0.5460798740386963,0.539588212966919,0.5324325561523438,8.440017700195312e-05,1.037984848022461,0.002505480999388965,0.00960129699888057
