t_s,wall_time_s,debug_age_s,cmd_age_s,odom_age_s,control_error_age_s,mode,mode_code,raw_valid,cmd_published,lane_state,confidence,fps_est,epsilon_x_mm,e_x_f_mm,e_x_used_mm,theta_raw_rad,theta_f_rad,theta_used_rad,de_x_f,dtheta_f,k_lat_used,k_theta_used,kd_lat,kd_theta,p_lat,p_theta,d_lat,d_theta,v_des,v_ref,v_cmd_internal,cmd_v_topic,odom_v,omega_raw,omega_des,omega_ref,omega_cmd_internal,cmd_omega_topic,odom_omega,omega_limit,curve_confirmed,curve_evidence,center_zone,near_zone,large_error,slow_factor,kappa_m,L_d_m,v_left_est,v_right_est,delta_v_cmd,odom_x,odom_y,odom_yaw,linear_tracking_error,angular_tracking_error
0.4296402931213379,1784881168.9913626,nan,nan,nan,nan,,0,0,0,,nan,nan,nan,nan,nan,nan,nan,nan,nan,nan,nan,nan,nan,nan,nan,nan,nan,nan,nan,nan,nan,nan,nan,nan,nan,nan,nan,nan,nan,nan,0,nan,0,0,0,nan,nan,nan,nan,nan,nan,nan,nan,nan,nan,nan
1.2452211380004883,1784881169.8069427,nan,nan,nan,nan,,0,0,0,,nan,nan,nan,nan,nan,nan,nan,nan,nan,nan,nan,nan,nan,nan,nan,nan,nan,nan,nan,nan,nan,nan,nan,nan,nan,nan,nan,nan,nan,nan,0,nan,0,0,0,nan,nan,nan,nan,nan,nan,nan,nan,nan,nan,nan
1.5256056785583496,1784881170.0873275,nan,nan,nan,nan,,0,0,0,,nan,nan,nan,nan,nan,nan,nan,nan,nan,nan,nan,nan,nan,nan,nan,nan,nan,nan,nan,nan,nan,nan,nan,nan,nan,nan,nan,nan,nan,nan,0,nan,0,0,0,nan,nan,nan,nan,nan,nan,nan,nan,nan,nan,nan
1.578444242477417,1784881170.1401663,nan,nan,nan,nan,,0,0,0,,nan,nan,nan,nan,nan,nan,nan,nan,nan,nan,nan,nan,nan,nan,nan,nan,nan,nan,nan,nan,nan,nan,nan,nan,nan,nan,nan,nan,nan,nan,0,nan,0,0,0,nan,nan,nan,nan,nan,nan,nan,nan,nan,nan,nan
1.9012587070465088,1784881170.4629805,nan,nan,nan,nan,,0,0,0,,nan,nan,nan,nan,nan,nan,nan,nan,nan,nan,nan,nan,nan,nan,nan,nan,nan,nan,nan,nan,nan,nan,nan,nan,nan,nan,nan,nan,nan,nan,0,nan,0,0,0,nan,nan,nan,nan,nan,nan,nan,nan,nan,nan,nan
2.217076301574707,1784881170.778798,nan,nan,nan,nan,,0,0,0,,nan,nan,nan,nan,nan,nan,nan,nan,nan,nan,nan,nan,nan,nan,nan,nan,nan,nan,nan,nan,nan,nan,nan,nan,nan,nan,nan,nan,nan,nan,0,nan,0,0,0,nan,nan,nan,nan,nan,nan,nan,nan,nan,nan,nan
2.5417873859405518,1784881171.103509,nan,nan,nan,nan,,0,0,0,,nan,nan,nan,nan,nan,nan,nan,nan,nan,nan,nan,nan,nan,nan,nan,nan,nan,nan,nan,nan,nan,nan,nan,nan,nan,nan,nan,nan,nan,nan,0,nan,0,0,0,nan,nan,nan,nan,nan,nan,nan,nan,nan,nan,nan
2.5941967964172363,1784881171.1559188,nan,nan,nan,nan,,0,0,0,,nan,nan,nan,nan,nan,nan,nan,nan,nan,nan,nan,nan,nan,nan,nan,nan,nan,nan,nan,nan,nan,nan,nan,nan,nan,nan,nan,nan,nan,nan,0,nan,0,0,0,nan,nan,nan,nan,nan,nan,nan,nan,nan,nan,nan
2.8847270011901855,1784881171.4464488,nan,nan,nan,nan,,0,0,0,,nan,nan,nan,nan,nan,nan,nan,nan,nan,nan,nan,nan,nan,nan,nan,nan,nan,nan,nan,nan,nan,nan,nan,nan,nan,nan,nan,nan,nan,nan,0,nan,0,0,0,nan,nan,nan,nan,nan,nan,nan,nan,nan,nan,nan
3.212658166885376,1784881171.7743797,nan,nan,nan,nan,,0,0,0,,nan,nan,nan,nan,nan,nan,nan,nan,nan,nan,nan,nan,nan,nan,nan,nan,nan,nan,nan,nan,nan,nan,nan,nan,nan,nan,nan,nan,nan,nan,0,nan,0,0,0,nan,nan,nan,nan,nan,nan,nan,nan,nan,nan,nan
3.265085220336914,1784881171.8268075,nan,nan,nan,nan,,0,0,0,,nan,nan,nan,nan,nan,nan,nan,nan,nan,nan,nan,nan,nan,nan,nan,nan,nan,nan,nan,nan,nan,nan,nan,nan,nan,nan,nan,nan,nan,nan,0,nan,0,0,0,nan,nan,nan,nan,nan,nan,nan,nan,nan,nan,nan
3.5481069087982178,1784881172.109829,nan,nan,nan,nan,,0,0,0,,nan,nan,nan,nan,nan,nan,nan,nan,nan,nan,nan,nan,nan,nan,nan,nan,nan,nan,nan,nan,nan,nan,nan,nan,nan,nan,nan,nan,nan,nan,0,nan,0,0,0,nan,nan,nan,nan,nan,nan,nan,nan,nan,nan,nan
3.6003873348236084,1784881172.1621091,nan,nan,nan,nan,,0,0,0,,nan,nan,nan,nan,nan,nan,nan,nan,nan,nan,nan,nan,nan,nan,nan,nan,nan,nan,nan,nan,nan,nan,nan,nan,nan,nan,nan,nan,nan,nan,0,nan,0,0,0,nan,nan,nan,nan,nan,nan,nan,nan,nan,nan,nan
3.903660535812378,1784881172.4653823,nan,nan,nan,nan,,0,0,0,,nan,nan,nan,nan,nan,nan,nan,nan,nan,nan,nan,nan,nan,nan,nan,nan,nan,nan,nan,nan,nan,nan,nan,nan,nan,nan,nan,nan,nan,nan,0,nan,0,0,0,nan,nan,nan,nan,nan,nan,nan,nan,nan,nan,nan
4.230079650878906,1784881172.7918015,nan,nan,5.459785461425781e-05,nan,,0,0,0,,nan,nan,nan,nan,nan,nan,nan,nan,nan,nan,nan,nan,nan,nan,nan,nan,nan,nan,nan,nan,nan,nan,0.08699999749660492,nan,nan,nan,nan,nan,-0.06304346024990082,nan,0,nan,0,0,0,nan,nan,nan,nan,nan,nan,10.442513465881348,3.220747470855713,-2.64613215498509,nan,nan
4.560030698776245,1784881173.1217525,nan,nan,5.221366882324219e-05,0.3265671730041504,,0,0,0,,nan,nan,-13.4,nan,nan,-0.023,nan,nan,nan,nan,nan,nan,nan,nan,nan,nan,nan,nan,nan,nan,nan,nan,0.10875000059604645,nan,nan,nan,nan,nan,-0.06304346024990082,nan,0,nan,0,0,0,nan,nan,nan,nan,nan,nan,10.398408889770508,3.197042942047119,-2.662492482093157,nan,nan
4.612218379974365,1784881173.1739402,nan,nan,6.198883056640625e-05,0.00419926643371582,,0,0,0,,nan,nan,-13.4,nan,nan,-0.023,nan,nan,nan,nan,nan,nan,nan,nan,nan,nan,nan,nan,nan,nan,nan,nan,0.04712499678134918,nan,nan,nan,nan,nan,0.15760868787765503,nan,0,nan,0,0,0,nan,nan,nan,nan,nan,nan,10.362046241760254,3.178788423538208,-2.684020717147953,nan,nan
4.9358391761779785,1784881173.497561,nan,nan,3.552436828613281e-05,0.327817440032959,,0,0,0,,nan,nan,-13.4,nan,nan,-0.023,nan,nan,nan,nan,nan,nan,nan,nan,nan,nan,nan,nan,nan,nan,nan,nan,0.02174999937415123,nan,nan,nan,nan,nan,0.18913042545318604,nan,0,nan,0,0,0,nan,nan,nan,nan,nan,nan,10.360153198242188,3.1778564453125,-2.6656748631913523,nan,nan
5.252906799316406,1784881173.8146281,nan,nan,4.2438507080078125e-05,0.6448853015899658,,0,0,0,,nan,nan,-13.4,nan,nan,-0.023,nan,nan,nan,nan,nan,nan,nan,nan,nan,nan,nan,nan,nan,nan,nan,nan,0.10512500256299973,nan,nan,nan,nan,nan,-0.09456521272659302,nan,0,nan,0,0,0,nan,nan,nan,nan,nan,nan,10.345728874206543,3.1702628135681152,-2.668164905196714,nan,nan
5.59035849571228,1784881174.15208,nan,nan,0.3374946117401123,0.9823377132415771,,0,0,0,,nan,nan,-13.4,nan,nan,-0.023,nan,nan,nan,nan,nan,nan,nan,nan,nan,nan,nan,nan,nan,nan,nan,nan,0.10512500256299973,nan,nan,nan,nan,nan,-0.09456521272659302,nan,0,nan,0,0,0,nan,nan,nan,nan,nan,nan,10.345728874206543,3.1702628135681152,-2.668164905196714,nan,nan
5.931440591812134,1784881174.4931622,nan,nan,0.6785764694213867,1.3234193325042725,,0,0,0,,nan,nan,-13.4,nan,nan,-0.023,nan,nan,nan,nan,nan,nan,nan,nan,nan,nan,nan,nan,nan,nan,nan,nan,0.10512500256299973,nan,nan,nan,nan,nan,-0.09456521272659302,nan,0,nan,0,0,0,nan,nan,nan,nan,nan,nan,10.345728874206543,3.1702628135681152,-2.668164905196714,nan,nan
6.2800257205963135,1784881174.8417473,nan,nan,1.0271613597869873,1.672004222869873,,0,0,0,,nan,nan,-13.4,nan,nan,-0.023,nan,nan,nan,nan,nan,nan,nan,nan,nan,nan,nan,nan,nan,nan,nan,nan,0.10512500256299973,nan,nan,nan,nan,nan,-0.09456521272659302,nan,0,nan,0,0,0,nan,nan,nan,nan,nan,nan,10.345728874206543,3.1702628135681152,-2.668164905196714,nan,nan
6.588874101638794,1784881175.150596,nan,nan,1.3360099792480469,1.9808526039123535,,0,0,0,,nan,nan,-13.4,nan,nan,-0.023,nan,nan,nan,nan,nan,nan,nan,nan,nan,nan,nan,nan,nan,nan,nan,nan,0.10512500256299973,nan,nan,nan,nan,nan,-0.09456521272659302,nan,0,nan,0,0,0,nan,nan,nan,nan,nan,nan,10.345728874206543,3.1702628135681152,-2.668164905196714,nan,nan
6.641281843185425,1784881175.2030041,nan,nan,1.3884217739105225,2.0332653522491455,,0,0,0,,nan,nan,-13.4,nan,nan,-0.023,nan,nan,nan,nan,nan,nan,nan,nan,nan,nan,nan,nan,nan,nan,nan,nan,0.10512500256299973,nan,nan,nan,nan,nan,-0.09456521272659302,nan,0,nan,0,0,0,nan,nan,nan,nan,nan,nan,10.345728874206543,3.1702628135681152,-2.668164905196714,nan,nan
6.9351301193237305,1784881175.4968514,nan,nan,3.719329833984375e-05,2.327108383178711,,0,0,0,,nan,nan,-13.4,nan,nan,-0.023,nan,nan,nan,nan,nan,nan,nan,nan,nan,nan,nan,nan,nan,nan,nan,nan,0.15587499737739563,nan,nan,nan,nan,nan,-0.22065217792987823,nan,0,nan,0,0,0,nan,nan,nan,nan,nan,nan,10.332826614379883,3.1636533737182617,-2.6886850932431696,nan,nan
7.279947280883789,1784881175.841669,nan,nan,0.33735203742980957,0.3414499759674072,,0,0,0,,nan,nan,-13.4,nan,nan,-0.023,nan,nan,nan,nan,nan,nan,nan,nan,nan,nan,nan,nan,nan,nan,nan,nan,0.19212499260902405,nan,nan,nan,nan,nan,-0.03152172267436981,nan,0,nan,0,0,0,nan,nan,nan,nan,nan,nan,10.318315505981445,3.1565914154052734,-2.6913324972348245,nan,nan
7.6097471714019775,1784881176.1714687,nan,nan,0.6671514511108398,0.6712496280670166,,0,0,0,,nan,nan,-13.4,nan,nan,-0.023,nan,nan,nan,nan,nan,nan,nan,nan,nan,nan,nan,nan,nan,nan,nan,nan,0.19212499260902405,nan,nan,nan,nan,nan,-0.03152172267436981,nan,0,nan,0,0,0,nan,nan,nan,nan,nan,nan,10.318315505981445,3.1565914154052734,-2.6913324972348245,nan,nan
7.965347766876221,1784881176.527073,nan,nan,1.0227651596069336,1.0268657207489014,,0,0,0,,nan,nan,-13.4,nan,nan,-0.023,nan,nan,nan,nan,nan,nan,nan,nan,nan,nan,nan,nan,nan,nan,nan,nan,0.19212499260902405,nan,nan,nan,nan,nan,-0.03152172267436981,nan,0,nan,0,0,0,nan,nan,nan,nan,nan,nan,10.318315505981445,3.1565914154052734,-2.6913324972348245,nan,nan
8.287917137145996,1784881176.8496387,nan,nan,3.266334533691406e-05,1.3494188785552979,,0,0,0,,nan,nan,-13.4,nan,nan,-0.023,nan,nan,nan,nan,nan,nan,nan,nan,nan,nan,nan,nan,nan,nan,nan,nan,0.04712499678134918,nan,nan,nan,nan,nan,-0.031521737575531006,nan,0,nan,0,0,0,nan,nan,nan,nan,nan,nan,10.201811790466309,3.106600761413574,-2.7804448166642923,nan,nan
8.633311986923218,1784881177.1950336,nan,nan,3.719329833984375e-05,0.3419148921966553,,0,0,0,,nan,nan,-13.3,nan,nan,-0.095,nan,nan,nan,nan,nan,nan,nan,nan,nan,nan,nan,nan,nan,nan,nan,nan,0.11600000411272049,nan,nan,nan,nan,nan,1.6196914032207133e-08,nan,0,nan,0,0,0,nan,nan,nan,nan,nan,nan,10.083255767822266,3.0669145584106445,-2.833085724957701,nan,nan
8.962275981903076,1784881177.5239978,3.3855438232421875e-05,nan,0.3033022880554199,0.314605712890625,jump_guard_hold,1,1,1,FOLLOW_MAIN,1.0,8.71570462837456,-13.600000000000001,75.88992687686164,75.88992687686164,-0.098,0.5745386374881567,0.5745386374881567,-0.01844482000837596,-0.13877236003978796,0.0,0.0,0.018,0.025,0.0,0.0,0.0,0.0,0.1,0.067818789799785,0.067818789799785,nan,0.10875000059604645,0.0,0.0,0.0,0.0,nan,-0.06304346024990082,0.0,0,0.0,0,0,0,1.0,-1.1160008517502822,nan,0.067818789799785,0.067818789799785,0.0,10.03580093383789,3.0513203144073486,-2.8204142612772194,nan,nan
9.294479608535767,1784881177.8562014,4.744529724121094e-05,0.3001534938812256,0.3073596954345703,0.3219873905181885,large_error_pd,2,1,1,FOLLOW_MAIN,1.0,8.71570462837456,-13.600000000000001,75.88992687686164,75.88992687686164,-0.098,0.5745386374881567,0.5745386374881567,-0.01844482000837596,-0.13877236003978796,0.8,0.52,0.018,0.025,-0.060711941501489314,-0.2987600914938415,0.00033200676015076723,0.0034693090009946994,0.1,0.1,0.1,0.09172538179987895,0.10875000059604645,-0.35567071723418536,-0.35567071723418536,-0.06832244800025364,-0.06832244800025364,0.0,-0.06304346024990082,0.42,1,3.0,0,0,1,0.5634064607937932,-1.1160008517502822,nan,0.10461176524001713,0.09538823475998288,-0.009223530480034242,10.01180648803711,3.0433807373046875,-2.8277270262146814,-0.0170246187961675,0.06304346024990082
9.648436307907104,1784881178.210158,0.3540050983428955,0.35059666633605957,0.3324131965637207,0.34377336502075195,large_error_pd,2,1,1,FOLLOW_MAIN,1.0,8.71570462837456,-13.600000000000001,75.88992687686164,75.88992687686164,-0.098,0.5745386374881567,0.5745386374881567,-0.01844482000837596,-0.13877236003978796,0.8,0.52,0.018,0.025,-0.060711941501489314,-0.2987600914938415,0.00033200676015076723,0.0034693090009946994,0.1,0.1,0.1,0.1,0.054375000298023224,-0.35567071723418536,-0.35567071723418536,-0.06832244800025364,-0.06832244800025364,-0.06832244800025364,-0.031521737575531006,0.42,1,3.0,0,0,1,0.5634064607937932,-1.1160008517502822,nan,0.10461176524001713,0.09538823475998288,-0.009223530480034242,9.983179092407227,3.0343377590179443,-2.847963043765832,0.04562499970197678,-0.03680071042472263
9.983774662017822,1784881178.5454962,0.689342737197876,3.504753112792969e-05,0.667750358581543,0.31316328048706055,large_error_pd,2,1,1,FOLLOW_MAIN,1.0,8.71570462837456,-13.600000000000001,75.88992687686164,75.88992687686164,-0.098,0.5745386374881567,0.5745386374881567,-0.01844482000837596,-0.13877236003978796,0.8,0.52,0.018,0.025,-0.060711941501489314,-0.2987600914938415,0.00033200676015076723,0.0034693090009946994,0.1,0.1,0.1,0.1,0.054375000298023224,-0.35567071723418536,-0.35567071723418536,-0.06832244800025364,-0.06832244800025364,-0.12566313840041402,-0.031521737575531006,0.42,1,3.0,0,0,1,0.5634064607937932,-1.1160008517502822,nan,0.10461176524001713,0.09538823475998288,-0.009223530480034242,9.983179092407227,3.0343377590179443,-2.847963043765832,0.04562499970197678,-0.09414140082488301
10.308428287506104,1784881178.8701499,9.179115295410156e-05,0.3246889114379883,0.9924039840698242,0.6378171443939209,jump_guard_hold,1,1,1,FOLLOW_MAIN,1.0,6.171859988173836,-12.9,75.88992687686164,75.88992687686164,-0.092,0.5745386374881567,0.5745386374881567,-0.01844482000837596,-0.13877236003978796,0.0,0.0,0.018,0.025,0.0,0.0,0.0,0.0,0.1,0.1,0.1,0.1,0.054375000298023224,0.0,-0.014532622847234505,-0.014532622847234505,-0.014532622847234505,-0.12566313840041402,-0.031521737575531006,0.0,0,0.0,0,0,0,1.0,-1.0889746993670635,nan,0.10098095204218833,0.09901904795781168,-0.001961904084376659,9.983179092407227,3.0343377590179443,-2.847963043765832,0.04562499970197678,-0.09414140082488301
10.650800466537476,1784881179.212522,4.076957702636719e-05,0.3237419128417969,0.33129453659057617,0.32788753509521484,jump_guard_hold,1,1,1,FOLLOW_MAIN,1.0,4.858132025237981,-12.200000000000001,75.88992687686164,75.88992687686164,-0.08700000000000001,0.5745386374881567,0.5745386374881567,-0.01844482000837596,-0.13877236003978796,0.0,0.0,0.018,0.025,0.0,0.0,0.0,0.0,0.1,0.1,0.1,0.1,0.09062500298023224,0.0,-0.0763531625510335,-0.08586926233442059,-0.08586926233442059,-0.010899467135425878,-0.03152172267436981,0.0,0,0.0,0,0,0,1.0,-1.0166264110696672,nan,0.1057961752075734,0.09420382479242662,-0.01159235041514678,9.958518981933594,3.0270838737487793,-2.866213488293594,0.009374997019767767,0.020622255538943934
11.002426147460938,1784881179.5641477,0.3248577117919922,0.3172175884246826,4.76837158203125e-05,0.3391702175140381,jump_guard_hold,1,1,1,FOLLOW_MAIN,1.0,6.176586625037032,-11.700000000000001,75.88992687686164,75.88992687686164,-0.084,0.5745386374881567,0.5745386374881567,-0.01844482000837596,-0.13877236003978796,0.0,0.0,0.018,0.025,0.0,0.0,0.0,0.0,0.1,0.1,0.1,0.1,0.10512500256299973,0.0,-0.04062173875057157,-0.04062173875057157,-0.04062173875057157,-0.030466304062928676,-0.0315217524766922,0.0,0,0.0,0,0,0,1.0,-0.9601453495259925,nan,0.10274196736566359,0.09725803263433642,-0.005483934731327161,9.844836235046387,2.9954171180725098,-2.894834225003569,-0.00512500256299972,0.001055448413763524
11.333097219467163,1784881179.8948188,5.6743621826171875e-05,0.3235630989074707,0.31304287910461426,0.3166542053222656,jump_guard_hold,1,1,1,FOLLOW_MAIN,1.0,5.2827357928079355,-10.0,75.88992687686164,75.88992687686164,-0.07200000000000001,0.5745386374881567,0.5745386374881567,-0.01844482000837596,-0.13877236003978796,0.0,0.0,0.018,0.025,0.0,0.0,0.0,0.0,0.1,0.04790168419982365,0.04790168419982365,0.04190768209969974,0.1014999970793724,0.0,0.0,0.0,0.0,0.0,0.0,0.0,0,0.0,0,0,0,1.0,-0.623592117303078,nan,0.04790168419982365,0.04790168419982365,0.0,9.8291597366333,2.991490125656128,-2.8972927705203584,-0.05959231497967266,0.0
11.654651165008545,1784881180.2163732,0.3038783073425293,0.30060243606567383,9.393692016601562e-05,0.3113100528717041,jump_guard_hold,1,1,1,FOLLOW_MAIN,1.0,6.430256037963146,-9.200000000000001,75.88992687686164,75.88992687686164,-0.066,0.5745386374881567,0.5745386374881567,-0.01844482000837596,-0.13877236003978796,0.0,0.0,0.018,0.025,0.0,0.0,0.0,0.0,0.1,0.1,0.1,0.1,0.06162499636411667,0.0,-0.010278604096959043,-0.010278604096959043,-0.010278604096959043,-0.007708953072719283,0.031521737575531006,0.0,0,0.0,0,0,0,1.0,-0.42155065721772655,nan,0.10069380577654474,0.09930619422345527,-0.001387611553089474,9.770221710205078,2.9768314361572266,-2.902021113060387,0.03837500363588334,-0.039230690648250285
12.026928901672363,1784881180.5886507,0.3394033908843994,0.3512721061706543,3.9577484130859375e-05,0.358320951461792,jump_guard_hold,1,1,1,FOLLOW_MAIN,1.0,6.220806202875418,-8.0,75.88992687686164,75.88992687686164,-0.057,0.5745386374881567,0.5745386374881567,-0.01844482000837596,-0.13877236003978796,0.0,0.0,0.018,0.025,0.0,0.0,0.0,0.0,0.1,0.1,0.1,0.1,0.11237499862909317,0.0,-0.03428617593838272,-0.03428617593838272,-0.03428617593838272,-0.03428617593838272,-0.03152172267436981,0.0,0,0.0,0,0,0,1.0,-0.08409810313475087,nan,0.10231431687584083,0.09768568312415918,-0.0046286337516816545,9.7178316116333,2.964686155319214,-2.920240115345506,-0.012374998629093165,-0.002764453264012909
12.349446773529053,1784881180.911168,4.506111145019531e-05,0.6737892627716064,0.322556734085083,0.6808383464813232,jump_guard_hold,1,1,1,FOLLOW_MAIN,1.0,4.984131749013591,-6.9,75.88992687686164,75.88992687686164,-0.049,0.5745386374881567,0.5745386374881567,-0.01844482000837596,-0.13877236003978796,0.0,0.0,0.018,0.025,0.0,0.0,0.0,0.0,0.1,0.1,0.1,0.1,0.11237499862909317,0.0,-0.035376473184933296,-0.035376473184933296,-0.035376473184933296,-0.03428617593838272,-0.03152172267436981,0.0,0,0.0,0,0,0,1.0,0.31084350341277367,nan,0.102387911939983,0.097612088060017,-0.004775823879966001,9.7178316116333,2.964686155319214,-2.920240115345506,-0.012374998629093165,-0.002764453264012909
12.668700456619263,1784881181.230422,0.31929922103881836,0.30553436279296875,3.8623809814453125e-05,0.3091259002685547,jump_guard_hold,1,1,1,FOLLOW_MAIN,1.0,4.984131749013591,-6.9,75.88992687686164,75.88992687686164,-0.049,0.5745386374881567,0.5745386374881567,-0.01844482000837596,-0.13877236003978796,0.0,0.0,0.018,0.025,0.0,0.0,0.0,0.0,0.1,0.1,0.1,0.1,0.09787499904632568,0.0,-0.035376473184933296,-0.035376473184933296,-0.035376473184933296,-0.026532354888699972,-0.09456522762775421,0.0,0,0.0,0,0,0,1.0,0.31084350341277367,nan,0.102387911939983,0.097612088060017,-0.004775823879966001,9.654679298400879,2.9509999752044678,-2.943313309083758,0.002125000953674322,0.06803287273905424
13.035706996917725,1784881181.5974286,4.744529724121094e-05,0.3600490093231201,0.34171485900878906,0.35339999198913574,jump_guard_hold,1,1,1,FOLLOW_MAIN,1.0,5.646993680802746,-6.800000000000001,75.88992687686164,75.88992687686164,-0.048,0.5745386374881567,0.5745386374881567,-0.01844482000837596,-0.13877236003978796,0.0,0.0,0.018,0.025,0.0,0.0,0.0,0.0,0.1,0.1,0.1,0.1,0.09787499904632568,0.0,-0.023652889642444185,-0.023652889642444185,-0.023652889642444185,-0.06415531442464983,0.0315217524766922,0.0,0,0.0,0,0,0,1.0,-0.20682787147293544,nan,0.10159657005086499,0.09840342994913502,-0.0031931401017299688,9.621781349182129,2.9443702697753906,-2.940728846716234,0.002125000953674322,-0.09567706690134203
13.344122886657715,1784881181.9058444,0.30846333503723145,0.30512452125549316,3.814697265625e-05,0.6618165969848633,jump_guard_hold,1,1,1,FOLLOW_MAIN,1.0,5.646993680802746,-6.800000000000001,75.88992687686164,75.88992687686164,-0.048,0.5745386374881567,0.5745386374881567,-0.01844482000837596,-0.13877236003978796,0.0,0.0,0.018,0.025,0.0,0.0,0.0,0.0,0.1,0.1,0.1,0.1,0.09062500298023224,0.0,-0.023652889642444185,-0.023652889642444185,-0.023652889642444185,-0.023652889642444185,-0.03152172267436981,0.0,0,0.0,0,0,0,1.0,-0.20682787147293544,nan,0.10159657005086499,0.09840342994913502,-0.0031931401017299688,9.566272735595703,2.9336118698120117,-2.961090731528719,0.009374997019767767,0.007868833031925627
13.665045022964478,1784881182.226767,0.29183077812194824,0.3034212589263916,4.076957702636719e-05,0.3176100254058838,large_error_pd,2,1,1,FOLLOW_MAIN,1.0,5.495208862082943,-7.0,75.88992687686164,75.88992687686164,-0.05,0.5745386374881567,0.5745386374881567,-0.01844482000837596,-0.13877236003978796,0.8,0.52,0.018,0.025,-0.060711941501489314,-0.2987600914938415,0.00033200676015076723,0.0034693090009946994,0.1,0.1,0.1,0.1,0.09062500298023224,-0.35567071723418536,-0.35567071723418536,-0.05812746100558773,-0.05812746100558773,-0.05812746100558773,-0.03152172267436981,0.42,1,2.0,0,0,1,0.5934600123387204,-0.24985897030326865,nan,0.10392360361787718,0.09607639638212283,-0.007847207235754355,9.53533935546875,2.9283106327056885,-2.9866234584061875,0.009374997019767767,-0.026605738331217918
14.027439832687378,1784881182.5891616,0.3253958225250244,0.3132011890411377,0.3218343257904053,4.267692565917969e-05,large_error_pd,2,1,1,FOLLOW_MAIN,1.0,5.527322894181146,-21.1,75.88992687686164,75.88992687686164,-0.149,0.5745386374881567,0.5745386374881567,-0.01844482000837596,-0.13877236003978796,0.8,0.52,0.018,0.025,-0.060711941501489314,-0.2987600914938415,0.00033200676015076723,0.0034693090009946994,0.1,0.1,0.1,0.1,0.1014999970793724,-0.35567071723418536,-0.35567071723418536,-0.04219432711091075,-0.04219432711091075,-0.03164574533318306,0.0,0.42,1,2.0,0,0,1,0.6013405265465548,0.03,nan,0.10284811707998648,0.09715188292001353,-0.005696234159972946,9.497678756713867,2.92262601852417,-2.9985071902996348,-0.0014999970793724005,-0.03164574533318306
14.3476402759552,1784881182.9093616,0.2981386184692383,3.504753112792969e-05,0.30185842514038086,0.32024216651916504,large_error_pd,2,1,1,FOLLOW_MAIN,1.0,5.489588464658463,-9.4,75.88992687686164,75.88992687686164,-0.067,0.5745386374881567,0.5745386374881567,-0.01844482000837596,-0.13877236003978796,0.8,0.52,0.018,0.025,-0.060711941501489314,-0.2987600914938415,0.00033200676015076723,0.0034693090009946994,0.1,0.1,0.1,0.1,0.101500004529953,-0.35567071723418536,-0.35567071723418536,-0.029501546659220668,-0.029501546659220668,-0.07917080481247628,-0.0630434900522232,0.42,1,2.0,0,0,1,0.5899151009579419,-0.3497124020827982,nan,0.1019913543994974,0.09800864560050261,-0.0039827087989947885,9.471540451049805,2.918909788131714,-3.006482789427173,-0.0015000045299529974,-0.016127314760253073
14.68118691444397,1784881183.2429085,5.1975250244140625e-05,0.3007495403289795,0.2967085838317871,0.3229031562805176,large_error_pd,2,1,1,FOLLOW_MAIN,1.0,5.2701166315928525,-8.0,75.88992687686164,75.88992687686164,-0.057,0.5745386374881567,0.5745386374881567,-0.01844482000837596,-0.13877236003978796,0.8,0.52,0.018,0.025,-0.060711941501489314,-0.2987600914938415,0.00033200676015076723,0.0034693090009946994,0.1,0.1,0.1,0.1,0.09062500298023224,-0.35567071723418536,-0.35567071723418536,-0.04508404164685838,-0.04508404164685838,-0.04662803601213615,-0.03152172267436981,0.42,1,2.0,0,0,1,0.6018582180218652,-0.015657910920273042,nan,0.10304317281116294,0.09695682718883707,-0.006086345622325878,9.433897018432617,2.9140429496765137,-3.022464449299922,0.009374997019767767,-0.015106313337766339
15.034754514694214,1784881183.596476,7.748603820800781e-05,0.31397056579589844,0.3248894214630127,0.34352707862854004,jump_guard_hold,1,1,1,FOLLOW_MAIN,1.0,5.7270328915382045,-5.7,75.88992687686164,75.88992687686164,-0.041,0.5745386374881567,0.5745386374881567,-0.01844482000837596,-0.13877236003978796,0.0,0.0,0.018,0.025,0.0,0.0,0.0,0.0,0.1,0.1,0.1,0.1,0.101500004529953,0.0,-0.04129156926785477,-0.04129156926785477,-0.04129156926785477,-0.01901983006976838,-0.12608695030212402,0.0,0,0.0,0,0,0,1.0,0.802132148081352,nan,0.1027871809255802,0.09721281907441981,-0.005574361851160392,9.40211296081543,2.9103825092315674,-3.042575538438409,-0.0015000045299529974,0.10706712023235565
15.35629916191101,1784881183.918021,0.30753493309020996,0.3002192974090576,4.029273986816406e-05,0.31128811836242676,jump_guard_hold,1,1,1,FOLLOW_MAIN,1.0,5.7270328915382045,-5.7,75.88992687686164,75.88992687686164,-0.041,0.5745386374881567,0.5745386374881567,-0.01844482000837596,-0.13877236003978796,0.0,0.0,0.018,0.025,0.0,0.0,0.0,0.0,0.1,0.1,0.1,0.1,0.10875000059604645,0.0,-0.03096867695089108,-0.03096867695089108,-0.03096867695089108,-0.02322650771316831,-1.6196914032207133e-08,0.0,0,0.0,0,0,0,1.0,0.802132148081352,nan,0.10209038569418516,0.09790961430581485,-0.004180771388370308,9.369775772094727,2.9073028564453125,-3.048974695879991,-0.008750000596046442,-0.023226491516254277
15.706457138061523,1784881184.2681787,8.440017700195312e-05,0.32384610176086426,0.3154106140136719,0.3357880115509033,large_error_pd,2,1,1,FOLLOW_MAIN,1.0,4.9214664383351,-4.800000000000001,75.88992687686164,75.88992687686164,-0.034,0.5745386374881567,0.5745386374881567,-0.01844482000837596,-0.13877236003978796,0.8,0.52,0.018,0.025,-0.060711941501489314,-0.2987600914938415,0.00033200676015076723,0.0034693090009946994,0.1,0.1,0.1,0.1,0.101500004529953,-0.35567071723418536,-0.35567071723418536,-0.11207028585438114,-0.11207028585438114,-0.12410112854182602,-0.0630434900522232,0.42,1,3.0,0,0,1,0.5701872303694825,0.916609879400323,nan,0.10756474429517074,0.09243525570482927,-0.015129488590341467,9.337324142456055,2.904395818710327,-3.06215066115425,-0.0015000045299529974,-0.061057638489602814
16.05380654335022,1784881184.615528,4.553794860839844e-05,0.3300187587738037,0.32643651962280273,0.33679938316345215,large_error_pd,2,1,1,FOLLOW_MAIN,1.0,4.749784065432426,-4.2,75.88992687686164,75.88992687686164,-0.03,0.5745386374881567,0.5745386374881567,-0.01844482000837596,-0.13877236003978796,0.8,0.52,0.018,0.025,-0.060711941501489314,-0.2987600914938415,0.00033200676015076723,0.0034693090009946994,0.1,0.1,0.1,0.1,0.1014999970793724,-0.35567071723418536,-0.35567071723418536,-0.05517084031755122,-0.05517084031755122,-0.09615001305307691,0.0,0.42,1,3.0,0,0,1,0.5658500107252036,1.0438721603843562,nan,0.10372403172143471,0.0962759682785653,-0.007448063442869413,9.314963340759277,2.902615785598755,-3.06215066115425,-0.0014999970793724005,-0.09615001305307691
16.373914003372192,1784881184.9356358,0.32015299797058105,0.3167703151702881,0.31317687034606934,3.504753112792969e-05,large_error_pd,2,1,1,FOLLOW_MAIN,1.0,4.749784065432426,-4.2,75.88992687686164,75.88992687686164,-0.03,0.5745386374881567,0.5745386374881567,-0.01844482000837596,-0.13877236003978796,0.8,0.52,0.018,0.025,-0.060711941501489314,-0.2987600914938415,0.00033200676015076723,0.0034693090009946994,0.1,0.1,0.1,0.1,0.09424999356269836,-0.35567071723418536,-0.35567071723418536,-0.05517084031755122,-0.05517084031755122,-0.06485772111784219,-0.06304347515106201,0.42,1,3.0,0,0,1,0.5658500107252036,1.0438721603843562,nan,0.10372403172143471,0.0962759682785653,-0.007448063442869413,9.29870891571045,2.9013218879699707,-3.0672575768609756,0.005750006437301641,-0.0018142459667801758
16.70607280731201,1784881185.2677944,0.3283092975616455,0.3101828098297119,5.14984130859375e-05,0.33219432830810547,jump_guard_hold,1,1,1,FOLLOW_MAIN,1.0,5.143057604351822,-3.9000000000000004,75.88992687686164,75.88992687686164,-0.028,0.5745386374881567,0.5745386374881567,-0.01844482000837596,-0.13877236003978796,0.0,0.0,0.018,0.025,0.0,0.0,0.0,0.0,0.1,0.1,0.1,0.1,0.09787499904632568,0.0,-0.02151340613426231,-0.02151340613426231,-0.02151340613426231,-0.01613505460069673,-0.0945652425289154,0.0,0,0.0,0,0,0,1.0,1.1623101649729743,nan,0.10145215491406272,0.0985478450859373,-0.002904309828125423,9.2352876663208,2.897949457168579,-3.1193310597964063,0.002125000953674322,0.07843018792821868
17.06950569152832,1784881185.6312275,4.696846008300781e-05,0.35628318786621094,0.33754396438598633,0.34926843643188477,jump_guard_hold,1,1,1,FOLLOW_MAIN,1.0,5.629501090791043,-36.300000000000004,75.88992687686164,75.88992687686164,-0.263,0.5745386374881567,0.5745386374881567,-0.01844482000837596,-0.13877236003978796,0.0,0.0,0.018,0.025,0.0,0.0,0.0,0.0,0.1,0.1,0.1,0.1,0.09787499904632568,0.0,-0.01800905828943393,-0.01800905828943393,-0.01800905828943393,-0.01881794513167562,-0.031521737575531006,0.0,0,0.0,0,0,0,1.0,-0.003142516166934973,nan,0.10121561143453679,0.09878438856546322,-0.0024312228690735738,9.210602760314941,2.8974640369415283,-3.127305682595835,0.002125000953674322,0.012703792443855385
17.39194965362549,1784881185.9536712,0.322490930557251,3.528594970703125e-05,0.6599881649017334,0.6717128753662109,jump_guard_hold,1,1,1,FOLLOW_MAIN,1.0,5.629501090791043,-36.300000000000004,75.88992687686164,75.88992687686164,-0.263,0.5745386374881567,0.5745386374881567,-0.01844482000837596,-0.13877236003978796,0.0,0.0,0.018,0.025,0.0,0.0,0.0,0.0,0.1,0.1,0.1,0.1,0.09787499904632568,0.0,-0.01800905828943393,-0.01800905828943393,-0.01800905828943393,-0.03391161931795106,-0.031521737575531006,0.0,0,0.0,0,0,0,1.0,-0.003142516166934973,nan,0.10121561143453679,0.09878438856546322,-0.0024312228690735738,9.210602760314941,2.8974640369415283,-3.127305682595835,0.002125000953674322,-0.0023898817424200525
17.710572957992554,1784881186.2722948,0.3078439235687256,0.3043391704559326,3.8623809814453125e-05,0.3116037845611572,jump_guard_hold,1,1,1,FOLLOW_MAIN,1.0,5.541557439029495,-41.300000000000004,75.88992687686164,75.88992687686164,-0.3,0.5745386374881567,0.5745386374881567,-0.01844482000837596,-0.13877236003978796,0.0,0.0,0.018,0.025,0.0,0.0,0.0,0.0,0.1,0.1,0.1,0.1,0.09787499904632568,0.0,-0.03391161931795106,-0.03391161931795106,-0.03391161931795106,-0.025433714488463294,-0.09456522762775421,0.0,0,0.0,0,0,0,1.0,-0.4069932779508808,nan,0.1022890343039617,0.09771096569603831,-0.004578068607923397,9.138401985168457,2.897136688232422,3.1275726644487465,0.002125000953674322,0.06913151313929092
18.062862634658813,1784881186.6245844,6.222724914550781e-05,0.3345794677734375,0.3229944705963135,0.338301420211792,jump_guard_hold,1,1,1,FOLLOW_MAIN,1.0,5.316601369199695,-47.5,75.88992687686164,75.88992687686164,-0.34600000000000003,0.5745386374881567,0.5745386374881567,-0.01844482000837596,-0.13877236003978796,0.0,0.0,0.018,0.025,0.0,0.0,0.0,0.0,0.1,0.1,0.1,0.1,0.07612499594688416,0.0,-0.02790870315245654,-0.02790870315245654,-0.02790870315245654,-0.062309991683812,-0.6619564890861511,0.0,0,0.0,0,0,0,1.0,-0.6112064579443226,nan,0.10188383746279082,0.09811616253720919,-0.0037676749255816377,9.105459213256836,2.897718667984009,3.0671440464384476,0.02387500405311585,0.5996464974023391
18.375856161117554,1784881186.9375777,5.0067901611328125e-05,0.3094673156738281,0.30591845512390137,0.30245447158813477,large_error_pd,2,1,1,FOLLOW_MAIN,1.0,5.316601369199695,-47.5,75.88992687686164,75.88992687686164,-0.34600000000000003,0.5745386374881567,0.5745386374881567,-0.01844482000837596,-0.13877236003978796,0.8,0.52,0.018,0.025,-0.060711941501489314,-0.2987600914938415,0.00033200676015076723,0.0034693090009946994,0.1,0.1,0.1,0.1,0.0833749994635582,-0.35567071723418536,-0.35567071723418536,-0.032202771123006194,-0.032202771123006194,-0.02790870315245654,-0.7249999642372131,0.42,1,2.0,0,0,1,0.5807317733671191,-0.6112064579443226,nan,0.10217368705080293,0.09782631294919708,-0.00434737410160585,9.102216720581055,2.8979604244232178,3.0388695162905828,0.01662500053644181,0.6970912610847566
18.715243816375732,1784881187.2769654,6.031990051269531e-05,0.3359708786010742,0.32139062881469727,0.3289988040924072,jump_guard_hold,1,1,1,FOLLOW_MAIN,1.0,5.756321778875822,-47.0,75.88992687686164,75.88992687686164,-0.343,0.5745386374881567,0.5745386374881567,-0.01844482000837596,-0.13877236003978796,0.0,0.0,0.018,0.025,0.0,0.0,0.0,0.0,0.1,0.1,0.1,0.1,0.12687499821186066,0.0,-0.03229768401771914,-0.03229768401771914,-0.03229768401771914,-0.018114058756690983,-0.031521689146757126,0.0,0,0.0,0,0,0,1.0,-0.6261944308970595,nan,0.10218009367119604,0.09781990632880397,-0.0043601873423920745,9.066399574279785,2.9030869007110596,2.9633117992392517,-0.02687499821186065,0.013407630390066143
19.07024836540222,1784881187.6319702,4.839897155761719e-05,0.33005619049072266,0.3405892848968506,0.6840038299560547,jump_guard_hold,1,1,1,FOLLOW_MAIN,1.0,5.925350227504321,-47.0,75.88992687686164,75.88992687686164,-0.343,0.5745386374881567,0.5745386374881567,-0.01844482000837596,-0.13877236003978796,0.0,0.0,0.018,0.025,0.0,0.0,0.0,0.0,0.1,0.1,0.1,0.1,0.09425000101327896,0.0,-0.00941994583382771,-0.00941994583382771,-0.00941994583382771,-0.010219189083731447,0.06304347515106201,0.0,0,0.0,0,0,0,1.0,-0.6261944308970595,nan,0.10063584634378338,0.09936415365621663,-0.0012716926875667445,9.032486915588379,2.9090750217437744,2.9788833887272625,0.005749998986721044,-0.07326266423479345
19.388991117477417,1784881187.950713,0.31879115104675293,3.0994415283203125e-05,0.3047363758087158,0.3084757328033447,jump_guard_hold,1,1,1,FOLLOW_MAIN,1.0,5.925350227504321,-47.0,75.88992687686164,75.88992687686164,-0.343,0.5745386374881567,0.5745386374881567,-0.01844482000837596,-0.13877236003978796,0.0,0.0,0.018,0.025,0.0,0.0,0.0,0.0,0.1,0.1,0.1,0.1,0.09062500298023224,0.0,-0.00941994583382771,-0.00941994583382771,-0.00941994583382771,-0.00941994583382771,0.031521737575531006,0.0,0,0.0,0,0,0,1.0,-0.6261944308970595,nan,0.10063584634378338,0.09936415365621663,-0.0012716926875667445,9.01159954071045,2.9124321937561035,2.9888445215779056,0.009374997019767767,-0.04094168340935872
19.729421138763428,1784881188.2911425,5.269050598144531e-05,0.34046053886413574,0.33684325218200684,0.6489055156707764,jump_guard_hold,1,1,1,FOLLOW_MAIN,1.0,5.623053524831046,-47.0,75.88992687686164,75.88992687686164,-0.343,0.5745386374881567,0.5745386374881567,-0.01844482000837596,-0.13877236003978796,0.0,0.0,0.018,0.025,0.0,0.0,0.0,0.0,0.1,0.1,0.1,0.1,0.054375000298023224,0.0,-0.03295828997848105,-0.03295828997848105,-0.03295828997848105,-0.00941994583382771,-0.031521737575531006,0.0,0,0.0,0,0,0,1.0,-0.6261944308970595,nan,0.10222468457354747,0.09777531542645254,-0.004449369147094928,9.007246017456055,2.913102388381958,2.9862915287468614,0.04562499970197678,0.022101791741703295
20.085708141326904,1784881188.6474297,4.601478576660156e-05,0.35295891761779785,0.3495349884033203,0.3462033271789551,jump_guard_hold,1,1,1,FOLLOW_MAIN,1.0,5.623053524831046,-47.0,75.88992687686164,75.88992687686164,-0.343,0.5745386374881567,0.5745386374881567,-0.01844482000837596,-0.13877236003978796,0.0,0.0,0.018,0.025,0.0,0.0,0.0,0.0,0.1,0.1,0.1,0.1,0.09062500298023224,0.0,-0.013904278584671692,-0.013904278584671692,-0.013904278584671692,-0.024718717483860786,-0.03152172267436981,0.0,0,0.0,0,0,0,1.0,-0.6261944308970595,nan,0.10093853880446535,0.09906146119553466,-0.0018770776089306884,8.991888046264648,2.9158873558044434,2.949032438005613,0.009374997019767767,0.006803005190509026
20.41048002243042,1784881188.9722018,5.5789947509765625e-05,0.3214850425720215,0.3179042339324951,0.670975923538208,jump_guard_hold,1,1,1,FOLLOW_MAIN,1.0,5.993808879171514,-47.0,75.88992687686164,75.88992687686164,-0.343,0.5745386374881567,0.5745386374881567,-0.01844482000837596,-0.13877236003978796,0.0,0.0,0.018,0.025,0.0,0.0,0.0,0.0,0.1,0.1,0.1,0.1,0.13050000369548798,0.0,-0.01341580341694179,-0.01341580341694179,-0.01341580341694179,-0.030581886585135498,0.06304347515106201,0.0,0,0.0,0,0,0,1.0,-0.6261944308970595,nan,0.10090556673064358,0.09909443326935644,-0.00181113346128714,8.981897354125977,2.917835235595703,2.953949585090958,-0.03050000369548797,-0.09362536173619751
20.74666452407837,1784881189.308386,0.3222687244415283,0.31884026527404785,4.1961669921875e-05,0.3260307312011719,jump_guard_hold,1,1,1,FOLLOW_MAIN,1.0,5.993808879171514,-47.0,75.88992687686164,75.88992687686164,-0.343,0.5745386374881567,0.5745386374881567,-0.01844482000837596,-0.13877236003978796,0.0,0.0,0.018,0.025,0.0,0.0,0.0,0.0,0.1,0.1,0.1,0.1,0.10512500256299973,0.0,-0.010061852562706343,-0.010061852562706343,-0.010061852562706343,-0.007546389422029757,-0.0315217524766922,0.0,0,0.0,0,0,0,1.0,-0.6261944308970595,nan,0.10067917504798268,0.09932082495201733,-0.001358350095965355,8.86203670501709,2.940673589706421,2.9488426601780002,-0.00512500256299972,0.02397536305466244
21.095745086669922,1784881189.6574667,4.0531158447265625e-05,0.3391900062561035,0.3353602886199951,0.33185553550720215,large_error_pd,2,1,1,FOLLOW_MAIN,1.0,5.541581872927748,-0.8,75.88992687686164,75.88992687686164,-0.006,0.5745386374881567,0.5745386374881567,-0.01844482000837596,-0.13877236003978796,0.8,0.52,0.018,0.025,-0.060711941501489314,-0.2987600914938415,0.00033200676015076723,0.0034693090009946994,0.1,0.1,0.1,0.1,0.09787499904632568,-0.35567071723418536,-0.35567071723418536,-0.059640905015337906,-0.059640905015337906,-0.04543839319834167,0.0315217524766922,0.42,1,2.0,0,0,1,0.5893706503234518,0.3651016796626433,nan,0.10402576108853531,0.0959742389114647,-0.008051522177070614,8.854159355163574,2.9422109127044678,2.951427111147328,0.002125000953674322,-0.07696014567503387
21.409095764160156,1784881189.9708173,0.31339168548583984,0.31006932258605957,5.698204040527344e-05,0.645207405090332,large_error_pd,2,1,1,FOLLOW_MAIN,1.0,5.541581872927748,-0.8,75.88992687686164,75.88992687686164,-0.006,0.5745386374881567,0.5745386374881567,-0.01844482000837596,-0.13877236003978796,0.8,0.52,0.018,0.025,-0.060711941501489314,-0.2987600914938415,0.00033200676015076723,0.0034693090009946994,0.1,0.1,0.1,0.1,0.09787499904632568,-0.35567071723418536,-0.35567071723418536,-0.059640905015337906,-0.059640905015337906,-0.059640905015337906,-0.031521737575531006,0.42,1,2.0,0,0,1,0.5893706503234518,0.3651016796626433,nan,0.10402576108853531,0.0959742389114647,-0.008051522177070614,8.783262252807617,2.955934762954712,2.9450279549169265,0.002125000953674322,-0.0281191674398069
21.73978042602539,1784881190.301502,4.4345855712890625e-05,0.3203926086425781,0.3054988384246826,0.32733774185180664,large_error_pd,2,1,1,FOLLOW_MAIN,1.0,5.217756609686484,-0.9,75.88992687686164,75.88992687686164,-0.006,0.5745386374881567,0.5745386374881567,-0.01844482000837596,-0.13877236003978796,0.8,0.52,0.018,0.025,-0.060711941501489314,-0.2987600914938415,0.00033200676015076723,0.0034693090009946994,0.1,0.1,0.1,0.1,0.11599999666213989,-0.35567071723418536,-0.35567071723418536,-0.35567071723418536,-0.35567071723418536,-0.16218878545787763,0.0,0.42,1,2.0,0,0,1,0.5889242178881866,0.37773101573889567,nan,0.12400777341330751,0.0759922265866925,-0.04801554682661502,8.750568389892578,2.9624452590942383,2.9450279549169265,-0.015999996662139887,-0.16218878545787763
22.11020541191101,1784881190.671927,0.3414032459259033,0.34868478775024414,6.103515625e-05,0.3598647117614746,jump_guard_hold,1,1,1,FOLLOW_MAIN,1.0,3.4790328056039774,-0.9,75.88992687686164,75.88992687686164,-0.006,0.5745386374881567,0.5745386374881567,-0.01844482000837596,-0.13877236003978796,0.0,0.0,0.018,0.025,0.0,0.0,0.0,0.0,0.1,0.1,0.1,0.1,0.10875000059604645,0.0,-0.25445672132537983,-0.32292619963483643,-0.32292619963483643,-0.32292619963483643,-0.06304346024990082,0.0,0,0.0,0,0,0,1.0,0.3930618646026801,nan,0.12179751847535147,0.07820248152464854,-0.04359503695070294,8.708704948425293,2.9708125591278076,2.934657706962277,-0.008750000596046442,-0.2598827393849356
22.427077293395996,1784881190.988799,4.673004150390625e-05,0.6655561923980713,0.31693243980407715,0.6767358779907227,jump_guard_hold,1,1,1,FOLLOW_MAIN,1.0,4.6768483353041574,-14.4,75.88992687686164,75.88992687686164,-0.10300000000000001,0.5745386374881567,0.5745386374881567,-0.01844482000837596,-0.13877236003978796,0.0,0.0,0.018,0.025,0.0,0.0,0.0,0.0,0.1,0.1,0.1,0.1,0.10875000059604645,0.0,-0.18631377992443268,-0.23209870763313714,-0.23209870763313714,-0.32292619963483643,-0.06304346024990082,0.0,0,0.0,0,0,0,1.0,-0.18598509655213274,nan,0.11566666276523677,0.08433333723476324,-0.03133332553047352,8.708704948425293,2.9708125591278076,2.934657706962277,-0.008750000596046442,-0.2598827393849356
22.755889892578125,1784881191.3176115,4.267692565917969e-05,0.3252871036529541,0.3107461929321289,0.3183445930480957,jump_guard_hold,1,1,1,FOLLOW_MAIN,1.0,5.092128940873299,-16.400000000000002,75.88992687686164,75.88992687686164,-0.117,0.5745386374881567,0.5745386374881567,-0.01844482000837596,-0.13877236003978796,0.0,0.0,0.018,0.025,0.0,0.0,0.0,0.0,0.1,0.1,0.1,0.1,0.08699999749660492,0.0,-0.1259098797252704,-0.1524203828339674,-0.1524203828339674,-0.21639625803292487,-0.12608695030212402,0.0,0,0.0,0,0,0,1.0,-0.2673202278083291,nan,0.11028837584129281,0.0897116241587072,-0.020576751682585603,8.668692588806152,2.9796090126037598,2.8941846985741,0.013000002503395086,-0.09030930773080084
23.18361210823059,1784881191.7453337,4.172325134277344e-05,0.4105851650238037,0.40300440788269043,0.41760969161987305,jump_guard_hold,1,1,1,FOLLOW_MAIN,1.0,4.5769184230678785,-17.400000000000002,75.88992687686164,75.88992687686164,-0.124,0.5745386374881567,0.5745386374881567,-0.01844482000837596,-0.13877236003978796,0.0,0.0,0.018,0.025,0.0,0.0,0.0,0.0,0.1,0.1,0.1,0.1,0.08699999749660492,0.0,-0.09903033984324729,-0.11617277312453769,-0.11617277312453769,-0.13576102763401338,-0.18913042545318604,0.0,0,0.0,0,0,0,1.0,-0.37812553244832436,nan,0.1078416621859063,0.09215833781409372,-0.01568332437181258,8.633170127868652,2.9901580810546875,2.7912661230080213,0.013000002503395086,0.05336939781917266
23.495534658432007,1784881192.0572562,0.3119640350341797,3.814697265625e-05,0.7149269580841064,0.7295327186584473,jump_guard_hold,1,1,1,FOLLOW_MAIN,1.0,4.5769184230678785,-17.400000000000002,75.88992687686164,75.88992687686164,-0.124,0.5745386374881567,0.5745386374881567,-0.01844482000837596,-0.13877236003978796,0.0,0.0,0.018,0.025,0.0,0.0,0.0,0.0,0.1,0.1,0.1,0.1,0.08699999749660492,0.0,-0.09903033984324729,-0.11617277312453769,-0.11617277312453769,-0.04562351563217314,-0.18913042545318604,0.0,0,0.0,0,0,0,1.0,-0.37812553244832436,nan,0.1078416621859063,0.09215833781409372,-0.01568332437181258,8.633170127868652,2.9901580810546875,2.7912661230080213,0.013000002503395086,0.14350690982101288
23.843521118164062,1784881192.4052427,0.3229215145111084,6.318092346191406e-05,0.3267800807952881,0.34116053581237793,jump_guard_hold,1,1,1,FOLLOW_MAIN,1.0,5.2950643156976955,-18.6,75.88992687686164,75.88992687686164,-0.133,0.5745386374881567,0.5745386374881567,-0.01844482000837596,-0.13877236003978796,0.0,0.0,0.018,0.025,0.0,0.0,0.0,0.0,0.1,0.1,0.1,0.1,0.10512499511241913,0.0,-0.04760976692413883,-0.049048916432361214,-0.049048916432361214,-0.0438252654506628,-0.09456519782543182,0.0,0,0.0,0,0,0,1.0,0.033248052318749034,nan,0.10331080185918438,0.09668919814081563,-0.006621603718368757,8.567668914794922,3.0177011489868164,2.6802145408487226,-0.005124995112419123,0.05073993237476902
24.1792311668396,1784881192.7409525,9.5367431640625e-05,0.335773229598999,0.32500267028808594,0.6768701076507568,jump_guard_hold,1,1,1,FOLLOW_MAIN,1.0,4.856425933990147,-29.900000000000002,75.88992687686164,75.88992687686164,-0.215,0.5745386374881567,0.5745386374881567,-0.01844482000837596,-0.13877236003978796,0.0,0.0,0.018,0.025,0.0,0.0,0.0,0.0,0.1,0.1,0.1,0.1,0.10875000059604645,0.0,-0.0559241995734929,-0.05860082263136799,-0.05860082263136799,-0.0438252654506628,-0.12608692049980164,0.0,0,0.0,0,0,0,1.0,-0.4780562026321608,nan,0.10395555552761734,0.09604444447238267,-0.007911111055234676,8.533977508544922,3.035677194595337,2.602072326961651,-0.008750000596046442,0.08226165504913883
24.510529279708862,1784881193.0722508,4.4345855712890625e-05,0.32796645164489746,0.32445621490478516,0.32108449935913086,large_error_pd,2,1,1,FOLLOW_MAIN,1.0,4.828109584762584,-33.1,75.88992687686164,75.88992687686164,-0.23900000000000002,0.5745386374881567,0.5745386374881567,-0.01844482000837596,-0.13877236003978796,0.8,0.52,0.018,0.025,-0.060711941501489314,-0.2987600914938415,0.00033200676015076723,0.0034693090009946994,0.1,0.1,0.1,0.1,0.1014999970793724,-0.35567071723418536,-0.35567071723418536,-0.0795046613011202,-0.0795046613011202,-0.043950616973525994,-0.0630434900522232,0.42,1,2.0,0,0,1,0.5803021872403629,-0.6235398940864529,nan,0.10536656463782562,0.09463343536217439,-0.010733129275651232,8.519434928894043,3.0443849563598633,2.5965877635009176,-0.0014999970793724005,0.01909287307869721
24.85646915435791,1784881193.4181905,0.34598469734191895,0.33200573921203613,3.933906555175781e-05,0.33565759658813477,large_error_pd,2,1,1,FOLLOW_MAIN,1.0,4.828109584762584,-33.1,75.88992687686164,75.88992687686164,-0.23900000000000002,0.5745386374881567,0.5745386374881567,-0.01844482000837596,-0.13877236003978796,0.8,0.52,0.018,0.025,-0.060711941501489314,-0.2987600914938415,0.00033200676015076723,0.0034693090009946994,0.1,0.1,0.1,0.1,0.09062500298023224,-0.35567071723418536,-0.35567071723418536,-0.0795046613011202,-0.0795046613011202,-0.09771458370212188,-0.03152172267436981,0.42,1,2.0,0,0,1,0.5803021872403629,-0.6235398940864529,nan,0.10536656463782562,0.09463343536217439,-0.010733129275651232,8.458258628845215,3.0819575786590576,2.5799137554905536,0.009374997019767767,-0.06619286102775207
25.18004322052002,1784881193.7417648,0.31973791122436523,4.124641418457031e-05,0.32361388206481934,0.6592321395874023,large_error_pd,2,1,1,FOLLOW_MAIN,1.0,4.86933054409041,-38.300000000000004,75.88992687686164,75.88992687686164,-0.277,0.5745386374881567,0.5745386374881567,-0.01844482000837596,-0.13877236003978796,0.8,0.52,0.018,0.025,-0.060711941501489314,-0.2987600914938415,0.00033200676015076723,0.0034693090009946994,0.1,0.1,0.1,0.1,0.09062500298023224,-0.35567071723418536,-0.35567071723418536,-0.03204237654552651,-0.03204237654552651,-0.00750176725368684,-0.03152172267436981,0.42,1,2.0,0,0,1,0.5743408901684397,-0.7956378106468683,nan,0.10216286041682304,0.09783713958317697,-0.004325720833646074,8.458258628845215,3.0819575786590576,2.5799137554905536,0.009374997019767767,0.02401995542068297
25.499847888946533,1784881194.0615697,4.792213439941406e-05,0.31984591484069824,0.3054509162902832,0.31287240982055664,jump_guard_hold,1,1,1,FOLLOW_MAIN,1.0,5.362366480449346,-47.400000000000006,75.88992687686164,75.88992687686164,-0.34500000000000003,0.5745386374881567,0.5745386374881567,-0.01844482000837596,-0.13877236003978796,0.0,0.0,0.018,0.025,0.0,0.0,0.0,0.0,0.1,0.1,0.1,0.1,0.10512500256299973,0.0,-0.03831656282396165,-0.03831656282396165,-0.03831656282396165,-0.00750176725368684,-0.0315217524766922,0.0,0,0.0,0,0,0,1.0,-0.923252772994504,nan,0.10258636799061742,0.09741363200938259,-0.005172735981234827,8.420854568481445,3.105722188949585,2.5666434266659452,-0.00512500256299972,0.024019985223005358
25.840225219726562,1784881194.4019465,4.673004150390625e-05,0.3226163387298584,0.31139612197875977,0.3300793170928955,jump_guard_hold,1,1,1,FOLLOW_MAIN,1.0,5.726251167490039,-51.0,75.88992687686164,75.88992687686164,-0.373,0.5745386374881567,0.5745386374881567,-0.01844482000837596,-0.13877236003978796,0.0,0.0,0.018,0.025,0.0,0.0,0.0,0.0,0.1,0.1,0.1,0.1,0.09425000101327896,0.0,-0.02701667290884169,-0.02701667290884169,-0.02701667290884169,-0.028737422117971236,1.6196914032207133e-08,0.0,0,0.0,0,0,0,1.0,-0.8899966992162689,nan,0.10182362542134682,0.09817637457865319,-0.003647250842693628,8.37929916381836,3.132516384124756,2.569417577388066,0.005749998986721044,-0.028737438314885268
26.17602229118347,1784881194.7377439,4.76837158203125e-05,0.32189297676086426,0.3108093738555908,0.32549500465393066,jump_guard_hold,1,1,1,FOLLOW_MAIN,1.0,5.436625914813207,-54.0,75.88992687686164,75.88992687686164,-0.396,0.5745386374881567,0.5745386374881567,-0.01844482000837596,-0.13877236003978796,0.0,0.0,0.018,0.025,0.0,0.0,0.0,0.0,0.1,0.1,0.1,0.1,0.1014999970793724,0.0,-0.05511904819880019,-0.060398272265503816,-0.060398272265503816,-0.02026250468163127,0.0,0.0,0,0.0,0,0,0,1.0,-0.8072761002810356,nan,0.10407688337792151,0.0959231166220785,-0.008153766755843006,8.359328269958496,3.145451307296753,2.564500480248663,-0.0014999970793724005,-0.02026250468163127
26.50719904899597,1784881195.0689206,0.3097834587097168,0.30637598037719727,6.937980651855469e-05,0.32083964347839355,jump_guard_hold,1,1,1,FOLLOW_MAIN,1.0,5.436625914813207,-54.0,75.88992687686164,75.88992687686164,-0.396,0.5745386374881567,0.5745386374881567,-0.01844482000837596,-0.13877236003978796,0.0,0.0,0.018,0.025,0.0,0.0,0.0,0.0,0.1,0.1,0.1,0.1,0.101500004529953,0.0,-0.0339740281493459,-0.0339740281493459,-0.0339740281493459,-0.0339740281493459,-0.0630434900522232,0.0,0,0.0,0,0,0,1.0,-0.8072761002810356,nan,0.10229324690008085,0.09770675309991916,-0.004586493800161684,8.318256378173828,3.1723101139068604,2.5612865713471287,-0.0015000045299529974,0.029069461902877305
26.853418827056885,1784881195.4151404,0.3282277584075928,0.31649160385131836,5.7697296142578125e-05,0.3320305347442627,jump_guard_hold,1,1,1,FOLLOW_MAIN,1.0,5.822241665961686,-215.10000000000002,75.88992687686164,75.88992687686164,-0.368,0.5745386374881567,0.5745386374881567,-0.01844482000837596,-0.13877236003978796,0.0,0.0,0.018,0.025,0.0,0.0,0.0,0.0,0.1,0.1,0.1,0.1,0.09787499904632568,0.0,-0.02499145579878136,-0.02499145579878136,-0.02499145579878136,-0.01874359184908602,-0.031521737575531006,0.0,0,0.0,0,0,0,1.0,0.6731353113704651,nan,0.10168692326641775,0.09831307673358226,-0.003373846532835484,8.278878211975098,3.198413610458374,2.5468184096734343,0.002125000953674322,0.012778145726444985
27.19913673400879,1784881195.760858,0.32771921157836914,0.338472843170166,5.030632019042969e-05,0.331423282623291,jump_guard_hold,1,1,1,FOLLOW_MAIN,1.0,5.8049489084873285,-58.300000000000004,75.88992687686164,75.88992687686164,-0.43,0.5745386374881567,0.5745386374881567,-0.01844482000837596,-0.13877236003978796,0.0,0.0,0.018,0.025,0.0,0.0,0.0,0.0,0.1,0.1,0.1,0.1,0.09787499904632568,0.0,-0.031189327472169813,-0.031189327472169813,-0.031189327472169813,-0.031189327472169813,-0.031521737575531006,0.0,0,0.0,0,0,0,1.0,-0.6876390248245713,nan,0.10210527960437146,0.09789472039562855,-0.0042105592087429144,8.258177757263184,3.2124924659729004,2.5391279107506777,0.002125000953674322,0.00033241010336119287
27.513684272766113,1784881196.075406,0.3109092712402344,0.3075835704803467,4.458427429199219e-05,0.6459715366363525,large_error_pd,2,1,1,FOLLOW_MAIN,1.0,5.567265404750673,-59.7,75.88992687686164,75.88992687686164,-0.441,0.5745386374881567,0.5745386374881567,-0.01844482000837596,-0.13877236003978796,0.8,0.52,0.018,0.025,-0.060711941501489314,-0.2987600914938415,0.00033200676015076723,0.0034693090009946994,0.1,0.1,0.1,0.1,0.101500004529953,-0.35567071723418536,-0.35567071723418536,-0.029823061359526372,-0.029823061359526372,-0.04577441495919299,-0.0630434900522232,0.42,1,2.0,0,0,1,0.5795715370677669,-0.6445378772843906,nan,0.10201305664176803,0.09798694335823198,-0.004026113283536054,8.226119041442871,3.234710931777954,2.5220428844845695,-0.0015000045299529974,0.017269075093030217
27.856340408325195,1784881196.418062,0.3354456424713135,0.31676554679870605,3.886222839355469e-05,0.33933424949645996,large_error_pd,2,1,1,FOLLOW_MAIN,1.0,5.42196688112374,-239.5,75.88992687686164,75.88992687686164,-0.41200000000000003,0.5745386374881567,0.5745386374881567,-0.01844482000837596,-0.13877236003978796,0.8,0.52,0.018,0.025,-0.060711941501489314,-0.2987600914938415,0.00033200676015076723,0.0034693090009946994,0.1,0.1,0.1,0.1,0.09787499904632568,-0.35567071723418536,-0.35567071723418536,-0.027235752413443996,-0.027235752413443996,-0.042628690013416355,-0.09456522762775421,0.42,1,2.0,0,0,1,0.5976366704842807,0.13297298546124134,nan,0.10183841328790748,0.09816158671209253,-0.0036768265758149454,8.200368881225586,3.2533605098724365,2.5015216682442967,0.002125000953674322,0.051936537614337856
28.19836115837097,1784881196.7600825,5.2928924560546875e-05,0.3350670337677002,0.3244290351867676,0.32814526557922363,large_error_pd,2,1,1,FOLLOW_MAIN,1.0,5.685412322216223,-245.70000000000002,75.88992687686164,75.88992687686164,-0.423,0.5745386374881567,0.5745386374881567,-0.01844482000837596,-0.13877236003978796,0.8,0.52,0.018,0.025,-0.060711941501489314,-0.2987600914938415,0.00033200676015076723,0.0034693090009946994,0.1,0.1,0.1,0.1,0.10512500256299973,-0.35567071723418536,-0.35567071723418536,-0.03844534324216418,-0.03844534324216418,-0.021372431242160907,-0.0315217524766922,0.42,1,2.0,0,0,1,0.5976074645681818,0.13378748896581688,nan,0.10259506066884609,0.09740493933115392,-0.005190121337692172,8.179181098937988,3.2692861557006836,2.4972349608555895,-0.00512500256299972,0.010149321234531293
28.51331925392151,1784881197.075041,9.274482727050781e-05,0.3115806579589844,0.639387845993042,0.643103837966919,jump_guard_hold,1,1,1,FOLLOW_MAIN,1.0,5.759863209438059,-68.2,75.88992687686164,75.88992687686164,-0.509,0.5745386374881567,0.5745386374881567,-0.01844482000837596,-0.13877236003978796,0.0,0.0,0.018,0.025,0.0,0.0,0.0,0.0,0.1,0.1,0.1,0.1,0.10512500256299973,0.0,-0.031881733796780665,-0.031881733796780665,-0.031881733796780665,-0.040297099231656135,-0.0315217524766922,0.0,0,0.0,0,0,0,1.0,-0.8420190260102505,nan,0.1021520170312827,0.09784798296871731,-0.004304034062565382,8.179181098937988,3.2692861557006836,2.4972349608555895,-0.00512500256299972,-0.008775346754963935
28.869982481002808,1784881197.4317043,7.510185241699219e-05,0.3533306121826172,0.32999348640441895,0.34659886360168457,jump_guard_hold,1,1,1,FOLLOW_MAIN,1.0,5.759863209438059,-68.2,75.88992687686164,75.88992687686164,-0.509,0.5745386374881567,0.5745386374881567,-0.01844482000837596,-0.13877236003978796,0.0,0.0,0.018,0.025,0.0,0.0,0.0,0.0,0.1,0.1,0.1,0.1,0.11962500214576721,0.0,-0.0239113003475855,-0.0239113003475855,-0.0239113003475855,-0.0239113003475855,0.09456522762775421,0.0,0,0.0,0,0,0,1.0,-0.8420190260102505,nan,0.10161401277346202,0.09838598722653799,-0.0032280255469240293,8.144302368164062,3.3002185821533203,2.3619124267675486,-0.019625002145767206,-0.11847652797533971
29.223280668258667,1784881197.7850022,0.35337328910827637,0.34986090660095215,0.6832916736602783,0.699897050857544,jump_guard_hold,1,1,1,FOLLOW_MAIN,1.0,5.759863209438059,-68.2,75.88992687686164,75.88992687686164,-0.509,0.5745386374881567,0.5745386374881567,-0.01844482000837596,-0.13877236003978796,0.0,0.0,0.018,0.025,0.0,0.0,0.0,0.0,0.1,0.1,0.1,0.1,0.11962500214576721,0.0,-0.0239113003475855,-0.0239113003475855,-0.0239113003475855,-0.017933475260689124,0.09456522762775421,0.0,0,0.0,0,0,0,1.0,-0.8420190260102505,nan,0.10161401277346202,0.09838598722653799,-0.0032280255469240293,8.144302368164062,3.3002185821533203,2.3619124267675486,-0.019625002145767206,-0.11249870288844334
29.541992902755737,1784881198.1037145,0.6720860004425049,0.6685733795166016,1.0020041465759277,1.0186092853546143,jump_guard_hold,1,1,1,FOLLOW_MAIN,1.0,5.759863209438059,-68.2,75.88992687686164,75.88992687686164,-0.509,0.5745386374881567,0.5745386374881567,-0.01844482000837596,-0.13877236003978796,0.0,0.0,0.018,0.025,0.0,0.0,0.0,0.0,0.1,0.1,0.1,0.1,0.11962500214576721,0.0,-0.0239113003475855,-0.0239113003475855,-0.0239113003475855,-0.017933475260689124,0.09456522762775421,0.0,0,0.0,0,0,0,1.0,-0.8420190260102505,nan,0.10161401277346202,0.09838598722653799,-0.0032280255469240293,8.144302368164062,3.3002185821533203,2.3619124267675486,-0.019625002145767206,-0.11249870288844334
29.884584426879883,1784881198.446306,6.699562072753906e-05,1.011164665222168,1.344595193862915,1.3612003326416016,large_error_pd,2,1,1,FOLLOW_MAIN,1.0,5.759863209438059,-68.2,75.88992687686164,75.88992687686164,-0.509,0.5745386374881567,0.5745386374881567,-0.01844482000837596,-0.13877236003978796,0.8,0.52,0.018,0.025,-0.060711941501489314,-0.2987600914938415,0.00033200676015076723,0.0034693090009946994,0.1,0.1,0.1,0.1,0.11962500214576721,-0.35567071723418536,-0.35567071723418536,-0.058105108634256816,-0.058105108634256816,-0.017933475260689124,0.09456522762775421,0.42,1,2.0,0,0,1,0.5727447943532825,-0.8420190260102505,nan,0.10392209483281234,0.09607790516718767,-0.007844189665624668,8.144302368164062,3.3002185821533203,2.3619124267675486,-0.019625002145767206,-0.11249870288844334
30.222384691238403,1784881198.7841063,0.33786725997924805,0.33446264266967773,0.33083081245422363,0.3274714946746826,large_error_pd,2,1,1,FOLLOW_MAIN,1.0,5.759863209438059,-68.2,75.88992687686164,75.88992687686164,-0.509,0.5745386374881567,0.5745386374881567,-0.01844482000837596,-0.13877236003978796,0.8,0.52,0.018,0.025,-0.060711941501489314,-0.2987600914938415,0.00033200676015076723,0.0034693090009946994,0.1,0.1,0.1,0.1,0.11599999666213989,-0.35567071723418536,-0.35567071723418536,-0.058105108634256816,-0.058105108634256816,-0.04357883147569261,0.1260869801044464,0.42,1,2.0,0,0,1,0.5727447943532825,-0.8420190260102505,nan,0.10392209483281234,0.09607790516718767,-0.007844189665624668,8.132588386535645,3.3117992877960205,2.379816675432765,-0.015999996662139887,-0.16966581158013902
30.53593873977661,1784881199.0976603,5.9604644775390625e-05,0.6480164527893066,0.6443846225738525,0.6410248279571533,jump_guard_hold,1,1,1,FOLLOW_MAIN,1.0,5.477120342917871,-47.6,75.88992687686164,75.88992687686164,-0.328,0.5745386374881567,0.5745386374881567,-0.01844482000837596,-0.13877236003978796,0.0,0.0,0.018,0.025,0.0,0.0,0.0,0.0,0.1,0.1,0.1,0.1,0.11599999666213989,0.0,-0.03266833960428488,-0.03266833960428488,-0.03266833960428488,-0.04357883147569261,0.1260869801044464,0.0,0,0.0,0,0,0,1.0,5.0,nan,0.10220511292328924,0.09779488707671077,-0.004410225846578464,8.132588386535645,3.3117992877960205,2.379816675432765,-0.015999996662139887,-0.16966581158013902
30.89679718017578,1784881199.4585187,7.915496826171875e-05,0.35732507705688477,0.33481597900390625,0.35021495819091797,jump_guard_hold,1,1,1,FOLLOW_MAIN,1.0,6.352025626001488,-10.8,75.88992687686164,75.88992687686164,-0.077,0.5745386374881567,0.5745386374881567,-0.01844482000837596,-0.13877236003978796,0.0,0.0,0.018,0.025,0.0,0.0,0.0,0.0,0.1,0.06912878150011238,0.06912878150011238,0.035,0.11600000411272049,0.0,0.0,0.0,0.0,0.0,-0.12608696520328522,0.0,0,0.0,0,0,0,1.0,2.153,nan,0.06912878150011238,0.06912878150011238,0.0,8.04064655303955,3.4006154537200928,2.3364436079706397,-0.08100000411272049,0.12608696520328522
31.233256101608276,1784881199.794978,0.33653807640075684,0.32277798652648926,0.3191497325897217,3.695487976074219e-05,jump_guard_hold,1,1,1,FOLLOW_MAIN,1.0,6.352025626001488,-10.8,75.88992687686164,75.88992687686164,-0.077,0.5745386374881567,0.5745386374881567,-0.01844482000837596,-0.13877236003978796,0.0,0.0,0.018,0.025,0.0,0.0,0.0,0.0,0.1,0.06912878150011238,0.06912878150011238,0.09912878150011238,0.08699999749660492,0.0,0.0,0.0,0.0,-0.08000000000000002,0.0,0.0,0,0.0,0,0,0,1.0,2.153,nan,0.06912878150011238,0.06912878150011238,0.0,8.020386695861816,3.4218130111694336,2.3293511262464026,0.012128784003507462,-0.08000000000000002
31.543789863586426,1784881200.1055114,0.6470718383789062,3.0279159545898438e-05,0.29541969299316406,0.31057095527648926,jump_guard_hold,1,1,1,FOLLOW_MAIN,1.0,6.352025626001488,-10.8,75.88992687686164,75.88992687686164,-0.077,0.5745386374881567,0.5745386374881567,-0.01844482000837596,-0.13877236003978796,0.0,0.0,0.018,0.025,0.0,0.0,0.0,0.0,0.1,0.06912878150011238,0.06912878150011238,0.1,0.04349999874830246,0.0,0.0,0.0,0.0,-0.01115538068672976,0.0,0.0,0,0.0,0,0,0,1.0,2.153,nan,0.06912878150011238,0.06912878150011238,0.0,8.006911277770996,3.4361002445220947,2.323740660902165,0.056500001251697546,-0.01115538068672976
31.90978693962097,1784881200.4715085,5.2928924560546875e-05,0.35027074813842773,0.6614160537719727,0.36246514320373535,jump_guard_hold,1,1,1,FOLLOW_MAIN,1.0,5.839064217807849,-4.0,75.88992687686164,75.88992687686164,-0.029,0.5745386374881567,0.5745386374881567,-0.01844482000837596,-0.13877236003978796,0.0,0.0,0.018,0.025,0.0,0.0,0.0,0.0,0.1,0.1,0.1,0.1,0.04349999874830246,0.0,-0.0026472241278079406,-0.0026472241278079406,-0.0026472241278079406,-0.008366535515047319,0.0,0.0,0,0.0,0,0,0,1.0,0.828,nan,0.10017868762862704,0.09982131237137297,-0.00035737525725407226,8.006911277770996,3.4361002445220947,2.323740660902165,0.056500001251697546,-0.008366535515047319
32.26842904090881,1784881200.830151,8.296966552734375e-05,0.3550608158111572,0.35135984420776367,0.3479890823364258,jump_guard_hold,1,1,1,FOLLOW_MAIN,1.0,5.537686945227405,-1.3,75.88992687686164,75.88992687686164,-0.009000000000000001,0.5745386374881567,0.5745386374881567,-0.01844482000837596,-0.13877236003978796,0.0,0.0,0.018,0.025,0.0,0.0,0.0,0.0,0.1,0.1,0.1,0.1,0.1014999970793724,0.0,-0.0464162302233487,-0.05083164536445075,-0.05083164536445075,-0.017386531327296336,0.0,0.0,0,0.0,0,0,0,1.0,-0.177,nan,0.10343113606210043,0.09656886393789958,-0.006862272124200847,7.983417987823486,3.4618754386901855,2.304607072057562,-0.0014999970793724005,-0.017386531327296336
32.57664752006531,1784881201.138369,0.3083000183105469,3.8623809814453125e-05,0.6595768928527832,0.6562061309814453,jump_guard_hold,1,1,1,FOLLOW_MAIN,1.0,5.537686945227405,-1.3,75.88992687686164,75.88992687686164,-0.009000000000000001,0.5745386374881567,0.5745386374881567,-0.01844482000837596,-0.13877236003978796,0.0,0.0,0.018,0.025,0.0,0.0,0.0,0.0,0.1,0.1,0.1,0.1,0.1014999970793724,0.0,-0.0464162302233487,-0.05083164536445075,-0.05083164536445075,-0.014143316524828115,0.0,0.0,0,0.0,0,0,0,1.0,-0.177,nan,0.10343113606210043,0.09656886393789958,-0.006862272124200847,7.983417987823486,3.4618754386901855,2.304607072057562,-0.0014999970793724005,-0.014143316524828115
32.928873777389526,1784881201.490595,0.32700276374816895,0.33417224884033203,3.600120544433594e-05,0.3452630043029785,jump_guard_hold,1,1,1,FOLLOW_MAIN,1.0,5.472851705451678,-1.4000000000000001,75.88992687686164,75.88992687686164,-0.01,0.5745386374881567,0.5745386374881567,-0.01844482000837596,-0.13877236003978796,0.0,0.0,0.018,0.025,0.0,0.0,0.0,0.0,0.1,0.1,0.1,0.1,0.1014999970793724,0.0,-0.010607487393621086,-0.010607487393621086,-0.010607487393621086,-0.010607487393621086,0.0,0.0,0,0.0,0,0,0,1.0,0.03,nan,0.10071600539906943,0.09928399460093058,-0.0014320107981388441,7.866979598999023,3.593405246734619,2.274030403684813,-0.0014999970793724005,-0.010607487393621086
33.25870990753174,1784881201.8204317,0.326171875,0.32278013229370117,3.9577484130859375e-05,0.6750996112823486,jump_guard_hold,1,1,1,FOLLOW_MAIN,1.0,5.634692981350451,-2.2,75.88992687686164,75.88992687686164,-0.016,0.5745386374881567,0.5745386374881567,-0.01844482000837596,-0.13877236003978796,0.0,0.0,0.018,0.025,0.0,0.0,0.0,0.0,0.1,0.1,0.1,0.1,0.09787499904632568,0.0,-0.02398646871807782,-0.02398646871807782,-0.02398646871807782,-0.017989851538558366,0.0315217524766922,0.0,0,0.0,0,0,0,1.0,0.347,nan,0.10161908663847026,0.09838091336152975,-0.003238173276940509,7.843051433563232,3.6215128898620605,2.279104827358947,0.002125000953674322,-0.049511604015250565
33.57040596008301,1784881202.1321273,0.3046114444732666,0.30113768577575684,3.552436828613281e-05,0.3082854747772217,jump_guard_hold,1,1,1,FOLLOW_MAIN,1.0,5.527036360388268,-4.1000000000000005,75.88992687686164,75.88992687686164,-0.03,0.5745386374881567,0.5745386374881567,-0.01844482000837596,-0.13877236003978796,0.0,0.0,0.018,0.025,0.0,0.0,0.0,0.0,0.1,0.1,0.1,0.1,0.10875000059604645,0.0,-0.04815510395472095,-0.04815510395472095,-0.04815510395472095,-0.036116327966040716,-0.06304346024990082,0.0,0,0.0,0,0,0,1.0,0.697,nan,0.10325046951694367,0.09674953048305635,-0.006500939033887321,7.831461429595947,3.635082960128784,2.2710033941907635,-0.008750000596046442,0.0269271322838601
33.93169951438904,1784881202.493421,6.985664367675781e-05,0.3528769016265869,0.334230899810791,0.34594297409057617,large_error_pd,2,1,1,FOLLOW_MAIN,1.0,5.506207452753646,-4.5,75.88992687686164,75.88992687686164,-0.032,0.5745386374881567,0.5745386374881567,-0.01844482000837596,-0.13877236003978796,0.8,0.52,0.018,0.025,-0.060711941501489314,-0.2987600914938415,0.00033200676015076723,0.0034693090009946994,0.1,0.1,0.1,0.1,0.10875000059604645,-0.35567071723418536,-0.35567071723418536,-0.05824200099264102,-0.05824200099264102,-0.05824200099264102,-1.6196914032207133e-08,0.42,1,3.0,0,0,1,0.5657098837931179,1.0479999999999998,nan,0.10393133506700328,0.09606866493299673,-0.007862670134006544,7.809004306793213,3.6619176864624023,2.2632814804471137,-0.008750000596046442,-0.05824198479572699
34.269792318344116,1784881202.8315136,6.29425048828125e-05,0.334810733795166,0.3312723636627197,0.3278677463531494,large_error_pd,2,1,1,FOLLOW_MAIN,1.0,5.507311590395588,-5.300000000000001,75.88992687686164,75.88992687686164,-0.038,0.5745386374881567,0.5745386374881567,-0.01844482000837596,-0.13877236003978796,0.8,0.52,0.018,0.025,-0.060711941501489314,-0.2987600914938415,0.00033200676015076723,0.0034693090009946994,0.1,0.1,0.1,0.1,0.10875000059604645,-0.35567071723418536,-0.35567071723418536,-0.042438106205764874,-0.042438106205764874,-0.02457084416877043,-0.06304346024990082,0.42,1,3.0,0,0,1,0.541109344520814,1.789,nan,0.10286457216888914,0.09713542783111087,-0.005729144337778269,7.799631118774414,3.673217296600342,2.25477081866715,-0.008750000596046442,0.03847261608113039
34.58058834075928,1784881203.1423097,0.31085968017578125,0.30751991271972656,0.304060697555542,8.916854858398438e-05,large_error_pd,2,1,1,FOLLOW_MAIN,1.0,5.507311590395588,-5.300000000000001,75.88992687686164,75.88992687686164,-0.038,0.5745386374881567,0.5745386374881567,-0.01844482000837596,-0.13877236003978796,0.8,0.52,0.018,0.025,-0.060711941501489314,-0.2987600914938415,0.00033200676015076723,0.0034693090009946994,0.1,0.1,0.1,0.1,0.09787499904632568,-0.35567071723418536,-0.35567071723418536,-0.042438106205764874,-0.042438106205764874,-0.042438106205764874,-0.031521737575531006,0.42,1,3.0,0,0,1,0.541109344520814,1.789,nan,0.10286457216888914,0.09713542783111087,-0.005729144337778269,7.789252758026123,3.6859476566314697,2.2519651841378394,0.002125000953674322,-0.010916368630233868
34.93434500694275,1784881203.4960666,0.33919239044189453,2.8133392333984375e-05,0.3237466812133789,0.35384511947631836,jump_guard_hold,1,1,1,FOLLOW_MAIN,1.0,5.4620512637477585,-6.0,75.88992687686164,75.88992687686164,-0.043000000000000003,0.5745386374881567,0.5745386374881567,-0.01844482000837596,-0.13877236003978796,0.0,0.0,0.018,0.025,0.0,0.0,0.0,0.0,0.1,0.1,0.1,0.1,0.09424999356269836,0.0,-0.01868980791126263,-0.01868980791126263,-0.01868980791126263,-0.05060826471102077,-0.06304347515106201,0.0,0,0.0,0,0,0,1.0,2.1069999999999998,nan,0.10126156203401024,0.09873843796598977,-0.002523124068020466,7.757477283477783,3.7253189086914062,2.2450615526499913,0.005750006437301641,0.012435210440041242
35.269171476364136,1784881203.8308928,0.0001277923583984375,0.3348543643951416,0.6585726737976074,0.3315401077270508,jump_guard_hold,1,1,1,FOLLOW_MAIN,1.0,5.565952467448508,-6.9,75.88992687686164,75.88992687686164,-0.049,0.5745386374881567,0.5745386374881567,-0.01844482000837596,-0.13877236003978796,0.0,0.0,0.018,0.025,0.0,0.0,0.0,0.0,0.1,0.1,0.1,0.1,0.09424999356269836,0.0,-0.027128158548034933,-0.027128158548034933,-0.027128158548034933,-0.05060826471102077,-0.06304347515106201,0.0,0,0.0,0,0,0,1.0,2.277,nan,0.10183115070199236,0.09816884929800765,-0.0036623014039847135,7.757477283477783,3.7253189086914062,2.2450615526499913,0.005750006437301641,0.012435210440041242
35.58533334732056,1784881204.147055,5.602836608886719e-05,0.3127923011779785,0.30233073234558105,0.305983304977417,jump_guard_hold,1,1,1,FOLLOW_MAIN,1.0,4.514001949829151,-8.5,75.88992687686164,75.88992687686164,-0.061,0.5745386374881567,0.5745386374881567,-0.01844482000837596,-0.13877236003978796,0.0,0.0,0.018,0.025,0.0,0.0,0.0,0.0,0.1,0.1,0.1,0.1,0.09787499904632568,0.0,-0.05192346448989669,-0.053408909987114554,-0.053408909987114554,-0.0203461189110262,-0.031521737575531006,0.0,0,0.0,0,0,0,1.0,2.179,nan,0.10360510142413024,0.09639489857586978,-0.007210202848260461,7.739142417907715,3.7483315467834473,2.2370239326928667,0.002125000953674322,0.011175618664504807
35.9485650062561,1784881204.5102868,0.36328887939453125,0.3598294258117676,0.33797144889831543,0.35288190841674805,jump_guard_hold,1,1,1,FOLLOW_MAIN,1.0,4.514001949829151,-8.5,75.88992687686164,75.88992687686164,-0.061,0.5745386374881567,0.5745386374881567,-0.01844482000837596,-0.13877236003978796,0.0,0.0,0.018,0.025,0.0,0.0,0.0,0.0,0.1,0.1,0.1,0.1,0.1014999970793724,0.0,-0.05192346448989669,-0.053408909987114554,-0.053408909987114554,-0.040056682490335914,0.0,0.0,0,0.0,0,0,0,1.0,2.179,nan,0.10360510142413024,0.09639489857586978,-0.007210202848260461,7.7032575607299805,3.7946701049804688,2.222525283407374,-0.0014999970793724005,-0.040056682490335914
36.27675127983093,1784881204.8384733,0.0001304149627685547,0.6880152225494385,0.6661579608917236,0.6810684204101562,jump_guard_hold,1,1,1,FOLLOW_MAIN,1.0,4.918210420867604,-9.1,75.88992687686164,75.88992687686164,-0.065,0.5745386374881567,0.5745386374881567,-0.01844482000837596,-0.13877236003978796,0.0,0.0,0.018,0.025,0.0,0.0,0.0,0.0,0.1,0.1,0.1,0.1,0.1014999970793724,0.0,-0.023964903713188365,-0.023964903713188365,-0.023964903713188365,-0.040056682490335914,0.0,0.0,0,0.0,0,0,0,1.0,2.0669999999999997,nan,0.10161763100064022,0.09838236899935979,-0.0032352620012804367,7.7032575607299805,3.7946701049804688,2.222525283407374,-0.0014999970793724005,-0.040056682490335914
36.60784578323364,1784881205.1695673,5.459785461425781e-05,0.319598913192749,0.3239259719848633,1.0121612548828125,large_error_pd,2,1,1,FOLLOW_MAIN,1.0,6.836990807837148,-13.100000000000001,75.88992687686164,75.88992687686164,-0.093,0.5745386374881567,0.5745386374881567,-0.01844482000837596,-0.13877236003978796,0.8,0.52,0.018,0.025,-0.060711941501489314,-0.2987600914938415,0.00033200676015076723,0.0034693090009946994,0.1,0.09982220510006301,0.09982220510006301,0.1,0.09425000101327896,-0.35567071723418536,-0.35567071723418536,-0.06225381279946306,-0.06225381279946306,-0.03285630338503973,1.6196914032207133e-08,0.42,1,2.0,0,0,1,0.6011601514462086,0.034999999999999996,nan,0.10402433746402677,0.09562007273609925,-0.008404264727927518,7.683460712432861,3.8208255767822266,2.21486531786721,0.005749998986721044,-0.032856319581953765
36.96630835533142,1784881205.52803,5.9604644775390625e-05,0.33686232566833496,0.3332545757293701,0.34796762466430664,jump_guard_hold,1,1,1,FOLLOW_MAIN,1.0,5.8074467128501475,-16.2,75.88992687686164,75.88992687686164,-0.115,0.5745386374881567,0.5745386374881567,-0.01844482000837596,-0.13877236003978796,0.0,0.0,0.018,0.025,0.0,0.0,0.0,0.0,0.1,0.1,0.1,0.1,0.10875000059604645,0.0,-0.033320087321821845,-0.033320087321821845,-0.033320087321821845,-0.03501776969969797,-1.6196914032207133e-08,0.0,0,0.0,0,0,0,1.0,-0.39999999999999997,nan,0.10224910589422298,0.09775089410577703,-0.004498211788445949,7.6242852210998535,3.8990046977996826,2.2163787633512175,-0.008750000596046442,-0.03501775350278394
37.29543352127075,1784881205.857155,0.32918524742126465,0.3258028030395508,3.9577484130859375e-05,0.6770930290222168,jump_guard_hold,1,1,1,FOLLOW_MAIN,1.0,5.8074467128501475,-16.2,75.88992687686164,75.88992687686164,-0.115,0.5745386374881567,0.5745386374881567,-0.01844482000837596,-0.13877236003978796,0.0,0.0,0.018,0.025,0.0,0.0,0.0,0.0,0.1,0.1,0.1,0.1,0.0036249998956918716,0.0,-0.033320087321821845,-0.033320087321821845,-0.033320087321821845,-0.024990065491366384,-0.031521737575531006,0.0,0,0.0,0,0,0,1.0,-0.39999999999999997,nan,0.10224910589422298,0.09775089410577703,-0.004498211788445949,7.614346981048584,3.912334680557251,2.180917413674232,0.09637500010430813,0.006531672084164622
37.61347579956055,1784881206.1751978,0.31078529357910156,0.30735278129577637,5.9604644775390625e-05,0.31462621688842773,jump_guard_hold,1,1,1,FOLLOW_MAIN,1.0,5.54578724659081,-21.5,75.88992687686164,75.88992687686164,-0.152,0.5745386374881567,0.5745386374881567,-0.01844482000837596,-0.13877236003978796,0.0,0.0,0.018,0.025,0.0,0.0,0.0,0.0,0.1,0.1,0.1,0.1,0.13774999976158142,0.0,-0.03333013189158808,-0.03333013189158808,-0.03333013189158808,-0.02499759891869106,0.0,0.0,0,0.0,0,0,0,1.0,-0.587,nan,0.1022497839026822,0.09775021609731781,-0.004499567805364396,7.592030048370361,3.9438586235046387,2.186686185475276,-0.037749999761581415,-0.02499759891869106
37.97318458557129,1784881206.534906,5.91278076171875e-05,0.3525402545928955,0.33371543884277344,0.3454906940460205,jump_guard_hold,1,1,1,FOLLOW_MAIN,1.0,4.793290913342315,-27.3,75.88992687686164,75.88992687686164,-0.192,0.5745386374881567,0.5745386374881567,-0.01844482000837596,-0.13877236003978796,0.0,0.0,0.018,0.025,0.0,0.0,0.0,0.0,0.1,0.1,0.1,0.1,0.09062500298023224,0.0,-0.02783330634702437,-0.02783330634702437,-0.02783330634702437,-0.0245352673879101,-0.03152172267436981,0.0,0,0.0,0,0,0,1.0,-0.544,nan,0.10187874817842416,0.09812125182157586,-0.0037574963568483,7.569814205169678,3.9754583835601807,2.178048722122353,0.009374997019767767,0.006986455286459713
38.2949697971344,1784881206.8566916,0.32184529304504395,6.67572021484375e-05,0.6555018424987793,0.6672768592834473,jump_guard_hold,1,1,1,FOLLOW_MAIN,1.0,4.793290913342315,-27.3,75.88992687686164,75.88992687686164,-0.192,0.5745386374881567,0.5745386374881567,-0.01844482000837596,-0.13877236003978796,0.0,0.0,0.018,0.025,0.0,0.0,0.0,0.0,0.1,0.1,0.1,0.1,0.09062500298023224,0.0,-0.02783330634702437,-0.02783330634702437,-0.02783330634702437,-0.04720983754669291,-0.03152172267436981,0.0,0,0.0,0,0,0,1.0,-0.544,nan,0.10187874817842416,0.09812125182157586,-0.0037574963568483,7.569814205169678,3.9754583835601807,2.178048722122353,0.009374997019767767,-0.0156881148723231
38.614174604415894,1784881207.1758962,0.3081691265106201,0.0001480579376220703,0.3045954704284668,0.3119184970855713,large_error_pd,2,1,1,FOLLOW_MAIN,1.0,4.793290913342315,-27.3,75.88992687686164,75.88992687686164,-0.192,0.5745386374881567,0.5745386374881567,-0.01844482000837596,-0.13877236003978796,0.8,0.52,0.018,0.025,-0.060711941501489314,-0.2987600914938415,0.00033200676015076723,0.0034693090009946994,0.1,0.1,0.1,0.1,0.09424999356269836,-0.35567071723418536,-0.35567071723418536,-0.06154232874687736,-0.06154232874687736,-0.03207520889486694,1.6196914032207133e-08,0.42,1,2.0,0,0,1,0.5830782366424198,-0.544,nan,0.10415410719041422,0.09584589280958579,-0.008308214380828433,7.560564041137695,3.9887712001800537,2.178048722122353,0.005750006437301641,-0.03207522509178097
38.98687529563904,1784881207.548597,0.34706616401672363,0.34351682662963867,5.054473876953125e-05,0.3659327030181885,jump_guard_hold,1,1,1,FOLLOW_MAIN,1.0,5.196120140898154,-35.0,75.88992687686164,75.88992687686164,-0.245,0.5745386374881567,0.5745386374881567,-0.01844482000837596,-0.13877236003978796,0.0,0.0,0.018,0.025,0.0,0.0,0.0,0.0,0.1,0.1,0.1,0.1,0.10875000059604645,0.0,-0.024056406671150204,-0.024056406671150204,-0.024056406671150204,-0.018042305003362652,-1.6196914032207133e-08,0.0,0,0.0,0,0,0,1.0,-0.486,nan,0.10162380745030264,0.09837619254969737,-0.003247614900605267,7.525670528411865,4.039424896240234,2.168341354775731,-0.008750000596046442,-0.01804228880644862
39.32605957984924,1784881207.887781,5.125999450683594e-05,0.6826996803283691,0.3392331600189209,0.7051150798797607,jump_guard_hold,1,1,1,FOLLOW_MAIN,1.0,5.530611040057783,-53.300000000000004,75.88992687686164,75.88992687686164,-0.364,0.5745386374881567,0.5745386374881567,-0.01844482000837596,-0.13877236003978796,0.0,0.0,0.018,0.025,0.0,0.0,0.0,0.0,0.1,0.1,0.1,0.1,0.10875000059604645,0.0,-0.0324152177714606,-0.0324152177714606,-0.0324152177714606,-0.018042305003362652,-1.6196914032207133e-08,0.0,0,0.0,0,0,0,1.0,-0.583,nan,0.1021880271995736,0.09781197280042642,-0.004376054399147178,7.525670528411865,4.039424896240234,2.168341354775731,-0.008750000596046442,-0.01804228880644862
39.635281562805176,1784881208.1970034,0.30927348136901855,3.0994415283203125e-05,0.6484556198120117,1.0143375396728516,jump_guard_hold,1,1,1,FOLLOW_MAIN,1.0,5.530611040057783,-53.300000000000004,75.88992687686164,75.88992687686164,-0.364,0.5745386374881567,0.5745386374881567,-0.01844482000837596,-0.13877236003978796,0.0,0.0,0.018,0.025,0.0,0.0,0.0,0.0,0.1,0.1,0.1,0.1,0.10875000059604645,0.0,-0.0324152177714606,-0.0324152177714606,-0.0324152177714606,-0.04648508032299499,-1.6196914032207133e-08,0.0,0,0.0,0,0,0,1.0,-0.583,nan,0.1021880271995736,0.09781197280042642,-0.004376054399147178,7.525670528411865,4.039424896240234,2.168341354775731,-0.008750000596046442,-0.04648506412608096
40.00794053077698,1784881208.5696619,5.53131103515625e-05,0.37268972396850586,0.346388578414917,0.36571812629699707,large_error_pd,2,1,1,FOLLOW_MAIN,1.0,5.441920169986923,-61.800000000000004,75.88992687686164,75.88992687686164,-0.41600000000000004,0.5745386374881567,0.5745386374881567,-0.01844482000837596,-0.13877236003978796,0.8,0.52,0.018,0.025,-0.060711941501489314,-0.2987600914938415,0.00033200676015076723,0.0034693090009946994,0.1,0.1,0.1,0.1,0.09424999356269836,-0.35567071723418536,-0.35567071723418536,-0.043720381189473495,-0.043720381189473495,-0.04648508032299499,-0.06304347515106201,0.42,1,2.0,0,0,1,0.5827284946335292,-0.554,nan,0.10295112573028947,0.09704887426971054,-0.005902251460578933,7.466471195220947,4.131197929382324,2.1032502152154127,0.005750006437301641,0.016558394828067022
40.33472037315369,1784881208.8964417,0.32683539390563965,3.170967102050781e-05,0.6731688976287842,0.6924984455108643,large_error_pd,2,1,1,FOLLOW_MAIN,1.0,5.441920169986923,-61.800000000000004,75.88992687686164,75.88992687686164,-0.41600000000000004,0.5745386374881567,0.5745386374881567,-0.01844482000837596,-0.13877236003978796,0.8,0.52,0.018,0.025,-0.060711941501489314,-0.2987600914938415,0.00033200676015076723,0.0034693090009946994,0.1,0.1,0.1,0.1,0.09424999356269836,-0.35567071723418536,-0.35567071723418536,-0.043720381189473495,-0.043720381189473495,-0.03461030369637333,-0.06304347515106201,0.42,1,2.0,0,0,1,0.5827284946335292,-0.554,nan,0.10295112573028947,0.09704887426971054,-0.005902251460578933,7.466471195220947,4.131197929382324,2.1032502152154127,0.005750006437301641,0.028433171454688683
40.65825915336609,1784881209.2199805,5.221366882324219e-05,0.32357048988342285,0.3200404644012451,0.31675291061401367,jump_guard_hold,1,1,1,FOLLOW_MAIN,1.0,5.341066094511783,-73.0,75.88992687686164,75.88992687686164,-0.48,0.5745386374881567,0.5745386374881567,-0.01844482000837596,-0.13877236003978796,0.0,0.0,0.018,0.025,0.0,0.0,0.0,0.0,0.1,0.1,0.1,0.1,0.1014999970793724,0.0,-0.010950916403930623,-0.010950916403930623,-0.010950916403930623,-0.03461030369637333,-0.0630434900522232,0.0,0,0.0,0,0,0,1.0,-0.513,nan,0.10073918685726532,0.09926081314273469,-0.0014783737145306342,7.462606906890869,4.13775634765625,2.0985218212533123,-0.0014999970793724005,0.028433186355849877
41.04007816314697,1784881209.6017997,6.508827209472656e-05,0.3785264492034912,0.36385130882263184,0.3717036247253418,large_error_pd,2,1,1,FOLLOW_MAIN,1.0,5.2284759212260274,-54.5,75.88992687686164,75.88992687686164,-0.4,0.5745386374881567,0.5745386374881567,-0.01844482000837596,-0.13877236003978796,0.8,0.52,0.018,0.025,-0.060711941501489314,-0.2987600914938415,0.00033200676015076723,0.0034693090009946994,0.1,0.1,0.1,0.1,0.101500004529953,-0.35567071723418536,-0.35567071723418536,-0.05226621345302982,-0.05226621345302982,-0.05817961400522665,-0.0630434900522232,0.42,1,2.0,0,0,1,0.5846986096100542,0.4977476127462389,nan,0.10352796940807951,0.0964720305919205,-0.007055938816159013,7.431100368499756,4.193841934204102,2.0583940399570806,-0.0015000045299529974,0.004863876046996556
41.39580535888672,1784881209.9575267,0.355792760848999,3.7670135498046875e-05,0.7195789813995361,0.7274315357208252,large_error_pd,2,1,1,FOLLOW_MAIN,1.0,5.2284759212260274,-54.5,75.88992687686164,75.88992687686164,-0.4,0.5745386374881567,0.5745386374881567,-0.01844482000837596,-0.13877236003978796,0.8,0.52,0.018,0.025,-0.060711941501489314,-0.2987600914938415,0.00033200676015076723,0.0034693090009946994,0.1,0.1,0.1,0.1,0.101500004529953,-0.35567071723418536,-0.35567071723418536,-0.05226621345302982,-0.05226621345302982,-0.04579332160267552,-0.0630434900522232,0.42,1,2.0,0,0,1,0.5846986096100542,0.4977476127462389,nan,0.10352796940807951,0.0964720305919205,-0.007055938816159013,7.431100368499756,4.193841934204102,2.0583940399570806,-0.0015000045299529974,0.017250168449547687
41.73767805099487,1784881210.2993994,0.6976654529571533,0.34191036224365234,3.910064697265625e-05,1.0693037509918213,large_error_pd,2,1,1,FOLLOW_MAIN,1.0,5.2284759212260274,-54.5,75.88992687686164,75.88992687686164,-0.4,0.5745386374881567,0.5745386374881567,-0.01844482000837596,-0.13877236003978796,0.8,0.52,0.018,0.025,-0.060711941501489314,-0.2987600914938415,0.00033200676015076723,0.0034693090009946994,0.1,0.1,0.1,0.1,0.09787499904632568,-0.35567071723418536,-0.35567071723418536,-0.05226621345302982,-0.05226621345302982,-0.04579332160267552,0.0315217524766922,0.42,1,2.0,0,0,1,0.5846986096100542,0.4977476127462389,nan,0.10352796940807951,0.0964720305919205,-0.007055938816159013,7.379943370819092,4.291635513305664,2.0418449333412747,0.002125000953674322,-0.07731507407936772
42.08980345726013,1784881210.651525,1.0497910976409912,0.6940362453460693,0.35216522216796875,3.8623809814453125e-05,large_error_pd,2,1,1,FOLLOW_MAIN,1.0,5.2284759212260274,-54.5,75.88992687686164,75.88992687686164,-0.4,0.5745386374881567,0.5745386374881567,-0.01844482000837596,-0.13877236003978796,0.8,0.52,0.018,0.025,-0.060711941501489314,-0.2987600914938415,0.00033200676015076723,0.0034693090009946994,0.1,0.1,0.1,0.1,0.09787499904632568,-0.35567071723418536,-0.35567071723418536,-0.05226621345302982,-0.05226621345302982,-0.04579332160267552,0.0315217524766922,0.42,1,2.0,0,0,1,0.5846986096100542,0.4977476127462389,nan,0.10352796940807951,0.0964720305919205,-0.007055938816159013,7.379943370819092,4.291635513305664,2.0418449333412747,0.002125000953674322,-0.07731507407936772
42.41097021102905,1784881210.9726915,0.00010824203491210938,1.0152020454406738,0.6733310222625732,0.32120442390441895,large_error_pd,2,1,1,FOLLOW_MAIN,1.0,5.286911358440344,-240.4,75.88992687686164,75.88992687686164,-0.41500000000000004,0.5745386374881567,0.5745386374881567,-0.01844482000837596,-0.13877236003978796,0.8,0.52,0.018,0.025,-0.060711941501489314,-0.2987600914938415,0.00033200676015076723,0.0034693090009946994,0.1,0.1,0.1,0.1,0.09787499904632568,-0.35567071723418536,-0.35567071723418536,-0.043146088120095294,-0.043146088120095294,-0.04579332160267552,0.0315217524766922,0.42,1,2.0,0,0,1,0.5917851890663658,-0.2969610210040985,nan,0.10291236094810643,0.09708763905189358,-0.005824721896212859,7.379943370819092,4.291635513305664,2.0418449333412747,0.002125000953674322,-0.07731507407936772
42.764551877975464,1784881211.3262734,0.00010156631469726562,0.35014796257019043,0.3392918109893799,0.34311914443969727,jump_guard_hold,1,1,1,FOLLOW_MAIN,1.0,5.536234881150321,-59.400000000000006,75.88992687686164,75.88992687686164,-0.401,0.5745386374881567,0.5745386374881567,-0.01844482000837596,-0.13877236003978796,0.0,0.0,0.018,0.025,0.0,0.0,0.0,0.0,0.1,0.1,0.1,0.1,0.11237499117851257,0.0,-0.026293311932882864,-0.026293311932882864,-0.026293311932882864,-0.043146088120095294,-0.6619564890861511,0.0,0,0.0,0,0,0,1.0,1.738,nan,0.1017747985554696,0.09822520144453041,-0.00354959711093919,7.3491411209106445,4.3556809425354,1.8819977784853255,-0.012374991178512568,0.6188104009660558
43.12051558494568,1784881211.6822371,0.356065034866333,3.62396240234375e-05,0.6952550411224365,0.6990818977355957,jump_guard_hold,1,1,1,FOLLOW_MAIN,1.0,5.536234881150321,-59.400000000000006,75.88992687686164,75.88992687686164,-0.401,0.5745386374881567,0.5745386374881567,-0.01844482000837596,-0.13877236003978796,0.0,0.0,0.018,0.025,0.0,0.0,0.0,0.0,0.1,0.1,0.1,0.1,0.11237499117851257,0.0,-0.026293311932882864,-0.026293311932882864,-0.026293311932882864,-0.049817070124903176,-0.6619564890861511,0.0,0,0.0,0,0,0,1.0,1.738,nan,0.1017747985554696,0.09822520144453041,-0.00354959711093919,7.3491411209106445,4.3556809425354,1.8819977784853255,-0.012374991178512568,0.6121394189612479
43.46565318107605,1784881212.0273752,0.7012028694152832,0.34517431259155273,4.7206878662109375e-05,1.044219732284546,jump_guard_hold,1,1,1,FOLLOW_MAIN,1.0,5.536234881150321,-59.400000000000006,75.88992687686164,75.88992687686164,-0.401,0.5745386374881567,0.5745386374881567,-0.01844482000837596,-0.13877236003978796,0.0,0.0,0.018,0.025,0.0,0.0,0.0,0.0,0.1,0.1,0.1,0.1,0.09425000101327896,0.0,-0.026293311932882864,-0.026293311932882864,-0.026293311932882864,-0.049817070124903176,1.6196914032207133e-08,0.0,0,0.0,0,0,0,1.0,1.738,nan,0.1017747985554696,0.09822520144453041,-0.00354959711093919,7.316854000091553,4.463315010070801,1.845400524318989,0.005749998986721044,-0.04981708632181721
43.817171573638916,1784881212.378893,1.052720546722412,0.6966919898986816,0.3515651226043701,4.76837158203125e-05,jump_guard_hold,1,1,1,FOLLOW_MAIN,1.0,5.536234881150321,-59.400000000000006,75.88992687686164,75.88992687686164,-0.401,0.5745386374881567,0.5745386374881567,-0.01844482000837596,-0.13877236003978796,0.0,0.0,0.018,0.025,0.0,0.0,0.0,0.0,0.1,0.1,0.1,0.1,0.09425000101327896,0.0,-0.026293311932882864,-0.026293311932882864,-0.026293311932882864,-0.049817070124903176,1.6196914032207133e-08,0.0,0,0.0,0,0,0,1.0,1.738,nan,0.1017747985554696,0.09822520144453041,-0.00354959711093919,7.316854000091553,4.463315010070801,1.845400524318989,0.005749998986721044,-0.04981708632181721
44.18349575996399,1784881212.7452173,6.842613220214844e-05,1.063016414642334,0.7178897857666016,0.36637187004089355,jump_guard_hold,1,1,1,FOLLOW_MAIN,1.0,4.857603940856178,-17.400000000000002,75.88992687686164,75.88992687686164,-0.124,0.5745386374881567,0.5745386374881567,-0.01844482000837596,-0.13877236003978796,0.0,0.0,0.018,0.025,0.0,0.0,0.0,0.0,0.1,0.1,0.1,0.1,0.09425000101327896,0.0,-0.06952672450436086,-0.07364840493843477,-0.07364840493843477,-0.049817070124903176,1.6196914032207133e-08,0.0,0,0.0,0,0,0,1.0,-2.0,nan,0.10497126733334436,0.09502873266665565,-0.009942534666688707,7.316854000091553,4.463315010070801,1.845400524318989,0.005749998986721044,-0.04981708632181721
44.514365673065186,1784881213.0760872,0.33093881607055664,4.100799560546875e-05,1.0487594604492188,0.6972417831420898,jump_guard_hold,1,1,1,FOLLOW_MAIN,1.0,4.857603940856178,-17.400000000000002,75.88992687686164,75.88992687686164,-0.124,0.5745386374881567,0.5745386374881567,-0.01844482000837596,-0.13877236003978796,0.0,0.0,0.018,0.025,0.0,0.0,0.0,0.0,0.1,0.1,0.1,0.1,0.09425000101327896,0.0,-0.06952672450436086,-0.07364840493843477,-0.07364840493843477,-0.03711760063524561,1.6196914032207133e-08,0.0,0,0.0,0,0,0,1.0,-2.0,nan,0.10497126733334436,0.09502873266665565,-0.009942534666688707,7.316854000091553,4.463315010070801,1.845400524318989,0.005749998986721044,-0.03711761683215964
44.862921476364136,1784881213.424643,0.6794948577880859,0.34859704971313477,0.34509778022766113,5.030632019042969e-05,jump_guard_hold,1,1,1,FOLLOW_MAIN,1.0,4.857603940856178,-17.400000000000002,75.88992687686164,75.88992687686164,-0.124,0.5745386374881567,0.5745386374881567,-0.01844482000837596,-0.13877236003978796,0.0,0.0,0.018,0.025,0.0,0.0,0.0,0.0,0.1,0.1,0.1,0.1,0.09787499904632568,0.0,-0.06952672450436086,-0.07364840493843477,-0.07364840493843477,-0.03711760063524561,-0.031521737575531006,0.0,0,0.0,0,0,0,1.0,-2.0,nan,0.10497126733334436,0.09502873266665565,-0.009942534666688707,7.291628360748291,4.555643558502197,1.8281275827893886,0.002125000953674322,-0.005595863059714601
45.23387551307678,1784881213.795597,6.389617919921875e-05,0.7195501327514648,0.716050386428833,0.3710019588470459,large_error_pd,2,1,1,FOLLOW_MAIN,1.0,4.877908157366583,-22.6,75.88992687686164,75.88992687686164,-0.16,0.5745386374881567,0.5745386374881567,-0.01844482000837596,-0.13877236003978796,0.8,0.52,0.018,0.025,-0.060711941501489314,-0.2987600914938415,0.00033200676015076723,0.0034693090009946994,0.1,0.1,0.1,0.1,0.09787499904632568,-0.35567071723418536,-0.35567071723418536,-0.050524848868624364,-0.050524848868624364,-0.03711760063524561,-0.031521737575531006,0.42,1,3.0,0,0,1,0.5597002507970613,-1.226,nan,0.10341042729863215,0.09658957270136787,-0.006820854597264281,7.291628360748291,4.555643558502197,1.8281275827893886,0.002125000953674322,-0.005595863059714601
45.54844284057617,1784881214.1101642,0.31463170051574707,3.504753112792969e-05,1.0306181907653809,0.6855700016021729,large_error_pd,2,1,1,FOLLOW_MAIN,1.0,4.877908157366583,-22.6,75.88992687686164,75.88992687686164,-0.16,0.5745386374881567,0.5745386374881567,-0.01844482000837596,-0.13877236003978796,0.8,0.52,0.018,0.025,-0.060711941501489314,-0.2987600914938415,0.00033200676015076723,0.0034693090009946994,0.1,0.1,0.1,0.1,0.09787499904632568,-0.35567071723418536,-0.35567071723418536,-0.050524848868624364,-0.050524848868624364,-0.06764796966915818,-0.031521737575531006,0.42,1,3.0,0,0,1,0.5597002507970613,-1.226,nan,0.10341042729863215,0.09658957270136787,-0.006820854597264281,7.291628360748291,4.555643558502197,1.8281275827893886,0.002125000953674322,-0.03612623209362717
45.90779209136963,1784881214.4695137,6.723403930664062e-05,0.35938429832458496,0.3374350070953369,0.35260701179504395,large_error_pd,2,1,1,FOLLOW_MAIN,1.0,4.664098746578215,-29.200000000000003,75.88992687686164,75.88992687686164,-0.20600000000000002,0.5745386374881567,0.5745386374881567,-0.01844482000837596,-0.13877236003978796,0.8,0.52,0.018,0.025,-0.060711941501489314,-0.2987600914938415,0.00033200676015076723,0.0034693090009946994,0.1,0.1,0.1,0.1,0.1014999970793724,-0.35567071723418536,-0.35567071723418536,-0.2367096693390123,-0.2367096693390123,-0.06764796966915818,0.0,0.42,1,2.0,0,0,1,0.5723332198738655,-0.854,nan,0.11597790268038334,0.08402209731961667,-0.03195580536076667,7.262165546417236,4.674317359924316,1.7974574107501184,-0.0014999970793724005,-0.06764796966915818
46.25303649902344,1784881214.8147578,0.34531164169311523,3.7670135498046875e-05,0.6826796531677246,0.6978514194488525,large_error_pd,2,1,1,FOLLOW_MAIN,1.0,4.664098746578215,-29.200000000000003,75.88992687686164,75.88992687686164,-0.20600000000000002,0.5745386374881567,0.5745386374881567,-0.01844482000837596,-0.13877236003978796,0.8,0.52,0.018,0.025,-0.060711941501489314,-0.2987600914938415,0.00033200676015076723,0.0034693090009946994,0.1,0.1,0.1,0.1,0.1014999970793724,-0.35567071723418536,-0.35567071723418536,-0.2367096693390123,-0.2367096693390123,-0.31425619563307605,0.0,0.42,1,2.0,0,0,1,0.5723332198738655,-0.854,nan,0.11597790268038334,0.08402209731961667,-0.03195580536076667,7.262165546417236,4.674317359924316,1.7974574107501184,-0.0014999970793724005,-0.31425619563307605
46.56958794593811,1784881215.1313093,0.6618626117706299,0.3165891170501709,3.8623809814453125e-05,1.0144026279449463,large_error_pd,2,1,1,FOLLOW_MAIN,1.0,4.664098746578215,-29.200000000000003,75.88992687686164,75.88992687686164,-0.20600000000000002,0.5745386374881567,0.5745386374881567,-0.01844482000837596,-0.13877236003978796,0.8,0.52,0.018,0.025,-0.060711941501489314,-0.2987600914938415,0.00033200676015076723,0.0034693090009946994,0.1,0.1,0.1,0.1,0.1014999970793724,-0.35567071723418536,-0.35567071723418536,-0.2367096693390123,-0.2367096693390123,-0.31425619563307605,-0.0630434900522232,0.42,1,2.0,0,0,1,0.5723332198738655,-0.854,nan,0.11597790268038334,0.08402209731961667,-0.03195580536076667,7.241750717163086,4.766824722290039,1.7726817845295357,-0.0014999970793724005,-0.25121270558085285
46.91162133216858,1784881215.473343,0.00010061264038085938,0.3347139358520508,0.32412266731262207,0.3277277946472168,large_error_pd,2,1,1,FOLLOW_MAIN,1.0,4.421559781916191,-53.800000000000004,75.88992687686164,75.88992687686164,-0.367,0.5745386374881567,0.5745386374881567,-0.01844482000837596,-0.13877236003978796,0.8,0.52,0.018,0.025,-0.060711941501489314,-0.2987600914938415,0.00033200676015076723,0.0034693090009946994,0.1,0.1,0.1,0.1,0.07974999397993088,-0.35567071723418536,-0.35567071723418536,-0.2815824932324327,-0.2815824932324327,-0.24955889643244206,-0.18913042545318604,0.42,1,2.0,0,0,1,0.5846897554485132,-0.49799999999999994,nan,0.11900681829318921,0.0809931817068108,-0.03801363658637841,7.239257335662842,4.779500961303711,1.7420431812874382,0.020250006020069128,-0.06042847097925602
47.251567363739014,1784881215.8132887,7.033348083496094e-05,0.33654069900512695,0.33301424980163574,0.3296053409576416,jump_guard_hold,1,1,1,FOLLOW_MAIN,1.0,4.8466209650331695,-232.10000000000002,75.88992687686164,75.88992687686164,-0.4,0.5745386374881567,0.5745386374881567,-0.01844482000837596,-0.13877236003978796,0.0,0.0,0.018,0.025,0.0,0.0,0.0,0.0,0.1,0.1,0.1,0.1,0.07974999397993088,0.0,-0.15056649152339777,-0.18643961563140377,-0.18643961563140377,-0.2976099364321422,-0.12608693540096283,0.0,0,0.0,0,0,0,1.0,-0.9702198288028192,nan,0.11258467405511977,0.08741532594488025,-0.02516934811023952,7.238170146942139,4.785787582397461,1.7319560995786019,0.020250006020069128,-0.17152300103117935
47.570664167404175,1784881216.1323855,0.3191671371459961,0.3158228397369385,0.3123602867126465,3.504753112792969e-05,jump_guard_hold,1,1,1,FOLLOW_MAIN,1.0,4.8466209650331695,-232.10000000000002,75.88992687686164,75.88992687686164,-0.4,0.5745386374881567,0.5745386374881567,-0.01844482000837596,-0.13877236003978796,0.0,0.0,0.018,0.025,0.0,0.0,0.0,0.0,0.1,0.1,0.1,0.1,0.09424999356269836,0.0,-0.15056649152339777,-0.18643961563140377,-0.18643961563140377,-0.15401462523079001,-0.31521734595298767,0.0,0,0.0,0,0,0,1.0,-0.9702198288028192,nan,0.11258467405511977,0.08741532594488025,-0.02516934811023952,7.235158920288086,4.806243896484375,1.6656032761038106,0.005750006437301641,0.16120272072219766
47.92145562171936,1784881216.4831772,0.00010561943054199219,0.3435375690460205,0.3288393020629883,0.3508272171020508,jump_guard_hold,1,1,1,FOLLOW_MAIN,1.0,5.359694743091209,-232.0,75.88992687686164,75.88992687686164,-0.4,0.5745386374881567,0.5745386374881567,-0.01844482000837596,-0.13877236003978796,0.0,0.0,0.018,0.025,0.0,0.0,0.0,0.0,0.1,0.1,0.1,0.1,0.09424999356269836,0.0,-0.029776854331380005,-0.029776854331380005,-0.029776854331380005,-0.10200579883022921,-0.1260869801044464,0.0,0,0.0,0,0,0,1.0,-0.9697030388545803,nan,0.10200993766736816,0.09799006233263186,-0.0040198753347363,7.234145164489746,4.878731727600098,1.485992016412401,0.005750006437301641,0.024081181274217198
48.26062250137329,1784881216.8223445,0.33927297592163086,0.33585572242736816,0.3322420120239258,3.933906555175781e-05,jump_guard_hold,1,1,1,FOLLOW_MAIN,1.0,5.359694743091209,-232.0,75.88992687686164,75.88992687686164,-0.4,0.5745386374881567,0.5745386374881567,-0.01844482000837596,-0.13877236003978796,0.0,0.0,0.018,0.025,0.0,0.0,0.0,0.0,0.1,0.1,0.1,0.1,0.09787499904632568,0.0,-0.029776854331380005,-0.029776854331380005,-0.029776854331380005,-0.04098570873169999,-0.15760868787765503,0.0,0,0.0,0,0,0,1.0,-0.9697030388545803,nan,0.10200993766736816,0.09799006233263186,-0.0040198753347363,7.234775066375732,4.886143684387207,1.4740138818857413,0.002125000953674322,0.11662297914595504
48.57494306564331,1784881217.1366646,0.3103656768798828,3.361701965332031e-05,0.6465628147125244,0.3143603801727295,jump_guard_hold,1,1,1,FOLLOW_MAIN,1.0,5.710402288690297,-232.0,75.88992687686164,75.88992687686164,-0.4,0.5745386374881567,0.5745386374881567,-0.01844482000837596,-0.13877236003978796,0.0,0.0,0.018,0.025,0.0,0.0,0.0,0.0,0.1,0.1,0.1,0.1,0.09787499904632568,0.0,-0.010897344499602559,-0.010897344499602559,-0.010897344499602559,-0.00817300837470192,-0.15760868787765503,0.0,0,0.0,0,0,0,1.0,-0.9696952095397275,nan,0.10073557075372318,0.09926442924627683,-0.001471141507446344,7.234775066375732,4.886143684387207,1.4740138818857413,0.002125000953674322,0.1494356795029531
48.94180130958557,1784881217.5035226,0.6772232055664062,2.956390380859375e-05,0.3445556163787842,0.3559539318084717,jump_guard_hold,1,1,1,FOLLOW_MAIN,1.0,5.710402288690297,-232.0,75.88992687686164,75.88992687686164,-0.4,0.5745386374881567,0.5745386374881567,-0.01844482000837596,-0.13877236003978796,0.0,0.0,0.018,0.025,0.0,0.0,0.0,0.0,0.1,0.1,0.1,0.1,0.10875000059604645,0.0,-0.010897344499602559,-0.010897344499602559,-0.010897344499602559,-0.017280417353211154,-0.6934782862663269,0.0,0,0.0,0,0,0,1.0,-0.9696952095397275,nan,0.10073557075372318,0.09926442924627683,-0.001471141507446344,7.243998050689697,4.948092937469482,1.288257242975407,-0.008750000596046442,0.6761978689131157
49.27953004837036,1784881217.8412516,0.00010204315185546875,0.33775925636291504,0.6822855472564697,0.6936838626861572,jump_guard_hold,1,1,1,FOLLOW_MAIN,1.0,4.626948368960943,-89.10000000000001,75.88992687686164,75.88992687686164,-0.5670000000000001,0.5745386374881567,0.5745386374881567,-0.01844482000837596,-0.13877236003978796,0.0,0.0,0.018,0.025,0.0,0.0,0.0,0.0,0.1,0.1,0.1,0.1,0.10875000059604645,0.0,-0.07405549010419699,-0.08337589347188756,-0.08337589347188756,-0.017280417353211154,-0.6934782862663269,0.0,0,0.0,0,0,0,1.0,0.0,nan,0.10562787280935242,0.0943721271906476,-0.011255745618704821,7.243998050689697,4.948092937469482,1.288257242975407,-0.008750000596046442,0.6761978689131157
49.587385177612305,1784881218.1491067,0.3079569339752197,3.2901763916015625e-05,0.9901399612426758,1.0015387535095215,jump_guard_hold,1,1,1,FOLLOW_MAIN,1.0,4.626948368960943,-89.10000000000001,75.88992687686164,75.88992687686164,-0.5670000000000001,0.5745386374881567,0.5745386374881567,-0.01844482000837596,-0.13877236003978796,0.0,0.0,0.018,0.025,0.0,0.0,0.0,0.0,0.1,0.1,0.1,0.1,0.10875000059604645,0.0,-0.07405549010419699,-0.08337589347188756,-0.08337589347188756,-0.03968375810383358,-0.6934782862663269,0.0,0,0.0,0,0,0,1.0,0.0,nan,0.10562787280935242,0.0943721271906476,-0.011255745618704821,7.243998050689697,4.948092937469482,1.288257242975407,-0.008750000596046442,0.6537945281624933
49.95454978942871,1784881218.5162714,0.35620808601379395,0.36719775199890137,0.3456306457519531,3.719329833984375e-05,jump_guard_hold,1,1,1,FOLLOW_MAIN,1.0,4.626948368960943,-89.10000000000001,75.88992687686164,75.88992687686164,-0.5670000000000001,0.5745386374881567,0.5745386374881567,-0.01844482000837596,-0.13877236003978796,0.0,0.0,0.018,0.025,0.0,0.0,0.0,0.0,0.1,0.1,0.1,0.1,0.06162499636411667,0.0,-0.05164390670344355,-0.05291167747177811,-0.05291167747177811,-0.03968375810383358,-0.09456521272659302,0.0,0,0.0,0,0,0,1.0,0.0,nan,0.10357153822934503,0.09642846177065498,-0.007143076458690056,7.268023490905762,5.00827169418335,1.1355653334062357,0.03837500363588334,0.05488145462275944
50.277698040008545,1784881218.8394196,0.6793572902679443,0.6903469562530518,0.6687793731689453,0.32318615913391113,jump_guard_hold,1,1,1,FOLLOW_MAIN,1.0,4.626948368960943,-89.10000000000001,75.88992687686164,75.88992687686164,-0.5670000000000001,0.5745386374881567,0.5745386374881567,-0.01844482000837596,-0.13877236003978796,0.0,0.0,0.018,0.025,0.0,0.0,0.0,0.0,0.1,0.1,0.1,0.1,0.06162499636411667,0.0,-0.05164390670344355,-0.05291167747177811,-0.05291167747177811,-0.03968375810383358,-0.09456521272659302,0.0,0,0.0,0,0,0,1.0,0.0,nan,0.10357153822934503,0.09642846177065498,-0.007143076458690056,7.268023490905762,5.00827169418335,1.1355653334062357,0.03837500363588334,0.05488145462275944
50.58725428581238,1784881219.1489756,0.9889135360717773,3.218650817871094e-05,0.9783358573913574,0.6327424049377441,jump_guard_hold,1,1,1,FOLLOW_MAIN,1.0,4.626948368960943,-89.10000000000001,75.88992687686164,75.88992687686164,-0.5670000000000001,0.5745386374881567,0.5745386374881567,-0.01844482000837596,-0.13877236003978796,0.0,0.0,0.018,0.025,0.0,0.0,0.0,0.0,0.1,0.1,0.1,0.1,0.06162499636411667,0.0,-0.05164390670344355,-0.05291167747177811,-0.05291167747177811,-0.008728179394961445,-0.09456521272659302,0.0,0,0.0,0,0,0,1.0,0.0,nan,0.10357153822934503,0.09642846177065498,-0.007143076458690056,7.268023490905762,5.00827169418335,1.1355653334062357,0.03837500363588334,0.08583703333163158
50.95610570907593,1784881219.517827,1.357764482498169,3.266334533691406e-05,1.3471863269805908,1.0015931129455566,jump_guard_hold,1,1,1,FOLLOW_MAIN,1.0,4.626948368960943,-89.10000000000001,75.88992687686164,75.88992687686164,-0.5670000000000001,0.5745386374881567,0.5745386374881567,-0.01844482000837596,-0.13877236003978796,0.0,0.0,0.018,0.025,0.0,0.0,0.0,0.0,0.1,0.1,0.1,0.1,0.06162499636411667,0.0,-0.05164390670344355,-0.05291167747177811,-0.05291167747177811,-0.026203210594826488,-0.09456521272659302,0.0,0,0.0,0,0,0,1.0,0.0,nan,0.10357153822934503,0.09642846177065498,-0.007143076458690056,7.268023490905762,5.00827169418335,1.1355653334062357,0.03837500363588334,0.06836200213176653
51.27681541442871,1784881219.8385367,1.678473949432373,0.3207423686981201,3.552436828613281e-05,0.3137972354888916,jump_guard_hold,1,1,1,FOLLOW_MAIN,1.0,4.626948368960943,-89.10000000000001,75.88992687686164,75.88992687686164,-0.5670000000000001,0.5745386374881567,0.5745386374881567,-0.01844482000837596,-0.13877236003978796,0.0,0.0,0.018,0.025,0.0,0.0,0.0,0.0,0.1,0.1,0.1,0.1,0.11962500214576721,0.0,-0.05164390670344355,-0.05291167747177811,-0.05291167747177811,-0.026203210594826488,0.0315217524766922,0.0,0,0.0,0,0,0,1.0,0.0,nan,0.10357153822934503,0.09642846177065498,-0.007143076458690056,7.282311916351318,5.038942337036133,1.1353126800528766,-0.019625002145767206,-0.057724963071518684
51.598594188690186,1784881220.160316,2.000253200531006,0.6425213813781738,0.3068826198577881,0.6355762481689453,jump_guard_hold,1,1,1,FOLLOW_MAIN,1.0,4.626948368960943,-89.10000000000001,75.88992687686164,75.88992687686164,-0.5670000000000001,0.5745386374881567,0.5745386374881567,-0.01844482000837596,-0.13877236003978796,0.0,0.0,0.018,0.025,0.0,0.0,0.0,0.0,0.1,0.1,0.1,0.1,0.10512500256299973,0.0,-0.05164390670344355,-0.05291167747177811,-0.05291167747177811,-0.026203210594826488,0.031521737575531006,0.0,0,0.0,0,0,0,1.0,0.0,nan,0.10357153822934503,0.09642846177065498,-0.007143076458690056,7.294499397277832,5.065136909484863,1.1377713278311785,-0.00512500256299972,-0.05772494817035749
51.976475954055786,1784881220.5381978,2.3781347274780273,1.0204033851623535,0.6847641468048096,1.013458013534546,jump_guard_hold,1,1,1,FOLLOW_MAIN,1.0,4.626948368960943,-89.10000000000001,75.88992687686164,75.88992687686164,-0.5670000000000001,0.5745386374881567,0.5745386374881567,-0.01844482000837596,-0.13877236003978796,0.0,0.0,0.018,0.025,0.0,0.0,0.0,0.0,0.1,0.1,0.1,0.1,0.10512500256299973,0.0,-0.05164390670344355,-0.05291167747177811,-0.05291167747177811,-0.026203210594826488,0.031521737575531006,0.0,0,0.0,0,0,0,1.0,0.0,nan,0.10357153822934503,0.09642846177065498,-0.007143076458690056,7.294499397277832,5.065136909484863,1.1377713278311785,-0.00512500256299972,-0.05772494817035749
52.296528577804565,1784881220.8582501,2.698187828063965,1.340456247329712,1.0048177242279053,1.3335118293762207,jump_guard_hold,1,1,1,FOLLOW_MAIN,1.0,4.626948368960943,-89.10000000000001,75.88992687686164,75.88992687686164,-0.5670000000000001,0.5745386374881567,0.5745386374881567,-0.01844482000837596,-0.13877236003978796,0.0,0.0,0.018,0.025,0.0,0.0,0.0,0.0,0.1,0.1,0.1,0.1,0.10512500256299973,0.0,-0.05164390670344355,-0.05291167747177811,-0.05291167747177811,-0.026203210594826488,0.031521737575531006,0.0,0,0.0,0,0,0,1.0,0.0,nan,0.10357153822934503,0.09642846177065498,-0.007143076458690056,7.294499397277832,5.065136909484863,1.1377713278311785,-0.00512500256299972,-0.05772494817035749
52.6345157623291,1784881221.1962373,3.0361742973327637,3.24249267578125e-05,1.342803716659546,1.6714975833892822,jump_guard_hold,1,1,1,FOLLOW_MAIN,1.0,4.626948368960943,-89.10000000000001,75.88992687686164,75.88992687686164,-0.5670000000000001,0.5745386374881567,0.5745386374881567,-0.01844482000837596,-0.13877236003978796,0.0,0.0,0.018,0.025,0.0,0.0,0.0,0.0,0.1,0.1,0.1,0.1,0.10512500256299973,0.0,-0.05164390670344355,-0.05291167747177811,-0.05291167747177811,-0.03930386608917506,0.031521737575531006,0.0,0,0.0,0,0,0,1.0,0.0,nan,0.10357153822934503,0.09642846177065498,-0.007143076458690056,7.294499397277832,5.065136909484863,1.1377713278311785,-0.00512500256299972,-0.07082560366470607
52.98340129852295,1784881221.545123,3.3850603103637695,0.34891843795776367,0.345505952835083,0.3421008586883545,jump_guard_hold,1,1,1,FOLLOW_MAIN,1.0,4.626948368960943,-89.10000000000001,75.88992687686164,75.88992687686164,-0.5670000000000001,0.5745386374881567,0.5745386374881567,-0.01844482000837596,-0.13877236003978796,0.0,0.0,0.018,0.025,0.0,0.0,0.0,0.0,0.1,0.1,0.1,0.1,0.101500004529953,0.0,-0.05164390670344355,-0.05291167747177811,-0.05291167747177811,-0.03930386608917506,-0.0630434900522232,0.0,0,0.0,0,0,0,1.0,0.0,nan,0.10357153822934503,0.09642846177065498,-0.007143076458690056,7.301846981048584,5.080977439880371,1.1297956554963746,-0.0015000045299529974,0.023739623963048143
53.29851412773132,1784881221.8602357,3.7001731395721436,0.6640312671661377,0.6606185436248779,0.6572132110595703,jump_guard_hold,1,1,1,FOLLOW_MAIN,1.0,4.626948368960943,-89.10000000000001,75.88992687686164,75.88992687686164,-0.5670000000000001,0.5745386374881567,0.5745386374881567,-0.01844482000837596,-0.13877236003978796,0.0,0.0,0.018,0.025,0.0,0.0,0.0,0.0,0.1,0.1,0.1,0.1,0.101500004529953,0.0,-0.05164390670344355,-0.05291167747177811,-0.05291167747177811,-0.03930386608917506,-0.0630434900522232,0.0,0,0.0,0,0,0,1.0,0.0,nan,0.10357153822934503,0.09642846177065498,-0.007143076458690056,7.301846981048584,5.080977439880371,1.1297956554963746,-0.0015000045299529974,0.023739623963048143
53.62845826148987,1784881222.1901798,4.030117034912109,0.9939761161804199,0.9905636310577393,0.9871585369110107,jump_guard_hold,1,1,1,FOLLOW_MAIN,1.0,4.626948368960943,-89.10000000000001,75.88992687686164,75.88992687686164,-0.5670000000000001,0.5745386374881567,0.5745386374881567,-0.01844482000837596,-0.13877236003978796,0.0,0.0,0.018,0.025,0.0,0.0,0.0,0.0,0.1,0.1,0.1,0.1,0.101500004529953,0.0,-0.05164390670344355,-0.05291167747177811,-0.05291167747177811,-0.03930386608917506,-0.0630434900522232,0.0,0,0.0,0,0,0,1.0,0.0,nan,0.10357153822934503,0.09642846177065498,-0.007143076458690056,7.301846981048584,5.080977439880371,1.1297956554963746,-0.0015000045299529974,0.023739623963048143
53.999977111816406,1784881222.561699,4.401636123657227,1.3654944896697998,1.36208176612854,1.3586766719818115,jump_guard_hold,1,1,1,FOLLOW_MAIN,1.0,4.626948368960943,-89.10000000000001,75.88992687686164,75.88992687686164,-0.5670000000000001,0.5745386374881567,0.5745386374881567,-0.01844482000837596,-0.13877236003978796,0.0,0.0,0.018,0.025,0.0,0.0,0.0,0.0,0.1,0.1,0.1,0.1,0.101500004529953,0.0,-0.05164390670344355,-0.05291167747177811,-0.05291167747177811,-0.03930386608917506,-0.0630434900522232,0.0,0,0.0,0,0,0,1.0,0.0,nan,0.10357153822934503,0.09642846177065498,-0.007143076458690056,7.301846981048584,5.080977439880371,1.1297956554963746,-0.0015000045299529974,0.023739623963048143
54.31147527694702,1784881222.8731968,4.713133811950684,1.6769919395446777,3.4809112548828125e-05,1.6701736450195312,jump_guard_hold,1,1,1,FOLLOW_MAIN,1.0,4.626948368960943,-89.10000000000001,75.88992687686164,75.88992687686164,-0.5670000000000001,0.5745386374881567,0.5745386374881567,-0.01844482000837596,-0.13877236003978796,0.0,0.0,0.018,0.025,0.0,0.0,0.0,0.0,0.1,0.1,0.1,0.1,0.1014999970793724,0.0,-0.05164390670344355,-0.05291167747177811,-0.05291167747177811,-0.03930386608917506,0.0630434900522232,0.0,0,0.0,0,0,0,1.0,0.0,nan,0.10357153822934503,0.09642846177065498,-0.007143076458690056,7.314427852630615,5.1077961921691895,1.139063407898731,-0.0014999970793724005,-0.10234735614139827
54.63745903968811,1784881223.1991806,5.039117813110352,2.0029759407043457,4.0531158447265625e-05,0.32260584831237793,jump_guard_hold,1,1,1,FOLLOW_MAIN,1.0,4.626948368960943,-89.10000000000001,75.88992687686164,75.88992687686164,-0.5670000000000001,0.5745386374881567,0.5745386374881567,-0.01844482000837596,-0.13877236003978796,0.0,0.0,0.018,0.025,0.0,0.0,0.0,0.0,0.1,0.1,0.1,0.1,0.12687499821186066,0.0,-0.05164390670344355,-0.05291167747177811,-0.05291167747177811,-0.03930386608917506,-0.15760867297649384,0.0,0,0.0,0,0,0,1.0,0.0,nan,0.10357153822934503,0.09642846177065498,-0.007143076458690056,7.3379225730896,5.15831184387207,1.1248480775499885,-0.02687499821186065,0.11830480688731877
55.0147430896759,1784881223.5764644,5.416401624679565,0.33733558654785156,0.3700559139251709,4.00543212890625e-05,jump_guard_hold,1,1,1,FOLLOW_MAIN,1.0,4.626948368960943,-89.10000000000001,75.88992687686164,75.88992687686164,-0.5670000000000001,0.5745386374881567,0.5745386374881567,-0.01844482000837596,-0.13877236003978796,0.0,0.0,0.018,0.025,0.0,0.0,0.0,0.0,0.1,0.1,0.1,0.07688067080012843,0.0833749994635582,0.0,-0.05164390670344355,-0.05291167747177811,-0.05291167747177811,-0.018377063199295662,-0.34673914313316345,0.0,0,0.0,0,0,0,1.0,0.0,nan,0.10357153822934503,0.09642846177065498,-0.007143076458690056,7.340763568878174,5.164254188537598,1.0974555791821725,-0.006494328663429763,0.3283620799338678
55.33245253562927,1784881223.8941746,5.734111785888672,0.6550455093383789,0.6877655982971191,0.3177497386932373,jump_guard_hold,1,1,1,FOLLOW_MAIN,1.0,4.626948368960943,-89.10000000000001,75.88992687686164,75.88992687686164,-0.5670000000000001,0.5745386374881567,0.5745386374881567,-0.01844482000837596,-0.13877236003978796,0.0,0.0,0.018,0.025,0.0,0.0,0.0,0.0,0.1,0.1,0.1,0.07688067080012843,0.0833749994635582,0.0,-0.05164390670344355,-0.05291167747177811,-0.05291167747177811,-0.018377063199295662,-0.34673914313316345,0.0,0,0.0,0,0,0,1.0,0.0,nan,0.10357153822934503,0.09642846177065498,-0.007143076458690056,7.340763568878174,5.164254188537598,1.0974555791821725,-0.006494328663429763,0.3283620799338678
55.650142431259155,1784881224.2118642,6.051801681518555,0.9727354049682617,8.225440979003906e-05,0.635439395904541,jump_guard_hold,1,1,1,FOLLOW_MAIN,1.0,4.626948368960943,-89.10000000000001,75.88992687686164,75.88992687686164,-0.5670000000000001,0.5745386374881567,0.5745386374881567,-0.01844482000837596,-0.13877236003978796,0.0,0.0,0.018,0.025,0.0,0.0,0.0,0.0,0.1,0.1,0.1,0.07688067080012843,0.050749994814395905,0.0,-0.05164390670344355,-0.05291167747177811,-0.05291167747177811,-0.018377063199295662,-0.12608693540096283,0.0,0,0.0,0,0,0,1.0,0.0,nan,0.10357153822934503,0.09642846177065498,-0.007143076458690056,7.360084533691406,5.2014689445495605,1.0802131143809655,0.02613067598573253,0.10770987220166717
56.02024054527283,1784881224.5819623,6.421899795532227,6.723403930664062e-05,0.33725523948669434,0.36673736572265625,jump_guard_hold,1,1,1,FOLLOW_MAIN,1.0,4.626948368960943,-89.10000000000001,75.88992687686164,75.88992687686164,-0.5670000000000001,0.5745386374881567,0.5745386374881567,-0.01844482000837596,-0.13877236003978796,0.0,0.0,0.018,0.025,0.0,0.0,0.0,0.0,0.1,0.1,0.1,0.014111370300197454,0.02174999937415123,0.0,-0.05164390670344355,-0.05291167747177811,-0.05291167747177811,0.0,0.0,0.0,0,0.0,0,0,0,1.0,0.0,nan,0.10357153822934503,0.09642846177065498,-0.007143076458690056,7.383216857910156,5.244826316833496,1.1089931281055878,-0.007638629073953776,0.0
56.3311231136322,1784881224.8928444,6.732791423797607,0.3109595775604248,0.00010085105895996094,0.6776289939880371,jump_guard_hold,1,1,1,FOLLOW_MAIN,1.0,4.626948368960943,-89.10000000000001,75.88992687686164,75.88992687686164,-0.5670000000000001,0.5745386374881567,0.5745386374881567,-0.01844482000837596,-0.13877236003978796,0.0,0.0,0.018,0.025,0.0,0.0,0.0,0.0,0.1,0.1,0.1,0.014111370300197454,0.04349999874830246,0.0,-0.05164390670344355,-0.05291167747177811,-0.05291167747177811,0.0,0.06304347515106201,0.0,0,0.0,0,0,0,1.0,0.0,nan,0.10357153822934503,0.09642846177065498,-0.007143076458690056,7.4069600105285645,5.289551734924316,1.1197735393053303,-0.029388628448105004,-0.06304347515106201
56.65769839286804,1784881225.2194202,7.059357404708862,0.6375250816345215,0.30804991722106934,0.3231649398803711,jump_guard_hold,1,1,1,FOLLOW_MAIN,1.0,4.626948368960943,-89.10000000000001,75.88992687686164,75.88992687686164,-0.5670000000000001,0.5745386374881567,0.5745386374881567,-0.01844482000837596,-0.13877236003978796,0.0,0.0,0.018,0.025,0.0,0.0,0.0,0.0,0.1,0.1,0.1,0.014111370300197454,0.04349999874830246,0.0,-0.05164390670344355,-0.05291167747177811,-0.05291167747177811,0.0,0.12608695030212402,0.0,0,0.0,0,0,0,1.0,0.0,nan,0.10357153822934503,0.09642846177065498,-0.007143076458690056,7.412805080413818,5.30087423324585,1.074507423349215,-0.029388628448105004,-0.12608695030212402
57.03350353240967,1784881225.595225,7.390975952148438e-05,0.3709526062011719,0.683854341506958,0.6989691257476807,jump_guard_hold,1,1,1,FOLLOW_MAIN,1.0,9.138405502018443,-259.40000000000003,75.88992687686164,75.88992687686164,-0.45,0.5745386374881567,0.5745386374881567,-0.01844482000837596,-0.13877236003978796,0.0,0.0,0.018,0.025,0.0,0.0,0.0,0.0,0.1,0.04436207070059027,0.04436207070059027,0.03934543739978835,0.04349999874830246,0.0,0.0,0.0,0.0,0.0,0.12608695030212402,0.0,0,0.0,0,0,0,1.0,-2.444851141127615,nan,0.04436207070059027,0.04436207070059027,0.0,7.412805080413818,5.30087423324585,1.074507423349215,-0.0041545613485141075,-0.12608695030212402
57.34433889389038,1784881225.9060605,0.3109097480773926,0.681788444519043,0.9946897029876709,1.0098047256469727,jump_guard_hold,1,1,1,FOLLOW_MAIN,1.0,9.138405502018443,-259.40000000000003,75.88992687686164,75.88992687686164,-0.45,0.5745386374881567,0.5745386374881567,-0.01844482000837596,-0.13877236003978796,0.0,0.0,0.018,0.025,0.0,0.0,0.0,0.0,0.1,0.04436207070059027,0.04436207070059027,0.03934543739978835,0.04349999874830246,0.0,0.0,0.0,0.0,0.0,0.12608695030212402,0.0,0,0.0,0,0,0,1.0,-2.444851141127615,nan,0.04436207070059027,0.04436207070059027,0.0,7.412805080413818,5.30087423324585,1.074507423349215,-0.0041545613485141075,-0.12608695030212402
57.676265239715576,1784881226.2379868,0.6428356170654297,1.0137147903442383,1.3266162872314453,1.341731309890747,jump_guard_hold,1,1,1,FOLLOW_MAIN,1.0,9.138405502018443,-259.40000000000003,75.88992687686164,75.88992687686164,-0.45,0.5745386374881567,0.5745386374881567,-0.01844482000837596,-0.13877236003978796,0.0,0.0,0.018,0.025,0.0,0.0,0.0,0.0,0.1,0.04436207070059027,0.04436207070059027,0.03934543739978835,0.04349999874830246,0.0,0.0,0.0,0.0,0.0,0.12608695030212402,0.0,0,0.0,0,0,0,1.0,-2.444851141127615,nan,0.04436207070059027,0.04436207070059027,0.0,7.412805080413818,5.30087423324585,1.074507423349215,-0.0041545613485141075,-0.12608695030212402
58.05020833015442,1784881226.6119297,1.0167787075042725,3.981590270996094e-05,1.700559377670288,1.7156744003295898,jump_guard_hold,1,1,1,FOLLOW_MAIN,1.0,9.138405502018443,-259.40000000000003,75.88992687686164,75.88992687686164,-0.45,0.5745386374881567,0.5745386374881567,-0.01844482000837596,-0.13877236003978796,0.0,0.0,0.018,0.025,0.0,0.0,0.0,0.0,0.1,0.04436207070059027,0.04436207070059027,0.05716801050002687,0.04349999874830246,0.0,0.0,0.0,0.0,-0.010770223799772794,0.12608695030212402,0.0,0,0.0,0,0,0,1.0,-2.444851141127615,nan,0.04436207070059027,0.04436207070059027,0.0,7.412805080413818,5.30087423324585,1.074507423349215,0.013668011751724413,-0.13685717410189682
58.36962866783142,1784881226.93135,1.3361988067626953,0.3194601535797119,2.019979476928711,3.600120544433594e-05,jump_guard_hold,1,1,1,FOLLOW_MAIN,1.0,9.138405502018443,-259.40000000000003,75.88992687686164,75.88992687686164,-0.45,0.5745386374881567,0.5745386374881567,-0.01844482000837596,-0.13877236003978796,0.0,0.0,0.018,0.025,0.0,0.0,0.0,0.0,0.1,0.04436207070059027,0.04436207070059027,0.05716801050002687,0.04349999874830246,0.0,0.0,0.0,0.0,-0.010770223799772794,0.12608695030212402,0.0,0,0.0,0,0,0,1.0,-2.444851141127615,nan,0.04436207070059027,0.04436207070059027,0.0,7.412805080413818,5.30087423324585,1.074507423349215,0.013668011751724413,-0.13685717410189682
58.68758225440979,1784881227.2493038,6.747245788574219e-05,0.31078338623046875,0.30360960960388184,0.3179898262023926,jump_guard_hold,1,1,1,FOLLOW_MAIN,1.0,7.294562790846081,-1.9000000000000001,75.88992687686164,75.88992687686164,-0.014,0.5745386374881567,0.5745386374881567,-0.01844482000837596,-0.13877236003978796,0.0,0.0,0.018,0.025,0.0,0.0,0.0,0.0,0.1,0.004163020200394385,0.004163020200394385,0.0,0.0833749994635582,0.0,0.0,0.0,0.0,0.0,0.03152172267436981,0.0,0,0.0,0,0,0,1.0,-3.0269999999999997,nan,0.004163020200394385,0.004163020200394385,0.0,7.446765899658203,5.3665008544921875,1.085099876841233,-0.0833749994635582,-0.03152172267436981
59.062493085861206,1784881227.624215,0.37497901916503906,0.37149572372436523,7.152557373046875e-05,0.6929008960723877,jump_guard_hold,1,1,1,FOLLOW_MAIN,1.0,7.294562790846081,-1.9000000000000001,75.88992687686164,75.88992687686164,-0.014,0.5745386374881567,0.5745386374881567,-0.01844482000837596,-0.13877236003978796,0.0,0.0,0.018,0.025,0.0,0.0,0.0,0.0,0.1,0.004163020200394385,0.004163020200394385,0.010445439900286145,0.04349999874830246,0.0,0.0,0.0,0.0,0.0,0.0,0.0,0,0.0,0,0,0,1.0,-3.0269999999999997,nan,0.004163020200394385,0.004163020200394385,0.0,7.472560882568359,5.414546489715576,1.079615227610332,-0.033054558848016315,0.0
59.38749051094055,1784881227.9492118,0.6999754905700684,0.6964924335479736,0.32506847381591797,3.3855438232421875e-05,jump_guard_hold,1,1,1,FOLLOW_MAIN,1.0,7.294562790846081,-1.9000000000000001,75.88992687686164,75.88992687686164,-0.014,0.5745386374881567,0.5745386374881567,-0.01844482000837596,-0.13877236003978796,0.0,0.0,0.018,0.025,0.0,0.0,0.0,0.0,0.1,0.004163020200394385,0.004163020200394385,0.010445439900286145,0.04349999874830246,0.0,0.0,0.0,0.0,0.0,0.0,0.0,0,0.0,0,0,0,1.0,-3.0269999999999997,nan,0.004163020200394385,0.004163020200394385,0.0,7.472560882568359,5.414546489715576,1.079615227610332,-0.033054558848016315,0.0
59.70650291442871,1784881228.2682242,6.103515625e-05,0.31168413162231445,0.3081493377685547,0.3190462589263916,jump_guard_hold,1,1,1,FOLLOW_MAIN,1.0,5.870114675136877,-10.0,75.88992687686164,75.88992687686164,-0.07200000000000001,0.5745386374881567,0.5745386374881567,-0.01844482000837596,-0.13877236003978796,0.0,0.0,0.018,0.025,0.0,0.0,0.0,0.0,0.1,0.0615374092001366,0.0615374092001366,0.005307823000075582,0.0,0.0,-0.03603579120099312,-0.03603579120099312,-0.03603579120099312,0.0,0.0,0.0,0,0.0,0,0,0,1.0,-2.973,nan,0.06396982510620364,0.05910499329406957,-0.004864831812134068,7.487031936645508,5.442403793334961,1.0888201083756777,0.005307823000075582,0.0
60.076934814453125,1784881228.6386569,6.222724914550781e-05,0.3670310974121094,0.34488344192504883,0.3602151870727539,large_error_pd,2,1,1,FOLLOW_MAIN,1.0,5.627532542747751,-11.3,75.88992687686164,75.88992687686164,-0.08,0.5745386374881567,0.5745386374881567,-0.01844482000837596,-0.13877236003978796,0.8,0.52,0.018,0.025,-0.060711941501489314,-0.2987600914938415,0.00033200676015076723,0.0034693090009946994,0.1,0.1,0.1,0.07348010800011251,0.057999998331069946,-0.35567071723418536,-0.35567071723418536,-0.08376781513920821,-0.08376781513920821,-0.02027013255055863,-0.12608693540096283,0.42,1,3.0,0,0,1,0.5142355217296105,-2.638,nan,0.10565432752189656,0.09434567247810345,-0.011308655043793109,7.489774227142334,5.447645664215088,1.0786071404801323,0.015480109669042563,0.1058168028504042
60.543904304504395,1784881229.1056259,0.46703171730041504,3.743171691894531e-05,0.8118531703948975,0.8271849155426025,large_error_pd,2,1,1,FOLLOW_MAIN,1.0,5.627532542747751,-11.3,75.88992687686164,75.88992687686164,-0.08,0.5745386374881567,0.5745386374881567,-0.01844482000837596,-0.13877236003978796,0.8,0.52,0.018,0.025,-0.060711941501489314,-0.2987600914938415,0.00033200676015076723,0.0034693090009946994,0.1,0.1,0.1,0.1,0.057999998331069946,-0.35567071723418536,-0.35567071723418536,-0.08376781513920821,-0.08376781513920821,-0.03427564473719863,-0.12608693540096283,0.42,1,3.0,0,0,1,0.5142355217296105,-2.638,nan,0.10565432752189656,0.09434567247810345,-0.011308655043793109,7.489774227142334,5.447645664215088,1.0786071404801323,0.04200000166893006,0.0918112906637642
60.88165783882141,1784881229.4433794,0.8047854900360107,0.33779191970825195,4.696846008300781e-05,1.1649389266967773,large_error_pd,2,1,1,FOLLOW_MAIN,1.0,5.627532542747751,-11.3,75.88992687686164,75.88992687686164,-0.08,0.5745386374881567,0.5745386374881567,-0.01844482000837596,-0.13877236003978796,0.8,0.52,0.018,0.025,-0.060711941501489314,-0.2987600914938415,0.00033200676015076723,0.0034693090009946994,0.1,0.1,0.1,0.1,0.09787499904632568,-0.35567071723418536,-0.35567071723418536,-0.08376781513920821,-0.08376781513920821,-0.03427564473719863,0.0315217524766922,0.42,1,3.0,0,0,1,0.5142355217296105,-2.638,nan,0.10565432752189656,0.09434567247810345,-0.011308655043793109,7.543227195739746,5.546292781829834,1.067763051830416,0.002125000953674322,-0.06579739721389083
61.23446536064148,1784881229.7961867,1.1575920581817627,0.6905980110168457,0.35285282135009766,3.62396240234375e-05,large_error_pd,2,1,1,FOLLOW_MAIN,1.0,5.627532542747751,-11.3,75.88992687686164,75.88992687686164,-0.08,0.5745386374881567,0.5745386374881567,-0.01844482000837596,-0.13877236003978796,0.8,0.52,0.018,0.025,-0.060711941501489314,-0.2987600914938415,0.00033200676015076723,0.0034693090009946994,0.1,0.1,0.1,0.1,0.09787499904632568,-0.35567071723418536,-0.35567071723418536,-0.08376781513920821,-0.08376781513920821,-0.03427564473719863,0.0315217524766922,0.42,1,3.0,0,0,1,0.5142355217296105,-2.638,nan,0.10565432752189656,0.09434567247810345,-0.011308655043793109,7.543227195739746,5.546292781829834,1.067763051830416,0.002125000953674322,-0.06579739721389083
61.55203175544739,1784881230.1137533,5.745887756347656e-05,1.008164882659912,0.6704199314117432,0.31760334968566895,jump_guard_hold,1,1,1,FOLLOW_MAIN,1.0,4.777899694893465,-40.300000000000004,75.88992687686164,75.88992687686164,-0.281,0.5745386374881567,0.5745386374881567,-0.01844482000837596,-0.13877236003978796,0.0,0.0,0.018,0.025,0.0,0.0,0.0,0.0,0.1,0.1,0.1,0.1,0.09787499904632568,0.0,-0.02637050810476376,-0.02637050810476376,-0.02637050810476376,-0.03427564473719863,0.0315217524766922,0.0,0,0.0,0,0,0,1.0,-2.1159999999999997,nan,0.10178000929707157,0.09821999070292844,-0.0035600185941431217,7.543227195739746,5.546292781829834,1.067763051830416,0.002125000953674322,-0.06579739721389083
61.9208664894104,1784881230.4825878,0.3688926696777344,0.3495457172393799,4.649162292480469e-05,0.6864385604858398,jump_guard_hold,1,1,1,FOLLOW_MAIN,1.0,4.777899694893465,-40.300000000000004,75.88992687686164,75.88992687686164,-0.281,0.5745386374881567,0.5745386374881567,-0.01844482000837596,-0.13877236003978796,0.0,0.0,0.018,0.025,0.0,0.0,0.0,0.0,0.1,0.1,0.1,0.1,0.1014999970793724,0.0,-0.02637050810476376,-0.02637050810476376,-0.02637050810476376,-0.04232389130515822,0.0,0.0,0,0.0,0,0,0,1.0,-2.1159999999999997,nan,0.10178000929707157,0.09821999070292844,-0.0035600185941431217,7.577037811279297,5.606333255767822,1.0481868512707506,-0.0014999970793724005,-0.04232389130515822
62.257319688797,1784881230.8190413,0.705345630645752,0.6859986782073975,0.3364996910095215,4.029273986816406e-05,jump_guard_hold,1,1,1,FOLLOW_MAIN,1.0,4.777899694893465,-40.300000000000004,75.88992687686164,75.88992687686164,-0.281,0.5745386374881567,0.5745386374881567,-0.01844482000837596,-0.13877236003978796,0.0,0.0,0.018,0.025,0.0,0.0,0.0,0.0,0.1,0.1,0.1,0.1,0.1014999970793724,0.0,-0.02637050810476376,-0.02637050810476376,-0.02637050810476376,-0.04232389130515822,0.0,0.0,0,0.0,0,0,0,1.0,-2.1159999999999997,nan,0.10178000929707157,0.09821999070292844,-0.0035600185941431217,7.577037811279297,5.606333255767822,1.0481868512707506,-0.0014999970793724005,-0.04232389130515822
62.57530236244202,1784881231.1370237,5.078315734863281e-05,1.0039808750152588,0.6544816493988037,0.3180222511291504,large_error_pd,2,1,1,FOLLOW_MAIN,1.0,5.382281264525594,-54.5,75.88992687686164,75.88992687686164,-0.371,0.5745386374881567,0.5745386374881567,-0.01844482000837596,-0.13877236003978796,0.8,0.52,0.018,0.025,-0.060711941501489314,-0.2987600914938415,0.00033200676015076723,0.0034693090009946994,0.1,0.1,0.1,0.1,0.1014999970793724,-0.35567071723418536,-0.35567071723418536,-0.026168236865011935,-0.026168236865011935,-0.04232389130515822,0.0,0.42,1,3.0,0,0,1,0.5445617670180899,-1.6829999999999998,nan,0.1017663559883883,0.0982336440116117,-0.003532711976776598,7.577037811279297,5.606333255767822,1.0481868512707506,-0.0014999970793724005,-0.04232389130515822
62.96084451675415,1784881231.5225663,0.371415376663208,0.3679678440093994,3.719329833984375e-05,0.37532925605773926,large_error_pd,2,1,1,FOLLOW_MAIN,1.0,5.382281264525594,-54.5,75.88992687686164,75.88992687686164,-0.371,0.5745386374881567,0.5745386374881567,-0.01844482000837596,-0.13877236003978796,0.8,0.52,0.018,0.025,-0.060711941501489314,-0.2987600914938415,0.00033200676015076723,0.0034693090009946994,0.1,0.1,0.1,0.1,0.1014999970793724,-0.35567071723418536,-0.35567071723418536,-0.05990776326605301,-0.05990776326605301,-0.13990776326605303,0.0,0.42,1,3.0,0,0,1,0.5445617670180899,-1.6829999999999998,nan,0.10404377402045858,0.09595622597954143,-0.008087548040917159,7.652879238128662,5.732957363128662,1.0116849909818106,-0.0014999970793724005,-0.13990776326605303
63.29233002662659,1784881231.8540514,5.173683166503906e-05,0.6994524002075195,0.33152174949645996,0.7068138122558594,jump_guard_hold,1,1,1,FOLLOW_MAIN,1.0,5.092919807684693,-115.7,75.88992687686164,75.88992687686164,-0.6910000000000001,0.5745386374881567,0.5745386374881567,-0.01844482000837596,-0.13877236003978796,0.0,0.0,0.018,0.025,0.0,0.0,0.0,0.0,0.1,0.1,0.1,0.1,0.1014999970793724,0.0,-0.034535716109791496,-0.034535716109791496,-0.034535716109791496,-0.13990776326605303,0.0,0.0,0,0.0,0,0,0,1.0,-0.3,nan,0.10233116083741094,0.09766883916258907,-0.004662321674821862,7.652879238128662,5.732957363128662,1.0116849909818106,-0.0014999970793724005,-0.13990776326605303
63.60366678237915,1784881232.165388,0.3113889694213867,0.30782198905944824,4.029273986816406e-05,1.0181517601013184,jump_guard_hold,1,1,1,FOLLOW_MAIN,1.0,5.092919807684693,-115.7,75.88992687686164,75.88992687686164,-0.6910000000000001,0.5745386374881567,0.5745386374881567,-0.01844482000837596,-0.13877236003978796,0.0,0.0,0.018,0.025,0.0,0.0,0.0,0.0,0.1,0.1,0.1,0.1,0.1014999970793724,0.0,-0.034535716109791496,-0.034535716109791496,-0.034535716109791496,-0.02590178708234362,0.0,0.0,0,0.0,0,0,0,1.0,-0.3,nan,0.10233116083741094,0.09766883916258907,-0.004662321674821862,7.681230068206787,5.777815341949463,1.0038362844245032,-0.0014999970793724005,-0.02590178708234362
63.9723641872406,1784881232.5340862,9.989738464355469e-05,0.3579418659210205,0.34288549423217773,0.3652923107147217,jump_guard_hold,1,1,1,FOLLOW_MAIN,1.0,5.451462182915485,-275.8,75.88992687686164,75.88992687686164,-0.47900000000000004,0.5745386374881567,0.5745386374881567,-0.01844482000837596,-0.13877236003978796,0.0,0.0,0.018,0.025,0.0,0.0,0.0,0.0,0.1,0.1,0.1,0.1,0.1014999970793724,0.0,-0.03462307409076993,-0.03462307409076993,-0.03462307409076993,-0.0356095091096843,0.0,0.0,0,0.0,0,0,0,1.0,0.039806328737924314,nan,0.10233705750112698,0.09766294249887303,-0.0046741150022539535,7.698458671569824,5.804722785949707,0.9992338293679731,-0.0014999970793724005,-0.0356095091096843
64.31199765205383,1784881232.873719,0.3397331237792969,3.7670135498046875e-05,0.6825165748596191,0.704923152923584,jump_guard_hold,1,1,1,FOLLOW_MAIN,1.0,5.451462182915485,-275.8,75.88992687686164,75.88992687686164,-0.47900000000000004,0.5745386374881567,0.5745386374881567,-0.01844482000837596,-0.13877236003978796,0.0,0.0,0.018,0.025,0.0,0.0,0.0,0.0,0.1,0.1,0.1,0.1,0.1014999970793724,0.0,-0.03462307409076993,-0.03462307409076993,-0.03462307409076993,-0.05817690026193525,0.0,0.0,0,0.0,0,0,0,1.0,0.039806328737924314,nan,0.10233705750112698,0.09766294249887303,-0.0046741150022539535,7.698458671569824,5.804722785949707,0.9992338293679731,-0.0014999970793724005,-0.05817690026193525
64.6516489982605,1784881233.2133703,0.6793842315673828,0.339688777923584,3.8623809814453125e-05,1.0445740222930908,jump_guard_hold,1,1,1,FOLLOW_MAIN,1.0,5.451462182915485,-275.8,75.88992687686164,75.88992687686164,-0.47900000000000004,0.5745386374881567,0.5745386374881567,-0.01844482000837596,-0.13877236003978796,0.0,0.0,0.018,0.025,0.0,0.0,0.0,0.0,0.1,0.1,0.1,0.1,0.09787499904632568,0.0,-0.03462307409076993,-0.03462307409076993,-0.03462307409076993,-0.05817690026193525,-0.031521737575531006,0.0,0,0.0,0,0,0,1.0,0.039806328737924314,nan,0.10233705750112698,0.09766294249887303,-0.0046741150022539535,7.742465972900391,5.871536731719971,0.969571737601103,0.002125000953674322,-0.026655162686404242
64.99564361572266,1784881233.5573652,1.023378849029541,0.6836836338043213,0.34403347969055176,4.9591064453125e-05,jump_guard_hold,1,1,1,FOLLOW_MAIN,1.0,5.451462182915485,-275.8,75.88992687686164,75.88992687686164,-0.47900000000000004,0.5745386374881567,0.5745386374881567,-0.01844482000837596,-0.13877236003978796,0.0,0.0,0.018,0.025,0.0,0.0,0.0,0.0,0.1,0.1,0.1,0.1,0.09787499904632568,0.0,-0.03462307409076993,-0.03462307409076993,-0.03462307409076993,-0.05817690026193525,-0.031521737575531006,0.0,0,0.0,0,0,0,1.0,0.039806328737924314,nan,0.10233705750112698,0.09766294249887303,-0.0046741150022539535,7.742465972900391,5.871536731719971,0.969571737601103,0.002125000953674322,-0.026655162686404242
65.32493877410889,1784881233.88666,5.626678466796875e-05,1.0129778385162354,0.6733283996582031,0.3293445110321045,jump_guard_hold,1,1,1,FOLLOW_MAIN,1.0,5.090818826801018,-275.8,75.88992687686164,75.88992687686164,-0.47900000000000004,0.5745386374881567,0.5745386374881567,-0.01844482000837596,-0.13877236003978796,0.0,0.0,0.018,0.025,0.0,0.0,0.0,0.0,0.1,0.1,0.1,0.1,0.09787499904632568,0.0,-0.046078028569440516,-0.046078028569440516,-0.046078028569440516,-0.05817690026193525,-0.031521737575531006,0.0,0,0.0,0,0,0,1.0,0.0398058784716479,nan,0.10311026692843724,0.09688973307156278,-0.006220533856874461,7.742465972900391,5.871536731719971,0.969571737601103,0.002125000953674322,-0.026655162686404242
65.64255428314209,1784881234.2042756,0.3176722526550293,0.3142411708831787,0.3106961250305176,6.318092346191406e-05,jump_guard_hold,1,1,1,FOLLOW_MAIN,1.0,5.090818826801018,-275.8,75.88992687686164,75.88992687686164,-0.47900000000000004,0.5745386374881567,0.5745386374881567,-0.01844482000837596,-0.13877236003978796,0.0,0.0,0.018,0.025,0.0,0.0,0.0,0.0,0.1,0.1,0.1,0.1,0.1014999970793724,0.0,-0.046078028569440516,-0.046078028569440516,-0.046078028569440516,-0.046078028569440516,-0.0630434900522232,0.0,0,0.0,0,0,0,1.0,0.0398058784716479,nan,0.10311026692843724,0.09688973307156278,-0.006220533856874461,7.777874946594238,5.922816276550293,0.9569956026813183,-0.0014999970793724005,0.01696546148278269
66.01988220214844,1784881234.581604,0.35195088386535645,6.818771362304688e-05,0.3594036102294922,0.3560054302215576,jump_guard_hold,1,1,1,FOLLOW_MAIN,1.0,5.129263403747649,-275.8,75.88992687686164,75.88992687686164,-0.47900000000000004,0.5745386374881567,0.5745386374881567,-0.01844482000837596,-0.13877236003978796,0.0,0.0,0.018,0.025,0.0,0.0,0.0,0.0,0.1,0.1,0.1,0.1,0.1014999970793724,0.0,-0.05714048959896459,-0.06022061706568535,-0.06022061706568535,-0.06280803499924074,-0.0630434900522232,0.0,0,0.0,0,0,0,1.0,0.03980587847160951,nan,0.10406489165193376,0.09593510834806625,-0.008129783303867516,7.810116767883301,5.968300819396973,0.9411083981976286,-0.0014999970793724005,0.00023545505298246117
66.34635496139526,1784881234.9080765,0.6784229278564453,0.3265407085418701,4.1484832763671875e-05,0.6824774742126465,jump_guard_hold,1,1,1,FOLLOW_MAIN,1.0,5.129263403747649,-275.8,75.88992687686164,75.88992687686164,-0.47900000000000004,0.5745386374881567,0.5745386374881567,-0.01844482000837596,-0.13877236003978796,0.0,0.0,0.018,0.025,0.0,0.0,0.0,0.0,0.1,0.1,0.1,0.1,0.1014999970793724,0.0,-0.05714048959896459,-0.06022061706568535,-0.06022061706568535,-0.06280803499924074,0.0,0.0,0,0.0,0,0,0,1.0,0.03980587847160951,nan,0.10406489165193376,0.09593510834806625,-0.008129783303867516,7.844078063964844,6.014133453369141,0.9201456459377445,-0.0014999970793724005,-0.06280803499924074
66.6653962135315,1784881235.2271178,0.31509971618652344,0.311809778213501,4.267692565917969e-05,1.0015192031860352,jump_guard_hold,1,1,1,FOLLOW_MAIN,1.0,4.928586011868699,-275.8,75.88992687686164,75.88992687686164,-0.47900000000000004,0.5745386374881567,0.5745386374881567,-0.01844482000837596,-0.13877236003978796,0.0,0.0,0.018,0.025,0.0,0.0,0.0,0.0,0.1,0.1,0.1,0.1,0.10512500256299973,0.0,-0.056550600628080705,-0.05954238083830994,-0.05954238083830994,-0.04465678562873246,-0.0315217524766922,0.0,0,0.0,0,0,0,1.0,0.039805878471606805,nan,0.10401911070658593,0.09598088929341408,-0.008038221413171842,7.865727424621582,6.042009353637695,0.8964725855631455,-0.00512500256299972,-0.01313503315204026
67.0310046672821,1784881235.5927262,0.3435544967651367,7.05718994140625e-05,0.34735894203186035,0.36220884323120117,jump_guard_hold,1,1,1,FOLLOW_MAIN,1.0,5.126576758699187,-275.8,75.88992687686164,75.88992687686164,-0.47900000000000004,0.5745386374881567,0.5745386374881567,-0.01844482000837596,-0.13877236003978796,0.0,0.0,0.018,0.025,0.0,0.0,0.0,0.0,0.1,0.1,0.1,0.1,0.10875000059604645,0.0,-0.047232331789588106,-0.047232331789588106,-0.047232331789588106,-0.033294098325985615,-1.6196914032207133e-08,0.0,0,0.0,0,0,0,1.0,0.039805878471606805,nan,0.1031881823957972,0.09681181760420281,-0.006376364791594397,7.876603603363037,6.055577278137207,0.8939195728797561,-0.008750000596046442,-0.03329408212907158
67.37262535095215,1784881235.9343467,0.6851747035980225,0.3416910171508789,4.124641418457031e-05,0.7038290500640869,jump_guard_hold,1,1,1,FOLLOW_MAIN,1.0,5.126576758699187,-275.8,75.88992687686164,75.88992687686164,-0.47900000000000004,0.5745386374881567,0.5745386374881567,-0.01844482000837596,-0.13877236003978796,0.0,0.0,0.018,0.025,0.0,0.0,0.0,0.0,0.1,0.1,0.1,0.1,0.10512500256299973,0.0,-0.047232331789588106,-0.047232331789588106,-0.047232331789588106,-0.033294098325985615,-0.0315217524766922,0.0,0,0.0,0,0,0,1.0,0.039805878471606805,nan,0.1031881823957972,0.09681181760420281,-0.006376364791594397,7.901856899261475,6.08672571182251,0.8817526382468156,-0.00512500256299972,-0.001772345849293415
67.715083360672,1784881236.2768047,0.00012612342834472656,0.6841480731964111,0.3424983024597168,1.0462861061096191,large_error_pd,2,1,1,FOLLOW_MAIN,1.0,5.304181791349119,-275.8,75.88992687686164,75.88992687686164,-0.47900000000000004,0.5745386374881567,0.5745386374881567,-0.01844482000837596,-0.13877236003978796,0.8,0.52,0.018,0.025,-0.060711941501489314,-0.2987600914938415,0.00033200676015076723,0.0034693090009946994,0.1,0.1,0.1,0.1,0.10512500256299973,-0.35567071723418536,-0.35567071723418536,-0.06028094655379351,-0.06028094655379351,-0.033294098325985615,-0.0315217524766922,0.42,1,2.0,0,0,1,0.6009868302784342,0.039805878471606805,nan,0.10406896389238107,0.09593103610761894,-0.008137927784762133,7.901856899261475,6.08672571182251,0.8817526382468156,-0.00512500256299972,-0.001772345849293415
68.07743120193481,1784881236.639153,0.3624746799468994,4.124641418457031e-05,0.7048473358154297,1.4086353778839111,large_error_pd,2,1,1,FOLLOW_MAIN,1.0,5.304181791349119,-275.8,75.88992687686164,75.88992687686164,-0.47900000000000004,0.5745386374881567,0.5745386374881567,-0.01844482000837596,-0.13877236003978796,0.8,0.52,0.018,0.025,-0.060711941501489314,-0.2987600914938415,0.00033200676015076723,0.0034693090009946994,0.1,0.1,0.1,0.1,0.10512500256299973,-0.35567071723418536,-0.35567071723418536,-0.06028094655379351,-0.06028094655379351,-0.0321374377468209,-0.0315217524766922,0.42,1,2.0,0,0,1,0.6009868302784342,0.039805878471606805,nan,0.10406896389238107,0.09593103610761894,-0.008137927784762133,7.901856899261475,6.08672571182251,0.8817526382468156,-0.00512500256299972,-0.0006156852701287019
68.42013430595398,1784881236.981856,0.7051775455474854,0.3427441120147705,3.814697265625e-05,1.7513377666473389,large_error_pd,2,1,1,FOLLOW_MAIN,1.0,5.304181791349119,-275.8,75.88992687686164,75.88992687686164,-0.47900000000000004,0.5745386374881567,0.5745386374881567,-0.01844482000837596,-0.13877236003978796,0.8,0.52,0.018,0.025,-0.060711941501489314,-0.2987600914938415,0.00033200676015076723,0.0034693090009946994,0.1,0.1,0.1,0.1,0.10512500256299973,-0.35567071723418536,-0.35567071723418536,-0.06028094655379351,-0.06028094655379351,-0.0321374377468209,-0.0315217524766922,0.42,1,2.0,0,0,1,0.6009868302784342,0.039805878471606805,nan,0.10406896389238107,0.09593103610761894,-0.008137927784762133,7.974598407745361,6.171351432800293,0.8358255638524023,-0.00512500256299972,-0.0006156852701287019
68.76319003105164,1784881237.3249114,1.0482332706451416,0.6858000755310059,0.3430943489074707,6.461143493652344e-05,large_error_pd,2,1,1,FOLLOW_MAIN,1.0,5.304181791349119,-275.8,75.88992687686164,75.88992687686164,-0.47900000000000004,0.5745386374881567,0.5745386374881567,-0.01844482000837596,-0.13877236003978796,0.8,0.52,0.018,0.025,-0.060711941501489314,-0.2987600914938415,0.00033200676015076723,0.0034693090009946994,0.1,0.1,0.1,0.1,0.10512500256299973,-0.35567071723418536,-0.35567071723418536,-0.06028094655379351,-0.06028094655379351,-0.0321374377468209,-0.0315217524766922,0.42,1,2.0,0,0,1,0.6009868302784342,0.039805878471606805,nan,0.10406896389238107,0.09593103610761894,-0.008137927784762133,7.974598407745361,6.171351432800293,0.8358255638524023,-0.00512500256299972,-0.0006156852701287019
69.12462401390076,1784881237.6863456,5.626678466796875e-05,1.0472333431243896,0.7045273780822754,0.3614974021911621,jump_guard_hold,1,1,1,FOLLOW_MAIN,1.0,5.144105842868062,-275.8,75.88992687686164,75.88992687686164,-0.47900000000000004,0.5745386374881567,0.5745386374881567,-0.01844482000837596,-0.13877236003978796,0.0,0.0,0.018,0.025,0.0,0.0,0.0,0.0,0.1,0.1,0.1,0.1,0.10512500256299973,0.0,-0.024167392270313177,-0.024167392270313177,-0.024167392270313177,-0.0321374377468209,-0.0315217524766922,0.0,0,0.0,0,0,0,1.0,0.039805878471606805,nan,0.10163129897824615,0.09836870102175387,-0.0032625979564922802,7.974598407745361,6.171351432800293,0.8358255638524023,-0.00512500256299972,-0.0006156852701287019
69.46042513847351,1784881238.0221467,0.3358581066131592,4.172325134277344e-05,1.0403294563293457,0.6972997188568115,jump_guard_hold,1,1,1,FOLLOW_MAIN,1.0,5.144105842868062,-275.8,75.88992687686164,75.88992687686164,-0.47900000000000004,0.5745386374881567,0.5745386374881567,-0.01844482000837596,-0.13877236003978796,0.0,0.0,0.018,0.025,0.0,0.0,0.0,0.0,0.1,0.1,0.1,0.1,0.10512500256299973,0.0,-0.024167392270313177,-0.024167392270313177,-0.024167392270313177,-0.2749339989528436,-0.0315217524766922,0.0,0,0.0,0,0,0,1.0,0.039805878471606805,nan,0.10163129897824615,0.09836870102175387,-0.0032625979564922802,7.974598407745361,6.171351432800293,0.8358255638524023,-0.00512500256299972,-0.2434122464761514
69.80780529975891,1784881238.3695266,0.6832377910614014,0.34742116928100586,3.8623809814453125e-05,1.0446789264678955,jump_guard_hold,1,1,1,FOLLOW_MAIN,1.0,5.144105842868062,-275.8,75.88992687686164,75.88992687686164,-0.47900000000000004,0.5745386374881567,0.5745386374881567,-0.01844482000837596,-0.13877236003978796,0.0,0.0,0.018,0.025,0.0,0.0,0.0,0.0,0.1,0.1,0.1,0.1,0.09062500298023224,0.0,-0.024167392270313177,-0.024167392270313177,-0.024167392270313177,-0.2749339989528436,-0.03152172267436981,0.0,0,0.0,0,0,0,1.0,0.039805878471606805,nan,0.10163129897824615,0.09836870102175387,-0.0032625979564922802,8.070106506347656,6.272704124450684,0.7840038554695217,0.009374997019767767,-0.24341227627847378
70.148122549057,1784881238.7098439,1.023555040359497,0.6877386569976807,0.34035611152648926,4.4345855712890625e-05,jump_guard_hold,1,1,1,FOLLOW_MAIN,1.0,5.144105842868062,-275.8,75.88992687686164,75.88992687686164,-0.47900000000000004,0.5745386374881567,0.5745386374881567,-0.01844482000837596,-0.13877236003978796,0.0,0.0,0.018,0.025,0.0,0.0,0.0,0.0,0.1,0.1,0.1,0.1,0.09062500298023224,0.0,-0.024167392270313177,-0.024167392270313177,-0.024167392270313177,-0.2749339989528436,-0.03152172267436981,0.0,0,0.0,0,0,0,1.0,0.039805878471606805,nan,0.10163129897824615,0.09836870102175387,-0.0032625979564922802,8.070106506347656,6.272704124450684,0.7840038554695217,0.009374997019767767,-0.24341227627847378
70.4888846874237,1784881239.050606,6.29425048828125e-05,1.0285003185272217,0.6811180114746094,0.3408060073852539,large_error_pd,2,1,1,FOLLOW_MAIN,1.0,4.352734034678208,-275.8,75.88992687686164,75.88992687686164,-0.47900000000000004,0.5745386374881567,0.5745386374881567,-0.01844482000837596,-0.13877236003978796,0.8,0.52,0.018,0.025,-0.060711941501489314,-0.2987600914938415,0.00033200676015076723,0.0034693090009946994,0.1,0.1,0.1,0.1,0.09062500298023224,-0.35567071723418536,-0.35567071723418536,-0.2724351404329505,-0.2724351404329505,-0.2749339989528436,-0.03152172267436981,0.42,1,2.0,0,0,1,0.6009868302784342,0.039805878471606805,nan,0.11838937197922417,0.08161062802077584,-0.03677874395844832,8.070106506347656,6.272704124450684,0.7840038554695217,0.009374997019767767,-0.24341227627847378
70.82327914237976,1784881239.3850007,0.3344578742980957,6.365776062011719e-05,1.0155129432678223,0.6752011775970459,large_error_pd,2,1,1,FOLLOW_MAIN,1.0,4.352734034678208,-275.8,75.88992687686164,75.88992687686164,-0.47900000000000004,0.5745386374881567,0.5745386374881567,-0.01844482000837596,-0.13877236003978796,0.8,0.52,0.018,0.025,-0.060711941501489314,-0.2987600914938415,0.00033200676015076723,0.0034693090009946994,0.1,0.1,0.1,0.1,0.09062500298023224,-0.35567071723418536,-0.35567071723418536,-0.2724351404329505,-0.2724351404329505,-0.25650189003282914,-0.03152172267436981,0.42,1,2.0,0,0,1,0.6009868302784342,0.039805878471606805,nan,0.11838937197922417,0.08161062802077584,-0.03677874395844832,8.070106506347656,6.272704124450684,0.7840038554695217,0.009374997019767767,-0.22498016735845933
71.18274140357971,1784881239.7444632,0.693920373916626,0.3595261573791504,4.458427429199219e-05,1.0346636772155762,large_error_pd,2,1,1,FOLLOW_MAIN,1.0,4.352734034678208,-275.8,75.88992687686164,75.88992687686164,-0.47900000000000004,0.5745386374881567,0.5745386374881567,-0.01844482000837596,-0.13877236003978796,0.8,0.52,0.018,0.025,-0.060711941501489314,-0.2987600914938415,0.00033200676015076723,0.0034693090009946994,0.1,0.1,0.1,0.1,0.09787499904632568,-0.35567071723418536,-0.35567071723418536,-0.2724351404329505,-0.2724351404329505,-0.25650189003282914,-0.34673914313316345,0.42,1,2.0,0,0,1,0.6009868302784342,0.039805878471606805,nan,0.11838937197922417,0.08161062802077584,-0.03677874395844832,8.18554401397705,6.344596862792969,0.33015406645981915,0.002125000953674322,0.09023725310033431
71.50945162773132,1784881240.0711732,1.0206303596496582,0.6862359046936035,0.3267543315887451,4.029273986816406e-05,large_error_pd,2,1,1,FOLLOW_MAIN,1.0,4.352734034678208,-275.8,75.88992687686164,75.88992687686164,-0.47900000000000004,0.5745386374881567,0.5745386374881567,-0.01844482000837596,-0.13877236003978796,0.8,0.52,0.018,0.025,-0.060711941501489314,-0.2987600914938415,0.00033200676015076723,0.0034693090009946994,0.1,0.1,0.1,0.1,0.09787499904632568,-0.35567071723418536,-0.35567071723418536,-0.2724351404329505,-0.2724351404329505,-0.25650189003282914,-0.34673914313316345,0.42,1,2.0,0,0,1,0.6009868302784342,0.039805878471606805,nan,0.11838937197922417,0.08161062802077584,-0.03677874395844832,8.18554401397705,6.344596862792969,0.33015406645981915,0.002125000953674322,0.09023725310033431
71.8436586856842,1784881240.4053802,0.330275297164917,0.3267824649810791,4.100799560546875e-05,0.3342478275299072,jump_guard_hold,1,1,1,FOLLOW_MAIN,1.0,4.194942130039296,-275.8,75.88992687686164,75.88992687686164,-0.47900000000000004,0.5745386374881567,0.5745386374881567,-0.01844482000837596,-0.13877236003978796,0.0,0.0,0.018,0.025,0.0,0.0,0.0,0.0,0.1,0.1,0.1,0.1,0.10512499511241913,0.0,-0.18236121632563695,-0.2258078052349597,-0.2258078052349597,-0.2103870596351194,-0.15760870277881622,0.0,0,0.0,0,0,0,1.0,0.039805878471606805,nan,0.11524202685335978,0.08475797314664023,-0.030484053706719555,8.22968578338623,6.35732889175415,0.22424090160982355,-0.005124995112419123,-0.052778356856303166
72.19852805137634,1784881240.76025,0.6851468086242676,0.3420271873474121,7.724761962890625e-05,0.689119815826416,jump_guard_hold,1,1,1,FOLLOW_MAIN,1.0,4.194942130039296,-275.8,75.88992687686164,75.88992687686164,-0.47900000000000004,0.5745386374881567,0.5745386374881567,-0.01844482000837596,-0.13877236003978796,0.0,0.0,0.018,0.025,0.0,0.0,0.0,0.0,0.1,0.1,0.1,0.1,0.09424999356269836,0.0,-0.18236121632563695,-0.2258078052349597,-0.2258078052349597,-0.2088780348356672,-0.18913044035434723,0.0,0,0.0,0,0,0,1.0,0.039805878471606805,nan,0.11524202685335978,0.08475797314664023,-0.030484053706719555,8.253189086914062,6.3622565269470215,0.17345871339374072,0.005750006437301641,-0.019747594481319963
72.53536915779114,1784881241.0970907,6.008148193359375e-05,0.6788656711578369,0.3369154930114746,1.0259573459625244,jump_guard_hold,1,1,1,FOLLOW_MAIN,1.0,5.671968621350862,-275.8,75.88992687686164,75.88992687686164,-0.47900000000000004,0.5745386374881567,0.5745386374881567,-0.01844482000837596,-0.13877236003978796,0.0,0.0,0.018,0.025,0.0,0.0,0.0,0.0,0.1,0.1,0.1,0.1,0.09424999356269836,0.0,-0.04535099754426417,-0.04535099754426417,-0.04535099754426417,-0.2088780348356672,-0.18913044035434723,0.0,0,0.0,0,0,0,1.0,0.039805878471606805,nan,0.10306119233423784,0.09693880766576217,-0.006122384668475672,8.253189086914062,6.3622565269470215,0.17345871339374072,0.005750006437301641,-0.019747594481319963
72.8798439502716,1784881241.4415655,0.34453487396240234,3.695487976074219e-05,0.6813902854919434,1.3704321384429932,jump_guard_hold,1,1,1,FOLLOW_MAIN,1.0,5.671968621350862,-275.8,75.88992687686164,75.88992687686164,-0.47900000000000004,0.5745386374881567,0.5745386374881567,-0.01844482000837596,-0.13877236003978796,0.0,0.0,0.018,0.025,0.0,0.0,0.0,0.0,0.1,0.1,0.1,0.1,0.09424999356269836,0.0,-0.04535099754426417,-0.04535099754426417,-0.04535099754426417,-0.12298996882413507,-0.18913044035434723,0.0,0,0.0,0,0,0,1.0,0.039805878471606805,nan,0.10306119233423784,0.09693880766576217,-0.006122384668475672,8.253189086914062,6.3622565269470215,0.17345871339374072,0.005750006437301641,0.06614047153021216
73.31507754325867,1784881241.8767993,0.7797691822052002,0.4352715015411377,7.343292236328125e-05,1.8056671619415283,jump_guard_hold,1,1,1,FOLLOW_MAIN,1.0,5.671968621350862,-275.8,75.88992687686164,75.88992687686164,-0.47900000000000004,0.5745386374881567,0.5745386374881567,-0.01844482000837596,-0.13877236003978796,0.0,0.0,0.018,0.025,0.0,0.0,0.0,0.0,0.1,0.1,0.1,0.1,0.10512499511241913,0.0,-0.04535099754426417,-0.04535099754426417,-0.04535099754426417,-0.12298996882413507,-0.09456519782543182,0.0,0,0.0,0,0,0,1.0,0.039805878471606805,nan,0.10306119233423784,0.09693880766576217,-0.006122384668475672,8.404814720153809,6.374204635620117,0.006045945226290971,-0.005124995112419123,-0.028424770998703247
73.62855982780457,1784881242.1902812,1.093250036239624,0.7487525939941406,0.3135542869567871,3.457069396972656e-05,jump_guard_hold,1,1,1,FOLLOW_MAIN,1.0,5.671968621350862,-275.8,75.88992687686164,75.88992687686164,-0.47900000000000004,0.5745386374881567,0.5745386374881567,-0.01844482000837596,-0.13877236003978796,0.0,0.0,0.018,0.025,0.0,0.0,0.0,0.0,0.1,0.1,0.1,0.1,0.10512499511241913,0.0,-0.04535099754426417,-0.04535099754426417,-0.04535099754426417,-0.12298996882413507,-0.09456519782543182,0.0,0,0.0,0,0,0,1.0,0.039805878471606805,nan,0.10306119233423784,0.09693880766576217,-0.006122384668475672,8.404814720153809,6.374204635620117,0.006045945226290971,-0.005124995112419123,-0.028424770998703247
73.98898506164551,1784881242.5507066,7.963180541992188e-05,0.3529825210571289,0.33834099769592285,0.3604605197906494,jump_guard_hold,1,1,1,FOLLOW_MAIN,1.0,4.802178017260414,-275.8,75.88992687686164,75.88992687686164,-0.47900000000000004,0.5745386374881567,0.5745386374881567,-0.01844482000837596,-0.13877236003978796,0.0,0.0,0.018,0.025,0.0,0.0,0.0,0.0,0.1,0.1,0.1,0.1,0.101500004529953,0.0,-0.0242563518625672,-0.0242563518625672,-0.0242563518625672,-0.04412238231751155,-0.0630434900522232,0.0,0,0.0,0,0,0,1.0,0.039805878471606805,nan,0.10163730375072329,0.09836269624927672,-0.0032746075014465637,8.460041046142578,6.374212265014648,-0.010817877883807041,-0.0015000045299529974,0.018921107734711652
74.32816505432129,1784881242.8898866,0.33925938606262207,3.695487976074219e-05,0.6775209903717041,0.6996405124664307,jump_guard_hold,1,1,1,FOLLOW_MAIN,1.0,4.802178017260414,-275.8,75.88992687686164,75.88992687686164,-0.47900000000000004,0.5745386374881567,0.5745386374881567,-0.01844482000837596,-0.13877236003978796,0.0,0.0,0.018,0.025,0.0,0.0,0.0,0.0,0.1,0.1,0.1,0.1,0.101500004529953,0.0,-0.0242563518625672,-0.0242563518625672,-0.0242563518625672,-0.09803312384267505,-0.0630434900522232,0.0,0,0.0,0,0,0,1.0,0.039805878471606805,nan,0.10163730375072329,0.09836269624927672,-0.0032746075014465637,8.460041046142578,6.374212265014648,-0.010817877883807041,-0.0015000045299529974,-0.03498963379045185
74.6548547744751,1784881243.216576,0.6659486293792725,0.32672619819641113,3.4332275390625e-05,1.0263292789459229,jump_guard_hold,1,1,1,FOLLOW_MAIN,1.0,4.802178017260414,-275.8,75.88992687686164,75.88992687686164,-0.47900000000000004,0.5745386374881567,0.5745386374881567,-0.01844482000837596,-0.13877236003978796,0.0,0.0,0.018,0.025,0.0,0.0,0.0,0.0,0.1,0.1,0.1,0.1,0.09787499904632568,0.0,-0.0242563518625672,-0.0242563518625672,-0.0242563518625672,-0.09803312384267505,-0.09456522762775421,0.0,0,0.0,0,0,0,1.0,0.039805878471606805,nan,0.10163730375072329,0.09836269624927672,-0.0032746075014465637,8.532245635986328,6.372596740722656,-0.043664329706477,0.002125000953674322,-0.003467896214920843
75.03117179870605,1784881243.5928934,0.369152307510376,5.5789947509765625e-05,0.37635326385498047,0.37300848960876465,jump_guard_hold,1,1,1,FOLLOW_MAIN,1.0,4.762979580088418,-275.8,75.88992687686164,75.88992687686164,-0.47900000000000004,0.5745386374881567,0.5745386374881567,-0.01844482000837596,-0.13877236003978796,0.0,0.0,0.018,0.025,0.0,0.0,0.0,0.0,0.1,0.1,0.1,0.1,0.09787499904632568,0.0,-0.018508245612696116,-0.018508245612696116,-0.018508245612696116,-0.014885826314899337,-0.09456522762775421,0.0,0,0.0,0,0,0,1.0,0.039805878471606805,nan,0.10124930657885699,0.09875069342114302,-0.0024986131577139636,8.532245635986328,6.372596740722656,-0.043664329706477,0.002125000953674322,0.07967940131285488
75.36652874946594,1784881243.92825,0.7045087814331055,0.33541274070739746,4.863739013671875e-05,0.7083642482757568,jump_guard_hold,1,1,1,FOLLOW_MAIN,1.0,4.762979580088418,-275.8,75.88992687686164,75.88992687686164,-0.47900000000000004,0.5745386374881567,0.5745386374881567,-0.01844482000837596,-0.13877236003978796,0.0,0.0,0.018,0.025,0.0,0.0,0.0,0.0,0.1,0.1,0.1,0.1,0.10875000059604645,0.0,-0.018508245612696116,-0.018508245612696116,-0.018508245612696116,-0.014885826314899337,-1.6196914032207133e-08,0.0,0,0.0,0,0,0,1.0,0.039805878471606805,nan,0.10124930657885699,0.09875069342114302,-0.0024986131577139636,8.601880073547363,6.368225574493408,-0.09611641534128168,-0.008750000596046442,-0.014885810117985305
75.69837808609009,1784881244.2600996,0.00023674964904785156,0.6672616004943848,0.33189821243286133,1.0402135848999023,jump_guard_hold,1,1,1,FOLLOW_MAIN,1.0,4.34056582339076,-275.8,75.88992687686164,75.88992687686164,-0.47900000000000004,0.5745386374881567,0.5745386374881567,-0.01844482000837596,-0.13877236003978796,0.0,0.0,0.018,0.025,0.0,0.0,0.0,0.0,0.1,0.1,0.1,0.1,0.10875000059604645,0.0,-0.04347109001240716,-0.04347109001240716,-0.04347109001240716,-0.014885826314899337,-1.6196914032207133e-08,0.0,0,0.0,0,0,0,1.0,0.039805878471606805,nan,0.1029342985758375,0.09706570142416251,-0.005868597151674981,8.601880073547363,6.368225574493408,-0.09611641534128168,-0.008750000596046442,-0.014885810117985305
76.05121874809265,1784881244.6129403,0.35307765007019043,0.34944891929626465,8.463859558105469e-05,1.3930537700653076,jump_guard_hold,1,1,1,FOLLOW_MAIN,1.0,4.34056582339076,-275.8,75.88992687686164,75.88992687686164,-0.47900000000000004,0.5745386374881567,0.5745386374881567,-0.01844482000837596,-0.13877236003978796,0.0,0.0,0.018,0.025,0.0,0.0,0.0,0.0,0.1,0.1,0.1,0.1,0.09062500298023224,0.0,-0.04347109001240716,-0.04347109001240716,-0.04347109001240716,-0.03260331750930537,-0.03152172267436981,0.0,0,0.0,0,0,0,1.0,0.039805878471606805,nan,0.1029342985758375,0.09706570142416251,-0.005868597151674981,8.66726303100586,6.361935138702393,-0.10513150040617972,0.009374997019767767,-0.0010815948349355564
76.39357089996338,1784881244.9552925,0.695429801940918,0.6918017864227295,0.3424379825592041,4.696846008300781e-05,jump_guard_hold,1,1,1,FOLLOW_MAIN,1.0,4.34056582339076,-275.8,75.88992687686164,75.88992687686164,-0.47900000000000004,0.5745386374881567,0.5745386374881567,-0.01844482000837596,-0.13877236003978796,0.0,0.0,0.018,0.025,0.0,0.0,0.0,0.0,0.1,0.1,0.1,0.1,0.09062500298023224,0.0,-0.04347109001240716,-0.04347109001240716,-0.04347109001240716,-0.03260331750930537,-0.03152172267436981,0.0,0,0.0,0,0,0,1.0,0.039805878471606805,nan,0.1029342985758375,0.09706570142416251,-0.005868597151674981,8.66726303100586,6.361935138702393,-0.10513150040617972,0.009374997019767767,-0.0010815948349355564
76.72465944290161,1784881245.2863808,5.412101745605469e-05,1.0228888988494873,0.6735246181488037,0.3311333656311035,large_error_pd,2,1,1,FOLLOW_MAIN,1.0,4.292038205435823,-275.8,75.88992687686164,75.88992687686164,-0.47900000000000004,0.5745386374881567,0.5745386374881567,-0.01844482000837596,-0.13877236003978796,0.8,0.52,0.018,0.025,-0.060711941501489314,-0.2987600914938415,0.00033200676015076723,0.0034693090009946994,0.1,0.1,0.1,0.1,0.09062500298023224,-0.35567071723418536,-0.35567071723418536,-0.0754235392963657,-0.0754235392963657,-0.03260331750930537,-0.03152172267436981,0.42,1,2.0,0,0,1,0.6009868302784342,0.039805878471606805,nan,0.1050910889025047,0.09490891109749532,-0.01018217780500938,8.66726303100586,6.361935138702393,-0.10513150040617972,0.009374997019767767,-0.0010815948349355564
77.07254576683044,1784881245.6342673,0.34794139862060547,0.34456682205200195,4.57763671875e-05,0.6790206432342529,large_error_pd,2,1,1,FOLLOW_MAIN,1.0,4.292038205435823,-275.8,75.88992687686164,75.88992687686164,-0.47900000000000004,0.5745386374881567,0.5745386374881567,-0.01844482000837596,-0.13877236003978796,0.8,0.52,0.018,0.025,-0.060711941501489314,-0.2987600914938415,0.00033200676015076723,0.0034693090009946994,0.1,0.1,0.1,0.1,0.09787499904632568,-0.35567071723418536,-0.35567071723418536,-0.0754235392963657,-0.0754235392963657,-0.09080357369709795,-0.09456522762775421,0.42,1,2.0,0,0,1,0.6009868302784342,0.039805878471606805,nan,0.1050910889025047,0.09490891109749532,-0.01018217780500938,8.761368751525879,6.349444389343262,-0.17268310826293445,0.002125000953674322,0.003761653930656264
77.41092443466187,1784881245.9726462,0.6863198280334473,0.6829452514648438,0.3384244441986084,3.838539123535156e-05,large_error_pd,2,1,1,FOLLOW_MAIN,1.0,4.292038205435823,-275.8,75.88992687686164,75.88992687686164,-0.47900000000000004,0.5745386374881567,0.5745386374881567,-0.01844482000837596,-0.13877236003978796,0.8,0.52,0.018,0.025,-0.060711941501489314,-0.2987600914938415,0.00033200676015076723,0.0034693090009946994,0.1,0.1,0.1,0.1,0.09787499904632568,-0.35567071723418536,-0.35567071723418536,-0.0754235392963657,-0.0754235392963657,-0.09080357369709795,-0.09456522762775421,0.42,1,2.0,0,0,1,0.6009868302784342,0.039805878471606805,nan,0.1050910889025047,0.09490891109749532,-0.01018217780500938,8.761368751525879,6.349444389343262,-0.17268310826293445,0.002125000953674322,0.003761653930656264
77.74368643760681,1784881246.3054078,6.890296936035156e-05,1.015707015991211,0.6711862087249756,0.33280014991760254,large_error_pd,2,1,1,FOLLOW_MAIN,1.0,4.54912246666527,-275.8,75.88992687686164,75.88992687686164,-0.47900000000000004,0.5745386374881567,0.5745386374881567,-0.01844482000837596,-0.13877236003978796,0.8,0.52,0.018,0.025,-0.060711941501489314,-0.2987600914938415,0.00033200676015076723,0.0034693090009946994,0.1,0.1,0.1,0.1,0.09787499904632568,-0.35567071723418536,-0.35567071723418536,-0.10077226735437203,-0.10077226735437203,-0.09080357369709795,-0.09456522762775421,0.42,1,2.0,0,0,1,0.6009868302784342,0.039805878471606805,nan,0.10680212804642011,0.0931978719535799,-0.013604256092840217,8.761368751525879,6.349444389343262,-0.17268310826293445,0.002125000953674322,0.003761653930656264
78.10481715202332,1784881246.6665387,0.36119961738586426,0.3578164577484131,4.00543212890625e-05,0.6939311027526855,large_error_pd,2,1,1,FOLLOW_MAIN,1.0,4.54912246666527,-275.8,75.88992687686164,75.88992687686164,-0.47900000000000004,0.5745386374881567,0.5745386374881567,-0.01844482000837596,-0.13877236003978796,0.8,0.52,0.018,0.025,-0.060711941501489314,-0.2987600914938415,0.00033200676015076723,0.0034693090009946994,0.1,0.1,0.1,0.1,0.09787499904632568,-0.35567071723418536,-0.35567071723418536,-0.10077226735437203,-0.10077226735437203,-0.12035731855420077,-0.09456522762775421,0.42,1,2.0,0,0,1,0.6009868302784342,0.039805878471606805,nan,0.10680212804642011,0.0931978719535799,-0.013604256092840217,8.869232177734375,6.324127197265625,-0.28622377082423833,0.002125000953674322,-0.025792090926446562
78.4415636062622,1784881247.003285,0.6979455947875977,0.6945624351501465,0.33678627014160156,3.790855407714844e-05,large_error_pd,2,1,1,FOLLOW_MAIN,1.0,4.54912246666527,-275.8,75.88992687686164,75.88992687686164,-0.47900000000000004,0.5745386374881567,0.5745386374881567,-0.01844482000837596,-0.13877236003978796,0.8,0.52,0.018,0.025,-0.060711941501489314,-0.2987600914938415,0.00033200676015076723,0.0034693090009946994,0.1,0.1,0.1,0.1,0.09787499904632568,-0.35567071723418536,-0.35567071723418536,-0.10077226735437203,-0.10077226735437203,-0.12035731855420077,-0.09456522762775421,0.42,1,2.0,0,0,1,0.6009868302784342,0.039805878471606805,nan,0.10680212804642011,0.0931978719535799,-0.013604256092840217,8.869232177734375,6.324127197265625,-0.28622377082423833,0.002125000953674322,-0.025792090926446562
78.77158260345459,1784881247.3333044,0.00011491775512695312,1.0245823860168457,0.666806697845459,0.33005833625793457,large_error_pd,2,1,1,FOLLOW_MAIN,1.0,4.956005386954673,-275.8,75.88992687686164,75.88992687686164,-0.47900000000000004,0.5745386374881567,0.5745386374881567,-0.01844482000837596,-0.13877236003978796,0.8,0.52,0.018,0.025,-0.060711941501489314,-0.2987600914938415,0.00033200676015076723,0.0034693090009946994,0.1,0.1,0.1,0.1,0.09787499904632568,-0.35567071723418536,-0.35567071723418536,-0.06548395210330399,-0.06548395210330399,-0.12035731855420077,-0.09456522762775421,0.42,1,2.0,0,0,1,0.6009868302784342,0.039805878471606805,nan,0.10442016676697302,0.09557983323302699,-0.008840333533946032,8.869232177734375,6.324127197265625,-0.28622377082423833,0.002125000953674322,-0.025792090926446562
79.12719511985779,1784881247.6889164,0.3557267189025879,0.35230302810668945,4.029273986816406e-05,0.6856698989868164,large_error_pd,2,1,1,FOLLOW_MAIN,1.0,4.956005386954673,-275.8,75.88992687686164,75.88992687686164,-0.47900000000000004,0.5745386374881567,0.5745386374881567,-0.01844482000837596,-0.13877236003978796,0.8,0.52,0.018,0.025,-0.060711941501489314,-0.2987600914938415,0.00033200676015076723,0.0034693090009946994,0.1,0.1,0.1,0.1,0.09787499904632568,-0.35567071723418536,-0.35567071723418536,-0.06548395210330399,-0.06548395210330399,-0.08153256570286374,-0.031521737575531006,0.42,1,2.0,0,0,1,0.6009868302784342,0.039805878471606805,nan,0.10442016676697302,0.09557983323302699,-0.008840333533946032,8.969593048095703,6.289412975311279,-0.3985980519467845,0.002125000953674322,-0.050010828127332735
79.45576596260071,1784881248.0174873,0.6842975616455078,0.6808733940124512,0.3286104202270508,5.1021575927734375e-05,large_error_pd,2,1,1,FOLLOW_MAIN,1.0,4.956005386954673,-275.8,75.88992687686164,75.88992687686164,-0.47900000000000004,0.5745386374881567,0.5745386374881567,-0.01844482000837596,-0.13877236003978796,0.8,0.52,0.018,0.025,-0.060711941501489314,-0.2987600914938415,0.00033200676015076723,0.0034693090009946994,0.1,0.1,0.1,0.1,0.09787499904632568,-0.35567071723418536,-0.35567071723418536,-0.06548395210330399,-0.06548395210330399,-0.08153256570286374,-0.031521737575531006,0.42,1,2.0,0,0,1,0.6009868302784342,0.039805878471606805,nan,0.10442016676697302,0.09557983323302699,-0.008840333533946032,8.969593048095703,6.289412975311279,-0.3985980519467845,0.002125000953674322,-0.050010828127332735
79.79740524291992,1784881248.3591268,0.3375985622406006,0.33426952362060547,4.839897155761719e-05,0.3416919708251953,jump_guard_hold,1,1,1,FOLLOW_MAIN,1.0,4.754694599414133,-275.8,75.88992687686164,75.88992687686164,-0.47900000000000004,0.5745386374881567,0.5745386374881567,-0.01844482000837596,-0.13877236003978796,0.0,0.0,0.018,0.025,0.0,0.0,0.0,0.0,0.1,0.1,0.1,0.1,0.09062500298023224,0.0,-0.028008585445714315,-0.028008585445714315,-0.028008585445714315,-0.028008585445714315,-0.03152172267436981,0.0,0,0.0,0,0,0,1.0,0.039805878471606805,nan,0.10189057951758572,0.09810942048241429,-0.0037811590351714275,9.034700393676758,6.260946750640869,-0.4253610260703961,0.009374997019767767,0.003513137228655497
80.14345860481262,1784881248.70518,5.650520324707031e-05,0.680321216583252,0.3461000919342041,0.6877439022064209,jump_guard_hold,1,1,1,FOLLOW_MAIN,1.0,4.8165538050080166,-275.8,75.88992687686164,75.88992687686164,-0.47900000000000004,0.5745386374881567,0.5745386374881567,-0.01844482000837596,-0.13877236003978796,0.0,0.0,0.018,0.025,0.0,0.0,0.0,0.0,0.1,0.1,0.1,0.1,0.09062500298023224,0.0,-0.03439217139815213,-0.03439217139815213,-0.03439217139815213,-0.028008585445714315,-0.03152172267436981,0.0,0,0.0,0,0,0,1.0,0.039805878471606805,nan,0.10232147156937528,0.09767852843062473,-0.004642943138750549,9.034700393676758,6.260946750640869,-0.4253610260703961,0.009374997019767767,0.003513137228655497
80.48157596588135,1784881249.0432975,0.33817410469055176,3.838539123535156e-05,0.6842179298400879,1.0258617401123047,jump_guard_hold,1,1,1,FOLLOW_MAIN,1.0,4.8165538050080166,-275.8,75.88992687686164,75.88992687686164,-0.47900000000000004,0.5745386374881567,0.5745386374881567,-0.01844482000837596,-0.13877236003978796,0.0,0.0,0.018,0.025,0.0,0.0,0.0,0.0,0.1,0.1,0.1,0.1,0.09062500298023224,0.0,-0.03439217139815213,-0.03439217139815213,-0.03439217139815213,-0.036775017200334284,-0.03152172267436981,0.0,0,0.0,0,0,0,1.0,0.039805878471606805,nan,0.10232147156937528,0.09767852843062473,-0.004642943138750549,9.034700393676758,6.260946750640869,-0.4253610260703961,0.009374997019767767,-0.005253294525964472
80.81073141098022,1784881249.3724532,0.6673300266265869,0.3291943073272705,4.3392181396484375e-05,1.3550171852111816,jump_guard_hold,1,1,1,FOLLOW_MAIN,1.0,4.8165538050080166,-275.8,75.88992687686164,75.88992687686164,-0.47900000000000004,0.5745386374881567,0.5745386374881567,-0.01844482000837596,-0.13877236003978796,0.0,0.0,0.018,0.025,0.0,0.0,0.0,0.0,0.1,0.1,0.1,0.1,0.101500004529953,0.0,-0.03439217139815213,-0.03439217139815213,-0.03439217139815213,-0.036775017200334284,-0.0630434900522232,0.0,0,0.0,0,0,0,1.0,0.039805878471606805,nan,0.10232147156937528,0.09767852843062473,-0.004642943138750549,9.11221981048584,6.223450183868408,-0.482982990215761,-0.0015000045299529974,0.02626847285188892
81.16550493240356,1784881249.727227,0.34742140769958496,5.1021575927734375e-05,0.35481786727905273,0.351315975189209,jump_guard_hold,1,1,1,FOLLOW_MAIN,1.0,4.584967508439172,-275.8,75.88992687686164,75.88992687686164,-0.47900000000000004,0.5745386374881567,0.5745386374881567,-0.01844482000837596,-0.13877236003978796,0.0,0.0,0.018,0.025,0.0,0.0,0.0,0.0,0.1,0.1,0.1,0.1,0.101500004529953,0.0,-0.03538725996418665,-0.03538725996418665,-0.03538725996418665,-0.025313207259110106,-0.0630434900522232,0.0,0,0.0,0,0,0,1.0,0.039805878471606805,nan,0.10238864004758261,0.0976113599524174,-0.004777280095165204,9.11221981048584,6.223450183868408,-0.482982990215761,-0.0015000045299529974,0.0377302827931131
81.50285458564758,1784881250.064576,0.6847708225250244,0.3374004364013672,3.9577484130859375e-05,0.6886641979217529,jump_guard_hold,1,1,1,FOLLOW_MAIN,1.0,4.584967508439172,-275.8,75.88992687686164,75.88992687686164,-0.47900000000000004,0.5745386374881567,0.5745386374881567,-0.01844482000837596,-0.13877236003978796,0.0,0.0,0.018,0.025,0.0,0.0,0.0,0.0,0.1,0.1,0.1,0.1,0.101500004529953,0.0,-0.03538725996418665,-0.03538725996418665,-0.03538725996418665,-0.025313207259110106,-0.0630434900522232,0.0,0,0.0,0,0,0,1.0,0.039805878471606805,nan,0.10238864004758261,0.0976113599524174,-0.004777280095165204,9.179085731506348,6.1864013671875,-0.5397209117619264,-0.0015000045299529974,0.0377302827931131
81.84030866622925,1784881250.4020302,6.198883056640625e-05,0.674854040145874,0.3374931812286377,1.0261178016662598,large_error_pd,2,1,1,FOLLOW_MAIN,1.0,4.849435569393606,-275.8,75.88992687686164,75.88992687686164,-0.47900000000000004,0.5745386374881567,0.5745386374881567,-0.01844482000837596,-0.13877236003978796,0.8,0.52,0.018,0.025,-0.060711941501489314,-0.2987600914938415,0.00033200676015076723,0.0034693090009946994,0.1,0.1,0.1,0.1,0.101500004529953,-0.35567071723418536,-0.35567071723418536,-0.05112348829455879,-0.05112348829455879,-0.025313207259110106,-0.0630434900522232,0.42,1,2.0,0,0,1,0.6009868302784342,0.039805878471606805,nan,0.10345083545988272,0.09654916454011729,-0.006901670919765429,9.179085731506348,6.1864013671875,-0.5397209117619264,-0.0015000045299529974,0.0377302827931131
82.23102235794067,1784881250.7927437,0.3907756805419922,4.267692565917969e-05,0.7282075881958008,1.4168322086334229,large_error_pd,2,1,1,FOLLOW_MAIN,1.0,4.849435569393606,-275.8,75.88992687686164,75.88992687686164,-0.47900000000000004,0.5745386374881567,0.5745386374881567,-0.01844482000837596,-0.13877236003978796,0.8,0.52,0.018,0.025,-0.060711941501489314,-0.2987600914938415,0.00033200676015076723,0.0034693090009946994,0.1,0.1,0.1,0.1,0.101500004529953,-0.35567071723418536,-0.35567071723418536,-0.05112348829455879,-0.05112348829455879,-0.06532722942773195,-0.0630434900522232,0.42,1,2.0,0,0,1,0.6009868302784342,0.039805878471606805,nan,0.10345083545988272,0.09654916454011729,-0.006901670919765429,9.179085731506348,6.1864013671875,-0.5397209117619264,-0.0015000045299529974,-0.002283739375508742
82.63978719711304,1784881251.2015085,0.7995409965515137,0.40880751609802246,3.814697265625e-05,1.825596809387207,large_error_pd,2,1,1,FOLLOW_MAIN,1.0,4.849435569393606,-275.8,75.88992687686164,75.88992687686164,-0.47900000000000004,0.5745386374881567,0.5745386374881567,-0.01844482000837596,-0.13877236003978796,0.8,0.52,0.018,0.025,-0.060711941501489314,-0.2987600914938415,0.00033200676015076723,0.0034693090009946994,0.1,0.1,0.1,0.1,0.10875000059604645,-0.35567071723418536,-0.35567071723418536,-0.05112348829455879,-0.05112348829455879,-0.06532722942773195,-0.06304346024990082,0.42,1,2.0,0,0,1,0.6009868302784342,0.039805878471606805,nan,0.10345083545988272,0.09654916454011729,-0.006901670919765429,9.267966270446777,6.130350112915039,-0.5945695875159924,-0.008750000596046442,-0.0022837691778311298
83.01860094070435,1784881251.5803227,1.1783547401428223,0.7876214981079102,0.37885260581970215,5.555152893066406e-05,large_error_pd,2,1,1,FOLLOW_MAIN,1.0,4.849435569393606,-275.8,75.88992687686164,75.88992687686164,-0.47900000000000004,0.5745386374881567,0.5745386374881567,-0.01844482000837596,-0.13877236003978796,0.8,0.52,0.018,0.025,-0.060711941501489314,-0.2987600914938415,0.00033200676015076723,0.0034693090009946994,0.1,0.1,0.1,0.1,0.10875000059604645,-0.35567071723418536,-0.35567071723418536,-0.05112348829455879,-0.05112348829455879,-0.06532722942773195,-0.06304346024990082,0.42,1,2.0,0,0,1,0.6009868302784342,0.039805878471606805,nan,0.10345083545988272,0.09654916454011729,-0.006901670919765429,9.267966270446777,6.130350112915039,-0.5945695875159924,-0.008750000596046442,-0.0022837691778311298
83.37835884094238,1784881251.9400802,8.988380432128906e-05,1.1473793983459473,0.7386102676391602,0.35981297492980957,large_error_pd,2,1,1,FOLLOW_MAIN,1.0,4.867460462070379,-275.8,75.88992687686164,75.88992687686164,-0.47900000000000004,0.5745386374881567,0.5745386374881567,-0.01844482000837596,-0.13877236003978796,0.8,0.52,0.018,0.025,-0.060711941501489314,-0.2987600914938415,0.00033200676015076723,0.0034693090009946994,0.1,0.1,0.1,0.1,0.10875000059604645,-0.35567071723418536,-0.35567071723418536,-0.04290590309642638,-0.04290590309642638,-0.06532722942773195,-0.06304346024990082,0.42,1,2.0,0,0,1,0.6009868302784342,0.039805878471606805,nan,0.10289614845900878,0.09710385154099123,-0.005792296918017553,9.267966270446777,6.130350112915039,-0.5945695875159924,-0.008750000596046442,-0.0022837691778311298
83.7059257030487,1784881252.2676473,0.32765793800354004,5.054473876953125e-05,1.066178560256958,0.6873815059661865,large_error_pd,2,1,1,FOLLOW_MAIN,1.0,4.867460462070379,-275.8,75.88992687686164,75.88992687686164,-0.47900000000000004,0.5745386374881567,0.5745386374881567,-0.01844482000837596,-0.13877236003978796,0.8,0.52,0.018,0.025,-0.060711941501489314,-0.2987600914938415,0.00033200676015076723,0.0034693090009946994,0.1,0.1,0.1,0.1,0.10875000059604645,-0.35567071723418536,-0.35567071723418536,-0.04290590309642638,-0.04290590309642638,-0.07903289852225799,-0.06304346024990082,0.42,1,2.0,0,0,1,0.6009868302784342,0.039805878471606805,nan,0.10289614845900878,0.09710385154099123,-0.005792296918017553,9.267966270446777,6.130350112915039,-0.5945695875159924,-0.008750000596046442,-0.015989438272357173
84.0733323097229,1784881252.6350539,8.20159912109375e-05,0.36745572090148926,0.36371541023254395,0.36032962799072266,large_error_pd,2,1,1,FOLLOW_MAIN,1.0,4.328743193946158,-275.8,75.88992687686164,75.88992687686164,-0.47900000000000004,0.5745386374881567,0.5745386374881567,-0.01844482000837596,-0.13877236003978796,0.8,0.52,0.018,0.025,-0.060711941501489314,-0.2987600914938415,0.00033200676015076723,0.0034693090009946994,0.1,0.1,0.1,0.1,0.09787499904632568,-0.35567071723418536,-0.35567071723418536,-0.09365444172114012,-0.09365444172114012,-0.07903289852225799,-0.031521737575531006,0.42,1,2.0,0,0,1,0.6009868302784342,0.039805878471606805,nan,0.10632167481617696,0.09367832518382305,-0.012643349632353917,9.340466499328613,6.080453872680664,-0.6248935456648113,0.002125000953674322,-0.047511160946726985
