time_wall_s,t_s,active_controller,controller_node,controller_version,controller_mode,outer_mode,mix_mode,curve_zone,avoidance_mode,lane_state,intent_hint,trajectory_hint,planner_status_hint,raw_valid,cmd_published,epsilon_x_mm,e_lat_raw_mm,e_lat_filtered_mm,e_lat_used_mm,theta_raw_rad,theta_filtered_rad,theta_used_rad,de_lat_mps,de_heading_rps,p_lat,d_lat,p_heading,d_heading,outer_kp_lat,outer_kd_lat,outer_kp_heading,outer_kd_heading,curvature_from_error,k_pp_used,k_lat_used,k_theta_used,slow_factor,outer_gain_multiplier,curve_severity,omega_ff,omega_fb,curve_steer_gain,v_target,v_ref,v_cmd_internal,cmd_v,odom_v,omega_raw,omega_target,omega_limit,omega_ref,omega_cmd_internal,cmd_omega,odom_omega,linear_tracking_error,angular_tracking_error,v_left_ref,v_left_measured,v_left_cmd,v_right_ref,v_right_measured,v_right_cmd,left_wheel_error,right_wheel_error,d_left_wheel_error,d_right_wheel_error,left_pd_correction,right_pd_correction,fps,confidence,lookahead_m,curvature,speed_factor,curve_confirmed,center_zone,near_zone,large_error,lane_change,jump_hold,soft_replan_active,avoidance_active,avoidance_reverse,avoidance_offset_m,avoidance_target_offset_m,front_min_m,lidar_ratio,lidar_stop,emergency_stop,cmd_vel_conflict,odom_x,odom_y,odom_yaw,control_error_age_s,state_age_s,ref_age_s,cmd_vel_age_s,odom_age_local_s,scan_age_s,controller_error_age_s,controller_odom_age_s,e_lat_raw_m,e_lat_filtered_m,e_lat_used_m,curve_count,curve_sign,omega_dynamic_limit,brake_scale,odom_v_filtered,odom_omega_filtered,lidar_mode,controller_mode_code,outer_mode_code,mix_mode_code,lidar_mode_code,curve_zone_code,avoidance_mode_code,intent_hint_code,trajectory_hint_code,planner_status_hint_code,state__node,state__version,state__mode,state__outer_mode,state__mix_mode,state__enabled,state__cmd_published,state__cmd_vel_conflict,state__cmd_vel_publishers,state__emergency_stop,state__intent_hint,state__trajectory_hint,state__planner_status_hint,state__lane_state,state__raw_valid,state__raw_valid_reason,state__confidence,state__fps_est,state__error_age_s,state__odom_age_s,state__epsilon_x_mm,state__theta_rad,state__kappa_m,state__lookahead_m,state__e_f_m,state__e_f_mm,state__theta_f_rad,state__e_used_m,state__e_used_mm,state__theta_used_rad,state__de_f,state__dtheta_f,state__outer_kp_lat,state__outer_kd_lat,state__outer_kp_heading,state__outer_kd_heading,state__p_lat,state__d_lat,state__p_heading,state__d_heading,state__omega_raw,state__omega_des,state__omega_target,state__v_des,state__v_target,state__curve_severity,state__curve_zone,state__curve_steer_gain,state__outer_gain_multiplier,state__omega_ff,state__omega_fb,state__omega_limit,state__speed_factor,state__v_ref,state__omega_ref,state__v_left_ref,state__v_right_ref,state__v_left_des,state__v_right_des,state__v_left_measured,state__v_right_measured,state__v_left_odom,state__v_right_odom,state__left_wheel_error,state__right_wheel_error,state__d_left_wheel_error,state__d_right_wheel_error,state__left_pd_correction,state__right_pd_correction,state__v_left_cmd,state__v_right_cmd,state__v_cmd,state__omega_cmd,state__odom_v,state__odom_omega,state__odom_v_filtered,state__odom_omega_filtered,state__odom_x,state__odom_y,state__front_min_m,state__lidar_mode,state__lidar_ratio,state__lidar_stop,state__time_monotonic
1785741732.6690974,0.5713191032409668,,,,,,,,,FOLLOW_MAIN,,,,0,0,-3.8000000000000003,-3.8000000000000003,nan,nan,-0.027,nan,nan,nan,nan,nan,nan,nan,nan,nan,nan,nan,nan,nan,nan,nan,nan,nan,nan,nan,nan,nan,nan,nan,nan,nan,nan,nan,nan,nan,nan,nan,nan,nan,nan,nan,nan,nan,nan,nan,nan,nan,nan,nan,nan,nan,nan,nan,nan,nan,nan,nan,0.0,nan,0,0,0,0,0,0,0,0,0,nan,nan,nan,nan,0,0,0,nan,nan,nan,0.0008771419525146484,inf,inf,inf,inf,inf,nan,nan,-0.0038000000000000004,nan,nan,nan,nan,nan,nan,nan,nan,,0,0,0,0,0,0,0,0,0,,,,,,,,,,,,,,,,,,,,,,,,,,,,,,,,,,,,,,,,,,,,,,,,,,,,,,,,,,,,,,,,,,,,,,,,,,,,,,,,,,,,
1785741733.8265367,1.7287583351135254,,,,,,,,,FOLLOW_MAIN,,,,0,0,-3.9000000000000004,-3.9000000000000004,nan,nan,-0.028,nan,nan,nan,nan,nan,nan,nan,nan,nan,nan,nan,nan,nan,nan,nan,nan,nan,nan,nan,nan,nan,nan,nan,nan,nan,nan,nan,nan,nan,nan,nan,nan,nan,nan,nan,nan,nan,nan,nan,nan,nan,nan,nan,nan,nan,nan,nan,nan,nan,nan,nan,0.0,nan,0,0,0,0,0,0,0,0,0,nan,nan,nan,nan,0,0,0,nan,nan,nan,8.392333984375e-05,inf,inf,inf,inf,inf,nan,nan,-0.0039000000000000003,nan,nan,nan,nan,nan,nan,nan,nan,,0,0,0,0,0,0,0,0,0,,,,,,,,,,,,,,,,,,,,,,,,,,,,,,,,,,,,,,,,,,,,,,,,,,,,,,,,,,,,,,,,,,,,,,,,,,,,,,,,,,,,
1785741734.197468,2.0996899604797363,,,,,,,,,FOLLOW_MAIN,,,,0,0,-3.9000000000000004,-3.9000000000000004,nan,nan,-0.028,nan,nan,nan,nan,nan,nan,nan,nan,nan,nan,nan,nan,nan,nan,nan,nan,nan,nan,nan,nan,nan,nan,nan,nan,nan,nan,0.0,nan,nan,nan,nan,nan,nan,0.0,nan,nan,nan,nan,nan,nan,nan,nan,nan,nan,nan,nan,nan,nan,nan,nan,nan,0.0,nan,0,0,0,0,0,0,0,0,0,nan,nan,nan,nan,0,0,0,2.293337821960449,0.9914745688438416,2.4097738648202642,0.371016263961792,inf,inf,inf,0.0001919269561767578,inf,nan,nan,-0.0039000000000000003,nan,nan,nan,nan,nan,nan,nan,nan,,0,0,0,0,0,0,0,0,0,,,,,,,,,,,,,,,,,,,,,,,,,,,,,,,,,,,,,,,,,,,,,,,,,,,,,,,,,,,,,,,,,,,,,,,,,,,,,,,,,,,,
1785741734.6177754,2.5199968814849854,,,,,,,,,FOLLOW_MAIN,,,,0,0,-3.9000000000000004,-3.9000000000000004,nan,nan,-0.028,nan,nan,nan,nan,nan,nan,nan,nan,nan,nan,nan,nan,nan,nan,nan,nan,nan,nan,nan,nan,nan,nan,nan,nan,nan,nan,0.0,nan,nan,nan,nan,nan,nan,0.0,nan,nan,nan,nan,nan,nan,nan,nan,nan,nan,nan,nan,nan,nan,nan,nan,nan,0.0,nan,0,0,0,0,0,0,0,0,0,nan,nan,1.5529999732971191,nan,0,0,0,2.293337821960449,0.9914745688438416,2.4097738648202642,0.7913222312927246,inf,inf,inf,0.42049598693847656,8.225440979003906e-05,nan,nan,-0.0039000000000000003,nan,nan,nan,nan,nan,nan,nan,nan,,0,0,0,0,0,0,0,0,0,,,,,,,,,,,,,,,,,,,,,,,,,,,,,,,,,,,,,,,,,,,,,,,,,,,,,,,,,,,,,,,,,,,,,,,,,,,,,,,,,,,,
1785741735.0373151,2.9395365715026855,,,,,,,,,FOLLOW_MAIN,,,,0,0,-3.9000000000000004,-3.9000000000000004,nan,nan,-0.028,nan,nan,nan,nan,nan,nan,nan,nan,nan,nan,nan,nan,nan,nan,nan,nan,nan,nan,nan,nan,nan,nan,nan,nan,nan,nan,0.0,nan,nan,nan,nan,nan,nan,0.0,nan,nan,nan,nan,nan,nan,nan,nan,nan,nan,nan,nan,nan,nan,nan,nan,nan,0.0,nan,0,0,0,0,0,0,0,0,0,nan,nan,1.5529999732971191,nan,0,0,0,2.293337821960449,0.9914745688438416,2.4097738648202642,7.534027099609375e-05,inf,inf,inf,0.8400354385375977,0.41962194442749023,nan,nan,-0.0039000000000000003,nan,nan,nan,nan,nan,nan,nan,nan,,0,0,0,0,0,0,0,0,0,,,,,,,,,,,,,,,,,,,,,,,,,,,,,,,,,,,,,,,,,,,,,,,,,,,,,,,,,,,,,,,,,,,,,,,,,,,,,,,,,,,,
1785741735.439957,3.3421788215637207,,,,,,,,,FOLLOW_MAIN,,,,0,0,-3.9000000000000004,-3.9000000000000004,nan,nan,-0.028,nan,nan,nan,nan,nan,nan,nan,nan,nan,nan,nan,nan,nan,nan,nan,nan,nan,nan,nan,nan,nan,nan,nan,nan,nan,nan,0.0,nan,nan,nan,nan,nan,nan,0.0,nan,nan,nan,nan,nan,nan,nan,nan,nan,nan,nan,nan,nan,nan,nan,nan,nan,0.0,nan,0,0,0,0,0,0,0,0,0,nan,nan,1.5529999732971191,nan,0,0,0,2.293337821960449,0.9914745688438416,2.4097738648202642,0.40271759033203125,inf,inf,inf,8.463859558105469e-05,0.8222639560699463,nan,nan,-0.0039000000000000003,nan,nan,nan,nan,nan,nan,nan,nan,,0,0,0,0,0,0,0,0,0,,,,,,,,,,,,,,,,,,,,,,,,,,,,,,,,,,,,,,,,,,,,,,,,,,,,,,,,,,,,,,,,,,,,,,,,,,,,,,,,,,,,
1785741735.8519642,3.754185676574707,,,,,,,,,FOLLOW_MAIN,,,,0,0,-3.9000000000000004,-3.9000000000000004,nan,nan,-0.028,nan,nan,nan,nan,nan,nan,nan,nan,nan,nan,nan,nan,nan,nan,nan,nan,nan,nan,nan,nan,nan,nan,nan,nan,nan,nan,0.0,nan,nan,nan,nan,nan,nan,0.0,nan,nan,nan,nan,nan,nan,nan,nan,nan,nan,nan,nan,nan,nan,nan,nan,nan,0.0,nan,0,0,0,0,0,0,0,0,0,nan,nan,1.5570000410079956,nan,0,0,0,2.293337821960449,0.9914745688438416,2.4097738648202642,0.8147246837615967,inf,inf,inf,0.41215014457702637,0.0001423358917236328,nan,nan,-0.0039000000000000003,nan,nan,nan,nan,nan,nan,nan,nan,,0,0,0,0,0,0,0,0,0,,,,,,,,,,,,,,,,,,,,,,,,,,,,,,,,,,,,,,,,,,,,,,,,,,,,,,,,,,,,,,,,,,,,,,,,,,,,,,,,,,,,
1785741736.2376914,4.139912843704224,,,,,,,,,FOLLOW_MAIN,,,,0,0,-3.7,-3.7,nan,nan,-0.026000000000000002,nan,nan,nan,nan,nan,nan,nan,nan,nan,nan,nan,nan,nan,nan,nan,nan,nan,nan,nan,nan,nan,nan,nan,nan,nan,nan,0.0,nan,nan,nan,nan,nan,nan,0.0,nan,nan,nan,nan,nan,nan,nan,nan,nan,nan,nan,nan,nan,nan,nan,nan,nan,0.0,nan,0,0,0,0,0,0,0,0,0,nan,nan,1.5570000410079956,nan,0,0,0,2.293337821960449,0.9914745688438416,2.4097738648202642,7.534027099609375e-05,inf,inf,inf,0.797818660736084,0.38581109046936035,nan,nan,-0.0037,nan,nan,nan,nan,nan,nan,nan,nan,,0,0,0,0,0,0,0,0,0,,,,,,,,,,,,,,,,,,,,,,,,,,,,,,,,,,,,,,,,,,,,,,,,,,,,,,,,,,,,,,,,,,,,,,,,,,,,,,,,,,,,
1785741736.6640558,4.566277265548706,,,,,,,,,FOLLOW_MAIN,,,,0,0,-3.7,-3.7,nan,nan,-0.026000000000000002,nan,nan,nan,nan,nan,nan,nan,nan,nan,nan,nan,nan,nan,nan,nan,nan,nan,nan,nan,nan,nan,nan,nan,nan,nan,nan,0.0,nan,nan,nan,nan,nan,nan,0.0,nan,nan,nan,nan,nan,nan,nan,nan,nan,nan,nan,nan,nan,nan,nan,nan,nan,0.0,nan,0,0,0,0,0,0,0,0,0,nan,nan,1.5570000410079956,nan,0,0,0,2.293337821960449,0.9914745688438416,2.4097738648202642,0.4264404773712158,inf,inf,inf,0.0001266002655029297,0.8121764659881592,nan,nan,-0.0037,nan,nan,nan,nan,nan,nan,nan,nan,,0,0,0,0,0,0,0,0,0,,,,,,,,,,,,,,,,,,,,,,,,,,,,,,,,,,,,,,,,,,,,,,,,,,,,,,,,,,,,,,,,,,,,,,,,,,,,,,,,,,,,
1785741737.0997581,5.001979827880859,,,,,,,,,FOLLOW_MAIN,,,,0,0,-3.7,-3.7,nan,nan,-0.026000000000000002,nan,nan,nan,nan,nan,nan,nan,nan,nan,nan,nan,nan,nan,nan,nan,nan,nan,nan,nan,nan,nan,nan,nan,nan,nan,nan,0.0,nan,nan,nan,nan,nan,nan,0.0,nan,nan,nan,nan,nan,nan,nan,nan,nan,nan,nan,nan,nan,nan,nan,nan,nan,0.0,nan,0,0,0,0,0,0,0,0,0,nan,nan,1.4529999494552612,nan,0,0,0,2.293337821960449,0.9914745688438416,2.4097738648202642,0.8621423244476318,inf,inf,inf,0.43582963943481445,0.00011038780212402344,nan,nan,-0.0037,nan,nan,nan,nan,nan,nan,nan,nan,,0,0,0,0,0,0,0,0,0,,,,,,,,,,,,,,,,,,,,,,,,,,,,,,,,,,,,,,,,,,,,,,,,,,,,,,,,,,,,,,,,,,,,,,,,,,,,,,,,,,,,
1785741737.6111841,5.5134055614471436,,,,,,,,,FOLLOW_MAIN,,,,0,0,-3.8000000000000003,-3.8000000000000003,nan,nan,-0.027,nan,nan,nan,nan,nan,nan,nan,nan,nan,nan,nan,nan,nan,nan,nan,nan,nan,nan,nan,nan,nan,nan,nan,nan,nan,nan,0.0,nan,nan,nan,nan,nan,nan,0.0,nan,nan,nan,nan,nan,nan,nan,nan,nan,nan,nan,nan,nan,nan,nan,nan,nan,0.0,nan,0,0,0,0,0,0,0,0,0,nan,nan,1.4529999494552612,nan,0,0,0,2.293337821960449,0.9914745688438416,2.4097738648202642,6.532669067382812e-05,inf,inf,inf,0.9472534656524658,0.5115339756011963,nan,nan,-0.0038000000000000004,nan,nan,nan,nan,nan,nan,nan,nan,,0,0,0,0,0,0,0,0,0,,,,,,,,,,,,,,,,,,,,,,,,,,,,,,,,,,,,,,,,,,,,,,,,,,,,,,,,,,,,,,,,,,,,,,,,,,,,,,,,,,,,
1785741738.0525239,5.954745292663574,,,,,,,,,FOLLOW_MAIN,,,,0,0,-3.8000000000000003,-3.8000000000000003,nan,nan,-0.027,nan,nan,nan,nan,nan,nan,nan,nan,nan,nan,nan,nan,nan,nan,nan,nan,nan,nan,nan,nan,nan,nan,nan,nan,nan,nan,0.0,nan,nan,nan,nan,nan,nan,0.0,nan,nan,nan,nan,nan,nan,nan,nan,nan,nan,nan,nan,nan,nan,nan,nan,nan,0.0,nan,0,0,0,0,0,0,0,0,0,nan,nan,1.4529999494552612,nan,0,0,0,2.293337821960449,0.9914745688438416,2.4097738648202642,0.4414045810699463,inf,inf,inf,8.535385131835938e-05,0.952873706817627,nan,nan,-0.0038000000000000004,nan,nan,nan,nan,nan,nan,nan,nan,,0,0,0,0,0,0,0,0,0,,,,,,,,,,,,,,,,,,,,,,,,,,,,,,,,,,,,,,,,,,,,,,,,,,,,,,,,,,,,,,,,,,,,,,,,,,,,,,,,,,,,
1785741738.8787208,6.780942440032959,,,,,,,,,FOLLOW_MAIN,,,,0,0,-3.8000000000000003,-3.8000000000000003,nan,nan,-0.027,nan,nan,nan,nan,nan,nan,nan,nan,nan,nan,nan,nan,nan,nan,nan,nan,nan,nan,nan,nan,nan,nan,nan,nan,nan,nan,0.0,nan,nan,nan,nan,nan,nan,0.0,nan,nan,nan,nan,nan,nan,nan,nan,nan,nan,nan,nan,nan,nan,nan,nan,nan,0.0,nan,0,0,0,0,0,0,0,0,0,nan,nan,1.7319999933242798,nan,0,0,0,2.293337821960449,0.9914745688438416,2.4097738648202642,1.2676024436950684,inf,inf,inf,0.8262844085693359,0.00011110305786132812,nan,nan,-0.0038000000000000004,nan,nan,nan,nan,nan,nan,nan,nan,,0,0,0,0,0,0,0,0,0,,,,,,,,,,,,,,,,,,,,,,,,,,,,,,,,,,,,,,,,,,,,,,,,,,,,,,,,,,,,,,,,,,,,,,,,,,,,,,,,,,,,
1785741739.7341747,7.636396408081055,,,,,,,,,FOLLOW_MAIN,,,,0,0,-3.7,-3.7,nan,nan,-0.026000000000000002,nan,nan,nan,nan,nan,nan,nan,nan,nan,nan,nan,nan,nan,nan,nan,nan,nan,nan,nan,nan,nan,nan,nan,nan,nan,nan,0.0,nan,nan,nan,nan,nan,nan,0.0,nan,nan,nan,nan,nan,nan,nan,nan,nan,nan,nan,nan,nan,nan,nan,nan,nan,0.0,nan,0,0,0,0,0,0,0,0,0,nan,nan,1.7319999933242798,nan,0,0,0,2.293337821960449,0.9914745688438416,2.4097738648202642,8.893013000488281e-05,inf,inf,inf,1.6817381381988525,0.855565071105957,nan,nan,-0.0037,nan,nan,nan,nan,nan,nan,nan,nan,,0,0,0,0,0,0,0,0,0,,,,,,,,,,,,,,,,,,,,,,,,,,,,,,,,,,,,,,,,,,,,,,,,,,,,,,,,,,,,,,,,,,,,,,,,,,,,,,,,,,,,
1785741740.750688,8.652909517288208,,,,,,,,,FOLLOW_MAIN,,,,0,0,-3.7,-3.7,nan,nan,-0.026000000000000002,nan,nan,nan,nan,nan,nan,nan,nan,nan,nan,nan,nan,nan,nan,nan,nan,nan,nan,nan,nan,nan,nan,nan,nan,nan,nan,0.0,nan,nan,nan,nan,nan,nan,0.0,nan,nan,nan,nan,nan,nan,nan,nan,nan,nan,nan,nan,nan,nan,nan,nan,nan,0.0,nan,0,0,0,0,0,0,0,0,0,nan,nan,1.7319999933242798,nan,0,0,0,2.293337821960449,0.9914745688438416,2.4097738648202642,1.0166029930114746,inf,inf,inf,0.00013637542724609375,1.872081995010376,nan,nan,-0.0037,nan,nan,nan,nan,nan,nan,nan,nan,,0,0,0,0,0,0,0,0,0,,,,,,,,,,,,,,,,,,,,,,,,,,,,,,,,,,,,,,,,,,,,,,,,,,,,,,,,,,,,,,,,,,,,,,,,,,,,,,,,,,,,
1785741741.5553067,9.457528114318848,,,,,,,,,FOLLOW_MAIN,,,,0,0,-3.7,-3.7,nan,nan,-0.026000000000000002,nan,nan,nan,nan,nan,nan,nan,nan,nan,nan,nan,nan,nan,nan,nan,nan,nan,nan,nan,nan,nan,nan,nan,nan,nan,nan,0.0,nan,nan,nan,nan,nan,nan,0.0,nan,nan,nan,nan,nan,nan,nan,nan,nan,nan,nan,nan,nan,nan,nan,nan,nan,0.0,nan,0,0,0,0,0,0,0,0,0,nan,nan,1.7330000400543213,nan,0,0,0,2.293337821960449,0.9914745688438416,2.4097738648202642,1.8212203979492188,inf,inf,inf,0.8047502040863037,7.2479248046875e-05,nan,nan,-0.0037,nan,nan,nan,nan,nan,nan,nan,nan,,0,0,0,0,0,0,0,0,0,,,,,,,,,,,,,,,,,,,,,,,,,,,,,,,,,,,,,,,,,,,,,,,,,,,,,,,,,,,,,,,,,,,,,,,,,,,,,,,,,,,,
1785741742.0107243,9.912945985794067,,,,,,,,,FOLLOW_MAIN,,,,0,0,-3.5,-3.5,nan,nan,-0.025,nan,nan,nan,nan,nan,nan,nan,nan,nan,nan,nan,nan,nan,nan,nan,nan,nan,nan,nan,nan,nan,nan,nan,nan,nan,nan,0.0,nan,nan,nan,nan,nan,nan,0.0,nan,nan,nan,nan,nan,nan,nan,nan,nan,nan,nan,nan,nan,nan,nan,nan,nan,0.0,nan,0,0,0,0,0,0,0,0,0,nan,nan,1.7330000400543213,nan,0,0,0,2.293337821960449,0.9914745688438416,2.4097738648202642,9.202957153320312e-05,inf,inf,inf,1.260169506072998,0.4554924964904785,nan,nan,-0.0035,nan,nan,nan,nan,nan,nan,nan,nan,,0,0,0,0,0,0,0,0,0,,,,,,,,,,,,,,,,,,,,,,,,,,,,,,,,,,,,,,,,,,,,,,,,,,,,,,,,,,,,,,,,,,,,,,,,,,,,,,,,,,,,
1785741742.7168405,10.619061946868896,,,,,,,,,FOLLOW_MAIN,,,,0,0,-3.5,-3.5,nan,nan,-0.025,nan,nan,nan,nan,nan,nan,nan,nan,nan,nan,nan,nan,nan,nan,nan,nan,nan,nan,nan,nan,nan,nan,nan,nan,nan,nan,0.0,nan,nan,nan,nan,nan,nan,0.0,nan,nan,nan,nan,nan,nan,nan,nan,nan,nan,nan,nan,nan,nan,nan,nan,nan,0.0,nan,0,0,0,0,0,0,0,0,0,nan,nan,1.7330000400543213,nan,0,0,0,2.293337821960449,0.9914745688438416,2.4097738648202642,0.706207275390625,inf,inf,inf,7.43865966796875e-05,1.1616058349609375,nan,nan,-0.0035,nan,nan,nan,nan,nan,nan,nan,nan,,0,0,0,0,0,0,0,0,0,,,,,,,,,,,,,,,,,,,,,,,,,,,,,,,,,,,,,,,,,,,,,,,,,,,,,,,,,,,,,,,,,,,,,,,,,,,,,,,,,,,,
1785741743.3516386,11.253859996795654,,,,,,,,,FOLLOW_MAIN,,,,0,0,-3.5,-3.5,nan,nan,-0.025,nan,nan,nan,nan,nan,nan,nan,nan,nan,nan,nan,nan,nan,nan,nan,nan,nan,nan,nan,nan,nan,nan,nan,nan,nan,nan,0.0,nan,nan,nan,nan,nan,nan,0.0,nan,nan,nan,nan,nan,nan,nan,nan,nan,nan,nan,nan,nan,nan,nan,nan,nan,0.0,nan,0,0,0,0,0,0,0,0,0,nan,nan,1.7410000562667847,nan,0,0,0,2.293337821960449,0.9914745688438416,2.4097738648202642,1.341005563735962,inf,inf,inf,0.6348738670349121,0.000133514404296875,nan,nan,-0.0035,nan,nan,nan,nan,nan,nan,nan,nan,,0,0,0,0,0,0,0,0,0,,,,,,,,,,,,,,,,,,,,,,,,,,,,,,,,,,,,,,,,,,,,,,,,,,,,,,,,,,,,,,,,,,,,,,,,,,,,,,,,,,,,
1785741744.263568,12.165789604187012,,,,,,,,,TURNING,,,,0,0,-3.5,-3.5,nan,nan,-0.025,nan,nan,nan,nan,nan,nan,nan,nan,nan,nan,nan,nan,nan,nan,nan,nan,nan,nan,nan,nan,nan,nan,nan,nan,nan,nan,0.0,nan,nan,nan,nan,nan,nan,0.0,nan,nan,nan,nan,nan,nan,nan,nan,nan,nan,nan,nan,nan,nan,nan,nan,nan,-2.9564824566074326,nan,0,0,0,0,0,0,0,0,0,nan,nan,1.7410000562667847,nan,0,0,0,2.293337821960449,0.9914745688438416,2.4097738648202642,0.00012993812561035156,inf,inf,inf,1.5468041896820068,0.9120645523071289,nan,nan,-0.0035,nan,nan,nan,nan,nan,nan,nan,nan,,0,0,0,0,0,0,0,0,0,,,,,,,,,,,,,,,,,,,,,,,,,,,,,,,,,,,,,,,,,,,,,,,,,,,,,,,,,,,,,,,,,,,,,,,,,,,,,,,,,,,,
1785741745.045935,12.948156356811523,,,,,,,,,TURNING,,,,0,0,-3.5,-3.5,nan,nan,-0.025,nan,nan,nan,nan,nan,nan,nan,nan,nan,nan,nan,nan,nan,nan,nan,nan,nan,nan,nan,nan,nan,nan,nan,nan,nan,nan,0.0,nan,nan,nan,nan,nan,nan,0.0,nan,nan,nan,nan,nan,nan,nan,nan,nan,nan,nan,nan,nan,nan,nan,nan,nan,-2.9564824566074326,nan,0,0,0,0,0,0,0,0,0,nan,nan,1.7410000562667847,nan,0,0,0,2.293337821960449,0.9914745688438416,2.4097738648202642,0.7824962139129639,inf,inf,inf,7.700920104980469e-05,1.6944301128387451,nan,nan,-0.0035,nan,nan,nan,nan,nan,nan,nan,nan,,0,0,0,0,0,0,0,0,0,,,,,,,,,,,,,,,,,,,,,,,,,,,,,,,,,,,,,,,,,,,,,,,,,,,,,,,,,,,,,,,,,,,,,,,,,,,,,,,,,,,,
1785741745.5763054,13.478526830673218,,,,,,,,,TURNING,,,,0,0,-3.5,-3.5,nan,nan,-0.025,nan,nan,nan,nan,nan,nan,nan,nan,nan,nan,nan,nan,nan,nan,nan,nan,nan,nan,nan,nan,nan,nan,nan,nan,nan,nan,0.0,nan,nan,nan,nan,nan,nan,0.0,nan,nan,nan,nan,nan,nan,nan,nan,nan,nan,nan,nan,nan,nan,nan,nan,nan,-2.9564824566074326,nan,0,0,0,0,0,0,0,0,0,nan,nan,1.7400000095367432,nan,0,0,0,2.293337821960449,0.9914745688438416,2.4097738648202642,1.3128666877746582,inf,inf,inf,0.5304594039916992,0.00013494491577148438,nan,nan,-0.0035,nan,nan,nan,nan,nan,nan,nan,nan,,0,0,0,0,0,0,0,0,0,,,,,,,,,,,,,,,,,,,,,,,,,,,,,,,,,,,,,,,,,,,,,,,,,,,,,,,,,,,,,,,,,,,,,,,,,,,,,,,,,,,,
1785741746.0643573,13.966578722000122,,,,,,,,,TURNING,,,,0,0,2.5,2.5,nan,nan,0.018000000000000002,nan,nan,nan,nan,nan,nan,nan,nan,nan,nan,nan,nan,nan,nan,nan,nan,nan,nan,nan,nan,nan,nan,nan,nan,nan,nan,0.0,nan,nan,nan,nan,nan,nan,0.0,nan,nan,nan,nan,nan,nan,nan,nan,nan,nan,nan,nan,nan,nan,nan,nan,nan,-2.679399544259493,nan,0,0,0,0,0,0,0,0,0,nan,nan,1.7400000095367432,nan,0,0,0,2.293337821960449,0.9914745688438416,2.4097738648202642,7.033348083496094e-05,inf,inf,inf,1.018498420715332,0.48821163177490234,nan,nan,0.0025,nan,nan,nan,nan,nan,nan,nan,nan,,0,0,0,0,0,0,0,0,0,,,,,,,,,,,,,,,,,,,,,,,,,,,,,,,,,,,,,,,,,,,,,,,,,,,,,,,,,,,,,,,,,,,,,,,,,,,,,,,,,,,,
1785741746.628851,14.531072854995728,,,,,,,,,TURNING,,,,0,0,2.5,2.5,nan,nan,0.018000000000000002,nan,nan,nan,nan,nan,nan,nan,nan,nan,nan,nan,nan,nan,nan,nan,nan,nan,nan,nan,nan,nan,nan,nan,nan,nan,nan,0.0,nan,nan,nan,nan,nan,nan,0.0,nan,nan,nan,nan,nan,nan,nan,nan,nan,nan,nan,nan,nan,nan,nan,nan,nan,-2.679399544259493,nan,0,0,0,0,0,0,0,0,0,nan,nan,1.7400000095367432,nan,0,0,0,2.293337821960449,0.9914745688438416,2.4097738648202642,0.5645656585693359,inf,inf,inf,0.0001766681671142578,1.052673578262329,nan,nan,0.0025,nan,nan,nan,nan,nan,nan,nan,nan,,0,0,0,0,0,0,0,0,0,,,,,,,,,,,,,,,,,,,,,,,,,,,,,,,,,,,,,,,,,,,,,,,,,,,,,,,,,,,,,,,,,,,,,,,,,,,,,,,,,,,,
1785741747.5113006,15.413522481918335,,,,,,,,,TURNING,,,,0,0,2.5,2.5,nan,nan,0.018000000000000002,nan,nan,nan,nan,nan,nan,nan,nan,nan,nan,nan,nan,nan,nan,nan,nan,nan,nan,nan,nan,nan,nan,nan,nan,nan,nan,0.0,nan,nan,nan,nan,nan,nan,0.0,nan,nan,nan,nan,nan,nan,nan,nan,nan,nan,nan,nan,nan,nan,nan,nan,nan,-2.679399544259493,nan,0,0,0,0,0,0,0,0,0,nan,nan,1.7419999837875366,nan,0,0,0,2.293337821960449,0.9914745688438416,2.4097738648202642,1.447016954421997,inf,inf,inf,0.8826782703399658,0.00031185150146484375,nan,nan,0.0025,nan,nan,nan,nan,nan,nan,nan,nan,,0,0,0,0,0,0,0,0,0,,,,,,,,,,,,,,,,,,,,,,,,,,,,,,,,,,,,,,,,,,,,,,,,,,,,,,,,,,,,,,,,,,,,,,,,,,,,,,,,,,,,
1785741748.250183,16.15240478515625,,,,,,,,,TURNING,,,,0,0,0.30000000000000004,0.30000000000000004,nan,nan,0.002,nan,nan,nan,nan,nan,nan,nan,nan,nan,nan,nan,nan,nan,nan,nan,nan,nan,nan,nan,nan,nan,nan,nan,nan,nan,nan,0.0,nan,nan,nan,nan,nan,nan,0.0,nan,nan,nan,nan,nan,nan,nan,nan,nan,nan,nan,nan,nan,nan,nan,nan,nan,-2.7006078665600706,nan,0,0,0,0,0,0,0,0,0,nan,nan,1.7419999837875366,nan,0,0,0,2.293337821960449,0.9914745688438416,2.4097738648202642,0.00010657310485839844,inf,inf,inf,1.6215054988861084,0.7391386032104492,nan,nan,0.00030000000000000003,nan,nan,nan,nan,nan,nan,nan,nan,,0,0,0,0,0,0,0,0,0,,,,,,,,,,,,,,,,,,,,,,,,,,,,,,,,,,,,,,,,,,,,,,,,,,,,,,,,,,,,,,,,,,,,,,,,,,,,,,,,,,,,
1785741748.9497116,16.851933002471924,,,,,,,,,TURNING,,,,0,0,0.30000000000000004,0.30000000000000004,nan,nan,0.002,nan,nan,nan,nan,nan,nan,nan,nan,nan,nan,nan,nan,nan,nan,nan,nan,nan,nan,nan,nan,nan,nan,nan,nan,nan,nan,0.0,nan,nan,nan,nan,nan,nan,0.0,nan,nan,nan,nan,nan,nan,nan,nan,nan,nan,nan,nan,nan,nan,nan,nan,nan,-2.7006078665600706,nan,0,0,0,0,0,0,0,0,0,nan,nan,1.7419999837875366,nan,0,0,0,2.293337821960449,0.9914745688438416,2.4097738648202642,0.6996347904205322,inf,inf,inf,0.00011587142944335938,1.4386677742004395,nan,nan,0.00030000000000000003,nan,nan,nan,nan,nan,nan,nan,nan,,0,0,0,0,0,0,0,0,0,,,,,,,,,,,,,,,,,,,,,,,,,,,,,,,,,,,,,,,,,,,,,,,,,,,,,,,,,,,,,,,,,,,,,,,,,,,,,,,,,,,,
1785741749.7203705,17.622591972351074,,,,,,,,,TURNING,,,,0,0,0.30000000000000004,0.30000000000000004,nan,nan,0.002,nan,nan,nan,nan,nan,nan,nan,nan,nan,nan,nan,nan,nan,nan,nan,nan,nan,nan,nan,nan,nan,nan,nan,nan,nan,nan,0.0,nan,nan,nan,nan,nan,nan,0.0,nan,nan,nan,nan,nan,nan,nan,nan,nan,nan,nan,nan,nan,nan,nan,nan,nan,-2.7006078665600706,nan,0,0,0,0,0,0,0,0,0,nan,nan,1.7430000305175781,nan,0,0,0,2.293337821960449,0.9914745688438416,2.4097738648202642,1.4702935218811035,inf,inf,inf,0.7707746028900146,9.799003601074219e-05,nan,nan,0.00030000000000000003,nan,nan,nan,nan,nan,nan,nan,nan,,0,0,0,0,0,0,0,0,0,,,,,,,,,,,,,,,,,,,,,,,,,,,,,,,,,,,,,,,,,,,,,,,,,,,,,,,,,,,,,,,,,,,,,,,,,,,,,,,,,,,,
1785741750.3856351,18.287856578826904,,,,,,,,,TURNING,,,,0,0,4.3,4.3,nan,nan,0.031,nan,nan,nan,nan,nan,nan,nan,nan,nan,nan,nan,nan,nan,nan,nan,nan,nan,nan,nan,nan,nan,nan,nan,nan,nan,nan,0.0,nan,nan,nan,nan,nan,nan,0.0,nan,nan,nan,nan,nan,nan,nan,nan,nan,nan,nan,nan,nan,nan,nan,nan,nan,-2.68571300143657,nan,0,0,0,0,0,0,0,0,0,nan,nan,1.7430000305175781,nan,0,0,0,2.293337821960449,0.9914745688438416,2.4097738648202642,8.535385131835938e-05,inf,inf,inf,1.4360384941101074,0.6653625965118408,nan,nan,0.0043,nan,nan,nan,nan,nan,nan,nan,nan,,0,0,0,0,0,0,0,0,0,,,,,,,,,,,,,,,,,,,,,,,,,,,,,,,,,,,,,,,,,,,,,,,,,,,,,,,,,,,,,,,,,,,,,,,,,,,,,,,,,,,,
1785741750.9312968,18.833518743515015,,,,,,,,,TURNING,,,,0,0,4.3,4.3,nan,nan,0.031,nan,nan,nan,nan,nan,nan,nan,nan,nan,nan,nan,nan,nan,nan,nan,nan,nan,nan,nan,nan,nan,nan,nan,nan,nan,nan,0.0,nan,nan,nan,nan,nan,nan,0.0,nan,nan,nan,nan,nan,nan,nan,nan,nan,nan,nan,nan,nan,nan,nan,nan,nan,-2.68571300143657,nan,0,0,0,0,0,0,0,0,0,nan,nan,1.7430000305175781,nan,0,0,0,2.293337821960449,0.9914745688438416,2.4097738648202642,0.545748233795166,inf,inf,inf,0.00015544891357421875,1.2110304832458496,nan,nan,0.0043,nan,nan,nan,nan,nan,nan,nan,nan,,0,0,0,0,0,0,0,0,0,,,,,,,,,,,,,,,,,,,,,,,,,,,,,,,,,,,,,,,,,,,,,,,,,,,,,,,,,,,,,,,,,,,,,,,,,,,,,,,,,,,,
1785741751.484101,19.386322498321533,,,,,,,,,TURNING,,,,0,0,4.3,4.3,nan,nan,0.031,nan,nan,nan,nan,nan,nan,nan,nan,nan,nan,nan,nan,nan,nan,nan,nan,nan,nan,nan,nan,nan,nan,nan,nan,nan,nan,0.0,nan,nan,nan,nan,nan,nan,0.0,nan,nan,nan,nan,nan,nan,nan,nan,nan,nan,nan,nan,nan,nan,nan,nan,nan,-2.68571300143657,nan,0,0,0,0,0,0,0,0,0,nan,nan,1.7419999837875366,nan,0,0,0,2.293337821960449,0.9914745688438416,2.4097738648202642,1.0985510349273682,inf,inf,inf,0.5529539585113525,8.344650268554688e-05,nan,nan,0.0043,nan,nan,nan,nan,nan,nan,nan,nan,,0,0,0,0,0,0,0,0,0,,,,,,,,,,,,,,,,,,,,,,,,,,,,,,,,,,,,,,,,,,,,,,,,,,,,,,,,,,,,,,,,,,,,,,,,,,,,,,,,,,,,
1785741752.098285,20.00050640106201,,,,,,,,,TURNING,,,,0,0,-0.4,-0.4,nan,nan,-0.003,nan,nan,nan,nan,nan,nan,nan,nan,nan,nan,nan,nan,nan,nan,nan,nan,nan,nan,nan,nan,nan,nan,nan,nan,nan,nan,0.0,nan,nan,nan,nan,nan,nan,0.0,nan,nan,nan,nan,nan,nan,nan,nan,nan,nan,nan,nan,nan,nan,nan,nan,nan,-2.5233116467154417,nan,0,0,0,0,0,0,0,0,0,nan,nan,1.7419999837875366,nan,0,0,0,2.293337821960449,0.9914745688438416,2.4097738648202642,6.937980651855469e-05,inf,inf,inf,1.167137622833252,0.614267110824585,nan,nan,-0.0004,nan,nan,nan,nan,nan,nan,nan,nan,,0,0,0,0,0,0,0,0,0,,,,,,,,,,,,,,,,,,,,,,,,,,,,,,,,,,,,,,,,,,,,,,,,,,,,,,,,,,,,,,,,,,,,,,,,,,,,,,,,,,,,
1785741752.6799753,20.582196712493896,,,,,,,,,TURNING,,,,0,0,-0.4,-0.4,nan,nan,-0.003,nan,nan,nan,nan,nan,nan,nan,nan,nan,nan,nan,nan,nan,nan,nan,nan,nan,nan,nan,nan,nan,nan,nan,nan,nan,nan,0.0,nan,nan,nan,nan,nan,nan,0.0,nan,nan,nan,nan,nan,nan,nan,nan,nan,nan,nan,nan,nan,nan,nan,nan,nan,-2.5233116467154417,nan,0,0,0,0,0,0,0,0,0,nan,nan,1.7419999837875366,nan,0,0,0,2.293337821960449,0.9914745688438416,2.4097738648202642,0.5817599296569824,inf,inf,inf,7.557868957519531e-05,1.1959574222564697,nan,nan,-0.0004,nan,nan,nan,nan,nan,nan,nan,nan,,0,0,0,0,0,0,0,0,0,,,,,,,,,,,,,,,,,,,,,,,,,,,,,,,,,,,,,,,,,,,,,,,,,,,,,,,,,,,,,,,,,,,,,,,,,,,,,,,,,,,,
1785741753.2011983,21.1034197807312,,,,,,,,,TURNING,,,,0,0,-0.4,-0.4,nan,nan,-0.003,nan,nan,nan,nan,nan,nan,nan,nan,nan,nan,nan,nan,nan,nan,nan,nan,nan,nan,nan,nan,nan,nan,nan,nan,nan,nan,0.0,nan,nan,nan,nan,nan,nan,0.0,nan,nan,nan,nan,nan,nan,nan,nan,nan,nan,nan,nan,nan,nan,nan,nan,nan,-2.5233116467154417,nan,0,0,0,0,0,0,0,0,0,nan,nan,1.746000051498413,nan,0,0,0,2.293337821960449,0.9914745688438416,2.4097738648202642,1.102982521057129,inf,inf,inf,0.521298885345459,7.82012939453125e-05,nan,nan,-0.0004,nan,nan,nan,nan,nan,nan,nan,nan,,0,0,0,0,0,0,0,0,0,,,,,,,,,,,,,,,,,,,,,,,,,,,,,,,,,,,,,,,,,,,,,,,,,,,,,,,,,,,,,,,,,,,,,,,,,,,,,,,,,,,,
1785741753.737095,21.63931655883789,,,,,,,,,TURNING,,,,0,0,1.5,1.5,nan,nan,0.011,nan,nan,nan,nan,nan,nan,nan,nan,nan,nan,nan,nan,nan,nan,nan,nan,nan,nan,nan,nan,nan,nan,nan,nan,nan,nan,0.0,nan,nan,nan,nan,nan,nan,0.0,nan,nan,nan,nan,nan,nan,nan,nan,nan,nan,nan,nan,nan,nan,nan,nan,nan,-2.571494195339841,nan,0,0,0,0,0,0,0,0,0,nan,nan,1.746000051498413,nan,0,0,0,2.293337821960449,0.9914745688438416,2.4097738648202642,6.628036499023438e-05,inf,inf,inf,1.0571951866149902,0.5359752178192139,nan,nan,0.0015,nan,nan,nan,nan,nan,nan,nan,nan,,0,0,0,0,0,0,0,0,0,,,,,,,,,,,,,,,,,,,,,,,,,,,,,,,,,,,,,,,,,,,,,,,,,,,,,,,,,,,,,,,,,,,,,,,,,,,,,,,,,,,,
1785741754.3234293,22.225651025772095,,,,,,,,,TURNING,,,,0,0,1.5,1.5,nan,nan,0.011,nan,nan,nan,nan,nan,nan,nan,nan,nan,nan,nan,nan,nan,nan,nan,nan,nan,nan,nan,nan,nan,nan,nan,nan,nan,nan,0.0,nan,nan,nan,nan,nan,nan,0.0,nan,nan,nan,nan,nan,nan,nan,nan,nan,nan,nan,nan,nan,nan,nan,nan,nan,-2.571494195339841,nan,0,0,0,0,0,0,0,0,0,nan,nan,1.746000051498413,nan,0,0,0,2.293337821960449,0.9914745688438416,2.4097738648202642,0.5864012241363525,inf,inf,inf,0.00015115737915039062,1.1223115921020508,nan,nan,0.0015,nan,nan,nan,nan,nan,nan,nan,nan,,0,0,0,0,0,0,0,0,0,,,,,,,,,,,,,,,,,,,,,,,,,,,,,,,,,,,,,,,,,,,,,,,,,,,,,,,,,,,,,,,,,,,,,,,,,,,,,,,,,,,,
1785741754.8295193,22.731740713119507,,,,,,,,,TURNING,,,,0,0,1.5,1.5,nan,nan,0.011,nan,nan,nan,nan,nan,nan,nan,nan,nan,nan,nan,nan,nan,nan,nan,nan,nan,nan,nan,nan,nan,nan,nan,nan,nan,nan,0.0,nan,nan,nan,nan,nan,nan,0.0,nan,nan,nan,nan,nan,nan,nan,nan,nan,nan,nan,nan,nan,nan,nan,nan,nan,-2.571494195339841,nan,0,0,0,0,0,0,0,0,0,nan,nan,1.7339999675750732,nan,0,0,0,2.293337821960449,0.9914745688438416,2.4097738648202642,1.0924906730651855,inf,inf,inf,0.5062398910522461,0.00011038780212402344,nan,nan,0.0015,nan,nan,nan,nan,nan,nan,nan,nan,,0,0,0,0,0,0,0,0,0,,,,,,,,,,,,,,,,,,,,,,,,,,,,,,,,,,,,,,,,,,,,,,,,,,,,,,,,,,,,,,,,,,,,,,,,,,,,,,,,,,,,
1785741755.3494906,23.25171208381653,,,,,,,,,TURNING,,,,0,0,-0.9,-0.9,nan,nan,-0.006,nan,nan,nan,nan,nan,nan,nan,nan,nan,nan,nan,nan,nan,nan,nan,nan,nan,nan,nan,nan,nan,nan,nan,nan,nan,nan,0.0,nan,nan,nan,nan,nan,nan,0.0,nan,nan,nan,nan,nan,nan,nan,nan,nan,nan,nan,nan,nan,nan,nan,nan,nan,-2.4691915460590295,nan,0,0,0,0,0,0,0,0,0,nan,nan,1.7339999675750732,nan,0,0,0,2.293337821960449,0.9914745688438416,2.4097738648202642,0.0001201629638671875,inf,inf,inf,1.0262155532836914,0.5200870037078857,nan,nan,-0.0009,nan,nan,nan,nan,nan,nan,nan,nan,,0,0,0,0,0,0,0,0,0,,,,,,,,,,,,,,,,,,,,,,,,,,,,,,,,,,,,,,,,,,,,,,,,,,,,,,,,,,,,,,,,,,,,,,,,,,,,,,,,,,,,
1785741755.9390333,23.841254711151123,,,,,,,,,TURNING,,,,0,0,-0.9,-0.9,nan,nan,-0.006,nan,nan,nan,nan,nan,nan,nan,nan,nan,nan,nan,nan,nan,nan,nan,nan,nan,nan,nan,nan,nan,nan,nan,nan,nan,0.13423913560801604,0.0,nan,nan,nan,nan,nan,-0.4445496656159232,0.0,0.13423913560801604,-0.4445496656159232,nan,nan,nan,nan,nan,nan,nan,nan,nan,nan,nan,nan,nan,nan,nan,-2.4691915460590295,nan,0,0,0,0,0,0,0,0,0,nan,nan,1.7339999675750732,nan,0,0,0,2.293337821960449,0.9914745688438416,2.4097738648202642,0.5896623134613037,inf,inf,0.00010967254638671875,1.6157546043395996,1.1096255779266357,nan,nan,-0.0009,nan,nan,nan,nan,nan,nan,nan,nan,,0,0,0,0,0,0,0,0,0,,,,,,,,,,,,,,,,,,,,,,,,,,,,,,,,,,,,,,,,,,,,,,,,,,,,,,,,,,,,,,,,,,,,,,,,,,,,,,,,,,,,
1785741756.4876196,24.389841079711914,,,,,,,,,TURNING,,,,0,0,-0.9,-0.9,nan,nan,-0.006,nan,nan,nan,nan,nan,nan,nan,nan,nan,nan,nan,nan,nan,nan,nan,nan,nan,nan,nan,nan,nan,nan,nan,nan,nan,0.13423913560801604,0.15950000286102295,nan,nan,nan,nan,nan,-0.4445496656159232,-0.3782608211040497,-0.025260867253006913,-0.0662888445118735,nan,nan,nan,nan,nan,nan,nan,nan,nan,nan,nan,nan,nan,nan,nan,-2.4691915460590295,nan,0,0,0,0,0,0,0,0,0,nan,nan,1.7339999675750732,nan,0,0,0,2.2433924674987793,1.0403040647506714,2.278864395997672,1.1382479667663574,inf,inf,0.5486950874328613,0.00011086463928222656,1.658210277557373,nan,nan,-0.0009,nan,nan,nan,nan,nan,nan,nan,nan,,0,0,0,0,0,0,0,0,0,,,,,,,,,,,,,,,,,,,,,,,,,,,,,,,,,,,,,,,,,,,,,,,,,,,,,,,,,,,,,,,,,,,,,,,,,,,,,,,,,,,,
1785741756.9965591,24.898780584335327,,,,,,,,,TURNING,,,,0,0,-0.9,-0.9,nan,nan,-0.006,nan,nan,nan,nan,nan,nan,nan,nan,nan,nan,nan,nan,nan,nan,nan,nan,nan,nan,nan,nan,nan,nan,nan,nan,nan,0.13423913560801604,0.15950000286102295,nan,nan,nan,nan,nan,-0.4445496656159232,-0.3782608211040497,-0.025260867253006913,-0.0662888445118735,nan,nan,nan,nan,nan,nan,nan,nan,nan,nan,nan,nan,nan,nan,nan,-2.4691915460590295,nan,0,0,0,0,0,0,0,0,0,nan,nan,2.802999973297119,nan,0,0,0,2.2433924674987793,1.0403040647506714,2.278864395997672,1.6471877098083496,inf,inf,1.0576348304748535,0.5090506076812744,0.00013303756713867188,nan,nan,-0.0009,nan,nan,nan,nan,nan,nan,nan,nan,,0,0,0,0,0,0,0,0,0,,,,,,,,,,,,,,,,,,,,,,,,,,,,,,,,,,,,,,,,,,,,,,,,,,,,,,,,,,,,,,,,,,,,,,,,,,,,,,,,,,,,
1785741757.5363505,25.43857192993164,v4,cascade_controller_v4,cascade_controller_v4_fast_smooth_true_cascade_pd_1_0,cascade_pd_tracking,follow_main,inner_wheel_pd,medium,,TURNING,UNKNOWN,UNKNOWN,DROPOUT,1,1,-4.4,-4.4,-4.371342738782063,0.0,-0.031,-0.0308003841763285,-0.0308003841763285,0.0,-0.022226890112546742,0.0,0.0,-0.02094426123990338,-0.006668067033764023,0.72,0.35,0.68,0.3,nan,nan,nan,nan,nan,1.0,0.4442802233375205,-0.39451424267869845,0.027612328273667403,1.12,0.1442866294437466,0.1442866294437466,0.1442920756781054,0.13423913560801604,0.1522499918937683,-0.4109301441336348,-0.4109301441336348,0.55,-0.4109301441336348,-0.3699149789785183,-0.4445496656159232,-0.44130435585975647,-0.018010856285752275,-0.0032453097561667144,0.17202441417276695,0.17720733048199008,0.17203569910149427,0.11654884471472624,0.12120065495630575,0.11654845225471652,0.0,0.0,0.0028212321818303775,-9.811500242674438e-05,1.128492872732151e-05,-3.924600097069775e-07,12.148407116573678,1.0,0.0,-2.278523850484021,0.4508957170117081,0,0,0,0,0,0,0,0,0,nan,nan,2.7339999675750732,1.0,0,0,0,2.1584084033966064,1.205845594406128,2.278864395997672,2.1869802474975586,9.059906005859375e-05,inf,1.597428560256958,1.0488450527191162,0.5399279594421387,0.07836688899988076,0.013959703999944395,-0.0044,-0.004371342738782064,0.0,nan,nan,nan,nan,0.14920399271914792,-0.41486426315321734,lidar_disabled,1,1,1,1,1,0,1,1,1,cascade_controller_v4,cascade_controller_v4_fast_smooth_true_cascade_pd_1_0,cascade_pd_tracking,follow_main,inner_wheel_pd,True,True,False,"[""cascade_controller_v4""]",False,UNKNOWN,UNKNOWN,DROPOUT,TURNING,True,ok,1.0,12.148407116573678,0.07836688899988076,0.013959703999944395,-4.4,-0.031,-2.278523850484021,0.0,-0.004371342738782064,-4.371342738782063,-0.0308003841763285,0.0,0.0,-0.0308003841763285,0.0,-0.022226890112546742,0.72,0.35,0.68,0.3,0.0,0.0,-0.02094426123990338,-0.006668067033764023,-0.4109301441336348,-0.4109301441336348,-0.4109301441336348,0.1442866294437466,0.1442866294437466,0.4442802233375205,medium,1.12,1.0,-0.39451424267869845,0.027612328273667403,0.55,0.4508957170117081,0.1442866294437466,-0.4109301441336348,0.17202441417276695,0.11654884471472624,0.17202441417276695,0.11654884471472624,0.17720733048199008,0.12120065495630575,0.17720733048199008,0.12120065495630575,0.0,0.0,0.0028212321818303775,-9.811500242674438e-05,1.128492872732151e-05,-3.924600097069775e-07,0.17203569910149427,0.11654845225471652,0.1442920756781054,-0.3699149789785183,0.1522499918937683,-0.44130435585975647,0.14920399271914792,-0.41486426315321734,2.1584084033966064,1.205845594406128,2.7339999675750732,lidar_disabled,1.0,False,1852.0323783
1785741758.0788982,25.981119871139526,v4,cascade_controller_v4,cascade_controller_v4_fast_smooth_true_cascade_pd_1_0,cascade_pd_tracking,follow_main,inner_wheel_pd,medium,,TURNING,UNKNOWN,UNKNOWN,DROPOUT,1,1,-4.4,-4.4,-4.371342738782063,0.0,-0.031,-0.0308003841763285,-0.0308003841763285,0.0,-0.022226890112546742,0.0,0.0,-0.02094426123990338,-0.006668067033764023,0.72,0.35,0.68,0.3,nan,nan,nan,nan,nan,1.0,0.4442802233375205,-0.39451424267869845,0.027612328273667403,1.12,0.1442866294437466,0.1442866294437466,0.1442920756781054,0.13423913560801604,0.1522499918937683,-0.4109301441336348,-0.4109301441336348,0.55,-0.4109301441336348,-0.3699149789785183,-0.4445496656159232,-0.44130435585975647,-0.018010856285752275,-0.0032453097561667144,0.17202441417276695,0.17720733048199008,0.17203569910149427,0.11654884471472624,0.12120065495630575,0.11654845225471652,0.0,0.0,0.0028212321818303775,-9.811500242674438e-05,1.128492872732151e-05,-3.924600097069775e-07,12.148407116573678,1.0,0.0,-2.278523850484021,0.4508957170117081,0,0,0,0,0,0,0,0,0,nan,nan,2.7339999675750732,1.0,0,0,0,2.1584084033966064,1.205845594406128,2.278864395997672,2.729527711868286,0.5426383018493652,0.0001304149627685547,2.1399753093719482,1.5913915634155273,1.0824744701385498,0.07836688899988076,0.013959703999944395,-0.0044,-0.004371342738782064,0.0,nan,nan,nan,nan,0.14920399271914792,-0.41486426315321734,lidar_disabled,1,1,1,1,1,0,1,1,1,cascade_controller_v4,cascade_controller_v4_fast_smooth_true_cascade_pd_1_0,cascade_pd_tracking,follow_main,inner_wheel_pd,True,True,False,"[""cascade_controller_v4""]",False,UNKNOWN,UNKNOWN,DROPOUT,TURNING,True,ok,1.0,12.148407116573678,0.07836688899988076,0.013959703999944395,-4.4,-0.031,-2.278523850484021,0.0,-0.004371342738782064,-4.371342738782063,-0.0308003841763285,0.0,0.0,-0.0308003841763285,0.0,-0.022226890112546742,0.72,0.35,0.68,0.3,0.0,0.0,-0.02094426123990338,-0.006668067033764023,-0.4109301441336348,-0.4109301441336348,-0.4109301441336348,0.1442866294437466,0.1442866294437466,0.4442802233375205,medium,1.12,1.0,-0.39451424267869845,0.027612328273667403,0.55,0.4508957170117081,0.1442866294437466,-0.4109301441336348,0.17202441417276695,0.11654884471472624,0.17202441417276695,0.11654884471472624,0.17720733048199008,0.12120065495630575,0.17720733048199008,0.12120065495630575,0.0,0.0,0.0028212321818303775,-9.811500242674438e-05,1.128492872732151e-05,-3.924600097069775e-07,0.17203569910149427,0.11654845225471652,0.1442920756781054,-0.3699149789785183,0.1522499918937683,-0.44130435585975647,0.14920399271914792,-0.41486426315321734,2.1584084033966064,1.205845594406128,2.7339999675750732,lidar_disabled,1.0,False,1852.0323783
1785741758.6848311,26.587052583694458,v4,cascade_controller_v4,cascade_controller_v4_fast_smooth_true_cascade_pd_1_0,cascade_pd_tracking,follow_main,inner_wheel_pd,medium,,TURNING,UNKNOWN,UNKNOWN,DROPOUT,1,1,-4.4,-4.4,-4.371342738782063,0.0,-0.031,-0.0308003841763285,-0.0308003841763285,0.0,-0.022226890112546742,0.0,0.0,-0.02094426123990338,-0.006668067033764023,0.72,0.35,0.68,0.3,nan,nan,nan,nan,nan,1.0,0.4442802233375205,-0.39451424267869845,0.027612328273667403,1.12,0.1442866294437466,0.1442866294437466,0.1442920756781054,0.13423913560801604,0.1522499918937683,-0.4109301441336348,-0.4109301441336348,0.55,-0.4109301441336348,-0.3699149789785183,-0.4445496656159232,-0.44130435585975647,-0.018010856285752275,-0.0032453097561667144,0.17202441417276695,0.17720733048199008,0.17203569910149427,0.11654884471472624,0.12120065495630575,0.11654845225471652,0.0,0.0,0.0028212321818303775,-9.811500242674438e-05,1.128492872732151e-05,-3.924600097069775e-07,12.148407116573678,1.0,0.0,-2.278523850484021,0.4508957170117081,0,0,0,0,0,0,0,0,0,nan,nan,2.7339999675750732,1.0,0,0,0,2.1584084033966064,1.205845594406128,2.278864395997672,8.559226989746094e-05,1.1485702991485596,0.6060624122619629,2.7459068298339844,2.1973228454589844,1.6884055137634277,0.07836688899988076,0.013959703999944395,-0.0044,-0.004371342738782064,0.0,nan,nan,nan,nan,0.14920399271914792,-0.41486426315321734,lidar_disabled,1,1,1,1,1,0,1,1,1,cascade_controller_v4,cascade_controller_v4_fast_smooth_true_cascade_pd_1_0,cascade_pd_tracking,follow_main,inner_wheel_pd,True,True,False,"[""cascade_controller_v4""]",False,UNKNOWN,UNKNOWN,DROPOUT,TURNING,True,ok,1.0,12.148407116573678,0.07836688899988076,0.013959703999944395,-4.4,-0.031,-2.278523850484021,0.0,-0.004371342738782064,-4.371342738782063,-0.0308003841763285,0.0,0.0,-0.0308003841763285,0.0,-0.022226890112546742,0.72,0.35,0.68,0.3,0.0,0.0,-0.02094426123990338,-0.006668067033764023,-0.4109301441336348,-0.4109301441336348,-0.4109301441336348,0.1442866294437466,0.1442866294437466,0.4442802233375205,medium,1.12,1.0,-0.39451424267869845,0.027612328273667403,0.55,0.4508957170117081,0.1442866294437466,-0.4109301441336348,0.17202441417276695,0.11654884471472624,0.17202441417276695,0.11654884471472624,0.17720733048199008,0.12120065495630575,0.17720733048199008,0.12120065495630575,0.0,0.0,0.0028212321818303775,-9.811500242674438e-05,1.128492872732151e-05,-3.924600097069775e-07,0.17203569910149427,0.11654845225471652,0.1442920756781054,-0.3699149789785183,0.1522499918937683,-0.44130435585975647,0.14920399271914792,-0.41486426315321734,2.1584084033966064,1.205845594406128,2.7339999675750732,lidar_disabled,1.0,False,1852.0323783
1785741759.3629842,27.26520562171936,v4,cascade_controller_v4,cascade_controller_v4_fast_smooth_true_cascade_pd_1_0,cascade_pd_tracking,follow_main,inner_wheel_pd,medium,,TURNING,UNKNOWN,UNKNOWN,DROPOUT,1,1,-4.4,-4.4,-4.371342738782063,0.0,-0.031,-0.0308003841763285,-0.0308003841763285,0.0,-0.022226890112546742,0.0,0.0,-0.02094426123990338,-0.006668067033764023,0.72,0.35,0.68,0.3,nan,nan,nan,nan,nan,1.0,0.4442802233375205,-0.39451424267869845,0.027612328273667403,1.12,0.1442866294437466,0.1442866294437466,0.1442920756781054,0.17863277569799746,0.1522499918937683,-0.4109301441336348,-0.4109301441336348,0.55,-0.4109301441336348,-0.3699149789785183,-0.011923824355355437,-0.44130435585975647,0.02638278380422915,0.42938053150440103,0.17202441417276695,0.17720733048199008,0.17203569910149427,0.11654884471472624,0.12120065495630575,0.11654845225471652,0.0,0.0,0.0028212321818303775,-9.811500242674438e-05,1.128492872732151e-05,-3.924600097069775e-07,12.148407116573678,1.0,0.0,-2.278523850484021,0.4508957170117081,0,0,0,0,0,0,0,0,0,nan,nan,2.7339999675750732,1.0,0,0,0,2.1584084033966064,1.205845594406128,2.278864395997672,0.6782388687133789,1.8267238140106201,1.2842156887054443,8.463859558105469e-05,2.875476360321045,2.3665590286254883,0.07836688899988076,0.013959703999944395,-0.0044,-0.004371342738782064,0.0,nan,nan,nan,nan,0.14920399271914792,-0.41486426315321734,lidar_disabled,1,1,1,1,1,0,1,1,1,cascade_controller_v4,cascade_controller_v4_fast_smooth_true_cascade_pd_1_0,cascade_pd_tracking,follow_main,inner_wheel_pd,True,True,False,"[""cascade_controller_v4""]",False,UNKNOWN,UNKNOWN,DROPOUT,TURNING,True,ok,1.0,12.148407116573678,0.07836688899988076,0.013959703999944395,-4.4,-0.031,-2.278523850484021,0.0,-0.004371342738782064,-4.371342738782063,-0.0308003841763285,0.0,0.0,-0.0308003841763285,0.0,-0.022226890112546742,0.72,0.35,0.68,0.3,0.0,0.0,-0.02094426123990338,-0.006668067033764023,-0.4109301441336348,-0.4109301441336348,-0.4109301441336348,0.1442866294437466,0.1442866294437466,0.4442802233375205,medium,1.12,1.0,-0.39451424267869845,0.027612328273667403,0.55,0.4508957170117081,0.1442866294437466,-0.4109301441336348,0.17202441417276695,0.11654884471472624,0.17202441417276695,0.11654884471472624,0.17720733048199008,0.12120065495630575,0.17720733048199008,0.12120065495630575,0.0,0.0,0.0028212321818303775,-9.811500242674438e-05,1.128492872732151e-05,-3.924600097069775e-07,0.17203569910149427,0.11654845225471652,0.1442920756781054,-0.3699149789785183,0.1522499918937683,-0.44130435585975647,0.14920399271914792,-0.41486426315321734,2.1584084033966064,1.205845594406128,2.7339999675750732,lidar_disabled,1.0,False,1852.0323783
1785741760.1951315,28.09735345840454,v4,cascade_controller_v4,cascade_controller_v4_fast_smooth_true_cascade_pd_1_0,cascade_pd_tracking,follow_main,inner_wheel_pd,medium,,TURNING,UNKNOWN,UNKNOWN,DROPOUT,1,1,-4.4,-4.4,-4.371342738782063,0.0,-0.031,-0.0308003841763285,-0.0308003841763285,0.0,-0.022226890112546742,0.0,0.0,-0.02094426123990338,-0.006668067033764023,0.72,0.35,0.68,0.3,nan,nan,nan,nan,nan,1.0,0.4442802233375205,-0.39451424267869845,0.027612328273667403,1.12,0.1442866294437466,0.1442866294437466,0.1442920756781054,0.17863277569799746,0.1522499918937683,-0.4109301441336348,-0.4109301441336348,0.55,-0.4109301441336348,-0.3699149789785183,-0.011923824355355437,-0.44130435585975647,0.02638278380422915,0.42938053150440103,0.17202441417276695,0.17720733048199008,0.17203569910149427,0.11654884471472624,0.12120065495630575,0.11654845225471652,0.0,0.0,0.0028212321818303775,-9.811500242674438e-05,1.128492872732151e-05,-3.924600097069775e-07,12.148407116573678,1.0,0.0,-2.278523850484021,0.4508957170117081,0,0,0,0,0,0,0,0,0,nan,nan,2.7339999675750732,1.0,0,0,0,2.1584084033966064,1.205845594406128,1.2487021291435212,1.5103869438171387,2.65887188911438,2.1163642406463623,0.8322329521179199,0.00015044212341308594,3.1987082958221436,0.07836688899988076,0.013959703999944395,-0.0044,-0.004371342738782064,0.0,nan,nan,nan,nan,0.14920399271914792,-0.41486426315321734,lidar_disabled,1,1,1,1,1,0,1,1,1,cascade_controller_v4,cascade_controller_v4_fast_smooth_true_cascade_pd_1_0,cascade_pd_tracking,follow_main,inner_wheel_pd,True,True,False,"[""cascade_controller_v4""]",False,UNKNOWN,UNKNOWN,DROPOUT,TURNING,True,ok,1.0,12.148407116573678,0.07836688899988076,0.013959703999944395,-4.4,-0.031,-2.278523850484021,0.0,-0.004371342738782064,-4.371342738782063,-0.0308003841763285,0.0,0.0,-0.0308003841763285,0.0,-0.022226890112546742,0.72,0.35,0.68,0.3,0.0,0.0,-0.02094426123990338,-0.006668067033764023,-0.4109301441336348,-0.4109301441336348,-0.4109301441336348,0.1442866294437466,0.1442866294437466,0.4442802233375205,medium,1.12,1.0,-0.39451424267869845,0.027612328273667403,0.55,0.4508957170117081,0.1442866294437466,-0.4109301441336348,0.17202441417276695,0.11654884471472624,0.17202441417276695,0.11654884471472624,0.17720733048199008,0.12120065495630575,0.17720733048199008,0.12120065495630575,0.0,0.0,0.0028212321818303775,-9.811500242674438e-05,1.128492872732151e-05,-3.924600097069775e-07,0.17203569910149427,0.11654845225471652,0.1442920756781054,-0.3699149789785183,0.1522499918937683,-0.44130435585975647,0.14920399271914792,-0.41486426315321734,2.1584084033966064,1.205845594406128,2.7339999675750732,lidar_disabled,1.0,False,1852.0323783
1785741761.1129744,29.015196084976196,v4,cascade_controller_v4,cascade_controller_v4_fast_smooth_true_cascade_pd_1_0,cascade_pd_tracking,follow_main,inner_wheel_pd,medium,,TURNING,UNKNOWN,UNKNOWN,DROPOUT,1,1,-4.4,-4.4,-4.371342738782063,0.0,-0.031,-0.0308003841763285,-0.0308003841763285,0.0,-0.022226890112546742,0.0,0.0,-0.02094426123990338,-0.006668067033764023,0.72,0.35,0.68,0.3,nan,nan,nan,nan,nan,1.0,0.4442802233375205,-0.39451424267869845,0.027612328273667403,1.12,0.1442866294437466,0.1442866294437466,0.1442920756781054,0.17863277569799746,0.1522499918937683,-0.4109301441336348,-0.4109301441336348,0.55,-0.4109301441336348,-0.3699149789785183,-0.011923824355355437,-0.44130435585975647,0.02638278380422915,0.42938053150440103,0.17202441417276695,0.17720733048199008,0.17203569910149427,0.11654884471472624,0.12120065495630575,0.11654845225471652,0.0,0.0,0.0028212321818303775,-9.811500242674438e-05,1.128492872732151e-05,-3.924600097069775e-07,12.148407116573678,1.0,0.0,-2.278523850484021,0.4508957170117081,0,0,0,0,0,0,0,0,0,nan,nan,2.7339999675750732,1.0,0,0,0,2.1584084033966064,1.205845594406128,1.2487021291435212,2.428229331970215,3.576714038848877,3.0342061519622803,1.750075101852417,0.917992115020752,0.00015282630920410156,0.07836688899988076,0.013959703999944395,-0.0044,-0.004371342738782064,0.0,nan,nan,nan,nan,0.14920399271914792,-0.41486426315321734,lidar_disabled,1,1,1,1,1,0,1,1,1,cascade_controller_v4,cascade_controller_v4_fast_smooth_true_cascade_pd_1_0,cascade_pd_tracking,follow_main,inner_wheel_pd,True,True,False,"[""cascade_controller_v4""]",False,UNKNOWN,UNKNOWN,DROPOUT,TURNING,True,ok,1.0,12.148407116573678,0.07836688899988076,0.013959703999944395,-4.4,-0.031,-2.278523850484021,0.0,-0.004371342738782064,-4.371342738782063,-0.0308003841763285,0.0,0.0,-0.0308003841763285,0.0,-0.022226890112546742,0.72,0.35,0.68,0.3,0.0,0.0,-0.02094426123990338,-0.006668067033764023,-0.4109301441336348,-0.4109301441336348,-0.4109301441336348,0.1442866294437466,0.1442866294437466,0.4442802233375205,medium,1.12,1.0,-0.39451424267869845,0.027612328273667403,0.55,0.4508957170117081,0.1442866294437466,-0.4109301441336348,0.17202441417276695,0.11654884471472624,0.17202441417276695,0.11654884471472624,0.17720733048199008,0.12120065495630575,0.17720733048199008,0.12120065495630575,0.0,0.0,0.0028212321818303775,-9.811500242674438e-05,1.128492872732151e-05,-3.924600097069775e-07,0.17203569910149427,0.11654845225471652,0.1442920756781054,-0.3699149789785183,0.1522499918937683,-0.44130435585975647,0.14920399271914792,-0.41486426315321734,2.1584084033966064,1.205845594406128,2.7339999675750732,lidar_disabled,1.0,False,1852.0323783
1785741761.9117527,29.813973903656006,v4,cascade_controller_v4,cascade_controller_v4_fast_smooth_true_cascade_pd_1_0,cascade_pd_tracking,follow_main,inner_wheel_pd,medium,,TURNING,UNKNOWN,UNKNOWN,DROPOUT,1,1,0.0,0.0,-0.35573819750745256,0.0,0.0,-0.004195677072381508,0.0,0.018467871561417583,0.17548089582810975,0.0,0.006463755046496154,0.0,0.05264426874843292,0.72,0.35,0.68,0.3,nan,nan,nan,nan,nan,1.0,0.3966213701915884,0.00039622986474141693,-0.05910802379492908,1.12,0.15222977163473528,0.15222977163473528,0.16315472476023252,0.17863277569799746,0.101500004529953,-0.06575720920181019,-0.06575720920181019,0.55,0.0261224434007562,-0.03234057149538302,-0.011923824355355437,0.18913042545318604,0.07713277116804446,-0.20105424980854147,0.15046650670518424,0.0850277424834649,0.16558026762238626,0.1539930365642863,0.12671788224500677,0.1607291818980788,0.06543876422171935,0.027275154319279543,0.1793081971059422,0.18390284588774744,0.015113760917202025,0.006736145333792489,13.3196296447027,1.0,0.0,0.0,0.47571803635854776,0,0,0,0,0,0,0,0,0,nan,nan,2.2899999618530273,1.0,0,0,0,2.160106897354126,1.704293131828308,1.2487021291435212,3.227006196975708,8.0108642578125e-05,3.8329827785491943,2.548851490020752,1.7167680263519287,0.7989292144775391,0.06925637100016502,0.07574738900007105,0.0,-0.00035573819750745253,0.0,nan,nan,nan,nan,0.10587281236423583,0.30881585008549545,lidar_disabled,1,1,1,1,1,0,1,1,1,cascade_controller_v4,cascade_controller_v4_fast_smooth_true_cascade_pd_1_0,cascade_pd_tracking,follow_main,inner_wheel_pd,True,True,False,"[""cascade_controller_v4""]",False,UNKNOWN,UNKNOWN,DROPOUT,TURNING,True,ok,1.0,13.3196296447027,0.06925637100016502,0.07574738900007105,0.0,0.0,0.0,0.0,-0.00035573819750745253,-0.35573819750745256,-0.004195677072381508,0.0,0.0,0.0,0.018467871561417583,0.17548089582810975,0.72,0.35,0.68,0.3,0.0,0.006463755046496154,0.0,0.05264426874843292,-0.06575720920181019,-0.06575720920181019,-0.06575720920181019,0.15222977163473528,0.15222977163473528,0.3966213701915884,medium,1.12,1.0,0.00039622986474141693,-0.05910802379492908,0.55,0.47571803635854776,0.15222977163473528,0.0261224434007562,0.15046650670518424,0.1539930365642863,0.15046650670518424,0.1539930365642863,0.0850277424834649,0.12671788224500677,0.0850277424834649,0.12671788224500677,0.06543876422171935,0.027275154319279543,0.1793081971059422,0.18390284588774744,0.015113760917202025,0.006736145333792489,0.16558026762238626,0.1607291818980788,0.16315472476023252,-0.03234057149538302,0.101500004529953,0.18913042545318604,0.10587281236423583,0.30881585008549545,2.160106897354126,1.704293131828308,2.2899999618530273,lidar_disabled,1.0,False,1856.571177705
1785741762.6698823,30.57210397720337,v4,cascade_controller_v4,cascade_controller_v4_fast_smooth_true_cascade_pd_1_0,cascade_pd_tracking,follow_main,inner_wheel_pd,medium,,TURNING,UNKNOWN,UNKNOWN,DROPOUT,1,1,0.0,0.0,-0.35573819750745256,0.0,0.0,-0.004195677072381508,0.0,0.018467871561417583,0.17548089582810975,0.0,0.006463755046496154,0.0,0.05264426874843292,0.72,0.35,0.68,0.3,nan,nan,nan,nan,nan,1.0,0.3966213701915884,0.00039622986474141693,-0.05910802379492908,1.12,0.15222977163473528,0.15222977163473528,0.16315472476023252,0.17863277569799746,0.101500004529953,-0.06575720920181019,-0.06575720920181019,0.55,0.0261224434007562,-0.03234057149538302,-0.011923824355355437,0.18913042545318604,0.07713277116804446,-0.20105424980854147,0.15046650670518424,0.0850277424834649,0.16558026762238626,0.1539930365642863,0.12671788224500677,0.1607291818980788,0.06543876422171935,0.027275154319279543,0.1793081971059422,0.18390284588774744,0.015113760917202025,0.006736145333792489,13.3196296447027,1.0,0.0,0.0,0.47571803635854776,0,0,0,0,0,0,0,0,0,nan,nan,2.2899999618530273,1.0,0,0,0,2.160106897354126,1.704293131828308,1.2487021291435212,3.985137462615967,0.7582118511199951,9.560585021972656e-05,3.3069839477539062,2.4749011993408203,1.5570621490478516,0.06925637100016502,0.07574738900007105,0.0,-0.00035573819750745253,0.0,nan,nan,nan,nan,0.10587281236423583,0.30881585008549545,lidar_disabled,1,1,1,1,1,0,1,1,1,cascade_controller_v4,cascade_controller_v4_fast_smooth_true_cascade_pd_1_0,cascade_pd_tracking,follow_main,inner_wheel_pd,True,True,False,"[""cascade_controller_v4""]",False,UNKNOWN,UNKNOWN,DROPOUT,TURNING,True,ok,1.0,13.3196296447027,0.06925637100016502,0.07574738900007105,0.0,0.0,0.0,0.0,-0.00035573819750745253,-0.35573819750745256,-0.004195677072381508,0.0,0.0,0.0,0.018467871561417583,0.17548089582810975,0.72,0.35,0.68,0.3,0.0,0.006463755046496154,0.0,0.05264426874843292,-0.06575720920181019,-0.06575720920181019,-0.06575720920181019,0.15222977163473528,0.15222977163473528,0.3966213701915884,medium,1.12,1.0,0.00039622986474141693,-0.05910802379492908,0.55,0.47571803635854776,0.15222977163473528,0.0261224434007562,0.15046650670518424,0.1539930365642863,0.15046650670518424,0.1539930365642863,0.0850277424834649,0.12671788224500677,0.0850277424834649,0.12671788224500677,0.06543876422171935,0.027275154319279543,0.1793081971059422,0.18390284588774744,0.015113760917202025,0.006736145333792489,0.16558026762238626,0.1607291818980788,0.16315472476023252,-0.03234057149538302,0.101500004529953,0.18913042545318604,0.10587281236423583,0.30881585008549545,2.160106897354126,1.704293131828308,2.2899999618530273,lidar_disabled,1.0,False,1856.571177705
1785741763.263264,31.165485382080078,v4,cascade_controller_v4,cascade_controller_v4_fast_smooth_true_cascade_pd_1_0,cascade_pd_tracking,follow_main,inner_wheel_pd,medium,,TURNING,UNKNOWN,UNKNOWN,DROPOUT,1,1,0.0,0.0,-0.35573819750745256,0.0,0.0,-0.004195677072381508,0.0,0.018467871561417583,0.17548089582810975,0.0,0.006463755046496154,0.0,0.05264426874843292,0.72,0.35,0.68,0.3,nan,nan,nan,nan,nan,1.0,0.3966213701915884,0.00039622986474141693,-0.05910802379492908,1.12,0.15222977163473528,0.15222977163473528,0.16315472476023252,0.17863277569799746,0.101500004529953,-0.06575720920181019,-0.06575720920181019,0.55,0.0261224434007562,-0.03234057149538302,-0.011923824355355437,0.18913042545318604,0.07713277116804446,-0.20105424980854147,0.15046650670518424,0.0850277424834649,0.16558026762238626,0.1539930365642863,0.12671788224500677,0.1607291818980788,0.06543876422171935,0.027275154319279543,0.1793081971059422,0.18390284588774744,0.015113760917202025,0.006736145333792489,13.3196296447027,1.0,0.0,0.0,0.47571803635854776,0,0,0,0,0,0,0,0,0,nan,nan,2.2899999618530273,1.0,0,0,0,2.160106897354126,1.704293131828308,1.2487021291435212,7.176399230957031e-05,1.3515925407409668,0.5934765338897705,3.900364398956299,3.0682811737060547,2.150442123413086,0.06925637100016502,0.07574738900007105,0.0,-0.00035573819750745253,0.0,nan,nan,nan,nan,0.10587281236423583,0.30881585008549545,lidar_disabled,1,1,1,1,1,0,1,1,1,cascade_controller_v4,cascade_controller_v4_fast_smooth_true_cascade_pd_1_0,cascade_pd_tracking,follow_main,inner_wheel_pd,True,True,False,"[""cascade_controller_v4""]",False,UNKNOWN,UNKNOWN,DROPOUT,TURNING,True,ok,1.0,13.3196296447027,0.06925637100016502,0.07574738900007105,0.0,0.0,0.0,0.0,-0.00035573819750745253,-0.35573819750745256,-0.004195677072381508,0.0,0.0,0.0,0.018467871561417583,0.17548089582810975,0.72,0.35,0.68,0.3,0.0,0.006463755046496154,0.0,0.05264426874843292,-0.06575720920181019,-0.06575720920181019,-0.06575720920181019,0.15222977163473528,0.15222977163473528,0.3966213701915884,medium,1.12,1.0,0.00039622986474141693,-0.05910802379492908,0.55,0.47571803635854776,0.15222977163473528,0.0261224434007562,0.15046650670518424,0.1539930365642863,0.15046650670518424,0.1539930365642863,0.0850277424834649,0.12671788224500677,0.0850277424834649,0.12671788224500677,0.06543876422171935,0.027275154319279543,0.1793081971059422,0.18390284588774744,0.015113760917202025,0.006736145333792489,0.16558026762238626,0.1607291818980788,0.16315472476023252,-0.03234057149538302,0.101500004529953,0.18913042545318604,0.10587281236423583,0.30881585008549545,2.160106897354126,1.704293131828308,2.2899999618530273,lidar_disabled,1.0,False,1856.571177705
1785741763.9154856,31.817707300186157,v4,cascade_controller_v4,cascade_controller_v4_fast_smooth_true_cascade_pd_1_0,cascade_pd_tracking,follow_main,inner_wheel_pd,medium,,TURNING,UNKNOWN,UNKNOWN,DROPOUT,1,1,0.0,0.0,-0.35573819750745256,0.0,0.0,-0.004195677072381508,0.0,0.018467871561417583,0.17548089582810975,0.0,0.006463755046496154,0.0,0.05264426874843292,0.72,0.35,0.68,0.3,nan,nan,nan,nan,nan,1.0,0.3966213701915884,0.00039622986474141693,-0.05910802379492908,1.12,0.15222977163473528,0.15222977163473528,0.16315472476023252,0.10859299019711996,0.101500004529953,-0.06575720920181019,-0.06575720920181019,0.55,0.0261224434007562,-0.03234057149538302,-0.7533557438656778,0.18913042545318604,0.007092985667166957,-0.9424861693188639,0.15046650670518424,0.0850277424834649,0.16558026762238626,0.1539930365642863,0.12671788224500677,0.1607291818980788,0.06543876422171935,0.027275154319279543,0.1793081971059422,0.18390284588774744,0.015113760917202025,0.006736145333792489,13.3196296447027,1.0,0.0,0.0,0.47571803635854776,0,0,0,0,0,0,0,0,0,nan,nan,2.2899999618530273,1.0,0,0,0,2.160106897354126,1.704293131828308,1.2487021291435212,0.6522941589355469,2.0038161277770996,1.2457001209259033,0.00010991096496582031,3.720506191253662,2.8026676177978516,0.06925637100016502,0.07574738900007105,0.0,-0.00035573819750745253,0.0,nan,nan,nan,nan,0.10587281236423583,0.30881585008549545,lidar_disabled,1,1,1,1,1,0,1,1,1,cascade_controller_v4,cascade_controller_v4_fast_smooth_true_cascade_pd_1_0,cascade_pd_tracking,follow_main,inner_wheel_pd,True,True,False,"[""cascade_controller_v4""]",False,UNKNOWN,UNKNOWN,DROPOUT,TURNING,True,ok,1.0,13.3196296447027,0.06925637100016502,0.07574738900007105,0.0,0.0,0.0,0.0,-0.00035573819750745253,-0.35573819750745256,-0.004195677072381508,0.0,0.0,0.0,0.018467871561417583,0.17548089582810975,0.72,0.35,0.68,0.3,0.0,0.006463755046496154,0.0,0.05264426874843292,-0.06575720920181019,-0.06575720920181019,-0.06575720920181019,0.15222977163473528,0.15222977163473528,0.3966213701915884,medium,1.12,1.0,0.00039622986474141693,-0.05910802379492908,0.55,0.47571803635854776,0.15222977163473528,0.0261224434007562,0.15046650670518424,0.1539930365642863,0.15046650670518424,0.1539930365642863,0.0850277424834649,0.12671788224500677,0.0850277424834649,0.12671788224500677,0.06543876422171935,0.027275154319279543,0.1793081971059422,0.18390284588774744,0.015113760917202025,0.006736145333792489,0.16558026762238626,0.1607291818980788,0.16315472476023252,-0.03234057149538302,0.101500004529953,0.18913042545318604,0.10587281236423583,0.30881585008549545,2.160106897354126,1.704293131828308,2.2899999618530273,lidar_disabled,1.0,False,1856.571177705
1785741764.5239472,32.42616891860962,v4,cascade_controller_v4,cascade_controller_v4_fast_smooth_true_cascade_pd_1_0,cascade_pd_tracking,follow_main,inner_wheel_pd,medium,,TURNING,UNKNOWN,UNKNOWN,DROPOUT,1,1,0.0,0.0,-0.35573819750745256,0.0,0.0,-0.004195677072381508,0.0,0.018467871561417583,0.17548089582810975,0.0,0.006463755046496154,0.0,0.05264426874843292,0.72,0.35,0.68,0.3,nan,nan,nan,nan,nan,1.0,0.3966213701915884,0.00039622986474141693,-0.05910802379492908,1.12,0.15222977163473528,0.15222977163473528,0.16315472476023252,0.10859299019711996,0.101500004529953,-0.06575720920181019,-0.06575720920181019,0.55,0.0261224434007562,-0.03234057149538302,-0.7533557438656778,0.18913042545318604,0.007092985667166957,-0.9424861693188639,0.15046650670518424,0.0850277424834649,0.16558026762238626,0.1539930365642863,0.12671788224500677,0.1607291818980788,0.06543876422171935,0.027275154319279543,0.1793081971059422,0.18390284588774744,0.015113760917202025,0.006736145333792489,13.3196296447027,1.0,0.0,0.0,0.47571803635854776,0,0,0,0,0,0,0,0,0,nan,nan,2.2899999618530273,1.0,0,0,0,2.160106897354126,1.704293131828308,2.5124397219859453,1.2607543468475342,2.6122751235961914,1.854158878326416,0.608567476272583,7.152557373046875e-05,3.4111242294311523,0.06925637100016502,0.07574738900007105,0.0,-0.00035573819750745253,0.0,nan,nan,nan,nan,0.10587281236423583,0.30881585008549545,lidar_disabled,1,1,1,1,1,0,1,1,1,cascade_controller_v4,cascade_controller_v4_fast_smooth_true_cascade_pd_1_0,cascade_pd_tracking,follow_main,inner_wheel_pd,True,True,False,"[""cascade_controller_v4""]",False,UNKNOWN,UNKNOWN,DROPOUT,TURNING,True,ok,1.0,13.3196296447027,0.06925637100016502,0.07574738900007105,0.0,0.0,0.0,0.0,-0.00035573819750745253,-0.35573819750745256,-0.004195677072381508,0.0,0.0,0.0,0.018467871561417583,0.17548089582810975,0.72,0.35,0.68,0.3,0.0,0.006463755046496154,0.0,0.05264426874843292,-0.06575720920181019,-0.06575720920181019,-0.06575720920181019,0.15222977163473528,0.15222977163473528,0.3966213701915884,medium,1.12,1.0,0.00039622986474141693,-0.05910802379492908,0.55,0.47571803635854776,0.15222977163473528,0.0261224434007562,0.15046650670518424,0.1539930365642863,0.15046650670518424,0.1539930365642863,0.0850277424834649,0.12671788224500677,0.0850277424834649,0.12671788224500677,0.06543876422171935,0.027275154319279543,0.1793081971059422,0.18390284588774744,0.015113760917202025,0.006736145333792489,0.16558026762238626,0.1607291818980788,0.16315472476023252,-0.03234057149538302,0.101500004529953,0.18913042545318604,0.10587281236423583,0.30881585008549545,2.160106897354126,1.704293131828308,2.2899999618530273,lidar_disabled,1.0,False,1856.571177705
1785741765.2399735,33.14219546318054,v4,cascade_controller_v4,cascade_controller_v4_fast_smooth_true_cascade_pd_1_0,cascade_pd_tracking,follow_main,inner_wheel_pd,medium,,TURNING,UNKNOWN,UNKNOWN,DROPOUT,1,1,0.0,0.0,-0.35573819750745256,0.0,0.0,-0.004195677072381508,0.0,0.018467871561417583,0.17548089582810975,0.0,0.006463755046496154,0.0,0.05264426874843292,0.72,0.35,0.68,0.3,nan,nan,nan,nan,nan,1.0,0.3966213701915884,0.00039622986474141693,-0.05910802379492908,1.12,0.15222977163473528,0.15222977163473528,0.16315472476023252,0.10859299019711996,0.101500004529953,-0.06575720920181019,-0.06575720920181019,0.55,0.0261224434007562,-0.03234057149538302,-0.7533557438656778,0.18913042545318604,0.007092985667166957,-0.9424861693188639,0.15046650670518424,0.0850277424834649,0.16558026762238626,0.1539930365642863,0.12671788224500677,0.1607291818980788,0.06543876422171935,0.027275154319279543,0.1793081971059422,0.18390284588774744,0.015113760917202025,0.006736145333792489,13.3196296447027,1.0,0.0,0.0,0.47571803635854776,0,0,0,0,0,0,0,0,0,nan,nan,2.2899999618530273,1.0,0,0,0,2.160106897354126,1.704293131828308,2.5124397219859453,1.976780891418457,3.3283019065856934,2.570185661315918,1.324594497680664,0.7160980701446533,8.606910705566406e-05,0.06925637100016502,0.07574738900007105,0.0,-0.00035573819750745253,0.0,nan,nan,nan,nan,0.10587281236423583,0.30881585008549545,lidar_disabled,1,1,1,1,1,0,1,1,1,cascade_controller_v4,cascade_controller_v4_fast_smooth_true_cascade_pd_1_0,cascade_pd_tracking,follow_main,inner_wheel_pd,True,True,False,"[""cascade_controller_v4""]",False,UNKNOWN,UNKNOWN,DROPOUT,TURNING,True,ok,1.0,13.3196296447027,0.06925637100016502,0.07574738900007105,0.0,0.0,0.0,0.0,-0.00035573819750745253,-0.35573819750745256,-0.004195677072381508,0.0,0.0,0.0,0.018467871561417583,0.17548089582810975,0.72,0.35,0.68,0.3,0.0,0.006463755046496154,0.0,0.05264426874843292,-0.06575720920181019,-0.06575720920181019,-0.06575720920181019,0.15222977163473528,0.15222977163473528,0.3966213701915884,medium,1.12,1.0,0.00039622986474141693,-0.05910802379492908,0.55,0.47571803635854776,0.15222977163473528,0.0261224434007562,0.15046650670518424,0.1539930365642863,0.15046650670518424,0.1539930365642863,0.0850277424834649,0.12671788224500677,0.0850277424834649,0.12671788224500677,0.06543876422171935,0.027275154319279543,0.1793081971059422,0.18390284588774744,0.015113760917202025,0.006736145333792489,0.16558026762238626,0.1607291818980788,0.16315472476023252,-0.03234057149538302,0.101500004529953,0.18913042545318604,0.10587281236423583,0.30881585008549545,2.160106897354126,1.704293131828308,2.2899999618530273,lidar_disabled,1.0,False,1856.571177705
1785741766.1912563,34.093477725982666,v4,cascade_controller_v4,cascade_controller_v4_fast_smooth_true_cascade_pd_1_0,cascade_pd_tracking,follow_main,inner_wheel_pd,straight,,FOLLOW_MAIN,FOLLOW_MAIN,COMMITTED,DROPOUT,1,1,4.4,4.4,5.239693449869628,0.0,0.031,0.029377828546423623,0.029377828546423623,-0.012663832553760693,0.036916632477642,0.0,-0.004432341393816242,0.019976923411568065,0.0110749897432926,0.72,0.35,0.68,0.3,nan,nan,nan,nan,nan,1.0,0.0919634743255143,-0.12726117852542088,-0.026619571761044424,0.9,0.2586910171163238,0.2586910171163238,0.2701092026049815,0.10859299019711996,0.21387499570846558,-0.13849267525781878,-0.13849267525781878,0.22,-0.13849267525781878,-0.1339806447530456,-0.7533557438656778,-0.09456522762775421,-0.10528200551134562,-0.6587905162379236,0.26803927269622657,0.2130506711282761,0.28015775096145995,0.24934276153642104,0.20047859430485007,0.2600606542485031,0.05498860156795046,0.04886416723157097,0.005246480071067636,-0.008056019715888558,0.012118478265233372,0.01071789271208206,11.94993594889597,1.0,0.0,-0.47277398722253605,0.8084094284885118,0,0,0,0,0,0,0,0,0,nan,nan,3.0350000858306885,1.0,0,0,0,1.825535774230957,2.140153408050537,2.5124397219859453,2.928063154220581,8.153915405273438e-05,3.521467447280884,2.27587628364563,1.6673798561096191,0.9513683319091797,0.04748512999981358,0.06697705599981418,0.0044,0.005239693449869628,0.0,nan,nan,nan,nan,0.2067646327165631,-0.09312649498834107,lidar_disabled,1,1,1,1,2,0,2,2,1,cascade_controller_v4,cascade_controller_v4_fast_smooth_true_cascade_pd_1_0,cascade_pd_tracking,follow_main,inner_wheel_pd,True,True,False,"[""cascade_controller_v4""]",False,FOLLOW_MAIN,COMMITTED,DROPOUT,FOLLOW_MAIN,True,ok,1.0,11.94993594889597,0.04748512999981358,0.06697705599981418,4.4,0.031,-0.47277398722253605,0.0,0.005239693449869628,5.239693449869628,0.029377828546423623,0.0,0.0,0.029377828546423623,-0.012663832553760693,0.036916632477642,0.72,0.35,0.68,0.3,0.0,-0.004432341393816242,0.019976923411568065,0.0110749897432926,-0.13849267525781878,-0.13849267525781878,-0.13849267525781878,0.2586910171163238,0.2586910171163238,0.0919634743255143,straight,0.9,1.0,-0.12726117852542088,-0.026619571761044424,0.22,0.8084094284885118,0.2586910171163238,-0.13849267525781878,0.26803927269622657,0.24934276153642104,0.26803927269622657,0.24934276153642104,0.2130506711282761,0.20047859430485007,0.2130506711282761,0.20047859430485007,0.05498860156795046,0.04886416723157097,0.005246480071067636,-0.008056019715888558,0.012118478265233372,0.01071789271208206,0.28015775096145995,0.2600606542485031,0.2701092026049815,-0.1339806447530456,0.21387499570846558,-0.09456522762775421,0.2067646327165631,-0.09312649498834107,1.825535774230957,2.140153408050537,3.0350000858306885,lidar_disabled,1.0,False,1860.873247332
1785741766.8603184,34.762540102005005,v4,cascade_controller_v4,cascade_controller_v4_fast_smooth_true_cascade_pd_1_0,cascade_pd_tracking,follow_main,inner_wheel_pd,straight,,FOLLOW_MAIN,FOLLOW_MAIN,COMMITTED,DROPOUT,1,1,4.4,4.4,5.239693449869628,0.0,0.031,0.029377828546423623,0.029377828546423623,-0.012663832553760693,0.036916632477642,0.0,-0.004432341393816242,0.019976923411568065,0.0110749897432926,0.72,0.35,0.68,0.3,nan,nan,nan,nan,nan,1.0,0.0919634743255143,-0.12726117852542088,-0.026619571761044424,0.9,0.2586910171163238,0.2586910171163238,0.2701092026049815,0.10859299019711996,0.21387499570846558,-0.13849267525781878,-0.13849267525781878,0.22,-0.13849267525781878,-0.1339806447530456,-0.7533557438656778,-0.09456522762775421,-0.10528200551134562,-0.6587905162379236,0.26803927269622657,0.2130506711282761,0.28015775096145995,0.24934276153642104,0.20047859430485007,0.2600606542485031,0.05498860156795046,0.04886416723157097,0.005246480071067636,-0.008056019715888558,0.012118478265233372,0.01071789271208206,11.94993594889597,1.0,0.0,-0.47277398722253605,0.8084094284885118,0,0,0,0,0,0,0,0,0,nan,nan,3.0350000858306885,1.0,0,0,0,1.825535774230957,2.140153408050537,2.5124397219859453,3.5971264839172363,0.6691453456878662,9.799003601074219e-05,2.9449400901794434,2.3364439010620117,1.6204321384429932,0.04748512999981358,0.06697705599981418,0.0044,0.005239693449869628,0.0,nan,nan,nan,nan,0.2067646327165631,-0.09312649498834107,lidar_disabled,1,1,1,1,2,0,2,2,1,cascade_controller_v4,cascade_controller_v4_fast_smooth_true_cascade_pd_1_0,cascade_pd_tracking,follow_main,inner_wheel_pd,True,True,False,"[""cascade_controller_v4""]",False,FOLLOW_MAIN,COMMITTED,DROPOUT,FOLLOW_MAIN,True,ok,1.0,11.94993594889597,0.04748512999981358,0.06697705599981418,4.4,0.031,-0.47277398722253605,0.0,0.005239693449869628,5.239693449869628,0.029377828546423623,0.0,0.0,0.029377828546423623,-0.012663832553760693,0.036916632477642,0.72,0.35,0.68,0.3,0.0,-0.004432341393816242,0.019976923411568065,0.0110749897432926,-0.13849267525781878,-0.13849267525781878,-0.13849267525781878,0.2586910171163238,0.2586910171163238,0.0919634743255143,straight,0.9,1.0,-0.12726117852542088,-0.026619571761044424,0.22,0.8084094284885118,0.2586910171163238,-0.13849267525781878,0.26803927269622657,0.24934276153642104,0.26803927269622657,0.24934276153642104,0.2130506711282761,0.20047859430485007,0.2130506711282761,0.20047859430485007,0.05498860156795046,0.04886416723157097,0.005246480071067636,-0.008056019715888558,0.012118478265233372,0.01071789271208206,0.28015775096145995,0.2600606542485031,0.2701092026049815,-0.1339806447530456,0.21387499570846558,-0.09456522762775421,0.2067646327165631,-0.09312649498834107,1.825535774230957,2.140153408050537,3.0350000858306885,lidar_disabled,1.0,False,1860.873247332
1785741767.62665,35.52887153625488,v4,cascade_controller_v4,cascade_controller_v4_fast_smooth_true_cascade_pd_1_0,cascade_pd_tracking,follow_main,inner_wheel_pd,straight,,FOLLOW_MAIN,FOLLOW_MAIN,COMMITTED,DROPOUT,1,1,4.4,4.4,5.239693449869628,0.0,0.031,0.029377828546423623,0.029377828546423623,-0.012663832553760693,0.036916632477642,0.0,-0.004432341393816242,0.019976923411568065,0.0110749897432926,0.72,0.35,0.68,0.3,nan,nan,nan,nan,nan,1.0,0.0919634743255143,-0.12726117852542088,-0.026619571761044424,0.9,0.2586910171163238,0.2586910171163238,0.2701092026049815,0.10859299019711996,0.21387499570846558,-0.13849267525781878,-0.13849267525781878,0.22,-0.13849267525781878,-0.1339806447530456,-0.7533557438656778,-0.09456522762775421,-0.10528200551134562,-0.6587905162379236,0.26803927269622657,0.2130506711282761,0.28015775096145995,0.24934276153642104,0.20047859430485007,0.2600606542485031,0.05498860156795046,0.04886416723157097,0.005246480071067636,-0.008056019715888558,0.012118478265233372,0.01071789271208206,11.94993594889597,1.0,0.0,-0.47277398722253605,0.8084094284885118,0,0,0,0,0,0,0,0,0,nan,nan,3.0350000858306885,1.0,0,0,0,1.825535774230957,2.140153408050537,2.5124397219859453,7.104873657226562e-05,1.4354760646820068,0.7664284706115723,3.711270570755005,3.1027746200561523,2.3867626190185547,0.04748512999981358,0.06697705599981418,0.0044,0.005239693449869628,0.0,nan,nan,nan,nan,0.2067646327165631,-0.09312649498834107,lidar_disabled,1,1,1,1,2,0,2,2,1,cascade_controller_v4,cascade_controller_v4_fast_smooth_true_cascade_pd_1_0,cascade_pd_tracking,follow_main,inner_wheel_pd,True,True,False,"[""cascade_controller_v4""]",False,FOLLOW_MAIN,COMMITTED,DROPOUT,FOLLOW_MAIN,True,ok,1.0,11.94993594889597,0.04748512999981358,0.06697705599981418,4.4,0.031,-0.47277398722253605,0.0,0.005239693449869628,5.239693449869628,0.029377828546423623,0.0,0.0,0.029377828546423623,-0.012663832553760693,0.036916632477642,0.72,0.35,0.68,0.3,0.0,-0.004432341393816242,0.019976923411568065,0.0110749897432926,-0.13849267525781878,-0.13849267525781878,-0.13849267525781878,0.2586910171163238,0.2586910171163238,0.0919634743255143,straight,0.9,1.0,-0.12726117852542088,-0.026619571761044424,0.22,0.8084094284885118,0.2586910171163238,-0.13849267525781878,0.26803927269622657,0.24934276153642104,0.26803927269622657,0.24934276153642104,0.2130506711282761,0.20047859430485007,0.2130506711282761,0.20047859430485007,0.05498860156795046,0.04886416723157097,0.005246480071067636,-0.008056019715888558,0.012118478265233372,0.01071789271208206,0.28015775096145995,0.2600606542485031,0.2701092026049815,-0.1339806447530456,0.21387499570846558,-0.09456522762775421,0.2067646327165631,-0.09312649498834107,1.825535774230957,2.140153408050537,3.0350000858306885,lidar_disabled,1.0,False,1860.873247332
1785741768.3141456,36.21636748313904,v4,cascade_controller_v4,cascade_controller_v4_fast_smooth_true_cascade_pd_1_0,cascade_pd_tracking,follow_main,inner_wheel_pd,straight,,FOLLOW_MAIN,FOLLOW_MAIN,COMMITTED,DROPOUT,1,1,4.4,4.4,5.239693449869628,0.0,0.031,0.029377828546423623,0.029377828546423623,-0.012663832553760693,0.036916632477642,0.0,-0.004432341393816242,0.019976923411568065,0.0110749897432926,0.72,0.35,0.68,0.3,nan,nan,nan,nan,nan,1.0,0.0919634743255143,-0.12726117852542088,-0.026619571761044424,0.9,0.2586910171163238,0.2586910171163238,0.2701092026049815,0.1677290977626021,0.21387499570846558,-0.13849267525781878,-0.13849267525781878,0.22,-0.13849267525781878,-0.1339806447530456,-0.3154265057160621,-0.09456522762775421,-0.04614589794586349,-0.2208612780883079,0.26803927269622657,0.2130506711282761,0.28015775096145995,0.24934276153642104,0.20047859430485007,0.2600606542485031,0.05498860156795046,0.04886416723157097,0.005246480071067636,-0.008056019715888558,0.012118478265233372,0.01071789271208206,11.94993594889597,1.0,0.0,-0.47277398722253605,0.8084094284885118,0,0,0,0,0,0,0,0,0,nan,nan,3.0350000858306885,1.0,0,0,0,1.825535774230957,2.140153408050537,2.5124397219859453,0.6875672340393066,2.1229724884033203,1.4539248943328857,0.00012445449829101562,3.790271282196045,3.0742597579956055,0.04748512999981358,0.06697705599981418,0.0044,0.005239693449869628,0.0,nan,nan,nan,nan,0.2067646327165631,-0.09312649498834107,lidar_disabled,1,1,1,1,2,0,2,2,1,cascade_controller_v4,cascade_controller_v4_fast_smooth_true_cascade_pd_1_0,cascade_pd_tracking,follow_main,inner_wheel_pd,True,True,False,"[""cascade_controller_v4""]",False,FOLLOW_MAIN,COMMITTED,DROPOUT,FOLLOW_MAIN,True,ok,1.0,11.94993594889597,0.04748512999981358,0.06697705599981418,4.4,0.031,-0.47277398722253605,0.0,0.005239693449869628,5.239693449869628,0.029377828546423623,0.0,0.0,0.029377828546423623,-0.012663832553760693,0.036916632477642,0.72,0.35,0.68,0.3,0.0,-0.004432341393816242,0.019976923411568065,0.0110749897432926,-0.13849267525781878,-0.13849267525781878,-0.13849267525781878,0.2586910171163238,0.2586910171163238,0.0919634743255143,straight,0.9,1.0,-0.12726117852542088,-0.026619571761044424,0.22,0.8084094284885118,0.2586910171163238,-0.13849267525781878,0.26803927269622657,0.24934276153642104,0.26803927269622657,0.24934276153642104,0.2130506711282761,0.20047859430485007,0.2130506711282761,0.20047859430485007,0.05498860156795046,0.04886416723157097,0.005246480071067636,-0.008056019715888558,0.012118478265233372,0.01071789271208206,0.28015775096145995,0.2600606542485031,0.2701092026049815,-0.1339806447530456,0.21387499570846558,-0.09456522762775421,0.2067646327165631,-0.09312649498834107,1.825535774230957,2.140153408050537,3.0350000858306885,lidar_disabled,1.0,False,1860.873247332
1785741768.9845307,36.886752128601074,v4,cascade_controller_v4,cascade_controller_v4_fast_smooth_true_cascade_pd_1_0,cascade_pd_tracking,follow_main,inner_wheel_pd,straight,,FOLLOW_MAIN,FOLLOW_MAIN,COMMITTED,DROPOUT,1,1,4.4,4.4,5.239693449869628,0.0,0.031,0.029377828546423623,0.029377828546423623,-0.012663832553760693,0.036916632477642,0.0,-0.004432341393816242,0.019976923411568065,0.0110749897432926,0.72,0.35,0.68,0.3,nan,nan,nan,nan,nan,1.0,0.0919634743255143,-0.12726117852542088,-0.026619571761044424,0.9,0.2586910171163238,0.2586910171163238,0.2701092026049815,0.1677290977626021,0.21387499570846558,-0.13849267525781878,-0.13849267525781878,0.22,-0.13849267525781878,-0.1339806447530456,-0.3154265057160621,-0.09456522762775421,-0.04614589794586349,-0.2208612780883079,0.26803927269622657,0.2130506711282761,0.28015775096145995,0.24934276153642104,0.20047859430485007,0.2600606542485031,0.05498860156795046,0.04886416723157097,0.005246480071067636,-0.008056019715888558,0.012118478265233372,0.01071789271208206,11.94993594889597,1.0,0.0,-0.47277398722253605,0.8084094284885118,0,0,0,0,0,0,0,0,0,nan,nan,3.0350000858306885,1.0,0,0,0,1.825535774230957,2.140153408050537,1.4284388468659543,1.3579511642456055,2.79335618019104,2.1243083477020264,0.6705076694488525,0.00019240379333496094,3.7446420192718506,0.04748512999981358,0.06697705599981418,0.0044,0.005239693449869628,0.0,nan,nan,nan,nan,0.2067646327165631,-0.09312649498834107,lidar_disabled,1,1,1,1,2,0,2,2,1,cascade_controller_v4,cascade_controller_v4_fast_smooth_true_cascade_pd_1_0,cascade_pd_tracking,follow_main,inner_wheel_pd,True,True,False,"[""cascade_controller_v4""]",False,FOLLOW_MAIN,COMMITTED,DROPOUT,FOLLOW_MAIN,True,ok,1.0,11.94993594889597,0.04748512999981358,0.06697705599981418,4.4,0.031,-0.47277398722253605,0.0,0.005239693449869628,5.239693449869628,0.029377828546423623,0.0,0.0,0.029377828546423623,-0.012663832553760693,0.036916632477642,0.72,0.35,0.68,0.3,0.0,-0.004432341393816242,0.019976923411568065,0.0110749897432926,-0.13849267525781878,-0.13849267525781878,-0.13849267525781878,0.2586910171163238,0.2586910171163238,0.0919634743255143,straight,0.9,1.0,-0.12726117852542088,-0.026619571761044424,0.22,0.8084094284885118,0.2586910171163238,-0.13849267525781878,0.26803927269622657,0.24934276153642104,0.26803927269622657,0.24934276153642104,0.2130506711282761,0.20047859430485007,0.2130506711282761,0.20047859430485007,0.05498860156795046,0.04886416723157097,0.005246480071067636,-0.008056019715888558,0.012118478265233372,0.01071789271208206,0.28015775096145995,0.2600606542485031,0.2701092026049815,-0.1339806447530456,0.21387499570846558,-0.09456522762775421,0.2067646327165631,-0.09312649498834107,1.825535774230957,2.140153408050537,3.0350000858306885,lidar_disabled,1.0,False,1860.873247332
1785741769.5604033,37.46262502670288,v4,cascade_controller_v4,cascade_controller_v4_fast_smooth_true_cascade_pd_1_0,cascade_pd_tracking,follow_main,inner_wheel_pd,straight,,FOLLOW_MAIN,FOLLOW_MAIN,COMMITTED,DROPOUT,1,1,4.4,4.4,5.239693449869628,0.0,0.031,0.029377828546423623,0.029377828546423623,-0.012663832553760693,0.036916632477642,0.0,-0.004432341393816242,0.019976923411568065,0.0110749897432926,0.72,0.35,0.68,0.3,nan,nan,nan,nan,nan,1.0,0.0919634743255143,-0.12726117852542088,-0.026619571761044424,0.9,0.2586910171163238,0.2586910171163238,0.2701092026049815,0.1677290977626021,0.21387499570846558,-0.13849267525781878,-0.13849267525781878,0.22,-0.13849267525781878,-0.1339806447530456,-0.3154265057160621,-0.09456522762775421,-0.04614589794586349,-0.2208612780883079,0.26803927269622657,0.2130506711282761,0.28015775096145995,0.24934276153642104,0.20047859430485007,0.2600606542485031,0.05498860156795046,0.04886416723157097,0.005246480071067636,-0.008056019715888558,0.012118478265233372,0.01071789271208206,11.94993594889597,1.0,0.0,-0.47277398722253605,0.8084094284885118,0,0,0,0,0,0,0,0,0,nan,nan,3.0350000858306885,1.0,0,0,0,1.825535774230957,2.140153408050537,1.4284388468659543,1.933823823928833,3.3692290782928467,2.700181245803833,1.2463805675506592,0.5760653018951416,5.9604644775390625e-05,0.04748512999981358,0.06697705599981418,0.0044,0.005239693449869628,0.0,nan,nan,nan,nan,0.2067646327165631,-0.09312649498834107,lidar_disabled,1,1,1,1,2,0,2,2,1,cascade_controller_v4,cascade_controller_v4_fast_smooth_true_cascade_pd_1_0,cascade_pd_tracking,follow_main,inner_wheel_pd,True,True,False,"[""cascade_controller_v4""]",False,FOLLOW_MAIN,COMMITTED,DROPOUT,FOLLOW_MAIN,True,ok,1.0,11.94993594889597,0.04748512999981358,0.06697705599981418,4.4,0.031,-0.47277398722253605,0.0,0.005239693449869628,5.239693449869628,0.029377828546423623,0.0,0.0,0.029377828546423623,-0.012663832553760693,0.036916632477642,0.72,0.35,0.68,0.3,0.0,-0.004432341393816242,0.019976923411568065,0.0110749897432926,-0.13849267525781878,-0.13849267525781878,-0.13849267525781878,0.2586910171163238,0.2586910171163238,0.0919634743255143,straight,0.9,1.0,-0.12726117852542088,-0.026619571761044424,0.22,0.8084094284885118,0.2586910171163238,-0.13849267525781878,0.26803927269622657,0.24934276153642104,0.26803927269622657,0.24934276153642104,0.2130506711282761,0.20047859430485007,0.2130506711282761,0.20047859430485007,0.05498860156795046,0.04886416723157097,0.005246480071067636,-0.008056019715888558,0.012118478265233372,0.01071789271208206,0.28015775096145995,0.2600606542485031,0.2701092026049815,-0.1339806447530456,0.21387499570846558,-0.09456522762775421,0.2067646327165631,-0.09312649498834107,1.825535774230957,2.140153408050537,3.0350000858306885,lidar_disabled,1.0,False,1860.873247332
1785741770.0764513,37.97867274284363,v4,cascade_controller_v4,cascade_controller_v4_fast_smooth_true_cascade_pd_1_0,cascade_pd_tracking,follow_main,inner_wheel_pd,medium,,TURNING,UNKNOWN,UNKNOWN,UNKNOWN,1,1,2.3000000000000003,2.3000000000000003,-0.7697243723458597,0.0,0.016,-0.005347767126872032,0.0,-4.6597963489401095e-08,0.00016837875812737412,0.0,-1.630928722129038e-08,0.0,5.0513627438212235e-05,0.72,0.35,0.68,0.3,nan,nan,nan,nan,nan,1.0,0.42508958040651423,-0.4385049539214233,-5.0497318150990946e-05,1.12,0.14748506993224764,0.14748506993224764,0.14383341308893433,0.1677290977626021,0.17762498557567596,-0.49118210538832324,-0.49118210538832324,0.55,-0.49118210538832324,-0.48456064715645913,-0.3154265057160621,-0.2836955785751343,-0.009895887813073878,-0.031730927140927845,0.18063986204595944,0.18338058065206486,0.18017546162566875,0.11433027781853582,0.1403907227263702,0.10749136455219988,0.0,-0.026060444907834393,-0.11610010507267193,-0.2764038466530923,-0.00046440042029068774,-0.006838913266335936,13.525700010746124,1.0,0.0,-2.785300729014904,0.46089084353827386,0,0,0,0,0,0,0,0,0,nan,nan,3.321000099182129,1.0,0,0,0,1.8123490810394287,2.8163650035858154,1.4284388468659543,2.449871778488159,0.0001316070556640625,3.21622896194458,1.7624285221099854,1.0921134948730469,0.5161080360412598,0.052771054999993794,0.04015177699989181,0.0023000000000000004,-0.0007697243723458597,0.0,nan,nan,nan,nan,0.16188565168921754,-0.3184433920421825,lidar_disabled,1,1,1,1,1,0,1,1,2,cascade_controller_v4,cascade_controller_v4_fast_smooth_true_cascade_pd_1_0,cascade_pd_tracking,follow_main,inner_wheel_pd,True,True,False,"[""cascade_controller_v4""]",False,UNKNOWN,UNKNOWN,UNKNOWN,TURNING,True,ok,1.0,13.525700010746124,0.052771054999993794,0.04015177699989181,2.3000000000000003,0.016,-2.785300729014904,0.0,-0.0007697243723458597,-0.7697243723458597,-0.005347767126872032,0.0,0.0,0.0,-4.6597963489401095e-08,0.00016837875812737412,0.72,0.35,0.68,0.3,0.0,-1.630928722129038e-08,0.0,5.0513627438212235e-05,-0.49118210538832324,-0.49118210538832324,-0.49118210538832324,0.14748506993224764,0.14748506993224764,0.42508958040651423,medium,1.12,1.0,-0.4385049539214233,-5.0497318150990946e-05,0.55,0.46089084353827386,0.14748506993224764,-0.49118210538832324,0.18063986204595944,0.11433027781853582,0.18063986204595944,0.11433027781853582,0.18338058065206486,0.1403907227263702,0.18338058065206486,0.1403907227263702,0.0,-0.026060444907834393,-0.11610010507267193,-0.2764038466530923,-0.00046440042029068774,-0.006838913266335936,0.18017546162566875,0.10749136455219988,0.14383341308893433,-0.48456064715645913,0.17762498557567596,-0.2836955785751343,0.16188565168921754,-0.3184433920421825,1.8123490810394287,2.8163650035858154,3.321000099182129,lidar_disabled,1.0,False,1864.632344403
1785741770.5447237,38.44694519042969,v4,cascade_controller_v4,cascade_controller_v4_fast_smooth_true_cascade_pd_1_0,cascade_pd_tracking,follow_main,inner_wheel_pd,medium,,TURNING,UNKNOWN,UNKNOWN,UNKNOWN,1,1,2.3000000000000003,2.3000000000000003,-0.7697243723458597,0.0,0.016,-0.005347767126872032,0.0,-4.6597963489401095e-08,0.00016837875812737412,0.0,-1.630928722129038e-08,0.0,5.0513627438212235e-05,0.72,0.35,0.68,0.3,nan,nan,nan,nan,nan,1.0,0.42508958040651423,-0.4385049539214233,-5.0497318150990946e-05,1.12,0.14748506993224764,0.14748506993224764,0.14383341308893433,0.1677290977626021,0.17762498557567596,-0.49118210538832324,-0.49118210538832324,0.55,-0.49118210538832324,-0.48456064715645913,-0.3154265057160621,-0.2836955785751343,-0.009895887813073878,-0.031730927140927845,0.18063986204595944,0.18338058065206486,0.18017546162566875,0.11433027781853582,0.1403907227263702,0.10749136455219988,0.0,-0.026060444907834393,-0.11610010507267193,-0.2764038466530923,-0.00046440042029068774,-0.006838913266335936,13.525700010746124,1.0,0.0,-2.785300729014904,0.46089084353827386,0,0,0,0,0,0,0,0,0,nan,nan,3.321000099182129,1.0,0,0,0,1.8123490810394287,2.8163650035858154,1.4284388468659543,2.9181442260742188,0.46840453147888184,7.748603820800781e-05,2.230700731277466,1.5603857040405273,0.9843800067901611,0.052771054999993794,0.04015177699989181,0.0023000000000000004,-0.0007697243723458597,0.0,nan,nan,nan,nan,0.16188565168921754,-0.3184433920421825,lidar_disabled,1,1,1,1,1,0,1,1,2,cascade_controller_v4,cascade_controller_v4_fast_smooth_true_cascade_pd_1_0,cascade_pd_tracking,follow_main,inner_wheel_pd,True,True,False,"[""cascade_controller_v4""]",False,UNKNOWN,UNKNOWN,UNKNOWN,TURNING,True,ok,1.0,13.525700010746124,0.052771054999993794,0.04015177699989181,2.3000000000000003,0.016,-2.785300729014904,0.0,-0.0007697243723458597,-0.7697243723458597,-0.005347767126872032,0.0,0.0,0.0,-4.6597963489401095e-08,0.00016837875812737412,0.72,0.35,0.68,0.3,0.0,-1.630928722129038e-08,0.0,5.0513627438212235e-05,-0.49118210538832324,-0.49118210538832324,-0.49118210538832324,0.14748506993224764,0.14748506993224764,0.42508958040651423,medium,1.12,1.0,-0.4385049539214233,-5.0497318150990946e-05,0.55,0.46089084353827386,0.14748506993224764,-0.49118210538832324,0.18063986204595944,0.11433027781853582,0.18063986204595944,0.11433027781853582,0.18338058065206486,0.1403907227263702,0.18338058065206486,0.1403907227263702,0.0,-0.026060444907834393,-0.11610010507267193,-0.2764038466530923,-0.00046440042029068774,-0.006838913266335936,0.18017546162566875,0.10749136455219988,0.14383341308893433,-0.48456064715645913,0.17762498557567596,-0.2836955785751343,0.16188565168921754,-0.3184433920421825,1.8123490810394287,2.8163650035858154,3.321000099182129,lidar_disabled,1.0,False,1864.632344403
1785741771.2037597,39.10598111152649,v4,cascade_controller_v4,cascade_controller_v4_fast_smooth_true_cascade_pd_1_0,cascade_pd_tracking,follow_main,inner_wheel_pd,medium,,TURNING,UNKNOWN,UNKNOWN,UNKNOWN,1,1,2.3000000000000003,2.3000000000000003,-0.7697243723458597,0.0,0.016,-0.005347767126872032,0.0,-4.6597963489401095e-08,0.00016837875812737412,0.0,-1.630928722129038e-08,0.0,5.0513627438212235e-05,0.72,0.35,0.68,0.3,nan,nan,nan,nan,nan,1.0,0.42508958040651423,-0.4385049539214233,-5.0497318150990946e-05,1.12,0.14748506993224764,0.14748506993224764,0.14383341308893433,0.1677290977626021,0.17762498557567596,-0.49118210538832324,-0.49118210538832324,0.55,-0.49118210538832324,-0.48456064715645913,-0.3154265057160621,-0.2836955785751343,-0.009895887813073878,-0.031730927140927845,0.18063986204595944,0.18338058065206486,0.18017546162566875,0.11433027781853582,0.1403907227263702,0.10749136455219988,0.0,-0.026060444907834393,-0.11610010507267193,-0.2764038466530923,-0.00046440042029068774,-0.006838913266335936,13.525700010746124,1.0,0.0,-2.785300729014904,0.46089084353827386,0,0,0,0,0,0,0,0,0,nan,nan,3.321000099182129,1.0,0,0,0,1.8123490810394287,2.8163650035858154,1.4284388468659543,7.700920104980469e-05,1.1274399757385254,0.6591131687164307,2.889737129211426,2.2194221019744873,1.6434168815612793,0.052771054999993794,0.04015177699989181,0.0023000000000000004,-0.0007697243723458597,0.0,nan,nan,nan,nan,0.16188565168921754,-0.3184433920421825,lidar_disabled,1,1,1,1,1,0,1,1,2,cascade_controller_v4,cascade_controller_v4_fast_smooth_true_cascade_pd_1_0,cascade_pd_tracking,follow_main,inner_wheel_pd,True,True,False,"[""cascade_controller_v4""]",False,UNKNOWN,UNKNOWN,UNKNOWN,TURNING,True,ok,1.0,13.525700010746124,0.052771054999993794,0.04015177699989181,2.3000000000000003,0.016,-2.785300729014904,0.0,-0.0007697243723458597,-0.7697243723458597,-0.005347767126872032,0.0,0.0,0.0,-4.6597963489401095e-08,0.00016837875812737412,0.72,0.35,0.68,0.3,0.0,-1.630928722129038e-08,0.0,5.0513627438212235e-05,-0.49118210538832324,-0.49118210538832324,-0.49118210538832324,0.14748506993224764,0.14748506993224764,0.42508958040651423,medium,1.12,1.0,-0.4385049539214233,-5.0497318150990946e-05,0.55,0.46089084353827386,0.14748506993224764,-0.49118210538832324,0.18063986204595944,0.11433027781853582,0.18063986204595944,0.11433027781853582,0.18338058065206486,0.1403907227263702,0.18338058065206486,0.1403907227263702,0.0,-0.026060444907834393,-0.11610010507267193,-0.2764038466530923,-0.00046440042029068774,-0.006838913266335936,0.18017546162566875,0.10749136455219988,0.14383341308893433,-0.48456064715645913,0.17762498557567596,-0.2836955785751343,0.16188565168921754,-0.3184433920421825,1.8123490810394287,2.8163650035858154,3.321000099182129,lidar_disabled,1.0,False,1864.632344403
1785741771.7711842,39.67340588569641,v4,cascade_controller_v4,cascade_controller_v4_fast_smooth_true_cascade_pd_1_0,cascade_pd_tracking,follow_main,inner_wheel_pd,medium,,TURNING,UNKNOWN,UNKNOWN,UNKNOWN,1,1,2.3000000000000003,2.3000000000000003,-0.7697243723458597,0.0,0.016,-0.005347767126872032,0.0,-4.6597963489401095e-08,0.00016837875812737412,0.0,-1.630928722129038e-08,0.0,5.0513627438212235e-05,0.72,0.35,0.68,0.3,nan,nan,nan,nan,nan,1.0,0.42508958040651423,-0.4385049539214233,-5.0497318150990946e-05,1.12,0.14748506993224764,0.14748506993224764,0.14383341308893433,0.09871916920045136,0.17762498557567596,-0.49118210538832324,-0.49118210538832324,0.55,-0.49118210538832324,-0.48456064715645913,-0.5225726676065957,-0.2836955785751343,-0.0789058163752246,-0.23887708903146143,0.18063986204595944,0.18338058065206486,0.18017546162566875,0.11433027781853582,0.1403907227263702,0.10749136455219988,0.0,-0.026060444907834393,-0.11610010507267193,-0.2764038466530923,-0.00046440042029068774,-0.006838913266335936,13.525700010746124,1.0,0.0,-2.785300729014904,0.46089084353827386,0,0,0,0,0,0,0,0,0,nan,nan,3.321000099182129,1.0,0,0,0,1.8123490810394287,2.8163650035858154,1.4284388468659543,0.5675015449523926,1.6948645114898682,1.2265379428863525,6.842613220214844e-05,2.786846160888672,2.2108407020568848,0.052771054999993794,0.04015177699989181,0.0023000000000000004,-0.0007697243723458597,0.0,nan,nan,nan,nan,0.16188565168921754,-0.3184433920421825,lidar_disabled,1,1,1,1,1,0,1,1,2,cascade_controller_v4,cascade_controller_v4_fast_smooth_true_cascade_pd_1_0,cascade_pd_tracking,follow_main,inner_wheel_pd,True,True,False,"[""cascade_controller_v4""]",False,UNKNOWN,UNKNOWN,UNKNOWN,TURNING,True,ok,1.0,13.525700010746124,0.052771054999993794,0.04015177699989181,2.3000000000000003,0.016,-2.785300729014904,0.0,-0.0007697243723458597,-0.7697243723458597,-0.005347767126872032,0.0,0.0,0.0,-4.6597963489401095e-08,0.00016837875812737412,0.72,0.35,0.68,0.3,0.0,-1.630928722129038e-08,0.0,5.0513627438212235e-05,-0.49118210538832324,-0.49118210538832324,-0.49118210538832324,0.14748506993224764,0.14748506993224764,0.42508958040651423,medium,1.12,1.0,-0.4385049539214233,-5.0497318150990946e-05,0.55,0.46089084353827386,0.14748506993224764,-0.49118210538832324,0.18063986204595944,0.11433027781853582,0.18063986204595944,0.11433027781853582,0.18338058065206486,0.1403907227263702,0.18338058065206486,0.1403907227263702,0.0,-0.026060444907834393,-0.11610010507267193,-0.2764038466530923,-0.00046440042029068774,-0.006838913266335936,0.18017546162566875,0.10749136455219988,0.14383341308893433,-0.48456064715645913,0.17762498557567596,-0.2836955785751343,0.16188565168921754,-0.3184433920421825,1.8123490810394287,2.8163650035858154,3.321000099182129,lidar_disabled,1.0,False,1864.632344403
1785741772.3319511,40.23417258262634,v4,cascade_controller_v4,cascade_controller_v4_fast_smooth_true_cascade_pd_1_0,cascade_pd_tracking,follow_main,inner_wheel_pd,medium,,TURNING,UNKNOWN,UNKNOWN,UNKNOWN,1,1,2.3000000000000003,2.3000000000000003,-0.7697243723458597,0.0,0.016,-0.005347767126872032,0.0,-4.6597963489401095e-08,0.00016837875812737412,0.0,-1.630928722129038e-08,0.0,5.0513627438212235e-05,0.72,0.35,0.68,0.3,nan,nan,nan,nan,nan,1.0,0.42508958040651423,-0.4385049539214233,-5.0497318150990946e-05,1.12,0.14748506993224764,0.14748506993224764,0.14383341308893433,0.09871916920045136,0.17762498557567596,-0.49118210538832324,-0.49118210538832324,0.55,-0.49118210538832324,-0.48456064715645913,-0.5225726676065957,-0.2836955785751343,-0.0789058163752246,-0.23887708903146143,0.18063986204595944,0.18338058065206486,0.18017546162566875,0.11433027781853582,0.1403907227263702,0.10749136455219988,0.0,-0.026060444907834393,-0.11610010507267193,-0.2764038466530923,-0.00046440042029068774,-0.006838913266335936,13.525700010746124,1.0,0.0,-2.785300729014904,0.46089084353827386,0,0,0,0,0,0,0,0,0,nan,nan,3.321000099182129,1.0,0,0,0,1.8123490810394287,2.8163650035858154,0.13194987693044827,1.1282691955566406,2.2556326389312744,1.7873058319091797,0.5608365535736084,8.702278137207031e-05,2.7716095447540283,0.052771054999993794,0.04015177699989181,0.0023000000000000004,-0.0007697243723458597,0.0,nan,nan,nan,nan,0.16188565168921754,-0.3184433920421825,lidar_disabled,1,1,1,1,1,0,1,1,2,cascade_controller_v4,cascade_controller_v4_fast_smooth_true_cascade_pd_1_0,cascade_pd_tracking,follow_main,inner_wheel_pd,True,True,False,"[""cascade_controller_v4""]",False,UNKNOWN,UNKNOWN,UNKNOWN,TURNING,True,ok,1.0,13.525700010746124,0.052771054999993794,0.04015177699989181,2.3000000000000003,0.016,-2.785300729014904,0.0,-0.0007697243723458597,-0.7697243723458597,-0.005347767126872032,0.0,0.0,0.0,-4.6597963489401095e-08,0.00016837875812737412,0.72,0.35,0.68,0.3,0.0,-1.630928722129038e-08,0.0,5.0513627438212235e-05,-0.49118210538832324,-0.49118210538832324,-0.49118210538832324,0.14748506993224764,0.14748506993224764,0.42508958040651423,medium,1.12,1.0,-0.4385049539214233,-5.0497318150990946e-05,0.55,0.46089084353827386,0.14748506993224764,-0.49118210538832324,0.18063986204595944,0.11433027781853582,0.18063986204595944,0.11433027781853582,0.18338058065206486,0.1403907227263702,0.18338058065206486,0.1403907227263702,0.0,-0.026060444907834393,-0.11610010507267193,-0.2764038466530923,-0.00046440042029068774,-0.006838913266335936,0.18017546162566875,0.10749136455219988,0.14383341308893433,-0.48456064715645913,0.17762498557567596,-0.2836955785751343,0.16188565168921754,-0.3184433920421825,1.8123490810394287,2.8163650035858154,3.321000099182129,lidar_disabled,1.0,False,1864.632344403
1785741773.123112,41.025333642959595,v4,cascade_controller_v4,cascade_controller_v4_fast_smooth_true_cascade_pd_1_0,cascade_pd_tracking,follow_main,inner_wheel_pd,medium,,TURNING,UNKNOWN,UNKNOWN,UNKNOWN,1,1,2.3000000000000003,2.3000000000000003,-0.7697243723458597,0.0,0.016,-0.005347767126872032,0.0,-4.6597963489401095e-08,0.00016837875812737412,0.0,-1.630928722129038e-08,0.0,5.0513627438212235e-05,0.72,0.35,0.68,0.3,nan,nan,nan,nan,nan,1.0,0.42508958040651423,-0.4385049539214233,-5.0497318150990946e-05,1.12,0.14748506993224764,0.14748506993224764,0.14383341308893433,0.09871916920045136,0.17762498557567596,-0.49118210538832324,-0.49118210538832324,0.55,-0.49118210538832324,-0.48456064715645913,-0.5225726676065957,-0.2836955785751343,-0.0789058163752246,-0.23887708903146143,0.18063986204595944,0.18338058065206486,0.18017546162566875,0.11433027781853582,0.1403907227263702,0.10749136455219988,0.0,-0.026060444907834393,-0.11610010507267193,-0.2764038466530923,-0.00046440042029068774,-0.006838913266335936,13.525700010746124,1.0,0.0,-2.785300729014904,0.46089084353827386,0,0,0,0,0,0,0,0,0,nan,nan,3.321000099182129,1.0,0,0,0,1.8123490810394287,2.8163650035858154,0.13194987693044827,1.9194304943084717,3.0467939376831055,2.578467845916748,1.3519985675811768,0.7912485599517822,0.00013899803161621094,0.052771054999993794,0.04015177699989181,0.0023000000000000004,-0.0007697243723458597,0.0,nan,nan,nan,nan,0.16188565168921754,-0.3184433920421825,lidar_disabled,1,1,1,1,1,0,1,1,2,cascade_controller_v4,cascade_controller_v4_fast_smooth_true_cascade_pd_1_0,cascade_pd_tracking,follow_main,inner_wheel_pd,True,True,False,"[""cascade_controller_v4""]",False,UNKNOWN,UNKNOWN,UNKNOWN,TURNING,True,ok,1.0,13.525700010746124,0.052771054999993794,0.04015177699989181,2.3000000000000003,0.016,-2.785300729014904,0.0,-0.0007697243723458597,-0.7697243723458597,-0.005347767126872032,0.0,0.0,0.0,-4.6597963489401095e-08,0.00016837875812737412,0.72,0.35,0.68,0.3,0.0,-1.630928722129038e-08,0.0,5.0513627438212235e-05,-0.49118210538832324,-0.49118210538832324,-0.49118210538832324,0.14748506993224764,0.14748506993224764,0.42508958040651423,medium,1.12,1.0,-0.4385049539214233,-5.0497318150990946e-05,0.55,0.46089084353827386,0.14748506993224764,-0.49118210538832324,0.18063986204595944,0.11433027781853582,0.18063986204595944,0.11433027781853582,0.18338058065206486,0.1403907227263702,0.18338058065206486,0.1403907227263702,0.0,-0.026060444907834393,-0.11610010507267193,-0.2764038466530923,-0.00046440042029068774,-0.006838913266335936,0.18017546162566875,0.10749136455219988,0.14383341308893433,-0.48456064715645913,0.17762498557567596,-0.2836955785751343,0.16188565168921754,-0.3184433920421825,1.8123490810394287,2.8163650035858154,3.321000099182129,lidar_disabled,1.0,False,1864.632344403
1785741773.7640517,41.66627359390259,v4,cascade_controller_v4,cascade_controller_v4_fast_smooth_true_cascade_pd_1_0,cascade_pd_tracking,follow_main,inner_wheel_pd,mild,,TURNING,UNKNOWN,UNKNOWN,DROPOUT,1,1,-11.8,-11.8,-11.927987374878287,0.0,-0.084,-0.08494437298593369,-0.08494437298593369,0.03239413847091757,0.016255807640542536,0.0,0.011337948464821149,-0.05776217363043491,0.004876742292162761,0.72,0.35,0.68,0.3,nan,nan,nan,nan,nan,1.0,0.3358100186651772,-0.050576344890981624,0.041547482873451,1.03,0.1649356456816775,0.1649356456816775,0.17492165225755033,0.09871916920045136,0.12687499821186066,0.0,0.0,0.35,0.0,-0.021374061138138185,-0.5225726676065957,0.09456522762775421,-0.028155829011409297,-0.6171378952343499,0.1649356456816775,0.11396150284000343,0.1765247068429107,0.1649356456816775,0.1276584218731901,0.17331859767218996,0.05097414284167408,0.037277223808487414,0.09368743401622215,0.045490688161302174,0.011589061161233186,0.00838295199051244,14.965214818085403,1.0,0.0,-0.25496582892281877,0.5154238927552423,0,0,0,0,0,0,0,0,0,nan,nan,3.072999954223633,1.0,0,0,0,2.2586770057678223,2.960354804992676,0.13194987693044827,2.5603716373443604,0.00023221969604492188,3.219409704208374,1.9929418563842773,1.432192087173462,0.6410839557647705,0.026630462999946758,0.06609444499986239,-0.011800000000000001,-0.011927987374878286,0.0,nan,nan,nan,nan,0.12080996235659677,0.1014586595050865,lidar_disabled,1,1,1,1,3,0,1,1,1,cascade_controller_v4,cascade_controller_v4_fast_smooth_true_cascade_pd_1_0,cascade_pd_tracking,follow_main,inner_wheel_pd,True,True,False,"[""cascade_controller_v4""]",False,UNKNOWN,UNKNOWN,DROPOUT,TURNING,True,ok,1.0,14.965214818085403,0.026630462999946758,0.06609444499986239,-11.8,-0.084,-0.25496582892281877,0.0,-0.011927987374878286,-11.927987374878287,-0.08494437298593369,0.0,0.0,-0.08494437298593369,0.03239413847091757,0.016255807640542536,0.72,0.35,0.68,0.3,0.0,0.011337948464821149,-0.05776217363043491,0.004876742292162761,0.0,0.0,0.0,0.1649356456816775,0.1649356456816775,0.3358100186651772,mild,1.03,1.0,-0.050576344890981624,0.041547482873451,0.35,0.5154238927552423,0.1649356456816775,0.0,0.1649356456816775,0.1649356456816775,0.1649356456816775,0.1649356456816775,0.11396150284000343,0.1276584218731901,0.11396150284000343,0.1276584218731901,0.05097414284167408,0.037277223808487414,0.09368743401622215,0.045490688161302174,0.011589061161233186,0.00838295199051244,0.1765247068429107,0.17331859767218996,0.17492165225755033,-0.021374061138138185,0.12687499821186066,0.09456522762775421,0.12080996235659677,0.1014586595050865,2.2586770057678223,2.960354804992676,3.072999954223633,lidar_disabled,1.0,False,1868.412349068
1785741774.5341249,42.43634629249573,v4,cascade_controller_v4,cascade_controller_v4_fast_smooth_true_cascade_pd_1_0,cascade_pd_tracking,follow_main,inner_wheel_pd,mild,,TURNING,UNKNOWN,UNKNOWN,DROPOUT,1,1,-11.8,-11.8,-11.927987374878287,0.0,-0.084,-0.08494437298593369,-0.08494437298593369,0.03239413847091757,0.016255807640542536,0.0,0.011337948464821149,-0.05776217363043491,0.004876742292162761,0.72,0.35,0.68,0.3,nan,nan,nan,nan,nan,1.0,0.3358100186651772,-0.050576344890981624,0.041547482873451,1.03,0.1649356456816775,0.1649356456816775,0.17492165225755033,0.09871916920045136,0.12687499821186066,0.0,0.0,0.35,0.0,-0.021374061138138185,-0.5225726676065957,0.09456522762775421,-0.028155829011409297,-0.6171378952343499,0.1649356456816775,0.11396150284000343,0.1765247068429107,0.1649356456816775,0.1276584218731901,0.17331859767218996,0.05097414284167408,0.037277223808487414,0.09368743401622215,0.045490688161302174,0.011589061161233186,0.00838295199051244,14.965214818085403,1.0,0.0,-0.25496582892281877,0.5154238927552423,0,0,0,0,0,0,0,0,0,nan,nan,3.072999954223633,1.0,0,0,0,2.2586770057678223,2.960354804992676,0.13194987693044827,3.3304431438446045,0.7703032493591309,8.96453857421875e-05,2.7630107402801514,2.202260971069336,1.411151647567749,0.026630462999946758,0.06609444499986239,-0.011800000000000001,-0.011927987374878286,0.0,nan,nan,nan,nan,0.12080996235659677,0.1014586595050865,lidar_disabled,1,1,1,1,3,0,1,1,1,cascade_controller_v4,cascade_controller_v4_fast_smooth_true_cascade_pd_1_0,cascade_pd_tracking,follow_main,inner_wheel_pd,True,True,False,"[""cascade_controller_v4""]",False,UNKNOWN,UNKNOWN,DROPOUT,TURNING,True,ok,1.0,14.965214818085403,0.026630462999946758,0.06609444499986239,-11.8,-0.084,-0.25496582892281877,0.0,-0.011927987374878286,-11.927987374878287,-0.08494437298593369,0.0,0.0,-0.08494437298593369,0.03239413847091757,0.016255807640542536,0.72,0.35,0.68,0.3,0.0,0.011337948464821149,-0.05776217363043491,0.004876742292162761,0.0,0.0,0.0,0.1649356456816775,0.1649356456816775,0.3358100186651772,mild,1.03,1.0,-0.050576344890981624,0.041547482873451,0.35,0.5154238927552423,0.1649356456816775,0.0,0.1649356456816775,0.1649356456816775,0.1649356456816775,0.1649356456816775,0.11396150284000343,0.1276584218731901,0.11396150284000343,0.1276584218731901,0.05097414284167408,0.037277223808487414,0.09368743401622215,0.045490688161302174,0.011589061161233186,0.00838295199051244,0.1765247068429107,0.17331859767218996,0.17492165225755033,-0.021374061138138185,0.12687499821186066,0.09456522762775421,0.12080996235659677,0.1014586595050865,2.2586770057678223,2.960354804992676,3.072999954223633,lidar_disabled,1.0,False,1868.412349068
1785741775.3946278,43.296849489212036,v4,cascade_controller_v4,cascade_controller_v4_fast_smooth_true_cascade_pd_1_0,cascade_pd_tracking,follow_main,inner_wheel_pd,mild,,TURNING,UNKNOWN,UNKNOWN,DROPOUT,1,1,-11.8,-11.8,-11.927987374878287,0.0,-0.084,-0.08494437298593369,-0.08494437298593369,0.03239413847091757,0.016255807640542536,0.0,0.011337948464821149,-0.05776217363043491,0.004876742292162761,0.72,0.35,0.68,0.3,nan,nan,nan,nan,nan,1.0,0.3358100186651772,-0.050576344890981624,0.041547482873451,1.03,0.1649356456816775,0.1649356456816775,0.17492165225755033,0.09871916920045136,0.12687499821186066,0.0,0.0,0.35,0.0,-0.021374061138138185,-0.5225726676065957,0.09456522762775421,-0.028155829011409297,-0.6171378952343499,0.1649356456816775,0.11396150284000343,0.1765247068429107,0.1649356456816775,0.1276584218731901,0.17331859767218996,0.05097414284167408,0.037277223808487414,0.09368743401622215,0.045490688161302174,0.011589061161233186,0.00838295199051244,14.965214818085403,1.0,0.0,-0.25496582892281877,0.5154238927552423,0,0,0,0,0,0,0,0,0,nan,nan,3.072999954223633,1.0,0,0,0,2.2586770057678223,2.960354804992676,0.13194987693044827,0.00015425682067871094,1.6308095455169678,0.8605966567993164,3.623518705368042,3.062769651412964,2.271660804748535,0.026630462999946758,0.06609444499986239,-0.011800000000000001,-0.011927987374878286,0.0,nan,nan,nan,nan,0.12080996235659677,0.1014586595050865,lidar_disabled,1,1,1,1,3,0,1,1,1,cascade_controller_v4,cascade_controller_v4_fast_smooth_true_cascade_pd_1_0,cascade_pd_tracking,follow_main,inner_wheel_pd,True,True,False,"[""cascade_controller_v4""]",False,UNKNOWN,UNKNOWN,DROPOUT,TURNING,True,ok,1.0,14.965214818085403,0.026630462999946758,0.06609444499986239,-11.8,-0.084,-0.25496582892281877,0.0,-0.011927987374878286,-11.927987374878287,-0.08494437298593369,0.0,0.0,-0.08494437298593369,0.03239413847091757,0.016255807640542536,0.72,0.35,0.68,0.3,0.0,0.011337948464821149,-0.05776217363043491,0.004876742292162761,0.0,0.0,0.0,0.1649356456816775,0.1649356456816775,0.3358100186651772,mild,1.03,1.0,-0.050576344890981624,0.041547482873451,0.35,0.5154238927552423,0.1649356456816775,0.0,0.1649356456816775,0.1649356456816775,0.1649356456816775,0.1649356456816775,0.11396150284000343,0.1276584218731901,0.11396150284000343,0.1276584218731901,0.05097414284167408,0.037277223808487414,0.09368743401622215,0.045490688161302174,0.011589061161233186,0.00838295199051244,0.1765247068429107,0.17331859767218996,0.17492165225755033,-0.021374061138138185,0.12687499821186066,0.09456522762775421,0.12080996235659677,0.1014586595050865,2.2586770057678223,2.960354804992676,3.072999954223633,lidar_disabled,1.0,False,1868.412349068
1785741776.127375,44.02959632873535,v4,cascade_controller_v4,cascade_controller_v4_fast_smooth_true_cascade_pd_1_0,cascade_pd_tracking,follow_main,inner_wheel_pd,mild,,TURNING,UNKNOWN,UNKNOWN,DROPOUT,1,1,-11.8,-11.8,-11.927987374878287,0.0,-0.084,-0.08494437298593369,-0.08494437298593369,0.03239413847091757,0.016255807640542536,0.0,0.011337948464821149,-0.05776217363043491,0.004876742292162761,0.72,0.35,0.68,0.3,nan,nan,nan,nan,nan,1.0,0.3358100186651772,-0.050576344890981624,0.041547482873451,1.03,0.1649356456816775,0.1649356456816775,0.17492165225755033,0.1084504686559104,0.12687499821186066,0.0,0.0,0.35,0.0,-0.021374061138138185,-0.2784785745338718,0.09456522762775421,-0.018424529555950253,-0.373043802161626,0.1649356456816775,0.11396150284000343,0.1765247068429107,0.1649356456816775,0.1276584218731901,0.17331859767218996,0.05097414284167408,0.037277223808487414,0.09368743401622215,0.045490688161302174,0.011589061161233186,0.00838295199051244,14.965214818085403,1.0,0.0,-0.25496582892281877,0.5154238927552423,0,0,0,0,0,0,0,0,0,nan,nan,3.072999954223633,1.0,0,0,0,2.2586770057678223,2.960354804992676,0.13194987693044827,0.732898473739624,2.3635528087615967,1.593339443206787,9.894371032714844e-05,3.79551100730896,3.004401922225952,0.026630462999946758,0.06609444499986239,-0.011800000000000001,-0.011927987374878286,0.0,nan,nan,nan,nan,0.12080996235659677,0.1014586595050865,lidar_disabled,1,1,1,1,3,0,1,1,1,cascade_controller_v4,cascade_controller_v4_fast_smooth_true_cascade_pd_1_0,cascade_pd_tracking,follow_main,inner_wheel_pd,True,True,False,"[""cascade_controller_v4""]",False,UNKNOWN,UNKNOWN,DROPOUT,TURNING,True,ok,1.0,14.965214818085403,0.026630462999946758,0.06609444499986239,-11.8,-0.084,-0.25496582892281877,0.0,-0.011927987374878286,-11.927987374878287,-0.08494437298593369,0.0,0.0,-0.08494437298593369,0.03239413847091757,0.016255807640542536,0.72,0.35,0.68,0.3,0.0,0.011337948464821149,-0.05776217363043491,0.004876742292162761,0.0,0.0,0.0,0.1649356456816775,0.1649356456816775,0.3358100186651772,mild,1.03,1.0,-0.050576344890981624,0.041547482873451,0.35,0.5154238927552423,0.1649356456816775,0.0,0.1649356456816775,0.1649356456816775,0.1649356456816775,0.1649356456816775,0.11396150284000343,0.1276584218731901,0.11396150284000343,0.1276584218731901,0.05097414284167408,0.037277223808487414,0.09368743401622215,0.045490688161302174,0.011589061161233186,0.00838295199051244,0.1765247068429107,0.17331859767218996,0.17492165225755033,-0.021374061138138185,0.12687499821186066,0.09456522762775421,0.12080996235659677,0.1014586595050865,2.2586770057678223,2.960354804992676,3.072999954223633,lidar_disabled,1.0,False,1868.412349068
1785741777.1495996,45.05182099342346,v4,cascade_controller_v4,cascade_controller_v4_fast_smooth_true_cascade_pd_1_0,cascade_pd_tracking,follow_main,inner_wheel_pd,mild,,TURNING,UNKNOWN,UNKNOWN,DROPOUT,1,1,-11.8,-11.8,-11.927987374878287,0.0,-0.084,-0.08494437298593369,-0.08494437298593369,0.03239413847091757,0.016255807640542536,0.0,0.011337948464821149,-0.05776217363043491,0.004876742292162761,0.72,0.35,0.68,0.3,nan,nan,nan,nan,nan,1.0,0.3358100186651772,-0.050576344890981624,0.041547482873451,1.03,0.1649356456816775,0.1649356456816775,0.17492165225755033,0.1084504686559104,0.12687499821186066,0.0,0.0,0.35,0.0,-0.021374061138138185,-0.2784785745338718,0.09456522762775421,-0.018424529555950253,-0.373043802161626,0.1649356456816775,0.11396150284000343,0.1765247068429107,0.1649356456816775,0.1276584218731901,0.17331859767218996,0.05097414284167408,0.037277223808487414,0.09368743401622215,0.045490688161302174,0.011589061161233186,0.00838295199051244,14.965214818085403,1.0,0.0,-0.25496582892281877,0.5154238927552423,0,0,0,0,0,0,0,0,0,nan,nan,3.072999954223633,1.0,0,0,0,2.2586770057678223,2.960354804992676,-0.7807305664855437,1.7551229000091553,3.385777235031128,2.6155638694763184,1.022322654724121,0.00010967254638671875,4.026625633239746,0.026630462999946758,0.06609444499986239,-0.011800000000000001,-0.011927987374878286,0.0,nan,nan,nan,nan,0.12080996235659677,0.1014586595050865,lidar_disabled,1,1,1,1,3,0,1,1,1,cascade_controller_v4,cascade_controller_v4_fast_smooth_true_cascade_pd_1_0,cascade_pd_tracking,follow_main,inner_wheel_pd,True,True,False,"[""cascade_controller_v4""]",False,UNKNOWN,UNKNOWN,DROPOUT,TURNING,True,ok,1.0,14.965214818085403,0.026630462999946758,0.06609444499986239,-11.8,-0.084,-0.25496582892281877,0.0,-0.011927987374878286,-11.927987374878287,-0.08494437298593369,0.0,0.0,-0.08494437298593369,0.03239413847091757,0.016255807640542536,0.72,0.35,0.68,0.3,0.0,0.011337948464821149,-0.05776217363043491,0.004876742292162761,0.0,0.0,0.0,0.1649356456816775,0.1649356456816775,0.3358100186651772,mild,1.03,1.0,-0.050576344890981624,0.041547482873451,0.35,0.5154238927552423,0.1649356456816775,0.0,0.1649356456816775,0.1649356456816775,0.1649356456816775,0.1649356456816775,0.11396150284000343,0.1276584218731901,0.11396150284000343,0.1276584218731901,0.05097414284167408,0.037277223808487414,0.09368743401622215,0.045490688161302174,0.011589061161233186,0.00838295199051244,0.1765247068429107,0.17331859767218996,0.17492165225755033,-0.021374061138138185,0.12687499821186066,0.09456522762775421,0.12080996235659677,0.1014586595050865,2.2586770057678223,2.960354804992676,3.072999954223633,lidar_disabled,1.0,False,1868.412349068
1785741778.0348535,45.93707489967346,v4,cascade_controller_v4,cascade_controller_v4_fast_smooth_true_cascade_pd_1_0,cascade_pd_tracking,follow_main,inner_wheel_pd,mild,,TURNING,UNKNOWN,UNKNOWN,DROPOUT,1,1,-11.8,-11.8,-11.927987374878287,0.0,-0.084,-0.08494437298593369,-0.08494437298593369,0.03239413847091757,0.016255807640542536,0.0,0.011337948464821149,-0.05776217363043491,0.004876742292162761,0.72,0.35,0.68,0.3,nan,nan,nan,nan,nan,1.0,0.3358100186651772,-0.050576344890981624,0.041547482873451,1.03,0.1649356456816775,0.1649356456816775,0.17492165225755033,0.1084504686559104,0.12687499821186066,0.0,0.0,0.35,0.0,-0.021374061138138185,-0.2784785745338718,0.09456522762775421,-0.018424529555950253,-0.373043802161626,0.1649356456816775,0.11396150284000343,0.1765247068429107,0.1649356456816775,0.1276584218731901,0.17331859767218996,0.05097414284167408,0.037277223808487414,0.09368743401622215,0.045490688161302174,0.011589061161233186,0.00838295199051244,14.965214818085403,1.0,0.0,-0.25496582892281877,0.5154238927552423,0,0,0,0,0,0,0,0,0,nan,nan,3.072999954223633,1.0,0,0,0,2.2586770057678223,2.960354804992676,-0.7807305664855437,2.6403770446777344,4.271031618118286,3.5008184909820557,1.9075775146484375,0.8853647708892822,0.00010418891906738281,0.026630462999946758,0.06609444499986239,-0.011800000000000001,-0.011927987374878286,0.0,nan,nan,nan,nan,0.12080996235659677,0.1014586595050865,lidar_disabled,1,1,1,1,3,0,1,1,1,cascade_controller_v4,cascade_controller_v4_fast_smooth_true_cascade_pd_1_0,cascade_pd_tracking,follow_main,inner_wheel_pd,True,True,False,"[""cascade_controller_v4""]",False,UNKNOWN,UNKNOWN,DROPOUT,TURNING,True,ok,1.0,14.965214818085403,0.026630462999946758,0.06609444499986239,-11.8,-0.084,-0.25496582892281877,0.0,-0.011927987374878286,-11.927987374878287,-0.08494437298593369,0.0,0.0,-0.08494437298593369,0.03239413847091757,0.016255807640542536,0.72,0.35,0.68,0.3,0.0,0.011337948464821149,-0.05776217363043491,0.004876742292162761,0.0,0.0,0.0,0.1649356456816775,0.1649356456816775,0.3358100186651772,mild,1.03,1.0,-0.050576344890981624,0.041547482873451,0.35,0.5154238927552423,0.1649356456816775,0.0,0.1649356456816775,0.1649356456816775,0.1649356456816775,0.1649356456816775,0.11396150284000343,0.1276584218731901,0.11396150284000343,0.1276584218731901,0.05097414284167408,0.037277223808487414,0.09368743401622215,0.045490688161302174,0.011589061161233186,0.00838295199051244,0.1765247068429107,0.17331859767218996,0.17492165225755033,-0.021374061138138185,0.12687499821186066,0.09456522762775421,0.12080996235659677,0.1014586595050865,2.2586770057678223,2.960354804992676,3.072999954223633,lidar_disabled,1.0,False,1868.412349068
1785741778.7461479,46.64836931228638,v4,cascade_controller_v4,cascade_controller_v4_fast_smooth_true_cascade_pd_1_0,cascade_pd_tracking,follow_main,inner_wheel_pd,sharp,,TURNING,UNKNOWN,UNKNOWN,HOLD,1,1,-14.0,-14.0,-15.66070901963029,-15.66070901963029,-0.101,-0.11325179355542056,-0.11325179355542056,0.012245640434189551,0.09152489605707578,-0.011275710494133808,0.004285974151966343,-0.07701121961768599,0.027457468817122733,0.72,0.35,0.68,0.3,nan,nan,nan,nan,nan,1.0,0.8826779152760343,-0.30153188895789396,0.05654348714273073,1.18,0.11,0.11,0.11227208876807115,0.1084504686559104,0.09062499552965164,-0.2890863141418926,-0.2890863141418926,0.8,-0.2890863141418926,-0.2898827074466595,-0.2784785745338718,-0.22065216302871704,0.017825473126258762,-0.05782641150515477,0.12951332620457776,0.10992022959675753,0.13401329182657062,0.09048667379542225,0.0837496225810364,0.0905308857095717,0.01959309660782023,0.0,0.047371092068104116,0.011052978537363844,0.004499965621992867,4.421191414945538e-05,12.043864273679013,1.0,0.0,-2.092125961343817,0.34375,0,0,0,0,0,0,0,0,0,nan,nan,3.25,1.0,0,0,0,2.719935417175293,2.631932258605957,-0.7807305664855437,3.3516712188720703,0.0001392364501953125,4.212112188339233,2.6188721656799316,1.5966591835021973,0.7113986015319824,0.01692196299995885,0.07155735099991034,-0.014,-0.01566070901963029,-0.01566070901963029,nan,nan,nan,nan,0.09683492608889696,-0.1938563482646009,lidar_disabled,1,1,1,1,4,0,1,1,3,cascade_controller_v4,cascade_controller_v4_fast_smooth_true_cascade_pd_1_0,cascade_pd_tracking,follow_main,inner_wheel_pd,True,True,False,"[""cascade_controller_v4""]",False,UNKNOWN,UNKNOWN,HOLD,TURNING,True,ok,1.0,12.043864273679013,0.01692196299995885,0.07155735099991034,-14.0,-0.101,-2.092125961343817,0.0,-0.01566070901963029,-15.66070901963029,-0.11325179355542056,-0.01566070901963029,-15.66070901963029,-0.11325179355542056,0.012245640434189551,0.09152489605707578,0.72,0.35,0.68,0.3,-0.011275710494133808,0.004285974151966343,-0.07701121961768599,0.027457468817122733,-0.2890863141418926,-0.2890863141418926,-0.2890863141418926,0.11,0.11,0.8826779152760343,sharp,1.18,1.0,-0.30153188895789396,0.05654348714273073,0.8,0.34375,0.11,-0.2890863141418926,0.12951332620457776,0.09048667379542225,0.12951332620457776,0.09048667379542225,0.10992022959675753,0.0837496225810364,0.10992022959675753,0.0837496225810364,0.01959309660782023,0.0,0.047371092068104116,0.011052978537363844,0.004499965621992867,4.421191414945538e-05,0.13401329182657062,0.0905308857095717,0.11227208876807115,-0.2898827074466595,0.09062499552965164,-0.22065216302871704,0.09683492608889696,-0.1938563482646009,2.719935417175293,2.631932258605957,3.25,lidar_disabled,1.0,False,1873.450681546
1785741779.4576514,47.35987305641174,v4,cascade_controller_v4,cascade_controller_v4_fast_smooth_true_cascade_pd_1_0,cascade_pd_tracking,follow_main,inner_wheel_pd,sharp,,TURNING,UNKNOWN,UNKNOWN,HOLD,1,1,-14.0,-14.0,-15.66070901963029,-15.66070901963029,-0.101,-0.11325179355542056,-0.11325179355542056,0.012245640434189551,0.09152489605707578,-0.011275710494133808,0.004285974151966343,-0.07701121961768599,0.027457468817122733,0.72,0.35,0.68,0.3,nan,nan,nan,nan,nan,1.0,0.8826779152760343,-0.30153188895789396,0.05654348714273073,1.18,0.11,0.11,0.11227208876807115,0.1084504686559104,0.09062499552965164,-0.2890863141418926,-0.2890863141418926,0.8,-0.2890863141418926,-0.2898827074466595,-0.2784785745338718,-0.22065216302871704,0.017825473126258762,-0.05782641150515477,0.12951332620457776,0.10992022959675753,0.13401329182657062,0.09048667379542225,0.0837496225810364,0.0905308857095717,0.01959309660782023,0.0,0.047371092068104116,0.011052978537363844,0.004499965621992867,4.421191414945538e-05,12.043864273679013,1.0,0.0,-2.092125961343817,0.34375,0,0,0,0,0,0,0,0,0,nan,nan,3.25,1.0,0,0,0,2.719935417175293,2.631932258605957,-0.7807305664855437,4.063175678253174,0.7116446495056152,0.00010967254638671875,3.330376386642456,2.308164119720459,1.4229035377502441,0.01692196299995885,0.07155735099991034,-0.014,-0.01566070901963029,-0.01566070901963029,nan,nan,nan,nan,0.09683492608889696,-0.1938563482646009,lidar_disabled,1,1,1,1,4,0,1,1,3,cascade_controller_v4,cascade_controller_v4_fast_smooth_true_cascade_pd_1_0,cascade_pd_tracking,follow_main,inner_wheel_pd,True,True,False,"[""cascade_controller_v4""]",False,UNKNOWN,UNKNOWN,HOLD,TURNING,True,ok,1.0,12.043864273679013,0.01692196299995885,0.07155735099991034,-14.0,-0.101,-2.092125961343817,0.0,-0.01566070901963029,-15.66070901963029,-0.11325179355542056,-0.01566070901963029,-15.66070901963029,-0.11325179355542056,0.012245640434189551,0.09152489605707578,0.72,0.35,0.68,0.3,-0.011275710494133808,0.004285974151966343,-0.07701121961768599,0.027457468817122733,-0.2890863141418926,-0.2890863141418926,-0.2890863141418926,0.11,0.11,0.8826779152760343,sharp,1.18,1.0,-0.30153188895789396,0.05654348714273073,0.8,0.34375,0.11,-0.2890863141418926,0.12951332620457776,0.09048667379542225,0.12951332620457776,0.09048667379542225,0.10992022959675753,0.0837496225810364,0.10992022959675753,0.0837496225810364,0.01959309660782023,0.0,0.047371092068104116,0.011052978537363844,0.004499965621992867,4.421191414945538e-05,0.13401329182657062,0.0905308857095717,0.11227208876807115,-0.2898827074466595,0.09062499552965164,-0.22065216302871704,0.09683492608889696,-0.1938563482646009,2.719935417175293,2.631932258605957,3.25,lidar_disabled,1.0,False,1873.450681546
1785741780.1538336,48.05605506896973,v4,cascade_controller_v4,cascade_controller_v4_fast_smooth_true_cascade_pd_1_0,cascade_pd_tracking,follow_main,inner_wheel_pd,sharp,,TURNING,UNKNOWN,UNKNOWN,HOLD,1,1,-14.0,-14.0,-15.66070901963029,-15.66070901963029,-0.101,-0.11325179355542056,-0.11325179355542056,0.012245640434189551,0.09152489605707578,-0.011275710494133808,0.004285974151966343,-0.07701121961768599,0.027457468817122733,0.72,0.35,0.68,0.3,nan,nan,nan,nan,nan,1.0,0.8826779152760343,-0.30153188895789396,0.05654348714273073,1.18,0.11,0.11,0.11227208876807115,0.1084504686559104,0.09062499552965164,-0.2890863141418926,-0.2890863141418926,0.8,-0.2890863141418926,-0.2898827074466595,-0.2784785745338718,-0.22065216302871704,0.017825473126258762,-0.05782641150515477,0.12951332620457776,0.10992022959675753,0.13401329182657062,0.09048667379542225,0.0837496225810364,0.0905308857095717,0.01959309660782023,0.0,0.047371092068104116,0.011052978537363844,0.004499965621992867,4.421191414945538e-05,12.043864273679013,1.0,0.0,-2.092125961343817,0.34375,0,0,0,0,0,0,0,0,0,nan,nan,3.25,1.0,0,0,0,2.719935417175293,2.631932258605957,-0.7807305664855437,6.818771362304688e-05,1.4078245162963867,0.6962893009185791,4.026556015014648,3.004342794418335,2.119081735610962,0.01692196299995885,0.07155735099991034,-0.014,-0.01566070901963029,-0.01566070901963029,nan,nan,nan,nan,0.09683492608889696,-0.1938563482646009,lidar_disabled,1,1,1,1,4,0,1,1,3,cascade_controller_v4,cascade_controller_v4_fast_smooth_true_cascade_pd_1_0,cascade_pd_tracking,follow_main,inner_wheel_pd,True,True,False,"[""cascade_controller_v4""]",False,UNKNOWN,UNKNOWN,HOLD,TURNING,True,ok,1.0,12.043864273679013,0.01692196299995885,0.07155735099991034,-14.0,-0.101,-2.092125961343817,0.0,-0.01566070901963029,-15.66070901963029,-0.11325179355542056,-0.01566070901963029,-15.66070901963029,-0.11325179355542056,0.012245640434189551,0.09152489605707578,0.72,0.35,0.68,0.3,-0.011275710494133808,0.004285974151966343,-0.07701121961768599,0.027457468817122733,-0.2890863141418926,-0.2890863141418926,-0.2890863141418926,0.11,0.11,0.8826779152760343,sharp,1.18,1.0,-0.30153188895789396,0.05654348714273073,0.8,0.34375,0.11,-0.2890863141418926,0.12951332620457776,0.09048667379542225,0.12951332620457776,0.09048667379542225,0.10992022959675753,0.0837496225810364,0.10992022959675753,0.0837496225810364,0.01959309660782023,0.0,0.047371092068104116,0.011052978537363844,0.004499965621992867,4.421191414945538e-05,0.13401329182657062,0.0905308857095717,0.11227208876807115,-0.2898827074466595,0.09062499552965164,-0.22065216302871704,0.09683492608889696,-0.1938563482646009,2.719935417175293,2.631932258605957,3.25,lidar_disabled,1.0,False,1873.450681546
1785741780.7700162,48.67223763465881,v4,cascade_controller_v4,cascade_controller_v4_fast_smooth_true_cascade_pd_1_0,cascade_pd_tracking,follow_main,inner_wheel_pd,sharp,,TURNING,UNKNOWN,UNKNOWN,HOLD,1,1,-14.0,-14.0,-15.66070901963029,-15.66070901963029,-0.101,-0.11325179355542056,-0.11325179355542056,0.012245640434189551,0.09152489605707578,-0.011275710494133808,0.004285974151966343,-0.07701121961768599,0.027457468817122733,0.72,0.35,0.68,0.3,nan,nan,nan,nan,nan,1.0,0.8826779152760343,-0.30153188895789396,0.05654348714273073,1.18,0.11,0.11,0.11227208876807115,0.0,0.09062499552965164,-0.2890863141418926,-0.2890863141418926,0.8,-0.2890863141418926,-0.2898827074466595,0.0,-0.22065216302871704,-0.09062499552965164,0.22065216302871704,0.12951332620457776,0.10992022959675753,0.13401329182657062,0.09048667379542225,0.0837496225810364,0.0905308857095717,0.01959309660782023,0.0,0.047371092068104116,0.011052978537363844,0.004499965621992867,4.421191414945538e-05,12.043864273679013,1.0,0.0,-2.092125961343817,0.34375,0,0,0,0,0,0,0,0,0,nan,nan,3.25,1.0,0,0,0,2.719935417175293,2.631932258605957,-0.7807305664855437,0.61625075340271,2.0240070819854736,1.312471628189087,6.031990051269531e-05,3.6205246448516846,2.7352638244628906,0.01692196299995885,0.07155735099991034,-0.014,-0.01566070901963029,-0.01566070901963029,nan,nan,nan,nan,0.09683492608889696,-0.1938563482646009,lidar_disabled,1,1,1,1,4,0,1,1,3,cascade_controller_v4,cascade_controller_v4_fast_smooth_true_cascade_pd_1_0,cascade_pd_tracking,follow_main,inner_wheel_pd,True,True,False,"[""cascade_controller_v4""]",False,UNKNOWN,UNKNOWN,HOLD,TURNING,True,ok,1.0,12.043864273679013,0.01692196299995885,0.07155735099991034,-14.0,-0.101,-2.092125961343817,0.0,-0.01566070901963029,-15.66070901963029,-0.11325179355542056,-0.01566070901963029,-15.66070901963029,-0.11325179355542056,0.012245640434189551,0.09152489605707578,0.72,0.35,0.68,0.3,-0.011275710494133808,0.004285974151966343,-0.07701121961768599,0.027457468817122733,-0.2890863141418926,-0.2890863141418926,-0.2890863141418926,0.11,0.11,0.8826779152760343,sharp,1.18,1.0,-0.30153188895789396,0.05654348714273073,0.8,0.34375,0.11,-0.2890863141418926,0.12951332620457776,0.09048667379542225,0.12951332620457776,0.09048667379542225,0.10992022959675753,0.0837496225810364,0.10992022959675753,0.0837496225810364,0.01959309660782023,0.0,0.047371092068104116,0.011052978537363844,0.004499965621992867,4.421191414945538e-05,0.13401329182657062,0.0905308857095717,0.11227208876807115,-0.2898827074466595,0.09062499552965164,-0.22065216302871704,0.09683492608889696,-0.1938563482646009,2.719935417175293,2.631932258605957,3.25,lidar_disabled,1.0,False,1873.450681546
1785741781.2797449,49.18196630477905,v4,cascade_controller_v4,cascade_controller_v4_fast_smooth_true_cascade_pd_1_0,cascade_pd_tracking,follow_main,inner_wheel_pd,sharp,,TURNING,UNKNOWN,UNKNOWN,HOLD,1,1,-14.0,-14.0,-15.66070901963029,-15.66070901963029,-0.101,-0.11325179355542056,-0.11325179355542056,0.012245640434189551,0.09152489605707578,-0.011275710494133808,0.004285974151966343,-0.07701121961768599,0.027457468817122733,0.72,0.35,0.68,0.3,nan,nan,nan,nan,nan,1.0,0.8826779152760343,-0.30153188895789396,0.05654348714273073,1.18,0.11,0.11,0.11227208876807115,0.0,0.09062499552965164,-0.2890863141418926,-0.2890863141418926,0.8,-0.2890863141418926,-0.2898827074466595,0.0,-0.22065216302871704,-0.09062499552965164,0.22065216302871704,0.12951332620457776,0.10992022959675753,0.13401329182657062,0.09048667379542225,0.0837496225810364,0.0905308857095717,0.01959309660782023,0.0,0.047371092068104116,0.011052978537363844,0.004499965621992867,4.421191414945538e-05,12.043864273679013,1.0,0.0,-2.092125961343817,0.34375,0,0,0,0,0,0,0,0,0,nan,nan,3.25,1.0,0,0,0,2.719935417175293,2.631932258605957,-1.97152770507736,1.1259791851043701,2.533735513687134,1.8222005367279053,0.5097894668579102,6.29425048828125e-05,3.24499249458313,0.01692196299995885,0.07155735099991034,-0.014,-0.01566070901963029,-0.01566070901963029,nan,nan,nan,nan,0.09683492608889696,-0.1938563482646009,lidar_disabled,1,1,1,1,4,0,1,1,3,cascade_controller_v4,cascade_controller_v4_fast_smooth_true_cascade_pd_1_0,cascade_pd_tracking,follow_main,inner_wheel_pd,True,True,False,"[""cascade_controller_v4""]",False,UNKNOWN,UNKNOWN,HOLD,TURNING,True,ok,1.0,12.043864273679013,0.01692196299995885,0.07155735099991034,-14.0,-0.101,-2.092125961343817,0.0,-0.01566070901963029,-15.66070901963029,-0.11325179355542056,-0.01566070901963029,-15.66070901963029,-0.11325179355542056,0.012245640434189551,0.09152489605707578,0.72,0.35,0.68,0.3,-0.011275710494133808,0.004285974151966343,-0.07701121961768599,0.027457468817122733,-0.2890863141418926,-0.2890863141418926,-0.2890863141418926,0.11,0.11,0.8826779152760343,sharp,1.18,1.0,-0.30153188895789396,0.05654348714273073,0.8,0.34375,0.11,-0.2890863141418926,0.12951332620457776,0.09048667379542225,0.12951332620457776,0.09048667379542225,0.10992022959675753,0.0837496225810364,0.10992022959675753,0.0837496225810364,0.01959309660782023,0.0,0.047371092068104116,0.011052978537363844,0.004499965621992867,4.421191414945538e-05,0.13401329182657062,0.0905308857095717,0.11227208876807115,-0.2898827074466595,0.09062499552965164,-0.22065216302871704,0.09683492608889696,-0.1938563482646009,2.719935417175293,2.631932258605957,3.25,lidar_disabled,1.0,False,1873.450681546
1785741781.832188,49.73440933227539,v4,cascade_controller_v4,cascade_controller_v4_fast_smooth_true_cascade_pd_1_0,cascade_pd_tracking,follow_main,inner_wheel_pd,sharp,,TURNING,UNKNOWN,UNKNOWN,HOLD,1,1,-14.0,-14.0,-15.66070901963029,-15.66070901963029,-0.101,-0.11325179355542056,-0.11325179355542056,0.012245640434189551,0.09152489605707578,-0.011275710494133808,0.004285974151966343,-0.07701121961768599,0.027457468817122733,0.72,0.35,0.68,0.3,nan,nan,nan,nan,nan,1.0,0.8826779152760343,-0.30153188895789396,0.05654348714273073,1.18,0.11,0.11,0.11227208876807115,0.0,0.09062499552965164,-0.2890863141418926,-0.2890863141418926,0.8,-0.2890863141418926,-0.2898827074466595,0.0,-0.22065216302871704,-0.09062499552965164,0.22065216302871704,0.12951332620457776,0.10992022959675753,0.13401329182657062,0.09048667379542225,0.0837496225810364,0.0905308857095717,0.01959309660782023,0.0,0.047371092068104116,0.011052978537363844,0.004499965621992867,4.421191414945538e-05,12.043864273679013,1.0,0.0,-2.092125961343817,0.34375,0,0,0,0,0,0,0,0,0,nan,nan,3.25,1.0,0,0,0,2.719935417175293,2.631932258605957,-1.97152770507736,1.6784241199493408,3.086181640625,2.3746466636657715,1.0622360706329346,0.5525102615356445,0.00015878677368164062,0.01692196299995885,0.07155735099991034,-0.014,-0.01566070901963029,-0.01566070901963029,nan,nan,nan,nan,0.09683492608889696,-0.1938563482646009,lidar_disabled,1,1,1,1,4,0,1,1,3,cascade_controller_v4,cascade_controller_v4_fast_smooth_true_cascade_pd_1_0,cascade_pd_tracking,follow_main,inner_wheel_pd,True,True,False,"[""cascade_controller_v4""]",False,UNKNOWN,UNKNOWN,HOLD,TURNING,True,ok,1.0,12.043864273679013,0.01692196299995885,0.07155735099991034,-14.0,-0.101,-2.092125961343817,0.0,-0.01566070901963029,-15.66070901963029,-0.11325179355542056,-0.01566070901963029,-15.66070901963029,-0.11325179355542056,0.012245640434189551,0.09152489605707578,0.72,0.35,0.68,0.3,-0.011275710494133808,0.004285974151966343,-0.07701121961768599,0.027457468817122733,-0.2890863141418926,-0.2890863141418926,-0.2890863141418926,0.11,0.11,0.8826779152760343,sharp,1.18,1.0,-0.30153188895789396,0.05654348714273073,0.8,0.34375,0.11,-0.2890863141418926,0.12951332620457776,0.09048667379542225,0.12951332620457776,0.09048667379542225,0.10992022959675753,0.0837496225810364,0.10992022959675753,0.0837496225810364,0.01959309660782023,0.0,0.047371092068104116,0.011052978537363844,0.004499965621992867,4.421191414945538e-05,0.13401329182657062,0.0905308857095717,0.11227208876807115,-0.2898827074466595,0.09062499552965164,-0.22065216302871704,0.09683492608889696,-0.1938563482646009,2.719935417175293,2.631932258605957,3.25,lidar_disabled,1.0,False,1873.450681546
1785741782.6369824,50.53920388221741,v4,cascade_controller_v4,cascade_controller_v4_fast_smooth_true_cascade_pd_1_0,cascade_pd_tracking,follow_main,inner_wheel_pd,sharp,,TURNING,UNKNOWN,UNKNOWN,UNKNOWN,1,1,35.4,35.4,21.847585797721695,21.847585797721695,0.258,0.15812363110817518,0.15812363110817518,0.02140805521043237,0.15408047369545186,0.01573026177435962,0.007492819323651329,0.10752406915355912,0.046224142108635555,0.72,0.35,0.68,0.3,nan,nan,nan,nan,nan,1.0,0.6666342275919839,-0.06696515407227319,-0.17697129236020565,1.18,0.11,0.11,0.11144030998981577,0.0,0.1014999970793724,-0.287845006790325,-0.287845006790325,0.8,-0.287845006790325,-0.160478136002735,0.0,-0.8195652365684509,-0.1014999970793724,0.8195652365684509,0.12942953795834694,0.15489595580726442,0.1234761701900209,0.09057046204165306,0.05382389770309651,0.09940444978961065,-0.025466417848917483,0.03674656433855655,-0.08768896039104888,0.18743589836878516,-0.005953367768326042,0.008833987747957583,12.54191153300182,1.0,0.0,-0.2046824022943301,0.34375,0,0,0,0,0,0,0,0,0,nan,nan,3.4059998989105225,1.0,0,0,0,2.746384620666504,2.4590277671813965,-1.97152770507736,2.4832170009613037,7.748603820800781e-05,3.1794381141662598,1.8670268058776855,1.3573009967803955,0.8049492835998535,0.07569294399991122,0.0275812219999807,0.0354,0.021847585797721697,0.021847585797721697,nan,nan,nan,nan,0.10435992675518047,-0.7486819118827253,lidar_disabled,1,1,1,1,4,0,1,1,2,cascade_controller_v4,cascade_controller_v4_fast_smooth_true_cascade_pd_1_0,cascade_pd_tracking,follow_main,inner_wheel_pd,True,True,False,"[""cascade_controller_v4""]",False,UNKNOWN,UNKNOWN,UNKNOWN,TURNING,True,ok,1.0,12.54191153300182,0.07569294399991122,0.0275812219999807,35.4,0.258,-0.2046824022943301,0.0,0.021847585797721697,21.847585797721695,0.15812363110817518,0.021847585797721697,21.847585797721695,0.15812363110817518,0.02140805521043237,0.15408047369545186,0.72,0.35,0.68,0.3,0.01573026177435962,0.007492819323651329,0.10752406915355912,0.046224142108635555,-0.287845006790325,-0.287845006790325,-0.287845006790325,0.11,0.11,0.6666342275919839,sharp,1.18,1.0,-0.06696515407227319,-0.17697129236020565,0.8,0.34375,0.11,-0.287845006790325,0.12942953795834694,0.09057046204165306,0.12942953795834694,0.09057046204165306,0.15489595580726442,0.05382389770309651,0.15489595580726442,0.05382389770309651,-0.025466417848917483,0.03674656433855655,-0.08768896039104888,0.18743589836878516,-0.005953367768326042,0.008833987747957583,0.1234761701900209,0.09940444978961065,0.11144030998981577,-0.160478136002735,0.1014999970793724,-0.8195652365684509,0.10435992675518047,-0.7486819118827253,2.746384620666504,2.4590277671813965,3.4059998989105225,lidar_disabled,1.0,False,1874.992572101
1785741783.3176525,51.219873905181885,v4,cascade_controller_v4,cascade_controller_v4_fast_smooth_true_cascade_pd_1_0,cascade_pd_tracking,follow_main,inner_wheel_pd,sharp,,TURNING,UNKNOWN,UNKNOWN,UNKNOWN,1,1,35.4,35.4,21.847585797721695,21.847585797721695,0.258,0.15812363110817518,0.15812363110817518,0.02140805521043237,0.15408047369545186,0.01573026177435962,0.007492819323651329,0.10752406915355912,0.046224142108635555,0.72,0.35,0.68,0.3,nan,nan,nan,nan,nan,1.0,0.6666342275919839,-0.06696515407227319,-0.17697129236020565,1.18,0.11,0.11,0.11144030998981577,0.0,0.1014999970793724,-0.287845006790325,-0.287845006790325,0.8,-0.287845006790325,-0.160478136002735,0.0,-0.8195652365684509,-0.1014999970793724,0.8195652365684509,0.12942953795834694,0.15489595580726442,0.1234761701900209,0.09057046204165306,0.05382389770309651,0.09940444978961065,-0.025466417848917483,0.03674656433855655,-0.08768896039104888,0.18743589836878516,-0.005953367768326042,0.008833987747957583,12.54191153300182,1.0,0.0,-0.2046824022943301,0.34375,0,0,0,0,0,0,0,0,0,nan,nan,3.4059998989105225,1.0,0,0,0,2.746384620666504,2.4590277671813965,-1.97152770507736,3.1638872623443604,0.6807477474212646,6.866455078125e-05,2.547697067260742,2.037970781326294,1.485619306564331,0.07569294399991122,0.0275812219999807,0.0354,0.021847585797721697,0.021847585797721697,nan,nan,nan,nan,0.10435992675518047,-0.7486819118827253,lidar_disabled,1,1,1,1,4,0,1,1,2,cascade_controller_v4,cascade_controller_v4_fast_smooth_true_cascade_pd_1_0,cascade_pd_tracking,follow_main,inner_wheel_pd,True,True,False,"[""cascade_controller_v4""]",False,UNKNOWN,UNKNOWN,UNKNOWN,TURNING,True,ok,1.0,12.54191153300182,0.07569294399991122,0.0275812219999807,35.4,0.258,-0.2046824022943301,0.0,0.021847585797721697,21.847585797721695,0.15812363110817518,0.021847585797721697,21.847585797721695,0.15812363110817518,0.02140805521043237,0.15408047369545186,0.72,0.35,0.68,0.3,0.01573026177435962,0.007492819323651329,0.10752406915355912,0.046224142108635555,-0.287845006790325,-0.287845006790325,-0.287845006790325,0.11,0.11,0.6666342275919839,sharp,1.18,1.0,-0.06696515407227319,-0.17697129236020565,0.8,0.34375,0.11,-0.287845006790325,0.12942953795834694,0.09057046204165306,0.12942953795834694,0.09057046204165306,0.15489595580726442,0.05382389770309651,0.15489595580726442,0.05382389770309651,-0.025466417848917483,0.03674656433855655,-0.08768896039104888,0.18743589836878516,-0.005953367768326042,0.008833987747957583,0.1234761701900209,0.09940444978961065,0.11144030998981577,-0.160478136002735,0.1014999970793724,-0.8195652365684509,0.10435992675518047,-0.7486819118827253,2.746384620666504,2.4590277671813965,3.4059998989105225,lidar_disabled,1.0,False,1874.992572101
1785741784.0651958,51.96741724014282,v4,cascade_controller_v4,cascade_controller_v4_fast_smooth_true_cascade_pd_1_0,cascade_pd_tracking,follow_main,inner_wheel_pd,sharp,,TURNING,UNKNOWN,UNKNOWN,UNKNOWN,1,1,35.4,35.4,21.847585797721695,21.847585797721695,0.258,0.15812363110817518,0.15812363110817518,0.02140805521043237,0.15408047369545186,0.01573026177435962,0.007492819323651329,0.10752406915355912,0.046224142108635555,0.72,0.35,0.68,0.3,nan,nan,nan,nan,nan,1.0,0.6666342275919839,-0.06696515407227319,-0.17697129236020565,1.18,0.11,0.11,0.11144030998981577,0.0,0.1014999970793724,-0.287845006790325,-0.287845006790325,0.8,-0.287845006790325,-0.160478136002735,0.0,-0.8195652365684509,-0.1014999970793724,0.8195652365684509,0.12942953795834694,0.15489595580726442,0.1234761701900209,0.09057046204165306,0.05382389770309651,0.09940444978961065,-0.025466417848917483,0.03674656433855655,-0.08768896039104888,0.18743589836878516,-0.005953367768326042,0.008833987747957583,12.54191153300182,1.0,0.0,-0.2046824022943301,0.34375,0,0,0,0,0,0,0,0,0,nan,nan,3.4059998989105225,1.0,0,0,0,2.746384620666504,2.4590277671813965,-1.97152770507736,8.511543273925781e-05,1.4282915592193604,0.747612476348877,3.295241355895996,2.785515546798706,2.233163833618164,0.07569294399991122,0.0275812219999807,0.0354,0.021847585797721697,0.021847585797721697,nan,nan,nan,nan,0.10435992675518047,-0.7486819118827253,lidar_disabled,1,1,1,1,4,0,1,1,2,cascade_controller_v4,cascade_controller_v4_fast_smooth_true_cascade_pd_1_0,cascade_pd_tracking,follow_main,inner_wheel_pd,True,True,False,"[""cascade_controller_v4""]",False,UNKNOWN,UNKNOWN,UNKNOWN,TURNING,True,ok,1.0,12.54191153300182,0.07569294399991122,0.0275812219999807,35.4,0.258,-0.2046824022943301,0.0,0.021847585797721697,21.847585797721695,0.15812363110817518,0.021847585797721697,21.847585797721695,0.15812363110817518,0.02140805521043237,0.15408047369545186,0.72,0.35,0.68,0.3,0.01573026177435962,0.007492819323651329,0.10752406915355912,0.046224142108635555,-0.287845006790325,-0.287845006790325,-0.287845006790325,0.11,0.11,0.6666342275919839,sharp,1.18,1.0,-0.06696515407227319,-0.17697129236020565,0.8,0.34375,0.11,-0.287845006790325,0.12942953795834694,0.09057046204165306,0.12942953795834694,0.09057046204165306,0.15489595580726442,0.05382389770309651,0.15489595580726442,0.05382389770309651,-0.025466417848917483,0.03674656433855655,-0.08768896039104888,0.18743589836878516,-0.005953367768326042,0.008833987747957583,0.1234761701900209,0.09940444978961065,0.11144030998981577,-0.160478136002735,0.1014999970793724,-0.8195652365684509,0.10435992675518047,-0.7486819118827253,2.746384620666504,2.4590277671813965,3.4059998989105225,lidar_disabled,1.0,False,1874.992572101
1785741784.9049885,52.80721044540405,v4,cascade_controller_v4,cascade_controller_v4_fast_smooth_true_cascade_pd_1_0,cascade_pd_tracking,follow_main,inner_wheel_pd,sharp,,TURNING,UNKNOWN,UNKNOWN,UNKNOWN,1,1,35.4,35.4,21.847585797721695,21.847585797721695,0.258,0.15812363110817518,0.15812363110817518,0.02140805521043237,0.15408047369545186,0.01573026177435962,0.007492819323651329,0.10752406915355912,0.046224142108635555,0.72,0.35,0.68,0.3,nan,nan,nan,nan,nan,1.0,0.6666342275919839,-0.06696515407227319,-0.17697129236020565,1.18,0.11,0.11,0.11144030998981577,0.0,0.1014999970793724,-0.287845006790325,-0.287845006790325,0.8,-0.287845006790325,-0.160478136002735,0.0,-0.8195652365684509,-0.1014999970793724,0.8195652365684509,0.12942953795834694,0.15489595580726442,0.1234761701900209,0.09057046204165306,0.05382389770309651,0.09940444978961065,-0.025466417848917483,0.03674656433855655,-0.08768896039104888,0.18743589836878516,-0.005953367768326042,0.008833987747957583,12.54191153300182,1.0,0.0,-0.2046824022943301,0.34375,0,0,0,0,0,0,0,0,0,nan,nan,3.4059998989105225,1.0,0,0,0,2.746384620666504,2.4590277671813965,-1.97152770507736,0.839879035949707,2.2680859565734863,1.587407112121582,4.135036468505859,0.00014495849609375,3.0729591846466064,0.07569294399991122,0.0275812219999807,0.0354,0.021847585797721697,0.021847585797721697,nan,nan,nan,nan,0.10435992675518047,-0.7486819118827253,lidar_disabled,1,1,1,1,4,0,1,1,2,cascade_controller_v4,cascade_controller_v4_fast_smooth_true_cascade_pd_1_0,cascade_pd_tracking,follow_main,inner_wheel_pd,True,True,False,"[""cascade_controller_v4""]",False,UNKNOWN,UNKNOWN,UNKNOWN,TURNING,True,ok,1.0,12.54191153300182,0.07569294399991122,0.0275812219999807,35.4,0.258,-0.2046824022943301,0.0,0.021847585797721697,21.847585797721695,0.15812363110817518,0.021847585797721697,21.847585797721695,0.15812363110817518,0.02140805521043237,0.15408047369545186,0.72,0.35,0.68,0.3,0.01573026177435962,0.007492819323651329,0.10752406915355912,0.046224142108635555,-0.287845006790325,-0.287845006790325,-0.287845006790325,0.11,0.11,0.6666342275919839,sharp,1.18,1.0,-0.06696515407227319,-0.17697129236020565,0.8,0.34375,0.11,-0.287845006790325,0.12942953795834694,0.09057046204165306,0.12942953795834694,0.09057046204165306,0.15489595580726442,0.05382389770309651,0.15489595580726442,0.05382389770309651,-0.025466417848917483,0.03674656433855655,-0.08768896039104888,0.18743589836878516,-0.005953367768326042,0.008833987747957583,0.1234761701900209,0.09940444978961065,0.11144030998981577,-0.160478136002735,0.1014999970793724,-0.8195652365684509,0.10435992675518047,-0.7486819118827253,2.746384620666504,2.4590277671813965,3.4059998989105225,lidar_disabled,1.0,False,1874.992572101
1785741785.976973,53.879194498062134,v4,cascade_controller_v4,cascade_controller_v4_fast_smooth_true_cascade_pd_1_0,cascade_pd_tracking,follow_main,inner_wheel_pd,sharp,,TURNING,UNKNOWN,UNKNOWN,UNKNOWN,1,1,35.4,35.4,21.847585797721695,21.847585797721695,0.258,0.15812363110817518,0.15812363110817518,0.02140805521043237,0.15408047369545186,0.01573026177435962,0.007492819323651329,0.10752406915355912,0.046224142108635555,0.72,0.35,0.68,0.3,nan,nan,nan,nan,nan,1.0,0.6666342275919839,-0.06696515407227319,-0.17697129236020565,1.18,0.11,0.11,0.11144030998981577,0.0,0.1014999970793724,-0.287845006790325,-0.287845006790325,0.8,-0.287845006790325,-0.160478136002735,0.0,-0.8195652365684509,-0.1014999970793724,0.8195652365684509,0.12942953795834694,0.15489595580726442,0.1234761701900209,0.09057046204165306,0.05382389770309651,0.09940444978961065,-0.025466417848917483,0.03674656433855655,-0.08768896039104888,0.18743589836878516,-0.005953367768326042,0.008833987747957583,12.54191153300182,1.0,0.0,-0.2046824022943301,0.34375,0,0,0,0,0,0,0,0,0,nan,nan,3.4059998989105225,1.0,0,0,0,2.746384620666504,2.4590277671813965,-1.97152770507736,1.9118626117706299,3.34006929397583,2.659390449523926,5.207019567489624,1.0721278190612793,9.703636169433594e-05,0.07569294399991122,0.0275812219999807,0.0354,0.021847585797721697,0.021847585797721697,nan,nan,nan,nan,0.10435992675518047,-0.7486819118827253,lidar_disabled,1,1,1,1,4,0,1,1,2,cascade_controller_v4,cascade_controller_v4_fast_smooth_true_cascade_pd_1_0,cascade_pd_tracking,follow_main,inner_wheel_pd,True,True,False,"[""cascade_controller_v4""]",False,UNKNOWN,UNKNOWN,UNKNOWN,TURNING,True,ok,1.0,12.54191153300182,0.07569294399991122,0.0275812219999807,35.4,0.258,-0.2046824022943301,0.0,0.021847585797721697,21.847585797721695,0.15812363110817518,0.021847585797721697,21.847585797721695,0.15812363110817518,0.02140805521043237,0.15408047369545186,0.72,0.35,0.68,0.3,0.01573026177435962,0.007492819323651329,0.10752406915355912,0.046224142108635555,-0.287845006790325,-0.287845006790325,-0.287845006790325,0.11,0.11,0.6666342275919839,sharp,1.18,1.0,-0.06696515407227319,-0.17697129236020565,0.8,0.34375,0.11,-0.287845006790325,0.12942953795834694,0.09057046204165306,0.12942953795834694,0.09057046204165306,0.15489595580726442,0.05382389770309651,0.15489595580726442,0.05382389770309651,-0.025466417848917483,0.03674656433855655,-0.08768896039104888,0.18743589836878516,-0.005953367768326042,0.008833987747957583,0.1234761701900209,0.09940444978961065,0.11144030998981577,-0.160478136002735,0.1014999970793724,-0.8195652365684509,0.10435992675518047,-0.7486819118827253,2.746384620666504,2.4590277671813965,3.4059998989105225,lidar_disabled,1.0,False,1874.992572101
1785741786.848222,54.75044345855713,v4,cascade_controller_v4,cascade_controller_v4_fast_smooth_true_cascade_pd_1_0,cascade_pd_tracking,follow_main,inner_wheel_pd,sharp,,TURNING,UNKNOWN,UNKNOWN,UNKNOWN,1,1,35.4,35.4,21.847585797721695,21.847585797721695,0.258,0.15812363110817518,0.15812363110817518,0.02140805521043237,0.15408047369545186,0.01573026177435962,0.007492819323651329,0.10752406915355912,0.046224142108635555,0.72,0.35,0.68,0.3,nan,nan,nan,nan,nan,1.0,0.6666342275919839,-0.06696515407227319,-0.17697129236020565,1.18,0.11,0.11,0.11144030998981577,0.0,0.1014999970793724,-0.287845006790325,-0.287845006790325,0.8,-0.287845006790325,-0.160478136002735,0.0,-0.8195652365684509,-0.1014999970793724,0.8195652365684509,0.12942953795834694,0.15489595580726442,0.1234761701900209,0.09057046204165306,0.05382389770309651,0.09940444978961065,-0.025466417848917483,0.03674656433855655,-0.08768896039104888,0.18743589836878516,-0.005953367768326042,0.008833987747957583,12.54191153300182,1.0,0.0,-0.2046824022943301,0.34375,0,0,0,0,0,0,0,0,0,nan,nan,3.4059998989105225,1.0,0,0,0,2.746384620666504,2.4590277671813965,-1.97152770507736,6.961822509765625e-05,4.211317539215088,3.5306384563446045,6.078267574310303,1.943375825881958,0.8713455200195312,0.07569294399991122,0.0275812219999807,0.0354,0.021847585797721697,0.021847585797721697,nan,nan,nan,nan,0.10435992675518047,-0.7486819118827253,lidar_disabled,1,1,1,1,4,0,1,1,2,cascade_controller_v4,cascade_controller_v4_fast_smooth_true_cascade_pd_1_0,cascade_pd_tracking,follow_main,inner_wheel_pd,True,True,False,"[""cascade_controller_v4""]",False,UNKNOWN,UNKNOWN,UNKNOWN,TURNING,True,ok,1.0,12.54191153300182,0.07569294399991122,0.0275812219999807,35.4,0.258,-0.2046824022943301,0.0,0.021847585797721697,21.847585797721695,0.15812363110817518,0.021847585797721697,21.847585797721695,0.15812363110817518,0.02140805521043237,0.15408047369545186,0.72,0.35,0.68,0.3,0.01573026177435962,0.007492819323651329,0.10752406915355912,0.046224142108635555,-0.287845006790325,-0.287845006790325,-0.287845006790325,0.11,0.11,0.6666342275919839,sharp,1.18,1.0,-0.06696515407227319,-0.17697129236020565,0.8,0.34375,0.11,-0.287845006790325,0.12942953795834694,0.09057046204165306,0.12942953795834694,0.09057046204165306,0.15489595580726442,0.05382389770309651,0.15489595580726442,0.05382389770309651,-0.025466417848917483,0.03674656433855655,-0.08768896039104888,0.18743589836878516,-0.005953367768326042,0.008833987747957583,0.1234761701900209,0.09940444978961065,0.11144030998981577,-0.160478136002735,0.1014999970793724,-0.8195652365684509,0.10435992675518047,-0.7486819118827253,2.746384620666504,2.4590277671813965,3.4059998989105225,lidar_disabled,1.0,False,1874.992572101
1785741787.5186563,55.42087769508362,v4,cascade_controller_v4,cascade_controller_v4_fast_smooth_true_cascade_pd_1_0,cascade_pd_tracking,follow_main,inner_wheel_pd,sharp,,TURNING,UNKNOWN,UNKNOWN,UNKNOWN,1,1,35.4,35.4,21.847585797721695,21.847585797721695,0.258,0.15812363110817518,0.15812363110817518,0.02140805521043237,0.15408047369545186,0.01573026177435962,0.007492819323651329,0.10752406915355912,0.046224142108635555,0.72,0.35,0.68,0.3,nan,nan,nan,nan,nan,1.0,0.6666342275919839,-0.06696515407227319,-0.17697129236020565,1.18,0.11,0.11,0.11144030998981577,0.0,0.1014999970793724,-0.287845006790325,-0.287845006790325,0.8,-0.287845006790325,-0.160478136002735,0.0,-0.8195652365684509,-0.1014999970793724,0.8195652365684509,0.12942953795834694,0.15489595580726442,0.1234761701900209,0.09057046204165306,0.05382389770309651,0.09940444978961065,-0.025466417848917483,0.03674656433855655,-0.08768896039104888,0.18743589836878516,-0.005953367768326042,0.008833987747957583,12.54191153300182,1.0,0.0,-0.2046824022943301,0.34375,0,0,0,0,0,0,0,0,0,nan,nan,3.4059998989105225,1.0,0,0,0,2.746384620666504,2.4590277671813965,-1.97152770507736,0.6705048084259033,4.8817524909973145,4.20107364654541,6.748702526092529,0.0001499652862548828,1.5417799949645996,0.07569294399991122,0.0275812219999807,0.0354,0.021847585797721697,0.021847585797721697,nan,nan,nan,nan,0.10435992675518047,-0.7486819118827253,lidar_disabled,1,1,1,1,4,0,1,1,2,cascade_controller_v4,cascade_controller_v4_fast_smooth_true_cascade_pd_1_0,cascade_pd_tracking,follow_main,inner_wheel_pd,True,True,False,"[""cascade_controller_v4""]",False,UNKNOWN,UNKNOWN,UNKNOWN,TURNING,True,ok,1.0,12.54191153300182,0.07569294399991122,0.0275812219999807,35.4,0.258,-0.2046824022943301,0.0,0.021847585797721697,21.847585797721695,0.15812363110817518,0.021847585797721697,21.847585797721695,0.15812363110817518,0.02140805521043237,0.15408047369545186,0.72,0.35,0.68,0.3,0.01573026177435962,0.007492819323651329,0.10752406915355912,0.046224142108635555,-0.287845006790325,-0.287845006790325,-0.287845006790325,0.11,0.11,0.6666342275919839,sharp,1.18,1.0,-0.06696515407227319,-0.17697129236020565,0.8,0.34375,0.11,-0.287845006790325,0.12942953795834694,0.09057046204165306,0.12942953795834694,0.09057046204165306,0.15489595580726442,0.05382389770309651,0.15489595580726442,0.05382389770309651,-0.025466417848917483,0.03674656433855655,-0.08768896039104888,0.18743589836878516,-0.005953367768326042,0.008833987747957583,0.1234761701900209,0.09940444978961065,0.11144030998981577,-0.160478136002735,0.1014999970793724,-0.8195652365684509,0.10435992675518047,-0.7486819118827253,2.746384620666504,2.4590277671813965,3.4059998989105225,lidar_disabled,1.0,False,1874.992572101
1785741788.2224278,56.12464952468872,v4,cascade_controller_v4,cascade_controller_v4_fast_smooth_true_cascade_pd_1_0,cascade_pd_tracking,follow_main,inner_wheel_pd,sharp,,TURNING,UNKNOWN,UNKNOWN,UNKNOWN,1,1,35.4,35.4,21.847585797721695,21.847585797721695,0.258,0.15812363110817518,0.15812363110817518,0.02140805521043237,0.15408047369545186,0.01573026177435962,0.007492819323651329,0.10752406915355912,0.046224142108635555,0.72,0.35,0.68,0.3,nan,nan,nan,nan,nan,1.0,0.6666342275919839,-0.06696515407227319,-0.17697129236020565,1.18,0.11,0.11,0.11144030998981577,0.0,0.1014999970793724,-0.287845006790325,-0.287845006790325,0.8,-0.287845006790325,-0.160478136002735,0.0,-0.8195652365684509,-0.1014999970793724,0.8195652365684509,0.12942953795834694,0.15489595580726442,0.1234761701900209,0.09057046204165306,0.05382389770309651,0.09940444978961065,-0.025466417848917483,0.03674656433855655,-0.08768896039104888,0.18743589836878516,-0.005953367768326042,0.008833987747957583,12.54191153300182,1.0,0.0,-0.2046824022943301,0.34375,0,0,0,0,0,0,0,0,0,nan,nan,3.4059998989105225,1.0,0,0,0,2.746384620666504,2.4590277671813965,-1.97152770507736,1.3742761611938477,5.585523843765259,4.9048449993133545,7.4524736404418945,0.7039213180541992,7.653236389160156e-05,0.07569294399991122,0.0275812219999807,0.0354,0.021847585797721697,0.021847585797721697,nan,nan,nan,nan,0.10435992675518047,-0.7486819118827253,lidar_disabled,1,1,1,1,4,0,1,1,2,cascade_controller_v4,cascade_controller_v4_fast_smooth_true_cascade_pd_1_0,cascade_pd_tracking,follow_main,inner_wheel_pd,True,True,False,"[""cascade_controller_v4""]",False,UNKNOWN,UNKNOWN,UNKNOWN,TURNING,True,ok,1.0,12.54191153300182,0.07569294399991122,0.0275812219999807,35.4,0.258,-0.2046824022943301,0.0,0.021847585797721697,21.847585797721695,0.15812363110817518,0.021847585797721697,21.847585797721695,0.15812363110817518,0.02140805521043237,0.15408047369545186,0.72,0.35,0.68,0.3,0.01573026177435962,0.007492819323651329,0.10752406915355912,0.046224142108635555,-0.287845006790325,-0.287845006790325,-0.287845006790325,0.11,0.11,0.6666342275919839,sharp,1.18,1.0,-0.06696515407227319,-0.17697129236020565,0.8,0.34375,0.11,-0.287845006790325,0.12942953795834694,0.09057046204165306,0.12942953795834694,0.09057046204165306,0.15489595580726442,0.05382389770309651,0.15489595580726442,0.05382389770309651,-0.025466417848917483,0.03674656433855655,-0.08768896039104888,0.18743589836878516,-0.005953367768326042,0.008833987747957583,0.1234761701900209,0.09940444978961065,0.11144030998981577,-0.160478136002735,0.1014999970793724,-0.8195652365684509,0.10435992675518047,-0.7486819118827253,2.746384620666504,2.4590277671813965,3.4059998989105225,lidar_disabled,1.0,False,1874.992572101
1785741788.9697464,56.871968030929565,v4,cascade_controller_v4,cascade_controller_v4_fast_smooth_true_cascade_pd_1_0,cascade_pd_tracking,follow_main,inner_wheel_pd,sharp,,TURNING,UNKNOWN,UNKNOWN,UNKNOWN,1,1,35.4,35.4,21.847585797721695,21.847585797721695,0.258,0.15812363110817518,0.15812363110817518,0.02140805521043237,0.15408047369545186,0.01573026177435962,0.007492819323651329,0.10752406915355912,0.046224142108635555,0.72,0.35,0.68,0.3,nan,nan,nan,nan,nan,1.0,0.6666342275919839,-0.06696515407227319,-0.17697129236020565,1.18,0.11,0.11,0.11144030998981577,0.0,0.1014999970793724,-0.287845006790325,-0.287845006790325,0.8,-0.287845006790325,-0.160478136002735,0.0,-0.8195652365684509,-0.1014999970793724,0.8195652365684509,0.12942953795834694,0.15489595580726442,0.1234761701900209,0.09057046204165306,0.05382389770309651,0.09940444978961065,-0.025466417848917483,0.03674656433855655,-0.08768896039104888,0.18743589836878516,-0.005953367768326042,0.008833987747957583,12.54191153300182,1.0,0.0,-0.2046824022943301,0.34375,0,0,0,0,0,0,0,0,0,nan,nan,3.4059998989105225,1.0,0,0,0,2.746384620666504,2.4590277671813965,-1.97152770507736,9.632110595703125e-05,6.332842588424683,5.652163982391357,8.199792623519897,1.4512407779693604,0.74739670753479,0.07569294399991122,0.0275812219999807,0.0354,0.021847585797721697,0.021847585797721697,nan,nan,nan,nan,0.10435992675518047,-0.7486819118827253,lidar_disabled,1,1,1,1,4,0,1,1,2,cascade_controller_v4,cascade_controller_v4_fast_smooth_true_cascade_pd_1_0,cascade_pd_tracking,follow_main,inner_wheel_pd,True,True,False,"[""cascade_controller_v4""]",False,UNKNOWN,UNKNOWN,UNKNOWN,TURNING,True,ok,1.0,12.54191153300182,0.07569294399991122,0.0275812219999807,35.4,0.258,-0.2046824022943301,0.0,0.021847585797721697,21.847585797721695,0.15812363110817518,0.021847585797721697,21.847585797721695,0.15812363110817518,0.02140805521043237,0.15408047369545186,0.72,0.35,0.68,0.3,0.01573026177435962,0.007492819323651329,0.10752406915355912,0.046224142108635555,-0.287845006790325,-0.287845006790325,-0.287845006790325,0.11,0.11,0.6666342275919839,sharp,1.18,1.0,-0.06696515407227319,-0.17697129236020565,0.8,0.34375,0.11,-0.287845006790325,0.12942953795834694,0.09057046204165306,0.12942953795834694,0.09057046204165306,0.15489595580726442,0.05382389770309651,0.15489595580726442,0.05382389770309651,-0.025466417848917483,0.03674656433855655,-0.08768896039104888,0.18743589836878516,-0.005953367768326042,0.008833987747957583,0.1234761701900209,0.09940444978961065,0.11144030998981577,-0.160478136002735,0.1014999970793724,-0.8195652365684509,0.10435992675518047,-0.7486819118827253,2.746384620666504,2.4590277671813965,3.4059998989105225,lidar_disabled,1.0,False,1874.992572101
1785741789.5824761,57.484697580337524,v4,cascade_controller_v4,cascade_controller_v4_fast_smooth_true_cascade_pd_1_0,cascade_pd_tracking,follow_main,inner_wheel_pd,sharp,,TURNING,UNKNOWN,UNKNOWN,UNKNOWN,1,1,35.4,35.4,21.847585797721695,21.847585797721695,0.258,0.15812363110817518,0.15812363110817518,0.02140805521043237,0.15408047369545186,0.01573026177435962,0.007492819323651329,0.10752406915355912,0.046224142108635555,0.72,0.35,0.68,0.3,nan,nan,nan,nan,nan,1.0,0.6666342275919839,-0.06696515407227319,-0.17697129236020565,1.18,0.11,0.11,0.11144030998981577,0.0,0.1014999970793724,-0.287845006790325,-0.287845006790325,0.8,-0.287845006790325,-0.160478136002735,0.0,-0.8195652365684509,-0.1014999970793724,0.8195652365684509,0.12942953795834694,0.15489595580726442,0.1234761701900209,0.09057046204165306,0.05382389770309651,0.09940444978961065,-0.025466417848917483,0.03674656433855655,-0.08768896039104888,0.18743589836878516,-0.005953367768326042,0.008833987747957583,12.54191153300182,1.0,0.0,-0.2046824022943301,0.34375,0,0,0,0,0,0,0,0,0,nan,nan,3.4059998989105225,1.0,0,0,0,2.746384620666504,2.4590277671813965,-1.97152770507736,0.6128256320953369,6.9455718994140625,6.264892816543579,8.81252145767212,7.295608520507812e-05,1.3601243495941162,0.07569294399991122,0.0275812219999807,0.0354,0.021847585797721697,0.021847585797721697,nan,nan,nan,nan,0.10435992675518047,-0.7486819118827253,lidar_disabled,1,1,1,1,4,0,1,1,2,cascade_controller_v4,cascade_controller_v4_fast_smooth_true_cascade_pd_1_0,cascade_pd_tracking,follow_main,inner_wheel_pd,True,True,False,"[""cascade_controller_v4""]",False,UNKNOWN,UNKNOWN,UNKNOWN,TURNING,True,ok,1.0,12.54191153300182,0.07569294399991122,0.0275812219999807,35.4,0.258,-0.2046824022943301,0.0,0.021847585797721697,21.847585797721695,0.15812363110817518,0.021847585797721697,21.847585797721695,0.15812363110817518,0.02140805521043237,0.15408047369545186,0.72,0.35,0.68,0.3,0.01573026177435962,0.007492819323651329,0.10752406915355912,0.046224142108635555,-0.287845006790325,-0.287845006790325,-0.287845006790325,0.11,0.11,0.6666342275919839,sharp,1.18,1.0,-0.06696515407227319,-0.17697129236020565,0.8,0.34375,0.11,-0.287845006790325,0.12942953795834694,0.09057046204165306,0.12942953795834694,0.09057046204165306,0.15489595580726442,0.05382389770309651,0.15489595580726442,0.05382389770309651,-0.025466417848917483,0.03674656433855655,-0.08768896039104888,0.18743589836878516,-0.005953367768326042,0.008833987747957583,0.1234761701900209,0.09940444978961065,0.11144030998981577,-0.160478136002735,0.1014999970793724,-0.8195652365684509,0.10435992675518047,-0.7486819118827253,2.746384620666504,2.4590277671813965,3.4059998989105225,lidar_disabled,1.0,False,1874.992572101
1785741790.3382742,58.240495920181274,v4,cascade_controller_v4,cascade_controller_v4_fast_smooth_true_cascade_pd_1_0,cascade_pd_tracking,follow_main,inner_wheel_pd,sharp,,TURNING,UNKNOWN,UNKNOWN,UNKNOWN,1,1,35.4,35.4,21.847585797721695,21.847585797721695,0.258,0.15812363110817518,0.15812363110817518,0.02140805521043237,0.15408047369545186,0.01573026177435962,0.007492819323651329,0.10752406915355912,0.046224142108635555,0.72,0.35,0.68,0.3,nan,nan,nan,nan,nan,1.0,0.6666342275919839,-0.06696515407227319,-0.17697129236020565,1.18,0.11,0.11,0.11144030998981577,0.0,0.1014999970793724,-0.287845006790325,-0.287845006790325,0.8,-0.287845006790325,-0.160478136002735,0.0,-0.8195652365684509,-0.1014999970793724,0.8195652365684509,0.12942953795834694,0.15489595580726442,0.1234761701900209,0.09057046204165306,0.05382389770309651,0.09940444978961065,-0.025466417848917483,0.03674656433855655,-0.08768896039104888,0.18743589836878516,-0.005953367768326042,0.008833987747957583,12.54191153300182,1.0,0.0,-0.2046824022943301,0.34375,0,0,0,0,0,0,0,0,0,nan,nan,3.4059998989105225,1.0,0,0,0,2.746384620666504,2.4590277671813965,-1.97152770507736,1.368624210357666,7.701371431350708,7.020692348480225,9.568321228027344,0.7558729648590088,0.0001251697540283203,0.07569294399991122,0.0275812219999807,0.0354,0.021847585797721697,0.021847585797721697,nan,nan,nan,nan,0.10435992675518047,-0.7486819118827253,lidar_disabled,1,1,1,1,4,0,1,1,2,cascade_controller_v4,cascade_controller_v4_fast_smooth_true_cascade_pd_1_0,cascade_pd_tracking,follow_main,inner_wheel_pd,True,True,False,"[""cascade_controller_v4""]",False,UNKNOWN,UNKNOWN,UNKNOWN,TURNING,True,ok,1.0,12.54191153300182,0.07569294399991122,0.0275812219999807,35.4,0.258,-0.2046824022943301,0.0,0.021847585797721697,21.847585797721695,0.15812363110817518,0.021847585797721697,21.847585797721695,0.15812363110817518,0.02140805521043237,0.15408047369545186,0.72,0.35,0.68,0.3,0.01573026177435962,0.007492819323651329,0.10752406915355912,0.046224142108635555,-0.287845006790325,-0.287845006790325,-0.287845006790325,0.11,0.11,0.6666342275919839,sharp,1.18,1.0,-0.06696515407227319,-0.17697129236020565,0.8,0.34375,0.11,-0.287845006790325,0.12942953795834694,0.09057046204165306,0.12942953795834694,0.09057046204165306,0.15489595580726442,0.05382389770309651,0.15489595580726442,0.05382389770309651,-0.025466417848917483,0.03674656433855655,-0.08768896039104888,0.18743589836878516,-0.005953367768326042,0.008833987747957583,0.1234761701900209,0.09940444978961065,0.11144030998981577,-0.160478136002735,0.1014999970793724,-0.8195652365684509,0.10435992675518047,-0.7486819118827253,2.746384620666504,2.4590277671813965,3.4059998989105225,lidar_disabled,1.0,False,1874.992572101
1785741791.2078564,59.11007833480835,v4,cascade_controller_v4,cascade_controller_v4_fast_smooth_true_cascade_pd_1_0,cascade_pd_tracking,follow_main,inner_wheel_pd,sharp,,TURNING,UNKNOWN,UNKNOWN,UNKNOWN,1,1,35.4,35.4,21.847585797721695,21.847585797721695,0.258,0.15812363110817518,0.15812363110817518,0.02140805521043237,0.15408047369545186,0.01573026177435962,0.007492819323651329,0.10752406915355912,0.046224142108635555,0.72,0.35,0.68,0.3,nan,nan,nan,nan,nan,1.0,0.6666342275919839,-0.06696515407227319,-0.17697129236020565,1.18,0.11,0.11,0.11144030998981577,0.0,0.1014999970793724,-0.287845006790325,-0.287845006790325,0.8,-0.287845006790325,-0.160478136002735,0.0,-0.8195652365684509,-0.1014999970793724,0.8195652365684509,0.12942953795834694,0.15489595580726442,0.1234761701900209,0.09057046204165306,0.05382389770309651,0.09940444978961065,-0.025466417848917483,0.03674656433855655,-0.08768896039104888,0.18743589836878516,-0.005953367768326042,0.008833987747957583,12.54191153300182,1.0,0.0,-0.2046824022943301,0.34375,0,0,0,0,0,0,0,0,0,nan,nan,3.4059998989105225,1.0,0,0,0,2.746384620666504,2.4590277671813965,-1.97152770507736,0.00014543533325195312,8.570954322814941,7.890276193618774,10.437905311584473,1.625457525253296,0.8697106838226318,0.07569294399991122,0.0275812219999807,0.0354,0.021847585797721697,0.021847585797721697,nan,nan,nan,nan,0.10435992675518047,-0.7486819118827253,lidar_disabled,1,1,1,1,4,0,1,1,2,cascade_controller_v4,cascade_controller_v4_fast_smooth_true_cascade_pd_1_0,cascade_pd_tracking,follow_main,inner_wheel_pd,True,True,False,"[""cascade_controller_v4""]",False,UNKNOWN,UNKNOWN,UNKNOWN,TURNING,True,ok,1.0,12.54191153300182,0.07569294399991122,0.0275812219999807,35.4,0.258,-0.2046824022943301,0.0,0.021847585797721697,21.847585797721695,0.15812363110817518,0.021847585797721697,21.847585797721695,0.15812363110817518,0.02140805521043237,0.15408047369545186,0.72,0.35,0.68,0.3,0.01573026177435962,0.007492819323651329,0.10752406915355912,0.046224142108635555,-0.287845006790325,-0.287845006790325,-0.287845006790325,0.11,0.11,0.6666342275919839,sharp,1.18,1.0,-0.06696515407227319,-0.17697129236020565,0.8,0.34375,0.11,-0.287845006790325,0.12942953795834694,0.09057046204165306,0.12942953795834694,0.09057046204165306,0.15489595580726442,0.05382389770309651,0.15489595580726442,0.05382389770309651,-0.025466417848917483,0.03674656433855655,-0.08768896039104888,0.18743589836878516,-0.005953367768326042,0.008833987747957583,0.1234761701900209,0.09940444978961065,0.11144030998981577,-0.160478136002735,0.1014999970793724,-0.8195652365684509,0.10435992675518047,-0.7486819118827253,2.746384620666504,2.4590277671813965,3.4059998989105225,lidar_disabled,1.0,False,1874.992572101
1785741792.1842191,60.08644080162048,v4,cascade_controller_v4,cascade_controller_v4_fast_smooth_true_cascade_pd_1_0,cascade_pd_tracking,follow_main,inner_wheel_pd,sharp,,TURNING,UNKNOWN,UNKNOWN,UNKNOWN,1,1,35.4,35.4,21.847585797721695,21.847585797721695,0.258,0.15812363110817518,0.15812363110817518,0.02140805521043237,0.15408047369545186,0.01573026177435962,0.007492819323651329,0.10752406915355912,0.046224142108635555,0.72,0.35,0.68,0.3,nan,nan,nan,nan,nan,1.0,0.6666342275919839,-0.06696515407227319,-0.17697129236020565,1.18,0.11,0.11,0.11144030998981577,0.0,0.1014999970793724,-0.287845006790325,-0.287845006790325,0.8,-0.287845006790325,-0.160478136002735,0.0,-0.8195652365684509,-0.1014999970793724,0.8195652365684509,0.12942953795834694,0.15489595580726442,0.1234761701900209,0.09057046204165306,0.05382389770309651,0.09940444978961065,-0.025466417848917483,0.03674656433855655,-0.08768896039104888,0.18743589836878516,-0.005953367768326042,0.008833987747957583,12.54191153300182,1.0,0.0,-0.2046824022943301,0.34375,0,0,0,0,0,0,0,0,0,nan,nan,3.4059998989105225,1.0,0,0,0,2.746384620666504,2.4590277671813965,-1.97152770507736,0.9765067100524902,9.547315120697021,8.866636514663696,11.414265394210815,9.369850158691406e-05,1.8460698127746582,0.07569294399991122,0.0275812219999807,0.0354,0.021847585797721697,0.021847585797721697,nan,nan,nan,nan,0.10435992675518047,-0.7486819118827253,lidar_disabled,1,1,1,1,4,0,1,1,2,cascade_controller_v4,cascade_controller_v4_fast_smooth_true_cascade_pd_1_0,cascade_pd_tracking,follow_main,inner_wheel_pd,True,True,False,"[""cascade_controller_v4""]",False,UNKNOWN,UNKNOWN,UNKNOWN,TURNING,True,ok,1.0,12.54191153300182,0.07569294399991122,0.0275812219999807,35.4,0.258,-0.2046824022943301,0.0,0.021847585797721697,21.847585797721695,0.15812363110817518,0.021847585797721697,21.847585797721695,0.15812363110817518,0.02140805521043237,0.15408047369545186,0.72,0.35,0.68,0.3,0.01573026177435962,0.007492819323651329,0.10752406915355912,0.046224142108635555,-0.287845006790325,-0.287845006790325,-0.287845006790325,0.11,0.11,0.6666342275919839,sharp,1.18,1.0,-0.06696515407227319,-0.17697129236020565,0.8,0.34375,0.11,-0.287845006790325,0.12942953795834694,0.09057046204165306,0.12942953795834694,0.09057046204165306,0.15489595580726442,0.05382389770309651,0.15489595580726442,0.05382389770309651,-0.025466417848917483,0.03674656433855655,-0.08768896039104888,0.18743589836878516,-0.005953367768326042,0.008833987747957583,0.1234761701900209,0.09940444978961065,0.11144030998981577,-0.160478136002735,0.1014999970793724,-0.8195652365684509,0.10435992675518047,-0.7486819118827253,2.746384620666504,2.4590277671813965,3.4059998989105225,lidar_disabled,1.0,False,1874.992572101
1785741792.930227,60.83244872093201,v4,cascade_controller_v4,cascade_controller_v4_fast_smooth_true_cascade_pd_1_0,cascade_pd_tracking,follow_main,inner_wheel_pd,sharp,,TURNING,UNKNOWN,UNKNOWN,UNKNOWN,1,1,35.4,35.4,21.847585797721695,21.847585797721695,0.258,0.15812363110817518,0.15812363110817518,0.02140805521043237,0.15408047369545186,0.01573026177435962,0.007492819323651329,0.10752406915355912,0.046224142108635555,0.72,0.35,0.68,0.3,nan,nan,nan,nan,nan,1.0,0.6666342275919839,-0.06696515407227319,-0.17697129236020565,1.18,0.11,0.11,0.11144030998981577,0.0,0.1014999970793724,-0.287845006790325,-0.287845006790325,0.8,-0.287845006790325,-0.160478136002735,0.0,-0.8195652365684509,-0.1014999970793724,0.8195652365684509,0.12942953795834694,0.15489595580726442,0.1234761701900209,0.09057046204165306,0.05382389770309651,0.09940444978961065,-0.025466417848917483,0.03674656433855655,-0.08768896039104888,0.18743589836878516,-0.005953367768326042,0.008833987747957583,12.54191153300182,1.0,0.0,-0.2046824022943301,0.34375,0,0,0,0,0,0,0,0,0,nan,nan,3.4059998989105225,1.0,0,0,0,2.746384620666504,2.4590277671813965,-1.97152770507736,1.7225143909454346,10.293323278427124,9.61264443397522,12.160273313522339,0.7461016178131104,0.00014066696166992188,0.07569294399991122,0.0275812219999807,0.0354,0.021847585797721697,0.021847585797721697,nan,nan,nan,nan,0.10435992675518047,-0.7486819118827253,lidar_disabled,1,1,1,1,4,0,1,1,2,cascade_controller_v4,cascade_controller_v4_fast_smooth_true_cascade_pd_1_0,cascade_pd_tracking,follow_main,inner_wheel_pd,True,True,False,"[""cascade_controller_v4""]",False,UNKNOWN,UNKNOWN,UNKNOWN,TURNING,True,ok,1.0,12.54191153300182,0.07569294399991122,0.0275812219999807,35.4,0.258,-0.2046824022943301,0.0,0.021847585797721697,21.847585797721695,0.15812363110817518,0.021847585797721697,21.847585797721695,0.15812363110817518,0.02140805521043237,0.15408047369545186,0.72,0.35,0.68,0.3,0.01573026177435962,0.007492819323651329,0.10752406915355912,0.046224142108635555,-0.287845006790325,-0.287845006790325,-0.287845006790325,0.11,0.11,0.6666342275919839,sharp,1.18,1.0,-0.06696515407227319,-0.17697129236020565,0.8,0.34375,0.11,-0.287845006790325,0.12942953795834694,0.09057046204165306,0.12942953795834694,0.09057046204165306,0.15489595580726442,0.05382389770309651,0.15489595580726442,0.05382389770309651,-0.025466417848917483,0.03674656433855655,-0.08768896039104888,0.18743589836878516,-0.005953367768326042,0.008833987747957583,0.1234761701900209,0.09940444978961065,0.11144030998981577,-0.160478136002735,0.1014999970793724,-0.8195652365684509,0.10435992675518047,-0.7486819118827253,2.746384620666504,2.4590277671813965,3.4059998989105225,lidar_disabled,1.0,False,1874.992572101
1785741793.8416119,61.74383330345154,v4,cascade_controller_v4,cascade_controller_v4_fast_smooth_true_cascade_pd_1_0,cascade_pd_tracking,follow_main,inner_wheel_pd,sharp,,TURNING,UNKNOWN,UNKNOWN,UNKNOWN,1,1,35.4,35.4,21.847585797721695,21.847585797721695,0.258,0.15812363110817518,0.15812363110817518,0.02140805521043237,0.15408047369545186,0.01573026177435962,0.007492819323651329,0.10752406915355912,0.046224142108635555,0.72,0.35,0.68,0.3,nan,nan,nan,nan,nan,1.0,0.6666342275919839,-0.06696515407227319,-0.17697129236020565,1.18,0.11,0.11,0.11144030998981577,0.0,0.1014999970793724,-0.287845006790325,-0.287845006790325,0.8,-0.287845006790325,-0.160478136002735,0.0,-0.8195652365684509,-0.1014999970793724,0.8195652365684509,0.12942953795834694,0.15489595580726442,0.1234761701900209,0.09057046204165306,0.05382389770309651,0.09940444978961065,-0.025466417848917483,0.03674656433855655,-0.08768896039104888,0.18743589836878516,-0.005953367768326042,0.008833987747957583,12.54191153300182,1.0,0.0,-0.2046824022943301,0.34375,0,0,0,0,0,0,0,0,0,nan,nan,3.4059998989105225,1.0,0,0,0,2.746384620666504,2.4590277671813965,-1.97152770507736,7.295608520507812e-05,11.204707384109497,10.524028301239014,13.071657180786133,1.6574854850769043,0.9115250110626221,0.07569294399991122,0.0275812219999807,0.0354,0.021847585797721697,0.021847585797721697,nan,nan,nan,nan,0.10435992675518047,-0.7486819118827253,lidar_disabled,1,1,1,1,4,0,1,1,2,cascade_controller_v4,cascade_controller_v4_fast_smooth_true_cascade_pd_1_0,cascade_pd_tracking,follow_main,inner_wheel_pd,True,True,False,"[""cascade_controller_v4""]",False,UNKNOWN,UNKNOWN,UNKNOWN,TURNING,True,ok,1.0,12.54191153300182,0.07569294399991122,0.0275812219999807,35.4,0.258,-0.2046824022943301,0.0,0.021847585797721697,21.847585797721695,0.15812363110817518,0.021847585797721697,21.847585797721695,0.15812363110817518,0.02140805521043237,0.15408047369545186,0.72,0.35,0.68,0.3,0.01573026177435962,0.007492819323651329,0.10752406915355912,0.046224142108635555,-0.287845006790325,-0.287845006790325,-0.287845006790325,0.11,0.11,0.6666342275919839,sharp,1.18,1.0,-0.06696515407227319,-0.17697129236020565,0.8,0.34375,0.11,-0.287845006790325,0.12942953795834694,0.09057046204165306,0.12942953795834694,0.09057046204165306,0.15489595580726442,0.05382389770309651,0.15489595580726442,0.05382389770309651,-0.025466417848917483,0.03674656433855655,-0.08768896039104888,0.18743589836878516,-0.005953367768326042,0.008833987747957583,0.1234761701900209,0.09940444978961065,0.11144030998981577,-0.160478136002735,0.1014999970793724,-0.8195652365684509,0.10435992675518047,-0.7486819118827253,2.746384620666504,2.4590277671813965,3.4059998989105225,lidar_disabled,1.0,False,1874.992572101
1785741794.537814,62.440035581588745,v4,cascade_controller_v4,cascade_controller_v4_fast_smooth_true_cascade_pd_1_0,cascade_pd_tracking,follow_main,inner_wheel_pd,sharp,,TURNING,UNKNOWN,UNKNOWN,UNKNOWN,1,1,35.4,35.4,21.847585797721695,21.847585797721695,0.258,0.15812363110817518,0.15812363110817518,0.02140805521043237,0.15408047369545186,0.01573026177435962,0.007492819323651329,0.10752406915355912,0.046224142108635555,0.72,0.35,0.68,0.3,nan,nan,nan,nan,nan,1.0,0.6666342275919839,-0.06696515407227319,-0.17697129236020565,1.18,0.11,0.11,0.11144030998981577,0.0,0.1014999970793724,-0.287845006790325,-0.287845006790325,0.8,-0.287845006790325,-0.160478136002735,0.0,-0.8195652365684509,-0.1014999970793724,0.8195652365684509,0.12942953795834694,0.15489595580726442,0.1234761701900209,0.09057046204165306,0.05382389770309651,0.09940444978961065,-0.025466417848917483,0.03674656433855655,-0.08768896039104888,0.18743589836878516,-0.005953367768326042,0.008833987747957583,12.54191153300182,1.0,0.0,-0.2046824022943301,0.34375,0,0,0,0,0,0,0,0,0,nan,nan,3.4059998989105225,1.0,0,0,0,2.746384620666504,2.4590277671813965,-1.97152770507736,0.6962754726409912,11.900909662246704,11.220231056213379,13.767859697341919,7.963180541992188e-05,1.607726812362671,0.07569294399991122,0.0275812219999807,0.0354,0.021847585797721697,0.021847585797721697,nan,nan,nan,nan,0.10435992675518047,-0.7486819118827253,lidar_disabled,1,1,1,1,4,0,1,1,2,cascade_controller_v4,cascade_controller_v4_fast_smooth_true_cascade_pd_1_0,cascade_pd_tracking,follow_main,inner_wheel_pd,True,True,False,"[""cascade_controller_v4""]",False,UNKNOWN,UNKNOWN,UNKNOWN,TURNING,True,ok,1.0,12.54191153300182,0.07569294399991122,0.0275812219999807,35.4,0.258,-0.2046824022943301,0.0,0.021847585797721697,21.847585797721695,0.15812363110817518,0.021847585797721697,21.847585797721695,0.15812363110817518,0.02140805521043237,0.15408047369545186,0.72,0.35,0.68,0.3,0.01573026177435962,0.007492819323651329,0.10752406915355912,0.046224142108635555,-0.287845006790325,-0.287845006790325,-0.287845006790325,0.11,0.11,0.6666342275919839,sharp,1.18,1.0,-0.06696515407227319,-0.17697129236020565,0.8,0.34375,0.11,-0.287845006790325,0.12942953795834694,0.09057046204165306,0.12942953795834694,0.09057046204165306,0.15489595580726442,0.05382389770309651,0.15489595580726442,0.05382389770309651,-0.025466417848917483,0.03674656433855655,-0.08768896039104888,0.18743589836878516,-0.005953367768326042,0.008833987747957583,0.1234761701900209,0.09940444978961065,0.11144030998981577,-0.160478136002735,0.1014999970793724,-0.8195652365684509,0.10435992675518047,-0.7486819118827253,2.746384620666504,2.4590277671813965,3.4059998989105225,lidar_disabled,1.0,False,1874.992572101
1785741795.5200934,63.42231488227844,v4,cascade_controller_v4,cascade_controller_v4_fast_smooth_true_cascade_pd_1_0,cascade_pd_tracking,follow_main,inner_wheel_pd,sharp,,TURNING,UNKNOWN,UNKNOWN,UNKNOWN,1,1,35.4,35.4,21.847585797721695,21.847585797721695,0.258,0.15812363110817518,0.15812363110817518,0.02140805521043237,0.15408047369545186,0.01573026177435962,0.007492819323651329,0.10752406915355912,0.046224142108635555,0.72,0.35,0.68,0.3,nan,nan,nan,nan,nan,1.0,0.6666342275919839,-0.06696515407227319,-0.17697129236020565,1.18,0.11,0.11,0.11144030998981577,0.0,0.1014999970793724,-0.287845006790325,-0.287845006790325,0.8,-0.287845006790325,-0.160478136002735,0.0,-0.8195652365684509,-0.1014999970793724,0.8195652365684509,0.12942953795834694,0.15489595580726442,0.1234761701900209,0.09057046204165306,0.05382389770309651,0.09940444978961065,-0.025466417848917483,0.03674656433855655,-0.08768896039104888,0.18743589836878516,-0.005953367768326042,0.008833987747957583,12.54191153300182,1.0,0.0,-0.2046824022943301,0.34375,0,0,0,0,0,0,0,0,0,nan,nan,3.4059998989105225,1.0,0,0,0,2.746384620666504,2.4590277671813965,-1.97152770507736,1.6785554885864258,12.883190155029297,12.20251178741455,14.75014042854309,0.9823606014251709,0.00010251998901367188,0.07569294399991122,0.0275812219999807,0.0354,0.021847585797721697,0.021847585797721697,nan,nan,nan,nan,0.10435992675518047,-0.7486819118827253,lidar_disabled,1,1,1,1,4,0,1,1,2,cascade_controller_v4,cascade_controller_v4_fast_smooth_true_cascade_pd_1_0,cascade_pd_tracking,follow_main,inner_wheel_pd,True,True,False,"[""cascade_controller_v4""]",False,UNKNOWN,UNKNOWN,UNKNOWN,TURNING,True,ok,1.0,12.54191153300182,0.07569294399991122,0.0275812219999807,35.4,0.258,-0.2046824022943301,0.0,0.021847585797721697,21.847585797721695,0.15812363110817518,0.021847585797721697,21.847585797721695,0.15812363110817518,0.02140805521043237,0.15408047369545186,0.72,0.35,0.68,0.3,0.01573026177435962,0.007492819323651329,0.10752406915355912,0.046224142108635555,-0.287845006790325,-0.287845006790325,-0.287845006790325,0.11,0.11,0.6666342275919839,sharp,1.18,1.0,-0.06696515407227319,-0.17697129236020565,0.8,0.34375,0.11,-0.287845006790325,0.12942953795834694,0.09057046204165306,0.12942953795834694,0.09057046204165306,0.15489595580726442,0.05382389770309651,0.15489595580726442,0.05382389770309651,-0.025466417848917483,0.03674656433855655,-0.08768896039104888,0.18743589836878516,-0.005953367768326042,0.008833987747957583,0.1234761701900209,0.09940444978961065,0.11144030998981577,-0.160478136002735,0.1014999970793724,-0.8195652365684509,0.10435992675518047,-0.7486819118827253,2.746384620666504,2.4590277671813965,3.4059998989105225,lidar_disabled,1.0,False,1874.992572101
1785741796.4012866,64.30350828170776,v4,cascade_controller_v4,cascade_controller_v4_fast_smooth_true_cascade_pd_1_0,cascade_pd_tracking,follow_main,inner_wheel_pd,sharp,,TURNING,UNKNOWN,UNKNOWN,UNKNOWN,1,1,35.4,35.4,21.847585797721695,21.847585797721695,0.258,0.15812363110817518,0.15812363110817518,0.02140805521043237,0.15408047369545186,0.01573026177435962,0.007492819323651329,0.10752406915355912,0.046224142108635555,0.72,0.35,0.68,0.3,nan,nan,nan,nan,nan,1.0,0.6666342275919839,-0.06696515407227319,-0.17697129236020565,1.18,0.11,0.11,0.11144030998981577,0.0,0.1014999970793724,-0.287845006790325,-0.287845006790325,0.8,-0.287845006790325,-0.160478136002735,0.0,-0.8195652365684509,-0.1014999970793724,0.8195652365684509,0.12942953795834694,0.15489595580726442,0.1234761701900209,0.09057046204165306,0.05382389770309651,0.09940444978961065,-0.025466417848917483,0.03674656433855655,-0.08768896039104888,0.18743589836878516,-0.005953367768326042,0.008833987747957583,12.54191153300182,1.0,0.0,-0.2046824022943301,0.34375,0,0,0,0,0,0,0,0,0,nan,nan,3.4059998989105225,1.0,0,0,0,2.746384620666504,2.4590277671813965,-1.97152770507736,9.942054748535156e-05,13.764382362365723,13.083703517913818,15.631332635879517,1.8635528087615967,0.8812940120697021,0.07569294399991122,0.0275812219999807,0.0354,0.021847585797721697,0.021847585797721697,nan,nan,nan,nan,0.10435992675518047,-0.7486819118827253,lidar_disabled,1,1,1,1,4,0,1,1,2,cascade_controller_v4,cascade_controller_v4_fast_smooth_true_cascade_pd_1_0,cascade_pd_tracking,follow_main,inner_wheel_pd,True,True,False,"[""cascade_controller_v4""]",False,UNKNOWN,UNKNOWN,UNKNOWN,TURNING,True,ok,1.0,12.54191153300182,0.07569294399991122,0.0275812219999807,35.4,0.258,-0.2046824022943301,0.0,0.021847585797721697,21.847585797721695,0.15812363110817518,0.021847585797721697,21.847585797721695,0.15812363110817518,0.02140805521043237,0.15408047369545186,0.72,0.35,0.68,0.3,0.01573026177435962,0.007492819323651329,0.10752406915355912,0.046224142108635555,-0.287845006790325,-0.287845006790325,-0.287845006790325,0.11,0.11,0.6666342275919839,sharp,1.18,1.0,-0.06696515407227319,-0.17697129236020565,0.8,0.34375,0.11,-0.287845006790325,0.12942953795834694,0.09057046204165306,0.12942953795834694,0.09057046204165306,0.15489595580726442,0.05382389770309651,0.15489595580726442,0.05382389770309651,-0.025466417848917483,0.03674656433855655,-0.08768896039104888,0.18743589836878516,-0.005953367768326042,0.008833987747957583,0.1234761701900209,0.09940444978961065,0.11144030998981577,-0.160478136002735,0.1014999970793724,-0.8195652365684509,0.10435992675518047,-0.7486819118827253,2.746384620666504,2.4590277671813965,3.4059998989105225,lidar_disabled,1.0,False,1874.992572101
1785741797.4079375,65.31015920639038,v4,cascade_controller_v4,cascade_controller_v4_fast_smooth_true_cascade_pd_1_0,cascade_pd_tracking,follow_main,inner_wheel_pd,sharp,,TURNING,UNKNOWN,UNKNOWN,UNKNOWN,1,1,35.4,35.4,21.847585797721695,21.847585797721695,0.258,0.15812363110817518,0.15812363110817518,0.02140805521043237,0.15408047369545186,0.01573026177435962,0.007492819323651329,0.10752406915355912,0.046224142108635555,0.72,0.35,0.68,0.3,nan,nan,nan,nan,nan,1.0,0.6666342275919839,-0.06696515407227319,-0.17697129236020565,1.18,0.11,0.11,0.11144030998981577,0.0,0.1014999970793724,-0.287845006790325,-0.287845006790325,0.8,-0.287845006790325,-0.160478136002735,0.0,-0.8195652365684509,-0.1014999970793724,0.8195652365684509,0.12942953795834694,0.15489595580726442,0.1234761701900209,0.09057046204165306,0.05382389770309651,0.09940444978961065,-0.025466417848917483,0.03674656433855655,-0.08768896039104888,0.18743589836878516,-0.005953367768326042,0.008833987747957583,12.54191153300182,1.0,0.0,-0.2046824022943301,0.34375,0,0,0,0,0,0,0,0,0,nan,nan,3.4059998989105225,1.0,0,0,0,2.746384620666504,2.4590277671813965,-1.97152770507736,1.0067508220672607,14.771034240722656,14.090355634689331,16.63798475265503,0.0001270771026611328,1.8879458904266357,0.07569294399991122,0.0275812219999807,0.0354,0.021847585797721697,0.021847585797721697,nan,nan,nan,nan,0.10435992675518047,-0.7486819118827253,lidar_disabled,1,1,1,1,4,0,1,1,2,cascade_controller_v4,cascade_controller_v4_fast_smooth_true_cascade_pd_1_0,cascade_pd_tracking,follow_main,inner_wheel_pd,True,True,False,"[""cascade_controller_v4""]",False,UNKNOWN,UNKNOWN,UNKNOWN,TURNING,True,ok,1.0,12.54191153300182,0.07569294399991122,0.0275812219999807,35.4,0.258,-0.2046824022943301,0.0,0.021847585797721697,21.847585797721695,0.15812363110817518,0.021847585797721697,21.847585797721695,0.15812363110817518,0.02140805521043237,0.15408047369545186,0.72,0.35,0.68,0.3,0.01573026177435962,0.007492819323651329,0.10752406915355912,0.046224142108635555,-0.287845006790325,-0.287845006790325,-0.287845006790325,0.11,0.11,0.6666342275919839,sharp,1.18,1.0,-0.06696515407227319,-0.17697129236020565,0.8,0.34375,0.11,-0.287845006790325,0.12942953795834694,0.09057046204165306,0.12942953795834694,0.09057046204165306,0.15489595580726442,0.05382389770309651,0.15489595580726442,0.05382389770309651,-0.025466417848917483,0.03674656433855655,-0.08768896039104888,0.18743589836878516,-0.005953367768326042,0.008833987747957583,0.1234761701900209,0.09940444978961065,0.11144030998981577,-0.160478136002735,0.1014999970793724,-0.8195652365684509,0.10435992675518047,-0.7486819118827253,2.746384620666504,2.4590277671813965,3.4059998989105225,lidar_disabled,1.0,False,1874.992572101
1785741798.2867699,66.18899130821228,v4,cascade_controller_v4,cascade_controller_v4_fast_smooth_true_cascade_pd_1_0,cascade_pd_tracking,follow_main,inner_wheel_pd,sharp,,TURNING,UNKNOWN,UNKNOWN,UNKNOWN,1,1,35.4,35.4,21.847585797721695,21.847585797721695,0.258,0.15812363110817518,0.15812363110817518,0.02140805521043237,0.15408047369545186,0.01573026177435962,0.007492819323651329,0.10752406915355912,0.046224142108635555,0.72,0.35,0.68,0.3,nan,nan,nan,nan,nan,1.0,0.6666342275919839,-0.06696515407227319,-0.17697129236020565,1.18,0.11,0.11,0.11144030998981577,0.0,0.1014999970793724,-0.287845006790325,-0.287845006790325,0.8,-0.287845006790325,-0.160478136002735,0.0,-0.8195652365684509,-0.1014999970793724,0.8195652365684509,0.12942953795834694,0.15489595580726442,0.1234761701900209,0.09057046204165306,0.05382389770309651,0.09940444978961065,-0.025466417848917483,0.03674656433855655,-0.08768896039104888,0.18743589836878516,-0.005953367768326042,0.008833987747957583,12.54191153300182,1.0,0.0,-0.2046824022943301,0.34375,0,0,0,0,0,0,0,0,0,nan,nan,3.4059998989105225,1.0,0,0,0,2.746384620666504,2.4590277671813965,-1.97152770507736,1.885582447052002,15.649865627288818,14.969186782836914,17.516815662384033,0.878957986831665,7.772445678710938e-05,0.07569294399991122,0.0275812219999807,0.0354,0.021847585797721697,0.021847585797721697,nan,nan,nan,nan,0.10435992675518047,-0.7486819118827253,lidar_disabled,1,1,1,1,4,0,1,1,2,cascade_controller_v4,cascade_controller_v4_fast_smooth_true_cascade_pd_1_0,cascade_pd_tracking,follow_main,inner_wheel_pd,True,True,False,"[""cascade_controller_v4""]",False,UNKNOWN,UNKNOWN,UNKNOWN,TURNING,True,ok,1.0,12.54191153300182,0.07569294399991122,0.0275812219999807,35.4,0.258,-0.2046824022943301,0.0,0.021847585797721697,21.847585797721695,0.15812363110817518,0.021847585797721697,21.847585797721695,0.15812363110817518,0.02140805521043237,0.15408047369545186,0.72,0.35,0.68,0.3,0.01573026177435962,0.007492819323651329,0.10752406915355912,0.046224142108635555,-0.287845006790325,-0.287845006790325,-0.287845006790325,0.11,0.11,0.6666342275919839,sharp,1.18,1.0,-0.06696515407227319,-0.17697129236020565,0.8,0.34375,0.11,-0.287845006790325,0.12942953795834694,0.09057046204165306,0.12942953795834694,0.09057046204165306,0.15489595580726442,0.05382389770309651,0.15489595580726442,0.05382389770309651,-0.025466417848917483,0.03674656433855655,-0.08768896039104888,0.18743589836878516,-0.005953367768326042,0.008833987747957583,0.1234761701900209,0.09940444978961065,0.11144030998981577,-0.160478136002735,0.1014999970793724,-0.8195652365684509,0.10435992675518047,-0.7486819118827253,2.746384620666504,2.4590277671813965,3.4059998989105225,lidar_disabled,1.0,False,1874.992572101
1785741799.0703206,66.97254204750061,v4,cascade_controller_v4,cascade_controller_v4_fast_smooth_true_cascade_pd_1_0,cascade_pd_tracking,follow_main,inner_wheel_pd,sharp,,TURNING,UNKNOWN,UNKNOWN,UNKNOWN,1,1,35.4,35.4,21.847585797721695,21.847585797721695,0.258,0.15812363110817518,0.15812363110817518,0.02140805521043237,0.15408047369545186,0.01573026177435962,0.007492819323651329,0.10752406915355912,0.046224142108635555,0.72,0.35,0.68,0.3,nan,nan,nan,nan,nan,1.0,0.6666342275919839,-0.06696515407227319,-0.17697129236020565,1.18,0.11,0.11,0.11144030998981577,0.0,0.1014999970793724,-0.287845006790325,-0.287845006790325,0.8,-0.287845006790325,-0.160478136002735,0.0,-0.8195652365684509,-0.1014999970793724,0.8195652365684509,0.12942953795834694,0.15489595580726442,0.1234761701900209,0.09057046204165306,0.05382389770309651,0.09940444978961065,-0.025466417848917483,0.03674656433855655,-0.08768896039104888,0.18743589836878516,-0.005953367768326042,0.008833987747957583,12.54191153300182,1.0,0.0,-0.2046824022943301,0.34375,0,0,0,0,0,0,0,0,0,nan,nan,3.4059998989105225,1.0,0,0,0,2.746384620666504,2.4590277671813965,-1.97152770507736,7.963180541992188e-05,16.43341636657715,15.752737522125244,18.300366401672363,1.6625087261199951,0.7836291790008545,0.07569294399991122,0.0275812219999807,0.0354,0.021847585797721697,0.021847585797721697,nan,nan,nan,nan,0.10435992675518047,-0.7486819118827253,lidar_disabled,1,1,1,1,4,0,1,1,2,cascade_controller_v4,cascade_controller_v4_fast_smooth_true_cascade_pd_1_0,cascade_pd_tracking,follow_main,inner_wheel_pd,True,True,False,"[""cascade_controller_v4""]",False,UNKNOWN,UNKNOWN,UNKNOWN,TURNING,True,ok,1.0,12.54191153300182,0.07569294399991122,0.0275812219999807,35.4,0.258,-0.2046824022943301,0.0,0.021847585797721697,21.847585797721695,0.15812363110817518,0.021847585797721697,21.847585797721695,0.15812363110817518,0.02140805521043237,0.15408047369545186,0.72,0.35,0.68,0.3,0.01573026177435962,0.007492819323651329,0.10752406915355912,0.046224142108635555,-0.287845006790325,-0.287845006790325,-0.287845006790325,0.11,0.11,0.6666342275919839,sharp,1.18,1.0,-0.06696515407227319,-0.17697129236020565,0.8,0.34375,0.11,-0.287845006790325,0.12942953795834694,0.09057046204165306,0.12942953795834694,0.09057046204165306,0.15489595580726442,0.05382389770309651,0.15489595580726442,0.05382389770309651,-0.025466417848917483,0.03674656433855655,-0.08768896039104888,0.18743589836878516,-0.005953367768326042,0.008833987747957583,0.1234761701900209,0.09940444978961065,0.11144030998981577,-0.160478136002735,0.1014999970793724,-0.8195652365684509,0.10435992675518047,-0.7486819118827253,2.746384620666504,2.4590277671813965,3.4059998989105225,lidar_disabled,1.0,False,1874.992572101
1785741799.7677083,67.66993021965027,v4,cascade_controller_v4,cascade_controller_v4_fast_smooth_true_cascade_pd_1_0,cascade_pd_tracking,follow_main,inner_wheel_pd,sharp,,TURNING,UNKNOWN,UNKNOWN,UNKNOWN,1,1,35.4,35.4,21.847585797721695,21.847585797721695,0.258,0.15812363110817518,0.15812363110817518,0.02140805521043237,0.15408047369545186,0.01573026177435962,0.007492819323651329,0.10752406915355912,0.046224142108635555,0.72,0.35,0.68,0.3,nan,nan,nan,nan,nan,1.0,0.6666342275919839,-0.06696515407227319,-0.17697129236020565,1.18,0.11,0.11,0.11144030998981577,0.0,0.1014999970793724,-0.287845006790325,-0.287845006790325,0.8,-0.287845006790325,-0.160478136002735,0.0,-0.8195652365684509,-0.1014999970793724,0.8195652365684509,0.12942953795834694,0.15489595580726442,0.1234761701900209,0.09057046204165306,0.05382389770309651,0.09940444978961065,-0.025466417848917483,0.03674656433855655,-0.08768896039104888,0.18743589836878516,-0.005953367768326042,0.008833987747957583,12.54191153300182,1.0,0.0,-0.2046824022943301,0.34375,0,0,0,0,0,0,0,0,0,nan,nan,3.4059998989105225,1.0,0,0,0,2.746384620666504,2.4590277671813965,-1.97152770507736,0.697467565536499,17.13080406188965,16.450125455856323,18.997754096984863,7.82012939453125e-05,1.4810161590576172,0.07569294399991122,0.0275812219999807,0.0354,0.021847585797721697,0.021847585797721697,nan,nan,nan,nan,0.10435992675518047,-0.7486819118827253,lidar_disabled,1,1,1,1,4,0,1,1,2,cascade_controller_v4,cascade_controller_v4_fast_smooth_true_cascade_pd_1_0,cascade_pd_tracking,follow_main,inner_wheel_pd,True,True,False,"[""cascade_controller_v4""]",False,UNKNOWN,UNKNOWN,UNKNOWN,TURNING,True,ok,1.0,12.54191153300182,0.07569294399991122,0.0275812219999807,35.4,0.258,-0.2046824022943301,0.0,0.021847585797721697,21.847585797721695,0.15812363110817518,0.021847585797721697,21.847585797721695,0.15812363110817518,0.02140805521043237,0.15408047369545186,0.72,0.35,0.68,0.3,0.01573026177435962,0.007492819323651329,0.10752406915355912,0.046224142108635555,-0.287845006790325,-0.287845006790325,-0.287845006790325,0.11,0.11,0.6666342275919839,sharp,1.18,1.0,-0.06696515407227319,-0.17697129236020565,0.8,0.34375,0.11,-0.287845006790325,0.12942953795834694,0.09057046204165306,0.12942953795834694,0.09057046204165306,0.15489595580726442,0.05382389770309651,0.15489595580726442,0.05382389770309651,-0.025466417848917483,0.03674656433855655,-0.08768896039104888,0.18743589836878516,-0.005953367768326042,0.008833987747957583,0.1234761701900209,0.09940444978961065,0.11144030998981577,-0.160478136002735,0.1014999970793724,-0.8195652365684509,0.10435992675518047,-0.7486819118827253,2.746384620666504,2.4590277671813965,3.4059998989105225,lidar_disabled,1.0,False,1874.992572101
1785741800.3988495,68.30107092857361,v4,cascade_controller_v4,cascade_controller_v4_fast_smooth_true_cascade_pd_1_0,cascade_pd_tracking,follow_main,inner_wheel_pd,sharp,,TURNING,UNKNOWN,UNKNOWN,UNKNOWN,1,1,35.4,35.4,21.847585797721695,21.847585797721695,0.258,0.15812363110817518,0.15812363110817518,0.02140805521043237,0.15408047369545186,0.01573026177435962,0.007492819323651329,0.10752406915355912,0.046224142108635555,0.72,0.35,0.68,0.3,nan,nan,nan,nan,nan,1.0,0.6666342275919839,-0.06696515407227319,-0.17697129236020565,1.18,0.11,0.11,0.11144030998981577,0.0,0.1014999970793724,-0.287845006790325,-0.287845006790325,0.8,-0.287845006790325,-0.160478136002735,0.0,-0.8195652365684509,-0.1014999970793724,0.8195652365684509,0.12942953795834694,0.15489595580726442,0.1234761701900209,0.09057046204165306,0.05382389770309651,0.09940444978961065,-0.025466417848917483,0.03674656433855655,-0.08768896039104888,0.18743589836878516,-0.005953367768326042,0.008833987747957583,12.54191153300182,1.0,0.0,-0.2046824022943301,0.34375,0,0,0,0,0,0,0,0,0,nan,nan,3.4059998989105225,1.0,0,0,0,2.746384620666504,2.4590277671813965,-1.97152770507736,1.328608512878418,17.761945247650146,17.0812668800354,19.62889552116394,0.6312196254730225,8.821487426757812e-05,0.07569294399991122,0.0275812219999807,0.0354,0.021847585797721697,0.021847585797721697,nan,nan,nan,nan,0.10435992675518047,-0.7486819118827253,lidar_disabled,1,1,1,1,4,0,1,1,2,cascade_controller_v4,cascade_controller_v4_fast_smooth_true_cascade_pd_1_0,cascade_pd_tracking,follow_main,inner_wheel_pd,True,True,False,"[""cascade_controller_v4""]",False,UNKNOWN,UNKNOWN,UNKNOWN,TURNING,True,ok,1.0,12.54191153300182,0.07569294399991122,0.0275812219999807,35.4,0.258,-0.2046824022943301,0.0,0.021847585797721697,21.847585797721695,0.15812363110817518,0.021847585797721697,21.847585797721695,0.15812363110817518,0.02140805521043237,0.15408047369545186,0.72,0.35,0.68,0.3,0.01573026177435962,0.007492819323651329,0.10752406915355912,0.046224142108635555,-0.287845006790325,-0.287845006790325,-0.287845006790325,0.11,0.11,0.6666342275919839,sharp,1.18,1.0,-0.06696515407227319,-0.17697129236020565,0.8,0.34375,0.11,-0.287845006790325,0.12942953795834694,0.09057046204165306,0.12942953795834694,0.09057046204165306,0.15489595580726442,0.05382389770309651,0.15489595580726442,0.05382389770309651,-0.025466417848917483,0.03674656433855655,-0.08768896039104888,0.18743589836878516,-0.005953367768326042,0.008833987747957583,0.1234761701900209,0.09940444978961065,0.11144030998981577,-0.160478136002735,0.1014999970793724,-0.8195652365684509,0.10435992675518047,-0.7486819118827253,2.746384620666504,2.4590277671813965,3.4059998989105225,lidar_disabled,1.0,False,1874.992572101
1785741801.1129968,69.01521825790405,v4,cascade_controller_v4,cascade_controller_v4_fast_smooth_true_cascade_pd_1_0,cascade_pd_tracking,follow_main,inner_wheel_pd,sharp,,TURNING,UNKNOWN,UNKNOWN,UNKNOWN,1,1,35.4,35.4,21.847585797721695,21.847585797721695,0.258,0.15812363110817518,0.15812363110817518,0.02140805521043237,0.15408047369545186,0.01573026177435962,0.007492819323651329,0.10752406915355912,0.046224142108635555,0.72,0.35,0.68,0.3,nan,nan,nan,nan,nan,1.0,0.6666342275919839,-0.06696515407227319,-0.17697129236020565,1.18,0.11,0.11,0.11144030998981577,0.0,0.1014999970793724,-0.287845006790325,-0.287845006790325,0.8,-0.287845006790325,-0.160478136002735,0.0,-0.8195652365684509,-0.1014999970793724,0.8195652365684509,0.12942953795834694,0.15489595580726442,0.1234761701900209,0.09057046204165306,0.05382389770309651,0.09940444978961065,-0.025466417848917483,0.03674656433855655,-0.08768896039104888,0.18743589836878516,-0.005953367768326042,0.008833987747957583,12.54191153300182,1.0,0.0,-0.2046824022943301,0.34375,0,0,0,0,0,0,0,0,0,nan,nan,3.4059998989105225,1.0,0,0,0,2.746384620666504,2.4590277671813965,-1.97152770507736,8.58306884765625e-05,18.47609257698059,17.795414209365845,20.343042850494385,1.345367193222046,0.7142360210418701,0.07569294399991122,0.0275812219999807,0.0354,0.021847585797721697,0.021847585797721697,nan,nan,nan,nan,0.10435992675518047,-0.7486819118827253,lidar_disabled,1,1,1,1,4,0,1,1,2,cascade_controller_v4,cascade_controller_v4_fast_smooth_true_cascade_pd_1_0,cascade_pd_tracking,follow_main,inner_wheel_pd,True,True,False,"[""cascade_controller_v4""]",False,UNKNOWN,UNKNOWN,UNKNOWN,TURNING,True,ok,1.0,12.54191153300182,0.07569294399991122,0.0275812219999807,35.4,0.258,-0.2046824022943301,0.0,0.021847585797721697,21.847585797721695,0.15812363110817518,0.021847585797721697,21.847585797721695,0.15812363110817518,0.02140805521043237,0.15408047369545186,0.72,0.35,0.68,0.3,0.01573026177435962,0.007492819323651329,0.10752406915355912,0.046224142108635555,-0.287845006790325,-0.287845006790325,-0.287845006790325,0.11,0.11,0.6666342275919839,sharp,1.18,1.0,-0.06696515407227319,-0.17697129236020565,0.8,0.34375,0.11,-0.287845006790325,0.12942953795834694,0.09057046204165306,0.12942953795834694,0.09057046204165306,0.15489595580726442,0.05382389770309651,0.15489595580726442,0.05382389770309651,-0.025466417848917483,0.03674656433855655,-0.08768896039104888,0.18743589836878516,-0.005953367768326042,0.008833987747957583,0.1234761701900209,0.09940444978961065,0.11144030998981577,-0.160478136002735,0.1014999970793724,-0.8195652365684509,0.10435992675518047,-0.7486819118827253,2.746384620666504,2.4590277671813965,3.4059998989105225,lidar_disabled,1.0,False,1874.992572101
1785741802.0969808,69.9992024898529,v4,cascade_controller_v4,cascade_controller_v4_fast_smooth_true_cascade_pd_1_0,cascade_pd_tracking,follow_main,inner_wheel_pd,sharp,,TURNING,UNKNOWN,UNKNOWN,UNKNOWN,1,1,35.4,35.4,21.847585797721695,21.847585797721695,0.258,0.15812363110817518,0.15812363110817518,0.02140805521043237,0.15408047369545186,0.01573026177435962,0.007492819323651329,0.10752406915355912,0.046224142108635555,0.72,0.35,0.68,0.3,nan,nan,nan,nan,nan,1.0,0.6666342275919839,-0.06696515407227319,-0.17697129236020565,1.18,0.11,0.11,0.11144030998981577,0.0,0.1014999970793724,-0.287845006790325,-0.287845006790325,0.8,-0.287845006790325,-0.160478136002735,0.0,-0.8195652365684509,-0.1014999970793724,0.8195652365684509,0.12942953795834694,0.15489595580726442,0.1234761701900209,0.09057046204165306,0.05382389770309651,0.09940444978961065,-0.025466417848917483,0.03674656433855655,-0.08768896039104888,0.18743589836878516,-0.005953367768326042,0.008833987747957583,12.54191153300182,1.0,0.0,-0.2046824022943301,0.34375,0,0,0,0,0,0,0,0,0,nan,nan,3.4059998989105225,1.0,0,0,0,2.746384620666504,2.4590277671813965,-1.97152770507736,0.9840700626373291,19.4600772857666,18.779398441314697,21.327027082443237,8.869171142578125e-05,1.6982204914093018,0.07569294399991122,0.0275812219999807,0.0354,0.021847585797721697,0.021847585797721697,nan,nan,nan,nan,0.10435992675518047,-0.7486819118827253,lidar_disabled,1,1,1,1,4,0,1,1,2,cascade_controller_v4,cascade_controller_v4_fast_smooth_true_cascade_pd_1_0,cascade_pd_tracking,follow_main,inner_wheel_pd,True,True,False,"[""cascade_controller_v4""]",False,UNKNOWN,UNKNOWN,UNKNOWN,TURNING,True,ok,1.0,12.54191153300182,0.07569294399991122,0.0275812219999807,35.4,0.258,-0.2046824022943301,0.0,0.021847585797721697,21.847585797721695,0.15812363110817518,0.021847585797721697,21.847585797721695,0.15812363110817518,0.02140805521043237,0.15408047369545186,0.72,0.35,0.68,0.3,0.01573026177435962,0.007492819323651329,0.10752406915355912,0.046224142108635555,-0.287845006790325,-0.287845006790325,-0.287845006790325,0.11,0.11,0.6666342275919839,sharp,1.18,1.0,-0.06696515407227319,-0.17697129236020565,0.8,0.34375,0.11,-0.287845006790325,0.12942953795834694,0.09057046204165306,0.12942953795834694,0.09057046204165306,0.15489595580726442,0.05382389770309651,0.15489595580726442,0.05382389770309651,-0.025466417848917483,0.03674656433855655,-0.08768896039104888,0.18743589836878516,-0.005953367768326042,0.008833987747957583,0.1234761701900209,0.09940444978961065,0.11144030998981577,-0.160478136002735,0.1014999970793724,-0.8195652365684509,0.10435992675518047,-0.7486819118827253,2.746384620666504,2.4590277671813965,3.4059998989105225,lidar_disabled,1.0,False,1874.992572101
1785741802.8797867,70.78200840950012,v4,cascade_controller_v4,cascade_controller_v4_fast_smooth_true_cascade_pd_1_0,cascade_pd_tracking,follow_main,inner_wheel_pd,sharp,,TURNING,UNKNOWN,UNKNOWN,UNKNOWN,1,1,35.4,35.4,21.847585797721695,21.847585797721695,0.258,0.15812363110817518,0.15812363110817518,0.02140805521043237,0.15408047369545186,0.01573026177435962,0.007492819323651329,0.10752406915355912,0.046224142108635555,0.72,0.35,0.68,0.3,nan,nan,nan,nan,nan,1.0,0.6666342275919839,-0.06696515407227319,-0.17697129236020565,1.18,0.11,0.11,0.11144030998981577,0.0,0.1014999970793724,-0.287845006790325,-0.287845006790325,0.8,-0.287845006790325,-0.160478136002735,0.0,-0.8195652365684509,-0.1014999970793724,0.8195652365684509,0.12942953795834694,0.15489595580726442,0.1234761701900209,0.09057046204165306,0.05382389770309651,0.09940444978961065,-0.025466417848917483,0.03674656433855655,-0.08768896039104888,0.18743589836878516,-0.005953367768326042,0.008833987747957583,12.54191153300182,1.0,0.0,-0.2046824022943301,0.34375,0,0,0,0,0,0,0,0,0,nan,nan,3.4059998989105225,1.0,0,0,0,2.746384620666504,2.4590277671813965,-1.97152770507736,1.7668755054473877,20.24288249015808,19.562203645706177,22.109832525253296,0.7828941345214844,0.00010037422180175781,0.07569294399991122,0.0275812219999807,0.0354,0.021847585797721697,0.021847585797721697,nan,nan,nan,nan,0.10435992675518047,-0.7486819118827253,lidar_disabled,1,1,1,1,4,0,1,1,2,cascade_controller_v4,cascade_controller_v4_fast_smooth_true_cascade_pd_1_0,cascade_pd_tracking,follow_main,inner_wheel_pd,True,True,False,"[""cascade_controller_v4""]",False,UNKNOWN,UNKNOWN,UNKNOWN,TURNING,True,ok,1.0,12.54191153300182,0.07569294399991122,0.0275812219999807,35.4,0.258,-0.2046824022943301,0.0,0.021847585797721697,21.847585797721695,0.15812363110817518,0.021847585797721697,21.847585797721695,0.15812363110817518,0.02140805521043237,0.15408047369545186,0.72,0.35,0.68,0.3,0.01573026177435962,0.007492819323651329,0.10752406915355912,0.046224142108635555,-0.287845006790325,-0.287845006790325,-0.287845006790325,0.11,0.11,0.6666342275919839,sharp,1.18,1.0,-0.06696515407227319,-0.17697129236020565,0.8,0.34375,0.11,-0.287845006790325,0.12942953795834694,0.09057046204165306,0.12942953795834694,0.09057046204165306,0.15489595580726442,0.05382389770309651,0.15489595580726442,0.05382389770309651,-0.025466417848917483,0.03674656433855655,-0.08768896039104888,0.18743589836878516,-0.005953367768326042,0.008833987747957583,0.1234761701900209,0.09940444978961065,0.11144030998981577,-0.160478136002735,0.1014999970793724,-0.8195652365684509,0.10435992675518047,-0.7486819118827253,2.746384620666504,2.4590277671813965,3.4059998989105225,lidar_disabled,1.0,False,1874.992572101
1785741803.833217,71.73543858528137,v4,cascade_controller_v4,cascade_controller_v4_fast_smooth_true_cascade_pd_1_0,cascade_pd_tracking,follow_main,inner_wheel_pd,sharp,,TURNING,UNKNOWN,UNKNOWN,UNKNOWN,1,1,35.4,35.4,21.847585797721695,21.847585797721695,0.258,0.15812363110817518,0.15812363110817518,0.02140805521043237,0.15408047369545186,0.01573026177435962,0.007492819323651329,0.10752406915355912,0.046224142108635555,0.72,0.35,0.68,0.3,nan,nan,nan,nan,nan,1.0,0.6666342275919839,-0.06696515407227319,-0.17697129236020565,1.18,0.11,0.11,0.11144030998981577,0.0,0.1014999970793724,-0.287845006790325,-0.287845006790325,0.8,-0.287845006790325,-0.160478136002735,0.0,-0.8195652365684509,-0.1014999970793724,0.8195652365684509,0.12942953795834694,0.15489595580726442,0.1234761701900209,0.09057046204165306,0.05382389770309651,0.09940444978961065,-0.025466417848917483,0.03674656433855655,-0.08768896039104888,0.18743589836878516,-0.005953367768326042,0.008833987747957583,12.54191153300182,1.0,0.0,-0.2046824022943301,0.34375,0,0,0,0,0,0,0,0,0,nan,nan,3.4059998989105225,1.0,0,0,0,2.746384620666504,2.4590277671813965,-1.97152770507736,7.319450378417969e-05,21.196312427520752,20.515633821487427,23.063262462615967,1.7363238334655762,0.9535305500030518,0.07569294399991122,0.0275812219999807,0.0354,0.021847585797721697,0.021847585797721697,nan,nan,nan,nan,0.10435992675518047,-0.7486819118827253,lidar_disabled,1,1,1,1,4,0,1,1,2,cascade_controller_v4,cascade_controller_v4_fast_smooth_true_cascade_pd_1_0,cascade_pd_tracking,follow_main,inner_wheel_pd,True,True,False,"[""cascade_controller_v4""]",False,UNKNOWN,UNKNOWN,UNKNOWN,TURNING,True,ok,1.0,12.54191153300182,0.07569294399991122,0.0275812219999807,35.4,0.258,-0.2046824022943301,0.0,0.021847585797721697,21.847585797721695,0.15812363110817518,0.021847585797721697,21.847585797721695,0.15812363110817518,0.02140805521043237,0.15408047369545186,0.72,0.35,0.68,0.3,0.01573026177435962,0.007492819323651329,0.10752406915355912,0.046224142108635555,-0.287845006790325,-0.287845006790325,-0.287845006790325,0.11,0.11,0.6666342275919839,sharp,1.18,1.0,-0.06696515407227319,-0.17697129236020565,0.8,0.34375,0.11,-0.287845006790325,0.12942953795834694,0.09057046204165306,0.12942953795834694,0.09057046204165306,0.15489595580726442,0.05382389770309651,0.15489595580726442,0.05382389770309651,-0.025466417848917483,0.03674656433855655,-0.08768896039104888,0.18743589836878516,-0.005953367768326042,0.008833987747957583,0.1234761701900209,0.09940444978961065,0.11144030998981577,-0.160478136002735,0.1014999970793724,-0.8195652365684509,0.10435992675518047,-0.7486819118827253,2.746384620666504,2.4590277671813965,3.4059998989105225,lidar_disabled,1.0,False,1874.992572101
1785741804.5283558,72.43057751655579,v4,cascade_controller_v4,cascade_controller_v4_fast_smooth_true_cascade_pd_1_0,cascade_pd_tracking,follow_main,inner_wheel_pd,sharp,,TURNING,UNKNOWN,UNKNOWN,UNKNOWN,1,1,35.4,35.4,21.847585797721695,21.847585797721695,0.258,0.15812363110817518,0.15812363110817518,0.02140805521043237,0.15408047369545186,0.01573026177435962,0.007492819323651329,0.10752406915355912,0.046224142108635555,0.72,0.35,0.68,0.3,nan,nan,nan,nan,nan,1.0,0.6666342275919839,-0.06696515407227319,-0.17697129236020565,1.18,0.11,0.11,0.11144030998981577,0.0,0.1014999970793724,-0.287845006790325,-0.287845006790325,0.8,-0.287845006790325,-0.160478136002735,0.0,-0.8195652365684509,-0.1014999970793724,0.8195652365684509,0.12942953795834694,0.15489595580726442,0.1234761701900209,0.09057046204165306,0.05382389770309651,0.09940444978961065,-0.025466417848917483,0.03674656433855655,-0.08768896039104888,0.18743589836878516,-0.005953367768326042,0.008833987747957583,12.54191153300182,1.0,0.0,-0.2046824022943301,0.34375,0,0,0,0,0,0,0,0,0,nan,nan,3.4059998989105225,1.0,0,0,0,2.746384620666504,2.4590277671813965,-1.97152770507736,0.6952128410339355,21.89145278930664,21.210774898529053,23.758403778076172,9.584426879882812e-05,1.6486728191375732,0.07569294399991122,0.0275812219999807,0.0354,0.021847585797721697,0.021847585797721697,nan,nan,nan,nan,0.10435992675518047,-0.7486819118827253,lidar_disabled,1,1,1,1,4,0,1,1,2,cascade_controller_v4,cascade_controller_v4_fast_smooth_true_cascade_pd_1_0,cascade_pd_tracking,follow_main,inner_wheel_pd,True,True,False,"[""cascade_controller_v4""]",False,UNKNOWN,UNKNOWN,UNKNOWN,TURNING,True,ok,1.0,12.54191153300182,0.07569294399991122,0.0275812219999807,35.4,0.258,-0.2046824022943301,0.0,0.021847585797721697,21.847585797721695,0.15812363110817518,0.021847585797721697,21.847585797721695,0.15812363110817518,0.02140805521043237,0.15408047369545186,0.72,0.35,0.68,0.3,0.01573026177435962,0.007492819323651329,0.10752406915355912,0.046224142108635555,-0.287845006790325,-0.287845006790325,-0.287845006790325,0.11,0.11,0.6666342275919839,sharp,1.18,1.0,-0.06696515407227319,-0.17697129236020565,0.8,0.34375,0.11,-0.287845006790325,0.12942953795834694,0.09057046204165306,0.12942953795834694,0.09057046204165306,0.15489595580726442,0.05382389770309651,0.15489595580726442,0.05382389770309651,-0.025466417848917483,0.03674656433855655,-0.08768896039104888,0.18743589836878516,-0.005953367768326042,0.008833987747957583,0.1234761701900209,0.09940444978961065,0.11144030998981577,-0.160478136002735,0.1014999970793724,-0.8195652365684509,0.10435992675518047,-0.7486819118827253,2.746384620666504,2.4590277671813965,3.4059998989105225,lidar_disabled,1.0,False,1874.992572101
1785741805.1327102,73.03493165969849,v4,cascade_controller_v4,cascade_controller_v4_fast_smooth_true_cascade_pd_1_0,cascade_pd_tracking,follow_main,inner_wheel_pd,sharp,,TURNING,UNKNOWN,UNKNOWN,UNKNOWN,1,1,35.4,35.4,21.847585797721695,21.847585797721695,0.258,0.15812363110817518,0.15812363110817518,0.02140805521043237,0.15408047369545186,0.01573026177435962,0.007492819323651329,0.10752406915355912,0.046224142108635555,0.72,0.35,0.68,0.3,nan,nan,nan,nan,nan,1.0,0.6666342275919839,-0.06696515407227319,-0.17697129236020565,1.18,0.11,0.11,0.11144030998981577,0.0,0.1014999970793724,-0.287845006790325,-0.287845006790325,0.8,-0.287845006790325,-0.160478136002735,0.0,-0.8195652365684509,-0.1014999970793724,0.8195652365684509,0.12942953795834694,0.15489595580726442,0.1234761701900209,0.09057046204165306,0.05382389770309651,0.09940444978961065,-0.025466417848917483,0.03674656433855655,-0.08768896039104888,0.18743589836878516,-0.005953367768326042,0.008833987747957583,12.54191153300182,1.0,0.0,-0.2046824022943301,0.34375,0,0,0,0,0,0,0,0,0,nan,nan,3.4059998989105225,1.0,0,0,0,2.746384620666504,2.4590277671813965,-1.97152770507736,1.2995657920837402,22.495805740356445,21.815126657485962,24.362755298614502,0.6044471263885498,6.699562072753906e-05,0.07569294399991122,0.0275812219999807,0.0354,0.021847585797721697,0.021847585797721697,nan,nan,nan,nan,0.10435992675518047,-0.7486819118827253,lidar_disabled,1,1,1,1,4,0,1,1,2,cascade_controller_v4,cascade_controller_v4_fast_smooth_true_cascade_pd_1_0,cascade_pd_tracking,follow_main,inner_wheel_pd,True,True,False,"[""cascade_controller_v4""]",False,UNKNOWN,UNKNOWN,UNKNOWN,TURNING,True,ok,1.0,12.54191153300182,0.07569294399991122,0.0275812219999807,35.4,0.258,-0.2046824022943301,0.0,0.021847585797721697,21.847585797721695,0.15812363110817518,0.021847585797721697,21.847585797721695,0.15812363110817518,0.02140805521043237,0.15408047369545186,0.72,0.35,0.68,0.3,0.01573026177435962,0.007492819323651329,0.10752406915355912,0.046224142108635555,-0.287845006790325,-0.287845006790325,-0.287845006790325,0.11,0.11,0.6666342275919839,sharp,1.18,1.0,-0.06696515407227319,-0.17697129236020565,0.8,0.34375,0.11,-0.287845006790325,0.12942953795834694,0.09057046204165306,0.12942953795834694,0.09057046204165306,0.15489595580726442,0.05382389770309651,0.15489595580726442,0.05382389770309651,-0.025466417848917483,0.03674656433855655,-0.08768896039104888,0.18743589836878516,-0.005953367768326042,0.008833987747957583,0.1234761701900209,0.09940444978961065,0.11144030998981577,-0.160478136002735,0.1014999970793724,-0.8195652365684509,0.10435992675518047,-0.7486819118827253,2.746384620666504,2.4590277671813965,3.4059998989105225,lidar_disabled,1.0,False,1874.992572101
1785741805.7119567,73.61417818069458,v4,cascade_controller_v4,cascade_controller_v4_fast_smooth_true_cascade_pd_1_0,cascade_pd_tracking,follow_main,inner_wheel_pd,sharp,,TURNING,UNKNOWN,UNKNOWN,UNKNOWN,1,1,35.4,35.4,21.847585797721695,21.847585797721695,0.258,0.15812363110817518,0.15812363110817518,0.02140805521043237,0.15408047369545186,0.01573026177435962,0.007492819323651329,0.10752406915355912,0.046224142108635555,0.72,0.35,0.68,0.3,nan,nan,nan,nan,nan,1.0,0.6666342275919839,-0.06696515407227319,-0.17697129236020565,1.18,0.11,0.11,0.11144030998981577,0.0,0.1014999970793724,-0.287845006790325,-0.287845006790325,0.8,-0.287845006790325,-0.160478136002735,0.0,-0.8195652365684509,-0.1014999970793724,0.8195652365684509,0.12942953795834694,0.15489595580726442,0.1234761701900209,0.09057046204165306,0.05382389770309651,0.09940444978961065,-0.025466417848917483,0.03674656433855655,-0.08768896039104888,0.18743589836878516,-0.005953367768326042,0.008833987747957583,12.54191153300182,1.0,0.0,-0.2046824022943301,0.34375,0,0,0,0,0,0,0,0,0,nan,nan,3.4059998989105225,1.0,0,0,0,2.746384620666504,2.4590277671813965,-1.97152770507736,6.794929504394531e-05,23.07505202293396,22.394373178482056,24.942001819610596,1.1836938858032227,0.5793144702911377,0.07569294399991122,0.0275812219999807,0.0354,0.021847585797721697,0.021847585797721697,nan,nan,nan,nan,0.10435992675518047,-0.7486819118827253,lidar_disabled,1,1,1,1,4,0,1,1,2,cascade_controller_v4,cascade_controller_v4_fast_smooth_true_cascade_pd_1_0,cascade_pd_tracking,follow_main,inner_wheel_pd,True,True,False,"[""cascade_controller_v4""]",False,UNKNOWN,UNKNOWN,UNKNOWN,TURNING,True,ok,1.0,12.54191153300182,0.07569294399991122,0.0275812219999807,35.4,0.258,-0.2046824022943301,0.0,0.021847585797721697,21.847585797721695,0.15812363110817518,0.021847585797721697,21.847585797721695,0.15812363110817518,0.02140805521043237,0.15408047369545186,0.72,0.35,0.68,0.3,0.01573026177435962,0.007492819323651329,0.10752406915355912,0.046224142108635555,-0.287845006790325,-0.287845006790325,-0.287845006790325,0.11,0.11,0.6666342275919839,sharp,1.18,1.0,-0.06696515407227319,-0.17697129236020565,0.8,0.34375,0.11,-0.287845006790325,0.12942953795834694,0.09057046204165306,0.12942953795834694,0.09057046204165306,0.15489595580726442,0.05382389770309651,0.15489595580726442,0.05382389770309651,-0.025466417848917483,0.03674656433855655,-0.08768896039104888,0.18743589836878516,-0.005953367768326042,0.008833987747957583,0.1234761701900209,0.09940444978961065,0.11144030998981577,-0.160478136002735,0.1014999970793724,-0.8195652365684509,0.10435992675518047,-0.7486819118827253,2.746384620666504,2.4590277671813965,3.4059998989105225,lidar_disabled,1.0,False,1874.992572101
1785741806.5829754,74.48519682884216,v4,cascade_controller_v4,cascade_controller_v4_fast_smooth_true_cascade_pd_1_0,cascade_pd_tracking,follow_main,inner_wheel_pd,sharp,,TURNING,UNKNOWN,UNKNOWN,UNKNOWN,1,1,35.4,35.4,21.847585797721695,21.847585797721695,0.258,0.15812363110817518,0.15812363110817518,0.02140805521043237,0.15408047369545186,0.01573026177435962,0.007492819323651329,0.10752406915355912,0.046224142108635555,0.72,0.35,0.68,0.3,nan,nan,nan,nan,nan,1.0,0.6666342275919839,-0.06696515407227319,-0.17697129236020565,1.18,0.11,0.11,0.11144030998981577,0.0,0.1014999970793724,-0.287845006790325,-0.287845006790325,0.8,-0.287845006790325,-0.160478136002735,0.0,-0.8195652365684509,-0.1014999970793724,0.8195652365684509,0.12942953795834694,0.15489595580726442,0.1234761701900209,0.09057046204165306,0.05382389770309651,0.09940444978961065,-0.025466417848917483,0.03674656433855655,-0.08768896039104888,0.18743589836878516,-0.005953367768326042,0.008833987747957583,12.54191153300182,1.0,0.0,-0.2046824022943301,0.34375,0,0,0,0,0,0,0,0,0,nan,nan,3.4059998989105225,1.0,0,0,0,2.746384620666504,2.4590277671813965,-1.97152770507736,0.871086835861206,23.94607186317444,23.265392780303955,25.813021421432495,8.058547973632812e-05,1.4503333568572998,0.07569294399991122,0.0275812219999807,0.0354,0.021847585797721697,0.021847585797721697,nan,nan,nan,nan,0.10435992675518047,-0.7486819118827253,lidar_disabled,1,1,1,1,4,0,1,1,2,cascade_controller_v4,cascade_controller_v4_fast_smooth_true_cascade_pd_1_0,cascade_pd_tracking,follow_main,inner_wheel_pd,True,True,False,"[""cascade_controller_v4""]",False,UNKNOWN,UNKNOWN,UNKNOWN,TURNING,True,ok,1.0,12.54191153300182,0.07569294399991122,0.0275812219999807,35.4,0.258,-0.2046824022943301,0.0,0.021847585797721697,21.847585797721695,0.15812363110817518,0.021847585797721697,21.847585797721695,0.15812363110817518,0.02140805521043237,0.15408047369545186,0.72,0.35,0.68,0.3,0.01573026177435962,0.007492819323651329,0.10752406915355912,0.046224142108635555,-0.287845006790325,-0.287845006790325,-0.287845006790325,0.11,0.11,0.6666342275919839,sharp,1.18,1.0,-0.06696515407227319,-0.17697129236020565,0.8,0.34375,0.11,-0.287845006790325,0.12942953795834694,0.09057046204165306,0.12942953795834694,0.09057046204165306,0.15489595580726442,0.05382389770309651,0.15489595580726442,0.05382389770309651,-0.025466417848917483,0.03674656433855655,-0.08768896039104888,0.18743589836878516,-0.005953367768326042,0.008833987747957583,0.1234761701900209,0.09940444978961065,0.11144030998981577,-0.160478136002735,0.1014999970793724,-0.8195652365684509,0.10435992675518047,-0.7486819118827253,2.746384620666504,2.4590277671813965,3.4059998989105225,lidar_disabled,1.0,False,1874.992572101
1785741807.3301191,75.2323408126831,v4,cascade_controller_v4,cascade_controller_v4_fast_smooth_true_cascade_pd_1_0,cascade_pd_tracking,follow_main,inner_wheel_pd,sharp,,TURNING,UNKNOWN,UNKNOWN,UNKNOWN,1,1,35.4,35.4,21.847585797721695,21.847585797721695,0.258,0.15812363110817518,0.15812363110817518,0.02140805521043237,0.15408047369545186,0.01573026177435962,0.007492819323651329,0.10752406915355912,0.046224142108635555,0.72,0.35,0.68,0.3,nan,nan,nan,nan,nan,1.0,0.6666342275919839,-0.06696515407227319,-0.17697129236020565,1.18,0.11,0.11,0.11144030998981577,0.0,0.1014999970793724,-0.287845006790325,-0.287845006790325,0.8,-0.287845006790325,-0.160478136002735,0.0,-0.8195652365684509,-0.1014999970793724,0.8195652365684509,0.12942953795834694,0.15489595580726442,0.1234761701900209,0.09057046204165306,0.05382389770309651,0.09940444978961065,-0.025466417848917483,0.03674656433855655,-0.08768896039104888,0.18743589836878516,-0.005953367768326042,0.008833987747957583,12.54191153300182,1.0,0.0,-0.2046824022943301,0.34375,0,0,0,0,0,0,0,0,0,nan,nan,3.4059998989105225,1.0,0,0,0,2.746384620666504,2.4590277671813965,-1.97152770507736,1.6182308197021484,24.6932156085968,24.012537002563477,26.560165643692017,0.7472248077392578,9.632110595703125e-05,0.07569294399991122,0.0275812219999807,0.0354,0.021847585797721697,0.021847585797721697,nan,nan,nan,nan,0.10435992675518047,-0.7486819118827253,lidar_disabled,1,1,1,1,4,0,1,1,2,cascade_controller_v4,cascade_controller_v4_fast_smooth_true_cascade_pd_1_0,cascade_pd_tracking,follow_main,inner_wheel_pd,True,True,False,"[""cascade_controller_v4""]",False,UNKNOWN,UNKNOWN,UNKNOWN,TURNING,True,ok,1.0,12.54191153300182,0.07569294399991122,0.0275812219999807,35.4,0.258,-0.2046824022943301,0.0,0.021847585797721697,21.847585797721695,0.15812363110817518,0.021847585797721697,21.847585797721695,0.15812363110817518,0.02140805521043237,0.15408047369545186,0.72,0.35,0.68,0.3,0.01573026177435962,0.007492819323651329,0.10752406915355912,0.046224142108635555,-0.287845006790325,-0.287845006790325,-0.287845006790325,0.11,0.11,0.6666342275919839,sharp,1.18,1.0,-0.06696515407227319,-0.17697129236020565,0.8,0.34375,0.11,-0.287845006790325,0.12942953795834694,0.09057046204165306,0.12942953795834694,0.09057046204165306,0.15489595580726442,0.05382389770309651,0.15489595580726442,0.05382389770309651,-0.025466417848917483,0.03674656433855655,-0.08768896039104888,0.18743589836878516,-0.005953367768326042,0.008833987747957583,0.1234761701900209,0.09940444978961065,0.11144030998981577,-0.160478136002735,0.1014999970793724,-0.8195652365684509,0.10435992675518047,-0.7486819118827253,2.746384620666504,2.4590277671813965,3.4059998989105225,lidar_disabled,1.0,False,1874.992572101
1785741807.968028,75.87024998664856,v4,cascade_controller_v4,cascade_controller_v4_fast_smooth_true_cascade_pd_1_0,cascade_pd_tracking,follow_main,inner_wheel_pd,sharp,,TURNING,UNKNOWN,UNKNOWN,UNKNOWN,1,1,35.4,35.4,21.847585797721695,21.847585797721695,0.258,0.15812363110817518,0.15812363110817518,0.02140805521043237,0.15408047369545186,0.01573026177435962,0.007492819323651329,0.10752406915355912,0.046224142108635555,0.72,0.35,0.68,0.3,nan,nan,nan,nan,nan,1.0,0.6666342275919839,-0.06696515407227319,-0.17697129236020565,1.18,0.11,0.11,0.11144030998981577,0.0,0.1014999970793724,-0.287845006790325,-0.287845006790325,0.8,-0.287845006790325,-0.160478136002735,0.0,-0.8195652365684509,-0.1014999970793724,0.8195652365684509,0.12942953795834694,0.15489595580726442,0.1234761701900209,0.09057046204165306,0.05382389770309651,0.09940444978961065,-0.025466417848917483,0.03674656433855655,-0.08768896039104888,0.18743589836878516,-0.005953367768326042,0.008833987747957583,12.54191153300182,1.0,0.0,-0.2046824022943301,0.34375,0,0,0,0,0,0,0,0,0,nan,nan,3.4059998989105225,1.0,0,0,0,2.746384620666504,2.4590277671813965,-1.97152770507736,9.179115295410156e-05,25.33112406730652,24.650445461273193,27.198074102401733,1.3851332664489746,0.6380047798156738,0.07569294399991122,0.0275812219999807,0.0354,0.021847585797721697,0.021847585797721697,nan,nan,nan,nan,0.10435992675518047,-0.7486819118827253,lidar_disabled,1,1,1,1,4,0,1,1,2,cascade_controller_v4,cascade_controller_v4_fast_smooth_true_cascade_pd_1_0,cascade_pd_tracking,follow_main,inner_wheel_pd,True,True,False,"[""cascade_controller_v4""]",False,UNKNOWN,UNKNOWN,UNKNOWN,TURNING,True,ok,1.0,12.54191153300182,0.07569294399991122,0.0275812219999807,35.4,0.258,-0.2046824022943301,0.0,0.021847585797721697,21.847585797721695,0.15812363110817518,0.021847585797721697,21.847585797721695,0.15812363110817518,0.02140805521043237,0.15408047369545186,0.72,0.35,0.68,0.3,0.01573026177435962,0.007492819323651329,0.10752406915355912,0.046224142108635555,-0.287845006790325,-0.287845006790325,-0.287845006790325,0.11,0.11,0.6666342275919839,sharp,1.18,1.0,-0.06696515407227319,-0.17697129236020565,0.8,0.34375,0.11,-0.287845006790325,0.12942953795834694,0.09057046204165306,0.12942953795834694,0.09057046204165306,0.15489595580726442,0.05382389770309651,0.15489595580726442,0.05382389770309651,-0.025466417848917483,0.03674656433855655,-0.08768896039104888,0.18743589836878516,-0.005953367768326042,0.008833987747957583,0.1234761701900209,0.09940444978961065,0.11144030998981577,-0.160478136002735,0.1014999970793724,-0.8195652365684509,0.10435992675518047,-0.7486819118827253,2.746384620666504,2.4590277671813965,3.4059998989105225,lidar_disabled,1.0,False,1874.992572101
1785741808.6321838,76.53440546989441,v4,cascade_controller_v4,cascade_controller_v4_fast_smooth_true_cascade_pd_1_0,cascade_pd_tracking,follow_main,inner_wheel_pd,sharp,,TURNING,UNKNOWN,UNKNOWN,UNKNOWN,1,1,35.4,35.4,21.847585797721695,21.847585797721695,0.258,0.15812363110817518,0.15812363110817518,0.02140805521043237,0.15408047369545186,0.01573026177435962,0.007492819323651329,0.10752406915355912,0.046224142108635555,0.72,0.35,0.68,0.3,nan,nan,nan,nan,nan,1.0,0.6666342275919839,-0.06696515407227319,-0.17697129236020565,1.18,0.11,0.11,0.11144030998981577,0.0,0.1014999970793724,-0.287845006790325,-0.287845006790325,0.8,-0.287845006790325,-0.160478136002735,0.0,-0.8195652365684509,-0.1014999970793724,0.8195652365684509,0.12942953795834694,0.15489595580726442,0.1234761701900209,0.09057046204165306,0.05382389770309651,0.09940444978961065,-0.025466417848917483,0.03674656433855655,-0.08768896039104888,0.18743589836878516,-0.005953367768326042,0.008833987747957583,12.54191153300182,1.0,0.0,-0.2046824022943301,0.34375,0,0,0,0,0,0,0,0,0,nan,nan,3.4059998989105225,1.0,0,0,0,2.746384620666504,2.4590277671813965,-1.97152770507736,0.6642475128173828,25.995279788970947,25.314600706100464,27.862229585647583,8.606910705566406e-05,1.3021600246429443,0.07569294399991122,0.0275812219999807,0.0354,0.021847585797721697,0.021847585797721697,nan,nan,nan,nan,0.10435992675518047,-0.7486819118827253,lidar_disabled,1,1,1,1,4,0,1,1,2,cascade_controller_v4,cascade_controller_v4_fast_smooth_true_cascade_pd_1_0,cascade_pd_tracking,follow_main,inner_wheel_pd,True,True,False,"[""cascade_controller_v4""]",False,UNKNOWN,UNKNOWN,UNKNOWN,TURNING,True,ok,1.0,12.54191153300182,0.07569294399991122,0.0275812219999807,35.4,0.258,-0.2046824022943301,0.0,0.021847585797721697,21.847585797721695,0.15812363110817518,0.021847585797721697,21.847585797721695,0.15812363110817518,0.02140805521043237,0.15408047369545186,0.72,0.35,0.68,0.3,0.01573026177435962,0.007492819323651329,0.10752406915355912,0.046224142108635555,-0.287845006790325,-0.287845006790325,-0.287845006790325,0.11,0.11,0.6666342275919839,sharp,1.18,1.0,-0.06696515407227319,-0.17697129236020565,0.8,0.34375,0.11,-0.287845006790325,0.12942953795834694,0.09057046204165306,0.12942953795834694,0.09057046204165306,0.15489595580726442,0.05382389770309651,0.15489595580726442,0.05382389770309651,-0.025466417848917483,0.03674656433855655,-0.08768896039104888,0.18743589836878516,-0.005953367768326042,0.008833987747957583,0.1234761701900209,0.09940444978961065,0.11144030998981577,-0.160478136002735,0.1014999970793724,-0.8195652365684509,0.10435992675518047,-0.7486819118827253,2.746384620666504,2.4590277671813965,3.4059998989105225,lidar_disabled,1.0,False,1874.992572101
1785741809.2845483,77.18676996231079,v4,cascade_controller_v4,cascade_controller_v4_fast_smooth_true_cascade_pd_1_0,cascade_pd_tracking,follow_main,inner_wheel_pd,sharp,,TURNING,UNKNOWN,UNKNOWN,UNKNOWN,1,1,35.4,35.4,21.847585797721695,21.847585797721695,0.258,0.15812363110817518,0.15812363110817518,0.02140805521043237,0.15408047369545186,0.01573026177435962,0.007492819323651329,0.10752406915355912,0.046224142108635555,0.72,0.35,0.68,0.3,nan,nan,nan,nan,nan,1.0,0.6666342275919839,-0.06696515407227319,-0.17697129236020565,1.18,0.11,0.11,0.11144030998981577,0.0,0.1014999970793724,-0.287845006790325,-0.287845006790325,0.8,-0.287845006790325,-0.160478136002735,0.0,-0.8195652365684509,-0.1014999970793724,0.8195652365684509,0.12942953795834694,0.15489595580726442,0.1234761701900209,0.09057046204165306,0.05382389770309651,0.09940444978961065,-0.025466417848917483,0.03674656433855655,-0.08768896039104888,0.18743589836878516,-0.005953367768326042,0.008833987747957583,12.54191153300182,1.0,0.0,-0.2046824022943301,0.34375,0,0,0,0,0,0,0,0,0,nan,nan,3.4059998989105225,1.0,0,0,0,2.746384620666504,2.4590277671813965,-1.97152770507736,1.3166122436523438,26.647644519805908,25.966965675354004,28.514594316482544,0.6524505615234375,0.00011920928955078125,0.07569294399991122,0.0275812219999807,0.0354,0.021847585797721697,0.021847585797721697,nan,nan,nan,nan,0.10435992675518047,-0.7486819118827253,lidar_disabled,1,1,1,1,4,0,1,1,2,cascade_controller_v4,cascade_controller_v4_fast_smooth_true_cascade_pd_1_0,cascade_pd_tracking,follow_main,inner_wheel_pd,True,True,False,"[""cascade_controller_v4""]",False,UNKNOWN,UNKNOWN,UNKNOWN,TURNING,True,ok,1.0,12.54191153300182,0.07569294399991122,0.0275812219999807,35.4,0.258,-0.2046824022943301,0.0,0.021847585797721697,21.847585797721695,0.15812363110817518,0.021847585797721697,21.847585797721695,0.15812363110817518,0.02140805521043237,0.15408047369545186,0.72,0.35,0.68,0.3,0.01573026177435962,0.007492819323651329,0.10752406915355912,0.046224142108635555,-0.287845006790325,-0.287845006790325,-0.287845006790325,0.11,0.11,0.6666342275919839,sharp,1.18,1.0,-0.06696515407227319,-0.17697129236020565,0.8,0.34375,0.11,-0.287845006790325,0.12942953795834694,0.09057046204165306,0.12942953795834694,0.09057046204165306,0.15489595580726442,0.05382389770309651,0.15489595580726442,0.05382389770309651,-0.025466417848917483,0.03674656433855655,-0.08768896039104888,0.18743589836878516,-0.005953367768326042,0.008833987747957583,0.1234761701900209,0.09940444978961065,0.11144030998981577,-0.160478136002735,0.1014999970793724,-0.8195652365684509,0.10435992675518047,-0.7486819118827253,2.746384620666504,2.4590277671813965,3.4059998989105225,lidar_disabled,1.0,False,1874.992572101
1785741810.0014324,77.90365386009216,v4,cascade_controller_v4,cascade_controller_v4_fast_smooth_true_cascade_pd_1_0,cascade_pd_tracking,follow_main,inner_wheel_pd,sharp,,TURNING,UNKNOWN,UNKNOWN,UNKNOWN,1,1,35.4,35.4,21.847585797721695,21.847585797721695,0.258,0.15812363110817518,0.15812363110817518,0.02140805521043237,0.15408047369545186,0.01573026177435962,0.007492819323651329,0.10752406915355912,0.046224142108635555,0.72,0.35,0.68,0.3,nan,nan,nan,nan,nan,1.0,0.6666342275919839,-0.06696515407227319,-0.17697129236020565,1.18,0.11,0.11,0.11144030998981577,0.0,0.1014999970793724,-0.287845006790325,-0.287845006790325,0.8,-0.287845006790325,-0.160478136002735,0.0,-0.8195652365684509,-0.1014999970793724,0.8195652365684509,0.12942953795834694,0.15489595580726442,0.1234761701900209,0.09057046204165306,0.05382389770309651,0.09940444978961065,-0.025466417848917483,0.03674656433855655,-0.08768896039104888,0.18743589836878516,-0.005953367768326042,0.008833987747957583,12.54191153300182,1.0,0.0,-0.2046824022943301,0.34375,0,0,0,0,0,0,0,0,0,nan,nan,3.4059998989105225,1.0,0,0,0,2.746384620666504,2.4590277671813965,-1.97152770507736,6.818771362304688e-05,27.364527225494385,26.68384861946106,29.2314772605896,1.3693337440490723,0.7170028686523438,0.07569294399991122,0.0275812219999807,0.0354,0.021847585797721697,0.021847585797721697,nan,nan,nan,nan,0.10435992675518047,-0.7486819118827253,lidar_disabled,1,1,1,1,4,0,1,1,2,cascade_controller_v4,cascade_controller_v4_fast_smooth_true_cascade_pd_1_0,cascade_pd_tracking,follow_main,inner_wheel_pd,True,True,False,"[""cascade_controller_v4""]",False,UNKNOWN,UNKNOWN,UNKNOWN,TURNING,True,ok,1.0,12.54191153300182,0.07569294399991122,0.0275812219999807,35.4,0.258,-0.2046824022943301,0.0,0.021847585797721697,21.847585797721695,0.15812363110817518,0.021847585797721697,21.847585797721695,0.15812363110817518,0.02140805521043237,0.15408047369545186,0.72,0.35,0.68,0.3,0.01573026177435962,0.007492819323651329,0.10752406915355912,0.046224142108635555,-0.287845006790325,-0.287845006790325,-0.287845006790325,0.11,0.11,0.6666342275919839,sharp,1.18,1.0,-0.06696515407227319,-0.17697129236020565,0.8,0.34375,0.11,-0.287845006790325,0.12942953795834694,0.09057046204165306,0.12942953795834694,0.09057046204165306,0.15489595580726442,0.05382389770309651,0.15489595580726442,0.05382389770309651,-0.025466417848917483,0.03674656433855655,-0.08768896039104888,0.18743589836878516,-0.005953367768326042,0.008833987747957583,0.1234761701900209,0.09940444978961065,0.11144030998981577,-0.160478136002735,0.1014999970793724,-0.8195652365684509,0.10435992675518047,-0.7486819118827253,2.746384620666504,2.4590277671813965,3.4059998989105225,lidar_disabled,1.0,False,1874.992572101
1785741810.6764429,78.57866430282593,v4,cascade_controller_v4,cascade_controller_v4_fast_smooth_true_cascade_pd_1_0,cascade_pd_tracking,follow_main,inner_wheel_pd,sharp,,TURNING,UNKNOWN,UNKNOWN,UNKNOWN,1,1,35.4,35.4,21.847585797721695,21.847585797721695,0.258,0.15812363110817518,0.15812363110817518,0.02140805521043237,0.15408047369545186,0.01573026177435962,0.007492819323651329,0.10752406915355912,0.046224142108635555,0.72,0.35,0.68,0.3,nan,nan,nan,nan,nan,1.0,0.6666342275919839,-0.06696515407227319,-0.17697129236020565,1.18,0.11,0.11,0.11144030998981577,0.0,0.1014999970793724,-0.287845006790325,-0.287845006790325,0.8,-0.287845006790325,-0.160478136002735,0.0,-0.8195652365684509,-0.1014999970793724,0.8195652365684509,0.12942953795834694,0.15489595580726442,0.1234761701900209,0.09057046204165306,0.05382389770309651,0.09940444978961065,-0.025466417848917483,0.03674656433855655,-0.08768896039104888,0.18743589836878516,-0.005953367768326042,0.008833987747957583,12.54191153300182,1.0,0.0,-0.2046824022943301,0.34375,0,0,0,0,0,0,0,0,0,nan,nan,3.4059998989105225,1.0,0,0,0,2.746384620666504,2.4590277671813965,-1.97152770507736,0.6751179695129395,28.03957724571228,27.358898401260376,29.906527280807495,0.00011897087097167969,1.3920526504516602,0.07569294399991122,0.0275812219999807,0.0354,0.021847585797721697,0.021847585797721697,nan,nan,nan,nan,0.10435992675518047,-0.7486819118827253,lidar_disabled,1,1,1,1,4,0,1,1,2,cascade_controller_v4,cascade_controller_v4_fast_smooth_true_cascade_pd_1_0,cascade_pd_tracking,follow_main,inner_wheel_pd,True,True,False,"[""cascade_controller_v4""]",False,UNKNOWN,UNKNOWN,UNKNOWN,TURNING,True,ok,1.0,12.54191153300182,0.07569294399991122,0.0275812219999807,35.4,0.258,-0.2046824022943301,0.0,0.021847585797721697,21.847585797721695,0.15812363110817518,0.021847585797721697,21.847585797721695,0.15812363110817518,0.02140805521043237,0.15408047369545186,0.72,0.35,0.68,0.3,0.01573026177435962,0.007492819323651329,0.10752406915355912,0.046224142108635555,-0.287845006790325,-0.287845006790325,-0.287845006790325,0.11,0.11,0.6666342275919839,sharp,1.18,1.0,-0.06696515407227319,-0.17697129236020565,0.8,0.34375,0.11,-0.287845006790325,0.12942953795834694,0.09057046204165306,0.12942953795834694,0.09057046204165306,0.15489595580726442,0.05382389770309651,0.15489595580726442,0.05382389770309651,-0.025466417848917483,0.03674656433855655,-0.08768896039104888,0.18743589836878516,-0.005953367768326042,0.008833987747957583,0.1234761701900209,0.09940444978961065,0.11144030998981577,-0.160478136002735,0.1014999970793724,-0.8195652365684509,0.10435992675518047,-0.7486819118827253,2.746384620666504,2.4590277671813965,3.4059998989105225,lidar_disabled,1.0,False,1874.992572101
1785741811.349025,79.25124645233154,v4,cascade_controller_v4,cascade_controller_v4_fast_smooth_true_cascade_pd_1_0,cascade_pd_tracking,follow_main,inner_wheel_pd,sharp,,TURNING,UNKNOWN,UNKNOWN,UNKNOWN,1,1,35.4,35.4,21.847585797721695,21.847585797721695,0.258,0.15812363110817518,0.15812363110817518,0.02140805521043237,0.15408047369545186,0.01573026177435962,0.007492819323651329,0.10752406915355912,0.046224142108635555,0.72,0.35,0.68,0.3,nan,nan,nan,nan,nan,1.0,0.6666342275919839,-0.06696515407227319,-0.17697129236020565,1.18,0.11,0.11,0.11144030998981577,0.0,0.1014999970793724,-0.287845006790325,-0.287845006790325,0.8,-0.287845006790325,-0.160478136002735,0.0,-0.8195652365684509,-0.1014999970793724,0.8195652365684509,0.12942953795834694,0.15489595580726442,0.1234761701900209,0.09057046204165306,0.05382389770309651,0.09940444978961065,-0.025466417848917483,0.03674656433855655,-0.08768896039104888,0.18743589836878516,-0.005953367768326042,0.008833987747957583,12.54191153300182,1.0,0.0,-0.2046824022943301,0.34375,0,0,0,0,0,0,0,0,0,nan,nan,3.4059998989105225,1.0,0,0,0,2.746384620666504,2.4590277671813965,-1.97152770507736,1.3476614952087402,28.71212077140808,28.031441688537598,30.579070329666138,0.6726622581481934,6.818771362304688e-05,0.07569294399991122,0.0275812219999807,0.0354,0.021847585797721697,0.021847585797721697,nan,nan,nan,nan,0.10435992675518047,-0.7486819118827253,lidar_disabled,1,1,1,1,4,0,1,1,2,cascade_controller_v4,cascade_controller_v4_fast_smooth_true_cascade_pd_1_0,cascade_pd_tracking,follow_main,inner_wheel_pd,True,True,False,"[""cascade_controller_v4""]",False,UNKNOWN,UNKNOWN,UNKNOWN,TURNING,True,ok,1.0,12.54191153300182,0.07569294399991122,0.0275812219999807,35.4,0.258,-0.2046824022943301,0.0,0.021847585797721697,21.847585797721695,0.15812363110817518,0.021847585797721697,21.847585797721695,0.15812363110817518,0.02140805521043237,0.15408047369545186,0.72,0.35,0.68,0.3,0.01573026177435962,0.007492819323651329,0.10752406915355912,0.046224142108635555,-0.287845006790325,-0.287845006790325,-0.287845006790325,0.11,0.11,0.6666342275919839,sharp,1.18,1.0,-0.06696515407227319,-0.17697129236020565,0.8,0.34375,0.11,-0.287845006790325,0.12942953795834694,0.09057046204165306,0.12942953795834694,0.09057046204165306,0.15489595580726442,0.05382389770309651,0.15489595580726442,0.05382389770309651,-0.025466417848917483,0.03674656433855655,-0.08768896039104888,0.18743589836878516,-0.005953367768326042,0.008833987747957583,0.1234761701900209,0.09940444978961065,0.11144030998981577,-0.160478136002735,0.1014999970793724,-0.8195652365684509,0.10435992675518047,-0.7486819118827253,2.746384620666504,2.4590277671813965,3.4059998989105225,lidar_disabled,1.0,False,1874.992572101
1785741812.002812,79.90503334999084,v4,cascade_controller_v4,cascade_controller_v4_fast_smooth_true_cascade_pd_1_0,cascade_pd_tracking,follow_main,inner_wheel_pd,sharp,,TURNING,UNKNOWN,UNKNOWN,UNKNOWN,1,1,35.4,35.4,21.847585797721695,21.847585797721695,0.258,0.15812363110817518,0.15812363110817518,0.02140805521043237,0.15408047369545186,0.01573026177435962,0.007492819323651329,0.10752406915355912,0.046224142108635555,0.72,0.35,0.68,0.3,nan,nan,nan,nan,nan,1.0,0.6666342275919839,-0.06696515407227319,-0.17697129236020565,1.18,0.11,0.11,0.11144030998981577,0.0,0.1014999970793724,-0.287845006790325,-0.287845006790325,0.8,-0.287845006790325,-0.160478136002735,0.0,-0.8195652365684509,-0.1014999970793724,0.8195652365684509,0.12942953795834694,0.15489595580726442,0.1234761701900209,0.09057046204165306,0.05382389770309651,0.09940444978961065,-0.025466417848917483,0.03674656433855655,-0.08768896039104888,0.18743589836878516,-0.005953367768326042,0.008833987747957583,12.54191153300182,1.0,0.0,-0.2046824022943301,0.34375,0,0,0,0,0,0,0,0,0,nan,nan,3.4059998989105225,1.0,0,0,0,2.746384620666504,2.4590277671813965,-1.97152770507736,6.890296936035156e-05,29.365907430648804,28.68522834777832,31.23285722732544,1.3264493942260742,0.6538558006286621,0.07569294399991122,0.0275812219999807,0.0354,0.021847585797721697,0.021847585797721697,nan,nan,nan,nan,0.10435992675518047,-0.7486819118827253,lidar_disabled,1,1,1,1,4,0,1,1,2,cascade_controller_v4,cascade_controller_v4_fast_smooth_true_cascade_pd_1_0,cascade_pd_tracking,follow_main,inner_wheel_pd,True,True,False,"[""cascade_controller_v4""]",False,UNKNOWN,UNKNOWN,UNKNOWN,TURNING,True,ok,1.0,12.54191153300182,0.07569294399991122,0.0275812219999807,35.4,0.258,-0.2046824022943301,0.0,0.021847585797721697,21.847585797721695,0.15812363110817518,0.021847585797721697,21.847585797721695,0.15812363110817518,0.02140805521043237,0.15408047369545186,0.72,0.35,0.68,0.3,0.01573026177435962,0.007492819323651329,0.10752406915355912,0.046224142108635555,-0.287845006790325,-0.287845006790325,-0.287845006790325,0.11,0.11,0.6666342275919839,sharp,1.18,1.0,-0.06696515407227319,-0.17697129236020565,0.8,0.34375,0.11,-0.287845006790325,0.12942953795834694,0.09057046204165306,0.12942953795834694,0.09057046204165306,0.15489595580726442,0.05382389770309651,0.15489595580726442,0.05382389770309651,-0.025466417848917483,0.03674656433855655,-0.08768896039104888,0.18743589836878516,-0.005953367768326042,0.008833987747957583,0.1234761701900209,0.09940444978961065,0.11144030998981577,-0.160478136002735,0.1014999970793724,-0.8195652365684509,0.10435992675518047,-0.7486819118827253,2.746384620666504,2.4590277671813965,3.4059998989105225,lidar_disabled,1.0,False,1874.992572101
1785741812.6134074,80.51562905311584,v4,cascade_controller_v4,cascade_controller_v4_fast_smooth_true_cascade_pd_1_0,cascade_pd_tracking,follow_main,inner_wheel_pd,sharp,,TURNING,UNKNOWN,UNKNOWN,UNKNOWN,1,1,35.4,35.4,21.847585797721695,21.847585797721695,0.258,0.15812363110817518,0.15812363110817518,0.02140805521043237,0.15408047369545186,0.01573026177435962,0.007492819323651329,0.10752406915355912,0.046224142108635555,0.72,0.35,0.68,0.3,nan,nan,nan,nan,nan,1.0,0.6666342275919839,-0.06696515407227319,-0.17697129236020565,1.18,0.11,0.11,0.11144030998981577,0.0,0.1014999970793724,-0.287845006790325,-0.287845006790325,0.8,-0.287845006790325,-0.160478136002735,0.0,-0.8195652365684509,-0.1014999970793724,0.8195652365684509,0.12942953795834694,0.15489595580726442,0.1234761701900209,0.09057046204165306,0.05382389770309651,0.09940444978961065,-0.025466417848917483,0.03674656433855655,-0.08768896039104888,0.18743589836878516,-0.005953367768326042,0.008833987747957583,12.54191153300182,1.0,0.0,-0.2046824022943301,0.34375,0,0,0,0,0,0,0,0,0,nan,nan,3.4059998989105225,1.0,0,0,0,2.746384620666504,2.4590277671813965,-1.97152770507736,0.6106648445129395,29.976503610610962,29.295824766159058,31.843453407287598,0.00014066696166992188,1.264451503753662,0.07569294399991122,0.0275812219999807,0.0354,0.021847585797721697,0.021847585797721697,nan,nan,nan,nan,0.10435992675518047,-0.7486819118827253,lidar_disabled,1,1,1,1,4,0,1,1,2,cascade_controller_v4,cascade_controller_v4_fast_smooth_true_cascade_pd_1_0,cascade_pd_tracking,follow_main,inner_wheel_pd,True,True,False,"[""cascade_controller_v4""]",False,UNKNOWN,UNKNOWN,UNKNOWN,TURNING,True,ok,1.0,12.54191153300182,0.07569294399991122,0.0275812219999807,35.4,0.258,-0.2046824022943301,0.0,0.021847585797721697,21.847585797721695,0.15812363110817518,0.021847585797721697,21.847585797721695,0.15812363110817518,0.02140805521043237,0.15408047369545186,0.72,0.35,0.68,0.3,0.01573026177435962,0.007492819323651329,0.10752406915355912,0.046224142108635555,-0.287845006790325,-0.287845006790325,-0.287845006790325,0.11,0.11,0.6666342275919839,sharp,1.18,1.0,-0.06696515407227319,-0.17697129236020565,0.8,0.34375,0.11,-0.287845006790325,0.12942953795834694,0.09057046204165306,0.12942953795834694,0.09057046204165306,0.15489595580726442,0.05382389770309651,0.15489595580726442,0.05382389770309651,-0.025466417848917483,0.03674656433855655,-0.08768896039104888,0.18743589836878516,-0.005953367768326042,0.008833987747957583,0.1234761701900209,0.09940444978961065,0.11144030998981577,-0.160478136002735,0.1014999970793724,-0.8195652365684509,0.10435992675518047,-0.7486819118827253,2.746384620666504,2.4590277671813965,3.4059998989105225,lidar_disabled,1.0,False,1874.992572101
1785741813.3387449,81.240966796875,v4,cascade_controller_v4,cascade_controller_v4_fast_smooth_true_cascade_pd_1_0,cascade_pd_tracking,follow_main,inner_wheel_pd,sharp,,TURNING,UNKNOWN,UNKNOWN,UNKNOWN,1,1,35.4,35.4,21.847585797721695,21.847585797721695,0.258,0.15812363110817518,0.15812363110817518,0.02140805521043237,0.15408047369545186,0.01573026177435962,0.007492819323651329,0.10752406915355912,0.046224142108635555,0.72,0.35,0.68,0.3,nan,nan,nan,nan,nan,1.0,0.6666342275919839,-0.06696515407227319,-0.17697129236020565,1.18,0.11,0.11,0.11144030998981577,0.0,0.1014999970793724,-0.287845006790325,-0.287845006790325,0.8,-0.287845006790325,-0.160478136002735,0.0,-0.8195652365684509,-0.1014999970793724,0.8195652365684509,0.12942953795834694,0.15489595580726442,0.1234761701900209,0.09057046204165306,0.05382389770309651,0.09940444978961065,-0.025466417848917483,0.03674656433855655,-0.08768896039104888,0.18743589836878516,-0.005953367768326042,0.008833987747957583,12.54191153300182,1.0,0.0,-0.2046824022943301,0.34375,0,0,0,0,0,0,0,0,0,nan,nan,3.4059998989105225,1.0,0,0,0,2.746384620666504,2.4590277671813965,-1.97152770507736,1.3360106945037842,30.70185160636902,30.02117419242859,32.56880331039429,0.7254905700683594,0.0003552436828613281,0.07569294399991122,0.0275812219999807,0.0354,0.021847585797721697,0.021847585797721697,nan,nan,nan,nan,0.10435992675518047,-0.7486819118827253,lidar_disabled,1,1,1,1,4,0,1,1,2,cascade_controller_v4,cascade_controller_v4_fast_smooth_true_cascade_pd_1_0,cascade_pd_tracking,follow_main,inner_wheel_pd,True,True,False,"[""cascade_controller_v4""]",False,UNKNOWN,UNKNOWN,UNKNOWN,TURNING,True,ok,1.0,12.54191153300182,0.07569294399991122,0.0275812219999807,35.4,0.258,-0.2046824022943301,0.0,0.021847585797721697,21.847585797721695,0.15812363110817518,0.021847585797721697,21.847585797721695,0.15812363110817518,0.02140805521043237,0.15408047369545186,0.72,0.35,0.68,0.3,0.01573026177435962,0.007492819323651329,0.10752406915355912,0.046224142108635555,-0.287845006790325,-0.287845006790325,-0.287845006790325,0.11,0.11,0.6666342275919839,sharp,1.18,1.0,-0.06696515407227319,-0.17697129236020565,0.8,0.34375,0.11,-0.287845006790325,0.12942953795834694,0.09057046204165306,0.12942953795834694,0.09057046204165306,0.15489595580726442,0.05382389770309651,0.15489595580726442,0.05382389770309651,-0.025466417848917483,0.03674656433855655,-0.08768896039104888,0.18743589836878516,-0.005953367768326042,0.008833987747957583,0.1234761701900209,0.09940444978961065,0.11144030998981577,-0.160478136002735,0.1014999970793724,-0.8195652365684509,0.10435992675518047,-0.7486819118827253,2.746384620666504,2.4590277671813965,3.4059998989105225,lidar_disabled,1.0,False,1874.992572101
1785741814.16201,82.06423163414001,v4,cascade_controller_v4,cascade_controller_v4_fast_smooth_true_cascade_pd_1_0,cascade_pd_tracking,follow_main,inner_wheel_pd,sharp,,TURNING,UNKNOWN,UNKNOWN,UNKNOWN,1,1,35.4,35.4,21.847585797721695,21.847585797721695,0.258,0.15812363110817518,0.15812363110817518,0.02140805521043237,0.15408047369545186,0.01573026177435962,0.007492819323651329,0.10752406915355912,0.046224142108635555,0.72,0.35,0.68,0.3,nan,nan,nan,nan,nan,1.0,0.6666342275919839,-0.06696515407227319,-0.17697129236020565,1.18,0.11,0.11,0.11144030998981577,0.0,0.1014999970793724,-0.287845006790325,-0.287845006790325,0.8,-0.287845006790325,-0.160478136002735,0.0,-0.8195652365684509,-0.1014999970793724,0.8195652365684509,0.12942953795834694,0.15489595580726442,0.1234761701900209,0.09057046204165306,0.05382389770309651,0.09940444978961065,-0.025466417848917483,0.03674656433855655,-0.08768896039104888,0.18743589836878516,-0.005953367768326042,0.008833987747957583,12.54191153300182,1.0,0.0,-0.2046824022943301,0.34375,0,0,0,0,0,0,0,0,0,nan,nan,3.4059998989105225,1.0,0,0,0,2.746384620666504,2.4590277671813965,-1.97152770507736,0.00010466575622558594,31.52510714530945,30.844428539276123,33.3920578956604,1.54874587059021,0.8236103057861328,0.07569294399991122,0.0275812219999807,0.0354,0.021847585797721697,0.021847585797721697,nan,nan,nan,nan,0.10435992675518047,-0.7486819118827253,lidar_disabled,1,1,1,1,4,0,1,1,2,cascade_controller_v4,cascade_controller_v4_fast_smooth_true_cascade_pd_1_0,cascade_pd_tracking,follow_main,inner_wheel_pd,True,True,False,"[""cascade_controller_v4""]",False,UNKNOWN,UNKNOWN,UNKNOWN,TURNING,True,ok,1.0,12.54191153300182,0.07569294399991122,0.0275812219999807,35.4,0.258,-0.2046824022943301,0.0,0.021847585797721697,21.847585797721695,0.15812363110817518,0.021847585797721697,21.847585797721695,0.15812363110817518,0.02140805521043237,0.15408047369545186,0.72,0.35,0.68,0.3,0.01573026177435962,0.007492819323651329,0.10752406915355912,0.046224142108635555,-0.287845006790325,-0.287845006790325,-0.287845006790325,0.11,0.11,0.6666342275919839,sharp,1.18,1.0,-0.06696515407227319,-0.17697129236020565,0.8,0.34375,0.11,-0.287845006790325,0.12942953795834694,0.09057046204165306,0.12942953795834694,0.09057046204165306,0.15489595580726442,0.05382389770309651,0.15489595580726442,0.05382389770309651,-0.025466417848917483,0.03674656433855655,-0.08768896039104888,0.18743589836878516,-0.005953367768326042,0.008833987747957583,0.1234761701900209,0.09940444978961065,0.11144030998981577,-0.160478136002735,0.1014999970793724,-0.8195652365684509,0.10435992675518047,-0.7486819118827253,2.746384620666504,2.4590277671813965,3.4059998989105225,lidar_disabled,1.0,False,1874.992572101
1785741815.0576947,82.95991611480713,v4,cascade_controller_v4,cascade_controller_v4_fast_smooth_true_cascade_pd_1_0,cascade_pd_tracking,follow_main,inner_wheel_pd,sharp,,TURNING,UNKNOWN,UNKNOWN,UNKNOWN,1,1,35.4,35.4,21.847585797721695,21.847585797721695,0.258,0.15812363110817518,0.15812363110817518,0.02140805521043237,0.15408047369545186,0.01573026177435962,0.007492819323651329,0.10752406915355912,0.046224142108635555,0.72,0.35,0.68,0.3,nan,nan,nan,nan,nan,1.0,0.6666342275919839,-0.06696515407227319,-0.17697129236020565,1.18,0.11,0.11,0.11144030998981577,0.0,0.1014999970793724,-0.287845006790325,-0.287845006790325,0.8,-0.287845006790325,-0.160478136002735,0.0,-0.8195652365684509,-0.1014999970793724,0.8195652365684509,0.12942953795834694,0.15489595580726442,0.1234761701900209,0.09057046204165306,0.05382389770309651,0.09940444978961065,-0.025466417848917483,0.03674656433855655,-0.08768896039104888,0.18743589836878516,-0.005953367768326042,0.008833987747957583,12.54191153300182,1.0,0.0,-0.2046824022943301,0.34375,0,0,0,0,0,0,0,0,0,nan,nan,3.4059998989105225,1.0,0,0,0,2.746384620666504,2.4590277671813965,-1.97152770507736,0.8957886695861816,32.420790672302246,31.74011206626892,34.28774070739746,8.20159912109375e-05,1.7192916870117188,0.07569294399991122,0.0275812219999807,0.0354,0.021847585797721697,0.021847585797721697,nan,nan,nan,nan,0.10435992675518047,-0.7486819118827253,lidar_disabled,1,1,1,1,4,0,1,1,2,cascade_controller_v4,cascade_controller_v4_fast_smooth_true_cascade_pd_1_0,cascade_pd_tracking,follow_main,inner_wheel_pd,True,True,False,"[""cascade_controller_v4""]",False,UNKNOWN,UNKNOWN,UNKNOWN,TURNING,True,ok,1.0,12.54191153300182,0.07569294399991122,0.0275812219999807,35.4,0.258,-0.2046824022943301,0.0,0.021847585797721697,21.847585797721695,0.15812363110817518,0.021847585797721697,21.847585797721695,0.15812363110817518,0.02140805521043237,0.15408047369545186,0.72,0.35,0.68,0.3,0.01573026177435962,0.007492819323651329,0.10752406915355912,0.046224142108635555,-0.287845006790325,-0.287845006790325,-0.287845006790325,0.11,0.11,0.6666342275919839,sharp,1.18,1.0,-0.06696515407227319,-0.17697129236020565,0.8,0.34375,0.11,-0.287845006790325,0.12942953795834694,0.09057046204165306,0.12942953795834694,0.09057046204165306,0.15489595580726442,0.05382389770309651,0.15489595580726442,0.05382389770309651,-0.025466417848917483,0.03674656433855655,-0.08768896039104888,0.18743589836878516,-0.005953367768326042,0.008833987747957583,0.1234761701900209,0.09940444978961065,0.11144030998981577,-0.160478136002735,0.1014999970793724,-0.8195652365684509,0.10435992675518047,-0.7486819118827253,2.746384620666504,2.4590277671813965,3.4059998989105225,lidar_disabled,1.0,False,1874.992572101
1785741815.8037744,83.70599603652954,v4,cascade_controller_v4,cascade_controller_v4_fast_smooth_true_cascade_pd_1_0,cascade_pd_tracking,follow_main,inner_wheel_pd,sharp,,TURNING,UNKNOWN,UNKNOWN,UNKNOWN,1,1,35.4,35.4,21.847585797721695,21.847585797721695,0.258,0.15812363110817518,0.15812363110817518,0.02140805521043237,0.15408047369545186,0.01573026177435962,0.007492819323651329,0.10752406915355912,0.046224142108635555,0.72,0.35,0.68,0.3,nan,nan,nan,nan,nan,1.0,0.6666342275919839,-0.06696515407227319,-0.17697129236020565,1.18,0.11,0.11,0.11144030998981577,0.0,0.1014999970793724,-0.287845006790325,-0.287845006790325,0.8,-0.287845006790325,-0.160478136002735,0.0,-0.8195652365684509,-0.1014999970793724,0.8195652365684509,0.12942953795834694,0.15489595580726442,0.1234761701900209,0.09057046204165306,0.05382389770309651,0.09940444978961065,-0.025466417848917483,0.03674656433855655,-0.08768896039104888,0.18743589836878516,-0.005953367768326042,0.008833987747957583,12.54191153300182,1.0,0.0,-0.2046824022943301,0.34375,0,0,0,0,0,0,0,0,0,nan,nan,3.4059998989105225,1.0,0,0,0,2.746384620666504,2.4590277671813965,-1.97152770507736,1.6418683528900146,33.166871070861816,32.48619222640991,35.03382086753845,0.7461624145507812,0.00019860267639160156,0.07569294399991122,0.0275812219999807,0.0354,0.021847585797721697,0.021847585797721697,nan,nan,nan,nan,0.10435992675518047,-0.7486819118827253,lidar_disabled,1,1,1,1,4,0,1,1,2,cascade_controller_v4,cascade_controller_v4_fast_smooth_true_cascade_pd_1_0,cascade_pd_tracking,follow_main,inner_wheel_pd,True,True,False,"[""cascade_controller_v4""]",False,UNKNOWN,UNKNOWN,UNKNOWN,TURNING,True,ok,1.0,12.54191153300182,0.07569294399991122,0.0275812219999807,35.4,0.258,-0.2046824022943301,0.0,0.021847585797721697,21.847585797721695,0.15812363110817518,0.021847585797721697,21.847585797721695,0.15812363110817518,0.02140805521043237,0.15408047369545186,0.72,0.35,0.68,0.3,0.01573026177435962,0.007492819323651329,0.10752406915355912,0.046224142108635555,-0.287845006790325,-0.287845006790325,-0.287845006790325,0.11,0.11,0.6666342275919839,sharp,1.18,1.0,-0.06696515407227319,-0.17697129236020565,0.8,0.34375,0.11,-0.287845006790325,0.12942953795834694,0.09057046204165306,0.12942953795834694,0.09057046204165306,0.15489595580726442,0.05382389770309651,0.15489595580726442,0.05382389770309651,-0.025466417848917483,0.03674656433855655,-0.08768896039104888,0.18743589836878516,-0.005953367768326042,0.008833987747957583,0.1234761701900209,0.09940444978961065,0.11144030998981577,-0.160478136002735,0.1014999970793724,-0.8195652365684509,0.10435992675518047,-0.7486819118827253,2.746384620666504,2.4590277671813965,3.4059998989105225,lidar_disabled,1.0,False,1874.992572101
1785741816.5762827,84.4785041809082,v4,cascade_controller_v4,cascade_controller_v4_fast_smooth_true_cascade_pd_1_0,cascade_pd_tracking,follow_main,inner_wheel_pd,sharp,,TURNING,UNKNOWN,UNKNOWN,UNKNOWN,1,1,35.4,35.4,21.847585797721695,21.847585797721695,0.258,0.15812363110817518,0.15812363110817518,0.02140805521043237,0.15408047369545186,0.01573026177435962,0.007492819323651329,0.10752406915355912,0.046224142108635555,0.72,0.35,0.68,0.3,nan,nan,nan,nan,nan,1.0,0.6666342275919839,-0.06696515407227319,-0.17697129236020565,1.18,0.11,0.11,0.11144030998981577,0.0,0.1014999970793724,-0.287845006790325,-0.287845006790325,0.8,-0.287845006790325,-0.160478136002735,0.0,-0.8195652365684509,-0.1014999970793724,0.8195652365684509,0.12942953795834694,0.15489595580726442,0.1234761701900209,0.09057046204165306,0.05382389770309651,0.09940444978961065,-0.025466417848917483,0.03674656433855655,-0.08768896039104888,0.18743589836878516,-0.005953367768326042,0.008833987747957583,12.54191153300182,1.0,0.0,-0.2046824022943301,0.34375,0,0,0,0,0,0,0,0,0,nan,nan,3.4059998989105225,1.0,0,0,0,2.746384620666504,2.4590277671813965,-1.97152770507736,7.176399230957031e-05,33.93937826156616,33.258699893951416,35.806328535079956,1.5186700820922852,0.7727065086364746,0.07569294399991122,0.0275812219999807,0.0354,0.021847585797721697,0.021847585797721697,nan,nan,nan,nan,0.10435992675518047,-0.7486819118827253,lidar_disabled,1,1,1,1,4,0,1,1,2,cascade_controller_v4,cascade_controller_v4_fast_smooth_true_cascade_pd_1_0,cascade_pd_tracking,follow_main,inner_wheel_pd,True,True,False,"[""cascade_controller_v4""]",False,UNKNOWN,UNKNOWN,UNKNOWN,TURNING,True,ok,1.0,12.54191153300182,0.07569294399991122,0.0275812219999807,35.4,0.258,-0.2046824022943301,0.0,0.021847585797721697,21.847585797721695,0.15812363110817518,0.021847585797721697,21.847585797721695,0.15812363110817518,0.02140805521043237,0.15408047369545186,0.72,0.35,0.68,0.3,0.01573026177435962,0.007492819323651329,0.10752406915355912,0.046224142108635555,-0.287845006790325,-0.287845006790325,-0.287845006790325,0.11,0.11,0.6666342275919839,sharp,1.18,1.0,-0.06696515407227319,-0.17697129236020565,0.8,0.34375,0.11,-0.287845006790325,0.12942953795834694,0.09057046204165306,0.12942953795834694,0.09057046204165306,0.15489595580726442,0.05382389770309651,0.15489595580726442,0.05382389770309651,-0.025466417848917483,0.03674656433855655,-0.08768896039104888,0.18743589836878516,-0.005953367768326042,0.008833987747957583,0.1234761701900209,0.09940444978961065,0.11144030998981577,-0.160478136002735,0.1014999970793724,-0.8195652365684509,0.10435992675518047,-0.7486819118827253,2.746384620666504,2.4590277671813965,3.4059998989105225,lidar_disabled,1.0,False,1874.992572101
1785741817.247545,85.14976644515991,v4,cascade_controller_v4,cascade_controller_v4_fast_smooth_true_cascade_pd_1_0,cascade_pd_tracking,follow_main,inner_wheel_pd,sharp,,TURNING,UNKNOWN,UNKNOWN,UNKNOWN,1,1,35.4,35.4,21.847585797721695,21.847585797721695,0.258,0.15812363110817518,0.15812363110817518,0.02140805521043237,0.15408047369545186,0.01573026177435962,0.007492819323651329,0.10752406915355912,0.046224142108635555,0.72,0.35,0.68,0.3,nan,nan,nan,nan,nan,1.0,0.6666342275919839,-0.06696515407227319,-0.17697129236020565,1.18,0.11,0.11,0.11144030998981577,0.0,0.1014999970793724,-0.287845006790325,-0.287845006790325,0.8,-0.287845006790325,-0.160478136002735,0.0,-0.8195652365684509,-0.1014999970793724,0.8195652365684509,0.12942953795834694,0.15489595580726442,0.1234761701900209,0.09057046204165306,0.05382389770309651,0.09940444978961065,-0.025466417848917483,0.03674656433855655,-0.08768896039104888,0.18743589836878516,-0.005953367768326042,0.008833987747957583,12.54191153300182,1.0,0.0,-0.2046824022943301,0.34375,0,0,0,0,0,0,0,0,0,nan,nan,3.4059998989105225,1.0,0,0,0,2.746384620666504,2.4590277671813965,-1.97152770507736,0.6713340282440186,34.61064052581787,33.929961919784546,36.477590560913086,9.012222290039062e-05,1.4439678192138672,0.07569294399991122,0.0275812219999807,0.0354,0.021847585797721697,0.021847585797721697,nan,nan,nan,nan,0.10435992675518047,-0.7486819118827253,lidar_disabled,1,1,1,1,4,0,1,1,2,cascade_controller_v4,cascade_controller_v4_fast_smooth_true_cascade_pd_1_0,cascade_pd_tracking,follow_main,inner_wheel_pd,True,True,False,"[""cascade_controller_v4""]",False,UNKNOWN,UNKNOWN,UNKNOWN,TURNING,True,ok,1.0,12.54191153300182,0.07569294399991122,0.0275812219999807,35.4,0.258,-0.2046824022943301,0.0,0.021847585797721697,21.847585797721695,0.15812363110817518,0.021847585797721697,21.847585797721695,0.15812363110817518,0.02140805521043237,0.15408047369545186,0.72,0.35,0.68,0.3,0.01573026177435962,0.007492819323651329,0.10752406915355912,0.046224142108635555,-0.287845006790325,-0.287845006790325,-0.287845006790325,0.11,0.11,0.6666342275919839,sharp,1.18,1.0,-0.06696515407227319,-0.17697129236020565,0.8,0.34375,0.11,-0.287845006790325,0.12942953795834694,0.09057046204165306,0.12942953795834694,0.09057046204165306,0.15489595580726442,0.05382389770309651,0.15489595580726442,0.05382389770309651,-0.025466417848917483,0.03674656433855655,-0.08768896039104888,0.18743589836878516,-0.005953367768326042,0.008833987747957583,0.1234761701900209,0.09940444978961065,0.11144030998981577,-0.160478136002735,0.1014999970793724,-0.8195652365684509,0.10435992675518047,-0.7486819118827253,2.746384620666504,2.4590277671813965,3.4059998989105225,lidar_disabled,1.0,False,1874.992572101
1785741817.9156184,85.81783986091614,v4,cascade_controller_v4,cascade_controller_v4_fast_smooth_true_cascade_pd_1_0,cascade_pd_tracking,follow_main,inner_wheel_pd,sharp,,TURNING,UNKNOWN,UNKNOWN,UNKNOWN,1,1,35.4,35.4,21.847585797721695,21.847585797721695,0.258,0.15812363110817518,0.15812363110817518,0.02140805521043237,0.15408047369545186,0.01573026177435962,0.007492819323651329,0.10752406915355912,0.046224142108635555,0.72,0.35,0.68,0.3,nan,nan,nan,nan,nan,1.0,0.6666342275919839,-0.06696515407227319,-0.17697129236020565,1.18,0.11,0.11,0.11144030998981577,0.0,0.1014999970793724,-0.287845006790325,-0.287845006790325,0.8,-0.287845006790325,-0.160478136002735,0.0,-0.8195652365684509,-0.1014999970793724,0.8195652365684509,0.12942953795834694,0.15489595580726442,0.1234761701900209,0.09057046204165306,0.05382389770309651,0.09940444978961065,-0.025466417848917483,0.03674656433855655,-0.08768896039104888,0.18743589836878516,-0.005953367768326042,0.008833987747957583,12.54191153300182,1.0,0.0,-0.2046824022943301,0.34375,0,0,0,0,0,0,0,0,0,nan,nan,3.4059998989105225,1.0,0,0,0,2.746384620666504,2.4590277671813965,-1.97152770507736,1.3394076824188232,35.27871489524841,34.59803605079651,37.14566469192505,0.6681649684906006,9.226799011230469e-05,0.07569294399991122,0.0275812219999807,0.0354,0.021847585797721697,0.021847585797721697,nan,nan,nan,nan,0.10435992675518047,-0.7486819118827253,lidar_disabled,1,1,1,1,4,0,1,1,2,cascade_controller_v4,cascade_controller_v4_fast_smooth_true_cascade_pd_1_0,cascade_pd_tracking,follow_main,inner_wheel_pd,True,True,False,"[""cascade_controller_v4""]",False,UNKNOWN,UNKNOWN,UNKNOWN,TURNING,True,ok,1.0,12.54191153300182,0.07569294399991122,0.0275812219999807,35.4,0.258,-0.2046824022943301,0.0,0.021847585797721697,21.847585797721695,0.15812363110817518,0.021847585797721697,21.847585797721695,0.15812363110817518,0.02140805521043237,0.15408047369545186,0.72,0.35,0.68,0.3,0.01573026177435962,0.007492819323651329,0.10752406915355912,0.046224142108635555,-0.287845006790325,-0.287845006790325,-0.287845006790325,0.11,0.11,0.6666342275919839,sharp,1.18,1.0,-0.06696515407227319,-0.17697129236020565,0.8,0.34375,0.11,-0.287845006790325,0.12942953795834694,0.09057046204165306,0.12942953795834694,0.09057046204165306,0.15489595580726442,0.05382389770309651,0.15489595580726442,0.05382389770309651,-0.025466417848917483,0.03674656433855655,-0.08768896039104888,0.18743589836878516,-0.005953367768326042,0.008833987747957583,0.1234761701900209,0.09940444978961065,0.11144030998981577,-0.160478136002735,0.1014999970793724,-0.8195652365684509,0.10435992675518047,-0.7486819118827253,2.746384620666504,2.4590277671813965,3.4059998989105225,lidar_disabled,1.0,False,1874.992572101
1785741818.4018316,86.30405306816101,v4,cascade_controller_v4,cascade_controller_v4_fast_smooth_true_cascade_pd_1_0,cascade_pd_tracking,follow_main,inner_wheel_pd,sharp,,TURNING,UNKNOWN,UNKNOWN,UNKNOWN,1,1,35.4,35.4,21.847585797721695,21.847585797721695,0.258,0.15812363110817518,0.15812363110817518,0.02140805521043237,0.15408047369545186,0.01573026177435962,0.007492819323651329,0.10752406915355912,0.046224142108635555,0.72,0.35,0.68,0.3,nan,nan,nan,nan,nan,1.0,0.6666342275919839,-0.06696515407227319,-0.17697129236020565,1.18,0.11,0.11,0.11144030998981577,0.0,0.1014999970793724,-0.287845006790325,-0.287845006790325,0.8,-0.287845006790325,-0.160478136002735,0.0,-0.8195652365684509,-0.1014999970793724,0.8195652365684509,0.12942953795834694,0.15489595580726442,0.1234761701900209,0.09057046204165306,0.05382389770309651,0.09940444978961065,-0.025466417848917483,0.03674656433855655,-0.08768896039104888,0.18743589836878516,-0.005953367768326042,0.008833987747957583,12.54191153300182,1.0,0.0,-0.2046824022943301,0.34375,0,0,0,0,0,0,0,0,0,nan,nan,3.4059998989105225,1.0,0,0,0,2.746384620666504,2.4590277671813965,-1.97152770507736,8.368492126464844e-05,35.76492738723755,35.084248542785645,37.631877422332764,1.1543769836425781,0.48630452156066895,0.07569294399991122,0.0275812219999807,0.0354,0.021847585797721697,0.021847585797721697,nan,nan,nan,nan,0.10435992675518047,-0.7486819118827253,lidar_disabled,1,1,1,1,4,0,1,1,2,cascade_controller_v4,cascade_controller_v4_fast_smooth_true_cascade_pd_1_0,cascade_pd_tracking,follow_main,inner_wheel_pd,True,True,False,"[""cascade_controller_v4""]",False,UNKNOWN,UNKNOWN,UNKNOWN,TURNING,True,ok,1.0,12.54191153300182,0.07569294399991122,0.0275812219999807,35.4,0.258,-0.2046824022943301,0.0,0.021847585797721697,21.847585797721695,0.15812363110817518,0.021847585797721697,21.847585797721695,0.15812363110817518,0.02140805521043237,0.15408047369545186,0.72,0.35,0.68,0.3,0.01573026177435962,0.007492819323651329,0.10752406915355912,0.046224142108635555,-0.287845006790325,-0.287845006790325,-0.287845006790325,0.11,0.11,0.6666342275919839,sharp,1.18,1.0,-0.06696515407227319,-0.17697129236020565,0.8,0.34375,0.11,-0.287845006790325,0.12942953795834694,0.09057046204165306,0.12942953795834694,0.09057046204165306,0.15489595580726442,0.05382389770309651,0.15489595580726442,0.05382389770309651,-0.025466417848917483,0.03674656433855655,-0.08768896039104888,0.18743589836878516,-0.005953367768326042,0.008833987747957583,0.1234761701900209,0.09940444978961065,0.11144030998981577,-0.160478136002735,0.1014999970793724,-0.8195652365684509,0.10435992675518047,-0.7486819118827253,2.746384620666504,2.4590277671813965,3.4059998989105225,lidar_disabled,1.0,False,1874.992572101
1785741819.027312,86.92953395843506,v4,cascade_controller_v4,cascade_controller_v4_fast_smooth_true_cascade_pd_1_0,cascade_pd_tracking,follow_main,inner_wheel_pd,sharp,,TURNING,UNKNOWN,UNKNOWN,UNKNOWN,1,1,35.4,35.4,21.847585797721695,21.847585797721695,0.258,0.15812363110817518,0.15812363110817518,0.02140805521043237,0.15408047369545186,0.01573026177435962,0.007492819323651329,0.10752406915355912,0.046224142108635555,0.72,0.35,0.68,0.3,nan,nan,nan,nan,nan,1.0,0.6666342275919839,-0.06696515407227319,-0.17697129236020565,1.18,0.11,0.11,0.11144030998981577,0.0,0.1014999970793724,-0.287845006790325,-0.287845006790325,0.8,-0.287845006790325,-0.160478136002735,0.0,-0.8195652365684509,-0.1014999970793724,0.8195652365684509,0.12942953795834694,0.15489595580726442,0.1234761701900209,0.09057046204165306,0.05382389770309651,0.09940444978961065,-0.025466417848917483,0.03674656433855655,-0.08768896039104888,0.18743589836878516,-0.005953367768326042,0.008833987747957583,12.54191153300182,1.0,0.0,-0.2046824022943301,0.34375,0,0,0,0,0,0,0,0,0,nan,nan,3.4059998989105225,1.0,0,0,0,2.746384620666504,2.4590277671813965,-1.97152770507736,0.6255643367767334,36.390408754348755,35.70973014831543,38.25735902786255,0.00011610984802246094,1.1117868423461914,0.07569294399991122,0.0275812219999807,0.0354,0.021847585797721697,0.021847585797721697,nan,nan,nan,nan,0.10435992675518047,-0.7486819118827253,lidar_disabled,1,1,1,1,4,0,1,1,2,cascade_controller_v4,cascade_controller_v4_fast_smooth_true_cascade_pd_1_0,cascade_pd_tracking,follow_main,inner_wheel_pd,True,True,False,"[""cascade_controller_v4""]",False,UNKNOWN,UNKNOWN,UNKNOWN,TURNING,True,ok,1.0,12.54191153300182,0.07569294399991122,0.0275812219999807,35.4,0.258,-0.2046824022943301,0.0,0.021847585797721697,21.847585797721695,0.15812363110817518,0.021847585797721697,21.847585797721695,0.15812363110817518,0.02140805521043237,0.15408047369545186,0.72,0.35,0.68,0.3,0.01573026177435962,0.007492819323651329,0.10752406915355912,0.046224142108635555,-0.287845006790325,-0.287845006790325,-0.287845006790325,0.11,0.11,0.6666342275919839,sharp,1.18,1.0,-0.06696515407227319,-0.17697129236020565,0.8,0.34375,0.11,-0.287845006790325,0.12942953795834694,0.09057046204165306,0.12942953795834694,0.09057046204165306,0.15489595580726442,0.05382389770309651,0.15489595580726442,0.05382389770309651,-0.025466417848917483,0.03674656433855655,-0.08768896039104888,0.18743589836878516,-0.005953367768326042,0.008833987747957583,0.1234761701900209,0.09940444978961065,0.11144030998981577,-0.160478136002735,0.1014999970793724,-0.8195652365684509,0.10435992675518047,-0.7486819118827253,2.746384620666504,2.4590277671813965,3.4059998989105225,lidar_disabled,1.0,False,1874.992572101
1785741819.7086585,87.61087989807129,v4,cascade_controller_v4,cascade_controller_v4_fast_smooth_true_cascade_pd_1_0,cascade_pd_tracking,follow_main,inner_wheel_pd,sharp,,TURNING,UNKNOWN,UNKNOWN,UNKNOWN,1,1,35.4,35.4,21.847585797721695,21.847585797721695,0.258,0.15812363110817518,0.15812363110817518,0.02140805521043237,0.15408047369545186,0.01573026177435962,0.007492819323651329,0.10752406915355912,0.046224142108635555,0.72,0.35,0.68,0.3,nan,nan,nan,nan,nan,1.0,0.6666342275919839,-0.06696515407227319,-0.17697129236020565,1.18,0.11,0.11,0.11144030998981577,0.0,0.1014999970793724,-0.287845006790325,-0.287845006790325,0.8,-0.287845006790325,-0.160478136002735,0.0,-0.8195652365684509,-0.1014999970793724,0.8195652365684509,0.12942953795834694,0.15489595580726442,0.1234761701900209,0.09057046204165306,0.05382389770309651,0.09940444978961065,-0.025466417848917483,0.03674656433855655,-0.08768896039104888,0.18743589836878516,-0.005953367768326042,0.008833987747957583,12.54191153300182,1.0,0.0,-0.2046824022943301,0.34375,0,0,0,0,0,0,0,0,0,nan,nan,3.4059998989105225,1.0,0,0,0,2.746384620666504,2.4590277671813965,-1.97152770507736,1.3069097995758057,37.07175397872925,36.391075134277344,38.938703775405884,0.6814606189727783,0.00011610984802246094,0.07569294399991122,0.0275812219999807,0.0354,0.021847585797721697,0.021847585797721697,nan,nan,nan,nan,0.10435992675518047,-0.7486819118827253,lidar_disabled,1,1,1,1,4,0,1,1,2,cascade_controller_v4,cascade_controller_v4_fast_smooth_true_cascade_pd_1_0,cascade_pd_tracking,follow_main,inner_wheel_pd,True,True,False,"[""cascade_controller_v4""]",False,UNKNOWN,UNKNOWN,UNKNOWN,TURNING,True,ok,1.0,12.54191153300182,0.07569294399991122,0.0275812219999807,35.4,0.258,-0.2046824022943301,0.0,0.021847585797721697,21.847585797721695,0.15812363110817518,0.021847585797721697,21.847585797721695,0.15812363110817518,0.02140805521043237,0.15408047369545186,0.72,0.35,0.68,0.3,0.01573026177435962,0.007492819323651329,0.10752406915355912,0.046224142108635555,-0.287845006790325,-0.287845006790325,-0.287845006790325,0.11,0.11,0.6666342275919839,sharp,1.18,1.0,-0.06696515407227319,-0.17697129236020565,0.8,0.34375,0.11,-0.287845006790325,0.12942953795834694,0.09057046204165306,0.12942953795834694,0.09057046204165306,0.15489595580726442,0.05382389770309651,0.15489595580726442,0.05382389770309651,-0.025466417848917483,0.03674656433855655,-0.08768896039104888,0.18743589836878516,-0.005953367768326042,0.008833987747957583,0.1234761701900209,0.09940444978961065,0.11144030998981577,-0.160478136002735,0.1014999970793724,-0.8195652365684509,0.10435992675518047,-0.7486819118827253,2.746384620666504,2.4590277671813965,3.4059998989105225,lidar_disabled,1.0,False,1874.992572101
1785741820.2461345,88.14835596084595,v4,cascade_controller_v4,cascade_controller_v4_fast_smooth_true_cascade_pd_1_0,cascade_pd_tracking,follow_main,inner_wheel_pd,sharp,,TURNING,UNKNOWN,UNKNOWN,UNKNOWN,1,1,35.4,35.4,21.847585797721695,21.847585797721695,0.258,0.15812363110817518,0.15812363110817518,0.02140805521043237,0.15408047369545186,0.01573026177435962,0.007492819323651329,0.10752406915355912,0.046224142108635555,0.72,0.35,0.68,0.3,nan,nan,nan,nan,nan,1.0,0.6666342275919839,-0.06696515407227319,-0.17697129236020565,1.18,0.11,0.11,0.11144030998981577,0.0,0.1014999970793724,-0.287845006790325,-0.287845006790325,0.8,-0.287845006790325,-0.160478136002735,0.0,-0.8195652365684509,-0.1014999970793724,0.8195652365684509,0.12942953795834694,0.15489595580726442,0.1234761701900209,0.09057046204165306,0.05382389770309651,0.09940444978961065,-0.025466417848917483,0.03674656433855655,-0.08768896039104888,0.18743589836878516,-0.005953367768326042,0.008833987747957583,12.54191153300182,1.0,0.0,-0.2046824022943301,0.34375,0,0,0,0,0,0,0,0,0,nan,nan,3.4059998989105225,1.0,0,0,0,2.746384620666504,2.4590277671813965,-1.97152770507736,6.198883056640625e-05,37.609230041503906,36.928551197052,39.47617983818054,1.2189371585845947,0.5375926494598389,0.07569294399991122,0.0275812219999807,0.0354,0.021847585797721697,0.021847585797721697,nan,nan,nan,nan,0.10435992675518047,-0.7486819118827253,lidar_disabled,1,1,1,1,4,0,1,1,2,cascade_controller_v4,cascade_controller_v4_fast_smooth_true_cascade_pd_1_0,cascade_pd_tracking,follow_main,inner_wheel_pd,True,True,False,"[""cascade_controller_v4""]",False,UNKNOWN,UNKNOWN,UNKNOWN,TURNING,True,ok,1.0,12.54191153300182,0.07569294399991122,0.0275812219999807,35.4,0.258,-0.2046824022943301,0.0,0.021847585797721697,21.847585797721695,0.15812363110817518,0.021847585797721697,21.847585797721695,0.15812363110817518,0.02140805521043237,0.15408047369545186,0.72,0.35,0.68,0.3,0.01573026177435962,0.007492819323651329,0.10752406915355912,0.046224142108635555,-0.287845006790325,-0.287845006790325,-0.287845006790325,0.11,0.11,0.6666342275919839,sharp,1.18,1.0,-0.06696515407227319,-0.17697129236020565,0.8,0.34375,0.11,-0.287845006790325,0.12942953795834694,0.09057046204165306,0.12942953795834694,0.09057046204165306,0.15489595580726442,0.05382389770309651,0.15489595580726442,0.05382389770309651,-0.025466417848917483,0.03674656433855655,-0.08768896039104888,0.18743589836878516,-0.005953367768326042,0.008833987747957583,0.1234761701900209,0.09940444978961065,0.11144030998981577,-0.160478136002735,0.1014999970793724,-0.8195652365684509,0.10435992675518047,-0.7486819118827253,2.746384620666504,2.4590277671813965,3.4059998989105225,lidar_disabled,1.0,False,1874.992572101
1785741820.8309875,88.7332091331482,v4,cascade_controller_v4,cascade_controller_v4_fast_smooth_true_cascade_pd_1_0,cascade_pd_tracking,follow_main,inner_wheel_pd,sharp,,TURNING,UNKNOWN,UNKNOWN,UNKNOWN,1,1,35.4,35.4,21.847585797721695,21.847585797721695,0.258,0.15812363110817518,0.15812363110817518,0.02140805521043237,0.15408047369545186,0.01573026177435962,0.007492819323651329,0.10752406915355912,0.046224142108635555,0.72,0.35,0.68,0.3,nan,nan,nan,nan,nan,1.0,0.6666342275919839,-0.06696515407227319,-0.17697129236020565,1.18,0.11,0.11,0.11144030998981577,0.0,0.1014999970793724,-0.287845006790325,-0.287845006790325,0.8,-0.287845006790325,-0.160478136002735,0.0,-0.8195652365684509,-0.1014999970793724,0.8195652365684509,0.12942953795834694,0.15489595580726442,0.1234761701900209,0.09057046204165306,0.05382389770309651,0.09940444978961065,-0.025466417848917483,0.03674656433855655,-0.08768896039104888,0.18743589836878516,-0.005953367768326042,0.008833987747957583,12.54191153300182,1.0,0.0,-0.2046824022943301,0.34375,0,0,0,0,0,0,0,0,0,nan,nan,3.4059998989105225,1.0,0,0,0,2.746384620666504,2.4590277671813965,-1.97152770507736,0.584916353225708,38.194084882736206,37.51340651512146,40.06103563308716,0.00011229515075683594,1.1224486827850342,0.07569294399991122,0.0275812219999807,0.0354,0.021847585797721697,0.021847585797721697,nan,nan,nan,nan,0.10435992675518047,-0.7486819118827253,lidar_disabled,1,1,1,1,4,0,1,1,2,cascade_controller_v4,cascade_controller_v4_fast_smooth_true_cascade_pd_1_0,cascade_pd_tracking,follow_main,inner_wheel_pd,True,True,False,"[""cascade_controller_v4""]",False,UNKNOWN,UNKNOWN,UNKNOWN,TURNING,True,ok,1.0,12.54191153300182,0.07569294399991122,0.0275812219999807,35.4,0.258,-0.2046824022943301,0.0,0.021847585797721697,21.847585797721695,0.15812363110817518,0.021847585797721697,21.847585797721695,0.15812363110817518,0.02140805521043237,0.15408047369545186,0.72,0.35,0.68,0.3,0.01573026177435962,0.007492819323651329,0.10752406915355912,0.046224142108635555,-0.287845006790325,-0.287845006790325,-0.287845006790325,0.11,0.11,0.6666342275919839,sharp,1.18,1.0,-0.06696515407227319,-0.17697129236020565,0.8,0.34375,0.11,-0.287845006790325,0.12942953795834694,0.09057046204165306,0.12942953795834694,0.09057046204165306,0.15489595580726442,0.05382389770309651,0.15489595580726442,0.05382389770309651,-0.025466417848917483,0.03674656433855655,-0.08768896039104888,0.18743589836878516,-0.005953367768326042,0.008833987747957583,0.1234761701900209,0.09940444978961065,0.11144030998981577,-0.160478136002735,0.1014999970793724,-0.8195652365684509,0.10435992675518047,-0.7486819118827253,2.746384620666504,2.4590277671813965,3.4059998989105225,lidar_disabled,1.0,False,1874.992572101
1785741821.5679896,89.47021126747131,v4,cascade_controller_v4,cascade_controller_v4_fast_smooth_true_cascade_pd_1_0,cascade_pd_tracking,follow_main,inner_wheel_pd,sharp,,TURNING,UNKNOWN,UNKNOWN,UNKNOWN,1,1,35.4,35.4,21.847585797721695,21.847585797721695,0.258,0.15812363110817518,0.15812363110817518,0.02140805521043237,0.15408047369545186,0.01573026177435962,0.007492819323651329,0.10752406915355912,0.046224142108635555,0.72,0.35,0.68,0.3,nan,nan,nan,nan,nan,1.0,0.6666342275919839,-0.06696515407227319,-0.17697129236020565,1.18,0.11,0.11,0.11144030998981577,0.0,0.1014999970793724,-0.287845006790325,-0.287845006790325,0.8,-0.287845006790325,-0.160478136002735,0.0,-0.8195652365684509,-0.1014999970793724,0.8195652365684509,0.12942953795834694,0.15489595580726442,0.1234761701900209,0.09057046204165306,0.05382389770309651,0.09940444978961065,-0.025466417848917483,0.03674656433855655,-0.08768896039104888,0.18743589836878516,-0.005953367768326042,0.008833987747957583,12.54191153300182,1.0,0.0,-0.2046824022943301,0.34375,0,0,0,0,0,0,0,0,0,nan,nan,3.4059998989105225,1.0,0,0,0,2.746384620666504,2.4590277671813965,-1.97152770507736,1.321918249130249,38.93108677864075,38.25040817260742,40.79803729057312,0.7371137142181396,0.0001277923583984375,0.07569294399991122,0.0275812219999807,0.0354,0.021847585797721697,0.021847585797721697,nan,nan,nan,nan,0.10435992675518047,-0.7486819118827253,lidar_disabled,1,1,1,1,4,0,1,1,2,cascade_controller_v4,cascade_controller_v4_fast_smooth_true_cascade_pd_1_0,cascade_pd_tracking,follow_main,inner_wheel_pd,True,True,False,"[""cascade_controller_v4""]",False,UNKNOWN,UNKNOWN,UNKNOWN,TURNING,True,ok,1.0,12.54191153300182,0.07569294399991122,0.0275812219999807,35.4,0.258,-0.2046824022943301,0.0,0.021847585797721697,21.847585797721695,0.15812363110817518,0.021847585797721697,21.847585797721695,0.15812363110817518,0.02140805521043237,0.15408047369545186,0.72,0.35,0.68,0.3,0.01573026177435962,0.007492819323651329,0.10752406915355912,0.046224142108635555,-0.287845006790325,-0.287845006790325,-0.287845006790325,0.11,0.11,0.6666342275919839,sharp,1.18,1.0,-0.06696515407227319,-0.17697129236020565,0.8,0.34375,0.11,-0.287845006790325,0.12942953795834694,0.09057046204165306,0.12942953795834694,0.09057046204165306,0.15489595580726442,0.05382389770309651,0.15489595580726442,0.05382389770309651,-0.025466417848917483,0.03674656433855655,-0.08768896039104888,0.18743589836878516,-0.005953367768326042,0.008833987747957583,0.1234761701900209,0.09940444978961065,0.11144030998981577,-0.160478136002735,0.1014999970793724,-0.8195652365684509,0.10435992675518047,-0.7486819118827253,2.746384620666504,2.4590277671813965,3.4059998989105225,lidar_disabled,1.0,False,1874.992572101
1785741822.2270308,90.12925219535828,v4,cascade_controller_v4,cascade_controller_v4_fast_smooth_true_cascade_pd_1_0,cascade_pd_tracking,follow_main,inner_wheel_pd,sharp,,TURNING,UNKNOWN,UNKNOWN,UNKNOWN,1,1,35.4,35.4,21.847585797721695,21.847585797721695,0.258,0.15812363110817518,0.15812363110817518,0.02140805521043237,0.15408047369545186,0.01573026177435962,0.007492819323651329,0.10752406915355912,0.046224142108635555,0.72,0.35,0.68,0.3,nan,nan,nan,nan,nan,1.0,0.6666342275919839,-0.06696515407227319,-0.17697129236020565,1.18,0.11,0.11,0.11144030998981577,0.0,0.1014999970793724,-0.287845006790325,-0.287845006790325,0.8,-0.287845006790325,-0.160478136002735,0.0,-0.8195652365684509,-0.1014999970793724,0.8195652365684509,0.12942953795834694,0.15489595580726442,0.1234761701900209,0.09057046204165306,0.05382389770309651,0.09940444978961065,-0.025466417848917483,0.03674656433855655,-0.08768896039104888,0.18743589836878516,-0.005953367768326042,0.008833987747957583,12.54191153300182,1.0,0.0,-0.2046824022943301,0.34375,0,0,0,0,0,0,0,0,0,nan,nan,3.4059998989105225,1.0,0,0,0,2.746384620666504,2.4590277671813965,-1.97152770507736,6.651878356933594e-05,39.590126276016235,38.90944719314575,41.45707583427429,1.3961522579193115,0.6591658592224121,0.07569294399991122,0.0275812219999807,0.0354,0.021847585797721697,0.021847585797721697,nan,nan,nan,nan,0.10435992675518047,-0.7486819118827253,lidar_disabled,1,1,1,1,4,0,1,1,2,cascade_controller_v4,cascade_controller_v4_fast_smooth_true_cascade_pd_1_0,cascade_pd_tracking,follow_main,inner_wheel_pd,True,True,False,"[""cascade_controller_v4""]",False,UNKNOWN,UNKNOWN,UNKNOWN,TURNING,True,ok,1.0,12.54191153300182,0.07569294399991122,0.0275812219999807,35.4,0.258,-0.2046824022943301,0.0,0.021847585797721697,21.847585797721695,0.15812363110817518,0.021847585797721697,21.847585797721695,0.15812363110817518,0.02140805521043237,0.15408047369545186,0.72,0.35,0.68,0.3,0.01573026177435962,0.007492819323651329,0.10752406915355912,0.046224142108635555,-0.287845006790325,-0.287845006790325,-0.287845006790325,0.11,0.11,0.6666342275919839,sharp,1.18,1.0,-0.06696515407227319,-0.17697129236020565,0.8,0.34375,0.11,-0.287845006790325,0.12942953795834694,0.09057046204165306,0.12942953795834694,0.09057046204165306,0.15489595580726442,0.05382389770309651,0.15489595580726442,0.05382389770309651,-0.025466417848917483,0.03674656433855655,-0.08768896039104888,0.18743589836878516,-0.005953367768326042,0.008833987747957583,0.1234761701900209,0.09940444978961065,0.11144030998981577,-0.160478136002735,0.1014999970793724,-0.8195652365684509,0.10435992675518047,-0.7486819118827253,2.746384620666504,2.4590277671813965,3.4059998989105225,lidar_disabled,1.0,False,1874.992572101
1785741822.8819838,90.78420543670654,v4,cascade_controller_v4,cascade_controller_v4_fast_smooth_true_cascade_pd_1_0,cascade_pd_tracking,follow_main,inner_wheel_pd,sharp,,TURNING,UNKNOWN,UNKNOWN,UNKNOWN,1,1,35.4,35.4,21.847585797721695,21.847585797721695,0.258,0.15812363110817518,0.15812363110817518,0.02140805521043237,0.15408047369545186,0.01573026177435962,0.007492819323651329,0.10752406915355912,0.046224142108635555,0.72,0.35,0.68,0.3,nan,nan,nan,nan,nan,1.0,0.6666342275919839,-0.06696515407227319,-0.17697129236020565,1.18,0.11,0.11,0.11144030998981577,0.0,0.1014999970793724,-0.287845006790325,-0.287845006790325,0.8,-0.287845006790325,-0.160478136002735,0.0,-0.8195652365684509,-0.1014999970793724,0.8195652365684509,0.12942953795834694,0.15489595580726442,0.1234761701900209,0.09057046204165306,0.05382389770309651,0.09940444978961065,-0.025466417848917483,0.03674656433855655,-0.08768896039104888,0.18743589836878516,-0.005953367768326042,0.008833987747957583,12.54191153300182,1.0,0.0,-0.2046824022943301,0.34375,0,0,0,0,0,0,0,0,0,nan,nan,3.4059998989105225,1.0,0,0,0,2.746384620666504,2.4590277671813965,-1.97152770507736,0.6550204753875732,40.245081186294556,39.56440281867981,42.11203193664551,0.00012993812561035156,1.3141231536865234,0.07569294399991122,0.0275812219999807,0.0354,0.021847585797721697,0.021847585797721697,nan,nan,nan,nan,0.10435992675518047,-0.7486819118827253,lidar_disabled,1,1,1,1,4,0,1,1,2,cascade_controller_v4,cascade_controller_v4_fast_smooth_true_cascade_pd_1_0,cascade_pd_tracking,follow_main,inner_wheel_pd,True,True,False,"[""cascade_controller_v4""]",False,UNKNOWN,UNKNOWN,UNKNOWN,TURNING,True,ok,1.0,12.54191153300182,0.07569294399991122,0.0275812219999807,35.4,0.258,-0.2046824022943301,0.0,0.021847585797721697,21.847585797721695,0.15812363110817518,0.021847585797721697,21.847585797721695,0.15812363110817518,0.02140805521043237,0.15408047369545186,0.72,0.35,0.68,0.3,0.01573026177435962,0.007492819323651329,0.10752406915355912,0.046224142108635555,-0.287845006790325,-0.287845006790325,-0.287845006790325,0.11,0.11,0.6666342275919839,sharp,1.18,1.0,-0.06696515407227319,-0.17697129236020565,0.8,0.34375,0.11,-0.287845006790325,0.12942953795834694,0.09057046204165306,0.12942953795834694,0.09057046204165306,0.15489595580726442,0.05382389770309651,0.15489595580726442,0.05382389770309651,-0.025466417848917483,0.03674656433855655,-0.08768896039104888,0.18743589836878516,-0.005953367768326042,0.008833987747957583,0.1234761701900209,0.09940444978961065,0.11144030998981577,-0.160478136002735,0.1014999970793724,-0.8195652365684509,0.10435992675518047,-0.7486819118827253,2.746384620666504,2.4590277671813965,3.4059998989105225,lidar_disabled,1.0,False,1874.992572101
1785741823.6295252,91.53174662590027,v4,cascade_controller_v4,cascade_controller_v4_fast_smooth_true_cascade_pd_1_0,cascade_pd_tracking,follow_main,inner_wheel_pd,sharp,,TURNING,UNKNOWN,UNKNOWN,UNKNOWN,1,1,35.4,35.4,21.847585797721695,21.847585797721695,0.258,0.15812363110817518,0.15812363110817518,0.02140805521043237,0.15408047369545186,0.01573026177435962,0.007492819323651329,0.10752406915355912,0.046224142108635555,0.72,0.35,0.68,0.3,nan,nan,nan,nan,nan,1.0,0.6666342275919839,-0.06696515407227319,-0.17697129236020565,1.18,0.11,0.11,0.11144030998981577,0.0,0.1014999970793724,-0.287845006790325,-0.287845006790325,0.8,-0.287845006790325,-0.160478136002735,0.0,-0.8195652365684509,-0.1014999970793724,0.8195652365684509,0.12942953795834694,0.15489595580726442,0.1234761701900209,0.09057046204165306,0.05382389770309651,0.09940444978961065,-0.025466417848917483,0.03674656433855655,-0.08768896039104888,0.18743589836878516,-0.005953367768326042,0.008833987747957583,12.54191153300182,1.0,0.0,-0.2046824022943301,0.34375,0,0,0,0,0,0,0,0,0,nan,nan,3.4059998989105225,1.0,0,0,0,2.746384620666504,2.4590277671813965,-1.97152770507736,1.4025607109069824,40.99262094497681,40.31194186210632,42.85957074165344,0.7476675510406494,0.00010037422180175781,0.07569294399991122,0.0275812219999807,0.0354,0.021847585797721697,0.021847585797721697,nan,nan,nan,nan,0.10435992675518047,-0.7486819118827253,lidar_disabled,1,1,1,1,4,0,1,1,2,cascade_controller_v4,cascade_controller_v4_fast_smooth_true_cascade_pd_1_0,cascade_pd_tracking,follow_main,inner_wheel_pd,True,True,False,"[""cascade_controller_v4""]",False,UNKNOWN,UNKNOWN,UNKNOWN,TURNING,True,ok,1.0,12.54191153300182,0.07569294399991122,0.0275812219999807,35.4,0.258,-0.2046824022943301,0.0,0.021847585797721697,21.847585797721695,0.15812363110817518,0.021847585797721697,21.847585797721695,0.15812363110817518,0.02140805521043237,0.15408047369545186,0.72,0.35,0.68,0.3,0.01573026177435962,0.007492819323651329,0.10752406915355912,0.046224142108635555,-0.287845006790325,-0.287845006790325,-0.287845006790325,0.11,0.11,0.6666342275919839,sharp,1.18,1.0,-0.06696515407227319,-0.17697129236020565,0.8,0.34375,0.11,-0.287845006790325,0.12942953795834694,0.09057046204165306,0.12942953795834694,0.09057046204165306,0.15489595580726442,0.05382389770309651,0.15489595580726442,0.05382389770309651,-0.025466417848917483,0.03674656433855655,-0.08768896039104888,0.18743589836878516,-0.005953367768326042,0.008833987747957583,0.1234761701900209,0.09940444978961065,0.11144030998981577,-0.160478136002735,0.1014999970793724,-0.8195652365684509,0.10435992675518047,-0.7486819118827253,2.746384620666504,2.4590277671813965,3.4059998989105225,lidar_disabled,1.0,False,1874.992572101
1785741824.31222,92.21444153785706,v4,cascade_controller_v4,cascade_controller_v4_fast_smooth_true_cascade_pd_1_0,cascade_pd_tracking,follow_main,inner_wheel_pd,sharp,,TURNING,UNKNOWN,UNKNOWN,UNKNOWN,1,1,35.4,35.4,21.847585797721695,21.847585797721695,0.258,0.15812363110817518,0.15812363110817518,0.02140805521043237,0.15408047369545186,0.01573026177435962,0.007492819323651329,0.10752406915355912,0.046224142108635555,0.72,0.35,0.68,0.3,nan,nan,nan,nan,nan,1.0,0.6666342275919839,-0.06696515407227319,-0.17697129236020565,1.18,0.11,0.11,0.11144030998981577,0.0,0.1014999970793724,-0.287845006790325,-0.287845006790325,0.8,-0.287845006790325,-0.160478136002735,0.0,-0.8195652365684509,-0.1014999970793724,0.8195652365684509,0.12942953795834694,0.15489595580726442,0.1234761701900209,0.09057046204165306,0.05382389770309651,0.09940444978961065,-0.025466417848917483,0.03674656433855655,-0.08768896039104888,0.18743589836878516,-0.005953367768326042,0.008833987747957583,12.54191153300182,1.0,0.0,-0.2046824022943301,0.34375,0,0,0,0,0,0,0,0,0,nan,nan,3.4059998989105225,1.0,0,0,0,2.746384620666504,2.4590277671813965,-1.97152770507736,6.794929504394531e-05,41.675315618515015,40.99463653564453,43.54226541519165,1.4303624629974365,0.682795524597168,0.07569294399991122,0.0275812219999807,0.0354,0.021847585797721697,0.021847585797721697,nan,nan,nan,nan,0.10435992675518047,-0.7486819118827253,lidar_disabled,1,1,1,1,4,0,1,1,2,cascade_controller_v4,cascade_controller_v4_fast_smooth_true_cascade_pd_1_0,cascade_pd_tracking,follow_main,inner_wheel_pd,True,True,False,"[""cascade_controller_v4""]",False,UNKNOWN,UNKNOWN,UNKNOWN,TURNING,True,ok,1.0,12.54191153300182,0.07569294399991122,0.0275812219999807,35.4,0.258,-0.2046824022943301,0.0,0.021847585797721697,21.847585797721695,0.15812363110817518,0.021847585797721697,21.847585797721695,0.15812363110817518,0.02140805521043237,0.15408047369545186,0.72,0.35,0.68,0.3,0.01573026177435962,0.007492819323651329,0.10752406915355912,0.046224142108635555,-0.287845006790325,-0.287845006790325,-0.287845006790325,0.11,0.11,0.6666342275919839,sharp,1.18,1.0,-0.06696515407227319,-0.17697129236020565,0.8,0.34375,0.11,-0.287845006790325,0.12942953795834694,0.09057046204165306,0.12942953795834694,0.09057046204165306,0.15489595580726442,0.05382389770309651,0.15489595580726442,0.05382389770309651,-0.025466417848917483,0.03674656433855655,-0.08768896039104888,0.18743589836878516,-0.005953367768326042,0.008833987747957583,0.1234761701900209,0.09940444978961065,0.11144030998981577,-0.160478136002735,0.1014999970793724,-0.8195652365684509,0.10435992675518047,-0.7486819118827253,2.746384620666504,2.4590277671813965,3.4059998989105225,lidar_disabled,1.0,False,1874.992572101
1785741824.929671,92.83189272880554,v4,cascade_controller_v4,cascade_controller_v4_fast_smooth_true_cascade_pd_1_0,cascade_pd_tracking,follow_main,inner_wheel_pd,sharp,,TURNING,UNKNOWN,UNKNOWN,UNKNOWN,1,1,35.4,35.4,21.847585797721695,21.847585797721695,0.258,0.15812363110817518,0.15812363110817518,0.02140805521043237,0.15408047369545186,0.01573026177435962,0.007492819323651329,0.10752406915355912,0.046224142108635555,0.72,0.35,0.68,0.3,nan,nan,nan,nan,nan,1.0,0.6666342275919839,-0.06696515407227319,-0.17697129236020565,1.18,0.11,0.11,0.11144030998981577,0.0,0.1014999970793724,-0.287845006790325,-0.287845006790325,0.8,-0.287845006790325,-0.160478136002735,0.0,-0.8195652365684509,-0.1014999970793724,0.8195652365684509,0.12942953795834694,0.15489595580726442,0.1234761701900209,0.09057046204165306,0.05382389770309651,0.09940444978961065,-0.025466417848917483,0.03674656433855655,-0.08768896039104888,0.18743589836878516,-0.005953367768326042,0.008833987747957583,12.54191153300182,1.0,0.0,-0.2046824022943301,0.34375,0,0,0,0,0,0,0,0,0,nan,nan,3.4059998989105225,1.0,0,0,0,2.746384620666504,2.4590277671813965,-1.97152770507736,0.6175189018249512,42.29276657104492,41.6120879650116,44.15971660614014,7.319450378417969e-05,1.300246238708496,0.07569294399991122,0.0275812219999807,0.0354,0.021847585797721697,0.021847585797721697,nan,nan,nan,nan,0.10435992675518047,-0.7486819118827253,lidar_disabled,1,1,1,1,4,0,1,1,2,cascade_controller_v4,cascade_controller_v4_fast_smooth_true_cascade_pd_1_0,cascade_pd_tracking,follow_main,inner_wheel_pd,True,True,False,"[""cascade_controller_v4""]",False,UNKNOWN,UNKNOWN,UNKNOWN,TURNING,True,ok,1.0,12.54191153300182,0.07569294399991122,0.0275812219999807,35.4,0.258,-0.2046824022943301,0.0,0.021847585797721697,21.847585797721695,0.15812363110817518,0.021847585797721697,21.847585797721695,0.15812363110817518,0.02140805521043237,0.15408047369545186,0.72,0.35,0.68,0.3,0.01573026177435962,0.007492819323651329,0.10752406915355912,0.046224142108635555,-0.287845006790325,-0.287845006790325,-0.287845006790325,0.11,0.11,0.6666342275919839,sharp,1.18,1.0,-0.06696515407227319,-0.17697129236020565,0.8,0.34375,0.11,-0.287845006790325,0.12942953795834694,0.09057046204165306,0.12942953795834694,0.09057046204165306,0.15489595580726442,0.05382389770309651,0.15489595580726442,0.05382389770309651,-0.025466417848917483,0.03674656433855655,-0.08768896039104888,0.18743589836878516,-0.005953367768326042,0.008833987747957583,0.1234761701900209,0.09940444978961065,0.11144030998981577,-0.160478136002735,0.1014999970793724,-0.8195652365684509,0.10435992675518047,-0.7486819118827253,2.746384620666504,2.4590277671813965,3.4059998989105225,lidar_disabled,1.0,False,1874.992572101
1785741825.522242,93.4244635105133,v4,cascade_controller_v4,cascade_controller_v4_fast_smooth_true_cascade_pd_1_0,cascade_pd_tracking,follow_main,inner_wheel_pd,sharp,,TURNING,UNKNOWN,UNKNOWN,UNKNOWN,1,1,35.4,35.4,21.847585797721695,21.847585797721695,0.258,0.15812363110817518,0.15812363110817518,0.02140805521043237,0.15408047369545186,0.01573026177435962,0.007492819323651329,0.10752406915355912,0.046224142108635555,0.72,0.35,0.68,0.3,nan,nan,nan,nan,nan,1.0,0.6666342275919839,-0.06696515407227319,-0.17697129236020565,1.18,0.11,0.11,0.11144030998981577,0.0,0.1014999970793724,-0.287845006790325,-0.287845006790325,0.8,-0.287845006790325,-0.160478136002735,0.0,-0.8195652365684509,-0.1014999970793724,0.8195652365684509,0.12942953795834694,0.15489595580726442,0.1234761701900209,0.09057046204165306,0.05382389770309651,0.09940444978961065,-0.025466417848917483,0.03674656433855655,-0.08768896039104888,0.18743589836878516,-0.005953367768326042,0.008833987747957583,12.54191153300182,1.0,0.0,-0.2046824022943301,0.34375,0,0,0,0,0,0,0,0,0,nan,nan,3.4059998989105225,1.0,0,0,0,2.746384620666504,2.4590277671813965,-1.97152770507736,1.210089921951294,42.88533806800842,42.20465922355652,44.75228762626648,0.5926446914672852,0.00011754035949707031,0.07569294399991122,0.0275812219999807,0.0354,0.021847585797721697,0.021847585797721697,nan,nan,nan,nan,0.10435992675518047,-0.7486819118827253,lidar_disabled,1,1,1,1,4,0,1,1,2,cascade_controller_v4,cascade_controller_v4_fast_smooth_true_cascade_pd_1_0,cascade_pd_tracking,follow_main,inner_wheel_pd,True,True,False,"[""cascade_controller_v4""]",False,UNKNOWN,UNKNOWN,UNKNOWN,TURNING,True,ok,1.0,12.54191153300182,0.07569294399991122,0.0275812219999807,35.4,0.258,-0.2046824022943301,0.0,0.021847585797721697,21.847585797721695,0.15812363110817518,0.021847585797721697,21.847585797721695,0.15812363110817518,0.02140805521043237,0.15408047369545186,0.72,0.35,0.68,0.3,0.01573026177435962,0.007492819323651329,0.10752406915355912,0.046224142108635555,-0.287845006790325,-0.287845006790325,-0.287845006790325,0.11,0.11,0.6666342275919839,sharp,1.18,1.0,-0.06696515407227319,-0.17697129236020565,0.8,0.34375,0.11,-0.287845006790325,0.12942953795834694,0.09057046204165306,0.12942953795834694,0.09057046204165306,0.15489595580726442,0.05382389770309651,0.15489595580726442,0.05382389770309651,-0.025466417848917483,0.03674656433855655,-0.08768896039104888,0.18743589836878516,-0.005953367768326042,0.008833987747957583,0.1234761701900209,0.09940444978961065,0.11144030998981577,-0.160478136002735,0.1014999970793724,-0.8195652365684509,0.10435992675518047,-0.7486819118827253,2.746384620666504,2.4590277671813965,3.4059998989105225,lidar_disabled,1.0,False,1874.992572101
1785741826.1635308,94.06575226783752,v4,cascade_controller_v4,cascade_controller_v4_fast_smooth_true_cascade_pd_1_0,cascade_pd_tracking,follow_main,inner_wheel_pd,sharp,,TURNING,UNKNOWN,UNKNOWN,UNKNOWN,1,1,35.4,35.4,21.847585797721695,21.847585797721695,0.258,0.15812363110817518,0.15812363110817518,0.02140805521043237,0.15408047369545186,0.01573026177435962,0.007492819323651329,0.10752406915355912,0.046224142108635555,0.72,0.35,0.68,0.3,nan,nan,nan,nan,nan,1.0,0.6666342275919839,-0.06696515407227319,-0.17697129236020565,1.18,0.11,0.11,0.11144030998981577,0.0,0.1014999970793724,-0.287845006790325,-0.287845006790325,0.8,-0.287845006790325,-0.160478136002735,0.0,-0.8195652365684509,-0.1014999970793724,0.8195652365684509,0.12942953795834694,0.15489595580726442,0.1234761701900209,0.09057046204165306,0.05382389770309651,0.09940444978961065,-0.025466417848917483,0.03674656433855655,-0.08768896039104888,0.18743589836878516,-0.005953367768326042,0.008833987747957583,12.54191153300182,1.0,0.0,-0.2046824022943301,0.34375,0,0,0,0,0,0,0,0,0,nan,nan,3.4059998989105225,1.0,0,0,0,2.746384620666504,2.4590277671813965,-1.97152770507736,6.127357482910156e-05,43.526625871658325,42.84594702720642,45.39357566833496,1.2339324951171875,0.6414053440093994,0.07569294399991122,0.0275812219999807,0.0354,0.021847585797721697,0.021847585797721697,nan,nan,nan,nan,0.10435992675518047,-0.7486819118827253,lidar_disabled,1,1,1,1,4,0,1,1,2,cascade_controller_v4,cascade_controller_v4_fast_smooth_true_cascade_pd_1_0,cascade_pd_tracking,follow_main,inner_wheel_pd,True,True,False,"[""cascade_controller_v4""]",False,UNKNOWN,UNKNOWN,UNKNOWN,TURNING,True,ok,1.0,12.54191153300182,0.07569294399991122,0.0275812219999807,35.4,0.258,-0.2046824022943301,0.0,0.021847585797721697,21.847585797721695,0.15812363110817518,0.021847585797721697,21.847585797721695,0.15812363110817518,0.02140805521043237,0.15408047369545186,0.72,0.35,0.68,0.3,0.01573026177435962,0.007492819323651329,0.10752406915355912,0.046224142108635555,-0.287845006790325,-0.287845006790325,-0.287845006790325,0.11,0.11,0.6666342275919839,sharp,1.18,1.0,-0.06696515407227319,-0.17697129236020565,0.8,0.34375,0.11,-0.287845006790325,0.12942953795834694,0.09057046204165306,0.12942953795834694,0.09057046204165306,0.15489595580726442,0.05382389770309651,0.15489595580726442,0.05382389770309651,-0.025466417848917483,0.03674656433855655,-0.08768896039104888,0.18743589836878516,-0.005953367768326042,0.008833987747957583,0.1234761701900209,0.09940444978961065,0.11144030998981577,-0.160478136002735,0.1014999970793724,-0.8195652365684509,0.10435992675518047,-0.7486819118827253,2.746384620666504,2.4590277671813965,3.4059998989105225,lidar_disabled,1.0,False,1874.992572101
1785741826.7976239,94.69984602928162,v4,cascade_controller_v4,cascade_controller_v4_fast_smooth_true_cascade_pd_1_0,cascade_pd_tracking,follow_main,inner_wheel_pd,sharp,,TURNING,UNKNOWN,UNKNOWN,UNKNOWN,1,1,35.4,35.4,21.847585797721695,21.847585797721695,0.258,0.15812363110817518,0.15812363110817518,0.02140805521043237,0.15408047369545186,0.01573026177435962,0.007492819323651329,0.10752406915355912,0.046224142108635555,0.72,0.35,0.68,0.3,nan,nan,nan,nan,nan,1.0,0.6666342275919839,-0.06696515407227319,-0.17697129236020565,1.18,0.11,0.11,0.11144030998981577,0.0,0.1014999970793724,-0.287845006790325,-0.287845006790325,0.8,-0.287845006790325,-0.160478136002735,0.0,-0.8195652365684509,-0.1014999970793724,0.8195652365684509,0.12942953795834694,0.15489595580726442,0.1234761701900209,0.09057046204165306,0.05382389770309651,0.09940444978961065,-0.025466417848917483,0.03674656433855655,-0.08768896039104888,0.18743589836878516,-0.005953367768326042,0.008833987747957583,12.54191153300182,1.0,0.0,-0.2046824022943301,0.34375,0,0,0,0,0,0,0,0,0,nan,nan,3.4059998989105225,1.0,0,0,0,2.746384620666504,2.4590277671813965,-1.97152770507736,0.6341602802276611,44.16072607040405,43.480048179626465,46.02767777442932,0.00019073486328125,1.2755084037780762,0.07569294399991122,0.0275812219999807,0.0354,0.021847585797721697,0.021847585797721697,nan,nan,nan,nan,0.10435992675518047,-0.7486819118827253,lidar_disabled,1,1,1,1,4,0,1,1,2,cascade_controller_v4,cascade_controller_v4_fast_smooth_true_cascade_pd_1_0,cascade_pd_tracking,follow_main,inner_wheel_pd,True,True,False,"[""cascade_controller_v4""]",False,UNKNOWN,UNKNOWN,UNKNOWN,TURNING,True,ok,1.0,12.54191153300182,0.07569294399991122,0.0275812219999807,35.4,0.258,-0.2046824022943301,0.0,0.021847585797721697,21.847585797721695,0.15812363110817518,0.021847585797721697,21.847585797721695,0.15812363110817518,0.02140805521043237,0.15408047369545186,0.72,0.35,0.68,0.3,0.01573026177435962,0.007492819323651329,0.10752406915355912,0.046224142108635555,-0.287845006790325,-0.287845006790325,-0.287845006790325,0.11,0.11,0.6666342275919839,sharp,1.18,1.0,-0.06696515407227319,-0.17697129236020565,0.8,0.34375,0.11,-0.287845006790325,0.12942953795834694,0.09057046204165306,0.12942953795834694,0.09057046204165306,0.15489595580726442,0.05382389770309651,0.15489595580726442,0.05382389770309651,-0.025466417848917483,0.03674656433855655,-0.08768896039104888,0.18743589836878516,-0.005953367768326042,0.008833987747957583,0.1234761701900209,0.09940444978961065,0.11144030998981577,-0.160478136002735,0.1014999970793724,-0.8195652365684509,0.10435992675518047,-0.7486819118827253,2.746384620666504,2.4590277671813965,3.4059998989105225,lidar_disabled,1.0,False,1874.992572101
1785741827.3795269,95.28174829483032,v4,cascade_controller_v4,cascade_controller_v4_fast_smooth_true_cascade_pd_1_0,cascade_pd_tracking,follow_main,inner_wheel_pd,sharp,,TURNING,UNKNOWN,UNKNOWN,UNKNOWN,1,1,35.4,35.4,21.847585797721695,21.847585797721695,0.258,0.15812363110817518,0.15812363110817518,0.02140805521043237,0.15408047369545186,0.01573026177435962,0.007492819323651329,0.10752406915355912,0.046224142108635555,0.72,0.35,0.68,0.3,nan,nan,nan,nan,nan,1.0,0.6666342275919839,-0.06696515407227319,-0.17697129236020565,1.18,0.11,0.11,0.11144030998981577,0.0,0.1014999970793724,-0.287845006790325,-0.287845006790325,0.8,-0.287845006790325,-0.160478136002735,0.0,-0.8195652365684509,-0.1014999970793724,0.8195652365684509,0.12942953795834694,0.15489595580726442,0.1234761701900209,0.09057046204165306,0.05382389770309651,0.09940444978961065,-0.025466417848917483,0.03674656433855655,-0.08768896039104888,0.18743589836878516,-0.005953367768326042,0.008833987747957583,12.54191153300182,1.0,0.0,-0.2046824022943301,0.34375,0,0,0,0,0,0,0,0,0,nan,nan,3.4059998989105225,1.0,0,0,0,2.746384620666504,2.4590277671813965,-1.97152770507736,1.2160577774047852,44.74262237548828,44.06194353103638,46.609572410583496,0.582085132598877,8.58306884765625e-05,0.07569294399991122,0.0275812219999807,0.0354,0.021847585797721697,0.021847585797721697,nan,nan,nan,nan,0.10435992675518047,-0.7486819118827253,lidar_disabled,1,1,1,1,4,0,1,1,2,cascade_controller_v4,cascade_controller_v4_fast_smooth_true_cascade_pd_1_0,cascade_pd_tracking,follow_main,inner_wheel_pd,True,True,False,"[""cascade_controller_v4""]",False,UNKNOWN,UNKNOWN,UNKNOWN,TURNING,True,ok,1.0,12.54191153300182,0.07569294399991122,0.0275812219999807,35.4,0.258,-0.2046824022943301,0.0,0.021847585797721697,21.847585797721695,0.15812363110817518,0.021847585797721697,21.847585797721695,0.15812363110817518,0.02140805521043237,0.15408047369545186,0.72,0.35,0.68,0.3,0.01573026177435962,0.007492819323651329,0.10752406915355912,0.046224142108635555,-0.287845006790325,-0.287845006790325,-0.287845006790325,0.11,0.11,0.6666342275919839,sharp,1.18,1.0,-0.06696515407227319,-0.17697129236020565,0.8,0.34375,0.11,-0.287845006790325,0.12942953795834694,0.09057046204165306,0.12942953795834694,0.09057046204165306,0.15489595580726442,0.05382389770309651,0.15489595580726442,0.05382389770309651,-0.025466417848917483,0.03674656433855655,-0.08768896039104888,0.18743589836878516,-0.005953367768326042,0.008833987747957583,0.1234761701900209,0.09940444978961065,0.11144030998981577,-0.160478136002735,0.1014999970793724,-0.8195652365684509,0.10435992675518047,-0.7486819118827253,2.746384620666504,2.4590277671813965,3.4059998989105225,lidar_disabled,1.0,False,1874.992572101
1785741828.036177,95.93839859962463,v4,cascade_controller_v4,cascade_controller_v4_fast_smooth_true_cascade_pd_1_0,cascade_pd_tracking,follow_main,inner_wheel_pd,sharp,,TURNING,UNKNOWN,UNKNOWN,UNKNOWN,1,1,35.4,35.4,21.847585797721695,21.847585797721695,0.258,0.15812363110817518,0.15812363110817518,0.02140805521043237,0.15408047369545186,0.01573026177435962,0.007492819323651329,0.10752406915355912,0.046224142108635555,0.72,0.35,0.68,0.3,nan,nan,nan,nan,nan,1.0,0.6666342275919839,-0.06696515407227319,-0.17697129236020565,1.18,0.11,0.11,0.11144030998981577,0.0,0.1014999970793724,-0.287845006790325,-0.287845006790325,0.8,-0.287845006790325,-0.160478136002735,0.0,-0.8195652365684509,-0.1014999970793724,0.8195652365684509,0.12942953795834694,0.15489595580726442,0.1234761701900209,0.09057046204165306,0.05382389770309651,0.09940444978961065,-0.025466417848917483,0.03674656433855655,-0.08768896039104888,0.18743589836878516,-0.005953367768326042,0.008833987747957583,12.54191153300182,1.0,0.0,-0.2046824022943301,0.34375,0,0,0,0,0,0,0,0,0,nan,nan,3.4059998989105225,1.0,0,0,0,2.746384620666504,2.4590277671813965,-1.97152770507736,0.00011038780212402344,45.39927387237549,44.71859574317932,47.26622533798218,1.2387385368347168,0.6567399501800537,0.07569294399991122,0.0275812219999807,0.0354,0.021847585797721697,0.021847585797721697,nan,nan,nan,nan,0.10435992675518047,-0.7486819118827253,lidar_disabled,1,1,1,1,4,0,1,1,2,cascade_controller_v4,cascade_controller_v4_fast_smooth_true_cascade_pd_1_0,cascade_pd_tracking,follow_main,inner_wheel_pd,True,True,False,"[""cascade_controller_v4""]",False,UNKNOWN,UNKNOWN,UNKNOWN,TURNING,True,ok,1.0,12.54191153300182,0.07569294399991122,0.0275812219999807,35.4,0.258,-0.2046824022943301,0.0,0.021847585797721697,21.847585797721695,0.15812363110817518,0.021847585797721697,21.847585797721695,0.15812363110817518,0.02140805521043237,0.15408047369545186,0.72,0.35,0.68,0.3,0.01573026177435962,0.007492819323651329,0.10752406915355912,0.046224142108635555,-0.287845006790325,-0.287845006790325,-0.287845006790325,0.11,0.11,0.6666342275919839,sharp,1.18,1.0,-0.06696515407227319,-0.17697129236020565,0.8,0.34375,0.11,-0.287845006790325,0.12942953795834694,0.09057046204165306,0.12942953795834694,0.09057046204165306,0.15489595580726442,0.05382389770309651,0.15489595580726442,0.05382389770309651,-0.025466417848917483,0.03674656433855655,-0.08768896039104888,0.18743589836878516,-0.005953367768326042,0.008833987747957583,0.1234761701900209,0.09940444978961065,0.11144030998981577,-0.160478136002735,0.1014999970793724,-0.8195652365684509,0.10435992675518047,-0.7486819118827253,2.746384620666504,2.4590277671813965,3.4059998989105225,lidar_disabled,1.0,False,1874.992572101
1785741828.6792934,96.58151507377625,v4,cascade_controller_v4,cascade_controller_v4_fast_smooth_true_cascade_pd_1_0,cascade_pd_tracking,follow_main,inner_wheel_pd,sharp,,TURNING,UNKNOWN,UNKNOWN,UNKNOWN,1,1,35.4,35.4,21.847585797721695,21.847585797721695,0.258,0.15812363110817518,0.15812363110817518,0.02140805521043237,0.15408047369545186,0.01573026177435962,0.007492819323651329,0.10752406915355912,0.046224142108635555,0.72,0.35,0.68,0.3,nan,nan,nan,nan,nan,1.0,0.6666342275919839,-0.06696515407227319,-0.17697129236020565,1.18,0.11,0.11,0.11144030998981577,0.0,0.1014999970793724,-0.287845006790325,-0.287845006790325,0.8,-0.287845006790325,-0.160478136002735,0.0,-0.8195652365684509,-0.1014999970793724,0.8195652365684509,0.12942953795834694,0.15489595580726442,0.1234761701900209,0.09057046204165306,0.05382389770309651,0.09940444978961065,-0.025466417848917483,0.03674656433855655,-0.08768896039104888,0.18743589836878516,-0.005953367768326042,0.008833987747957583,12.54191153300182,1.0,0.0,-0.2046824022943301,0.34375,0,0,0,0,0,0,0,0,0,nan,nan,3.4059998989105225,1.0,0,0,0,2.746384620666504,2.4590277671813965,-1.97152770507736,0.643226146697998,46.042389154434204,45.36171007156372,47.90933895111084,7.677078247070312e-05,1.2998523712158203,0.07569294399991122,0.0275812219999807,0.0354,0.021847585797721697,0.021847585797721697,nan,nan,nan,nan,0.10435992675518047,-0.7486819118827253,lidar_disabled,1,1,1,1,4,0,1,1,2,cascade_controller_v4,cascade_controller_v4_fast_smooth_true_cascade_pd_1_0,cascade_pd_tracking,follow_main,inner_wheel_pd,True,True,False,"[""cascade_controller_v4""]",False,UNKNOWN,UNKNOWN,UNKNOWN,TURNING,True,ok,1.0,12.54191153300182,0.07569294399991122,0.0275812219999807,35.4,0.258,-0.2046824022943301,0.0,0.021847585797721697,21.847585797721695,0.15812363110817518,0.021847585797721697,21.847585797721695,0.15812363110817518,0.02140805521043237,0.15408047369545186,0.72,0.35,0.68,0.3,0.01573026177435962,0.007492819323651329,0.10752406915355912,0.046224142108635555,-0.287845006790325,-0.287845006790325,-0.287845006790325,0.11,0.11,0.6666342275919839,sharp,1.18,1.0,-0.06696515407227319,-0.17697129236020565,0.8,0.34375,0.11,-0.287845006790325,0.12942953795834694,0.09057046204165306,0.12942953795834694,0.09057046204165306,0.15489595580726442,0.05382389770309651,0.15489595580726442,0.05382389770309651,-0.025466417848917483,0.03674656433855655,-0.08768896039104888,0.18743589836878516,-0.005953367768326042,0.008833987747957583,0.1234761701900209,0.09940444978961065,0.11144030998981577,-0.160478136002735,0.1014999970793724,-0.8195652365684509,0.10435992675518047,-0.7486819118827253,2.746384620666504,2.4590277671813965,3.4059998989105225,lidar_disabled,1.0,False,1874.992572101
1785741829.321617,97.22383832931519,v4,cascade_controller_v4,cascade_controller_v4_fast_smooth_true_cascade_pd_1_0,cascade_pd_tracking,follow_main,inner_wheel_pd,sharp,,TURNING,UNKNOWN,UNKNOWN,UNKNOWN,1,1,35.4,35.4,21.847585797721695,21.847585797721695,0.258,0.15812363110817518,0.15812363110817518,0.02140805521043237,0.15408047369545186,0.01573026177435962,0.007492819323651329,0.10752406915355912,0.046224142108635555,0.72,0.35,0.68,0.3,nan,nan,nan,nan,nan,1.0,0.6666342275919839,-0.06696515407227319,-0.17697129236020565,1.18,0.11,0.11,0.11144030998981577,0.0,0.1014999970793724,-0.287845006790325,-0.287845006790325,0.8,-0.287845006790325,-0.160478136002735,0.0,-0.8195652365684509,-0.1014999970793724,0.8195652365684509,0.12942953795834694,0.15489595580726442,0.1234761701900209,0.09057046204165306,0.05382389770309651,0.09940444978961065,-0.025466417848917483,0.03674656433855655,-0.08768896039104888,0.18743589836878516,-0.005953367768326042,0.008833987747957583,12.54191153300182,1.0,0.0,-0.2046824022943301,0.34375,0,0,0,0,0,0,0,0,0,nan,nan,3.4059998989105225,1.0,0,0,0,2.746384620666504,2.4590277671813965,-1.97152770507736,1.2855494022369385,46.684712648391724,46.00403380393982,48.55166220664978,0.6424002647399902,6.914138793945312e-05,0.07569294399991122,0.0275812219999807,0.0354,0.021847585797721697,0.021847585797721697,nan,nan,nan,nan,0.10435992675518047,-0.7486819118827253,lidar_disabled,1,1,1,1,4,0,1,1,2,cascade_controller_v4,cascade_controller_v4_fast_smooth_true_cascade_pd_1_0,cascade_pd_tracking,follow_main,inner_wheel_pd,True,True,False,"[""cascade_controller_v4""]",False,UNKNOWN,UNKNOWN,UNKNOWN,TURNING,True,ok,1.0,12.54191153300182,0.07569294399991122,0.0275812219999807,35.4,0.258,-0.2046824022943301,0.0,0.021847585797721697,21.847585797721695,0.15812363110817518,0.021847585797721697,21.847585797721695,0.15812363110817518,0.02140805521043237,0.15408047369545186,0.72,0.35,0.68,0.3,0.01573026177435962,0.007492819323651329,0.10752406915355912,0.046224142108635555,-0.287845006790325,-0.287845006790325,-0.287845006790325,0.11,0.11,0.6666342275919839,sharp,1.18,1.0,-0.06696515407227319,-0.17697129236020565,0.8,0.34375,0.11,-0.287845006790325,0.12942953795834694,0.09057046204165306,0.12942953795834694,0.09057046204165306,0.15489595580726442,0.05382389770309651,0.15489595580726442,0.05382389770309651,-0.025466417848917483,0.03674656433855655,-0.08768896039104888,0.18743589836878516,-0.005953367768326042,0.008833987747957583,0.1234761701900209,0.09940444978961065,0.11144030998981577,-0.160478136002735,0.1014999970793724,-0.8195652365684509,0.10435992675518047,-0.7486819118827253,2.746384620666504,2.4590277671813965,3.4059998989105225,lidar_disabled,1.0,False,1874.992572101
1785741829.9830701,97.8852915763855,v4,cascade_controller_v4,cascade_controller_v4_fast_smooth_true_cascade_pd_1_0,cascade_pd_tracking,follow_main,inner_wheel_pd,sharp,,TURNING,UNKNOWN,UNKNOWN,UNKNOWN,1,1,35.4,35.4,21.847585797721695,21.847585797721695,0.258,0.15812363110817518,0.15812363110817518,0.02140805521043237,0.15408047369545186,0.01573026177435962,0.007492819323651329,0.10752406915355912,0.046224142108635555,0.72,0.35,0.68,0.3,nan,nan,nan,nan,nan,1.0,0.6666342275919839,-0.06696515407227319,-0.17697129236020565,1.18,0.11,0.11,0.11144030998981577,0.0,0.1014999970793724,-0.287845006790325,-0.287845006790325,0.8,-0.287845006790325,-0.160478136002735,0.0,-0.8195652365684509,-0.1014999970793724,0.8195652365684509,0.12942953795834694,0.15489595580726442,0.1234761701900209,0.09057046204165306,0.05382389770309651,0.09940444978961065,-0.025466417848917483,0.03674656433855655,-0.08768896039104888,0.18743589836878516,-0.005953367768326042,0.008833987747957583,12.54191153300182,1.0,0.0,-0.2046824022943301,0.34375,0,0,0,0,0,0,0,0,0,nan,nan,3.4059998989105225,1.0,0,0,0,2.746384620666504,2.4590277671813965,-1.97152770507736,6.437301635742188e-05,47.34616541862488,46.665486335754395,49.213115215301514,1.3038532733917236,0.661522626876831,0.07569294399991122,0.0275812219999807,0.0354,0.021847585797721697,0.021847585797721697,nan,nan,nan,nan,0.10435992675518047,-0.7486819118827253,lidar_disabled,1,1,1,1,4,0,1,1,2,cascade_controller_v4,cascade_controller_v4_fast_smooth_true_cascade_pd_1_0,cascade_pd_tracking,follow_main,inner_wheel_pd,True,True,False,"[""cascade_controller_v4""]",False,UNKNOWN,UNKNOWN,UNKNOWN,TURNING,True,ok,1.0,12.54191153300182,0.07569294399991122,0.0275812219999807,35.4,0.258,-0.2046824022943301,0.0,0.021847585797721697,21.847585797721695,0.15812363110817518,0.021847585797721697,21.847585797721695,0.15812363110817518,0.02140805521043237,0.15408047369545186,0.72,0.35,0.68,0.3,0.01573026177435962,0.007492819323651329,0.10752406915355912,0.046224142108635555,-0.287845006790325,-0.287845006790325,-0.287845006790325,0.11,0.11,0.6666342275919839,sharp,1.18,1.0,-0.06696515407227319,-0.17697129236020565,0.8,0.34375,0.11,-0.287845006790325,0.12942953795834694,0.09057046204165306,0.12942953795834694,0.09057046204165306,0.15489595580726442,0.05382389770309651,0.15489595580726442,0.05382389770309651,-0.025466417848917483,0.03674656433855655,-0.08768896039104888,0.18743589836878516,-0.005953367768326042,0.008833987747957583,0.1234761701900209,0.09940444978961065,0.11144030998981577,-0.160478136002735,0.1014999970793724,-0.8195652365684509,0.10435992675518047,-0.7486819118827253,2.746384620666504,2.4590277671813965,3.4059998989105225,lidar_disabled,1.0,False,1874.992572101
1785741830.6825163,98.58473825454712,v4,cascade_controller_v4,cascade_controller_v4_fast_smooth_true_cascade_pd_1_0,cascade_pd_tracking,follow_main,inner_wheel_pd,sharp,,TURNING,UNKNOWN,UNKNOWN,UNKNOWN,1,1,35.4,35.4,21.847585797721695,21.847585797721695,0.258,0.15812363110817518,0.15812363110817518,0.02140805521043237,0.15408047369545186,0.01573026177435962,0.007492819323651329,0.10752406915355912,0.046224142108635555,0.72,0.35,0.68,0.3,nan,nan,nan,nan,nan,1.0,0.6666342275919839,-0.06696515407227319,-0.17697129236020565,1.18,0.11,0.11,0.11144030998981577,0.0,0.1014999970793724,-0.287845006790325,-0.287845006790325,0.8,-0.287845006790325,-0.160478136002735,0.0,-0.8195652365684509,-0.1014999970793724,0.8195652365684509,0.12942953795834694,0.15489595580726442,0.1234761701900209,0.09057046204165306,0.05382389770309651,0.09940444978961065,-0.025466417848917483,0.03674656433855655,-0.08768896039104888,0.18743589836878516,-0.005953367768326042,0.008833987747957583,12.54191153300182,1.0,0.0,-0.2046824022943301,0.34375,0,0,0,0,0,0,0,0,0,nan,nan,3.4059998989105225,1.0,0,0,0,2.746384620666504,2.4590277671813965,-1.97152770507736,0.6995120048522949,48.04561376571655,47.36493515968323,49.912564277648926,0.000133514404296875,1.3609724044799805,0.07569294399991122,0.0275812219999807,0.0354,0.021847585797721697,0.021847585797721697,nan,nan,nan,nan,0.10435992675518047,-0.7486819118827253,lidar_disabled,1,1,1,1,4,0,1,1,2,cascade_controller_v4,cascade_controller_v4_fast_smooth_true_cascade_pd_1_0,cascade_pd_tracking,follow_main,inner_wheel_pd,True,True,False,"[""cascade_controller_v4""]",False,UNKNOWN,UNKNOWN,UNKNOWN,TURNING,True,ok,1.0,12.54191153300182,0.07569294399991122,0.0275812219999807,35.4,0.258,-0.2046824022943301,0.0,0.021847585797721697,21.847585797721695,0.15812363110817518,0.021847585797721697,21.847585797721695,0.15812363110817518,0.02140805521043237,0.15408047369545186,0.72,0.35,0.68,0.3,0.01573026177435962,0.007492819323651329,0.10752406915355912,0.046224142108635555,-0.287845006790325,-0.287845006790325,-0.287845006790325,0.11,0.11,0.6666342275919839,sharp,1.18,1.0,-0.06696515407227319,-0.17697129236020565,0.8,0.34375,0.11,-0.287845006790325,0.12942953795834694,0.09057046204165306,0.12942953795834694,0.09057046204165306,0.15489595580726442,0.05382389770309651,0.15489595580726442,0.05382389770309651,-0.025466417848917483,0.03674656433855655,-0.08768896039104888,0.18743589836878516,-0.005953367768326042,0.008833987747957583,0.1234761701900209,0.09940444978961065,0.11144030998981577,-0.160478136002735,0.1014999970793724,-0.8195652365684509,0.10435992675518047,-0.7486819118827253,2.746384620666504,2.4590277671813965,3.4059998989105225,lidar_disabled,1.0,False,1874.992572101
1785741831.334858,99.23707962036133,v4,cascade_controller_v4,cascade_controller_v4_fast_smooth_true_cascade_pd_1_0,cascade_pd_tracking,follow_main,inner_wheel_pd,sharp,,TURNING,UNKNOWN,UNKNOWN,UNKNOWN,1,1,35.4,35.4,21.847585797721695,21.847585797721695,0.258,0.15812363110817518,0.15812363110817518,0.02140805521043237,0.15408047369545186,0.01573026177435962,0.007492819323651329,0.10752406915355912,0.046224142108635555,0.72,0.35,0.68,0.3,nan,nan,nan,nan,nan,1.0,0.6666342275919839,-0.06696515407227319,-0.17697129236020565,1.18,0.11,0.11,0.11144030998981577,0.0,0.1014999970793724,-0.287845006790325,-0.287845006790325,0.8,-0.287845006790325,-0.160478136002735,0.0,-0.8195652365684509,-0.1014999970793724,0.8195652365684509,0.12942953795834694,0.15489595580726442,0.1234761701900209,0.09057046204165306,0.05382389770309651,0.09940444978961065,-0.025466417848917483,0.03674656433855655,-0.08768896039104888,0.18743589836878516,-0.005953367768326042,0.008833987747957583,12.54191153300182,1.0,0.0,-0.2046824022943301,0.34375,0,0,0,0,0,0,0,0,0,nan,nan,3.4059998989105225,1.0,0,0,0,2.746384620666504,2.4590277671813965,-1.97152770507736,1.3518526554107666,48.697953939437866,48.01727485656738,50.5649037361145,0.6524722576141357,7.033348083496094e-05,0.07569294399991122,0.0275812219999807,0.0354,0.021847585797721697,0.021847585797721697,nan,nan,nan,nan,0.10435992675518047,-0.7486819118827253,lidar_disabled,1,1,1,1,4,0,1,1,2,cascade_controller_v4,cascade_controller_v4_fast_smooth_true_cascade_pd_1_0,cascade_pd_tracking,follow_main,inner_wheel_pd,True,True,False,"[""cascade_controller_v4""]",False,UNKNOWN,UNKNOWN,UNKNOWN,TURNING,True,ok,1.0,12.54191153300182,0.07569294399991122,0.0275812219999807,35.4,0.258,-0.2046824022943301,0.0,0.021847585797721697,21.847585797721695,0.15812363110817518,0.021847585797721697,21.847585797721695,0.15812363110817518,0.02140805521043237,0.15408047369545186,0.72,0.35,0.68,0.3,0.01573026177435962,0.007492819323651329,0.10752406915355912,0.046224142108635555,-0.287845006790325,-0.287845006790325,-0.287845006790325,0.11,0.11,0.6666342275919839,sharp,1.18,1.0,-0.06696515407227319,-0.17697129236020565,0.8,0.34375,0.11,-0.287845006790325,0.12942953795834694,0.09057046204165306,0.12942953795834694,0.09057046204165306,0.15489595580726442,0.05382389770309651,0.15489595580726442,0.05382389770309651,-0.025466417848917483,0.03674656433855655,-0.08768896039104888,0.18743589836878516,-0.005953367768326042,0.008833987747957583,0.1234761701900209,0.09940444978961065,0.11144030998981577,-0.160478136002735,0.1014999970793724,-0.8195652365684509,0.10435992675518047,-0.7486819118827253,2.746384620666504,2.4590277671813965,3.4059998989105225,lidar_disabled,1.0,False,1874.992572101
1785741831.9729066,99.87512826919556,v4,cascade_controller_v4,cascade_controller_v4_fast_smooth_true_cascade_pd_1_0,cascade_pd_tracking,follow_main,inner_wheel_pd,sharp,,TURNING,UNKNOWN,UNKNOWN,UNKNOWN,1,1,35.4,35.4,21.847585797721695,21.847585797721695,0.258,0.15812363110817518,0.15812363110817518,0.02140805521043237,0.15408047369545186,0.01573026177435962,0.007492819323651329,0.10752406915355912,0.046224142108635555,0.72,0.35,0.68,0.3,nan,nan,nan,nan,nan,1.0,0.6666342275919839,-0.06696515407227319,-0.17697129236020565,1.18,0.11,0.11,0.11144030998981577,0.0,0.1014999970793724,-0.287845006790325,-0.287845006790325,0.8,-0.287845006790325,-0.160478136002735,0.0,-0.8195652365684509,-0.1014999970793724,0.8195652365684509,0.12942953795834694,0.15489595580726442,0.1234761701900209,0.09057046204165306,0.05382389770309651,0.09940444978961065,-0.025466417848917483,0.03674656433855655,-0.08768896039104888,0.18743589836878516,-0.005953367768326042,0.008833987747957583,12.54191153300182,1.0,0.0,-0.2046824022943301,0.34375,0,0,0,0,0,0,0,0,0,nan,nan,3.4059998989105225,1.0,0,0,0,2.746384620666504,2.4590277671813965,-1.97152770507736,6.413459777832031e-05,49.33600163459778,48.65532302856445,51.20295166969299,1.290520429611206,0.6381185054779053,0.07569294399991122,0.0275812219999807,0.0354,0.021847585797721697,0.021847585797721697,nan,nan,nan,nan,0.10435992675518047,-0.7486819118827253,lidar_disabled,1,1,1,1,4,0,1,1,2,cascade_controller_v4,cascade_controller_v4_fast_smooth_true_cascade_pd_1_0,cascade_pd_tracking,follow_main,inner_wheel_pd,True,True,False,"[""cascade_controller_v4""]",False,UNKNOWN,UNKNOWN,UNKNOWN,TURNING,True,ok,1.0,12.54191153300182,0.07569294399991122,0.0275812219999807,35.4,0.258,-0.2046824022943301,0.0,0.021847585797721697,21.847585797721695,0.15812363110817518,0.021847585797721697,21.847585797721695,0.15812363110817518,0.02140805521043237,0.15408047369545186,0.72,0.35,0.68,0.3,0.01573026177435962,0.007492819323651329,0.10752406915355912,0.046224142108635555,-0.287845006790325,-0.287845006790325,-0.287845006790325,0.11,0.11,0.6666342275919839,sharp,1.18,1.0,-0.06696515407227319,-0.17697129236020565,0.8,0.34375,0.11,-0.287845006790325,0.12942953795834694,0.09057046204165306,0.12942953795834694,0.09057046204165306,0.15489595580726442,0.05382389770309651,0.15489595580726442,0.05382389770309651,-0.025466417848917483,0.03674656433855655,-0.08768896039104888,0.18743589836878516,-0.005953367768326042,0.008833987747957583,0.1234761701900209,0.09940444978961065,0.11144030998981577,-0.160478136002735,0.1014999970793724,-0.8195652365684509,0.10435992675518047,-0.7486819118827253,2.746384620666504,2.4590277671813965,3.4059998989105225,lidar_disabled,1.0,False,1874.992572101
1785741832.6171725,100.51939392089844,v4,cascade_controller_v4,cascade_controller_v4_fast_smooth_true_cascade_pd_1_0,cascade_pd_tracking,follow_main,inner_wheel_pd,sharp,,TURNING,UNKNOWN,UNKNOWN,UNKNOWN,1,1,35.4,35.4,21.847585797721695,21.847585797721695,0.258,0.15812363110817518,0.15812363110817518,0.02140805521043237,0.15408047369545186,0.01573026177435962,0.007492819323651329,0.10752406915355912,0.046224142108635555,0.72,0.35,0.68,0.3,nan,nan,nan,nan,nan,1.0,0.6666342275919839,-0.06696515407227319,-0.17697129236020565,1.18,0.11,0.11,0.11144030998981577,0.0,0.1014999970793724,-0.287845006790325,-0.287845006790325,0.8,-0.287845006790325,-0.160478136002735,0.0,-0.8195652365684509,-0.1014999970793724,0.8195652365684509,0.12942953795834694,0.15489595580726442,0.1234761701900209,0.09057046204165306,0.05382389770309651,0.09940444978961065,-0.025466417848917483,0.03674656433855655,-0.08768896039104888,0.18743589836878516,-0.005953367768326042,0.008833987747957583,12.54191153300182,1.0,0.0,-0.2046824022943301,0.34375,0,0,0,0,0,0,0,0,0,nan,nan,3.4059998989105225,1.0,0,0,0,2.746384620666504,2.4590277671813965,-1.97152770507736,0.6443300247192383,49.98026776313782,49.29958891868591,51.84721755981445,8.7738037109375e-05,1.2823843955993652,0.07569294399991122,0.0275812219999807,0.0354,0.021847585797721697,0.021847585797721697,nan,nan,nan,nan,0.10435992675518047,-0.7486819118827253,lidar_disabled,1,1,1,1,4,0,1,1,2,cascade_controller_v4,cascade_controller_v4_fast_smooth_true_cascade_pd_1_0,cascade_pd_tracking,follow_main,inner_wheel_pd,True,True,False,"[""cascade_controller_v4""]",False,UNKNOWN,UNKNOWN,UNKNOWN,TURNING,True,ok,1.0,12.54191153300182,0.07569294399991122,0.0275812219999807,35.4,0.258,-0.2046824022943301,0.0,0.021847585797721697,21.847585797721695,0.15812363110817518,0.021847585797721697,21.847585797721695,0.15812363110817518,0.02140805521043237,0.15408047369545186,0.72,0.35,0.68,0.3,0.01573026177435962,0.007492819323651329,0.10752406915355912,0.046224142108635555,-0.287845006790325,-0.287845006790325,-0.287845006790325,0.11,0.11,0.6666342275919839,sharp,1.18,1.0,-0.06696515407227319,-0.17697129236020565,0.8,0.34375,0.11,-0.287845006790325,0.12942953795834694,0.09057046204165306,0.12942953795834694,0.09057046204165306,0.15489595580726442,0.05382389770309651,0.15489595580726442,0.05382389770309651,-0.025466417848917483,0.03674656433855655,-0.08768896039104888,0.18743589836878516,-0.005953367768326042,0.008833987747957583,0.1234761701900209,0.09940444978961065,0.11144030998981577,-0.160478136002735,0.1014999970793724,-0.8195652365684509,0.10435992675518047,-0.7486819118827253,2.746384620666504,2.4590277671813965,3.4059998989105225,lidar_disabled,1.0,False,1874.992572101
1785741833.3355515,101.23777294158936,v4,cascade_controller_v4,cascade_controller_v4_fast_smooth_true_cascade_pd_1_0,cascade_pd_tracking,follow_main,inner_wheel_pd,sharp,,TURNING,UNKNOWN,UNKNOWN,UNKNOWN,1,1,35.4,35.4,21.847585797721695,21.847585797721695,0.258,0.15812363110817518,0.15812363110817518,0.02140805521043237,0.15408047369545186,0.01573026177435962,0.007492819323651329,0.10752406915355912,0.046224142108635555,0.72,0.35,0.68,0.3,nan,nan,nan,nan,nan,1.0,0.6666342275919839,-0.06696515407227319,-0.17697129236020565,1.18,0.11,0.11,0.11144030998981577,0.0,0.1014999970793724,-0.287845006790325,-0.287845006790325,0.8,-0.287845006790325,-0.160478136002735,0.0,-0.8195652365684509,-0.1014999970793724,0.8195652365684509,0.12942953795834694,0.15489595580726442,0.1234761701900209,0.09057046204165306,0.05382389770309651,0.09940444978961065,-0.025466417848917483,0.03674656433855655,-0.08768896039104888,0.18743589836878516,-0.005953367768326042,0.008833987747957583,12.54191153300182,1.0,0.0,-0.2046824022943301,0.34375,0,0,0,0,0,0,0,0,0,nan,nan,3.4059998989105225,1.0,0,0,0,2.746384620666504,2.4590277671813965,-1.97152770507736,1.3627092838287354,50.698647260665894,50.01796841621399,52.56559705734253,0.7184674739837646,7.390975952148438e-05,0.07569294399991122,0.0275812219999807,0.0354,0.021847585797721697,0.021847585797721697,nan,nan,nan,nan,0.10435992675518047,-0.7486819118827253,lidar_disabled,1,1,1,1,4,0,1,1,2,cascade_controller_v4,cascade_controller_v4_fast_smooth_true_cascade_pd_1_0,cascade_pd_tracking,follow_main,inner_wheel_pd,True,True,False,"[""cascade_controller_v4""]",False,UNKNOWN,UNKNOWN,UNKNOWN,TURNING,True,ok,1.0,12.54191153300182,0.07569294399991122,0.0275812219999807,35.4,0.258,-0.2046824022943301,0.0,0.021847585797721697,21.847585797721695,0.15812363110817518,0.021847585797721697,21.847585797721695,0.15812363110817518,0.02140805521043237,0.15408047369545186,0.72,0.35,0.68,0.3,0.01573026177435962,0.007492819323651329,0.10752406915355912,0.046224142108635555,-0.287845006790325,-0.287845006790325,-0.287845006790325,0.11,0.11,0.6666342275919839,sharp,1.18,1.0,-0.06696515407227319,-0.17697129236020565,0.8,0.34375,0.11,-0.287845006790325,0.12942953795834694,0.09057046204165306,0.12942953795834694,0.09057046204165306,0.15489595580726442,0.05382389770309651,0.15489595580726442,0.05382389770309651,-0.025466417848917483,0.03674656433855655,-0.08768896039104888,0.18743589836878516,-0.005953367768326042,0.008833987747957583,0.1234761701900209,0.09940444978961065,0.11144030998981577,-0.160478136002735,0.1014999970793724,-0.8195652365684509,0.10435992675518047,-0.7486819118827253,2.746384620666504,2.4590277671813965,3.4059998989105225,lidar_disabled,1.0,False,1874.992572101
1785741833.9924638,101.89468550682068,v4,cascade_controller_v4,cascade_controller_v4_fast_smooth_true_cascade_pd_1_0,cascade_pd_tracking,follow_main,inner_wheel_pd,sharp,,TURNING,UNKNOWN,UNKNOWN,UNKNOWN,1,1,35.4,35.4,21.847585797721695,21.847585797721695,0.258,0.15812363110817518,0.15812363110817518,0.02140805521043237,0.15408047369545186,0.01573026177435962,0.007492819323651329,0.10752406915355912,0.046224142108635555,0.72,0.35,0.68,0.3,nan,nan,nan,nan,nan,1.0,0.6666342275919839,-0.06696515407227319,-0.17697129236020565,1.18,0.11,0.11,0.11144030998981577,0.0,0.1014999970793724,-0.287845006790325,-0.287845006790325,0.8,-0.287845006790325,-0.160478136002735,0.0,-0.8195652365684509,-0.1014999970793724,0.8195652365684509,0.12942953795834694,0.15489595580726442,0.1234761701900209,0.09057046204165306,0.05382389770309651,0.09940444978961065,-0.025466417848917483,0.03674656433855655,-0.08768896039104888,0.18743589836878516,-0.005953367768326042,0.008833987747957583,12.54191153300182,1.0,0.0,-0.2046824022943301,0.34375,0,0,0,0,0,0,0,0,0,nan,nan,3.4059998989105225,1.0,0,0,0,2.746384620666504,2.4590277671813965,-1.97152770507736,9.202957153320312e-05,51.35555934906006,50.674880504608154,53.22250938415527,1.3753795623779297,0.6569864749908447,0.07569294399991122,0.0275812219999807,0.0354,0.021847585797721697,0.021847585797721697,nan,nan,nan,nan,0.10435992675518047,-0.7486819118827253,lidar_disabled,1,1,1,1,4,0,1,1,2,cascade_controller_v4,cascade_controller_v4_fast_smooth_true_cascade_pd_1_0,cascade_pd_tracking,follow_main,inner_wheel_pd,True,True,False,"[""cascade_controller_v4""]",False,UNKNOWN,UNKNOWN,UNKNOWN,TURNING,True,ok,1.0,12.54191153300182,0.07569294399991122,0.0275812219999807,35.4,0.258,-0.2046824022943301,0.0,0.021847585797721697,21.847585797721695,0.15812363110817518,0.021847585797721697,21.847585797721695,0.15812363110817518,0.02140805521043237,0.15408047369545186,0.72,0.35,0.68,0.3,0.01573026177435962,0.007492819323651329,0.10752406915355912,0.046224142108635555,-0.287845006790325,-0.287845006790325,-0.287845006790325,0.11,0.11,0.6666342275919839,sharp,1.18,1.0,-0.06696515407227319,-0.17697129236020565,0.8,0.34375,0.11,-0.287845006790325,0.12942953795834694,0.09057046204165306,0.12942953795834694,0.09057046204165306,0.15489595580726442,0.05382389770309651,0.15489595580726442,0.05382389770309651,-0.025466417848917483,0.03674656433855655,-0.08768896039104888,0.18743589836878516,-0.005953367768326042,0.008833987747957583,0.1234761701900209,0.09940444978961065,0.11144030998981577,-0.160478136002735,0.1014999970793724,-0.8195652365684509,0.10435992675518047,-0.7486819118827253,2.746384620666504,2.4590277671813965,3.4059998989105225,lidar_disabled,1.0,False,1874.992572101
1785741834.6843898,102.58661127090454,v4,cascade_controller_v4,cascade_controller_v4_fast_smooth_true_cascade_pd_1_0,cascade_pd_tracking,follow_main,inner_wheel_pd,sharp,,TURNING,UNKNOWN,UNKNOWN,UNKNOWN,1,1,35.4,35.4,21.847585797721695,21.847585797721695,0.258,0.15812363110817518,0.15812363110817518,0.02140805521043237,0.15408047369545186,0.01573026177435962,0.007492819323651329,0.10752406915355912,0.046224142108635555,0.72,0.35,0.68,0.3,nan,nan,nan,nan,nan,1.0,0.6666342275919839,-0.06696515407227319,-0.17697129236020565,1.18,0.11,0.11,0.11144030998981577,0.0,0.1014999970793724,-0.287845006790325,-0.287845006790325,0.8,-0.287845006790325,-0.160478136002735,0.0,-0.8195652365684509,-0.1014999970793724,0.8195652365684509,0.12942953795834694,0.15489595580726442,0.1234761701900209,0.09057046204165306,0.05382389770309651,0.09940444978961065,-0.025466417848917483,0.03674656433855655,-0.08768896039104888,0.18743589836878516,-0.005953367768326042,0.008833987747957583,12.54191153300182,1.0,0.0,-0.2046824022943301,0.34375,0,0,0,0,0,0,0,0,0,nan,nan,3.4059998989105225,1.0,0,0,0,2.746384620666504,2.4590277671813965,-1.97152770507736,0.6920180320739746,52.04748558998108,51.366806745529175,53.914435625076294,0.00010013580322265625,1.3489129543304443,0.07569294399991122,0.0275812219999807,0.0354,0.021847585797721697,0.021847585797721697,nan,nan,nan,nan,0.10435992675518047,-0.7486819118827253,lidar_disabled,1,1,1,1,4,0,1,1,2,cascade_controller_v4,cascade_controller_v4_fast_smooth_true_cascade_pd_1_0,cascade_pd_tracking,follow_main,inner_wheel_pd,True,True,False,"[""cascade_controller_v4""]",False,UNKNOWN,UNKNOWN,UNKNOWN,TURNING,True,ok,1.0,12.54191153300182,0.07569294399991122,0.0275812219999807,35.4,0.258,-0.2046824022943301,0.0,0.021847585797721697,21.847585797721695,0.15812363110817518,0.021847585797721697,21.847585797721695,0.15812363110817518,0.02140805521043237,0.15408047369545186,0.72,0.35,0.68,0.3,0.01573026177435962,0.007492819323651329,0.10752406915355912,0.046224142108635555,-0.287845006790325,-0.287845006790325,-0.287845006790325,0.11,0.11,0.6666342275919839,sharp,1.18,1.0,-0.06696515407227319,-0.17697129236020565,0.8,0.34375,0.11,-0.287845006790325,0.12942953795834694,0.09057046204165306,0.12942953795834694,0.09057046204165306,0.15489595580726442,0.05382389770309651,0.15489595580726442,0.05382389770309651,-0.025466417848917483,0.03674656433855655,-0.08768896039104888,0.18743589836878516,-0.005953367768326042,0.008833987747957583,0.1234761701900209,0.09940444978961065,0.11144030998981577,-0.160478136002735,0.1014999970793724,-0.8195652365684509,0.10435992675518047,-0.7486819118827253,2.746384620666504,2.4590277671813965,3.4059998989105225,lidar_disabled,1.0,False,1874.992572101
1785741835.1991518,103.10137295722961,v4,cascade_controller_v4,cascade_controller_v4_fast_smooth_true_cascade_pd_1_0,cascade_pd_tracking,follow_main,inner_wheel_pd,sharp,,TURNING,UNKNOWN,UNKNOWN,UNKNOWN,1,1,35.4,35.4,21.847585797721695,21.847585797721695,0.258,0.15812363110817518,0.15812363110817518,0.02140805521043237,0.15408047369545186,0.01573026177435962,0.007492819323651329,0.10752406915355912,0.046224142108635555,0.72,0.35,0.68,0.3,nan,nan,nan,nan,nan,1.0,0.6666342275919839,-0.06696515407227319,-0.17697129236020565,1.18,0.11,0.11,0.11144030998981577,0.0,0.1014999970793724,-0.287845006790325,-0.287845006790325,0.8,-0.287845006790325,-0.160478136002735,0.0,-0.8195652365684509,-0.1014999970793724,0.8195652365684509,0.12942953795834694,0.15489595580726442,0.1234761701900209,0.09057046204165306,0.05382389770309651,0.09940444978961065,-0.025466417848917483,0.03674656433855655,-0.08768896039104888,0.18743589836878516,-0.005953367768326042,0.008833987747957583,12.54191153300182,1.0,0.0,-0.2046824022943301,0.34375,0,0,0,0,0,0,0,0,0,nan,nan,3.4059998989105225,1.0,0,0,0,2.746384620666504,2.4590277671813965,-1.97152770507736,1.2067792415618896,52.562246799468994,51.88156771659851,54.42919659614563,0.5148613452911377,6.365776062011719e-05,0.07569294399991122,0.0275812219999807,0.0354,0.021847585797721697,0.021847585797721697,nan,nan,nan,nan,0.10435992675518047,-0.7486819118827253,lidar_disabled,1,1,1,1,4,0,1,1,2,cascade_controller_v4,cascade_controller_v4_fast_smooth_true_cascade_pd_1_0,cascade_pd_tracking,follow_main,inner_wheel_pd,True,True,False,"[""cascade_controller_v4""]",False,UNKNOWN,UNKNOWN,UNKNOWN,TURNING,True,ok,1.0,12.54191153300182,0.07569294399991122,0.0275812219999807,35.4,0.258,-0.2046824022943301,0.0,0.021847585797721697,21.847585797721695,0.15812363110817518,0.021847585797721697,21.847585797721695,0.15812363110817518,0.02140805521043237,0.15408047369545186,0.72,0.35,0.68,0.3,0.01573026177435962,0.007492819323651329,0.10752406915355912,0.046224142108635555,-0.287845006790325,-0.287845006790325,-0.287845006790325,0.11,0.11,0.6666342275919839,sharp,1.18,1.0,-0.06696515407227319,-0.17697129236020565,0.8,0.34375,0.11,-0.287845006790325,0.12942953795834694,0.09057046204165306,0.12942953795834694,0.09057046204165306,0.15489595580726442,0.05382389770309651,0.15489595580726442,0.05382389770309651,-0.025466417848917483,0.03674656433855655,-0.08768896039104888,0.18743589836878516,-0.005953367768326042,0.008833987747957583,0.1234761701900209,0.09940444978961065,0.11144030998981577,-0.160478136002735,0.1014999970793724,-0.8195652365684509,0.10435992675518047,-0.7486819118827253,2.746384620666504,2.4590277671813965,3.4059998989105225,lidar_disabled,1.0,False,1874.992572101
1785741835.8116112,103.71383237838745,v4,cascade_controller_v4,cascade_controller_v4_fast_smooth_true_cascade_pd_1_0,cascade_pd_tracking,follow_main,inner_wheel_pd,sharp,,TURNING,UNKNOWN,UNKNOWN,UNKNOWN,1,1,35.4,35.4,21.847585797721695,21.847585797721695,0.258,0.15812363110817518,0.15812363110817518,0.02140805521043237,0.15408047369545186,0.01573026177435962,0.007492819323651329,0.10752406915355912,0.046224142108635555,0.72,0.35,0.68,0.3,nan,nan,nan,nan,nan,1.0,0.6666342275919839,-0.06696515407227319,-0.17697129236020565,1.18,0.11,0.11,0.11144030998981577,0.0,0.1014999970793724,-0.287845006790325,-0.287845006790325,0.8,-0.287845006790325,-0.160478136002735,0.0,-0.8195652365684509,-0.1014999970793724,0.8195652365684509,0.12942953795834694,0.15489595580726442,0.1234761701900209,0.09057046204165306,0.05382389770309651,0.09940444978961065,-0.025466417848917483,0.03674656433855655,-0.08768896039104888,0.18743589836878516,-0.005953367768326042,0.008833987747957583,12.54191153300182,1.0,0.0,-0.2046824022943301,0.34375,0,0,0,0,0,0,0,0,0,nan,nan,3.4059998989105225,1.0,0,0,0,2.746384620666504,2.4590277671813965,-1.97152770507736,6.031990051269531e-05,53.17470622062683,52.49402713775635,55.04165577888489,1.1273202896118164,0.6125237941741943,0.07569294399991122,0.0275812219999807,0.0354,0.021847585797721697,0.021847585797721697,nan,nan,nan,nan,0.10435992675518047,-0.7486819118827253,lidar_disabled,1,1,1,1,4,0,1,1,2,cascade_controller_v4,cascade_controller_v4_fast_smooth_true_cascade_pd_1_0,cascade_pd_tracking,follow_main,inner_wheel_pd,True,True,False,"[""cascade_controller_v4""]",False,UNKNOWN,UNKNOWN,UNKNOWN,TURNING,True,ok,1.0,12.54191153300182,0.07569294399991122,0.0275812219999807,35.4,0.258,-0.2046824022943301,0.0,0.021847585797721697,21.847585797721695,0.15812363110817518,0.021847585797721697,21.847585797721695,0.15812363110817518,0.02140805521043237,0.15408047369545186,0.72,0.35,0.68,0.3,0.01573026177435962,0.007492819323651329,0.10752406915355912,0.046224142108635555,-0.287845006790325,-0.287845006790325,-0.287845006790325,0.11,0.11,0.6666342275919839,sharp,1.18,1.0,-0.06696515407227319,-0.17697129236020565,0.8,0.34375,0.11,-0.287845006790325,0.12942953795834694,0.09057046204165306,0.12942953795834694,0.09057046204165306,0.15489595580726442,0.05382389770309651,0.15489595580726442,0.05382389770309651,-0.025466417848917483,0.03674656433855655,-0.08768896039104888,0.18743589836878516,-0.005953367768326042,0.008833987747957583,0.1234761701900209,0.09940444978961065,0.11144030998981577,-0.160478136002735,0.1014999970793724,-0.8195652365684509,0.10435992675518047,-0.7486819118827253,2.746384620666504,2.4590277671813965,3.4059998989105225,lidar_disabled,1.0,False,1874.992572101
1785741836.5231838,104.42540526390076,v4,cascade_controller_v4,cascade_controller_v4_fast_smooth_true_cascade_pd_1_0,cascade_pd_tracking,follow_main,inner_wheel_pd,sharp,,TURNING,UNKNOWN,UNKNOWN,UNKNOWN,1,1,35.4,35.4,21.847585797721695,21.847585797721695,0.258,0.15812363110817518,0.15812363110817518,0.02140805521043237,0.15408047369545186,0.01573026177435962,0.007492819323651329,0.10752406915355912,0.046224142108635555,0.72,0.35,0.68,0.3,nan,nan,nan,nan,nan,1.0,0.6666342275919839,-0.06696515407227319,-0.17697129236020565,1.18,0.11,0.11,0.11144030998981577,0.0,0.1014999970793724,-0.287845006790325,-0.287845006790325,0.8,-0.287845006790325,-0.160478136002735,0.0,-0.8195652365684509,-0.1014999970793724,0.8195652365684509,0.12942953795834694,0.15489595580726442,0.1234761701900209,0.09057046204165306,0.05382389770309651,0.09940444978961065,-0.025466417848917483,0.03674656433855655,-0.08768896039104888,0.18743589836878516,-0.005953367768326042,0.008833987747957583,12.54191153300182,1.0,0.0,-0.2046824022943301,0.34375,0,0,0,0,0,0,0,0,0,nan,nan,3.4059998989105225,1.0,0,0,0,2.746384620666504,2.4590277671813965,-1.97152770507736,0.7116334438323975,53.886279344558716,53.20560026168823,55.75322914123535,7.43865966796875e-05,1.3240966796875,0.07569294399991122,0.0275812219999807,0.0354,0.021847585797721697,0.021847585797721697,nan,nan,nan,nan,0.10435992675518047,-0.7486819118827253,lidar_disabled,1,1,1,1,4,0,1,1,2,cascade_controller_v4,cascade_controller_v4_fast_smooth_true_cascade_pd_1_0,cascade_pd_tracking,follow_main,inner_wheel_pd,True,True,False,"[""cascade_controller_v4""]",False,UNKNOWN,UNKNOWN,UNKNOWN,TURNING,True,ok,1.0,12.54191153300182,0.07569294399991122,0.0275812219999807,35.4,0.258,-0.2046824022943301,0.0,0.021847585797721697,21.847585797721695,0.15812363110817518,0.021847585797721697,21.847585797721695,0.15812363110817518,0.02140805521043237,0.15408047369545186,0.72,0.35,0.68,0.3,0.01573026177435962,0.007492819323651329,0.10752406915355912,0.046224142108635555,-0.287845006790325,-0.287845006790325,-0.287845006790325,0.11,0.11,0.6666342275919839,sharp,1.18,1.0,-0.06696515407227319,-0.17697129236020565,0.8,0.34375,0.11,-0.287845006790325,0.12942953795834694,0.09057046204165306,0.12942953795834694,0.09057046204165306,0.15489595580726442,0.05382389770309651,0.15489595580726442,0.05382389770309651,-0.025466417848917483,0.03674656433855655,-0.08768896039104888,0.18743589836878516,-0.005953367768326042,0.008833987747957583,0.1234761701900209,0.09940444978961065,0.11144030998981577,-0.160478136002735,0.1014999970793724,-0.8195652365684509,0.10435992675518047,-0.7486819118827253,2.746384620666504,2.4590277671813965,3.4059998989105225,lidar_disabled,1.0,False,1874.992572101
1785741837.3077338,105.2099552154541,v4,cascade_controller_v4,cascade_controller_v4_fast_smooth_true_cascade_pd_1_0,cascade_pd_tracking,follow_main,inner_wheel_pd,sharp,,TURNING,UNKNOWN,UNKNOWN,UNKNOWN,1,1,35.4,35.4,21.847585797721695,21.847585797721695,0.258,0.15812363110817518,0.15812363110817518,0.02140805521043237,0.15408047369545186,0.01573026177435962,0.007492819323651329,0.10752406915355912,0.046224142108635555,0.72,0.35,0.68,0.3,nan,nan,nan,nan,nan,1.0,0.6666342275919839,-0.06696515407227319,-0.17697129236020565,1.18,0.11,0.11,0.11144030998981577,0.0,0.1014999970793724,-0.287845006790325,-0.287845006790325,0.8,-0.287845006790325,-0.160478136002735,0.0,-0.8195652365684509,-0.1014999970793724,0.8195652365684509,0.12942953795834694,0.15489595580726442,0.1234761701900209,0.09057046204165306,0.05382389770309651,0.09940444978961065,-0.025466417848917483,0.03674656433855655,-0.08768896039104888,0.18743589836878516,-0.005953367768326042,0.008833987747957583,12.54191153300182,1.0,0.0,-0.2046824022943301,0.34375,0,0,0,0,0,0,0,0,0,nan,nan,3.4059998989105225,1.0,0,0,0,2.746384620666504,2.4590277671813965,-1.97152770507736,1.4961836338043213,54.67082953453064,53.990150451660156,56.53777885437012,0.7846243381500244,6.961822509765625e-05,0.07569294399991122,0.0275812219999807,0.0354,0.021847585797721697,0.021847585797721697,nan,nan,nan,nan,0.10435992675518047,-0.7486819118827253,lidar_disabled,1,1,1,1,4,0,1,1,2,cascade_controller_v4,cascade_controller_v4_fast_smooth_true_cascade_pd_1_0,cascade_pd_tracking,follow_main,inner_wheel_pd,True,True,False,"[""cascade_controller_v4""]",False,UNKNOWN,UNKNOWN,UNKNOWN,TURNING,True,ok,1.0,12.54191153300182,0.07569294399991122,0.0275812219999807,35.4,0.258,-0.2046824022943301,0.0,0.021847585797721697,21.847585797721695,0.15812363110817518,0.021847585797721697,21.847585797721695,0.15812363110817518,0.02140805521043237,0.15408047369545186,0.72,0.35,0.68,0.3,0.01573026177435962,0.007492819323651329,0.10752406915355912,0.046224142108635555,-0.287845006790325,-0.287845006790325,-0.287845006790325,0.11,0.11,0.6666342275919839,sharp,1.18,1.0,-0.06696515407227319,-0.17697129236020565,0.8,0.34375,0.11,-0.287845006790325,0.12942953795834694,0.09057046204165306,0.12942953795834694,0.09057046204165306,0.15489595580726442,0.05382389770309651,0.15489595580726442,0.05382389770309651,-0.025466417848917483,0.03674656433855655,-0.08768896039104888,0.18743589836878516,-0.005953367768326042,0.008833987747957583,0.1234761701900209,0.09940444978961065,0.11144030998981577,-0.160478136002735,0.1014999970793724,-0.8195652365684509,0.10435992675518047,-0.7486819118827253,2.746384620666504,2.4590277671813965,3.4059998989105225,lidar_disabled,1.0,False,1874.992572101
1785741838.0093546,105.91157603263855,v4,cascade_controller_v4,cascade_controller_v4_fast_smooth_true_cascade_pd_1_0,cascade_pd_tracking,follow_main,inner_wheel_pd,sharp,,TURNING,UNKNOWN,UNKNOWN,UNKNOWN,1,1,35.4,35.4,21.847585797721695,21.847585797721695,0.258,0.15812363110817518,0.15812363110817518,0.02140805521043237,0.15408047369545186,0.01573026177435962,0.007492819323651329,0.10752406915355912,0.046224142108635555,0.72,0.35,0.68,0.3,nan,nan,nan,nan,nan,1.0,0.6666342275919839,-0.06696515407227319,-0.17697129236020565,1.18,0.11,0.11,0.11144030998981577,0.0,0.1014999970793724,-0.287845006790325,-0.287845006790325,0.8,-0.287845006790325,-0.160478136002735,0.0,-0.8195652365684509,-0.1014999970793724,0.8195652365684509,0.12942953795834694,0.15489595580726442,0.1234761701900209,0.09057046204165306,0.05382389770309651,0.09940444978961065,-0.025466417848917483,0.03674656433855655,-0.08768896039104888,0.18743589836878516,-0.005953367768326042,0.008833987747957583,12.54191153300182,1.0,0.0,-0.2046824022943301,0.34375,0,0,0,0,0,0,0,0,0,nan,nan,3.4059998989105225,1.0,0,0,0,2.746384620666504,2.4590277671813965,-1.97152770507736,7.581710815429688e-05,55.37244987487793,54.691771268844604,57.239399909973145,1.4862453937530518,0.7016911506652832,0.07569294399991122,0.0275812219999807,0.0354,0.021847585797721697,0.021847585797721697,nan,nan,nan,nan,0.10435992675518047,-0.7486819118827253,lidar_disabled,1,1,1,1,4,0,1,1,2,cascade_controller_v4,cascade_controller_v4_fast_smooth_true_cascade_pd_1_0,cascade_pd_tracking,follow_main,inner_wheel_pd,True,True,False,"[""cascade_controller_v4""]",False,UNKNOWN,UNKNOWN,UNKNOWN,TURNING,True,ok,1.0,12.54191153300182,0.07569294399991122,0.0275812219999807,35.4,0.258,-0.2046824022943301,0.0,0.021847585797721697,21.847585797721695,0.15812363110817518,0.021847585797721697,21.847585797721695,0.15812363110817518,0.02140805521043237,0.15408047369545186,0.72,0.35,0.68,0.3,0.01573026177435962,0.007492819323651329,0.10752406915355912,0.046224142108635555,-0.287845006790325,-0.287845006790325,-0.287845006790325,0.11,0.11,0.6666342275919839,sharp,1.18,1.0,-0.06696515407227319,-0.17697129236020565,0.8,0.34375,0.11,-0.287845006790325,0.12942953795834694,0.09057046204165306,0.12942953795834694,0.09057046204165306,0.15489595580726442,0.05382389770309651,0.15489595580726442,0.05382389770309651,-0.025466417848917483,0.03674656433855655,-0.08768896039104888,0.18743589836878516,-0.005953367768326042,0.008833987747957583,0.1234761701900209,0.09940444978961065,0.11144030998981577,-0.160478136002735,0.1014999970793724,-0.8195652365684509,0.10435992675518047,-0.7486819118827253,2.746384620666504,2.4590277671813965,3.4059998989105225,lidar_disabled,1.0,False,1874.992572101
1785741838.667877,106.57009863853455,v4,cascade_controller_v4,cascade_controller_v4_fast_smooth_true_cascade_pd_1_0,cascade_pd_tracking,follow_main,inner_wheel_pd,sharp,,TURNING,UNKNOWN,UNKNOWN,UNKNOWN,1,1,35.4,35.4,21.847585797721695,21.847585797721695,0.258,0.15812363110817518,0.15812363110817518,0.02140805521043237,0.15408047369545186,0.01573026177435962,0.007492819323651329,0.10752406915355912,0.046224142108635555,0.72,0.35,0.68,0.3,nan,nan,nan,nan,nan,1.0,0.6666342275919839,-0.06696515407227319,-0.17697129236020565,1.18,0.11,0.11,0.11144030998981577,0.0,0.1014999970793724,-0.287845006790325,-0.287845006790325,0.8,-0.287845006790325,-0.160478136002735,0.0,-0.8195652365684509,-0.1014999970793724,0.8195652365684509,0.12942953795834694,0.15489595580726442,0.1234761701900209,0.09057046204165306,0.05382389770309651,0.09940444978961065,-0.025466417848917483,0.03674656433855655,-0.08768896039104888,0.18743589836878516,-0.005953367768326042,0.008833987747957583,12.54191153300182,1.0,0.0,-0.2046824022943301,0.34375,0,0,0,0,0,0,0,0,0,nan,nan,3.4059998989105225,1.0,0,0,0,2.746384620666504,2.4590277671813965,-1.97152770507736,0.6585986614227295,56.030972957611084,55.35029411315918,57.89792275428772,7.939338684082031e-05,1.3602137565612793,0.07569294399991122,0.0275812219999807,0.0354,0.021847585797721697,0.021847585797721697,nan,nan,nan,nan,0.10435992675518047,-0.7486819118827253,lidar_disabled,1,1,1,1,4,0,1,1,2,cascade_controller_v4,cascade_controller_v4_fast_smooth_true_cascade_pd_1_0,cascade_pd_tracking,follow_main,inner_wheel_pd,True,True,False,"[""cascade_controller_v4""]",False,UNKNOWN,UNKNOWN,UNKNOWN,TURNING,True,ok,1.0,12.54191153300182,0.07569294399991122,0.0275812219999807,35.4,0.258,-0.2046824022943301,0.0,0.021847585797721697,21.847585797721695,0.15812363110817518,0.021847585797721697,21.847585797721695,0.15812363110817518,0.02140805521043237,0.15408047369545186,0.72,0.35,0.68,0.3,0.01573026177435962,0.007492819323651329,0.10752406915355912,0.046224142108635555,-0.287845006790325,-0.287845006790325,-0.287845006790325,0.11,0.11,0.6666342275919839,sharp,1.18,1.0,-0.06696515407227319,-0.17697129236020565,0.8,0.34375,0.11,-0.287845006790325,0.12942953795834694,0.09057046204165306,0.12942953795834694,0.09057046204165306,0.15489595580726442,0.05382389770309651,0.15489595580726442,0.05382389770309651,-0.025466417848917483,0.03674656433855655,-0.08768896039104888,0.18743589836878516,-0.005953367768326042,0.008833987747957583,0.1234761701900209,0.09940444978961065,0.11144030998981577,-0.160478136002735,0.1014999970793724,-0.8195652365684509,0.10435992675518047,-0.7486819118827253,2.746384620666504,2.4590277671813965,3.4059998989105225,lidar_disabled,1.0,False,1874.992572101
1785741839.3151324,107.21735382080078,v4,cascade_controller_v4,cascade_controller_v4_fast_smooth_true_cascade_pd_1_0,cascade_pd_tracking,follow_main,inner_wheel_pd,sharp,,TURNING,UNKNOWN,UNKNOWN,UNKNOWN,1,1,35.4,35.4,21.847585797721695,21.847585797721695,0.258,0.15812363110817518,0.15812363110817518,0.02140805521043237,0.15408047369545186,0.01573026177435962,0.007492819323651329,0.10752406915355912,0.046224142108635555,0.72,0.35,0.68,0.3,nan,nan,nan,nan,nan,1.0,0.6666342275919839,-0.06696515407227319,-0.17697129236020565,1.18,0.11,0.11,0.11144030998981577,0.0,0.1014999970793724,-0.287845006790325,-0.287845006790325,0.8,-0.287845006790325,-0.160478136002735,0.0,-0.8195652365684509,-0.1014999970793724,0.8195652365684509,0.12942953795834694,0.15489595580726442,0.1234761701900209,0.09057046204165306,0.05382389770309651,0.09940444978961065,-0.025466417848917483,0.03674656433855655,-0.08768896039104888,0.18743589836878516,-0.005953367768326042,0.008833987747957583,12.54191153300182,1.0,0.0,-0.2046824022943301,0.34375,0,0,0,0,0,0,0,0,0,nan,nan,3.4059998989105225,1.0,0,0,0,2.746384620666504,2.4590277671813965,-1.97152770507736,1.3058538436889648,56.6782283782959,55.997549295425415,58.545178174972534,0.6473348140716553,7.271766662597656e-05,0.07569294399991122,0.0275812219999807,0.0354,0.021847585797721697,0.021847585797721697,nan,nan,nan,nan,0.10435992675518047,-0.7486819118827253,lidar_disabled,1,1,1,1,4,0,1,1,2,cascade_controller_v4,cascade_controller_v4_fast_smooth_true_cascade_pd_1_0,cascade_pd_tracking,follow_main,inner_wheel_pd,True,True,False,"[""cascade_controller_v4""]",False,UNKNOWN,UNKNOWN,UNKNOWN,TURNING,True,ok,1.0,12.54191153300182,0.07569294399991122,0.0275812219999807,35.4,0.258,-0.2046824022943301,0.0,0.021847585797721697,21.847585797721695,0.15812363110817518,0.021847585797721697,21.847585797721695,0.15812363110817518,0.02140805521043237,0.15408047369545186,0.72,0.35,0.68,0.3,0.01573026177435962,0.007492819323651329,0.10752406915355912,0.046224142108635555,-0.287845006790325,-0.287845006790325,-0.287845006790325,0.11,0.11,0.6666342275919839,sharp,1.18,1.0,-0.06696515407227319,-0.17697129236020565,0.8,0.34375,0.11,-0.287845006790325,0.12942953795834694,0.09057046204165306,0.12942953795834694,0.09057046204165306,0.15489595580726442,0.05382389770309651,0.15489595580726442,0.05382389770309651,-0.025466417848917483,0.03674656433855655,-0.08768896039104888,0.18743589836878516,-0.005953367768326042,0.008833987747957583,0.1234761701900209,0.09940444978961065,0.11144030998981577,-0.160478136002735,0.1014999970793724,-0.8195652365684509,0.10435992675518047,-0.7486819118827253,2.746384620666504,2.4590277671813965,3.4059998989105225,lidar_disabled,1.0,False,1874.992572101
1785741839.9805317,107.8827531337738,v4,cascade_controller_v4,cascade_controller_v4_fast_smooth_true_cascade_pd_1_0,cascade_pd_tracking,follow_main,inner_wheel_pd,sharp,,TURNING,UNKNOWN,UNKNOWN,UNKNOWN,1,1,35.4,35.4,21.847585797721695,21.847585797721695,0.258,0.15812363110817518,0.15812363110817518,0.02140805521043237,0.15408047369545186,0.01573026177435962,0.007492819323651329,0.10752406915355912,0.046224142108635555,0.72,0.35,0.68,0.3,nan,nan,nan,nan,nan,1.0,0.6666342275919839,-0.06696515407227319,-0.17697129236020565,1.18,0.11,0.11,0.11144030998981577,0.0,0.1014999970793724,-0.287845006790325,-0.287845006790325,0.8,-0.287845006790325,-0.160478136002735,0.0,-0.8195652365684509,-0.1014999970793724,0.8195652365684509,0.12942953795834694,0.15489595580726442,0.1234761701900209,0.09057046204165306,0.05382389770309651,0.09940444978961065,-0.025466417848917483,0.03674656433855655,-0.08768896039104888,0.18743589836878516,-0.005953367768326042,0.008833987747957583,12.54191153300182,1.0,0.0,-0.2046824022943301,0.34375,0,0,0,0,0,0,0,0,0,nan,nan,3.4059998989105225,1.0,0,0,0,2.746384620666504,2.4590277671813965,-1.97152770507736,6.890296936035156e-05,57.343626976013184,56.66294836997986,59.2105770111084,1.3127338886260986,0.6654725074768066,0.07569294399991122,0.0275812219999807,0.0354,0.021847585797721697,0.021847585797721697,nan,nan,nan,nan,0.10435992675518047,-0.7486819118827253,lidar_disabled,1,1,1,1,4,0,1,1,2,cascade_controller_v4,cascade_controller_v4_fast_smooth_true_cascade_pd_1_0,cascade_pd_tracking,follow_main,inner_wheel_pd,True,True,False,"[""cascade_controller_v4""]",False,UNKNOWN,UNKNOWN,UNKNOWN,TURNING,True,ok,1.0,12.54191153300182,0.07569294399991122,0.0275812219999807,35.4,0.258,-0.2046824022943301,0.0,0.021847585797721697,21.847585797721695,0.15812363110817518,0.021847585797721697,21.847585797721695,0.15812363110817518,0.02140805521043237,0.15408047369545186,0.72,0.35,0.68,0.3,0.01573026177435962,0.007492819323651329,0.10752406915355912,0.046224142108635555,-0.287845006790325,-0.287845006790325,-0.287845006790325,0.11,0.11,0.6666342275919839,sharp,1.18,1.0,-0.06696515407227319,-0.17697129236020565,0.8,0.34375,0.11,-0.287845006790325,0.12942953795834694,0.09057046204165306,0.12942953795834694,0.09057046204165306,0.15489595580726442,0.05382389770309651,0.15489595580726442,0.05382389770309651,-0.025466417848917483,0.03674656433855655,-0.08768896039104888,0.18743589836878516,-0.005953367768326042,0.008833987747957583,0.1234761701900209,0.09940444978961065,0.11144030998981577,-0.160478136002735,0.1014999970793724,-0.8195652365684509,0.10435992675518047,-0.7486819118827253,2.746384620666504,2.4590277671813965,3.4059998989105225,lidar_disabled,1.0,False,1874.992572101
1785741840.608516,108.51073789596558,v4,cascade_controller_v4,cascade_controller_v4_fast_smooth_true_cascade_pd_1_0,cascade_pd_tracking,follow_main,inner_wheel_pd,sharp,,TURNING,UNKNOWN,UNKNOWN,UNKNOWN,1,1,35.4,35.4,21.847585797721695,21.847585797721695,0.258,0.15812363110817518,0.15812363110817518,0.02140805521043237,0.15408047369545186,0.01573026177435962,0.007492819323651329,0.10752406915355912,0.046224142108635555,0.72,0.35,0.68,0.3,nan,nan,nan,nan,nan,1.0,0.6666342275919839,-0.06696515407227319,-0.17697129236020565,1.18,0.11,0.11,0.11144030998981577,0.0,0.1014999970793724,-0.287845006790325,-0.287845006790325,0.8,-0.287845006790325,-0.160478136002735,0.0,-0.8195652365684509,-0.1014999970793724,0.8195652365684509,0.12942953795834694,0.15489595580726442,0.1234761701900209,0.09057046204165306,0.05382389770309651,0.09940444978961065,-0.025466417848917483,0.03674656433855655,-0.08768896039104888,0.18743589836878516,-0.005953367768326042,0.008833987747957583,12.54191153300182,1.0,0.0,-0.2046824022943301,0.34375,0,0,0,0,0,0,0,0,0,nan,nan,3.4059998989105225,1.0,0,0,0,2.746384620666504,2.4590277671813965,-1.97152770507736,0.6280531883239746,57.971611738204956,57.29093337059021,59.83856177330017,7.724761962890625e-05,1.2934565544128418,0.07569294399991122,0.0275812219999807,0.0354,0.021847585797721697,0.021847585797721697,nan,nan,nan,nan,0.10435992675518047,-0.7486819118827253,lidar_disabled,1,1,1,1,4,0,1,1,2,cascade_controller_v4,cascade_controller_v4_fast_smooth_true_cascade_pd_1_0,cascade_pd_tracking,follow_main,inner_wheel_pd,True,True,False,"[""cascade_controller_v4""]",False,UNKNOWN,UNKNOWN,UNKNOWN,TURNING,True,ok,1.0,12.54191153300182,0.07569294399991122,0.0275812219999807,35.4,0.258,-0.2046824022943301,0.0,0.021847585797721697,21.847585797721695,0.15812363110817518,0.021847585797721697,21.847585797721695,0.15812363110817518,0.02140805521043237,0.15408047369545186,0.72,0.35,0.68,0.3,0.01573026177435962,0.007492819323651329,0.10752406915355912,0.046224142108635555,-0.287845006790325,-0.287845006790325,-0.287845006790325,0.11,0.11,0.6666342275919839,sharp,1.18,1.0,-0.06696515407227319,-0.17697129236020565,0.8,0.34375,0.11,-0.287845006790325,0.12942953795834694,0.09057046204165306,0.12942953795834694,0.09057046204165306,0.15489595580726442,0.05382389770309651,0.15489595580726442,0.05382389770309651,-0.025466417848917483,0.03674656433855655,-0.08768896039104888,0.18743589836878516,-0.005953367768326042,0.008833987747957583,0.1234761701900209,0.09940444978961065,0.11144030998981577,-0.160478136002735,0.1014999970793724,-0.8195652365684509,0.10435992675518047,-0.7486819118827253,2.746384620666504,2.4590277671813965,3.4059998989105225,lidar_disabled,1.0,False,1874.992572101
1785741841.172127,109.07434868812561,v4,cascade_controller_v4,cascade_controller_v4_fast_smooth_true_cascade_pd_1_0,cascade_pd_tracking,follow_main,inner_wheel_pd,sharp,,TURNING,UNKNOWN,UNKNOWN,UNKNOWN,1,1,35.4,35.4,21.847585797721695,21.847585797721695,0.258,0.15812363110817518,0.15812363110817518,0.02140805521043237,0.15408047369545186,0.01573026177435962,0.007492819323651329,0.10752406915355912,0.046224142108635555,0.72,0.35,0.68,0.3,nan,nan,nan,nan,nan,1.0,0.6666342275919839,-0.06696515407227319,-0.17697129236020565,1.18,0.11,0.11,0.11144030998981577,0.0,0.1014999970793724,-0.287845006790325,-0.287845006790325,0.8,-0.287845006790325,-0.160478136002735,0.0,-0.8195652365684509,-0.1014999970793724,0.8195652365684509,0.12942953795834694,0.15489595580726442,0.1234761701900209,0.09057046204165306,0.05382389770309651,0.09940444978961065,-0.025466417848917483,0.03674656433855655,-0.08768896039104888,0.18743589836878516,-0.005953367768326042,0.008833987747957583,12.54191153300182,1.0,0.0,-0.2046824022943301,0.34375,0,0,0,0,0,0,0,0,0,nan,nan,3.4059998989105225,1.0,0,0,0,2.746384620666504,2.4590277671813965,-1.97152770507736,1.191664218902588,58.53522300720215,57.854544162750244,60.402172803878784,0.5636885166168213,8.916854858398438e-05,0.07569294399991122,0.0275812219999807,0.0354,0.021847585797721697,0.021847585797721697,nan,nan,nan,nan,0.10435992675518047,-0.7486819118827253,lidar_disabled,1,1,1,1,4,0,1,1,2,cascade_controller_v4,cascade_controller_v4_fast_smooth_true_cascade_pd_1_0,cascade_pd_tracking,follow_main,inner_wheel_pd,True,True,False,"[""cascade_controller_v4""]",False,UNKNOWN,UNKNOWN,UNKNOWN,TURNING,True,ok,1.0,12.54191153300182,0.07569294399991122,0.0275812219999807,35.4,0.258,-0.2046824022943301,0.0,0.021847585797721697,21.847585797721695,0.15812363110817518,0.021847585797721697,21.847585797721695,0.15812363110817518,0.02140805521043237,0.15408047369545186,0.72,0.35,0.68,0.3,0.01573026177435962,0.007492819323651329,0.10752406915355912,0.046224142108635555,-0.287845006790325,-0.287845006790325,-0.287845006790325,0.11,0.11,0.6666342275919839,sharp,1.18,1.0,-0.06696515407227319,-0.17697129236020565,0.8,0.34375,0.11,-0.287845006790325,0.12942953795834694,0.09057046204165306,0.12942953795834694,0.09057046204165306,0.15489595580726442,0.05382389770309651,0.15489595580726442,0.05382389770309651,-0.025466417848917483,0.03674656433855655,-0.08768896039104888,0.18743589836878516,-0.005953367768326042,0.008833987747957583,0.1234761701900209,0.09940444978961065,0.11144030998981577,-0.160478136002735,0.1014999970793724,-0.8195652365684509,0.10435992675518047,-0.7486819118827253,2.746384620666504,2.4590277671813965,3.4059998989105225,lidar_disabled,1.0,False,1874.992572101
1785741841.7255352,109.62775659561157,v4,cascade_controller_v4,cascade_controller_v4_fast_smooth_true_cascade_pd_1_0,cascade_pd_tracking,follow_main,inner_wheel_pd,sharp,,TURNING,UNKNOWN,UNKNOWN,UNKNOWN,1,1,35.4,35.4,21.847585797721695,21.847585797721695,0.258,0.15812363110817518,0.15812363110817518,0.02140805521043237,0.15408047369545186,0.01573026177435962,0.007492819323651329,0.10752406915355912,0.046224142108635555,0.72,0.35,0.68,0.3,nan,nan,nan,nan,nan,1.0,0.6666342275919839,-0.06696515407227319,-0.17697129236020565,1.18,0.11,0.11,0.11144030998981577,0.0,0.1014999970793724,-0.287845006790325,-0.287845006790325,0.8,-0.287845006790325,-0.160478136002735,0.0,-0.8195652365684509,-0.1014999970793724,0.8195652365684509,0.12942953795834694,0.15489595580726442,0.1234761701900209,0.09057046204165306,0.05382389770309651,0.09940444978961065,-0.025466417848917483,0.03674656433855655,-0.08768896039104888,0.18743589836878516,-0.005953367768326042,0.008833987747957583,12.54191153300182,1.0,0.0,-0.2046824022943301,0.34375,0,0,0,0,0,0,0,0,0,nan,nan,3.4059998989105225,1.0,0,0,0,2.746384620666504,2.4590277671813965,-1.97152770507736,5.936622619628906e-05,59.08863043785095,58.40795135498047,60.95558023452759,1.1170954704284668,0.5534963607788086,0.07569294399991122,0.0275812219999807,0.0354,0.021847585797721697,0.021847585797721697,nan,nan,nan,nan,0.10435992675518047,-0.7486819118827253,lidar_disabled,1,1,1,1,4,0,1,1,2,cascade_controller_v4,cascade_controller_v4_fast_smooth_true_cascade_pd_1_0,cascade_pd_tracking,follow_main,inner_wheel_pd,True,True,False,"[""cascade_controller_v4""]",False,UNKNOWN,UNKNOWN,UNKNOWN,TURNING,True,ok,1.0,12.54191153300182,0.07569294399991122,0.0275812219999807,35.4,0.258,-0.2046824022943301,0.0,0.021847585797721697,21.847585797721695,0.15812363110817518,0.021847585797721697,21.847585797721695,0.15812363110817518,0.02140805521043237,0.15408047369545186,0.72,0.35,0.68,0.3,0.01573026177435962,0.007492819323651329,0.10752406915355912,0.046224142108635555,-0.287845006790325,-0.287845006790325,-0.287845006790325,0.11,0.11,0.6666342275919839,sharp,1.18,1.0,-0.06696515407227319,-0.17697129236020565,0.8,0.34375,0.11,-0.287845006790325,0.12942953795834694,0.09057046204165306,0.12942953795834694,0.09057046204165306,0.15489595580726442,0.05382389770309651,0.15489595580726442,0.05382389770309651,-0.025466417848917483,0.03674656433855655,-0.08768896039104888,0.18743589836878516,-0.005953367768326042,0.008833987747957583,0.1234761701900209,0.09940444978961065,0.11144030998981577,-0.160478136002735,0.1014999970793724,-0.8195652365684509,0.10435992675518047,-0.7486819118827253,2.746384620666504,2.4590277671813965,3.4059998989105225,lidar_disabled,1.0,False,1874.992572101
1785741842.2662911,110.16851258277893,v4,cascade_controller_v4,cascade_controller_v4_fast_smooth_true_cascade_pd_1_0,cascade_pd_tracking,follow_main,inner_wheel_pd,sharp,,TURNING,UNKNOWN,UNKNOWN,UNKNOWN,1,1,35.4,35.4,21.847585797721695,21.847585797721695,0.258,0.15812363110817518,0.15812363110817518,0.02140805521043237,0.15408047369545186,0.01573026177435962,0.007492819323651329,0.10752406915355912,0.046224142108635555,0.72,0.35,0.68,0.3,nan,nan,nan,nan,nan,1.0,0.6666342275919839,-0.06696515407227319,-0.17697129236020565,1.18,0.11,0.11,0.11144030998981577,0.0,0.1014999970793724,-0.287845006790325,-0.287845006790325,0.8,-0.287845006790325,-0.160478136002735,0.0,-0.8195652365684509,-0.1014999970793724,0.8195652365684509,0.12942953795834694,0.15489595580726442,0.1234761701900209,0.09057046204165306,0.05382389770309651,0.09940444978961065,-0.025466417848917483,0.03674656433855655,-0.08768896039104888,0.18743589836878516,-0.005953367768326042,0.008833987747957583,12.54191153300182,1.0,0.0,-0.2046824022943301,0.34375,0,0,0,0,0,0,0,0,0,nan,nan,3.4059998989105225,1.0,0,0,0,2.746384620666504,2.4590277671813965,-1.97152770507736,0.5408158302307129,59.62938714027405,58.94870901107788,61.49633765220642,9.1552734375e-05,1.0942537784576416,0.07569294399991122,0.0275812219999807,0.0354,0.021847585797721697,0.021847585797721697,nan,nan,nan,nan,0.10435992675518047,-0.7486819118827253,lidar_disabled,1,1,1,1,4,0,1,1,2,cascade_controller_v4,cascade_controller_v4_fast_smooth_true_cascade_pd_1_0,cascade_pd_tracking,follow_main,inner_wheel_pd,True,True,False,"[""cascade_controller_v4""]",False,UNKNOWN,UNKNOWN,UNKNOWN,TURNING,True,ok,1.0,12.54191153300182,0.07569294399991122,0.0275812219999807,35.4,0.258,-0.2046824022943301,0.0,0.021847585797721697,21.847585797721695,0.15812363110817518,0.021847585797721697,21.847585797721695,0.15812363110817518,0.02140805521043237,0.15408047369545186,0.72,0.35,0.68,0.3,0.01573026177435962,0.007492819323651329,0.10752406915355912,0.046224142108635555,-0.287845006790325,-0.287845006790325,-0.287845006790325,0.11,0.11,0.6666342275919839,sharp,1.18,1.0,-0.06696515407227319,-0.17697129236020565,0.8,0.34375,0.11,-0.287845006790325,0.12942953795834694,0.09057046204165306,0.12942953795834694,0.09057046204165306,0.15489595580726442,0.05382389770309651,0.15489595580726442,0.05382389770309651,-0.025466417848917483,0.03674656433855655,-0.08768896039104888,0.18743589836878516,-0.005953367768326042,0.008833987747957583,0.1234761701900209,0.09940444978961065,0.11144030998981577,-0.160478136002735,0.1014999970793724,-0.8195652365684509,0.10435992675518047,-0.7486819118827253,2.746384620666504,2.4590277671813965,3.4059998989105225,lidar_disabled,1.0,False,1874.992572101
1785741842.8487716,110.75099325180054,v4,cascade_controller_v4,cascade_controller_v4_fast_smooth_true_cascade_pd_1_0,cascade_pd_tracking,follow_main,inner_wheel_pd,sharp,,TURNING,UNKNOWN,UNKNOWN,UNKNOWN,1,1,35.4,35.4,21.847585797721695,21.847585797721695,0.258,0.15812363110817518,0.15812363110817518,0.02140805521043237,0.15408047369545186,0.01573026177435962,0.007492819323651329,0.10752406915355912,0.046224142108635555,0.72,0.35,0.68,0.3,nan,nan,nan,nan,nan,1.0,0.6666342275919839,-0.06696515407227319,-0.17697129236020565,1.18,0.11,0.11,0.11144030998981577,0.0,0.1014999970793724,-0.287845006790325,-0.287845006790325,0.8,-0.287845006790325,-0.160478136002735,0.0,-0.8195652365684509,-0.1014999970793724,0.8195652365684509,0.12942953795834694,0.15489595580726442,0.1234761701900209,0.09057046204165306,0.05382389770309651,0.09940444978961065,-0.025466417848917483,0.03674656433855655,-0.08768896039104888,0.18743589836878516,-0.005953367768326042,0.008833987747957583,12.54191153300182,1.0,0.0,-0.2046824022943301,0.34375,0,0,0,0,0,0,0,0,0,nan,nan,3.4059998989105225,1.0,0,0,0,2.746384620666504,2.4590277671813965,-1.97152770507736,1.1232964992523193,60.21186804771423,59.53118968009949,62.07881832122803,0.5825724601745605,9.489059448242188e-05,0.07569294399991122,0.0275812219999807,0.0354,0.021847585797721697,0.021847585797721697,nan,nan,nan,nan,0.10435992675518047,-0.7486819118827253,lidar_disabled,1,1,1,1,4,0,1,1,2,cascade_controller_v4,cascade_controller_v4_fast_smooth_true_cascade_pd_1_0,cascade_pd_tracking,follow_main,inner_wheel_pd,True,True,False,"[""cascade_controller_v4""]",False,UNKNOWN,UNKNOWN,UNKNOWN,TURNING,True,ok,1.0,12.54191153300182,0.07569294399991122,0.0275812219999807,35.4,0.258,-0.2046824022943301,0.0,0.021847585797721697,21.847585797721695,0.15812363110817518,0.021847585797721697,21.847585797721695,0.15812363110817518,0.02140805521043237,0.15408047369545186,0.72,0.35,0.68,0.3,0.01573026177435962,0.007492819323651329,0.10752406915355912,0.046224142108635555,-0.287845006790325,-0.287845006790325,-0.287845006790325,0.11,0.11,0.6666342275919839,sharp,1.18,1.0,-0.06696515407227319,-0.17697129236020565,0.8,0.34375,0.11,-0.287845006790325,0.12942953795834694,0.09057046204165306,0.12942953795834694,0.09057046204165306,0.15489595580726442,0.05382389770309651,0.15489595580726442,0.05382389770309651,-0.025466417848917483,0.03674656433855655,-0.08768896039104888,0.18743589836878516,-0.005953367768326042,0.008833987747957583,0.1234761701900209,0.09940444978961065,0.11144030998981577,-0.160478136002735,0.1014999970793724,-0.8195652365684509,0.10435992675518047,-0.7486819118827253,2.746384620666504,2.4590277671813965,3.4059998989105225,lidar_disabled,1.0,False,1874.992572101
1785741843.4482393,111.35046076774597,v4,cascade_controller_v4,cascade_controller_v4_fast_smooth_true_cascade_pd_1_0,cascade_pd_tracking,follow_main,inner_wheel_pd,sharp,,TURNING,UNKNOWN,UNKNOWN,UNKNOWN,1,1,35.4,35.4,21.847585797721695,21.847585797721695,0.258,0.15812363110817518,0.15812363110817518,0.02140805521043237,0.15408047369545186,0.01573026177435962,0.007492819323651329,0.10752406915355912,0.046224142108635555,0.72,0.35,0.68,0.3,nan,nan,nan,nan,nan,1.0,0.6666342275919839,-0.06696515407227319,-0.17697129236020565,1.18,0.11,0.11,0.11144030998981577,0.0,0.1014999970793724,-0.287845006790325,-0.287845006790325,0.8,-0.287845006790325,-0.160478136002735,0.0,-0.8195652365684509,-0.1014999970793724,0.8195652365684509,0.12942953795834694,0.15489595580726442,0.1234761701900209,0.09057046204165306,0.05382389770309651,0.09940444978961065,-0.025466417848917483,0.03674656433855655,-0.08768896039104888,0.18743589836878516,-0.005953367768326042,0.008833987747957583,12.54191153300182,1.0,0.0,-0.2046824022943301,0.34375,0,0,0,0,0,0,0,0,0,nan,nan,3.4059998989105225,1.0,0,0,0,2.746384620666504,2.4590277671813965,-1.97152770507736,5.936622619628906e-05,60.81133437156677,60.13065552711487,62.67828440666199,1.1820385456085205,0.5995609760284424,0.07569294399991122,0.0275812219999807,0.0354,0.021847585797721697,0.021847585797721697,nan,nan,nan,nan,0.10435992675518047,-0.7486819118827253,lidar_disabled,1,1,1,1,4,0,1,1,2,cascade_controller_v4,cascade_controller_v4_fast_smooth_true_cascade_pd_1_0,cascade_pd_tracking,follow_main,inner_wheel_pd,True,True,False,"[""cascade_controller_v4""]",False,UNKNOWN,UNKNOWN,UNKNOWN,TURNING,True,ok,1.0,12.54191153300182,0.07569294399991122,0.0275812219999807,35.4,0.258,-0.2046824022943301,0.0,0.021847585797721697,21.847585797721695,0.15812363110817518,0.021847585797721697,21.847585797721695,0.15812363110817518,0.02140805521043237,0.15408047369545186,0.72,0.35,0.68,0.3,0.01573026177435962,0.007492819323651329,0.10752406915355912,0.046224142108635555,-0.287845006790325,-0.287845006790325,-0.287845006790325,0.11,0.11,0.6666342275919839,sharp,1.18,1.0,-0.06696515407227319,-0.17697129236020565,0.8,0.34375,0.11,-0.287845006790325,0.12942953795834694,0.09057046204165306,0.12942953795834694,0.09057046204165306,0.15489595580726442,0.05382389770309651,0.15489595580726442,0.05382389770309651,-0.025466417848917483,0.03674656433855655,-0.08768896039104888,0.18743589836878516,-0.005953367768326042,0.008833987747957583,0.1234761701900209,0.09940444978961065,0.11144030998981577,-0.160478136002735,0.1014999970793724,-0.8195652365684509,0.10435992675518047,-0.7486819118827253,2.746384620666504,2.4590277671813965,3.4059998989105225,lidar_disabled,1.0,False,1874.992572101
1785741844.1076465,112.00986814498901,v4,cascade_controller_v4,cascade_controller_v4_fast_smooth_true_cascade_pd_1_0,cascade_pd_tracking,follow_main,inner_wheel_pd,sharp,,TURNING,UNKNOWN,UNKNOWN,UNKNOWN,1,1,35.4,35.4,21.847585797721695,21.847585797721695,0.258,0.15812363110817518,0.15812363110817518,0.02140805521043237,0.15408047369545186,0.01573026177435962,0.007492819323651329,0.10752406915355912,0.046224142108635555,0.72,0.35,0.68,0.3,nan,nan,nan,nan,nan,1.0,0.6666342275919839,-0.06696515407227319,-0.17697129236020565,1.18,0.11,0.11,0.11144030998981577,0.0,0.1014999970793724,-0.287845006790325,-0.287845006790325,0.8,-0.287845006790325,-0.160478136002735,0.0,-0.8195652365684509,-0.1014999970793724,0.8195652365684509,0.12942953795834694,0.15489595580726442,0.1234761701900209,0.09057046204165306,0.05382389770309651,0.09940444978961065,-0.025466417848917483,0.03674656433855655,-0.08768896039104888,0.18743589836878516,-0.005953367768326042,0.008833987747957583,12.54191153300182,1.0,0.0,-0.2046824022943301,0.34375,0,0,0,0,0,0,0,0,0,nan,nan,3.4059998989105225,1.0,0,0,0,2.746384620666504,2.4590277671813965,-1.97152770507736,0.6594672203063965,61.47074246406555,60.79006385803223,8.20159912109375e-05,1.8414466381072998,1.2589695453643799,0.07569294399991122,0.0275812219999807,0.0354,0.021847585797721697,0.021847585797721697,nan,nan,nan,nan,0.10435992675518047,-0.7486819118827253,lidar_disabled,1,1,1,1,4,0,1,1,2,cascade_controller_v4,cascade_controller_v4_fast_smooth_true_cascade_pd_1_0,cascade_pd_tracking,follow_main,inner_wheel_pd,True,True,False,"[""cascade_controller_v4""]",False,UNKNOWN,UNKNOWN,UNKNOWN,TURNING,True,ok,1.0,12.54191153300182,0.07569294399991122,0.0275812219999807,35.4,0.258,-0.2046824022943301,0.0,0.021847585797721697,21.847585797721695,0.15812363110817518,0.021847585797721697,21.847585797721695,0.15812363110817518,0.02140805521043237,0.15408047369545186,0.72,0.35,0.68,0.3,0.01573026177435962,0.007492819323651329,0.10752406915355912,0.046224142108635555,-0.287845006790325,-0.287845006790325,-0.287845006790325,0.11,0.11,0.6666342275919839,sharp,1.18,1.0,-0.06696515407227319,-0.17697129236020565,0.8,0.34375,0.11,-0.287845006790325,0.12942953795834694,0.09057046204165306,0.12942953795834694,0.09057046204165306,0.15489595580726442,0.05382389770309651,0.15489595580726442,0.05382389770309651,-0.025466417848917483,0.03674656433855655,-0.08768896039104888,0.18743589836878516,-0.005953367768326042,0.008833987747957583,0.1234761701900209,0.09940444978961065,0.11144030998981577,-0.160478136002735,0.1014999970793724,-0.8195652365684509,0.10435992675518047,-0.7486819118827253,2.746384620666504,2.4590277671813965,3.4059998989105225,lidar_disabled,1.0,False,1874.992572101
1785741844.8076234,112.70984530448914,v4,cascade_controller_v4,cascade_controller_v4_fast_smooth_true_cascade_pd_1_0,cascade_pd_tracking,follow_main,inner_wheel_pd,sharp,,TURNING,UNKNOWN,UNKNOWN,UNKNOWN,1,1,35.4,35.4,21.847585797721695,21.847585797721695,0.258,0.15812363110817518,0.15812363110817518,0.02140805521043237,0.15408047369545186,0.01573026177435962,0.007492819323651329,0.10752406915355912,0.046224142108635555,0.72,0.35,0.68,0.3,nan,nan,nan,nan,nan,1.0,0.6666342275919839,-0.06696515407227319,-0.17697129236020565,1.18,0.11,0.11,0.11144030998981577,0.0,0.1014999970793724,-0.287845006790325,-0.287845006790325,0.8,-0.287845006790325,-0.160478136002735,0.0,-0.8195652365684509,-0.1014999970793724,0.8195652365684509,0.12942953795834694,0.15489595580726442,0.1234761701900209,0.09057046204165306,0.05382389770309651,0.09940444978961065,-0.025466417848917483,0.03674656433855655,-0.08768896039104888,0.18743589836878516,-0.005953367768326042,0.008833987747957583,12.54191153300182,1.0,0.0,-0.2046824022943301,0.34375,0,0,0,0,0,0,0,0,0,nan,nan,3.4059998989105225,1.0,0,0,0,2.746384620666504,2.4590277671813965,-1.97152770507736,1.359445333480835,62.17072105407715,61.4900426864624,0.7000608444213867,0.0001251697540283203,1.958949089050293,0.07569294399991122,0.0275812219999807,0.0354,0.021847585797721697,0.021847585797721697,nan,nan,nan,nan,0.10435992675518047,-0.7486819118827253,lidar_disabled,1,1,1,1,4,0,1,1,2,cascade_controller_v4,cascade_controller_v4_fast_smooth_true_cascade_pd_1_0,cascade_pd_tracking,follow_main,inner_wheel_pd,True,True,False,"[""cascade_controller_v4""]",False,UNKNOWN,UNKNOWN,UNKNOWN,TURNING,True,ok,1.0,12.54191153300182,0.07569294399991122,0.0275812219999807,35.4,0.258,-0.2046824022943301,0.0,0.021847585797721697,21.847585797721695,0.15812363110817518,0.021847585797721697,21.847585797721695,0.15812363110817518,0.02140805521043237,0.15408047369545186,0.72,0.35,0.68,0.3,0.01573026177435962,0.007492819323651329,0.10752406915355912,0.046224142108635555,-0.287845006790325,-0.287845006790325,-0.287845006790325,0.11,0.11,0.6666342275919839,sharp,1.18,1.0,-0.06696515407227319,-0.17697129236020565,0.8,0.34375,0.11,-0.287845006790325,0.12942953795834694,0.09057046204165306,0.12942953795834694,0.09057046204165306,0.15489595580726442,0.05382389770309651,0.15489595580726442,0.05382389770309651,-0.025466417848917483,0.03674656433855655,-0.08768896039104888,0.18743589836878516,-0.005953367768326042,0.008833987747957583,0.1234761701900209,0.09940444978961065,0.11144030998981577,-0.160478136002735,0.1014999970793724,-0.8195652365684509,0.10435992675518047,-0.7486819118827253,2.746384620666504,2.4590277671813965,3.4059998989105225,lidar_disabled,1.0,False,1874.992572101
1785741845.5651033,113.46732473373413,v4,cascade_controller_v4,cascade_controller_v4_fast_smooth_true_cascade_pd_1_0,cascade_pd_tracking,follow_main,inner_wheel_pd,sharp,,TURNING,UNKNOWN,UNKNOWN,UNKNOWN,1,1,35.4,35.4,21.847585797721695,21.847585797721695,0.258,0.15812363110817518,0.15812363110817518,0.02140805521043237,0.15408047369545186,0.01573026177435962,0.007492819323651329,0.10752406915355912,0.046224142108635555,0.72,0.35,0.68,0.3,nan,nan,nan,nan,nan,1.0,0.6666342275919839,-0.06696515407227319,-0.17697129236020565,1.18,0.11,0.11,0.11144030998981577,0.0,0.1014999970793724,-0.287845006790325,-0.287845006790325,0.8,-0.287845006790325,-0.160478136002735,0.0,-0.8195652365684509,-0.1014999970793724,0.8195652365684509,0.12942953795834694,0.15489595580726442,0.1234761701900209,0.09057046204165306,0.05382389770309651,0.09940444978961065,-0.025466417848917483,0.03674656433855655,-0.08768896039104888,0.18743589836878516,-0.005953367768326042,0.008833987747957583,12.54191153300182,1.0,0.0,-0.2046824022943301,0.34375,0,0,0,0,0,0,0,0,0,nan,nan,3.4059998989105225,1.0,0,0,0,2.746384620666504,2.4590277671813965,-1.97152770507736,2.1169240474700928,62.92819952964783,62.2475209236145,1.4575390815734863,0.7576029300689697,7.867813110351562e-05,0.07569294399991122,0.0275812219999807,0.0354,0.021847585797721697,0.021847585797721697,nan,nan,nan,nan,0.10435992675518047,-0.7486819118827253,lidar_disabled,1,1,1,1,4,0,1,1,2,cascade_controller_v4,cascade_controller_v4_fast_smooth_true_cascade_pd_1_0,cascade_pd_tracking,follow_main,inner_wheel_pd,True,True,False,"[""cascade_controller_v4""]",False,UNKNOWN,UNKNOWN,UNKNOWN,TURNING,True,ok,1.0,12.54191153300182,0.07569294399991122,0.0275812219999807,35.4,0.258,-0.2046824022943301,0.0,0.021847585797721697,21.847585797721695,0.15812363110817518,0.021847585797721697,21.847585797721695,0.15812363110817518,0.02140805521043237,0.15408047369545186,0.72,0.35,0.68,0.3,0.01573026177435962,0.007492819323651329,0.10752406915355912,0.046224142108635555,-0.287845006790325,-0.287845006790325,-0.287845006790325,0.11,0.11,0.6666342275919839,sharp,1.18,1.0,-0.06696515407227319,-0.17697129236020565,0.8,0.34375,0.11,-0.287845006790325,0.12942953795834694,0.09057046204165306,0.12942953795834694,0.09057046204165306,0.15489595580726442,0.05382389770309651,0.15489595580726442,0.05382389770309651,-0.025466417848917483,0.03674656433855655,-0.08768896039104888,0.18743589836878516,-0.005953367768326042,0.008833987747957583,0.1234761701900209,0.09940444978961065,0.11144030998981577,-0.160478136002735,0.1014999970793724,-0.8195652365684509,0.10435992675518047,-0.7486819118827253,2.746384620666504,2.4590277671813965,3.4059998989105225,lidar_disabled,1.0,False,1874.992572101
1785741846.2966626,114.19888424873352,v4,cascade_controller_v4,cascade_controller_v4_fast_smooth_true_cascade_pd_1_0,cascade_pd_tracking,follow_main,inner_wheel_pd,medium,,FOLLOW_MAIN,FOLLOW_MAIN,COMMITTED,UNKNOWN,1,1,0.0,0.0,-1.2996274157122951,0.0,0.0,-0.008997870902629972,0.0,0.0,0.0,0.0,0.0,0.0,0.0,0.72,0.35,0.68,0.3,nan,nan,nan,nan,nan,1.0,0.47712296239687757,-0.13906672211891072,-0.0,1.12,0.1388128396005204,0.1388128396005204,0.13496186812959296,0.0,0.18849998712539673,-0.15575472877318003,-0.15575472877318003,0.55,-0.3127869218830057,-0.3153293173931942,0.0,-0.18913039565086365,-0.18849998712539673,0.18913039565086365,0.15992595682762328,0.16212973233386163,0.15861156693408252,0.11769972237341753,0.14362804453480654,0.11131216932510339,0.0,-0.025928322161389017,-0.32859747338519096,-0.17083054320213817,-0.001314389893540764,-0.006387553048314136,14.271097167494757,1.0,0.0,0.0,0.43379012375162623,0,0,0,0,0,0,0,0,0,nan,nan,3.25600004196167,1.0,0,0,0,2.717419147491455,2.3846428394317627,-1.97152770507736,2.848484754562378,0.0001881122589111328,62.97908282279968,2.1891016960144043,1.4891667366027832,0.7316429615020752,0.09887311100010265,0.08050590700008797,0.0,-0.0012996274157122951,0.0,nan,nan,nan,nan,0.1528788884343341,-0.13704953925225993,lidar_disabled,1,1,1,1,1,0,2,2,2,cascade_controller_v4,cascade_controller_v4_fast_smooth_true_cascade_pd_1_0,cascade_pd_tracking,follow_main,inner_wheel_pd,True,True,False,"[""cascade_controller_v4""]",False,FOLLOW_MAIN,COMMITTED,UNKNOWN,FOLLOW_MAIN,True,ok,1.0,14.271097167494757,0.09887311100010265,0.08050590700008797,0.0,0.0,0.0,0.0,-0.0012996274157122951,-1.2996274157122951,-0.008997870902629972,0.0,0.0,0.0,0.0,0.0,0.72,0.35,0.68,0.3,0.0,0.0,0.0,0.0,-0.15575472877318003,-0.15575472877318003,-0.15575472877318003,0.1388128396005204,0.1388128396005204,0.47712296239687757,medium,1.12,1.0,-0.13906672211891072,-0.0,0.55,0.43379012375162623,0.1388128396005204,-0.3127869218830057,0.15992595682762328,0.11769972237341753,0.15992595682762328,0.11769972237341753,0.16212973233386163,0.14362804453480654,0.16212973233386163,0.14362804453480654,0.0,-0.025928322161389017,-0.32859747338519096,-0.17083054320213817,-0.001314389893540764,-0.006387553048314136,0.15861156693408252,0.11131216932510339,0.13496186812959296,-0.3153293173931942,0.18849998712539673,-0.18913039565086365,0.1528788884343341,-0.13704953925225993,2.717419147491455,2.3846428394317627,3.25600004196167,lidar_disabled,1.0,False,1940.96389208
1785741847.013351,114.91557288169861,v4,cascade_controller_v4,cascade_controller_v4_fast_smooth_true_cascade_pd_1_0,cascade_pd_tracking,follow_main,inner_wheel_pd,medium,,FOLLOW_MAIN,FOLLOW_MAIN,COMMITTED,UNKNOWN,1,1,0.0,0.0,-1.2996274157122951,0.0,0.0,-0.008997870902629972,0.0,0.0,0.0,0.0,0.0,0.0,0.0,0.72,0.35,0.68,0.3,nan,nan,nan,nan,nan,1.0,0.47712296239687757,-0.13906672211891072,-0.0,1.12,0.1388128396005204,0.1388128396005204,0.13496186812959296,0.0,0.18849998712539673,-0.15575472877318003,-0.15575472877318003,0.55,-0.3127869218830057,-0.3153293173931942,0.0,-0.18913039565086365,-0.18849998712539673,0.18913039565086365,0.15992595682762328,0.16212973233386163,0.15861156693408252,0.11769972237341753,0.14362804453480654,0.11131216932510339,0.0,-0.025928322161389017,-0.32859747338519096,-0.17083054320213817,-0.001314389893540764,-0.006387553048314136,14.271097167494757,1.0,0.0,0.0,0.43379012375162623,0,0,0,0,0,0,0,0,0,nan,nan,3.25600004196167,1.0,0,0,0,2.717419147491455,2.3846428394317627,-1.97152770507736,3.5651726722717285,0.7168755531311035,0.00016355514526367188,2.9057884216308594,2.205852508544922,1.4483287334442139,0.09887311100010265,0.08050590700008797,0.0,-0.0012996274157122951,0.0,nan,nan,nan,nan,0.1528788884343341,-0.13704953925225993,lidar_disabled,1,1,1,1,1,0,2,2,2,cascade_controller_v4,cascade_controller_v4_fast_smooth_true_cascade_pd_1_0,cascade_pd_tracking,follow_main,inner_wheel_pd,True,True,False,"[""cascade_controller_v4""]",False,FOLLOW_MAIN,COMMITTED,UNKNOWN,FOLLOW_MAIN,True,ok,1.0,14.271097167494757,0.09887311100010265,0.08050590700008797,0.0,0.0,0.0,0.0,-0.0012996274157122951,-1.2996274157122951,-0.008997870902629972,0.0,0.0,0.0,0.0,0.0,0.72,0.35,0.68,0.3,0.0,0.0,0.0,0.0,-0.15575472877318003,-0.15575472877318003,-0.15575472877318003,0.1388128396005204,0.1388128396005204,0.47712296239687757,medium,1.12,1.0,-0.13906672211891072,-0.0,0.55,0.43379012375162623,0.1388128396005204,-0.3127869218830057,0.15992595682762328,0.11769972237341753,0.15992595682762328,0.11769972237341753,0.16212973233386163,0.14362804453480654,0.16212973233386163,0.14362804453480654,0.0,-0.025928322161389017,-0.32859747338519096,-0.17083054320213817,-0.001314389893540764,-0.006387553048314136,0.15861156693408252,0.11131216932510339,0.13496186812959296,-0.3153293173931942,0.18849998712539673,-0.18913039565086365,0.1528788884343341,-0.13704953925225993,2.717419147491455,2.3846428394317627,3.25600004196167,lidar_disabled,1.0,False,1940.96389208
1785741847.8176541,115.71987557411194,v4,cascade_controller_v4,cascade_controller_v4_fast_smooth_true_cascade_pd_1_0,cascade_pd_tracking,follow_main,inner_wheel_pd,medium,,FOLLOW_MAIN,FOLLOW_MAIN,COMMITTED,UNKNOWN,1,1,0.0,0.0,-1.2996274157122951,0.0,0.0,-0.008997870902629972,0.0,0.0,0.0,0.0,0.0,0.0,0.0,0.72,0.35,0.68,0.3,nan,nan,nan,nan,nan,1.0,0.47712296239687757,-0.13906672211891072,-0.0,1.12,0.1388128396005204,0.1388128396005204,0.13496186812959296,0.0,0.18849998712539673,-0.15575472877318003,-0.15575472877318003,0.55,-0.3127869218830057,-0.3153293173931942,0.0,-0.18913039565086365,-0.18849998712539673,0.18913039565086365,0.15992595682762328,0.16212973233386163,0.15861156693408252,0.11769972237341753,0.14362804453480654,0.11131216932510339,0.0,-0.025928322161389017,-0.32859747338519096,-0.17083054320213817,-0.001314389893540764,-0.006387553048314136,14.271097167494757,1.0,0.0,0.0,0.43379012375162623,0,0,0,0,0,0,0,0,0,nan,nan,3.25600004196167,1.0,0,0,0,2.717419147491455,2.3846428394317627,-1.97152770507736,8.893013000488281e-05,1.5211777687072754,0.8044652938842773,3.710089921951294,3.0101542472839355,2.2526302337646484,0.09887311100010265,0.08050590700008797,0.0,-0.0012996274157122951,0.0,nan,nan,nan,nan,0.1528788884343341,-0.13704953925225993,lidar_disabled,1,1,1,1,1,0,2,2,2,cascade_controller_v4,cascade_controller_v4_fast_smooth_true_cascade_pd_1_0,cascade_pd_tracking,follow_main,inner_wheel_pd,True,True,False,"[""cascade_controller_v4""]",False,FOLLOW_MAIN,COMMITTED,UNKNOWN,FOLLOW_MAIN,True,ok,1.0,14.271097167494757,0.09887311100010265,0.08050590700008797,0.0,0.0,0.0,0.0,-0.0012996274157122951,-1.2996274157122951,-0.008997870902629972,0.0,0.0,0.0,0.0,0.0,0.72,0.35,0.68,0.3,0.0,0.0,0.0,0.0,-0.15575472877318003,-0.15575472877318003,-0.15575472877318003,0.1388128396005204,0.1388128396005204,0.47712296239687757,medium,1.12,1.0,-0.13906672211891072,-0.0,0.55,0.43379012375162623,0.1388128396005204,-0.3127869218830057,0.15992595682762328,0.11769972237341753,0.15992595682762328,0.11769972237341753,0.16212973233386163,0.14362804453480654,0.16212973233386163,0.14362804453480654,0.0,-0.025928322161389017,-0.32859747338519096,-0.17083054320213817,-0.001314389893540764,-0.006387553048314136,0.15861156693408252,0.11131216932510339,0.13496186812959296,-0.3153293173931942,0.18849998712539673,-0.18913039565086365,0.1528788884343341,-0.13704953925225993,2.717419147491455,2.3846428394317627,3.25600004196167,lidar_disabled,1.0,False,1940.96389208
1785741848.5686042,116.47082567214966,v4,cascade_controller_v4,cascade_controller_v4_fast_smooth_true_cascade_pd_1_0,cascade_pd_tracking,follow_main,inner_wheel_pd,medium,,FOLLOW_MAIN,FOLLOW_MAIN,COMMITTED,UNKNOWN,1,1,0.0,0.0,-1.2996274157122951,0.0,0.0,-0.008997870902629972,0.0,0.0,0.0,0.0,0.0,0.0,0.0,0.72,0.35,0.68,0.3,nan,nan,nan,nan,nan,1.0,0.47712296239687757,-0.13906672211891072,-0.0,1.12,0.1388128396005204,0.1388128396005204,0.13496186812959296,0.10661039409968284,0.18849998712539673,-0.15575472877318003,-0.15575472877318003,0.55,-0.3127869218830057,-0.3153293173931942,-0.20669150597793007,-0.18913039565086365,-0.08188959302571389,-0.01756111032706642,0.15992595682762328,0.16212973233386163,0.15861156693408252,0.11769972237341753,0.14362804453480654,0.11131216932510339,0.0,-0.025928322161389017,-0.32859747338519096,-0.17083054320213817,-0.001314389893540764,-0.006387553048314136,14.271097167494757,1.0,0.0,0.0,0.43379012375162623,0,0,0,0,0,0,0,0,0,nan,nan,3.25600004196167,1.0,0,0,0,2.717419147491455,2.3846428394317627,-1.97152770507736,0.7510378360748291,2.2721261978149414,1.5554137229919434,6.222724914550781e-05,3.7611019611358643,3.003577709197998,0.09887311100010265,0.08050590700008797,0.0,-0.0012996274157122951,0.0,nan,nan,nan,nan,0.1528788884343341,-0.13704953925225993,lidar_disabled,1,1,1,1,1,0,2,2,2,cascade_controller_v4,cascade_controller_v4_fast_smooth_true_cascade_pd_1_0,cascade_pd_tracking,follow_main,inner_wheel_pd,True,True,False,"[""cascade_controller_v4""]",False,FOLLOW_MAIN,COMMITTED,UNKNOWN,FOLLOW_MAIN,True,ok,1.0,14.271097167494757,0.09887311100010265,0.08050590700008797,0.0,0.0,0.0,0.0,-0.0012996274157122951,-1.2996274157122951,-0.008997870902629972,0.0,0.0,0.0,0.0,0.0,0.72,0.35,0.68,0.3,0.0,0.0,0.0,0.0,-0.15575472877318003,-0.15575472877318003,-0.15575472877318003,0.1388128396005204,0.1388128396005204,0.47712296239687757,medium,1.12,1.0,-0.13906672211891072,-0.0,0.55,0.43379012375162623,0.1388128396005204,-0.3127869218830057,0.15992595682762328,0.11769972237341753,0.15992595682762328,0.11769972237341753,0.16212973233386163,0.14362804453480654,0.16212973233386163,0.14362804453480654,0.0,-0.025928322161389017,-0.32859747338519096,-0.17083054320213817,-0.001314389893540764,-0.006387553048314136,0.15861156693408252,0.11131216932510339,0.13496186812959296,-0.3153293173931942,0.18849998712539673,-0.18913039565086365,0.1528788884343341,-0.13704953925225993,2.717419147491455,2.3846428394317627,3.25600004196167,lidar_disabled,1.0,False,1940.96389208
1785741849.2498765,117.15209817886353,v4,cascade_controller_v4,cascade_controller_v4_fast_smooth_true_cascade_pd_1_0,cascade_pd_tracking,follow_main,inner_wheel_pd,medium,,FOLLOW_MAIN,FOLLOW_MAIN,COMMITTED,UNKNOWN,1,1,0.0,0.0,-1.2996274157122951,0.0,0.0,-0.008997870902629972,0.0,0.0,0.0,0.0,0.0,0.0,0.0,0.72,0.35,0.68,0.3,nan,nan,nan,nan,nan,1.0,0.47712296239687757,-0.13906672211891072,-0.0,1.12,0.1388128396005204,0.1388128396005204,0.13496186812959296,0.10661039409968284,0.18849998712539673,-0.15575472877318003,-0.15575472877318003,0.55,-0.3127869218830057,-0.3153293173931942,-0.20669150597793007,-0.18913039565086365,-0.08188959302571389,-0.01756111032706642,0.15992595682762328,0.16212973233386163,0.15861156693408252,0.11769972237341753,0.14362804453480654,0.11131216932510339,0.0,-0.025928322161389017,-0.32859747338519096,-0.17083054320213817,-0.001314389893540764,-0.006387553048314136,14.271097167494757,1.0,0.0,0.0,0.43379012375162623,0,0,0,0,0,0,0,0,0,nan,nan,3.25600004196167,1.0,0,0,0,2.717419147491455,2.3846428394317627,-2.9549434302959545,1.4323136806488037,2.9534034729003906,2.236692190170288,0.6813414096832275,0.000164031982421875,3.6848583221435547,0.09887311100010265,0.08050590700008797,0.0,-0.0012996274157122951,0.0,nan,nan,nan,nan,0.1528788884343341,-0.13704953925225993,lidar_disabled,1,1,1,1,1,0,2,2,2,cascade_controller_v4,cascade_controller_v4_fast_smooth_true_cascade_pd_1_0,cascade_pd_tracking,follow_main,inner_wheel_pd,True,True,False,"[""cascade_controller_v4""]",False,FOLLOW_MAIN,COMMITTED,UNKNOWN,FOLLOW_MAIN,True,ok,1.0,14.271097167494757,0.09887311100010265,0.08050590700008797,0.0,0.0,0.0,0.0,-0.0012996274157122951,-1.2996274157122951,-0.008997870902629972,0.0,0.0,0.0,0.0,0.0,0.72,0.35,0.68,0.3,0.0,0.0,0.0,0.0,-0.15575472877318003,-0.15575472877318003,-0.15575472877318003,0.1388128396005204,0.1388128396005204,0.47712296239687757,medium,1.12,1.0,-0.13906672211891072,-0.0,0.55,0.43379012375162623,0.1388128396005204,-0.3127869218830057,0.15992595682762328,0.11769972237341753,0.15992595682762328,0.11769972237341753,0.16212973233386163,0.14362804453480654,0.16212973233386163,0.14362804453480654,0.0,-0.025928322161389017,-0.32859747338519096,-0.17083054320213817,-0.001314389893540764,-0.006387553048314136,0.15861156693408252,0.11131216932510339,0.13496186812959296,-0.3153293173931942,0.18849998712539673,-0.18913039565086365,0.1528788884343341,-0.13704953925225993,2.717419147491455,2.3846428394317627,3.25600004196167,lidar_disabled,1.0,False,1940.96389208
1785741850.068138,117.97035932540894,v4,cascade_controller_v4,cascade_controller_v4_fast_smooth_true_cascade_pd_1_0,cascade_pd_tracking,follow_main,inner_wheel_pd,medium,,FOLLOW_MAIN,FOLLOW_MAIN,COMMITTED,UNKNOWN,1,1,0.0,0.0,-1.2996274157122951,0.0,0.0,-0.008997870902629972,0.0,0.0,0.0,0.0,0.0,0.0,0.0,0.72,0.35,0.68,0.3,nan,nan,nan,nan,nan,1.0,0.47712296239687757,-0.13906672211891072,-0.0,1.12,0.1388128396005204,0.1388128396005204,0.13496186812959296,0.10661039409968284,0.18849998712539673,-0.15575472877318003,-0.15575472877318003,0.55,-0.3127869218830057,-0.3153293173931942,-0.20669150597793007,-0.18913039565086365,-0.08188959302571389,-0.01756111032706642,0.15992595682762328,0.16212973233386163,0.15861156693408252,0.11769972237341753,0.14362804453480654,0.11131216932510339,0.0,-0.025928322161389017,-0.32859747338519096,-0.17083054320213817,-0.001314389893540764,-0.006387553048314136,14.271097167494757,1.0,0.0,0.0,0.43379012375162623,0,0,0,0,0,0,0,0,0,nan,nan,3.25600004196167,1.0,0,0,0,2.717419147491455,2.3846428394317627,-2.9549434302959545,2.250572681427002,3.7716619968414307,3.0549495220184326,1.499598503112793,0.8184206485748291,9.608268737792969e-05,0.09887311100010265,0.08050590700008797,0.0,-0.0012996274157122951,0.0,nan,nan,nan,nan,0.1528788884343341,-0.13704953925225993,lidar_disabled,1,1,1,1,1,0,2,2,2,cascade_controller_v4,cascade_controller_v4_fast_smooth_true_cascade_pd_1_0,cascade_pd_tracking,follow_main,inner_wheel_pd,True,True,False,"[""cascade_controller_v4""]",False,FOLLOW_MAIN,COMMITTED,UNKNOWN,FOLLOW_MAIN,True,ok,1.0,14.271097167494757,0.09887311100010265,0.08050590700008797,0.0,0.0,0.0,0.0,-0.0012996274157122951,-1.2996274157122951,-0.008997870902629972,0.0,0.0,0.0,0.0,0.0,0.72,0.35,0.68,0.3,0.0,0.0,0.0,0.0,-0.15575472877318003,-0.15575472877318003,-0.15575472877318003,0.1388128396005204,0.1388128396005204,0.47712296239687757,medium,1.12,1.0,-0.13906672211891072,-0.0,0.55,0.43379012375162623,0.1388128396005204,-0.3127869218830057,0.15992595682762328,0.11769972237341753,0.15992595682762328,0.11769972237341753,0.16212973233386163,0.14362804453480654,0.16212973233386163,0.14362804453480654,0.0,-0.025928322161389017,-0.32859747338519096,-0.17083054320213817,-0.001314389893540764,-0.006387553048314136,0.15861156693408252,0.11131216932510339,0.13496186812959296,-0.3153293173931942,0.18849998712539673,-0.18913039565086365,0.1528788884343341,-0.13704953925225993,2.717419147491455,2.3846428394317627,3.25600004196167,lidar_disabled,1.0,False,1940.96389208
1785741850.7769957,118.67921733856201,v4,cascade_controller_v4,cascade_controller_v4_fast_smooth_true_cascade_pd_1_0,cascade_pd_tracking,follow_main,inner_wheel_pd,sharp,,TURNING,UNKNOWN,UNKNOWN,UNKNOWN,1,1,-50.800000000000004,-50.800000000000004,-45.28104872022415,-45.28104872022415,-0.20500000000000002,-0.15726378436313893,-0.15726378436313893,-0.010837566624254133,-0.12244057426046787,-0.032602355078561386,-0.0037931483184889462,-0.10693937336693447,-0.03673217227814036,0.72,0.35,0.68,0.3,nan,nan,nan,nan,nan,1.0,1.031465081329603,0.3959911356406779,0.18006704904212517,1.18,0.11,0.11,0.11190007448105052,0.10661039409968284,0.07975000143051147,0.6797486579257075,0.6797486579257075,0.8,0.6797486579257075,0.7319176502915073,-0.20669150597793007,0.06304347515106201,0.026860392669171368,-0.2697349811289921,0.06411696559001474,0.09808550506290793,0.057006250709187474,0.15588303440998524,0.10832904351504195,0.16679389825291357,-0.03396853947289319,0.04755399089494329,0.09059095080230795,0.11224646151019935,-0.007110714880827269,0.01091086384292832,12.64313188426864,1.0,0.0,6.738580734825059,0.34375,0,0,0,0,0,0,0,0,0,nan,nan,2.4040000438690186,1.0,0,0,0,2.2350106239318848,2.161677837371826,-2.9549434302959545,2.9594309329986572,0.0001494884490966797,3.763807773590088,2.2084572315216064,1.5272798538208008,0.7089560031890869,0.009504777999836733,0.10670644399988305,-0.050800000000000005,-0.04528104872022415,-0.04528104872022415,nan,nan,nan,nan,0.10320727428897494,0.07587806260840017,lidar_disabled,1,1,1,1,4,0,1,1,2,cascade_controller_v4,cascade_controller_v4_fast_smooth_true_cascade_pd_1_0,cascade_pd_tracking,follow_main,inner_wheel_pd,True,True,False,"[""cascade_controller_v4""]",False,UNKNOWN,UNKNOWN,UNKNOWN,TURNING,True,ok,1.0,12.64313188426864,0.009504777999836733,0.10670644399988305,-50.800000000000004,-0.20500000000000002,6.738580734825059,0.0,-0.04528104872022415,-45.28104872022415,-0.15726378436313893,-0.04528104872022415,-45.28104872022415,-0.15726378436313893,-0.010837566624254133,-0.12244057426046787,0.72,0.35,0.68,0.3,-0.032602355078561386,-0.0037931483184889462,-0.10693937336693447,-0.03673217227814036,0.6797486579257075,0.6797486579257075,0.6797486579257075,0.11,0.11,1.031465081329603,sharp,1.18,1.0,0.3959911356406779,0.18006704904212517,0.8,0.34375,0.11,0.6797486579257075,0.06411696559001474,0.15588303440998524,0.06411696559001474,0.15588303440998524,0.09808550506290793,0.10832904351504195,0.09808550506290793,0.10832904351504195,-0.03396853947289319,0.04755399089494329,0.09059095080230795,0.11224646151019935,-0.007110714880827269,0.01091086384292832,0.057006250709187474,0.16679389825291357,0.11190007448105052,0.7319176502915073,0.07975000143051147,0.06304347515106201,0.10320727428897494,0.07587806260840017,2.2350106239318848,2.161677837371826,2.4040000438690186,lidar_disabled,1.0,False,1945.481903855
1785741851.3800864,119.28230810165405,v4,cascade_controller_v4,cascade_controller_v4_fast_smooth_true_cascade_pd_1_0,cascade_pd_tracking,follow_main,inner_wheel_pd,sharp,,TURNING,UNKNOWN,UNKNOWN,UNKNOWN,1,1,-50.800000000000004,-50.800000000000004,-45.28104872022415,-45.28104872022415,-0.20500000000000002,-0.15726378436313893,-0.15726378436313893,-0.010837566624254133,-0.12244057426046787,-0.032602355078561386,-0.0037931483184889462,-0.10693937336693447,-0.03673217227814036,0.72,0.35,0.68,0.3,nan,nan,nan,nan,nan,1.0,1.031465081329603,0.3959911356406779,0.18006704904212517,1.18,0.11,0.11,0.11190007448105052,0.10661039409968284,0.07975000143051147,0.6797486579257075,0.6797486579257075,0.8,0.6797486579257075,0.7319176502915073,-0.20669150597793007,0.06304347515106201,0.026860392669171368,-0.2697349811289921,0.06411696559001474,0.09808550506290793,0.057006250709187474,0.15588303440998524,0.10832904351504195,0.16679389825291357,-0.03396853947289319,0.04755399089494329,0.09059095080230795,0.11224646151019935,-0.007110714880827269,0.01091086384292832,12.64313188426864,1.0,0.0,6.738580734825059,0.34375,0,0,0,0,0,0,0,0,0,nan,nan,2.4040000438690186,1.0,0,0,0,2.2350106239318848,2.161677837371826,-2.9549434302959545,3.5625205039978027,0.6032383441925049,0.00010228157043457031,2.811544895172119,2.130366802215576,1.312041997909546,0.009504777999836733,0.10670644399988305,-0.050800000000000005,-0.04528104872022415,-0.04528104872022415,nan,nan,nan,nan,0.10320727428897494,0.07587806260840017,lidar_disabled,1,1,1,1,4,0,1,1,2,cascade_controller_v4,cascade_controller_v4_fast_smooth_true_cascade_pd_1_0,cascade_pd_tracking,follow_main,inner_wheel_pd,True,True,False,"[""cascade_controller_v4""]",False,UNKNOWN,UNKNOWN,UNKNOWN,TURNING,True,ok,1.0,12.64313188426864,0.009504777999836733,0.10670644399988305,-50.800000000000004,-0.20500000000000002,6.738580734825059,0.0,-0.04528104872022415,-45.28104872022415,-0.15726378436313893,-0.04528104872022415,-45.28104872022415,-0.15726378436313893,-0.010837566624254133,-0.12244057426046787,0.72,0.35,0.68,0.3,-0.032602355078561386,-0.0037931483184889462,-0.10693937336693447,-0.03673217227814036,0.6797486579257075,0.6797486579257075,0.6797486579257075,0.11,0.11,1.031465081329603,sharp,1.18,1.0,0.3959911356406779,0.18006704904212517,0.8,0.34375,0.11,0.6797486579257075,0.06411696559001474,0.15588303440998524,0.06411696559001474,0.15588303440998524,0.09808550506290793,0.10832904351504195,0.09808550506290793,0.10832904351504195,-0.03396853947289319,0.04755399089494329,0.09059095080230795,0.11224646151019935,-0.007110714880827269,0.01091086384292832,0.057006250709187474,0.16679389825291357,0.11190007448105052,0.7319176502915073,0.07975000143051147,0.06304347515106201,0.10320727428897494,0.07587806260840017,2.2350106239318848,2.161677837371826,2.4040000438690186,lidar_disabled,1.0,False,1945.481903855
1785741852.280303,120.18252468109131,v4,cascade_controller_v4,cascade_controller_v4_fast_smooth_true_cascade_pd_1_0,cascade_pd_tracking,follow_main,inner_wheel_pd,sharp,,TURNING,UNKNOWN,UNKNOWN,UNKNOWN,1,1,-50.800000000000004,-50.800000000000004,-45.28104872022415,-45.28104872022415,-0.20500000000000002,-0.15726378436313893,-0.15726378436313893,-0.010837566624254133,-0.12244057426046787,-0.032602355078561386,-0.0037931483184889462,-0.10693937336693447,-0.03673217227814036,0.72,0.35,0.68,0.3,nan,nan,nan,nan,nan,1.0,1.031465081329603,0.3959911356406779,0.18006704904212517,1.18,0.11,0.11,0.11190007448105052,0.10661039409968284,0.07975000143051147,0.6797486579257075,0.6797486579257075,0.8,0.6797486579257075,0.7319176502915073,-0.20669150597793007,0.06304347515106201,0.026860392669171368,-0.2697349811289921,0.06411696559001474,0.09808550506290793,0.057006250709187474,0.15588303440998524,0.10832904351504195,0.16679389825291357,-0.03396853947289319,0.04755399089494329,0.09059095080230795,0.11224646151019935,-0.007110714880827269,0.01091086384292832,12.64313188426864,1.0,0.0,6.738580734825059,0.34375,0,0,0,0,0,0,0,0,0,nan,nan,2.4040000438690186,1.0,0,0,0,2.2350106239318848,2.161677837371826,-2.9549434302959545,5.6743621826171875e-05,1.5034544467926025,0.9003188610076904,3.711761236190796,3.030583143234253,2.2122583389282227,0.009504777999836733,0.10670644399988305,-0.050800000000000005,-0.04528104872022415,-0.04528104872022415,nan,nan,nan,nan,0.10320727428897494,0.07587806260840017,lidar_disabled,1,1,1,1,4,0,1,1,2,cascade_controller_v4,cascade_controller_v4_fast_smooth_true_cascade_pd_1_0,cascade_pd_tracking,follow_main,inner_wheel_pd,True,True,False,"[""cascade_controller_v4""]",False,UNKNOWN,UNKNOWN,UNKNOWN,TURNING,True,ok,1.0,12.64313188426864,0.009504777999836733,0.10670644399988305,-50.800000000000004,-0.20500000000000002,6.738580734825059,0.0,-0.04528104872022415,-45.28104872022415,-0.15726378436313893,-0.04528104872022415,-45.28104872022415,-0.15726378436313893,-0.010837566624254133,-0.12244057426046787,0.72,0.35,0.68,0.3,-0.032602355078561386,-0.0037931483184889462,-0.10693937336693447,-0.03673217227814036,0.6797486579257075,0.6797486579257075,0.6797486579257075,0.11,0.11,1.031465081329603,sharp,1.18,1.0,0.3959911356406779,0.18006704904212517,0.8,0.34375,0.11,0.6797486579257075,0.06411696559001474,0.15588303440998524,0.06411696559001474,0.15588303440998524,0.09808550506290793,0.10832904351504195,0.09808550506290793,0.10832904351504195,-0.03396853947289319,0.04755399089494329,0.09059095080230795,0.11224646151019935,-0.007110714880827269,0.01091086384292832,0.057006250709187474,0.16679389825291357,0.11190007448105052,0.7319176502915073,0.07975000143051147,0.06304347515106201,0.10320727428897494,0.07587806260840017,2.2350106239318848,2.161677837371826,2.4040000438690186,lidar_disabled,1.0,False,1945.481903855
1785741853.044445,120.94666647911072,v4,cascade_controller_v4,cascade_controller_v4_fast_smooth_true_cascade_pd_1_0,cascade_pd_tracking,follow_main,inner_wheel_pd,sharp,,TURNING,UNKNOWN,UNKNOWN,UNKNOWN,1,1,-50.800000000000004,-50.800000000000004,-45.28104872022415,-45.28104872022415,-0.20500000000000002,-0.15726378436313893,-0.15726378436313893,-0.010837566624254133,-0.12244057426046787,-0.032602355078561386,-0.0037931483184889462,-0.10693937336693447,-0.03673217227814036,0.72,0.35,0.68,0.3,nan,nan,nan,nan,nan,1.0,1.031465081329603,0.3959911356406779,0.18006704904212517,1.18,0.11,0.11,0.11190007448105052,0.08569194651174751,0.07975000143051147,0.6797486579257075,0.6797486579257075,0.8,0.6797486579257075,0.7319176502915073,0.3647778461989213,0.06304347515106201,0.005941945081236036,0.3017343710478593,0.06411696559001474,0.09808550506290793,0.057006250709187474,0.15588303440998524,0.10832904351504195,0.16679389825291357,-0.03396853947289319,0.04755399089494329,0.09059095080230795,0.11224646151019935,-0.007110714880827269,0.01091086384292832,12.64313188426864,1.0,0.0,6.738580734825059,0.34375,0,0,0,0,0,0,0,0,0,nan,nan,2.4040000438690186,1.0,0,0,0,2.2350106239318848,2.161677837371826,-2.9549434302959545,0.7641990184783936,2.267597198486328,1.6644618511199951,8.034706115722656e-05,3.794726610183716,2.9764020442962646,0.009504777999836733,0.10670644399988305,-0.050800000000000005,-0.04528104872022415,-0.04528104872022415,nan,nan,nan,nan,0.10320727428897494,0.07587806260840017,lidar_disabled,1,1,1,1,4,0,1,1,2,cascade_controller_v4,cascade_controller_v4_fast_smooth_true_cascade_pd_1_0,cascade_pd_tracking,follow_main,inner_wheel_pd,True,True,False,"[""cascade_controller_v4""]",False,UNKNOWN,UNKNOWN,UNKNOWN,TURNING,True,ok,1.0,12.64313188426864,0.009504777999836733,0.10670644399988305,-50.800000000000004,-0.20500000000000002,6.738580734825059,0.0,-0.04528104872022415,-45.28104872022415,-0.15726378436313893,-0.04528104872022415,-45.28104872022415,-0.15726378436313893,-0.010837566624254133,-0.12244057426046787,0.72,0.35,0.68,0.3,-0.032602355078561386,-0.0037931483184889462,-0.10693937336693447,-0.03673217227814036,0.6797486579257075,0.6797486579257075,0.6797486579257075,0.11,0.11,1.031465081329603,sharp,1.18,1.0,0.3959911356406779,0.18006704904212517,0.8,0.34375,0.11,0.6797486579257075,0.06411696559001474,0.15588303440998524,0.06411696559001474,0.15588303440998524,0.09808550506290793,0.10832904351504195,0.09808550506290793,0.10832904351504195,-0.03396853947289319,0.04755399089494329,0.09059095080230795,0.11224646151019935,-0.007110714880827269,0.01091086384292832,0.057006250709187474,0.16679389825291357,0.11190007448105052,0.7319176502915073,0.07975000143051147,0.06304347515106201,0.10320727428897494,0.07587806260840017,2.2350106239318848,2.161677837371826,2.4040000438690186,lidar_disabled,1.0,False,1945.481903855
1785741853.8195903,121.7218120098114,v4,cascade_controller_v4,cascade_controller_v4_fast_smooth_true_cascade_pd_1_0,cascade_pd_tracking,follow_main,inner_wheel_pd,sharp,,TURNING,UNKNOWN,UNKNOWN,UNKNOWN,1,1,-50.800000000000004,-50.800000000000004,-45.28104872022415,-45.28104872022415,-0.20500000000000002,-0.15726378436313893,-0.15726378436313893,-0.010837566624254133,-0.12244057426046787,-0.032602355078561386,-0.0037931483184889462,-0.10693937336693447,-0.03673217227814036,0.72,0.35,0.68,0.3,nan,nan,nan,nan,nan,1.0,1.031465081329603,0.3959911356406779,0.18006704904212517,1.18,0.11,0.11,0.11190007448105052,0.08569194651174751,0.07975000143051147,0.6797486579257075,0.6797486579257075,0.8,0.6797486579257075,0.7319176502915073,0.3647778461989213,0.06304347515106201,0.005941945081236036,0.3017343710478593,0.06411696559001474,0.09808550506290793,0.057006250709187474,0.15588303440998524,0.10832904351504195,0.16679389825291357,-0.03396853947289319,0.04755399089494329,0.09059095080230795,0.11224646151019935,-0.007110714880827269,0.01091086384292832,12.64313188426864,1.0,0.0,6.738580734825059,0.34375,0,0,0,0,0,0,0,0,0,nan,nan,2.4040000438690186,1.0,0,0,0,2.2350106239318848,2.161677837371826,-1.9850507367033308,1.5393462181091309,3.042745590209961,2.4396109580993652,0.7752299308776855,0.0002899169921875,3.7515525817871094,0.009504777999836733,0.10670644399988305,-0.050800000000000005,-0.04528104872022415,-0.04528104872022415,nan,nan,nan,nan,0.10320727428897494,0.07587806260840017,lidar_disabled,1,1,1,1,4,0,1,1,2,cascade_controller_v4,cascade_controller_v4_fast_smooth_true_cascade_pd_1_0,cascade_pd_tracking,follow_main,inner_wheel_pd,True,True,False,"[""cascade_controller_v4""]",False,UNKNOWN,UNKNOWN,UNKNOWN,TURNING,True,ok,1.0,12.64313188426864,0.009504777999836733,0.10670644399988305,-50.800000000000004,-0.20500000000000002,6.738580734825059,0.0,-0.04528104872022415,-45.28104872022415,-0.15726378436313893,-0.04528104872022415,-45.28104872022415,-0.15726378436313893,-0.010837566624254133,-0.12244057426046787,0.72,0.35,0.68,0.3,-0.032602355078561386,-0.0037931483184889462,-0.10693937336693447,-0.03673217227814036,0.6797486579257075,0.6797486579257075,0.6797486579257075,0.11,0.11,1.031465081329603,sharp,1.18,1.0,0.3959911356406779,0.18006704904212517,0.8,0.34375,0.11,0.6797486579257075,0.06411696559001474,0.15588303440998524,0.06411696559001474,0.15588303440998524,0.09808550506290793,0.10832904351504195,0.09808550506290793,0.10832904351504195,-0.03396853947289319,0.04755399089494329,0.09059095080230795,0.11224646151019935,-0.007110714880827269,0.01091086384292832,0.057006250709187474,0.16679389825291357,0.11190007448105052,0.7319176502915073,0.07975000143051147,0.06304347515106201,0.10320727428897494,0.07587806260840017,2.2350106239318848,2.161677837371826,2.4040000438690186,lidar_disabled,1.0,False,1945.481903855
1785741854.6309881,122.53320956230164,v4,cascade_controller_v4,cascade_controller_v4_fast_smooth_true_cascade_pd_1_0,cascade_pd_tracking,follow_main,inner_wheel_pd,sharp,,TURNING,UNKNOWN,UNKNOWN,UNKNOWN,1,1,-50.800000000000004,-50.800000000000004,-45.28104872022415,-45.28104872022415,-0.20500000000000002,-0.15726378436313893,-0.15726378436313893,-0.010837566624254133,-0.12244057426046787,-0.032602355078561386,-0.0037931483184889462,-0.10693937336693447,-0.03673217227814036,0.72,0.35,0.68,0.3,nan,nan,nan,nan,nan,1.0,1.031465081329603,0.3959911356406779,0.18006704904212517,1.18,0.11,0.11,0.11190007448105052,0.08569194651174751,0.07975000143051147,0.6797486579257075,0.6797486579257075,0.8,0.6797486579257075,0.7319176502915073,0.3647778461989213,0.06304347515106201,0.005941945081236036,0.3017343710478593,0.06411696559001474,0.09808550506290793,0.057006250709187474,0.15588303440998524,0.10832904351504195,0.16679389825291357,-0.03396853947289319,0.04755399089494329,0.09059095080230795,0.11224646151019935,-0.007110714880827269,0.01091086384292832,12.64313188426864,1.0,0.0,6.738580734825059,0.34375,0,0,0,0,0,0,0,0,0,nan,nan,2.4040000438690186,1.0,0,0,0,2.2350106239318848,2.161677837371826,-1.9850507367033308,2.350743532180786,3.854142427444458,3.251007556915283,1.5866262912750244,0.8116862773895264,0.00015091896057128906,0.009504777999836733,0.10670644399988305,-0.050800000000000005,-0.04528104872022415,-0.04528104872022415,nan,nan,nan,nan,0.10320727428897494,0.07587806260840017,lidar_disabled,1,1,1,1,4,0,1,1,2,cascade_controller_v4,cascade_controller_v4_fast_smooth_true_cascade_pd_1_0,cascade_pd_tracking,follow_main,inner_wheel_pd,True,True,False,"[""cascade_controller_v4""]",False,UNKNOWN,UNKNOWN,UNKNOWN,TURNING,True,ok,1.0,12.64313188426864,0.009504777999836733,0.10670644399988305,-50.800000000000004,-0.20500000000000002,6.738580734825059,0.0,-0.04528104872022415,-45.28104872022415,-0.15726378436313893,-0.04528104872022415,-45.28104872022415,-0.15726378436313893,-0.010837566624254133,-0.12244057426046787,0.72,0.35,0.68,0.3,-0.032602355078561386,-0.0037931483184889462,-0.10693937336693447,-0.03673217227814036,0.6797486579257075,0.6797486579257075,0.6797486579257075,0.11,0.11,1.031465081329603,sharp,1.18,1.0,0.3959911356406779,0.18006704904212517,0.8,0.34375,0.11,0.6797486579257075,0.06411696559001474,0.15588303440998524,0.06411696559001474,0.15588303440998524,0.09808550506290793,0.10832904351504195,0.09808550506290793,0.10832904351504195,-0.03396853947289319,0.04755399089494329,0.09059095080230795,0.11224646151019935,-0.007110714880827269,0.01091086384292832,0.057006250709187474,0.16679389825291357,0.11190007448105052,0.7319176502915073,0.07975000143051147,0.06304347515106201,0.10320727428897494,0.07587806260840017,2.2350106239318848,2.161677837371826,2.4040000438690186,lidar_disabled,1.0,False,1945.481903855
1785741855.4045095,123.30673098564148,v4,cascade_controller_v4,cascade_controller_v4_fast_smooth_true_cascade_pd_1_0,cascade_pd_tracking,follow_main,inner_wheel_pd,sharp,,FOLLOW_MAIN,FOLLOW_MAIN,COMMITTED,UNKNOWN,1,1,29.900000000000002,29.900000000000002,27.362002327924255,27.362002327924255,0.211,0.1905856904128745,0.1905856904128745,-0.046209470867005956,-0.09082979544307662,0.01970064167610546,-0.016173314803452084,0.12959826948075465,-0.027248938632922985,0.72,0.35,0.68,0.3,nan,nan,nan,nan,nan,1.0,0.6808622184068867,0.001444937977549263,-0.10587665772048505,1.18,0.11,0.11,0.10608150126797153,0.08569194651174751,0.12687499821186066,-0.12322942929666422,-0.12322942929666422,0.8,-0.12322942929666422,-0.13075909227265645,0.3647778461989213,-0.0315217524766922,-0.041183051700113146,0.3962995986756135,0.11831798647752484,0.1307786502264856,0.11588843318842076,0.10168201352247516,0.12421394197697434,0.09627456934752229,-0.012460663748960765,-0.02253192845449918,0.07794818391682329,-0.1126049787407612,-0.0024295532891040754,-0.005407444174952865,12.557692631880347,1.0,0.0,0.007,0.34375,0,0,0,0,0,0,0,0,0,nan,nan,2.068000078201294,1.0,0,0,0,1.9102145433425903,1.717586636543274,-1.9850507367033308,3.124263048171997,9.131431579589844e-05,4.0245256423950195,2.3601441383361816,1.5852036476135254,0.7736678123474121,0.009021332999964216,0.013827481999896918,0.029900000000000003,0.027362002327924254,0.027362002327924254,nan,nan,nan,nan,0.12749629610172997,-0.0486274685148982,lidar_disabled,1,1,1,1,4,0,2,2,2,cascade_controller_v4,cascade_controller_v4_fast_smooth_true_cascade_pd_1_0,cascade_pd_tracking,follow_main,inner_wheel_pd,True,True,False,"[""cascade_controller_v4""]",False,FOLLOW_MAIN,COMMITTED,UNKNOWN,FOLLOW_MAIN,True,ok,1.0,12.557692631880347,0.009021332999964216,0.013827481999896918,29.900000000000002,0.211,0.007,0.0,0.027362002327924254,27.362002327924255,0.1905856904128745,0.027362002327924254,27.362002327924255,0.1905856904128745,-0.046209470867005956,-0.09082979544307662,0.72,0.35,0.68,0.3,0.01970064167610546,-0.016173314803452084,0.12959826948075465,-0.027248938632922985,-0.12322942929666422,-0.12322942929666422,-0.12322942929666422,0.11,0.11,0.6808622184068867,sharp,1.18,1.0,0.001444937977549263,-0.10587665772048505,0.8,0.34375,0.11,-0.12322942929666422,0.11831798647752484,0.10168201352247516,0.11831798647752484,0.10168201352247516,0.1307786502264856,0.12421394197697434,0.1307786502264856,0.12421394197697434,-0.012460663748960765,-0.02253192845449918,0.07794818391682329,-0.1126049787407612,-0.0024295532891040754,-0.005407444174952865,0.11588843318842076,0.09627456934752229,0.10608150126797153,-0.13075909227265645,0.12687499821186066,-0.0315217524766922,0.12749629610172997,-0.0486274685148982,1.9102145433425903,1.717586636543274,2.068000078201294,lidar_disabled,1.0,False,1950.104927834
1785741856.1115518,124.01377320289612,v4,cascade_controller_v4,cascade_controller_v4_fast_smooth_true_cascade_pd_1_0,cascade_pd_tracking,follow_main,inner_wheel_pd,sharp,,FOLLOW_MAIN,FOLLOW_MAIN,COMMITTED,UNKNOWN,1,1,29.900000000000002,29.900000000000002,27.362002327924255,27.362002327924255,0.211,0.1905856904128745,0.1905856904128745,-0.046209470867005956,-0.09082979544307662,0.01970064167610546,-0.016173314803452084,0.12959826948075465,-0.027248938632922985,0.72,0.35,0.68,0.3,nan,nan,nan,nan,nan,1.0,0.6808622184068867,0.001444937977549263,-0.10587665772048505,1.18,0.11,0.11,0.10608150126797153,0.08569194651174751,0.12687499821186066,-0.12322942929666422,-0.12322942929666422,0.8,-0.12322942929666422,-0.13075909227265645,0.3647778461989213,-0.0315217524766922,-0.041183051700113146,0.3962995986756135,0.11831798647752484,0.1307786502264856,0.11588843318842076,0.10168201352247516,0.12421394197697434,0.09627456934752229,-0.012460663748960765,-0.02253192845449918,0.07794818391682329,-0.1126049787407612,-0.0024295532891040754,-0.005407444174952865,12.557692631880347,1.0,0.0,0.007,0.34375,0,0,0,0,0,0,0,0,0,nan,nan,2.068000078201294,1.0,0,0,0,1.9102145433425903,1.717586636543274,-1.9850507367033308,3.831305742263794,0.7071340084075928,0.00010585784912109375,3.0671863555908203,2.292245864868164,1.4807102680206299,0.009021332999964216,0.013827481999896918,0.029900000000000003,0.027362002327924254,0.027362002327924254,nan,nan,nan,nan,0.12749629610172997,-0.0486274685148982,lidar_disabled,1,1,1,1,4,0,2,2,2,cascade_controller_v4,cascade_controller_v4_fast_smooth_true_cascade_pd_1_0,cascade_pd_tracking,follow_main,inner_wheel_pd,True,True,False,"[""cascade_controller_v4""]",False,FOLLOW_MAIN,COMMITTED,UNKNOWN,FOLLOW_MAIN,True,ok,1.0,12.557692631880347,0.009021332999964216,0.013827481999896918,29.900000000000002,0.211,0.007,0.0,0.027362002327924254,27.362002327924255,0.1905856904128745,0.027362002327924254,27.362002327924255,0.1905856904128745,-0.046209470867005956,-0.09082979544307662,0.72,0.35,0.68,0.3,0.01970064167610546,-0.016173314803452084,0.12959826948075465,-0.027248938632922985,-0.12322942929666422,-0.12322942929666422,-0.12322942929666422,0.11,0.11,0.6808622184068867,sharp,1.18,1.0,0.001444937977549263,-0.10587665772048505,0.8,0.34375,0.11,-0.12322942929666422,0.11831798647752484,0.10168201352247516,0.11831798647752484,0.10168201352247516,0.1307786502264856,0.12421394197697434,0.1307786502264856,0.12421394197697434,-0.012460663748960765,-0.02253192845449918,0.07794818391682329,-0.1126049787407612,-0.0024295532891040754,-0.005407444174952865,0.11588843318842076,0.09627456934752229,0.10608150126797153,-0.13075909227265645,0.12687499821186066,-0.0315217524766922,0.12749629610172997,-0.0486274685148982,1.9102145433425903,1.717586636543274,2.068000078201294,lidar_disabled,1.0,False,1950.104927834
1785741856.90298,124.80520153045654,v4,cascade_controller_v4,cascade_controller_v4_fast_smooth_true_cascade_pd_1_0,cascade_pd_tracking,follow_main,inner_wheel_pd,sharp,,FOLLOW_MAIN,FOLLOW_MAIN,COMMITTED,UNKNOWN,1,1,29.900000000000002,29.900000000000002,27.362002327924255,27.362002327924255,0.211,0.1905856904128745,0.1905856904128745,-0.046209470867005956,-0.09082979544307662,0.01970064167610546,-0.016173314803452084,0.12959826948075465,-0.027248938632922985,0.72,0.35,0.68,0.3,nan,nan,nan,nan,nan,1.0,0.6808622184068867,0.001444937977549263,-0.10587665772048505,1.18,0.11,0.11,0.10608150126797153,0.08569194651174751,0.12687499821186066,-0.12322942929666422,-0.12322942929666422,0.8,-0.12322942929666422,-0.13075909227265645,0.3647778461989213,-0.0315217524766922,-0.041183051700113146,0.3962995986756135,0.11831798647752484,0.1307786502264856,0.11588843318842076,0.10168201352247516,0.12421394197697434,0.09627456934752229,-0.012460663748960765,-0.02253192845449918,0.07794818391682329,-0.1126049787407612,-0.0024295532891040754,-0.005407444174952865,12.557692631880347,1.0,0.0,0.007,0.34375,0,0,0,0,0,0,0,0,0,nan,nan,2.068000078201294,1.0,0,0,0,1.9102145433425903,1.717586636543274,-1.9850507367033308,6.198883056640625e-05,1.4985618591308594,0.7915337085723877,3.858614444732666,3.0836737155914307,2.2721381187438965,0.009021332999964216,0.013827481999896918,0.029900000000000003,0.027362002327924254,0.027362002327924254,nan,nan,nan,nan,0.12749629610172997,-0.0486274685148982,lidar_disabled,1,1,1,1,4,0,2,2,2,cascade_controller_v4,cascade_controller_v4_fast_smooth_true_cascade_pd_1_0,cascade_pd_tracking,follow_main,inner_wheel_pd,True,True,False,"[""cascade_controller_v4""]",False,FOLLOW_MAIN,COMMITTED,UNKNOWN,FOLLOW_MAIN,True,ok,1.0,12.557692631880347,0.009021332999964216,0.013827481999896918,29.900000000000002,0.211,0.007,0.0,0.027362002327924254,27.362002327924255,0.1905856904128745,0.027362002327924254,27.362002327924255,0.1905856904128745,-0.046209470867005956,-0.09082979544307662,0.72,0.35,0.68,0.3,0.01970064167610546,-0.016173314803452084,0.12959826948075465,-0.027248938632922985,-0.12322942929666422,-0.12322942929666422,-0.12322942929666422,0.11,0.11,0.6808622184068867,sharp,1.18,1.0,0.001444937977549263,-0.10587665772048505,0.8,0.34375,0.11,-0.12322942929666422,0.11831798647752484,0.10168201352247516,0.11831798647752484,0.10168201352247516,0.1307786502264856,0.12421394197697434,0.1307786502264856,0.12421394197697434,-0.012460663748960765,-0.02253192845449918,0.07794818391682329,-0.1126049787407612,-0.0024295532891040754,-0.005407444174952865,0.11588843318842076,0.09627456934752229,0.10608150126797153,-0.13075909227265645,0.12687499821186066,-0.0315217524766922,0.12749629610172997,-0.0486274685148982,1.9102145433425903,1.717586636543274,2.068000078201294,lidar_disabled,1.0,False,1950.104927834
1785741857.5878434,125.490065574646,v4,cascade_controller_v4,cascade_controller_v4_fast_smooth_true_cascade_pd_1_0,cascade_pd_tracking,follow_main,inner_wheel_pd,sharp,,FOLLOW_MAIN,FOLLOW_MAIN,COMMITTED,UNKNOWN,1,1,29.900000000000002,29.900000000000002,27.362002327924255,27.362002327924255,0.211,0.1905856904128745,0.1905856904128745,-0.046209470867005956,-0.09082979544307662,0.01970064167610546,-0.016173314803452084,0.12959826948075465,-0.027248938632922985,0.72,0.35,0.68,0.3,nan,nan,nan,nan,nan,1.0,0.6808622184068867,0.001444937977549263,-0.10587665772048505,1.18,0.11,0.11,0.10608150126797153,0.11217874180456419,0.12687499821186066,-0.12322942929666422,-0.12322942929666422,0.8,-0.12322942929666422,-0.13075909227265645,-0.3892750214039886,-0.0315217524766922,-0.014696256407296465,-0.3577532689272964,0.11831798647752484,0.1307786502264856,0.11588843318842076,0.10168201352247516,0.12421394197697434,0.09627456934752229,-0.012460663748960765,-0.02253192845449918,0.07794818391682329,-0.1126049787407612,-0.0024295532891040754,-0.005407444174952865,12.557692631880347,1.0,0.0,0.007,0.34375,0,0,0,0,0,0,0,0,0,nan,nan,2.068000078201294,1.0,0,0,0,1.9102145433425903,1.717586636543274,-1.9850507367033308,0.6849279403686523,2.1834287643432617,1.4764015674591064,0.00011873245239257812,3.7685434818267822,2.957008123397827,0.009021332999964216,0.013827481999896918,0.029900000000000003,0.027362002327924254,0.027362002327924254,nan,nan,nan,nan,0.12749629610172997,-0.0486274685148982,lidar_disabled,1,1,1,1,4,0,2,2,2,cascade_controller_v4,cascade_controller_v4_fast_smooth_true_cascade_pd_1_0,cascade_pd_tracking,follow_main,inner_wheel_pd,True,True,False,"[""cascade_controller_v4""]",False,FOLLOW_MAIN,COMMITTED,UNKNOWN,FOLLOW_MAIN,True,ok,1.0,12.557692631880347,0.009021332999964216,0.013827481999896918,29.900000000000002,0.211,0.007,0.0,0.027362002327924254,27.362002327924255,0.1905856904128745,0.027362002327924254,27.362002327924255,0.1905856904128745,-0.046209470867005956,-0.09082979544307662,0.72,0.35,0.68,0.3,0.01970064167610546,-0.016173314803452084,0.12959826948075465,-0.027248938632922985,-0.12322942929666422,-0.12322942929666422,-0.12322942929666422,0.11,0.11,0.6808622184068867,sharp,1.18,1.0,0.001444937977549263,-0.10587665772048505,0.8,0.34375,0.11,-0.12322942929666422,0.11831798647752484,0.10168201352247516,0.11831798647752484,0.10168201352247516,0.1307786502264856,0.12421394197697434,0.1307786502264856,0.12421394197697434,-0.012460663748960765,-0.02253192845449918,0.07794818391682329,-0.1126049787407612,-0.0024295532891040754,-0.005407444174952865,0.11588843318842076,0.09627456934752229,0.10608150126797153,-0.13075909227265645,0.12687499821186066,-0.0315217524766922,0.12749629610172997,-0.0486274685148982,1.9102145433425903,1.717586636543274,2.068000078201294,lidar_disabled,1.0,False,1950.104927834
1785741858.3029435,126.2051649093628,v4,cascade_controller_v4,cascade_controller_v4_fast_smooth_true_cascade_pd_1_0,cascade_pd_tracking,follow_main,inner_wheel_pd,sharp,,FOLLOW_MAIN,FOLLOW_MAIN,COMMITTED,UNKNOWN,1,1,29.900000000000002,29.900000000000002,27.362002327924255,27.362002327924255,0.211,0.1905856904128745,0.1905856904128745,-0.046209470867005956,-0.09082979544307662,0.01970064167610546,-0.016173314803452084,0.12959826948075465,-0.027248938632922985,0.72,0.35,0.68,0.3,nan,nan,nan,nan,nan,1.0,0.6808622184068867,0.001444937977549263,-0.10587665772048505,1.18,0.11,0.11,0.10608150126797153,0.11217874180456419,0.12687499821186066,-0.12322942929666422,-0.12322942929666422,0.8,-0.12322942929666422,-0.13075909227265645,-0.3892750214039886,-0.0315217524766922,-0.014696256407296465,-0.3577532689272964,0.11831798647752484,0.1307786502264856,0.11588843318842076,0.10168201352247516,0.12421394197697434,0.09627456934752229,-0.012460663748960765,-0.02253192845449918,0.07794818391682329,-0.1126049787407612,-0.0024295532891040754,-0.005407444174952865,12.557692631880347,1.0,0.0,0.007,0.34375,0,0,0,0,0,0,0,0,0,nan,nan,2.068000078201294,1.0,0,0,0,1.9102145433425903,1.717586636543274,-3.0805897656251364,1.4000256061553955,2.8985259532928467,2.191497802734375,0.7152144908905029,7.62939453125e-05,3.672102451324463,0.009021332999964216,0.013827481999896918,0.029900000000000003,0.027362002327924254,0.027362002327924254,nan,nan,nan,nan,0.12749629610172997,-0.0486274685148982,lidar_disabled,1,1,1,1,4,0,2,2,2,cascade_controller_v4,cascade_controller_v4_fast_smooth_true_cascade_pd_1_0,cascade_pd_tracking,follow_main,inner_wheel_pd,True,True,False,"[""cascade_controller_v4""]",False,FOLLOW_MAIN,COMMITTED,UNKNOWN,FOLLOW_MAIN,True,ok,1.0,12.557692631880347,0.009021332999964216,0.013827481999896918,29.900000000000002,0.211,0.007,0.0,0.027362002327924254,27.362002327924255,0.1905856904128745,0.027362002327924254,27.362002327924255,0.1905856904128745,-0.046209470867005956,-0.09082979544307662,0.72,0.35,0.68,0.3,0.01970064167610546,-0.016173314803452084,0.12959826948075465,-0.027248938632922985,-0.12322942929666422,-0.12322942929666422,-0.12322942929666422,0.11,0.11,0.6808622184068867,sharp,1.18,1.0,0.001444937977549263,-0.10587665772048505,0.8,0.34375,0.11,-0.12322942929666422,0.11831798647752484,0.10168201352247516,0.11831798647752484,0.10168201352247516,0.1307786502264856,0.12421394197697434,0.1307786502264856,0.12421394197697434,-0.012460663748960765,-0.02253192845449918,0.07794818391682329,-0.1126049787407612,-0.0024295532891040754,-0.005407444174952865,0.11588843318842076,0.09627456934752229,0.10608150126797153,-0.13075909227265645,0.12687499821186066,-0.0315217524766922,0.12749629610172997,-0.0486274685148982,1.9102145433425903,1.717586636543274,2.068000078201294,lidar_disabled,1.0,False,1950.104927834
1785741859.0068552,126.90907669067383,v4,cascade_controller_v4,cascade_controller_v4_fast_smooth_true_cascade_pd_1_0,cascade_pd_tracking,follow_main,inner_wheel_pd,sharp,,FOLLOW_MAIN,FOLLOW_MAIN,COMMITTED,UNKNOWN,1,1,29.900000000000002,29.900000000000002,27.362002327924255,27.362002327924255,0.211,0.1905856904128745,0.1905856904128745,-0.046209470867005956,-0.09082979544307662,0.01970064167610546,-0.016173314803452084,0.12959826948075465,-0.027248938632922985,0.72,0.35,0.68,0.3,nan,nan,nan,nan,nan,1.0,0.6808622184068867,0.001444937977549263,-0.10587665772048505,1.18,0.11,0.11,0.10608150126797153,0.11217874180456419,0.12687499821186066,-0.12322942929666422,-0.12322942929666422,0.8,-0.12322942929666422,-0.13075909227265645,-0.3892750214039886,-0.0315217524766922,-0.014696256407296465,-0.3577532689272964,0.11831798647752484,0.1307786502264856,0.11588843318842076,0.10168201352247516,0.12421394197697434,0.09627456934752229,-0.012460663748960765,-0.02253192845449918,0.07794818391682329,-0.1126049787407612,-0.0024295532891040754,-0.005407444174952865,12.557692631880347,1.0,0.0,0.007,0.34375,0,0,0,0,0,0,0,0,0,nan,nan,2.068000078201294,1.0,0,0,0,1.9102145433425903,1.717586636543274,-3.0805897656251364,2.1039366722106934,3.6024370193481445,2.895409107208252,1.4191257953643799,0.7039871215820312,6.651878356933594e-05,0.009021332999964216,0.013827481999896918,0.029900000000000003,0.027362002327924254,0.027362002327924254,nan,nan,nan,nan,0.12749629610172997,-0.0486274685148982,lidar_disabled,1,1,1,1,4,0,2,2,2,cascade_controller_v4,cascade_controller_v4_fast_smooth_true_cascade_pd_1_0,cascade_pd_tracking,follow_main,inner_wheel_pd,True,True,False,"[""cascade_controller_v4""]",False,FOLLOW_MAIN,COMMITTED,UNKNOWN,FOLLOW_MAIN,True,ok,1.0,12.557692631880347,0.009021332999964216,0.013827481999896918,29.900000000000002,0.211,0.007,0.0,0.027362002327924254,27.362002327924255,0.1905856904128745,0.027362002327924254,27.362002327924255,0.1905856904128745,-0.046209470867005956,-0.09082979544307662,0.72,0.35,0.68,0.3,0.01970064167610546,-0.016173314803452084,0.12959826948075465,-0.027248938632922985,-0.12322942929666422,-0.12322942929666422,-0.12322942929666422,0.11,0.11,0.6808622184068867,sharp,1.18,1.0,0.001444937977549263,-0.10587665772048505,0.8,0.34375,0.11,-0.12322942929666422,0.11831798647752484,0.10168201352247516,0.11831798647752484,0.10168201352247516,0.1307786502264856,0.12421394197697434,0.1307786502264856,0.12421394197697434,-0.012460663748960765,-0.02253192845449918,0.07794818391682329,-0.1126049787407612,-0.0024295532891040754,-0.005407444174952865,0.11588843318842076,0.09627456934752229,0.10608150126797153,-0.13075909227265645,0.12687499821186066,-0.0315217524766922,0.12749629610172997,-0.0486274685148982,1.9102145433425903,1.717586636543274,2.068000078201294,lidar_disabled,1.0,False,1950.104927834
1785741859.674122,127.57634353637695,v4,cascade_controller_v4,cascade_controller_v4_fast_smooth_true_cascade_pd_1_0,cascade_pd_tracking,follow_main,inner_wheel_pd,sharp,,FOLLOW_MAIN,FOLLOW_MAIN,COMMITTED,UNKNOWN,1,1,20.900000000000002,20.900000000000002,49.74552919463537,49.74552919463537,0.148,0.33218994900758647,0.33218994900758647,-0.15801405329423848,-0.7748572314771224,0.03581678102013746,-0.05530491865298347,0.22588916532515882,-0.2324571694431367,0.72,0.35,0.68,0.3,nan,nan,nan,nan,nan,1.0,1.6106718600317111,-0.039374680854332794,0.026056141750823908,1.18,0.11,0.11,0.10332939294919712,0.11217874180456419,0.15587499737739563,-0.015715876142140484,-0.015715876142140484,0.8,-0.015715876142140484,0.0702440801086222,-0.3892750214039886,-0.2836955785751343,-0.04369625557283144,-0.10557944282885434,0.11106082163959448,0.16793387027498347,0.09806108694105045,0.10893917836040552,0.11048697632466065,0.10859769895734378,-0.05687304863538899,0.0,-0.12191599968961166,-0.08536985076543607,-0.012999734698544024,-0.0003414794030617443,13.550963209803784,1.0,0.0,-0.516,0.34375,0,0,0,0,0,0,0,0,0,nan,nan,1.8300000429153442,1.0,0,0,0,1.533939003944397,1.6020058393478394,-3.0805897656251364,2.7712032794952393,7.390975952148438e-05,3.5626749992370605,2.0863919258117676,1.371253252029419,0.667332649230957,0.021680203000187248,0.09612501800006612,0.020900000000000002,0.04974552919463537,0.04974552919463537,nan,nan,nan,nan,0.13921042329982206,-0.4255325477801689,lidar_disabled,1,1,1,1,4,0,2,2,2,cascade_controller_v4,cascade_controller_v4_fast_smooth_true_cascade_pd_1_0,cascade_pd_tracking,follow_main,inner_wheel_pd,True,True,False,"[""cascade_controller_v4""]",False,FOLLOW_MAIN,COMMITTED,UNKNOWN,FOLLOW_MAIN,True,ok,1.0,13.550963209803784,0.021680203000187248,0.09612501800006612,20.900000000000002,0.148,-0.516,0.0,0.04974552919463537,49.74552919463537,0.33218994900758647,0.04974552919463537,49.74552919463537,0.33218994900758647,-0.15801405329423848,-0.7748572314771224,0.72,0.35,0.68,0.3,0.03581678102013746,-0.05530491865298347,0.22588916532515882,-0.2324571694431367,-0.015715876142140484,-0.015715876142140484,-0.015715876142140484,0.11,0.11,1.6106718600317111,sharp,1.18,1.0,-0.039374680854332794,0.026056141750823908,0.8,0.34375,0.11,-0.015715876142140484,0.11106082163959448,0.10893917836040552,0.11106082163959448,0.10893917836040552,0.16793387027498347,0.11048697632466065,0.16793387027498347,0.11048697632466065,-0.05687304863538899,0.0,-0.12191599968961166,-0.08536985076543607,-0.012999734698544024,-0.0003414794030617443,0.09806108694105045,0.10859769895734378,0.10332939294919712,0.0702440801086222,0.15587499737739563,-0.2836955785751343,0.13921042329982206,-0.4255325477801689,1.533939003944397,1.6020058393478394,1.8300000429153442,lidar_disabled,1.0,False,1954.201516257
1785741860.3355982,128.23782014846802,v4,cascade_controller_v4,cascade_controller_v4_fast_smooth_true_cascade_pd_1_0,cascade_pd_tracking,follow_main,inner_wheel_pd,sharp,,FOLLOW_MAIN,FOLLOW_MAIN,COMMITTED,UNKNOWN,1,1,20.900000000000002,20.900000000000002,49.74552919463537,49.74552919463537,0.148,0.33218994900758647,0.33218994900758647,-0.15801405329423848,-0.7748572314771224,0.03581678102013746,-0.05530491865298347,0.22588916532515882,-0.2324571694431367,0.72,0.35,0.68,0.3,nan,nan,nan,nan,nan,1.0,1.6106718600317111,-0.039374680854332794,0.026056141750823908,1.18,0.11,0.11,0.10332939294919712,0.11217874180456419,0.15587499737739563,-0.015715876142140484,-0.015715876142140484,0.8,-0.015715876142140484,0.0702440801086222,-0.3892750214039886,-0.2836955785751343,-0.04369625557283144,-0.10557944282885434,0.11106082163959448,0.16793387027498347,0.09806108694105045,0.10893917836040552,0.11048697632466065,0.10859769895734378,-0.05687304863538899,0.0,-0.12191599968961166,-0.08536985076543607,-0.012999734698544024,-0.0003414794030617443,13.550963209803784,1.0,0.0,-0.516,0.34375,0,0,0,0,0,0,0,0,0,nan,nan,1.8300000429153442,1.0,0,0,0,1.533939003944397,1.6020058393478394,-3.0805897656251364,3.4326813220977783,0.661552906036377,9.036064147949219e-05,2.747871160507202,2.032733201980591,1.328813076019287,0.021680203000187248,0.09612501800006612,0.020900000000000002,0.04974552919463537,0.04974552919463537,nan,nan,nan,nan,0.13921042329982206,-0.4255325477801689,lidar_disabled,1,1,1,1,4,0,2,2,2,cascade_controller_v4,cascade_controller_v4_fast_smooth_true_cascade_pd_1_0,cascade_pd_tracking,follow_main,inner_wheel_pd,True,True,False,"[""cascade_controller_v4""]",False,FOLLOW_MAIN,COMMITTED,UNKNOWN,FOLLOW_MAIN,True,ok,1.0,13.550963209803784,0.021680203000187248,0.09612501800006612,20.900000000000002,0.148,-0.516,0.0,0.04974552919463537,49.74552919463537,0.33218994900758647,0.04974552919463537,49.74552919463537,0.33218994900758647,-0.15801405329423848,-0.7748572314771224,0.72,0.35,0.68,0.3,0.03581678102013746,-0.05530491865298347,0.22588916532515882,-0.2324571694431367,-0.015715876142140484,-0.015715876142140484,-0.015715876142140484,0.11,0.11,1.6106718600317111,sharp,1.18,1.0,-0.039374680854332794,0.026056141750823908,0.8,0.34375,0.11,-0.015715876142140484,0.11106082163959448,0.10893917836040552,0.11106082163959448,0.10893917836040552,0.16793387027498347,0.11048697632466065,0.16793387027498347,0.11048697632466065,-0.05687304863538899,0.0,-0.12191599968961166,-0.08536985076543607,-0.012999734698544024,-0.0003414794030617443,0.09806108694105045,0.10859769895734378,0.10332939294919712,0.0702440801086222,0.15587499737739563,-0.2836955785751343,0.13921042329982206,-0.4255325477801689,1.533939003944397,1.6020058393478394,1.8300000429153442,lidar_disabled,1.0,False,1954.201516257
1785741861.1821485,129.0843698978424,v4,cascade_controller_v4,cascade_controller_v4_fast_smooth_true_cascade_pd_1_0,cascade_pd_tracking,follow_main,inner_wheel_pd,sharp,,FOLLOW_MAIN,FOLLOW_MAIN,COMMITTED,UNKNOWN,1,1,20.900000000000002,20.900000000000002,49.74552919463537,49.74552919463537,0.148,0.33218994900758647,0.33218994900758647,-0.15801405329423848,-0.7748572314771224,0.03581678102013746,-0.05530491865298347,0.22588916532515882,-0.2324571694431367,0.72,0.35,0.68,0.3,nan,nan,nan,nan,nan,1.0,1.6106718600317111,-0.039374680854332794,0.026056141750823908,1.18,0.11,0.11,0.10332939294919712,0.11217874180456419,0.15587499737739563,-0.015715876142140484,-0.015715876142140484,0.8,-0.015715876142140484,0.0702440801086222,-0.3892750214039886,-0.2836955785751343,-0.04369625557283144,-0.10557944282885434,0.11106082163959448,0.16793387027498347,0.09806108694105045,0.10893917836040552,0.11048697632466065,0.10859769895734378,-0.05687304863538899,0.0,-0.12191599968961166,-0.08536985076543607,-0.012999734698544024,-0.0003414794030617443,13.550963209803784,1.0,0.0,-0.516,0.34375,0,0,0,0,0,0,0,0,0,nan,nan,1.8300000429153442,1.0,0,0,0,1.533939003944397,1.6020058393478394,-3.0805897656251364,7.557868957519531e-05,1.508100986480713,0.8466389179229736,3.5944199562072754,2.879281520843506,2.1753616333007812,0.021680203000187248,0.09612501800006612,0.020900000000000002,0.04974552919463537,0.04974552919463537,nan,nan,nan,nan,0.13921042329982206,-0.4255325477801689,lidar_disabled,1,1,1,1,4,0,2,2,2,cascade_controller_v4,cascade_controller_v4_fast_smooth_true_cascade_pd_1_0,cascade_pd_tracking,follow_main,inner_wheel_pd,True,True,False,"[""cascade_controller_v4""]",False,FOLLOW_MAIN,COMMITTED,UNKNOWN,FOLLOW_MAIN,True,ok,1.0,13.550963209803784,0.021680203000187248,0.09612501800006612,20.900000000000002,0.148,-0.516,0.0,0.04974552919463537,49.74552919463537,0.33218994900758647,0.04974552919463537,49.74552919463537,0.33218994900758647,-0.15801405329423848,-0.7748572314771224,0.72,0.35,0.68,0.3,0.03581678102013746,-0.05530491865298347,0.22588916532515882,-0.2324571694431367,-0.015715876142140484,-0.015715876142140484,-0.015715876142140484,0.11,0.11,1.6106718600317111,sharp,1.18,1.0,-0.039374680854332794,0.026056141750823908,0.8,0.34375,0.11,-0.015715876142140484,0.11106082163959448,0.10893917836040552,0.11106082163959448,0.10893917836040552,0.16793387027498347,0.11048697632466065,0.16793387027498347,0.11048697632466065,-0.05687304863538899,0.0,-0.12191599968961166,-0.08536985076543607,-0.012999734698544024,-0.0003414794030617443,0.09806108694105045,0.10859769895734378,0.10332939294919712,0.0702440801086222,0.15587499737739563,-0.2836955785751343,0.13921042329982206,-0.4255325477801689,1.533939003944397,1.6020058393478394,1.8300000429153442,lidar_disabled,1.0,False,1954.201516257
1785741861.97077,129.87299132347107,v4,cascade_controller_v4,cascade_controller_v4_fast_smooth_true_cascade_pd_1_0,cascade_pd_tracking,follow_main,inner_wheel_pd,sharp,,FOLLOW_MAIN,FOLLOW_MAIN,COMMITTED,UNKNOWN,1,1,20.900000000000002,20.900000000000002,49.74552919463537,49.74552919463537,0.148,0.33218994900758647,0.33218994900758647,-0.15801405329423848,-0.7748572314771224,0.03581678102013746,-0.05530491865298347,0.22588916532515882,-0.2324571694431367,0.72,0.35,0.68,0.3,nan,nan,nan,nan,nan,1.0,1.6106718600317111,-0.039374680854332794,0.026056141750823908,1.18,0.11,0.11,0.10332939294919712,0.20873816070080214,0.15587499737739563,-0.015715876142140484,-0.015715876142140484,0.8,-0.015715876142140484,0.0702440801086222,-0.12038974249312161,-0.2836955785751343,0.052863163323406515,0.16330583608201266,0.11106082163959448,0.16793387027498347,0.09806108694105045,0.10893917836040552,0.11048697632466065,0.10859769895734378,-0.05687304863538899,0.0,-0.12191599968961166,-0.08536985076543607,-0.012999734698544024,-0.0003414794030617443,13.550963209803784,1.0,0.0,-0.516,0.34375,0,0,0,0,0,0,0,0,0,nan,nan,1.8300000429153442,1.0,0,0,0,1.533939003944397,1.6020058393478394,-3.0805897656251364,0.7886972427368164,2.296722888946533,1.6352603435516357,0.000118255615234375,3.667902946472168,2.9639828205108643,0.021680203000187248,0.09612501800006612,0.020900000000000002,0.04974552919463537,0.04974552919463537,nan,nan,nan,nan,0.13921042329982206,-0.4255325477801689,lidar_disabled,1,1,1,1,4,0,2,2,2,cascade_controller_v4,cascade_controller_v4_fast_smooth_true_cascade_pd_1_0,cascade_pd_tracking,follow_main,inner_wheel_pd,True,True,False,"[""cascade_controller_v4""]",False,FOLLOW_MAIN,COMMITTED,UNKNOWN,FOLLOW_MAIN,True,ok,1.0,13.550963209803784,0.021680203000187248,0.09612501800006612,20.900000000000002,0.148,-0.516,0.0,0.04974552919463537,49.74552919463537,0.33218994900758647,0.04974552919463537,49.74552919463537,0.33218994900758647,-0.15801405329423848,-0.7748572314771224,0.72,0.35,0.68,0.3,0.03581678102013746,-0.05530491865298347,0.22588916532515882,-0.2324571694431367,-0.015715876142140484,-0.015715876142140484,-0.015715876142140484,0.11,0.11,1.6106718600317111,sharp,1.18,1.0,-0.039374680854332794,0.026056141750823908,0.8,0.34375,0.11,-0.015715876142140484,0.11106082163959448,0.10893917836040552,0.11106082163959448,0.10893917836040552,0.16793387027498347,0.11048697632466065,0.16793387027498347,0.11048697632466065,-0.05687304863538899,0.0,-0.12191599968961166,-0.08536985076543607,-0.012999734698544024,-0.0003414794030617443,0.09806108694105045,0.10859769895734378,0.10332939294919712,0.0702440801086222,0.15587499737739563,-0.2836955785751343,0.13921042329982206,-0.4255325477801689,1.533939003944397,1.6020058393478394,1.8300000429153442,lidar_disabled,1.0,False,1954.201516257
1785741862.6832438,130.5854651927948,v4,cascade_controller_v4,cascade_controller_v4_fast_smooth_true_cascade_pd_1_0,cascade_pd_tracking,follow_main,inner_wheel_pd,sharp,,FOLLOW_MAIN,FOLLOW_MAIN,COMMITTED,UNKNOWN,1,1,20.900000000000002,20.900000000000002,49.74552919463537,49.74552919463537,0.148,0.33218994900758647,0.33218994900758647,-0.15801405329423848,-0.7748572314771224,0.03581678102013746,-0.05530491865298347,0.22588916532515882,-0.2324571694431367,0.72,0.35,0.68,0.3,nan,nan,nan,nan,nan,1.0,1.6106718600317111,-0.039374680854332794,0.026056141750823908,1.18,0.11,0.11,0.10332939294919712,0.20873816070080214,0.15587499737739563,-0.015715876142140484,-0.015715876142140484,0.8,-0.015715876142140484,0.0702440801086222,-0.12038974249312161,-0.2836955785751343,0.052863163323406515,0.16330583608201266,0.11106082163959448,0.16793387027498347,0.09806108694105045,0.10893917836040552,0.11048697632466065,0.10859769895734378,-0.05687304863538899,0.0,-0.12191599968961166,-0.08536985076543607,-0.012999734698544024,-0.0003414794030617443,13.550963209803784,1.0,0.0,-0.516,0.34375,0,0,0,0,0,0,0,0,0,nan,nan,1.8300000429153442,1.0,0,0,0,1.533939003944397,1.6020058393478394,2.3489881112400117,1.5011706352233887,3.0091960430145264,2.34773325920105,0.7125906944274902,6.222724914550781e-05,3.676454782485962,0.021680203000187248,0.09612501800006612,0.020900000000000002,0.04974552919463537,0.04974552919463537,nan,nan,nan,nan,0.13921042329982206,-0.4255325477801689,lidar_disabled,1,1,1,1,4,0,2,2,2,cascade_controller_v4,cascade_controller_v4_fast_smooth_true_cascade_pd_1_0,cascade_pd_tracking,follow_main,inner_wheel_pd,True,True,False,"[""cascade_controller_v4""]",False,FOLLOW_MAIN,COMMITTED,UNKNOWN,FOLLOW_MAIN,True,ok,1.0,13.550963209803784,0.021680203000187248,0.09612501800006612,20.900000000000002,0.148,-0.516,0.0,0.04974552919463537,49.74552919463537,0.33218994900758647,0.04974552919463537,49.74552919463537,0.33218994900758647,-0.15801405329423848,-0.7748572314771224,0.72,0.35,0.68,0.3,0.03581678102013746,-0.05530491865298347,0.22588916532515882,-0.2324571694431367,-0.015715876142140484,-0.015715876142140484,-0.015715876142140484,0.11,0.11,1.6106718600317111,sharp,1.18,1.0,-0.039374680854332794,0.026056141750823908,0.8,0.34375,0.11,-0.015715876142140484,0.11106082163959448,0.10893917836040552,0.11106082163959448,0.10893917836040552,0.16793387027498347,0.11048697632466065,0.16793387027498347,0.11048697632466065,-0.05687304863538899,0.0,-0.12191599968961166,-0.08536985076543607,-0.012999734698544024,-0.0003414794030617443,0.09806108694105045,0.10859769895734378,0.10332939294919712,0.0702440801086222,0.15587499737739563,-0.2836955785751343,0.13921042329982206,-0.4255325477801689,1.533939003944397,1.6020058393478394,1.8300000429153442,lidar_disabled,1.0,False,1954.201516257
1785741863.3838274,131.28604912757874,v4,cascade_controller_v4,cascade_controller_v4_fast_smooth_true_cascade_pd_1_0,cascade_pd_tracking,follow_main,inner_wheel_pd,sharp,,FOLLOW_MAIN,FOLLOW_MAIN,COMMITTED,UNKNOWN,1,1,20.900000000000002,20.900000000000002,49.74552919463537,49.74552919463537,0.148,0.33218994900758647,0.33218994900758647,-0.15801405329423848,-0.7748572314771224,0.03581678102013746,-0.05530491865298347,0.22588916532515882,-0.2324571694431367,0.72,0.35,0.68,0.3,nan,nan,nan,nan,nan,1.0,1.6106718600317111,-0.039374680854332794,0.026056141750823908,1.18,0.11,0.11,0.10332939294919712,0.20873816070080214,0.15587499737739563,-0.015715876142140484,-0.015715876142140484,0.8,-0.015715876142140484,0.0702440801086222,-0.12038974249312161,-0.2836955785751343,0.052863163323406515,0.16330583608201266,0.11106082163959448,0.16793387027498347,0.09806108694105045,0.10893917836040552,0.11048697632466065,0.10859769895734378,-0.05687304863538899,0.0,-0.12191599968961166,-0.08536985076543607,-0.012999734698544024,-0.0003414794030617443,13.550963209803784,1.0,0.0,-0.516,0.34375,0,0,0,0,0,0,0,0,0,nan,nan,1.8300000429153442,1.0,0,0,0,1.533939003944397,1.6020058393478394,2.3489881112400117,2.201758623123169,3.709784746170044,3.0483226776123047,1.4131803512573242,0.7006528377532959,0.0001404285430908203,0.021680203000187248,0.09612501800006612,0.020900000000000002,0.04974552919463537,0.04974552919463537,nan,nan,nan,nan,0.13921042329982206,-0.4255325477801689,lidar_disabled,1,1,1,1,4,0,2,2,2,cascade_controller_v4,cascade_controller_v4_fast_smooth_true_cascade_pd_1_0,cascade_pd_tracking,follow_main,inner_wheel_pd,True,True,False,"[""cascade_controller_v4""]",False,FOLLOW_MAIN,COMMITTED,UNKNOWN,FOLLOW_MAIN,True,ok,1.0,13.550963209803784,0.021680203000187248,0.09612501800006612,20.900000000000002,0.148,-0.516,0.0,0.04974552919463537,49.74552919463537,0.33218994900758647,0.04974552919463537,49.74552919463537,0.33218994900758647,-0.15801405329423848,-0.7748572314771224,0.72,0.35,0.68,0.3,0.03581678102013746,-0.05530491865298347,0.22588916532515882,-0.2324571694431367,-0.015715876142140484,-0.015715876142140484,-0.015715876142140484,0.11,0.11,1.6106718600317111,sharp,1.18,1.0,-0.039374680854332794,0.026056141750823908,0.8,0.34375,0.11,-0.015715876142140484,0.11106082163959448,0.10893917836040552,0.11106082163959448,0.10893917836040552,0.16793387027498347,0.11048697632466065,0.16793387027498347,0.11048697632466065,-0.05687304863538899,0.0,-0.12191599968961166,-0.08536985076543607,-0.012999734698544024,-0.0003414794030617443,0.09806108694105045,0.10859769895734378,0.10332939294919712,0.0702440801086222,0.15587499737739563,-0.2836955785751343,0.13921042329982206,-0.4255325477801689,1.533939003944397,1.6020058393478394,1.8300000429153442,lidar_disabled,1.0,False,1954.201516257
1785741864.0806298,131.98285150527954,v4,cascade_controller_v4,cascade_controller_v4_fast_smooth_true_cascade_pd_1_0,cascade_pd_tracking,follow_main,inner_wheel_pd,mild,,FOLLOW_MAIN,FOLLOW_MAIN,COMMITTED,HOLD,1,1,4.2,4.2,16.276955211738095,16.276955211738095,0.03,0.04189670119478587,0.04189670119478587,-0.055113701881676094,-0.054249658938522495,0.011719407752451429,-0.01928979565858663,0.028489756812454393,-0.01627489768155675,0.72,0.35,0.68,0.3,nan,nan,nan,nan,nan,1.0,0.1876350876509715,0.11754871385607998,-0.004644471224762442,1.03,0.21647475212140121,0.21647475212140121,0.22068005167594762,0.20873816070080214,0.2029999941587448,0.11629136991025707,0.11629136991025707,0.35,0.11629136991025707,0.1278417888772998,-0.12038974249312161,0.0,0.0057381665420573325,-0.12038974249312161,0.20862508465245885,0.19808559113998467,0.21109191751015013,0.22432441959034358,0.1985332919258689,0.2302681858417451,0.010539493512474185,0.025791127664474667,0.037036071236742775,0.06742954130427385,0.002466832857691292,0.0059437662514015225,10.478959427811875,1.0,0.0,0.4689498237979929,0.6764836003793788,0,0,0,0,0,0,0,0,0,nan,nan,3.6440000534057617,1.0,0,0,0,1.1196255683898926,2.0037753582000732,2.3489881112400117,2.8985564708709717,9.799003601074219e-05,3.745119333267212,2.1099767684936523,1.3974485397338867,0.6969361305236816,0.12090107399990302,0.05538555499992981,0.004200000000000001,0.016276955211738095,0.016276955211738095,nan,nan,nan,nan,0.1983094415329268,0.0033163021176612403,lidar_disabled,1,1,1,1,3,0,2,2,3,cascade_controller_v4,cascade_controller_v4_fast_smooth_true_cascade_pd_1_0,cascade_pd_tracking,follow_main,inner_wheel_pd,True,True,False,"[""cascade_controller_v4""]",False,FOLLOW_MAIN,COMMITTED,HOLD,FOLLOW_MAIN,True,ok,1.0,10.478959427811875,0.12090107399990302,0.05538555499992981,4.2,0.03,0.4689498237979929,0.0,0.016276955211738095,16.276955211738095,0.04189670119478587,0.016276955211738095,16.276955211738095,0.04189670119478587,-0.055113701881676094,-0.054249658938522495,0.72,0.35,0.68,0.3,0.011719407752451429,-0.01928979565858663,0.028489756812454393,-0.01627489768155675,0.11629136991025707,0.11629136991025707,0.11629136991025707,0.21647475212140121,0.21647475212140121,0.1876350876509715,mild,1.03,1.0,0.11754871385607998,-0.004644471224762442,0.35,0.6764836003793788,0.21647475212140121,0.11629136991025707,0.20862508465245885,0.22432441959034358,0.20862508465245885,0.22432441959034358,0.19808559113998467,0.1985332919258689,0.19808559113998467,0.1985332919258689,0.010539493512474185,0.025791127664474667,0.037036071236742775,0.06742954130427385,0.002466832857691292,0.0059437662514015225,0.21109191751015013,0.2302681858417451,0.22068005167594762,0.1278417888772998,0.2029999941587448,0.0,0.1983094415329268,0.0033163021176612403,1.1196255683898926,2.0037753582000732,3.6440000534057617,lidar_disabled,1.0,False,1957.584794792
1785741864.6599824,132.56220412254333,v4,cascade_controller_v4,cascade_controller_v4_fast_smooth_true_cascade_pd_1_0,cascade_pd_tracking,follow_main,inner_wheel_pd,mild,,FOLLOW_MAIN,FOLLOW_MAIN,COMMITTED,HOLD,1,1,4.2,4.2,16.276955211738095,16.276955211738095,0.03,0.04189670119478587,0.04189670119478587,-0.055113701881676094,-0.054249658938522495,0.011719407752451429,-0.01928979565858663,0.028489756812454393,-0.01627489768155675,0.72,0.35,0.68,0.3,nan,nan,nan,nan,nan,1.0,0.1876350876509715,0.11754871385607998,-0.004644471224762442,1.03,0.21647475212140121,0.21647475212140121,0.22068005167594762,0.20873816070080214,0.2029999941587448,0.11629136991025707,0.11629136991025707,0.35,0.11629136991025707,0.1278417888772998,-0.12038974249312161,0.0,0.0057381665420573325,-0.12038974249312161,0.20862508465245885,0.19808559113998467,0.21109191751015013,0.22432441959034358,0.1985332919258689,0.2302681858417451,0.010539493512474185,0.025791127664474667,0.037036071236742775,0.06742954130427385,0.002466832857691292,0.0059437662514015225,10.478959427811875,1.0,0.0,0.4689498237979929,0.6764836003793788,0,0,0,0,0,0,0,0,0,nan,nan,3.6440000534057617,1.0,0,0,0,1.1196255683898926,2.0037753582000732,2.3489881112400117,3.477910280227661,0.5794527530670166,0.00010418891906738281,2.6893320083618164,1.976804494857788,1.276292324066162,0.12090107399990302,0.05538555499992981,0.004200000000000001,0.016276955211738095,0.016276955211738095,nan,nan,nan,nan,0.1983094415329268,0.0033163021176612403,lidar_disabled,1,1,1,1,3,0,2,2,3,cascade_controller_v4,cascade_controller_v4_fast_smooth_true_cascade_pd_1_0,cascade_pd_tracking,follow_main,inner_wheel_pd,True,True,False,"[""cascade_controller_v4""]",False,FOLLOW_MAIN,COMMITTED,HOLD,FOLLOW_MAIN,True,ok,1.0,10.478959427811875,0.12090107399990302,0.05538555499992981,4.2,0.03,0.4689498237979929,0.0,0.016276955211738095,16.276955211738095,0.04189670119478587,0.016276955211738095,16.276955211738095,0.04189670119478587,-0.055113701881676094,-0.054249658938522495,0.72,0.35,0.68,0.3,0.011719407752451429,-0.01928979565858663,0.028489756812454393,-0.01627489768155675,0.11629136991025707,0.11629136991025707,0.11629136991025707,0.21647475212140121,0.21647475212140121,0.1876350876509715,mild,1.03,1.0,0.11754871385607998,-0.004644471224762442,0.35,0.6764836003793788,0.21647475212140121,0.11629136991025707,0.20862508465245885,0.22432441959034358,0.20862508465245885,0.22432441959034358,0.19808559113998467,0.1985332919258689,0.19808559113998467,0.1985332919258689,0.010539493512474185,0.025791127664474667,0.037036071236742775,0.06742954130427385,0.002466832857691292,0.0059437662514015225,0.21109191751015013,0.2302681858417451,0.22068005167594762,0.1278417888772998,0.2029999941587448,0.0,0.1983094415329268,0.0033163021176612403,1.1196255683898926,2.0037753582000732,3.6440000534057617,lidar_disabled,1.0,False,1957.584794792
1785741865.1947894,133.09701108932495,v4,cascade_controller_v4,cascade_controller_v4_fast_smooth_true_cascade_pd_1_0,cascade_pd_tracking,follow_main,inner_wheel_pd,mild,,FOLLOW_MAIN,FOLLOW_MAIN,COMMITTED,HOLD,1,1,4.2,4.2,16.276955211738095,16.276955211738095,0.03,0.04189670119478587,0.04189670119478587,-0.055113701881676094,-0.054249658938522495,0.011719407752451429,-0.01928979565858663,0.028489756812454393,-0.01627489768155675,0.72,0.35,0.68,0.3,nan,nan,nan,nan,nan,1.0,0.1876350876509715,0.11754871385607998,-0.004644471224762442,1.03,0.21647475212140121,0.21647475212140121,0.22068005167594762,0.20873816070080214,0.2029999941587448,0.11629136991025707,0.11629136991025707,0.35,0.11629136991025707,0.1278417888772998,-0.12038974249312161,0.0,0.0057381665420573325,-0.12038974249312161,0.20862508465245885,0.19808559113998467,0.21109191751015013,0.22432441959034358,0.1985332919258689,0.2302681858417451,0.010539493512474185,0.025791127664474667,0.037036071236742775,0.06742954130427385,0.002466832857691292,0.0059437662514015225,10.478959427811875,1.0,0.0,0.4689498237979929,0.6764836003793788,0,0,0,0,0,0,0,0,0,nan,nan,3.6440000534057617,1.0,0,0,0,1.1196255683898926,2.0037753582000732,2.3489881112400117,7.605552673339844e-05,1.1142582893371582,0.534909725189209,3.224137306213379,2.5116093158721924,1.8110971450805664,0.12090107399990302,0.05538555499992981,0.004200000000000001,0.016276955211738095,0.016276955211738095,nan,nan,nan,nan,0.1983094415329268,0.0033163021176612403,lidar_disabled,1,1,1,1,3,0,2,2,3,cascade_controller_v4,cascade_controller_v4_fast_smooth_true_cascade_pd_1_0,cascade_pd_tracking,follow_main,inner_wheel_pd,True,True,False,"[""cascade_controller_v4""]",False,FOLLOW_MAIN,COMMITTED,HOLD,FOLLOW_MAIN,True,ok,1.0,10.478959427811875,0.12090107399990302,0.05538555499992981,4.2,0.03,0.4689498237979929,0.0,0.016276955211738095,16.276955211738095,0.04189670119478587,0.016276955211738095,16.276955211738095,0.04189670119478587,-0.055113701881676094,-0.054249658938522495,0.72,0.35,0.68,0.3,0.011719407752451429,-0.01928979565858663,0.028489756812454393,-0.01627489768155675,0.11629136991025707,0.11629136991025707,0.11629136991025707,0.21647475212140121,0.21647475212140121,0.1876350876509715,mild,1.03,1.0,0.11754871385607998,-0.004644471224762442,0.35,0.6764836003793788,0.21647475212140121,0.11629136991025707,0.20862508465245885,0.22432441959034358,0.20862508465245885,0.22432441959034358,0.19808559113998467,0.1985332919258689,0.19808559113998467,0.1985332919258689,0.010539493512474185,0.025791127664474667,0.037036071236742775,0.06742954130427385,0.002466832857691292,0.0059437662514015225,0.21109191751015013,0.2302681858417451,0.22068005167594762,0.1278417888772998,0.2029999941587448,0.0,0.1983094415329268,0.0033163021176612403,1.1196255683898926,2.0037753582000732,3.6440000534057617,lidar_disabled,1.0,False,1957.584794792
1785741866.1938794,134.09610104560852,v4,cascade_controller_v4,cascade_controller_v4_fast_smooth_true_cascade_pd_1_0,cascade_pd_tracking,follow_main,inner_wheel_pd,mild,,FOLLOW_MAIN,FOLLOW_MAIN,COMMITTED,HOLD,1,1,4.2,4.2,16.276955211738095,16.276955211738095,0.03,0.04189670119478587,0.04189670119478587,-0.055113701881676094,-0.054249658938522495,0.011719407752451429,-0.01928979565858663,0.028489756812454393,-0.01627489768155675,0.72,0.35,0.68,0.3,nan,nan,nan,nan,nan,1.0,0.1876350876509715,0.11754871385607998,-0.004644471224762442,1.03,0.21647475212140121,0.21647475212140121,0.22068005167594762,0.0,0.2029999941587448,0.11629136991025707,0.11629136991025707,0.35,0.11629136991025707,0.1278417888772998,0.0,0.0,-0.2029999941587448,0.0,0.20862508465245885,0.19808559113998467,0.21109191751015013,0.22432441959034358,0.1985332919258689,0.2302681858417451,0.010539493512474185,0.025791127664474667,0.037036071236742775,0.06742954130427385,0.002466832857691292,0.0059437662514015225,10.478959427811875,1.0,0.0,0.4689498237979929,0.6764836003793788,0,0,0,0,0,0,0,0,0,nan,nan,3.6440000534057617,1.0,0,0,0,1.1196255683898926,2.0037753582000732,2.3489881112400117,0.9991703033447266,2.1133549213409424,1.5340073108673096,0.00013589859008789062,3.5107083320617676,2.810196876525879,0.12090107399990302,0.05538555499992981,0.004200000000000001,0.016276955211738095,0.016276955211738095,nan,nan,nan,nan,0.1983094415329268,0.0033163021176612403,lidar_disabled,1,1,1,1,3,0,2,2,3,cascade_controller_v4,cascade_controller_v4_fast_smooth_true_cascade_pd_1_0,cascade_pd_tracking,follow_main,inner_wheel_pd,True,True,False,"[""cascade_controller_v4""]",False,FOLLOW_MAIN,COMMITTED,HOLD,FOLLOW_MAIN,True,ok,1.0,10.478959427811875,0.12090107399990302,0.05538555499992981,4.2,0.03,0.4689498237979929,0.0,0.016276955211738095,16.276955211738095,0.04189670119478587,0.016276955211738095,16.276955211738095,0.04189670119478587,-0.055113701881676094,-0.054249658938522495,0.72,0.35,0.68,0.3,0.011719407752451429,-0.01928979565858663,0.028489756812454393,-0.01627489768155675,0.11629136991025707,0.11629136991025707,0.11629136991025707,0.21647475212140121,0.21647475212140121,0.1876350876509715,mild,1.03,1.0,0.11754871385607998,-0.004644471224762442,0.35,0.6764836003793788,0.21647475212140121,0.11629136991025707,0.20862508465245885,0.22432441959034358,0.20862508465245885,0.22432441959034358,0.19808559113998467,0.1985332919258689,0.19808559113998467,0.1985332919258689,0.010539493512474185,0.025791127664474667,0.037036071236742775,0.06742954130427385,0.002466832857691292,0.0059437662514015225,0.21109191751015013,0.2302681858417451,0.22068005167594762,0.1278417888772998,0.2029999941587448,0.0,0.1983094415329268,0.0033163021176612403,1.1196255683898926,2.0037753582000732,3.6440000534057617,lidar_disabled,1.0,False,1957.584794792
1785741867.0952213,134.99744319915771,v4,cascade_controller_v4,cascade_controller_v4_fast_smooth_true_cascade_pd_1_0,cascade_pd_tracking,follow_main,inner_wheel_pd,mild,,FOLLOW_MAIN,FOLLOW_MAIN,COMMITTED,HOLD,1,1,4.2,4.2,16.276955211738095,16.276955211738095,0.03,0.04189670119478587,0.04189670119478587,-0.055113701881676094,-0.054249658938522495,0.011719407752451429,-0.01928979565858663,0.028489756812454393,-0.01627489768155675,0.72,0.35,0.68,0.3,nan,nan,nan,nan,nan,1.0,0.1876350876509715,0.11754871385607998,-0.004644471224762442,1.03,0.21647475212140121,0.21647475212140121,0.22068005167594762,0.0,0.2029999941587448,0.11629136991025707,0.11629136991025707,0.35,0.11629136991025707,0.1278417888772998,0.0,0.0,-0.2029999941587448,0.0,0.20862508465245885,0.19808559113998467,0.21109191751015013,0.22432441959034358,0.1985332919258689,0.2302681858417451,0.010539493512474185,0.025791127664474667,0.037036071236742775,0.06742954130427385,0.002466832857691292,0.0059437662514015225,10.478959427811875,1.0,0.0,0.4689498237979929,0.6764836003793788,0,0,0,0,0,0,0,0,0,nan,nan,3.6440000534057617,1.0,0,0,0,1.1196255683898926,2.0037753582000732,2.370895988141729,1.9005098342895508,3.0146923065185547,2.4353442192077637,0.9014730453491211,0.00013875961303710938,3.7115328311920166,0.12090107399990302,0.05538555499992981,0.004200000000000001,0.016276955211738095,0.016276955211738095,nan,nan,nan,nan,0.1983094415329268,0.0033163021176612403,lidar_disabled,1,1,1,1,3,0,2,2,3,cascade_controller_v4,cascade_controller_v4_fast_smooth_true_cascade_pd_1_0,cascade_pd_tracking,follow_main,inner_wheel_pd,True,True,False,"[""cascade_controller_v4""]",False,FOLLOW_MAIN,COMMITTED,HOLD,FOLLOW_MAIN,True,ok,1.0,10.478959427811875,0.12090107399990302,0.05538555499992981,4.2,0.03,0.4689498237979929,0.0,0.016276955211738095,16.276955211738095,0.04189670119478587,0.016276955211738095,16.276955211738095,0.04189670119478587,-0.055113701881676094,-0.054249658938522495,0.72,0.35,0.68,0.3,0.011719407752451429,-0.01928979565858663,0.028489756812454393,-0.01627489768155675,0.11629136991025707,0.11629136991025707,0.11629136991025707,0.21647475212140121,0.21647475212140121,0.1876350876509715,mild,1.03,1.0,0.11754871385607998,-0.004644471224762442,0.35,0.6764836003793788,0.21647475212140121,0.11629136991025707,0.20862508465245885,0.22432441959034358,0.20862508465245885,0.22432441959034358,0.19808559113998467,0.1985332919258689,0.19808559113998467,0.1985332919258689,0.010539493512474185,0.025791127664474667,0.037036071236742775,0.06742954130427385,0.002466832857691292,0.0059437662514015225,0.21109191751015013,0.2302681858417451,0.22068005167594762,0.1278417888772998,0.2029999941587448,0.0,0.1983094415329268,0.0033163021176612403,1.1196255683898926,2.0037753582000732,3.6440000534057617,lidar_disabled,1.0,False,1957.584794792
1785741868.1693187,136.0715410709381,v4,cascade_controller_v4,cascade_controller_v4_fast_smooth_true_cascade_pd_1_0,cascade_pd_tracking,follow_main,inner_wheel_pd,mild,,FOLLOW_MAIN,FOLLOW_MAIN,COMMITTED,HOLD,1,1,4.2,4.2,16.276955211738095,16.276955211738095,0.03,0.04189670119478587,0.04189670119478587,-0.055113701881676094,-0.054249658938522495,0.011719407752451429,-0.01928979565858663,0.028489756812454393,-0.01627489768155675,0.72,0.35,0.68,0.3,nan,nan,nan,nan,nan,1.0,0.1876350876509715,0.11754871385607998,-0.004644471224762442,1.03,0.21647475212140121,0.21647475212140121,0.22068005167594762,0.0,0.2029999941587448,0.11629136991025707,0.11629136991025707,0.35,0.11629136991025707,0.1278417888772998,0.0,0.0,-0.2029999941587448,0.0,0.20862508465245885,0.19808559113998467,0.21109191751015013,0.22432441959034358,0.1985332919258689,0.2302681858417451,0.010539493512474185,0.025791127664474667,0.037036071236742775,0.06742954130427385,0.002466832857691292,0.0059437662514015225,10.478959427811875,1.0,0.0,0.4689498237979929,0.6764836003793788,0,0,0,0,0,0,0,0,0,nan,nan,3.6440000534057617,1.0,0,0,0,1.1196255683898926,2.0037753582000732,2.370895988141729,2.974607467651367,4.088791370391846,3.509444236755371,1.9755728244781494,1.0742583274841309,0.00026416778564453125,0.12090107399990302,0.05538555499992981,0.004200000000000001,0.016276955211738095,0.016276955211738095,nan,nan,nan,nan,0.1983094415329268,0.0033163021176612403,lidar_disabled,1,1,1,1,3,0,2,2,3,cascade_controller_v4,cascade_controller_v4_fast_smooth_true_cascade_pd_1_0,cascade_pd_tracking,follow_main,inner_wheel_pd,True,True,False,"[""cascade_controller_v4""]",False,FOLLOW_MAIN,COMMITTED,HOLD,FOLLOW_MAIN,True,ok,1.0,10.478959427811875,0.12090107399990302,0.05538555499992981,4.2,0.03,0.4689498237979929,0.0,0.016276955211738095,16.276955211738095,0.04189670119478587,0.016276955211738095,16.276955211738095,0.04189670119478587,-0.055113701881676094,-0.054249658938522495,0.72,0.35,0.68,0.3,0.011719407752451429,-0.01928979565858663,0.028489756812454393,-0.01627489768155675,0.11629136991025707,0.11629136991025707,0.11629136991025707,0.21647475212140121,0.21647475212140121,0.1876350876509715,mild,1.03,1.0,0.11754871385607998,-0.004644471224762442,0.35,0.6764836003793788,0.21647475212140121,0.11629136991025707,0.20862508465245885,0.22432441959034358,0.20862508465245885,0.22432441959034358,0.19808559113998467,0.1985332919258689,0.19808559113998467,0.1985332919258689,0.010539493512474185,0.025791127664474667,0.037036071236742775,0.06742954130427385,0.002466832857691292,0.0059437662514015225,0.21109191751015013,0.2302681858417451,0.22068005167594762,0.1278417888772998,0.2029999941587448,0.0,0.1983094415329268,0.0033163021176612403,1.1196255683898926,2.0037753582000732,3.6440000534057617,lidar_disabled,1.0,False,1957.584794792
1785741869.3870595,137.28928112983704,v4,cascade_controller_v4,cascade_controller_v4_fast_smooth_true_cascade_pd_1_0,cascade_pd_tracking,follow_main,inner_wheel_pd,mild,,FOLLOW_MAIN,FOLLOW_MAIN,COMMITTED,HOLD,1,1,4.2,4.2,16.276955211738095,16.276955211738095,0.03,0.04189670119478587,0.04189670119478587,-0.055113701881676094,-0.054249658938522495,0.011719407752451429,-0.01928979565858663,0.028489756812454393,-0.01627489768155675,0.72,0.35,0.68,0.3,nan,nan,nan,nan,nan,1.0,0.1876350876509715,0.11754871385607998,-0.004644471224762442,1.03,0.21647475212140121,0.21647475212140121,0.22068005167594762,0.0,0.2029999941587448,0.11629136991025707,0.11629136991025707,0.35,0.11629136991025707,0.1278417888772998,0.0,0.0,-0.2029999941587448,0.0,0.20862508465245885,0.19808559113998467,0.21109191751015013,0.22432441959034358,0.1985332919258689,0.2302681858417451,0.010539493512474185,0.025791127664474667,0.037036071236742775,0.06742954130427385,0.002466832857691292,0.0059437662514015225,10.478959427811875,1.0,0.0,0.4689498237979929,0.6764836003793788,0,0,0,0,0,0,0,0,0,nan,nan,3.6440000534057617,1.0,0,0,0,1.1196255683898926,2.0037753582000732,2.370895988141729,9.369850158691406e-05,5.3065290451049805,4.72718071937561,3.1933090686798096,2.291975259780884,1.2179811000823975,0.12090107399990302,0.05538555499992981,0.004200000000000001,0.016276955211738095,0.016276955211738095,nan,nan,nan,nan,0.1983094415329268,0.0033163021176612403,lidar_disabled,1,1,1,1,3,0,2,2,3,cascade_controller_v4,cascade_controller_v4_fast_smooth_true_cascade_pd_1_0,cascade_pd_tracking,follow_main,inner_wheel_pd,True,True,False,"[""cascade_controller_v4""]",False,FOLLOW_MAIN,COMMITTED,HOLD,FOLLOW_MAIN,True,ok,1.0,10.478959427811875,0.12090107399990302,0.05538555499992981,4.2,0.03,0.4689498237979929,0.0,0.016276955211738095,16.276955211738095,0.04189670119478587,0.016276955211738095,16.276955211738095,0.04189670119478587,-0.055113701881676094,-0.054249658938522495,0.72,0.35,0.68,0.3,0.011719407752451429,-0.01928979565858663,0.028489756812454393,-0.01627489768155675,0.11629136991025707,0.11629136991025707,0.11629136991025707,0.21647475212140121,0.21647475212140121,0.1876350876509715,mild,1.03,1.0,0.11754871385607998,-0.004644471224762442,0.35,0.6764836003793788,0.21647475212140121,0.11629136991025707,0.20862508465245885,0.22432441959034358,0.20862508465245885,0.22432441959034358,0.19808559113998467,0.1985332919258689,0.19808559113998467,0.1985332919258689,0.010539493512474185,0.025791127664474667,0.037036071236742775,0.06742954130427385,0.002466832857691292,0.0059437662514015225,0.21109191751015013,0.2302681858417451,0.22068005167594762,0.1278417888772998,0.2029999941587448,0.0,0.1983094415329268,0.0033163021176612403,1.1196255683898926,2.0037753582000732,3.6440000534057617,lidar_disabled,1.0,False,1957.584794792
1785741870.2005062,138.10272765159607,v4,cascade_controller_v4,cascade_controller_v4_fast_smooth_true_cascade_pd_1_0,cascade_pd_tracking,follow_main,inner_wheel_pd,mild,,FOLLOW_MAIN,FOLLOW_MAIN,COMMITTED,HOLD,1,1,4.2,4.2,16.276955211738095,16.276955211738095,0.03,0.04189670119478587,0.04189670119478587,-0.055113701881676094,-0.054249658938522495,0.011719407752451429,-0.01928979565858663,0.028489756812454393,-0.01627489768155675,0.72,0.35,0.68,0.3,nan,nan,nan,nan,nan,1.0,0.1876350876509715,0.11754871385607998,-0.004644471224762442,1.03,0.21647475212140121,0.21647475212140121,0.22068005167594762,0.0,0.2029999941587448,0.11629136991025707,0.11629136991025707,0.35,0.11629136991025707,0.1278417888772998,0.0,0.0,-0.2029999941587448,0.0,0.20862508465245885,0.19808559113998467,0.21109191751015013,0.22432441959034358,0.1985332919258689,0.2302681858417451,0.010539493512474185,0.025791127664474667,0.037036071236742775,0.06742954130427385,0.002466832857691292,0.0059437662514015225,10.478959427811875,1.0,0.0,0.4689498237979929,0.6764836003793788,0,0,0,0,0,0,0,0,0,nan,nan,3.6440000534057617,1.0,0,0,0,1.1196255683898926,2.0037753582000732,2.370895988141729,0.8135395050048828,6.119974613189697,5.540626049041748,4.006754159927368,8.225440979003906e-05,2.0314254760742188,0.12090107399990302,0.05538555499992981,0.004200000000000001,0.016276955211738095,0.016276955211738095,nan,nan,nan,nan,0.1983094415329268,0.0033163021176612403,lidar_disabled,1,1,1,1,3,0,2,2,3,cascade_controller_v4,cascade_controller_v4_fast_smooth_true_cascade_pd_1_0,cascade_pd_tracking,follow_main,inner_wheel_pd,True,True,False,"[""cascade_controller_v4""]",False,FOLLOW_MAIN,COMMITTED,HOLD,FOLLOW_MAIN,True,ok,1.0,10.478959427811875,0.12090107399990302,0.05538555499992981,4.2,0.03,0.4689498237979929,0.0,0.016276955211738095,16.276955211738095,0.04189670119478587,0.016276955211738095,16.276955211738095,0.04189670119478587,-0.055113701881676094,-0.054249658938522495,0.72,0.35,0.68,0.3,0.011719407752451429,-0.01928979565858663,0.028489756812454393,-0.01627489768155675,0.11629136991025707,0.11629136991025707,0.11629136991025707,0.21647475212140121,0.21647475212140121,0.1876350876509715,mild,1.03,1.0,0.11754871385607998,-0.004644471224762442,0.35,0.6764836003793788,0.21647475212140121,0.11629136991025707,0.20862508465245885,0.22432441959034358,0.20862508465245885,0.22432441959034358,0.19808559113998467,0.1985332919258689,0.19808559113998467,0.1985332919258689,0.010539493512474185,0.025791127664474667,0.037036071236742775,0.06742954130427385,0.002466832857691292,0.0059437662514015225,0.21109191751015013,0.2302681858417451,0.22068005167594762,0.1278417888772998,0.2029999941587448,0.0,0.1983094415329268,0.0033163021176612403,1.1196255683898926,2.0037753582000732,3.6440000534057617,lidar_disabled,1.0,False,1957.584794792
1785741871.0393653,138.94158673286438,v4,cascade_controller_v4,cascade_controller_v4_fast_smooth_true_cascade_pd_1_0,cascade_pd_tracking,follow_main,inner_wheel_pd,mild,,FOLLOW_MAIN,FOLLOW_MAIN,COMMITTED,HOLD,1,1,4.2,4.2,16.276955211738095,16.276955211738095,0.03,0.04189670119478587,0.04189670119478587,-0.055113701881676094,-0.054249658938522495,0.011719407752451429,-0.01928979565858663,0.028489756812454393,-0.01627489768155675,0.72,0.35,0.68,0.3,nan,nan,nan,nan,nan,1.0,0.1876350876509715,0.11754871385607998,-0.004644471224762442,1.03,0.21647475212140121,0.21647475212140121,0.22068005167594762,0.0,0.2029999941587448,0.11629136991025707,0.11629136991025707,0.35,0.11629136991025707,0.1278417888772998,0.0,0.0,-0.2029999941587448,0.0,0.20862508465245885,0.19808559113998467,0.21109191751015013,0.22432441959034358,0.1985332919258689,0.2302681858417451,0.010539493512474185,0.025791127664474667,0.037036071236742775,0.06742954130427385,0.002466832857691292,0.0059437662514015225,10.478959427811875,1.0,0.0,0.4689498237979929,0.6764836003793788,0,0,0,0,0,0,0,0,0,nan,nan,3.6440000534057617,1.0,0,0,0,1.1196255683898926,2.0037753582000732,2.370895988141729,1.6523990631103516,6.958834409713745,6.379486322402954,4.845614194869995,0.838942289352417,8.058547973632812e-05,0.12090107399990302,0.05538555499992981,0.004200000000000001,0.016276955211738095,0.016276955211738095,nan,nan,nan,nan,0.1983094415329268,0.0033163021176612403,lidar_disabled,1,1,1,1,3,0,2,2,3,cascade_controller_v4,cascade_controller_v4_fast_smooth_true_cascade_pd_1_0,cascade_pd_tracking,follow_main,inner_wheel_pd,True,True,False,"[""cascade_controller_v4""]",False,FOLLOW_MAIN,COMMITTED,HOLD,FOLLOW_MAIN,True,ok,1.0,10.478959427811875,0.12090107399990302,0.05538555499992981,4.2,0.03,0.4689498237979929,0.0,0.016276955211738095,16.276955211738095,0.04189670119478587,0.016276955211738095,16.276955211738095,0.04189670119478587,-0.055113701881676094,-0.054249658938522495,0.72,0.35,0.68,0.3,0.011719407752451429,-0.01928979565858663,0.028489756812454393,-0.01627489768155675,0.11629136991025707,0.11629136991025707,0.11629136991025707,0.21647475212140121,0.21647475212140121,0.1876350876509715,mild,1.03,1.0,0.11754871385607998,-0.004644471224762442,0.35,0.6764836003793788,0.21647475212140121,0.11629136991025707,0.20862508465245885,0.22432441959034358,0.20862508465245885,0.22432441959034358,0.19808559113998467,0.1985332919258689,0.19808559113998467,0.1985332919258689,0.010539493512474185,0.025791127664474667,0.037036071236742775,0.06742954130427385,0.002466832857691292,0.0059437662514015225,0.21109191751015013,0.2302681858417451,0.22068005167594762,0.1278417888772998,0.2029999941587448,0.0,0.1983094415329268,0.0033163021176612403,1.1196255683898926,2.0037753582000732,3.6440000534057617,lidar_disabled,1.0,False,1957.584794792
1785741871.721956,139.62417769432068,v4,cascade_controller_v4,cascade_controller_v4_fast_smooth_true_cascade_pd_1_0,cascade_pd_tracking,follow_main,inner_wheel_pd,mild,,FOLLOW_MAIN,FOLLOW_MAIN,COMMITTED,HOLD,1,1,4.2,4.2,16.276955211738095,16.276955211738095,0.03,0.04189670119478587,0.04189670119478587,-0.055113701881676094,-0.054249658938522495,0.011719407752451429,-0.01928979565858663,0.028489756812454393,-0.01627489768155675,0.72,0.35,0.68,0.3,nan,nan,nan,nan,nan,1.0,0.1876350876509715,0.11754871385607998,-0.004644471224762442,1.03,0.21647475212140121,0.21647475212140121,0.22068005167594762,0.0,0.2029999941587448,0.11629136991025707,0.11629136991025707,0.35,0.11629136991025707,0.1278417888772998,0.0,0.0,-0.2029999941587448,0.0,0.20862508465245885,0.19808559113998467,0.21109191751015013,0.22432441959034358,0.1985332919258689,0.2302681858417451,0.010539493512474185,0.025791127664474667,0.037036071236742775,0.06742954130427385,0.002466832857691292,0.0059437662514015225,10.478959427811875,1.0,0.0,0.4689498237979929,0.6764836003793788,0,0,0,0,0,0,0,0,0,nan,nan,3.6440000534057617,1.0,0,0,0,1.1196255683898926,2.0037753582000732,2.370895988141729,0.0001735687255859375,7.641427278518677,7.062078952789307,5.528207778930664,1.5215365886688232,0.6826760768890381,0.12090107399990302,0.05538555499992981,0.004200000000000001,0.016276955211738095,0.016276955211738095,nan,nan,nan,nan,0.1983094415329268,0.0033163021176612403,lidar_disabled,1,1,1,1,3,0,2,2,3,cascade_controller_v4,cascade_controller_v4_fast_smooth_true_cascade_pd_1_0,cascade_pd_tracking,follow_main,inner_wheel_pd,True,True,False,"[""cascade_controller_v4""]",False,FOLLOW_MAIN,COMMITTED,HOLD,FOLLOW_MAIN,True,ok,1.0,10.478959427811875,0.12090107399990302,0.05538555499992981,4.2,0.03,0.4689498237979929,0.0,0.016276955211738095,16.276955211738095,0.04189670119478587,0.016276955211738095,16.276955211738095,0.04189670119478587,-0.055113701881676094,-0.054249658938522495,0.72,0.35,0.68,0.3,0.011719407752451429,-0.01928979565858663,0.028489756812454393,-0.01627489768155675,0.11629136991025707,0.11629136991025707,0.11629136991025707,0.21647475212140121,0.21647475212140121,0.1876350876509715,mild,1.03,1.0,0.11754871385607998,-0.004644471224762442,0.35,0.6764836003793788,0.21647475212140121,0.11629136991025707,0.20862508465245885,0.22432441959034358,0.20862508465245885,0.22432441959034358,0.19808559113998467,0.1985332919258689,0.19808559113998467,0.1985332919258689,0.010539493512474185,0.025791127664474667,0.037036071236742775,0.06742954130427385,0.002466832857691292,0.0059437662514015225,0.21109191751015013,0.2302681858417451,0.22068005167594762,0.1278417888772998,0.2029999941587448,0.0,0.1983094415329268,0.0033163021176612403,1.1196255683898926,2.0037753582000732,3.6440000534057617,lidar_disabled,1.0,False,1957.584794792
1785741872.3654535,140.26767539978027,v4,cascade_controller_v4,cascade_controller_v4_fast_smooth_true_cascade_pd_1_0,cascade_pd_tracking,follow_main,inner_wheel_pd,mild,,FOLLOW_MAIN,FOLLOW_MAIN,COMMITTED,HOLD,1,1,4.2,4.2,16.276955211738095,16.276955211738095,0.03,0.04189670119478587,0.04189670119478587,-0.055113701881676094,-0.054249658938522495,0.011719407752451429,-0.01928979565858663,0.028489756812454393,-0.01627489768155675,0.72,0.35,0.68,0.3,nan,nan,nan,nan,nan,1.0,0.1876350876509715,0.11754871385607998,-0.004644471224762442,1.03,0.21647475212140121,0.21647475212140121,0.22068005167594762,0.0,0.2029999941587448,0.11629136991025707,0.11629136991025707,0.35,0.11629136991025707,0.1278417888772998,0.0,0.0,-0.2029999941587448,0.0,0.20862508465245885,0.19808559113998467,0.21109191751015013,0.22432441959034358,0.1985332919258689,0.2302681858417451,0.010539493512474185,0.025791127664474667,0.037036071236742775,0.06742954130427385,0.002466832857691292,0.0059437662514015225,10.478959427811875,1.0,0.0,0.4689498237979929,0.6764836003793788,0,0,0,0,0,0,0,0,0,nan,nan,3.6440000534057617,1.0,0,0,0,1.1196255683898926,2.0037753582000732,2.370895988141729,0.6436691284179688,8.284922361373901,7.705573558807373,6.171701908111572,7.224082946777344e-05,1.3261682987213135,0.12090107399990302,0.05538555499992981,0.004200000000000001,0.016276955211738095,0.016276955211738095,nan,nan,nan,nan,0.1983094415329268,0.0033163021176612403,lidar_disabled,1,1,1,1,3,0,2,2,3,cascade_controller_v4,cascade_controller_v4_fast_smooth_true_cascade_pd_1_0,cascade_pd_tracking,follow_main,inner_wheel_pd,True,True,False,"[""cascade_controller_v4""]",False,FOLLOW_MAIN,COMMITTED,HOLD,FOLLOW_MAIN,True,ok,1.0,10.478959427811875,0.12090107399990302,0.05538555499992981,4.2,0.03,0.4689498237979929,0.0,0.016276955211738095,16.276955211738095,0.04189670119478587,0.016276955211738095,16.276955211738095,0.04189670119478587,-0.055113701881676094,-0.054249658938522495,0.72,0.35,0.68,0.3,0.011719407752451429,-0.01928979565858663,0.028489756812454393,-0.01627489768155675,0.11629136991025707,0.11629136991025707,0.11629136991025707,0.21647475212140121,0.21647475212140121,0.1876350876509715,mild,1.03,1.0,0.11754871385607998,-0.004644471224762442,0.35,0.6764836003793788,0.21647475212140121,0.11629136991025707,0.20862508465245885,0.22432441959034358,0.20862508465245885,0.22432441959034358,0.19808559113998467,0.1985332919258689,0.19808559113998467,0.1985332919258689,0.010539493512474185,0.025791127664474667,0.037036071236742775,0.06742954130427385,0.002466832857691292,0.0059437662514015225,0.21109191751015013,0.2302681858417451,0.22068005167594762,0.1278417888772998,0.2029999941587448,0.0,0.1983094415329268,0.0033163021176612403,1.1196255683898926,2.0037753582000732,3.6440000534057617,lidar_disabled,1.0,False,1957.584794792
1785741873.004372,140.90659379959106,v4,cascade_controller_v4,cascade_controller_v4_fast_smooth_true_cascade_pd_1_0,cascade_pd_tracking,follow_main,inner_wheel_pd,mild,,FOLLOW_MAIN,FOLLOW_MAIN,COMMITTED,HOLD,1,1,4.2,4.2,16.276955211738095,16.276955211738095,0.03,0.04189670119478587,0.04189670119478587,-0.055113701881676094,-0.054249658938522495,0.011719407752451429,-0.01928979565858663,0.028489756812454393,-0.01627489768155675,0.72,0.35,0.68,0.3,nan,nan,nan,nan,nan,1.0,0.1876350876509715,0.11754871385607998,-0.004644471224762442,1.03,0.21647475212140121,0.21647475212140121,0.22068005167594762,0.0,0.2029999941587448,0.11629136991025707,0.11629136991025707,0.35,0.11629136991025707,0.1278417888772998,0.0,0.0,-0.2029999941587448,0.0,0.20862508465245885,0.19808559113998467,0.21109191751015013,0.22432441959034358,0.1985332919258689,0.2302681858417451,0.010539493512474185,0.025791127664474667,0.037036071236742775,0.06742954130427385,0.002466832857691292,0.0059437662514015225,10.478959427811875,1.0,0.0,0.4689498237979929,0.6764836003793788,0,0,0,0,0,0,0,0,0,nan,nan,3.6440000534057617,1.0,0,0,0,1.1196255683898926,2.0037753582000732,2.370895988141729,1.282588005065918,8.923841953277588,8.344493389129639,6.81062126159668,0.6389918327331543,0.00011849403381347656,0.12090107399990302,0.05538555499992981,0.004200000000000001,0.016276955211738095,0.016276955211738095,nan,nan,nan,nan,0.1983094415329268,0.0033163021176612403,lidar_disabled,1,1,1,1,3,0,2,2,3,cascade_controller_v4,cascade_controller_v4_fast_smooth_true_cascade_pd_1_0,cascade_pd_tracking,follow_main,inner_wheel_pd,True,True,False,"[""cascade_controller_v4""]",False,FOLLOW_MAIN,COMMITTED,HOLD,FOLLOW_MAIN,True,ok,1.0,10.478959427811875,0.12090107399990302,0.05538555499992981,4.2,0.03,0.4689498237979929,0.0,0.016276955211738095,16.276955211738095,0.04189670119478587,0.016276955211738095,16.276955211738095,0.04189670119478587,-0.055113701881676094,-0.054249658938522495,0.72,0.35,0.68,0.3,0.011719407752451429,-0.01928979565858663,0.028489756812454393,-0.01627489768155675,0.11629136991025707,0.11629136991025707,0.11629136991025707,0.21647475212140121,0.21647475212140121,0.1876350876509715,mild,1.03,1.0,0.11754871385607998,-0.004644471224762442,0.35,0.6764836003793788,0.21647475212140121,0.11629136991025707,0.20862508465245885,0.22432441959034358,0.20862508465245885,0.22432441959034358,0.19808559113998467,0.1985332919258689,0.19808559113998467,0.1985332919258689,0.010539493512474185,0.025791127664474667,0.037036071236742775,0.06742954130427385,0.002466832857691292,0.0059437662514015225,0.21109191751015013,0.2302681858417451,0.22068005167594762,0.1278417888772998,0.2029999941587448,0.0,0.1983094415329268,0.0033163021176612403,1.1196255683898926,2.0037753582000732,3.6440000534057617,lidar_disabled,1.0,False,1957.584794792
1785741873.6782575,141.58047890663147,v4,cascade_controller_v4,cascade_controller_v4_fast_smooth_true_cascade_pd_1_0,cascade_pd_tracking,follow_main,inner_wheel_pd,mild,,FOLLOW_MAIN,FOLLOW_MAIN,COMMITTED,HOLD,1,1,4.2,4.2,16.276955211738095,16.276955211738095,0.03,0.04189670119478587,0.04189670119478587,-0.055113701881676094,-0.054249658938522495,0.011719407752451429,-0.01928979565858663,0.028489756812454393,-0.01627489768155675,0.72,0.35,0.68,0.3,nan,nan,nan,nan,nan,1.0,0.1876350876509715,0.11754871385607998,-0.004644471224762442,1.03,0.21647475212140121,0.21647475212140121,0.22068005167594762,0.0,0.2029999941587448,0.11629136991025707,0.11629136991025707,0.35,0.11629136991025707,0.1278417888772998,0.0,0.0,-0.2029999941587448,0.0,0.20862508465245885,0.19808559113998467,0.21109191751015013,0.22432441959034358,0.1985332919258689,0.2302681858417451,0.010539493512474185,0.025791127664474667,0.037036071236742775,0.06742954130427385,0.002466832857691292,0.0059437662514015225,10.478959427811875,1.0,0.0,0.4689498237979929,0.6764836003793788,0,0,0,0,0,0,0,0,0,nan,nan,3.6440000534057617,1.0,0,0,0,1.1196255683898926,2.0037753582000732,2.370895988141729,6.961822509765625e-05,9.597726345062256,9.018377542495728,7.484505653381348,1.3128759860992432,0.6740026473999023,0.12090107399990302,0.05538555499992981,0.004200000000000001,0.016276955211738095,0.016276955211738095,nan,nan,nan,nan,0.1983094415329268,0.0033163021176612403,lidar_disabled,1,1,1,1,3,0,2,2,3,cascade_controller_v4,cascade_controller_v4_fast_smooth_true_cascade_pd_1_0,cascade_pd_tracking,follow_main,inner_wheel_pd,True,True,False,"[""cascade_controller_v4""]",False,FOLLOW_MAIN,COMMITTED,HOLD,FOLLOW_MAIN,True,ok,1.0,10.478959427811875,0.12090107399990302,0.05538555499992981,4.2,0.03,0.4689498237979929,0.0,0.016276955211738095,16.276955211738095,0.04189670119478587,0.016276955211738095,16.276955211738095,0.04189670119478587,-0.055113701881676094,-0.054249658938522495,0.72,0.35,0.68,0.3,0.011719407752451429,-0.01928979565858663,0.028489756812454393,-0.01627489768155675,0.11629136991025707,0.11629136991025707,0.11629136991025707,0.21647475212140121,0.21647475212140121,0.1876350876509715,mild,1.03,1.0,0.11754871385607998,-0.004644471224762442,0.35,0.6764836003793788,0.21647475212140121,0.11629136991025707,0.20862508465245885,0.22432441959034358,0.20862508465245885,0.22432441959034358,0.19808559113998467,0.1985332919258689,0.19808559113998467,0.1985332919258689,0.010539493512474185,0.025791127664474667,0.037036071236742775,0.06742954130427385,0.002466832857691292,0.0059437662514015225,0.21109191751015013,0.2302681858417451,0.22068005167594762,0.1278417888772998,0.2029999941587448,0.0,0.1983094415329268,0.0033163021176612403,1.1196255683898926,2.0037753582000732,3.6440000534057617,lidar_disabled,1.0,False,1957.584794792
1785741874.3229635,142.22518491744995,v4,cascade_controller_v4,cascade_controller_v4_fast_smooth_true_cascade_pd_1_0,cascade_pd_tracking,follow_main,inner_wheel_pd,mild,,FOLLOW_MAIN,FOLLOW_MAIN,COMMITTED,HOLD,1,1,4.2,4.2,16.276955211738095,16.276955211738095,0.03,0.04189670119478587,0.04189670119478587,-0.055113701881676094,-0.054249658938522495,0.011719407752451429,-0.01928979565858663,0.028489756812454393,-0.01627489768155675,0.72,0.35,0.68,0.3,nan,nan,nan,nan,nan,1.0,0.1876350876509715,0.11754871385607998,-0.004644471224762442,1.03,0.21647475212140121,0.21647475212140121,0.22068005167594762,0.0,0.2029999941587448,0.11629136991025707,0.11629136991025707,0.35,0.11629136991025707,0.1278417888772998,0.0,0.0,-0.2029999941587448,0.0,0.20862508465245885,0.19808559113998467,0.21109191751015013,0.22432441959034358,0.1985332919258689,0.2302681858417451,0.010539493512474185,0.025791127664474667,0.037036071236742775,0.06742954130427385,0.002466832857691292,0.0059437662514015225,10.478959427811875,1.0,0.0,0.4689498237979929,0.6764836003793788,0,0,0,0,0,0,0,0,0,nan,nan,3.6440000534057617,1.0,0,0,0,1.1196255683898926,2.0037753582000732,2.370895988141729,0.6447756290435791,10.242432117462158,9.663083553314209,8.12921142578125,7.033348083496094e-05,1.318709135055542,0.12090107399990302,0.05538555499992981,0.004200000000000001,0.016276955211738095,0.016276955211738095,nan,nan,nan,nan,0.1983094415329268,0.0033163021176612403,lidar_disabled,1,1,1,1,3,0,2,2,3,cascade_controller_v4,cascade_controller_v4_fast_smooth_true_cascade_pd_1_0,cascade_pd_tracking,follow_main,inner_wheel_pd,True,True,False,"[""cascade_controller_v4""]",False,FOLLOW_MAIN,COMMITTED,HOLD,FOLLOW_MAIN,True,ok,1.0,10.478959427811875,0.12090107399990302,0.05538555499992981,4.2,0.03,0.4689498237979929,0.0,0.016276955211738095,16.276955211738095,0.04189670119478587,0.016276955211738095,16.276955211738095,0.04189670119478587,-0.055113701881676094,-0.054249658938522495,0.72,0.35,0.68,0.3,0.011719407752451429,-0.01928979565858663,0.028489756812454393,-0.01627489768155675,0.11629136991025707,0.11629136991025707,0.11629136991025707,0.21647475212140121,0.21647475212140121,0.1876350876509715,mild,1.03,1.0,0.11754871385607998,-0.004644471224762442,0.35,0.6764836003793788,0.21647475212140121,0.11629136991025707,0.20862508465245885,0.22432441959034358,0.20862508465245885,0.22432441959034358,0.19808559113998467,0.1985332919258689,0.19808559113998467,0.1985332919258689,0.010539493512474185,0.025791127664474667,0.037036071236742775,0.06742954130427385,0.002466832857691292,0.0059437662514015225,0.21109191751015013,0.2302681858417451,0.22068005167594762,0.1278417888772998,0.2029999941587448,0.0,0.1983094415329268,0.0033163021176612403,1.1196255683898926,2.0037753582000732,3.6440000534057617,lidar_disabled,1.0,False,1957.584794792
1785741874.8835325,142.7857542037964,v4,cascade_controller_v4,cascade_controller_v4_fast_smooth_true_cascade_pd_1_0,cascade_pd_tracking,follow_main,inner_wheel_pd,mild,,FOLLOW_MAIN,FOLLOW_MAIN,COMMITTED,HOLD,1,1,4.2,4.2,16.276955211738095,16.276955211738095,0.03,0.04189670119478587,0.04189670119478587,-0.055113701881676094,-0.054249658938522495,0.011719407752451429,-0.01928979565858663,0.028489756812454393,-0.01627489768155675,0.72,0.35,0.68,0.3,nan,nan,nan,nan,nan,1.0,0.1876350876509715,0.11754871385607998,-0.004644471224762442,1.03,0.21647475212140121,0.21647475212140121,0.22068005167594762,0.0,0.2029999941587448,0.11629136991025707,0.11629136991025707,0.35,0.11629136991025707,0.1278417888772998,0.0,0.0,-0.2029999941587448,0.0,0.20862508465245885,0.19808559113998467,0.21109191751015013,0.22432441959034358,0.1985332919258689,0.2302681858417451,0.010539493512474185,0.025791127664474667,0.037036071236742775,0.06742954130427385,0.002466832857691292,0.0059437662514015225,10.478959427811875,1.0,0.0,0.4689498237979929,0.6764836003793788,0,0,0,0,0,0,0,0,0,nan,nan,3.6440000534057617,1.0,0,0,0,1.1196255683898926,2.0037753582000732,2.370895988141729,1.2053463459014893,10.803003787994385,10.223655939102173,8.68978476524353,0.5606441497802734,0.00016117095947265625,0.12090107399990302,0.05538555499992981,0.004200000000000001,0.016276955211738095,0.016276955211738095,nan,nan,nan,nan,0.1983094415329268,0.0033163021176612403,lidar_disabled,1,1,1,1,3,0,2,2,3,cascade_controller_v4,cascade_controller_v4_fast_smooth_true_cascade_pd_1_0,cascade_pd_tracking,follow_main,inner_wheel_pd,True,True,False,"[""cascade_controller_v4""]",False,FOLLOW_MAIN,COMMITTED,HOLD,FOLLOW_MAIN,True,ok,1.0,10.478959427811875,0.12090107399990302,0.05538555499992981,4.2,0.03,0.4689498237979929,0.0,0.016276955211738095,16.276955211738095,0.04189670119478587,0.016276955211738095,16.276955211738095,0.04189670119478587,-0.055113701881676094,-0.054249658938522495,0.72,0.35,0.68,0.3,0.011719407752451429,-0.01928979565858663,0.028489756812454393,-0.01627489768155675,0.11629136991025707,0.11629136991025707,0.11629136991025707,0.21647475212140121,0.21647475212140121,0.1876350876509715,mild,1.03,1.0,0.11754871385607998,-0.004644471224762442,0.35,0.6764836003793788,0.21647475212140121,0.11629136991025707,0.20862508465245885,0.22432441959034358,0.20862508465245885,0.22432441959034358,0.19808559113998467,0.1985332919258689,0.19808559113998467,0.1985332919258689,0.010539493512474185,0.025791127664474667,0.037036071236742775,0.06742954130427385,0.002466832857691292,0.0059437662514015225,0.21109191751015013,0.2302681858417451,0.22068005167594762,0.1278417888772998,0.2029999941587448,0.0,0.1983094415329268,0.0033163021176612403,1.1196255683898926,2.0037753582000732,3.6440000534057617,lidar_disabled,1.0,False,1957.584794792
1785741875.612825,143.51504635810852,v4,cascade_controller_v4,cascade_controller_v4_fast_smooth_true_cascade_pd_1_0,cascade_pd_tracking,follow_main,inner_wheel_pd,mild,,FOLLOW_MAIN,FOLLOW_MAIN,COMMITTED,HOLD,1,1,4.2,4.2,16.276955211738095,16.276955211738095,0.03,0.04189670119478587,0.04189670119478587,-0.055113701881676094,-0.054249658938522495,0.011719407752451429,-0.01928979565858663,0.028489756812454393,-0.01627489768155675,0.72,0.35,0.68,0.3,nan,nan,nan,nan,nan,1.0,0.1876350876509715,0.11754871385607998,-0.004644471224762442,1.03,0.21647475212140121,0.21647475212140121,0.22068005167594762,0.0,0.2029999941587448,0.11629136991025707,0.11629136991025707,0.35,0.11629136991025707,0.1278417888772998,0.0,0.0,-0.2029999941587448,0.0,0.20862508465245885,0.19808559113998467,0.21109191751015013,0.22432441959034358,0.1985332919258689,0.2302681858417451,0.010539493512474185,0.025791127664474667,0.037036071236742775,0.06742954130427385,0.002466832857691292,0.0059437662514015225,10.478959427811875,1.0,0.0,0.4689498237979929,0.6764836003793788,0,0,0,0,0,0,0,0,0,nan,nan,3.6440000534057617,1.0,0,0,0,1.1196255683898926,2.0037753582000732,2.370895988141729,8.058547973632812e-05,11.532294034957886,10.952945470809937,9.419073581695557,1.2899327278137207,0.7294497489929199,0.12090107399990302,0.05538555499992981,0.004200000000000001,0.016276955211738095,0.016276955211738095,nan,nan,nan,nan,0.1983094415329268,0.0033163021176612403,lidar_disabled,1,1,1,1,3,0,2,2,3,cascade_controller_v4,cascade_controller_v4_fast_smooth_true_cascade_pd_1_0,cascade_pd_tracking,follow_main,inner_wheel_pd,True,True,False,"[""cascade_controller_v4""]",False,FOLLOW_MAIN,COMMITTED,HOLD,FOLLOW_MAIN,True,ok,1.0,10.478959427811875,0.12090107399990302,0.05538555499992981,4.2,0.03,0.4689498237979929,0.0,0.016276955211738095,16.276955211738095,0.04189670119478587,0.016276955211738095,16.276955211738095,0.04189670119478587,-0.055113701881676094,-0.054249658938522495,0.72,0.35,0.68,0.3,0.011719407752451429,-0.01928979565858663,0.028489756812454393,-0.01627489768155675,0.11629136991025707,0.11629136991025707,0.11629136991025707,0.21647475212140121,0.21647475212140121,0.1876350876509715,mild,1.03,1.0,0.11754871385607998,-0.004644471224762442,0.35,0.6764836003793788,0.21647475212140121,0.11629136991025707,0.20862508465245885,0.22432441959034358,0.20862508465245885,0.22432441959034358,0.19808559113998467,0.1985332919258689,0.19808559113998467,0.1985332919258689,0.010539493512474185,0.025791127664474667,0.037036071236742775,0.06742954130427385,0.002466832857691292,0.0059437662514015225,0.21109191751015013,0.2302681858417451,0.22068005167594762,0.1278417888772998,0.2029999941587448,0.0,0.1983094415329268,0.0033163021176612403,1.1196255683898926,2.0037753582000732,3.6440000534057617,lidar_disabled,1.0,False,1957.584794792
1785741876.3259149,144.22813653945923,v4,cascade_controller_v4,cascade_controller_v4_fast_smooth_true_cascade_pd_1_0,cascade_pd_tracking,follow_main,inner_wheel_pd,mild,,FOLLOW_MAIN,FOLLOW_MAIN,COMMITTED,HOLD,1,1,4.2,4.2,16.276955211738095,16.276955211738095,0.03,0.04189670119478587,0.04189670119478587,-0.055113701881676094,-0.054249658938522495,0.011719407752451429,-0.01928979565858663,0.028489756812454393,-0.01627489768155675,0.72,0.35,0.68,0.3,nan,nan,nan,nan,nan,1.0,0.1876350876509715,0.11754871385607998,-0.004644471224762442,1.03,0.21647475212140121,0.21647475212140121,0.22068005167594762,0.0,0.2029999941587448,0.11629136991025707,0.11629136991025707,0.35,0.11629136991025707,0.1278417888772998,0.0,0.0,-0.2029999941587448,0.0,0.20862508465245885,0.19808559113998467,0.21109191751015013,0.22432441959034358,0.1985332919258689,0.2302681858417451,0.010539493512474185,0.025791127664474667,0.037036071236742775,0.06742954130427385,0.002466832857691292,0.0059437662514015225,10.478959427811875,1.0,0.0,0.4689498237979929,0.6764836003793788,0,0,0,0,0,0,0,0,0,nan,nan,3.6440000534057617,1.0,0,0,0,1.1196255683898926,2.0037753582000732,2.370895988141729,0.7131707668304443,12.245383977890015,11.666035413742065,10.132164001464844,8.344650268554688e-05,1.4425396919250488,0.12090107399990302,0.05538555499992981,0.004200000000000001,0.016276955211738095,0.016276955211738095,nan,nan,nan,nan,0.1983094415329268,0.0033163021176612403,lidar_disabled,1,1,1,1,3,0,2,2,3,cascade_controller_v4,cascade_controller_v4_fast_smooth_true_cascade_pd_1_0,cascade_pd_tracking,follow_main,inner_wheel_pd,True,True,False,"[""cascade_controller_v4""]",False,FOLLOW_MAIN,COMMITTED,HOLD,FOLLOW_MAIN,True,ok,1.0,10.478959427811875,0.12090107399990302,0.05538555499992981,4.2,0.03,0.4689498237979929,0.0,0.016276955211738095,16.276955211738095,0.04189670119478587,0.016276955211738095,16.276955211738095,0.04189670119478587,-0.055113701881676094,-0.054249658938522495,0.72,0.35,0.68,0.3,0.011719407752451429,-0.01928979565858663,0.028489756812454393,-0.01627489768155675,0.11629136991025707,0.11629136991025707,0.11629136991025707,0.21647475212140121,0.21647475212140121,0.1876350876509715,mild,1.03,1.0,0.11754871385607998,-0.004644471224762442,0.35,0.6764836003793788,0.21647475212140121,0.11629136991025707,0.20862508465245885,0.22432441959034358,0.20862508465245885,0.22432441959034358,0.19808559113998467,0.1985332919258689,0.19808559113998467,0.1985332919258689,0.010539493512474185,0.025791127664474667,0.037036071236742775,0.06742954130427385,0.002466832857691292,0.0059437662514015225,0.21109191751015013,0.2302681858417451,0.22068005167594762,0.1278417888772998,0.2029999941587448,0.0,0.1983094415329268,0.0033163021176612403,1.1196255683898926,2.0037753582000732,3.6440000534057617,lidar_disabled,1.0,False,1957.584794792
1785741876.981425,144.88364672660828,v4,cascade_controller_v4,cascade_controller_v4_fast_smooth_true_cascade_pd_1_0,cascade_pd_tracking,follow_main,inner_wheel_pd,mild,,FOLLOW_MAIN,FOLLOW_MAIN,COMMITTED,HOLD,1,1,4.2,4.2,16.276955211738095,16.276955211738095,0.03,0.04189670119478587,0.04189670119478587,-0.055113701881676094,-0.054249658938522495,0.011719407752451429,-0.01928979565858663,0.028489756812454393,-0.01627489768155675,0.72,0.35,0.68,0.3,nan,nan,nan,nan,nan,1.0,0.1876350876509715,0.11754871385607998,-0.004644471224762442,1.03,0.21647475212140121,0.21647475212140121,0.22068005167594762,0.0,0.2029999941587448,0.11629136991025707,0.11629136991025707,0.35,0.11629136991025707,0.1278417888772998,0.0,0.0,-0.2029999941587448,0.0,0.20862508465245885,0.19808559113998467,0.21109191751015013,0.22432441959034358,0.1985332919258689,0.2302681858417451,0.010539493512474185,0.025791127664474667,0.037036071236742775,0.06742954130427385,0.002466832857691292,0.0059437662514015225,10.478959427811875,1.0,0.0,0.4689498237979929,0.6764836003793788,0,0,0,0,0,0,0,0,0,nan,nan,3.6440000534057617,1.0,0,0,0,1.1196255683898926,2.0037753582000732,2.370895988141729,1.368680715560913,12.900893926620483,12.321545362472534,10.787673473358154,0.655592679977417,7.2479248046875e-05,0.12090107399990302,0.05538555499992981,0.004200000000000001,0.016276955211738095,0.016276955211738095,nan,nan,nan,nan,0.1983094415329268,0.0033163021176612403,lidar_disabled,1,1,1,1,3,0,2,2,3,cascade_controller_v4,cascade_controller_v4_fast_smooth_true_cascade_pd_1_0,cascade_pd_tracking,follow_main,inner_wheel_pd,True,True,False,"[""cascade_controller_v4""]",False,FOLLOW_MAIN,COMMITTED,HOLD,FOLLOW_MAIN,True,ok,1.0,10.478959427811875,0.12090107399990302,0.05538555499992981,4.2,0.03,0.4689498237979929,0.0,0.016276955211738095,16.276955211738095,0.04189670119478587,0.016276955211738095,16.276955211738095,0.04189670119478587,-0.055113701881676094,-0.054249658938522495,0.72,0.35,0.68,0.3,0.011719407752451429,-0.01928979565858663,0.028489756812454393,-0.01627489768155675,0.11629136991025707,0.11629136991025707,0.11629136991025707,0.21647475212140121,0.21647475212140121,0.1876350876509715,mild,1.03,1.0,0.11754871385607998,-0.004644471224762442,0.35,0.6764836003793788,0.21647475212140121,0.11629136991025707,0.20862508465245885,0.22432441959034358,0.20862508465245885,0.22432441959034358,0.19808559113998467,0.1985332919258689,0.19808559113998467,0.1985332919258689,0.010539493512474185,0.025791127664474667,0.037036071236742775,0.06742954130427385,0.002466832857691292,0.0059437662514015225,0.21109191751015013,0.2302681858417451,0.22068005167594762,0.1278417888772998,0.2029999941587448,0.0,0.1983094415329268,0.0033163021176612403,1.1196255683898926,2.0037753582000732,3.6440000534057617,lidar_disabled,1.0,False,1957.584794792
1785741877.55044,145.45266199111938,v4,cascade_controller_v4,cascade_controller_v4_fast_smooth_true_cascade_pd_1_0,cascade_pd_tracking,follow_main,inner_wheel_pd,mild,,FOLLOW_MAIN,FOLLOW_MAIN,COMMITTED,HOLD,1,1,4.2,4.2,16.276955211738095,16.276955211738095,0.03,0.04189670119478587,0.04189670119478587,-0.055113701881676094,-0.054249658938522495,0.011719407752451429,-0.01928979565858663,0.028489756812454393,-0.01627489768155675,0.72,0.35,0.68,0.3,nan,nan,nan,nan,nan,1.0,0.1876350876509715,0.11754871385607998,-0.004644471224762442,1.03,0.21647475212140121,0.21647475212140121,0.22068005167594762,0.0,0.2029999941587448,0.11629136991025707,0.11629136991025707,0.35,0.11629136991025707,0.1278417888772998,0.0,0.0,-0.2029999941587448,0.0,0.20862508465245885,0.19808559113998467,0.21109191751015013,0.22432441959034358,0.1985332919258689,0.2302681858417451,0.010539493512474185,0.025791127664474667,0.037036071236742775,0.06742954130427385,0.002466832857691292,0.0059437662514015225,10.478959427811875,1.0,0.0,0.4689498237979929,0.6764836003793788,0,0,0,0,0,0,0,0,0,nan,nan,3.6440000534057617,1.0,0,0,0,1.1196255683898926,2.0037753582000732,2.370895988141729,0.00013113021850585938,13.469910860061646,12.890563011169434,11.356691598892212,1.2246112823486328,0.5690913200378418,0.12090107399990302,0.05538555499992981,0.004200000000000001,0.016276955211738095,0.016276955211738095,nan,nan,nan,nan,0.1983094415329268,0.0033163021176612403,lidar_disabled,1,1,1,1,3,0,2,2,3,cascade_controller_v4,cascade_controller_v4_fast_smooth_true_cascade_pd_1_0,cascade_pd_tracking,follow_main,inner_wheel_pd,True,True,False,"[""cascade_controller_v4""]",False,FOLLOW_MAIN,COMMITTED,HOLD,FOLLOW_MAIN,True,ok,1.0,10.478959427811875,0.12090107399990302,0.05538555499992981,4.2,0.03,0.4689498237979929,0.0,0.016276955211738095,16.276955211738095,0.04189670119478587,0.016276955211738095,16.276955211738095,0.04189670119478587,-0.055113701881676094,-0.054249658938522495,0.72,0.35,0.68,0.3,0.011719407752451429,-0.01928979565858663,0.028489756812454393,-0.01627489768155675,0.11629136991025707,0.11629136991025707,0.11629136991025707,0.21647475212140121,0.21647475212140121,0.1876350876509715,mild,1.03,1.0,0.11754871385607998,-0.004644471224762442,0.35,0.6764836003793788,0.21647475212140121,0.11629136991025707,0.20862508465245885,0.22432441959034358,0.20862508465245885,0.22432441959034358,0.19808559113998467,0.1985332919258689,0.19808559113998467,0.1985332919258689,0.010539493512474185,0.025791127664474667,0.037036071236742775,0.06742954130427385,0.002466832857691292,0.0059437662514015225,0.21109191751015013,0.2302681858417451,0.22068005167594762,0.1278417888772998,0.2029999941587448,0.0,0.1983094415329268,0.0033163021176612403,1.1196255683898926,2.0037753582000732,3.6440000534057617,lidar_disabled,1.0,False,1957.584794792
1785741878.2498674,146.15208888053894,v4,cascade_controller_v4,cascade_controller_v4_fast_smooth_true_cascade_pd_1_0,cascade_pd_tracking,follow_main,inner_wheel_pd,mild,,FOLLOW_MAIN,FOLLOW_MAIN,COMMITTED,HOLD,1,1,4.2,4.2,16.276955211738095,16.276955211738095,0.03,0.04189670119478587,0.04189670119478587,-0.055113701881676094,-0.054249658938522495,0.011719407752451429,-0.01928979565858663,0.028489756812454393,-0.01627489768155675,0.72,0.35,0.68,0.3,nan,nan,nan,nan,nan,1.0,0.1876350876509715,0.11754871385607998,-0.004644471224762442,1.03,0.21647475212140121,0.21647475212140121,0.22068005167594762,0.0,0.2029999941587448,0.11629136991025707,0.11629136991025707,0.35,0.11629136991025707,0.1278417888772998,0.0,0.0,-0.2029999941587448,0.0,0.20862508465245885,0.19808559113998467,0.21109191751015013,0.22432441959034358,0.1985332919258689,0.2302681858417451,0.010539493512474185,0.025791127664474667,0.037036071236742775,0.06742954130427385,0.002466832857691292,0.0059437662514015225,10.478959427811875,1.0,0.0,0.4689498237979929,0.6764836003793788,0,0,0,0,0,0,0,0,0,nan,nan,3.6440000534057617,1.0,0,0,0,1.1196255683898926,2.0037753582000732,2.370895988141729,0.6995573043823242,14.169336795806885,13.589988231658936,12.056116342544556,7.486343383789062e-05,1.2685153484344482,0.12090107399990302,0.05538555499992981,0.004200000000000001,0.016276955211738095,0.016276955211738095,nan,nan,nan,nan,0.1983094415329268,0.0033163021176612403,lidar_disabled,1,1,1,1,3,0,2,2,3,cascade_controller_v4,cascade_controller_v4_fast_smooth_true_cascade_pd_1_0,cascade_pd_tracking,follow_main,inner_wheel_pd,True,True,False,"[""cascade_controller_v4""]",False,FOLLOW_MAIN,COMMITTED,HOLD,FOLLOW_MAIN,True,ok,1.0,10.478959427811875,0.12090107399990302,0.05538555499992981,4.2,0.03,0.4689498237979929,0.0,0.016276955211738095,16.276955211738095,0.04189670119478587,0.016276955211738095,16.276955211738095,0.04189670119478587,-0.055113701881676094,-0.054249658938522495,0.72,0.35,0.68,0.3,0.011719407752451429,-0.01928979565858663,0.028489756812454393,-0.01627489768155675,0.11629136991025707,0.11629136991025707,0.11629136991025707,0.21647475212140121,0.21647475212140121,0.1876350876509715,mild,1.03,1.0,0.11754871385607998,-0.004644471224762442,0.35,0.6764836003793788,0.21647475212140121,0.11629136991025707,0.20862508465245885,0.22432441959034358,0.20862508465245885,0.22432441959034358,0.19808559113998467,0.1985332919258689,0.19808559113998467,0.1985332919258689,0.010539493512474185,0.025791127664474667,0.037036071236742775,0.06742954130427385,0.002466832857691292,0.0059437662514015225,0.21109191751015013,0.2302681858417451,0.22068005167594762,0.1278417888772998,0.2029999941587448,0.0,0.1983094415329268,0.0033163021176612403,1.1196255683898926,2.0037753582000732,3.6440000534057617,lidar_disabled,1.0,False,1957.584794792
1785741879.036971,146.93919324874878,v4,cascade_controller_v4,cascade_controller_v4_fast_smooth_true_cascade_pd_1_0,cascade_pd_tracking,follow_main,inner_wheel_pd,mild,,FOLLOW_MAIN,FOLLOW_MAIN,COMMITTED,HOLD,1,1,4.2,4.2,16.276955211738095,16.276955211738095,0.03,0.04189670119478587,0.04189670119478587,-0.055113701881676094,-0.054249658938522495,0.011719407752451429,-0.01928979565858663,0.028489756812454393,-0.01627489768155675,0.72,0.35,0.68,0.3,nan,nan,nan,nan,nan,1.0,0.1876350876509715,0.11754871385607998,-0.004644471224762442,1.03,0.21647475212140121,0.21647475212140121,0.22068005167594762,0.0,0.2029999941587448,0.11629136991025707,0.11629136991025707,0.35,0.11629136991025707,0.1278417888772998,0.0,0.0,-0.2029999941587448,0.0,0.20862508465245885,0.19808559113998467,0.21109191751015013,0.22432441959034358,0.1985332919258689,0.2302681858417451,0.010539493512474185,0.025791127664474667,0.037036071236742775,0.06742954130427385,0.002466832857691292,0.0059437662514015225,10.478959427811875,1.0,0.0,0.4689498237979929,0.6764836003793788,0,0,0,0,0,0,0,0,0,nan,nan,3.6440000534057617,1.0,0,0,0,1.1196255683898926,2.0037753582000732,2.370895988141729,1.4866650104522705,14.956445932388306,14.377099990844727,12.843229532241821,0.7871890068054199,0.00018835067749023438,0.12090107399990302,0.05538555499992981,0.004200000000000001,0.016276955211738095,0.016276955211738095,nan,nan,nan,nan,0.1983094415329268,0.0033163021176612403,lidar_disabled,1,1,1,1,3,0,2,2,3,cascade_controller_v4,cascade_controller_v4_fast_smooth_true_cascade_pd_1_0,cascade_pd_tracking,follow_main,inner_wheel_pd,True,True,False,"[""cascade_controller_v4""]",False,FOLLOW_MAIN,COMMITTED,HOLD,FOLLOW_MAIN,True,ok,1.0,10.478959427811875,0.12090107399990302,0.05538555499992981,4.2,0.03,0.4689498237979929,0.0,0.016276955211738095,16.276955211738095,0.04189670119478587,0.016276955211738095,16.276955211738095,0.04189670119478587,-0.055113701881676094,-0.054249658938522495,0.72,0.35,0.68,0.3,0.011719407752451429,-0.01928979565858663,0.028489756812454393,-0.01627489768155675,0.11629136991025707,0.11629136991025707,0.11629136991025707,0.21647475212140121,0.21647475212140121,0.1876350876509715,mild,1.03,1.0,0.11754871385607998,-0.004644471224762442,0.35,0.6764836003793788,0.21647475212140121,0.11629136991025707,0.20862508465245885,0.22432441959034358,0.20862508465245885,0.22432441959034358,0.19808559113998467,0.1985332919258689,0.19808559113998467,0.1985332919258689,0.010539493512474185,0.025791127664474667,0.037036071236742775,0.06742954130427385,0.002466832857691292,0.0059437662514015225,0.21109191751015013,0.2302681858417451,0.22068005167594762,0.1278417888772998,0.2029999941587448,0.0,0.1983094415329268,0.0033163021176612403,1.1196255683898926,2.0037753582000732,3.6440000534057617,lidar_disabled,1.0,False,1957.584794792
1785741879.7231734,147.625394821167,v4,cascade_controller_v4,cascade_controller_v4_fast_smooth_true_cascade_pd_1_0,cascade_pd_tracking,follow_main,inner_wheel_pd,mild,,FOLLOW_MAIN,FOLLOW_MAIN,COMMITTED,HOLD,1,1,4.2,4.2,16.276955211738095,16.276955211738095,0.03,0.04189670119478587,0.04189670119478587,-0.055113701881676094,-0.054249658938522495,0.011719407752451429,-0.01928979565858663,0.028489756812454393,-0.01627489768155675,0.72,0.35,0.68,0.3,nan,nan,nan,nan,nan,1.0,0.1876350876509715,0.11754871385607998,-0.004644471224762442,1.03,0.21647475212140121,0.21647475212140121,0.22068005167594762,0.0,0.2029999941587448,0.11629136991025707,0.11629136991025707,0.35,0.11629136991025707,0.1278417888772998,0.0,0.0,-0.2029999941587448,0.0,0.20862508465245885,0.19808559113998467,0.21109191751015013,0.22432441959034358,0.1985332919258689,0.2302681858417451,0.010539493512474185,0.025791127664474667,0.037036071236742775,0.06742954130427385,0.002466832857691292,0.0059437662514015225,10.478959427811875,1.0,0.0,0.4689498237979929,0.6764836003793788,0,0,0,0,0,0,0,0,0,nan,nan,3.6440000534057617,1.0,0,0,0,1.1196255683898926,2.0037753582000732,2.370895988141729,6.413459777832031e-05,15.6426420211792,15.063293218612671,13.529421329498291,1.4733800888061523,0.6863782405853271,0.12090107399990302,0.05538555499992981,0.004200000000000001,0.016276955211738095,0.016276955211738095,nan,nan,nan,nan,0.1983094415329268,0.0033163021176612403,lidar_disabled,1,1,1,1,3,0,2,2,3,cascade_controller_v4,cascade_controller_v4_fast_smooth_true_cascade_pd_1_0,cascade_pd_tracking,follow_main,inner_wheel_pd,True,True,False,"[""cascade_controller_v4""]",False,FOLLOW_MAIN,COMMITTED,HOLD,FOLLOW_MAIN,True,ok,1.0,10.478959427811875,0.12090107399990302,0.05538555499992981,4.2,0.03,0.4689498237979929,0.0,0.016276955211738095,16.276955211738095,0.04189670119478587,0.016276955211738095,16.276955211738095,0.04189670119478587,-0.055113701881676094,-0.054249658938522495,0.72,0.35,0.68,0.3,0.011719407752451429,-0.01928979565858663,0.028489756812454393,-0.01627489768155675,0.11629136991025707,0.11629136991025707,0.11629136991025707,0.21647475212140121,0.21647475212140121,0.1876350876509715,mild,1.03,1.0,0.11754871385607998,-0.004644471224762442,0.35,0.6764836003793788,0.21647475212140121,0.11629136991025707,0.20862508465245885,0.22432441959034358,0.20862508465245885,0.22432441959034358,0.19808559113998467,0.1985332919258689,0.19808559113998467,0.1985332919258689,0.010539493512474185,0.025791127664474667,0.037036071236742775,0.06742954130427385,0.002466832857691292,0.0059437662514015225,0.21109191751015013,0.2302681858417451,0.22068005167594762,0.1278417888772998,0.2029999941587448,0.0,0.1983094415329268,0.0033163021176612403,1.1196255683898926,2.0037753582000732,3.6440000534057617,lidar_disabled,1.0,False,1957.584794792
1785741880.4047701,148.3069920539856,v4,cascade_controller_v4,cascade_controller_v4_fast_smooth_true_cascade_pd_1_0,cascade_pd_tracking,follow_main,inner_wheel_pd,mild,,FOLLOW_MAIN,FOLLOW_MAIN,COMMITTED,HOLD,1,1,4.2,4.2,16.276955211738095,16.276955211738095,0.03,0.04189670119478587,0.04189670119478587,-0.055113701881676094,-0.054249658938522495,0.011719407752451429,-0.01928979565858663,0.028489756812454393,-0.01627489768155675,0.72,0.35,0.68,0.3,nan,nan,nan,nan,nan,1.0,0.1876350876509715,0.11754871385607998,-0.004644471224762442,1.03,0.21647475212140121,0.21647475212140121,0.22068005167594762,0.0,0.2029999941587448,0.11629136991025707,0.11629136991025707,0.35,0.11629136991025707,0.1278417888772998,0.0,0.0,-0.2029999941587448,0.0,0.20862508465245885,0.19808559113998467,0.21109191751015013,0.22432441959034358,0.1985332919258689,0.2302681858417451,0.010539493512474185,0.025791127664474667,0.037036071236742775,0.06742954130427385,0.002466832857691292,0.0059437662514015225,10.478959427811875,1.0,0.0,0.4689498237979929,0.6764836003793788,0,0,0,0,0,0,0,0,0,nan,nan,3.6440000534057617,1.0,0,0,0,1.1196255683898926,2.0037753582000732,2.370895988141729,0.68166184425354,16.324240684509277,15.744892120361328,14.211020708084106,0.0001499652862548828,1.3679776191711426,0.12090107399990302,0.05538555499992981,0.004200000000000001,0.016276955211738095,0.016276955211738095,nan,nan,nan,nan,0.1983094415329268,0.0033163021176612403,lidar_disabled,1,1,1,1,3,0,2,2,3,cascade_controller_v4,cascade_controller_v4_fast_smooth_true_cascade_pd_1_0,cascade_pd_tracking,follow_main,inner_wheel_pd,True,True,False,"[""cascade_controller_v4""]",False,FOLLOW_MAIN,COMMITTED,HOLD,FOLLOW_MAIN,True,ok,1.0,10.478959427811875,0.12090107399990302,0.05538555499992981,4.2,0.03,0.4689498237979929,0.0,0.016276955211738095,16.276955211738095,0.04189670119478587,0.016276955211738095,16.276955211738095,0.04189670119478587,-0.055113701881676094,-0.054249658938522495,0.72,0.35,0.68,0.3,0.011719407752451429,-0.01928979565858663,0.028489756812454393,-0.01627489768155675,0.11629136991025707,0.11629136991025707,0.11629136991025707,0.21647475212140121,0.21647475212140121,0.1876350876509715,mild,1.03,1.0,0.11754871385607998,-0.004644471224762442,0.35,0.6764836003793788,0.21647475212140121,0.11629136991025707,0.20862508465245885,0.22432441959034358,0.20862508465245885,0.22432441959034358,0.19808559113998467,0.1985332919258689,0.19808559113998467,0.1985332919258689,0.010539493512474185,0.025791127664474667,0.037036071236742775,0.06742954130427385,0.002466832857691292,0.0059437662514015225,0.21109191751015013,0.2302681858417451,0.22068005167594762,0.1278417888772998,0.2029999941587448,0.0,0.1983094415329268,0.0033163021176612403,1.1196255683898926,2.0037753582000732,3.6440000534057617,lidar_disabled,1.0,False,1957.584794792
1785741881.3890119,149.2912335395813,v4,cascade_controller_v4,cascade_controller_v4_fast_smooth_true_cascade_pd_1_0,cascade_pd_tracking,follow_main,inner_wheel_pd,mild,,FOLLOW_MAIN,FOLLOW_MAIN,COMMITTED,HOLD,1,1,4.2,4.2,16.276955211738095,16.276955211738095,0.03,0.04189670119478587,0.04189670119478587,-0.055113701881676094,-0.054249658938522495,0.011719407752451429,-0.01928979565858663,0.028489756812454393,-0.01627489768155675,0.72,0.35,0.68,0.3,nan,nan,nan,nan,nan,1.0,0.1876350876509715,0.11754871385607998,-0.004644471224762442,1.03,0.21647475212140121,0.21647475212140121,0.22068005167594762,0.0,0.2029999941587448,0.11629136991025707,0.11629136991025707,0.35,0.11629136991025707,0.1278417888772998,0.0,0.0,-0.2029999941587448,0.0,0.20862508465245885,0.19808559113998467,0.21109191751015013,0.22432441959034358,0.1985332919258689,0.2302681858417451,0.010539493512474185,0.025791127664474667,0.037036071236742775,0.06742954130427385,0.002466832857691292,0.0059437662514015225,10.478959427811875,1.0,0.0,0.4689498237979929,0.6764836003793788,0,0,0,0,0,0,0,0,0,nan,nan,3.6440000534057617,1.0,0,0,0,1.1196255683898926,2.0037753582000732,2.370895988141729,1.665902853012085,17.308480978012085,16.729132652282715,15.195260763168335,0.9843897819519043,8.320808410644531e-05,0.12090107399990302,0.05538555499992981,0.004200000000000001,0.016276955211738095,0.016276955211738095,nan,nan,nan,nan,0.1983094415329268,0.0033163021176612403,lidar_disabled,1,1,1,1,3,0,2,2,3,cascade_controller_v4,cascade_controller_v4_fast_smooth_true_cascade_pd_1_0,cascade_pd_tracking,follow_main,inner_wheel_pd,True,True,False,"[""cascade_controller_v4""]",False,FOLLOW_MAIN,COMMITTED,HOLD,FOLLOW_MAIN,True,ok,1.0,10.478959427811875,0.12090107399990302,0.05538555499992981,4.2,0.03,0.4689498237979929,0.0,0.016276955211738095,16.276955211738095,0.04189670119478587,0.016276955211738095,16.276955211738095,0.04189670119478587,-0.055113701881676094,-0.054249658938522495,0.72,0.35,0.68,0.3,0.011719407752451429,-0.01928979565858663,0.028489756812454393,-0.01627489768155675,0.11629136991025707,0.11629136991025707,0.11629136991025707,0.21647475212140121,0.21647475212140121,0.1876350876509715,mild,1.03,1.0,0.11754871385607998,-0.004644471224762442,0.35,0.6764836003793788,0.21647475212140121,0.11629136991025707,0.20862508465245885,0.22432441959034358,0.20862508465245885,0.22432441959034358,0.19808559113998467,0.1985332919258689,0.19808559113998467,0.1985332919258689,0.010539493512474185,0.025791127664474667,0.037036071236742775,0.06742954130427385,0.002466832857691292,0.0059437662514015225,0.21109191751015013,0.2302681858417451,0.22068005167594762,0.1278417888772998,0.2029999941587448,0.0,0.1983094415329268,0.0033163021176612403,1.1196255683898926,2.0037753582000732,3.6440000534057617,lidar_disabled,1.0,False,1957.584794792
1785741882.5231254,150.42534756660461,v4,cascade_controller_v4,cascade_controller_v4_fast_smooth_true_cascade_pd_1_0,cascade_pd_tracking,follow_main,inner_wheel_pd,mild,,FOLLOW_MAIN,FOLLOW_MAIN,COMMITTED,HOLD,1,1,4.2,4.2,16.276955211738095,16.276955211738095,0.03,0.04189670119478587,0.04189670119478587,-0.055113701881676094,-0.054249658938522495,0.011719407752451429,-0.01928979565858663,0.028489756812454393,-0.01627489768155675,0.72,0.35,0.68,0.3,nan,nan,nan,nan,nan,1.0,0.1876350876509715,0.11754871385607998,-0.004644471224762442,1.03,0.21647475212140121,0.21647475212140121,0.22068005167594762,0.0,0.2029999941587448,0.11629136991025707,0.11629136991025707,0.35,0.11629136991025707,0.1278417888772998,0.0,0.0,-0.2029999941587448,0.0,0.20862508465245885,0.19808559113998467,0.21109191751015013,0.22432441959034358,0.1985332919258689,0.2302681858417451,0.010539493512474185,0.025791127664474667,0.037036071236742775,0.06742954130427385,0.002466832857691292,0.0059437662514015225,10.478959427811875,1.0,0.0,0.4689498237979929,0.6764836003793788,0,0,0,0,0,0,0,0,0,nan,nan,3.6440000534057617,1.0,0,0,0,1.1196255683898926,2.0037753582000732,2.370895988141729,0.00016832351684570312,18.442599534988403,17.86325240135193,16.329381942749023,2.1185123920440674,1.1342072486877441,0.12090107399990302,0.05538555499992981,0.004200000000000001,0.016276955211738095,0.016276955211738095,nan,nan,nan,nan,0.1983094415329268,0.0033163021176612403,lidar_disabled,1,1,1,1,3,0,2,2,3,cascade_controller_v4,cascade_controller_v4_fast_smooth_true_cascade_pd_1_0,cascade_pd_tracking,follow_main,inner_wheel_pd,True,True,False,"[""cascade_controller_v4""]",False,FOLLOW_MAIN,COMMITTED,HOLD,FOLLOW_MAIN,True,ok,1.0,10.478959427811875,0.12090107399990302,0.05538555499992981,4.2,0.03,0.4689498237979929,0.0,0.016276955211738095,16.276955211738095,0.04189670119478587,0.016276955211738095,16.276955211738095,0.04189670119478587,-0.055113701881676094,-0.054249658938522495,0.72,0.35,0.68,0.3,0.011719407752451429,-0.01928979565858663,0.028489756812454393,-0.01627489768155675,0.11629136991025707,0.11629136991025707,0.11629136991025707,0.21647475212140121,0.21647475212140121,0.1876350876509715,mild,1.03,1.0,0.11754871385607998,-0.004644471224762442,0.35,0.6764836003793788,0.21647475212140121,0.11629136991025707,0.20862508465245885,0.22432441959034358,0.20862508465245885,0.22432441959034358,0.19808559113998467,0.1985332919258689,0.19808559113998467,0.1985332919258689,0.010539493512474185,0.025791127664474667,0.037036071236742775,0.06742954130427385,0.002466832857691292,0.0059437662514015225,0.21109191751015013,0.2302681858417451,0.22068005167594762,0.1278417888772998,0.2029999941587448,0.0,0.1983094415329268,0.0033163021176612403,1.1196255683898926,2.0037753582000732,3.6440000534057617,lidar_disabled,1.0,False,1957.584794792
1785741883.698322,151.60054397583008,v4,cascade_controller_v4,cascade_controller_v4_fast_smooth_true_cascade_pd_1_0,cascade_pd_tracking,follow_main,inner_wheel_pd,mild,,FOLLOW_MAIN,FOLLOW_MAIN,COMMITTED,HOLD,1,1,4.2,4.2,16.276955211738095,16.276955211738095,0.03,0.04189670119478587,0.04189670119478587,-0.055113701881676094,-0.054249658938522495,0.011719407752451429,-0.01928979565858663,0.028489756812454393,-0.01627489768155675,0.72,0.35,0.68,0.3,nan,nan,nan,nan,nan,1.0,0.1876350876509715,0.11754871385607998,-0.004644471224762442,1.03,0.21647475212140121,0.21647475212140121,0.22068005167594762,0.0,0.2029999941587448,0.11629136991025707,0.11629136991025707,0.35,0.11629136991025707,0.1278417888772998,0.0,0.0,-0.2029999941587448,0.0,0.20862508465245885,0.19808559113998467,0.21109191751015013,0.22432441959034358,0.1985332919258689,0.2302681858417451,0.010539493512474185,0.025791127664474667,0.037036071236742775,0.06742954130427385,0.002466832857691292,0.0059437662514015225,10.478959427811875,1.0,0.0,0.4689498237979929,0.6764836003793788,0,0,0,0,0,0,0,0,0,nan,nan,3.6440000534057617,1.0,0,0,0,1.1196255683898926,2.0037753582000732,2.370895988141729,1.1753613948822021,19.617791175842285,19.038443088531494,17.504571199417114,9.131431579589844e-05,2.309393882751465,0.12090107399990302,0.05538555499992981,0.004200000000000001,0.016276955211738095,0.016276955211738095,nan,nan,nan,nan,0.1983094415329268,0.0033163021176612403,lidar_disabled,1,1,1,1,3,0,2,2,3,cascade_controller_v4,cascade_controller_v4_fast_smooth_true_cascade_pd_1_0,cascade_pd_tracking,follow_main,inner_wheel_pd,True,True,False,"[""cascade_controller_v4""]",False,FOLLOW_MAIN,COMMITTED,HOLD,FOLLOW_MAIN,True,ok,1.0,10.478959427811875,0.12090107399990302,0.05538555499992981,4.2,0.03,0.4689498237979929,0.0,0.016276955211738095,16.276955211738095,0.04189670119478587,0.016276955211738095,16.276955211738095,0.04189670119478587,-0.055113701881676094,-0.054249658938522495,0.72,0.35,0.68,0.3,0.011719407752451429,-0.01928979565858663,0.028489756812454393,-0.01627489768155675,0.11629136991025707,0.11629136991025707,0.11629136991025707,0.21647475212140121,0.21647475212140121,0.1876350876509715,mild,1.03,1.0,0.11754871385607998,-0.004644471224762442,0.35,0.6764836003793788,0.21647475212140121,0.11629136991025707,0.20862508465245885,0.22432441959034358,0.20862508465245885,0.22432441959034358,0.19808559113998467,0.1985332919258689,0.19808559113998467,0.1985332919258689,0.010539493512474185,0.025791127664474667,0.037036071236742775,0.06742954130427385,0.002466832857691292,0.0059437662514015225,0.21109191751015013,0.2302681858417451,0.22068005167594762,0.1278417888772998,0.2029999941587448,0.0,0.1983094415329268,0.0033163021176612403,1.1196255683898926,2.0037753582000732,3.6440000534057617,lidar_disabled,1.0,False,1957.584794792
1785741884.6551824,152.5574038028717,v4,cascade_controller_v4,cascade_controller_v4_fast_smooth_true_cascade_pd_1_0,cascade_pd_tracking,follow_main,inner_wheel_pd,mild,,FOLLOW_MAIN,FOLLOW_MAIN,COMMITTED,HOLD,1,1,4.2,4.2,16.276955211738095,16.276955211738095,0.03,0.04189670119478587,0.04189670119478587,-0.055113701881676094,-0.054249658938522495,0.011719407752451429,-0.01928979565858663,0.028489756812454393,-0.01627489768155675,0.72,0.35,0.68,0.3,nan,nan,nan,nan,nan,1.0,0.1876350876509715,0.11754871385607998,-0.004644471224762442,1.03,0.21647475212140121,0.21647475212140121,0.22068005167594762,0.0,0.2029999941587448,0.11629136991025707,0.11629136991025707,0.35,0.11629136991025707,0.1278417888772998,0.0,0.0,-0.2029999941587448,0.0,0.20862508465245885,0.19808559113998467,0.21109191751015013,0.22432441959034358,0.1985332919258689,0.2302681858417451,0.010539493512474185,0.025791127664474667,0.037036071236742775,0.06742954130427385,0.002466832857691292,0.0059437662514015225,10.478959427811875,1.0,0.0,0.4689498237979929,0.6764836003793788,0,0,0,0,0,0,0,0,0,nan,nan,3.6440000534057617,1.0,0,0,0,1.1196255683898926,2.0037753582000732,2.370895988141729,2.1322221755981445,20.574652433395386,19.995303869247437,18.461432695388794,0.9569530487060547,9.512901306152344e-05,0.12090107399990302,0.05538555499992981,0.004200000000000001,0.016276955211738095,0.016276955211738095,nan,nan,nan,nan,0.1983094415329268,0.0033163021176612403,lidar_disabled,1,1,1,1,3,0,2,2,3,cascade_controller_v4,cascade_controller_v4_fast_smooth_true_cascade_pd_1_0,cascade_pd_tracking,follow_main,inner_wheel_pd,True,True,False,"[""cascade_controller_v4""]",False,FOLLOW_MAIN,COMMITTED,HOLD,FOLLOW_MAIN,True,ok,1.0,10.478959427811875,0.12090107399990302,0.05538555499992981,4.2,0.03,0.4689498237979929,0.0,0.016276955211738095,16.276955211738095,0.04189670119478587,0.016276955211738095,16.276955211738095,0.04189670119478587,-0.055113701881676094,-0.054249658938522495,0.72,0.35,0.68,0.3,0.011719407752451429,-0.01928979565858663,0.028489756812454393,-0.01627489768155675,0.11629136991025707,0.11629136991025707,0.11629136991025707,0.21647475212140121,0.21647475212140121,0.1876350876509715,mild,1.03,1.0,0.11754871385607998,-0.004644471224762442,0.35,0.6764836003793788,0.21647475212140121,0.11629136991025707,0.20862508465245885,0.22432441959034358,0.20862508465245885,0.22432441959034358,0.19808559113998467,0.1985332919258689,0.19808559113998467,0.1985332919258689,0.010539493512474185,0.025791127664474667,0.037036071236742775,0.06742954130427385,0.002466832857691292,0.0059437662514015225,0.21109191751015013,0.2302681858417451,0.22068005167594762,0.1278417888772998,0.2029999941587448,0.0,0.1983094415329268,0.0033163021176612403,1.1196255683898926,2.0037753582000732,3.6440000534057617,lidar_disabled,1.0,False,1957.584794792
1785741885.7638645,153.6660861968994,v4,cascade_controller_v4,cascade_controller_v4_fast_smooth_true_cascade_pd_1_0,cascade_pd_tracking,follow_main,inner_wheel_pd,mild,,FOLLOW_MAIN,FOLLOW_MAIN,COMMITTED,HOLD,1,1,4.2,4.2,16.276955211738095,16.276955211738095,0.03,0.04189670119478587,0.04189670119478587,-0.055113701881676094,-0.054249658938522495,0.011719407752451429,-0.01928979565858663,0.028489756812454393,-0.01627489768155675,0.72,0.35,0.68,0.3,nan,nan,nan,nan,nan,1.0,0.1876350876509715,0.11754871385607998,-0.004644471224762442,1.03,0.21647475212140121,0.21647475212140121,0.22068005167594762,0.0,0.2029999941587448,0.11629136991025707,0.11629136991025707,0.35,0.11629136991025707,0.1278417888772998,0.0,0.0,-0.2029999941587448,0.0,0.20862508465245885,0.19808559113998467,0.21109191751015013,0.22432441959034358,0.1985332919258689,0.2302681858417451,0.010539493512474185,0.025791127664474667,0.037036071236742775,0.06742954130427385,0.002466832857691292,0.0059437662514015225,10.478959427811875,1.0,0.0,0.4689498237979929,0.6764836003793788,0,0,0,0,0,0,0,0,0,nan,nan,3.6440000534057617,1.0,0,0,0,1.1196255683898926,2.0037753582000732,2.370895988141729,9.441375732421875e-05,21.68333411216736,21.103986263275146,19.570114612579346,2.0656352043151855,1.1087777614593506,0.12090107399990302,0.05538555499992981,0.004200000000000001,0.016276955211738095,0.016276955211738095,nan,nan,nan,nan,0.1983094415329268,0.0033163021176612403,lidar_disabled,1,1,1,1,3,0,2,2,3,cascade_controller_v4,cascade_controller_v4_fast_smooth_true_cascade_pd_1_0,cascade_pd_tracking,follow_main,inner_wheel_pd,True,True,False,"[""cascade_controller_v4""]",False,FOLLOW_MAIN,COMMITTED,HOLD,FOLLOW_MAIN,True,ok,1.0,10.478959427811875,0.12090107399990302,0.05538555499992981,4.2,0.03,0.4689498237979929,0.0,0.016276955211738095,16.276955211738095,0.04189670119478587,0.016276955211738095,16.276955211738095,0.04189670119478587,-0.055113701881676094,-0.054249658938522495,0.72,0.35,0.68,0.3,0.011719407752451429,-0.01928979565858663,0.028489756812454393,-0.01627489768155675,0.11629136991025707,0.11629136991025707,0.11629136991025707,0.21647475212140121,0.21647475212140121,0.1876350876509715,mild,1.03,1.0,0.11754871385607998,-0.004644471224762442,0.35,0.6764836003793788,0.21647475212140121,0.11629136991025707,0.20862508465245885,0.22432441959034358,0.20862508465245885,0.22432441959034358,0.19808559113998467,0.1985332919258689,0.19808559113998467,0.1985332919258689,0.010539493512474185,0.025791127664474667,0.037036071236742775,0.06742954130427385,0.002466832857691292,0.0059437662514015225,0.21109191751015013,0.2302681858417451,0.22068005167594762,0.1278417888772998,0.2029999941587448,0.0,0.1983094415329268,0.0033163021176612403,1.1196255683898926,2.0037753582000732,3.6440000534057617,lidar_disabled,1.0,False,1957.584794792
1785741886.8493228,154.75154447555542,v4,cascade_controller_v4,cascade_controller_v4_fast_smooth_true_cascade_pd_1_0,cascade_pd_tracking,follow_main,inner_wheel_pd,mild,,FOLLOW_MAIN,FOLLOW_MAIN,COMMITTED,HOLD,1,1,4.2,4.2,16.276955211738095,16.276955211738095,0.03,0.04189670119478587,0.04189670119478587,-0.055113701881676094,-0.054249658938522495,0.011719407752451429,-0.01928979565858663,0.028489756812454393,-0.01627489768155675,0.72,0.35,0.68,0.3,nan,nan,nan,nan,nan,1.0,0.1876350876509715,0.11754871385607998,-0.004644471224762442,1.03,0.21647475212140121,0.21647475212140121,0.22068005167594762,0.0,0.2029999941587448,0.11629136991025707,0.11629136991025707,0.35,0.11629136991025707,0.1278417888772998,0.0,0.0,-0.2029999941587448,0.0,0.20862508465245885,0.19808559113998467,0.21109191751015013,0.22432441959034358,0.1985332919258689,0.2302681858417451,0.010539493512474185,0.025791127664474667,0.037036071236742775,0.06742954130427385,0.002466832857691292,0.0059437662514015225,10.478959427811875,1.0,0.0,0.4689498237979929,0.6764836003793788,0,0,0,0,0,0,0,0,0,nan,nan,3.6440000534057617,1.0,0,0,0,1.1196255683898926,2.0037753582000732,2.370895988141729,1.0855534076690674,22.76879358291626,22.18944549560547,20.655584812164307,0.0001423358917236328,2.194248914718628,0.12090107399990302,0.05538555499992981,0.004200000000000001,0.016276955211738095,0.016276955211738095,nan,nan,nan,nan,0.1983094415329268,0.0033163021176612403,lidar_disabled,1,1,1,1,3,0,2,2,3,cascade_controller_v4,cascade_controller_v4_fast_smooth_true_cascade_pd_1_0,cascade_pd_tracking,follow_main,inner_wheel_pd,True,True,False,"[""cascade_controller_v4""]",False,FOLLOW_MAIN,COMMITTED,HOLD,FOLLOW_MAIN,True,ok,1.0,10.478959427811875,0.12090107399990302,0.05538555499992981,4.2,0.03,0.4689498237979929,0.0,0.016276955211738095,16.276955211738095,0.04189670119478587,0.016276955211738095,16.276955211738095,0.04189670119478587,-0.055113701881676094,-0.054249658938522495,0.72,0.35,0.68,0.3,0.011719407752451429,-0.01928979565858663,0.028489756812454393,-0.01627489768155675,0.11629136991025707,0.11629136991025707,0.11629136991025707,0.21647475212140121,0.21647475212140121,0.1876350876509715,mild,1.03,1.0,0.11754871385607998,-0.004644471224762442,0.35,0.6764836003793788,0.21647475212140121,0.11629136991025707,0.20862508465245885,0.22432441959034358,0.20862508465245885,0.22432441959034358,0.19808559113998467,0.1985332919258689,0.19808559113998467,0.1985332919258689,0.010539493512474185,0.025791127664474667,0.037036071236742775,0.06742954130427385,0.002466832857691292,0.0059437662514015225,0.21109191751015013,0.2302681858417451,0.22068005167594762,0.1278417888772998,0.2029999941587448,0.0,0.1983094415329268,0.0033163021176612403,1.1196255683898926,2.0037753582000732,3.6440000534057617,lidar_disabled,1.0,False,1957.584794792
1785741887.7286348,155.63085675239563,v4,cascade_controller_v4,cascade_controller_v4_fast_smooth_true_cascade_pd_1_0,cascade_pd_tracking,follow_main,inner_wheel_pd,mild,,FOLLOW_MAIN,FOLLOW_MAIN,COMMITTED,HOLD,1,1,4.2,4.2,16.276955211738095,16.276955211738095,0.03,0.04189670119478587,0.04189670119478587,-0.055113701881676094,-0.054249658938522495,0.011719407752451429,-0.01928979565858663,0.028489756812454393,-0.01627489768155675,0.72,0.35,0.68,0.3,nan,nan,nan,nan,nan,1.0,0.1876350876509715,0.11754871385607998,-0.004644471224762442,1.03,0.21647475212140121,0.21647475212140121,0.22068005167594762,0.0,0.2029999941587448,0.11629136991025707,0.11629136991025707,0.35,0.11629136991025707,0.1278417888772998,0.0,0.0,-0.2029999941587448,0.0,0.20862508465245885,0.19808559113998467,0.21109191751015013,0.22432441959034358,0.1985332919258689,0.2302681858417451,0.010539493512474185,0.025791127664474667,0.037036071236742775,0.06742954130427385,0.002466832857691292,0.0059437662514015225,10.478959427811875,1.0,0.0,0.4689498237979929,0.6764836003793788,0,0,0,0,0,0,0,0,0,nan,nan,3.6440000534057617,1.0,0,0,0,1.1196255683898926,2.0037753582000732,2.370895988141729,1.9648656845092773,23.648106575012207,23.068758487701416,21.534887313842773,0.8794448375701904,0.00013494491577148438,0.12090107399990302,0.05538555499992981,0.004200000000000001,0.016276955211738095,0.016276955211738095,nan,nan,nan,nan,0.1983094415329268,0.0033163021176612403,lidar_disabled,1,1,1,1,3,0,2,2,3,cascade_controller_v4,cascade_controller_v4_fast_smooth_true_cascade_pd_1_0,cascade_pd_tracking,follow_main,inner_wheel_pd,True,True,False,"[""cascade_controller_v4""]",False,FOLLOW_MAIN,COMMITTED,HOLD,FOLLOW_MAIN,True,ok,1.0,10.478959427811875,0.12090107399990302,0.05538555499992981,4.2,0.03,0.4689498237979929,0.0,0.016276955211738095,16.276955211738095,0.04189670119478587,0.016276955211738095,16.276955211738095,0.04189670119478587,-0.055113701881676094,-0.054249658938522495,0.72,0.35,0.68,0.3,0.011719407752451429,-0.01928979565858663,0.028489756812454393,-0.01627489768155675,0.11629136991025707,0.11629136991025707,0.11629136991025707,0.21647475212140121,0.21647475212140121,0.1876350876509715,mild,1.03,1.0,0.11754871385607998,-0.004644471224762442,0.35,0.6764836003793788,0.21647475212140121,0.11629136991025707,0.20862508465245885,0.22432441959034358,0.20862508465245885,0.22432441959034358,0.19808559113998467,0.1985332919258689,0.19808559113998467,0.1985332919258689,0.010539493512474185,0.025791127664474667,0.037036071236742775,0.06742954130427385,0.002466832857691292,0.0059437662514015225,0.21109191751015013,0.2302681858417451,0.22068005167594762,0.1278417888772998,0.2029999941587448,0.0,0.1983094415329268,0.0033163021176612403,1.1196255683898926,2.0037753582000732,3.6440000534057617,lidar_disabled,1.0,False,1957.584794792
1785741888.5378273,156.4400486946106,v4,cascade_controller_v4,cascade_controller_v4_fast_smooth_true_cascade_pd_1_0,cascade_pd_tracking,follow_main,inner_wheel_pd,mild,,FOLLOW_MAIN,FOLLOW_MAIN,COMMITTED,HOLD,1,1,4.2,4.2,16.276955211738095,16.276955211738095,0.03,0.04189670119478587,0.04189670119478587,-0.055113701881676094,-0.054249658938522495,0.011719407752451429,-0.01928979565858663,0.028489756812454393,-0.01627489768155675,0.72,0.35,0.68,0.3,nan,nan,nan,nan,nan,1.0,0.1876350876509715,0.11754871385607998,-0.004644471224762442,1.03,0.21647475212140121,0.21647475212140121,0.22068005167594762,0.0,0.2029999941587448,0.11629136991025707,0.11629136991025707,0.35,0.11629136991025707,0.1278417888772998,0.0,0.0,-0.2029999941587448,0.0,0.20862508465245885,0.19808559113998467,0.21109191751015013,0.22432441959034358,0.1985332919258689,0.2302681858417451,0.010539493512474185,0.025791127664474667,0.037036071236742775,0.06742954130427385,0.002466832857691292,0.0059437662514015225,10.478959427811875,1.0,0.0,0.4689498237979929,0.6764836003793788,0,0,0,0,0,0,0,0,0,nan,nan,3.6440000534057617,1.0,0,0,0,1.1196255683898926,2.0037753582000732,2.370895988141729,0.0001633167266845703,24.457298517227173,23.87795066833496,22.34407925605774,1.6886370182037354,0.8093266487121582,0.12090107399990302,0.05538555499992981,0.004200000000000001,0.016276955211738095,0.016276955211738095,nan,nan,nan,nan,0.1983094415329268,0.0033163021176612403,lidar_disabled,1,1,1,1,3,0,2,2,3,cascade_controller_v4,cascade_controller_v4_fast_smooth_true_cascade_pd_1_0,cascade_pd_tracking,follow_main,inner_wheel_pd,True,True,False,"[""cascade_controller_v4""]",False,FOLLOW_MAIN,COMMITTED,HOLD,FOLLOW_MAIN,True,ok,1.0,10.478959427811875,0.12090107399990302,0.05538555499992981,4.2,0.03,0.4689498237979929,0.0,0.016276955211738095,16.276955211738095,0.04189670119478587,0.016276955211738095,16.276955211738095,0.04189670119478587,-0.055113701881676094,-0.054249658938522495,0.72,0.35,0.68,0.3,0.011719407752451429,-0.01928979565858663,0.028489756812454393,-0.01627489768155675,0.11629136991025707,0.11629136991025707,0.11629136991025707,0.21647475212140121,0.21647475212140121,0.1876350876509715,mild,1.03,1.0,0.11754871385607998,-0.004644471224762442,0.35,0.6764836003793788,0.21647475212140121,0.11629136991025707,0.20862508465245885,0.22432441959034358,0.20862508465245885,0.22432441959034358,0.19808559113998467,0.1985332919258689,0.19808559113998467,0.1985332919258689,0.010539493512474185,0.025791127664474667,0.037036071236742775,0.06742954130427385,0.002466832857691292,0.0059437662514015225,0.21109191751015013,0.2302681858417451,0.22068005167594762,0.1278417888772998,0.2029999941587448,0.0,0.1983094415329268,0.0033163021176612403,1.1196255683898926,2.0037753582000732,3.6440000534057617,lidar_disabled,1.0,False,1957.584794792
1785741889.4989488,157.40117049217224,v4,cascade_controller_v4,cascade_controller_v4_fast_smooth_true_cascade_pd_1_0,cascade_pd_tracking,follow_main,inner_wheel_pd,mild,,FOLLOW_MAIN,FOLLOW_MAIN,COMMITTED,HOLD,1,1,4.2,4.2,16.276955211738095,16.276955211738095,0.03,0.04189670119478587,0.04189670119478587,-0.055113701881676094,-0.054249658938522495,0.011719407752451429,-0.01928979565858663,0.028489756812454393,-0.01627489768155675,0.72,0.35,0.68,0.3,nan,nan,nan,nan,nan,1.0,0.1876350876509715,0.11754871385607998,-0.004644471224762442,1.03,0.21647475212140121,0.21647475212140121,0.22068005167594762,0.0,0.2029999941587448,0.11629136991025707,0.11629136991025707,0.35,0.11629136991025707,0.1278417888772998,0.0,0.0,-0.2029999941587448,0.0,0.20862508465245885,0.19808559113998467,0.21109191751015013,0.22432441959034358,0.1985332919258689,0.2302681858417451,0.010539493512474185,0.025791127664474667,0.037036071236742775,0.06742954130427385,0.002466832857691292,0.0059437662514015225,10.478959427811875,1.0,0.0,0.4689498237979929,0.6764836003793788,0,0,0,0,0,0,0,0,0,nan,nan,3.6440000534057617,1.0,0,0,0,1.1196255683898926,2.0037753582000732,2.370895988141729,0.9612834453582764,25.418418407440186,24.839070081710815,23.305198431015015,0.00010418891906738281,1.770444631576538,0.12090107399990302,0.05538555499992981,0.004200000000000001,0.016276955211738095,0.016276955211738095,nan,nan,nan,nan,0.1983094415329268,0.0033163021176612403,lidar_disabled,1,1,1,1,3,0,2,2,3,cascade_controller_v4,cascade_controller_v4_fast_smooth_true_cascade_pd_1_0,cascade_pd_tracking,follow_main,inner_wheel_pd,True,True,False,"[""cascade_controller_v4""]",False,FOLLOW_MAIN,COMMITTED,HOLD,FOLLOW_MAIN,True,ok,1.0,10.478959427811875,0.12090107399990302,0.05538555499992981,4.2,0.03,0.4689498237979929,0.0,0.016276955211738095,16.276955211738095,0.04189670119478587,0.016276955211738095,16.276955211738095,0.04189670119478587,-0.055113701881676094,-0.054249658938522495,0.72,0.35,0.68,0.3,0.011719407752451429,-0.01928979565858663,0.028489756812454393,-0.01627489768155675,0.11629136991025707,0.11629136991025707,0.11629136991025707,0.21647475212140121,0.21647475212140121,0.1876350876509715,mild,1.03,1.0,0.11754871385607998,-0.004644471224762442,0.35,0.6764836003793788,0.21647475212140121,0.11629136991025707,0.20862508465245885,0.22432441959034358,0.20862508465245885,0.22432441959034358,0.19808559113998467,0.1985332919258689,0.19808559113998467,0.1985332919258689,0.010539493512474185,0.025791127664474667,0.037036071236742775,0.06742954130427385,0.002466832857691292,0.0059437662514015225,0.21109191751015013,0.2302681858417451,0.22068005167594762,0.1278417888772998,0.2029999941587448,0.0,0.1983094415329268,0.0033163021176612403,1.1196255683898926,2.0037753582000732,3.6440000534057617,lidar_disabled,1.0,False,1957.584794792
1785741890.3137724,158.21599435806274,v4,cascade_controller_v4,cascade_controller_v4_fast_smooth_true_cascade_pd_1_0,cascade_pd_tracking,follow_main,inner_wheel_pd,mild,,FOLLOW_MAIN,FOLLOW_MAIN,COMMITTED,HOLD,1,1,4.2,4.2,16.276955211738095,16.276955211738095,0.03,0.04189670119478587,0.04189670119478587,-0.055113701881676094,-0.054249658938522495,0.011719407752451429,-0.01928979565858663,0.028489756812454393,-0.01627489768155675,0.72,0.35,0.68,0.3,nan,nan,nan,nan,nan,1.0,0.1876350876509715,0.11754871385607998,-0.004644471224762442,1.03,0.21647475212140121,0.21647475212140121,0.22068005167594762,0.0,0.2029999941587448,0.11629136991025707,0.11629136991025707,0.35,0.11629136991025707,0.1278417888772998,0.0,0.0,-0.2029999941587448,0.0,0.20862508465245885,0.19808559113998467,0.21109191751015013,0.22432441959034358,0.1985332919258689,0.2302681858417451,0.010539493512474185,0.025791127664474667,0.037036071236742775,0.06742954130427385,0.002466832857691292,0.0059437662514015225,10.478959427811875,1.0,0.0,0.4689498237979929,0.6764836003793788,0,0,0,0,0,0,0,0,0,nan,nan,3.6440000534057617,1.0,0,0,0,1.1196255683898926,2.0037753582000732,2.370895988141729,1.7761075496673584,26.233242750167847,25.653894186019897,24.120022773742676,0.8149290084838867,9.179115295410156e-05,0.12090107399990302,0.05538555499992981,0.004200000000000001,0.016276955211738095,0.016276955211738095,nan,nan,nan,nan,0.1983094415329268,0.0033163021176612403,lidar_disabled,1,1,1,1,3,0,2,2,3,cascade_controller_v4,cascade_controller_v4_fast_smooth_true_cascade_pd_1_0,cascade_pd_tracking,follow_main,inner_wheel_pd,True,True,False,"[""cascade_controller_v4""]",False,FOLLOW_MAIN,COMMITTED,HOLD,FOLLOW_MAIN,True,ok,1.0,10.478959427811875,0.12090107399990302,0.05538555499992981,4.2,0.03,0.4689498237979929,0.0,0.016276955211738095,16.276955211738095,0.04189670119478587,0.016276955211738095,16.276955211738095,0.04189670119478587,-0.055113701881676094,-0.054249658938522495,0.72,0.35,0.68,0.3,0.011719407752451429,-0.01928979565858663,0.028489756812454393,-0.01627489768155675,0.11629136991025707,0.11629136991025707,0.11629136991025707,0.21647475212140121,0.21647475212140121,0.1876350876509715,mild,1.03,1.0,0.11754871385607998,-0.004644471224762442,0.35,0.6764836003793788,0.21647475212140121,0.11629136991025707,0.20862508465245885,0.22432441959034358,0.20862508465245885,0.22432441959034358,0.19808559113998467,0.1985332919258689,0.19808559113998467,0.1985332919258689,0.010539493512474185,0.025791127664474667,0.037036071236742775,0.06742954130427385,0.002466832857691292,0.0059437662514015225,0.21109191751015013,0.2302681858417451,0.22068005167594762,0.1278417888772998,0.2029999941587448,0.0,0.1983094415329268,0.0033163021176612403,1.1196255683898926,2.0037753582000732,3.6440000534057617,lidar_disabled,1.0,False,1957.584794792
1785741891.3362548,159.23847675323486,v4,cascade_controller_v4,cascade_controller_v4_fast_smooth_true_cascade_pd_1_0,cascade_pd_tracking,follow_main,inner_wheel_pd,mild,,FOLLOW_MAIN,FOLLOW_MAIN,COMMITTED,HOLD,1,1,4.2,4.2,16.276955211738095,16.276955211738095,0.03,0.04189670119478587,0.04189670119478587,-0.055113701881676094,-0.054249658938522495,0.011719407752451429,-0.01928979565858663,0.028489756812454393,-0.01627489768155675,0.72,0.35,0.68,0.3,nan,nan,nan,nan,nan,1.0,0.1876350876509715,0.11754871385607998,-0.004644471224762442,1.03,0.21647475212140121,0.21647475212140121,0.22068005167594762,0.0,0.2029999941587448,0.11629136991025707,0.11629136991025707,0.35,0.11629136991025707,0.1278417888772998,0.0,0.0,-0.2029999941587448,0.0,0.20862508465245885,0.19808559113998467,0.21109191751015013,0.22432441959034358,0.1985332919258689,0.2302681858417451,0.010539493512474185,0.025791127664474667,0.037036071236742775,0.06742954130427385,0.002466832857691292,0.0059437662514015225,10.478959427811875,1.0,0.0,0.4689498237979929,0.6764836003793788,0,0,0,0,0,0,0,0,0,nan,nan,3.6440000534057617,1.0,0,0,0,1.1196255683898926,2.0037753582000732,2.370895988141729,0.00010180473327636719,27.255724906921387,26.676376342773438,25.142504453659058,1.8374109268188477,1.0225739479064941,0.12090107399990302,0.05538555499992981,0.004200000000000001,0.016276955211738095,0.016276955211738095,nan,nan,nan,nan,0.1983094415329268,0.0033163021176612403,lidar_disabled,1,1,1,1,3,0,2,2,3,cascade_controller_v4,cascade_controller_v4_fast_smooth_true_cascade_pd_1_0,cascade_pd_tracking,follow_main,inner_wheel_pd,True,True,False,"[""cascade_controller_v4""]",False,FOLLOW_MAIN,COMMITTED,HOLD,FOLLOW_MAIN,True,ok,1.0,10.478959427811875,0.12090107399990302,0.05538555499992981,4.2,0.03,0.4689498237979929,0.0,0.016276955211738095,16.276955211738095,0.04189670119478587,0.016276955211738095,16.276955211738095,0.04189670119478587,-0.055113701881676094,-0.054249658938522495,0.72,0.35,0.68,0.3,0.011719407752451429,-0.01928979565858663,0.028489756812454393,-0.01627489768155675,0.11629136991025707,0.11629136991025707,0.11629136991025707,0.21647475212140121,0.21647475212140121,0.1876350876509715,mild,1.03,1.0,0.11754871385607998,-0.004644471224762442,0.35,0.6764836003793788,0.21647475212140121,0.11629136991025707,0.20862508465245885,0.22432441959034358,0.20862508465245885,0.22432441959034358,0.19808559113998467,0.1985332919258689,0.19808559113998467,0.1985332919258689,0.010539493512474185,0.025791127664474667,0.037036071236742775,0.06742954130427385,0.002466832857691292,0.0059437662514015225,0.21109191751015013,0.2302681858417451,0.22068005167594762,0.1278417888772998,0.2029999941587448,0.0,0.1983094415329268,0.0033163021176612403,1.1196255683898926,2.0037753582000732,3.6440000534057617,lidar_disabled,1.0,False,1957.584794792
1785741892.160491,160.06271266937256,v4,cascade_controller_v4,cascade_controller_v4_fast_smooth_true_cascade_pd_1_0,cascade_pd_tracking,follow_main,inner_wheel_pd,mild,,FOLLOW_MAIN,FOLLOW_MAIN,COMMITTED,HOLD,1,1,4.2,4.2,16.276955211738095,16.276955211738095,0.03,0.04189670119478587,0.04189670119478587,-0.055113701881676094,-0.054249658938522495,0.011719407752451429,-0.01928979565858663,0.028489756812454393,-0.01627489768155675,0.72,0.35,0.68,0.3,nan,nan,nan,nan,nan,1.0,0.1876350876509715,0.11754871385607998,-0.004644471224762442,1.03,0.21647475212140121,0.21647475212140121,0.22068005167594762,0.0,0.2029999941587448,0.11629136991025707,0.11629136991025707,0.35,0.11629136991025707,0.1278417888772998,0.0,0.0,-0.2029999941587448,0.0,0.20862508465245885,0.19808559113998467,0.21109191751015013,0.22432441959034358,0.1985332919258689,0.2302681858417451,0.010539493512474185,0.025791127664474667,0.037036071236742775,0.06742954130427385,0.002466832857691292,0.0059437662514015225,10.478959427811875,1.0,0.0,0.4689498237979929,0.6764836003793788,0,0,0,0,0,0,0,0,0,nan,nan,3.6440000534057617,1.0,0,0,0,1.1196255683898926,2.0037753582000732,2.370895988141729,0.8243374824523926,28.079960107803345,27.500611305236816,25.966739416122437,9.179115295410156e-05,1.8468084335327148,0.12090107399990302,0.05538555499992981,0.004200000000000001,0.016276955211738095,0.016276955211738095,nan,nan,nan,nan,0.1983094415329268,0.0033163021176612403,lidar_disabled,1,1,1,1,3,0,2,2,3,cascade_controller_v4,cascade_controller_v4_fast_smooth_true_cascade_pd_1_0,cascade_pd_tracking,follow_main,inner_wheel_pd,True,True,False,"[""cascade_controller_v4""]",False,FOLLOW_MAIN,COMMITTED,HOLD,FOLLOW_MAIN,True,ok,1.0,10.478959427811875,0.12090107399990302,0.05538555499992981,4.2,0.03,0.4689498237979929,0.0,0.016276955211738095,16.276955211738095,0.04189670119478587,0.016276955211738095,16.276955211738095,0.04189670119478587,-0.055113701881676094,-0.054249658938522495,0.72,0.35,0.68,0.3,0.011719407752451429,-0.01928979565858663,0.028489756812454393,-0.01627489768155675,0.11629136991025707,0.11629136991025707,0.11629136991025707,0.21647475212140121,0.21647475212140121,0.1876350876509715,mild,1.03,1.0,0.11754871385607998,-0.004644471224762442,0.35,0.6764836003793788,0.21647475212140121,0.11629136991025707,0.20862508465245885,0.22432441959034358,0.20862508465245885,0.22432441959034358,0.19808559113998467,0.1985332919258689,0.19808559113998467,0.1985332919258689,0.010539493512474185,0.025791127664474667,0.037036071236742775,0.06742954130427385,0.002466832857691292,0.0059437662514015225,0.21109191751015013,0.2302681858417451,0.22068005167594762,0.1278417888772998,0.2029999941587448,0.0,0.1983094415329268,0.0033163021176612403,1.1196255683898926,2.0037753582000732,3.6440000534057617,lidar_disabled,1.0,False,1957.584794792
1785741892.724361,160.6265823841095,v4,cascade_controller_v4,cascade_controller_v4_fast_smooth_true_cascade_pd_1_0,cascade_pd_tracking,follow_main,inner_wheel_pd,mild,,FOLLOW_MAIN,FOLLOW_MAIN,COMMITTED,HOLD,1,1,4.2,4.2,16.276955211738095,16.276955211738095,0.03,0.04189670119478587,0.04189670119478587,-0.055113701881676094,-0.054249658938522495,0.011719407752451429,-0.01928979565858663,0.028489756812454393,-0.01627489768155675,0.72,0.35,0.68,0.3,nan,nan,nan,nan,nan,1.0,0.1876350876509715,0.11754871385607998,-0.004644471224762442,1.03,0.21647475212140121,0.21647475212140121,0.22068005167594762,0.0,0.2029999941587448,0.11629136991025707,0.11629136991025707,0.35,0.11629136991025707,0.1278417888772998,0.0,0.0,-0.2029999941587448,0.0,0.20862508465245885,0.19808559113998467,0.21109191751015013,0.22432441959034358,0.1985332919258689,0.2302681858417451,0.010539493512474185,0.025791127664474667,0.037036071236742775,0.06742954130427385,0.002466832857691292,0.0059437662514015225,10.478959427811875,1.0,0.0,0.4689498237979929,0.6764836003793788,0,0,0,0,0,0,0,0,0,nan,nan,3.6440000534057617,1.0,0,0,0,1.1196255683898926,2.0037753582000732,2.370895988141729,1.3882110118865967,28.643833875656128,28.064485788345337,26.530614137649536,0.5639665126800537,0.00014138221740722656,0.12090107399990302,0.05538555499992981,0.004200000000000001,0.016276955211738095,0.016276955211738095,nan,nan,nan,nan,0.1983094415329268,0.0033163021176612403,lidar_disabled,1,1,1,1,3,0,2,2,3,cascade_controller_v4,cascade_controller_v4_fast_smooth_true_cascade_pd_1_0,cascade_pd_tracking,follow_main,inner_wheel_pd,True,True,False,"[""cascade_controller_v4""]",False,FOLLOW_MAIN,COMMITTED,HOLD,FOLLOW_MAIN,True,ok,1.0,10.478959427811875,0.12090107399990302,0.05538555499992981,4.2,0.03,0.4689498237979929,0.0,0.016276955211738095,16.276955211738095,0.04189670119478587,0.016276955211738095,16.276955211738095,0.04189670119478587,-0.055113701881676094,-0.054249658938522495,0.72,0.35,0.68,0.3,0.011719407752451429,-0.01928979565858663,0.028489756812454393,-0.01627489768155675,0.11629136991025707,0.11629136991025707,0.11629136991025707,0.21647475212140121,0.21647475212140121,0.1876350876509715,mild,1.03,1.0,0.11754871385607998,-0.004644471224762442,0.35,0.6764836003793788,0.21647475212140121,0.11629136991025707,0.20862508465245885,0.22432441959034358,0.20862508465245885,0.22432441959034358,0.19808559113998467,0.1985332919258689,0.19808559113998467,0.1985332919258689,0.010539493512474185,0.025791127664474667,0.037036071236742775,0.06742954130427385,0.002466832857691292,0.0059437662514015225,0.21109191751015013,0.2302681858417451,0.22068005167594762,0.1278417888772998,0.2029999941587448,0.0,0.1983094415329268,0.0033163021176612403,1.1196255683898926,2.0037753582000732,3.6440000534057617,lidar_disabled,1.0,False,1957.584794792
1785741893.4568086,161.35903787612915,v4,cascade_controller_v4,cascade_controller_v4_fast_smooth_true_cascade_pd_1_0,cascade_pd_tracking,follow_main,inner_wheel_pd,mild,,FOLLOW_MAIN,FOLLOW_MAIN,COMMITTED,HOLD,1,1,4.2,4.2,16.276955211738095,16.276955211738095,0.03,0.04189670119478587,0.04189670119478587,-0.055113701881676094,-0.054249658938522495,0.011719407752451429,-0.01928979565858663,0.028489756812454393,-0.01627489768155675,0.72,0.35,0.68,0.3,nan,nan,nan,nan,nan,1.0,0.1876350876509715,0.11754871385607998,-0.004644471224762442,1.03,0.21647475212140121,0.21647475212140121,0.22068005167594762,0.0,0.2029999941587448,0.11629136991025707,0.11629136991025707,0.35,0.11629136991025707,0.1278417888772998,0.0,0.0,-0.2029999941587448,0.0,0.20862508465245885,0.19808559113998467,0.21109191751015013,0.22432441959034358,0.1985332919258689,0.2302681858417451,0.010539493512474185,0.025791127664474667,0.037036071236742775,0.06742954130427385,0.002466832857691292,0.0059437662514015225,10.478959427811875,1.0,0.0,0.4689498237979929,0.6764836003793788,0,0,0,0,0,0,0,0,0,nan,nan,3.6440000534057617,1.0,0,0,0,1.1196255683898926,2.0037753582000732,2.370895988141729,0.00014901161193847656,29.376286268234253,28.796937942504883,27.26306653022766,1.2964186668395996,0.7325937747955322,0.12090107399990302,0.05538555499992981,0.004200000000000001,0.016276955211738095,0.016276955211738095,nan,nan,nan,nan,0.1983094415329268,0.0033163021176612403,lidar_disabled,1,1,1,1,3,0,2,2,3,cascade_controller_v4,cascade_controller_v4_fast_smooth_true_cascade_pd_1_0,cascade_pd_tracking,follow_main,inner_wheel_pd,True,True,False,"[""cascade_controller_v4""]",False,FOLLOW_MAIN,COMMITTED,HOLD,FOLLOW_MAIN,True,ok,1.0,10.478959427811875,0.12090107399990302,0.05538555499992981,4.2,0.03,0.4689498237979929,0.0,0.016276955211738095,16.276955211738095,0.04189670119478587,0.016276955211738095,16.276955211738095,0.04189670119478587,-0.055113701881676094,-0.054249658938522495,0.72,0.35,0.68,0.3,0.011719407752451429,-0.01928979565858663,0.028489756812454393,-0.01627489768155675,0.11629136991025707,0.11629136991025707,0.11629136991025707,0.21647475212140121,0.21647475212140121,0.1876350876509715,mild,1.03,1.0,0.11754871385607998,-0.004644471224762442,0.35,0.6764836003793788,0.21647475212140121,0.11629136991025707,0.20862508465245885,0.22432441959034358,0.20862508465245885,0.22432441959034358,0.19808559113998467,0.1985332919258689,0.19808559113998467,0.1985332919258689,0.010539493512474185,0.025791127664474667,0.037036071236742775,0.06742954130427385,0.002466832857691292,0.0059437662514015225,0.21109191751015013,0.2302681858417451,0.22068005167594762,0.1278417888772998,0.2029999941587448,0.0,0.1983094415329268,0.0033163021176612403,1.1196255683898926,2.0037753582000732,3.6440000534057617,lidar_disabled,1.0,False,1957.584794792
1785741894.116067,162.01828861236572,v4,cascade_controller_v4,cascade_controller_v4_fast_smooth_true_cascade_pd_1_0,cascade_pd_tracking,follow_main,inner_wheel_pd,mild,,FOLLOW_MAIN,FOLLOW_MAIN,COMMITTED,HOLD,1,1,4.2,4.2,16.276955211738095,16.276955211738095,0.03,0.04189670119478587,0.04189670119478587,-0.055113701881676094,-0.054249658938522495,0.011719407752451429,-0.01928979565858663,0.028489756812454393,-0.01627489768155675,0.72,0.35,0.68,0.3,nan,nan,nan,nan,nan,1.0,0.1876350876509715,0.11754871385607998,-0.004644471224762442,1.03,0.21647475212140121,0.21647475212140121,0.22068005167594762,0.0,0.2029999941587448,0.11629136991025707,0.11629136991025707,0.35,0.11629136991025707,0.1278417888772998,0.0,0.0,-0.2029999941587448,0.0,0.20862508465245885,0.19808559113998467,0.21109191751015013,0.22432441959034358,0.1985332919258689,0.2302681858417451,0.010539493512474185,0.025791127664474667,0.037036071236742775,0.06742954130427385,0.002466832857691292,0.0059437662514015225,10.478959427811875,1.0,0.0,0.4689498237979929,0.6764836003793788,0,0,0,0,0,0,0,0,0,nan,nan,3.6440000534057617,1.0,0,0,0,1.1196255683898926,2.0037753582000732,2.370895988141729,0.6593985557556152,30.03553557395935,29.45618724822998,27.92231512069702,9.822845458984375e-05,1.3918418884277344,0.12090107399990302,0.05538555499992981,0.004200000000000001,0.016276955211738095,0.016276955211738095,nan,nan,nan,nan,0.1983094415329268,0.0033163021176612403,lidar_disabled,1,1,1,1,3,0,2,2,3,cascade_controller_v4,cascade_controller_v4_fast_smooth_true_cascade_pd_1_0,cascade_pd_tracking,follow_main,inner_wheel_pd,True,True,False,"[""cascade_controller_v4""]",False,FOLLOW_MAIN,COMMITTED,HOLD,FOLLOW_MAIN,True,ok,1.0,10.478959427811875,0.12090107399990302,0.05538555499992981,4.2,0.03,0.4689498237979929,0.0,0.016276955211738095,16.276955211738095,0.04189670119478587,0.016276955211738095,16.276955211738095,0.04189670119478587,-0.055113701881676094,-0.054249658938522495,0.72,0.35,0.68,0.3,0.011719407752451429,-0.01928979565858663,0.028489756812454393,-0.01627489768155675,0.11629136991025707,0.11629136991025707,0.11629136991025707,0.21647475212140121,0.21647475212140121,0.1876350876509715,mild,1.03,1.0,0.11754871385607998,-0.004644471224762442,0.35,0.6764836003793788,0.21647475212140121,0.11629136991025707,0.20862508465245885,0.22432441959034358,0.20862508465245885,0.22432441959034358,0.19808559113998467,0.1985332919258689,0.19808559113998467,0.1985332919258689,0.010539493512474185,0.025791127664474667,0.037036071236742775,0.06742954130427385,0.002466832857691292,0.0059437662514015225,0.21109191751015013,0.2302681858417451,0.22068005167594762,0.1278417888772998,0.2029999941587448,0.0,0.1983094415329268,0.0033163021176612403,1.1196255683898926,2.0037753582000732,3.6440000534057617,lidar_disabled,1.0,False,1957.584794792
1785741894.6886582,162.5908796787262,v4,cascade_controller_v4,cascade_controller_v4_fast_smooth_true_cascade_pd_1_0,cascade_pd_tracking,follow_main,inner_wheel_pd,mild,,FOLLOW_MAIN,FOLLOW_MAIN,COMMITTED,HOLD,1,1,4.2,4.2,16.276955211738095,16.276955211738095,0.03,0.04189670119478587,0.04189670119478587,-0.055113701881676094,-0.054249658938522495,0.011719407752451429,-0.01928979565858663,0.028489756812454393,-0.01627489768155675,0.72,0.35,0.68,0.3,nan,nan,nan,nan,nan,1.0,0.1876350876509715,0.11754871385607998,-0.004644471224762442,1.03,0.21647475212140121,0.21647475212140121,0.22068005167594762,0.0,0.2029999941587448,0.11629136991025707,0.11629136991025707,0.35,0.11629136991025707,0.1278417888772998,0.0,0.0,-0.2029999941587448,0.0,0.20862508465245885,0.19808559113998467,0.21109191751015013,0.22432441959034358,0.1985332919258689,0.2302681858417451,0.010539493512474185,0.025791127664474667,0.037036071236742775,0.06742954130427385,0.002466832857691292,0.0059437662514015225,10.478959427811875,1.0,0.0,0.4689498237979929,0.6764836003793788,0,0,0,0,0,0,0,0,0,nan,nan,3.6440000534057617,1.0,0,0,0,1.1196255683898926,2.0037753582000732,2.370895988141729,1.2319893836975098,30.608126878738403,30.028778314590454,28.494906187057495,0.5726895332336426,6.67572021484375e-05,0.12090107399990302,0.05538555499992981,0.004200000000000001,0.016276955211738095,0.016276955211738095,nan,nan,nan,nan,0.1983094415329268,0.0033163021176612403,lidar_disabled,1,1,1,1,3,0,2,2,3,cascade_controller_v4,cascade_controller_v4_fast_smooth_true_cascade_pd_1_0,cascade_pd_tracking,follow_main,inner_wheel_pd,True,True,False,"[""cascade_controller_v4""]",False,FOLLOW_MAIN,COMMITTED,HOLD,FOLLOW_MAIN,True,ok,1.0,10.478959427811875,0.12090107399990302,0.05538555499992981,4.2,0.03,0.4689498237979929,0.0,0.016276955211738095,16.276955211738095,0.04189670119478587,0.016276955211738095,16.276955211738095,0.04189670119478587,-0.055113701881676094,-0.054249658938522495,0.72,0.35,0.68,0.3,0.011719407752451429,-0.01928979565858663,0.028489756812454393,-0.01627489768155675,0.11629136991025707,0.11629136991025707,0.11629136991025707,0.21647475212140121,0.21647475212140121,0.1876350876509715,mild,1.03,1.0,0.11754871385607998,-0.004644471224762442,0.35,0.6764836003793788,0.21647475212140121,0.11629136991025707,0.20862508465245885,0.22432441959034358,0.20862508465245885,0.22432441959034358,0.19808559113998467,0.1985332919258689,0.19808559113998467,0.1985332919258689,0.010539493512474185,0.025791127664474667,0.037036071236742775,0.06742954130427385,0.002466832857691292,0.0059437662514015225,0.21109191751015013,0.2302681858417451,0.22068005167594762,0.1278417888772998,0.2029999941587448,0.0,0.1983094415329268,0.0033163021176612403,1.1196255683898926,2.0037753582000732,3.6440000534057617,lidar_disabled,1.0,False,1957.584794792
1785741895.2427518,163.14497327804565,v4,cascade_controller_v4,cascade_controller_v4_fast_smooth_true_cascade_pd_1_0,cascade_pd_tracking,follow_main,inner_wheel_pd,mild,,FOLLOW_MAIN,FOLLOW_MAIN,COMMITTED,HOLD,1,1,4.2,4.2,16.276955211738095,16.276955211738095,0.03,0.04189670119478587,0.04189670119478587,-0.055113701881676094,-0.054249658938522495,0.011719407752451429,-0.01928979565858663,0.028489756812454393,-0.01627489768155675,0.72,0.35,0.68,0.3,nan,nan,nan,nan,nan,1.0,0.1876350876509715,0.11754871385607998,-0.004644471224762442,1.03,0.21647475212140121,0.21647475212140121,0.22068005167594762,0.0,0.2029999941587448,0.11629136991025707,0.11629136991025707,0.35,0.11629136991025707,0.1278417888772998,0.0,0.0,-0.2029999941587448,0.0,0.20862508465245885,0.19808559113998467,0.21109191751015013,0.22432441959034358,0.1985332919258689,0.2302681858417451,0.010539493512474185,0.025791127664474667,0.037036071236742775,0.06742954130427385,0.002466832857691292,0.0059437662514015225,10.478959427811875,1.0,0.0,0.4689498237979929,0.6764836003793788,0,0,0,0,0,0,0,0,0,nan,nan,3.6440000534057617,1.0,0,0,0,1.1196255683898926,2.0037753582000732,2.370895988141729,6.008148193359375e-05,31.162220239639282,30.582871675491333,29.048999786376953,1.1267831325531006,0.5541608333587646,0.12090107399990302,0.05538555499992981,0.004200000000000001,0.016276955211738095,0.016276955211738095,nan,nan,nan,nan,0.1983094415329268,0.0033163021176612403,lidar_disabled,1,1,1,1,3,0,2,2,3,cascade_controller_v4,cascade_controller_v4_fast_smooth_true_cascade_pd_1_0,cascade_pd_tracking,follow_main,inner_wheel_pd,True,True,False,"[""cascade_controller_v4""]",False,FOLLOW_MAIN,COMMITTED,HOLD,FOLLOW_MAIN,True,ok,1.0,10.478959427811875,0.12090107399990302,0.05538555499992981,4.2,0.03,0.4689498237979929,0.0,0.016276955211738095,16.276955211738095,0.04189670119478587,0.016276955211738095,16.276955211738095,0.04189670119478587,-0.055113701881676094,-0.054249658938522495,0.72,0.35,0.68,0.3,0.011719407752451429,-0.01928979565858663,0.028489756812454393,-0.01627489768155675,0.11629136991025707,0.11629136991025707,0.11629136991025707,0.21647475212140121,0.21647475212140121,0.1876350876509715,mild,1.03,1.0,0.11754871385607998,-0.004644471224762442,0.35,0.6764836003793788,0.21647475212140121,0.11629136991025707,0.20862508465245885,0.22432441959034358,0.20862508465245885,0.22432441959034358,0.19808559113998467,0.1985332919258689,0.19808559113998467,0.1985332919258689,0.010539493512474185,0.025791127664474667,0.037036071236742775,0.06742954130427385,0.002466832857691292,0.0059437662514015225,0.21109191751015013,0.2302681858417451,0.22068005167594762,0.1278417888772998,0.2029999941587448,0.0,0.1983094415329268,0.0033163021176612403,1.1196255683898926,2.0037753582000732,3.6440000534057617,lidar_disabled,1.0,False,1957.584794792
1785741895.7697623,163.67198371887207,v4,cascade_controller_v4,cascade_controller_v4_fast_smooth_true_cascade_pd_1_0,cascade_pd_tracking,follow_main,inner_wheel_pd,mild,,FOLLOW_MAIN,FOLLOW_MAIN,COMMITTED,HOLD,1,1,4.2,4.2,16.276955211738095,16.276955211738095,0.03,0.04189670119478587,0.04189670119478587,-0.055113701881676094,-0.054249658938522495,0.011719407752451429,-0.01928979565858663,0.028489756812454393,-0.01627489768155675,0.72,0.35,0.68,0.3,nan,nan,nan,nan,nan,1.0,0.1876350876509715,0.11754871385607998,-0.004644471224762442,1.03,0.21647475212140121,0.21647475212140121,0.22068005167594762,0.0,0.2029999941587448,0.11629136991025707,0.11629136991025707,0.35,0.11629136991025707,0.1278417888772998,0.0,0.0,-0.2029999941587448,0.0,0.20862508465245885,0.19808559113998467,0.21109191751015013,0.22432441959034358,0.1985332919258689,0.2302681858417451,0.010539493512474185,0.025791127664474667,0.037036071236742775,0.06742954130427385,0.002466832857691292,0.0059437662514015225,10.478959427811875,1.0,0.0,0.4689498237979929,0.6764836003793788,0,0,0,0,0,0,0,0,0,nan,nan,3.6440000534057617,1.0,0,0,0,1.1196255683898926,2.0037753582000732,2.370895988141729,0.5270712375640869,31.689231634140015,31.109883069992065,29.576011419296265,9.703636169433594e-05,1.081172227859497,0.12090107399990302,0.05538555499992981,0.004200000000000001,0.016276955211738095,0.016276955211738095,nan,nan,nan,nan,0.1983094415329268,0.0033163021176612403,lidar_disabled,1,1,1,1,3,0,2,2,3,cascade_controller_v4,cascade_controller_v4_fast_smooth_true_cascade_pd_1_0,cascade_pd_tracking,follow_main,inner_wheel_pd,True,True,False,"[""cascade_controller_v4""]",False,FOLLOW_MAIN,COMMITTED,HOLD,FOLLOW_MAIN,True,ok,1.0,10.478959427811875,0.12090107399990302,0.05538555499992981,4.2,0.03,0.4689498237979929,0.0,0.016276955211738095,16.276955211738095,0.04189670119478587,0.016276955211738095,16.276955211738095,0.04189670119478587,-0.055113701881676094,-0.054249658938522495,0.72,0.35,0.68,0.3,0.011719407752451429,-0.01928979565858663,0.028489756812454393,-0.01627489768155675,0.11629136991025707,0.11629136991025707,0.11629136991025707,0.21647475212140121,0.21647475212140121,0.1876350876509715,mild,1.03,1.0,0.11754871385607998,-0.004644471224762442,0.35,0.6764836003793788,0.21647475212140121,0.11629136991025707,0.20862508465245885,0.22432441959034358,0.20862508465245885,0.22432441959034358,0.19808559113998467,0.1985332919258689,0.19808559113998467,0.1985332919258689,0.010539493512474185,0.025791127664474667,0.037036071236742775,0.06742954130427385,0.002466832857691292,0.0059437662514015225,0.21109191751015013,0.2302681858417451,0.22068005167594762,0.1278417888772998,0.2029999941587448,0.0,0.1983094415329268,0.0033163021176612403,1.1196255683898926,2.0037753582000732,3.6440000534057617,lidar_disabled,1.0,False,1957.584794792
1785741896.4275978,164.3298192024231,v4,cascade_controller_v4,cascade_controller_v4_fast_smooth_true_cascade_pd_1_0,cascade_pd_tracking,follow_main,inner_wheel_pd,mild,,FOLLOW_MAIN,FOLLOW_MAIN,COMMITTED,HOLD,1,1,4.2,4.2,16.276955211738095,16.276955211738095,0.03,0.04189670119478587,0.04189670119478587,-0.055113701881676094,-0.054249658938522495,0.011719407752451429,-0.01928979565858663,0.028489756812454393,-0.01627489768155675,0.72,0.35,0.68,0.3,nan,nan,nan,nan,nan,1.0,0.1876350876509715,0.11754871385607998,-0.004644471224762442,1.03,0.21647475212140121,0.21647475212140121,0.22068005167594762,0.0,0.2029999941587448,0.11629136991025707,0.11629136991025707,0.35,0.11629136991025707,0.1278417888772998,0.0,0.0,-0.2029999941587448,0.0,0.20862508465245885,0.19808559113998467,0.21109191751015013,0.22432441959034358,0.1985332919258689,0.2302681858417451,0.010539493512474185,0.025791127664474667,0.037036071236742775,0.06742954130427385,0.002466832857691292,0.0059437662514015225,10.478959427811875,1.0,0.0,0.4689498237979929,0.6764836003793788,0,0,0,0,0,0,0,0,0,nan,nan,3.6440000534057617,1.0,0,0,0,1.1196255683898926,2.0037753582000732,2.370895988141729,1.184906005859375,32.3470664024353,31.767717361450195,30.233845472335815,0.6579310894012451,6.151199340820312e-05,0.12090107399990302,0.05538555499992981,0.004200000000000001,0.016276955211738095,0.016276955211738095,nan,nan,nan,nan,0.1983094415329268,0.0033163021176612403,lidar_disabled,1,1,1,1,3,0,2,2,3,cascade_controller_v4,cascade_controller_v4_fast_smooth_true_cascade_pd_1_0,cascade_pd_tracking,follow_main,inner_wheel_pd,True,True,False,"[""cascade_controller_v4""]",False,FOLLOW_MAIN,COMMITTED,HOLD,FOLLOW_MAIN,True,ok,1.0,10.478959427811875,0.12090107399990302,0.05538555499992981,4.2,0.03,0.4689498237979929,0.0,0.016276955211738095,16.276955211738095,0.04189670119478587,0.016276955211738095,16.276955211738095,0.04189670119478587,-0.055113701881676094,-0.054249658938522495,0.72,0.35,0.68,0.3,0.011719407752451429,-0.01928979565858663,0.028489756812454393,-0.01627489768155675,0.11629136991025707,0.11629136991025707,0.11629136991025707,0.21647475212140121,0.21647475212140121,0.1876350876509715,mild,1.03,1.0,0.11754871385607998,-0.004644471224762442,0.35,0.6764836003793788,0.21647475212140121,0.11629136991025707,0.20862508465245885,0.22432441959034358,0.20862508465245885,0.22432441959034358,0.19808559113998467,0.1985332919258689,0.19808559113998467,0.1985332919258689,0.010539493512474185,0.025791127664474667,0.037036071236742775,0.06742954130427385,0.002466832857691292,0.0059437662514015225,0.21109191751015013,0.2302681858417451,0.22068005167594762,0.1278417888772998,0.2029999941587448,0.0,0.1983094415329268,0.0033163021176612403,1.1196255683898926,2.0037753582000732,3.6440000534057617,lidar_disabled,1.0,False,1957.584794792
1785741897.0600667,164.9622883796692,v4,cascade_controller_v4,cascade_controller_v4_fast_smooth_true_cascade_pd_1_0,cascade_pd_tracking,follow_main,inner_wheel_pd,mild,,FOLLOW_MAIN,FOLLOW_MAIN,COMMITTED,HOLD,1,1,4.2,4.2,16.276955211738095,16.276955211738095,0.03,0.04189670119478587,0.04189670119478587,-0.055113701881676094,-0.054249658938522495,0.011719407752451429,-0.01928979565858663,0.028489756812454393,-0.01627489768155675,0.72,0.35,0.68,0.3,nan,nan,nan,nan,nan,1.0,0.1876350876509715,0.11754871385607998,-0.004644471224762442,1.03,0.21647475212140121,0.21647475212140121,0.22068005167594762,0.0,0.2029999941587448,0.11629136991025707,0.11629136991025707,0.35,0.11629136991025707,0.1278417888772998,0.0,0.0,-0.2029999941587448,0.0,0.20862508465245885,0.19808559113998467,0.21109191751015013,0.22432441959034358,0.1985332919258689,0.2302681858417451,0.010539493512474185,0.025791127664474667,0.037036071236742775,0.06742954130427385,0.002466832857691292,0.0059437662514015225,10.478959427811875,1.0,0.0,0.4689498237979929,0.6764836003793788,0,0,0,0,0,0,0,0,0,nan,nan,3.6440000534057617,1.0,0,0,0,1.1196255683898926,2.0037753582000732,2.370895988141729,5.888938903808594e-05,32.97953510284424,32.40018677711487,30.86631464958191,1.2904002666473389,0.6325311660766602,0.12090107399990302,0.05538555499992981,0.004200000000000001,0.016276955211738095,0.016276955211738095,nan,nan,nan,nan,0.1983094415329268,0.0033163021176612403,lidar_disabled,1,1,1,1,3,0,2,2,3,cascade_controller_v4,cascade_controller_v4_fast_smooth_true_cascade_pd_1_0,cascade_pd_tracking,follow_main,inner_wheel_pd,True,True,False,"[""cascade_controller_v4""]",False,FOLLOW_MAIN,COMMITTED,HOLD,FOLLOW_MAIN,True,ok,1.0,10.478959427811875,0.12090107399990302,0.05538555499992981,4.2,0.03,0.4689498237979929,0.0,0.016276955211738095,16.276955211738095,0.04189670119478587,0.016276955211738095,16.276955211738095,0.04189670119478587,-0.055113701881676094,-0.054249658938522495,0.72,0.35,0.68,0.3,0.011719407752451429,-0.01928979565858663,0.028489756812454393,-0.01627489768155675,0.11629136991025707,0.11629136991025707,0.11629136991025707,0.21647475212140121,0.21647475212140121,0.1876350876509715,mild,1.03,1.0,0.11754871385607998,-0.004644471224762442,0.35,0.6764836003793788,0.21647475212140121,0.11629136991025707,0.20862508465245885,0.22432441959034358,0.20862508465245885,0.22432441959034358,0.19808559113998467,0.1985332919258689,0.19808559113998467,0.1985332919258689,0.010539493512474185,0.025791127664474667,0.037036071236742775,0.06742954130427385,0.002466832857691292,0.0059437662514015225,0.21109191751015013,0.2302681858417451,0.22068005167594762,0.1278417888772998,0.2029999941587448,0.0,0.1983094415329268,0.0033163021176612403,1.1196255683898926,2.0037753582000732,3.6440000534057617,lidar_disabled,1.0,False,1957.584794792
1785741897.6746352,165.57685661315918,v4,cascade_controller_v4,cascade_controller_v4_fast_smooth_true_cascade_pd_1_0,cascade_pd_tracking,follow_main,inner_wheel_pd,mild,,FOLLOW_MAIN,FOLLOW_MAIN,COMMITTED,HOLD,1,1,4.2,4.2,16.276955211738095,16.276955211738095,0.03,0.04189670119478587,0.04189670119478587,-0.055113701881676094,-0.054249658938522495,0.011719407752451429,-0.01928979565858663,0.028489756812454393,-0.01627489768155675,0.72,0.35,0.68,0.3,nan,nan,nan,nan,nan,1.0,0.1876350876509715,0.11754871385607998,-0.004644471224762442,1.03,0.21647475212140121,0.21647475212140121,0.22068005167594762,0.16950268394281076,0.2029999941587448,0.11629136991025707,0.11629136991025707,0.35,0.11629136991025707,0.1278417888772998,-0.2915296188268716,0.0,-0.03349731021593405,-0.2915296188268716,0.20862508465245885,0.19808559113998467,0.21109191751015013,0.22432441959034358,0.1985332919258689,0.2302681858417451,0.010539493512474185,0.025791127664474667,0.037036071236742775,0.06742954130427385,0.002466832857691292,0.0059437662514015225,10.478959427811875,1.0,0.0,0.4689498237979929,0.6764836003793788,0,0,0,0,0,0,0,0,0,nan,nan,3.6440000534057617,1.0,0,0,0,1.1196255683898926,2.0037753582000732,2.370895988141729,0.614628791809082,33.59410548210144,33.01475715637207,9.179115295410156e-05,1.9049708843231201,1.2471022605895996,0.12090107399990302,0.05538555499992981,0.004200000000000001,0.016276955211738095,0.016276955211738095,nan,nan,nan,nan,0.1983094415329268,0.0033163021176612403,lidar_disabled,1,1,1,1,3,0,2,2,3,cascade_controller_v4,cascade_controller_v4_fast_smooth_true_cascade_pd_1_0,cascade_pd_tracking,follow_main,inner_wheel_pd,True,True,False,"[""cascade_controller_v4""]",False,FOLLOW_MAIN,COMMITTED,HOLD,FOLLOW_MAIN,True,ok,1.0,10.478959427811875,0.12090107399990302,0.05538555499992981,4.2,0.03,0.4689498237979929,0.0,0.016276955211738095,16.276955211738095,0.04189670119478587,0.016276955211738095,16.276955211738095,0.04189670119478587,-0.055113701881676094,-0.054249658938522495,0.72,0.35,0.68,0.3,0.011719407752451429,-0.01928979565858663,0.028489756812454393,-0.01627489768155675,0.11629136991025707,0.11629136991025707,0.11629136991025707,0.21647475212140121,0.21647475212140121,0.1876350876509715,mild,1.03,1.0,0.11754871385607998,-0.004644471224762442,0.35,0.6764836003793788,0.21647475212140121,0.11629136991025707,0.20862508465245885,0.22432441959034358,0.20862508465245885,0.22432441959034358,0.19808559113998467,0.1985332919258689,0.19808559113998467,0.1985332919258689,0.010539493512474185,0.025791127664474667,0.037036071236742775,0.06742954130427385,0.002466832857691292,0.0059437662514015225,0.21109191751015013,0.2302681858417451,0.22068005167594762,0.1278417888772998,0.2029999941587448,0.0,0.1983094415329268,0.0033163021176612403,1.1196255683898926,2.0037753582000732,3.6440000534057617,lidar_disabled,1.0,False,1957.584794792
1785741898.3955548,166.29777646064758,v4,cascade_controller_v4,cascade_controller_v4_fast_smooth_true_cascade_pd_1_0,cascade_pd_tracking,follow_main,inner_wheel_pd,mild,,FOLLOW_MAIN,FOLLOW_MAIN,COMMITTED,HOLD,1,1,4.2,4.2,16.276955211738095,16.276955211738095,0.03,0.04189670119478587,0.04189670119478587,-0.055113701881676094,-0.054249658938522495,0.011719407752451429,-0.01928979565858663,0.028489756812454393,-0.01627489768155675,0.72,0.35,0.68,0.3,nan,nan,nan,nan,nan,1.0,0.1876350876509715,0.11754871385607998,-0.004644471224762442,1.03,0.21647475212140121,0.21647475212140121,0.22068005167594762,0.16950268394281076,0.2029999941587448,0.11629136991025707,0.11629136991025707,0.35,0.11629136991025707,0.1278417888772998,-0.2915296188268716,0.0,-0.03349731021593405,-0.2915296188268716,0.20862508465245885,0.19808559113998467,0.21109191751015013,0.22432441959034358,0.1985332919258689,0.2302681858417451,0.010539493512474185,0.025791127664474667,0.037036071236742775,0.06742954130427385,0.002466832857691292,0.0059437662514015225,10.478959427811875,1.0,0.0,0.4689498237979929,0.6764836003793788,0,0,0,0,0,0,0,0,0,nan,nan,3.6440000534057617,1.0,0,0,0,1.1196255683898926,2.0037753582000732,1.8048290019126265,1.335547924041748,34.31502413749695,33.73567533493042,0.7210102081298828,8.273124694824219e-05,1.968019962310791,0.12090107399990302,0.05538555499992981,0.004200000000000001,0.016276955211738095,0.016276955211738095,nan,nan,nan,nan,0.1983094415329268,0.0033163021176612403,lidar_disabled,1,1,1,1,3,0,2,2,3,cascade_controller_v4,cascade_controller_v4_fast_smooth_true_cascade_pd_1_0,cascade_pd_tracking,follow_main,inner_wheel_pd,True,True,False,"[""cascade_controller_v4""]",False,FOLLOW_MAIN,COMMITTED,HOLD,FOLLOW_MAIN,True,ok,1.0,10.478959427811875,0.12090107399990302,0.05538555499992981,4.2,0.03,0.4689498237979929,0.0,0.016276955211738095,16.276955211738095,0.04189670119478587,0.016276955211738095,16.276955211738095,0.04189670119478587,-0.055113701881676094,-0.054249658938522495,0.72,0.35,0.68,0.3,0.011719407752451429,-0.01928979565858663,0.028489756812454393,-0.01627489768155675,0.11629136991025707,0.11629136991025707,0.11629136991025707,0.21647475212140121,0.21647475212140121,0.1876350876509715,mild,1.03,1.0,0.11754871385607998,-0.004644471224762442,0.35,0.6764836003793788,0.21647475212140121,0.11629136991025707,0.20862508465245885,0.22432441959034358,0.20862508465245885,0.22432441959034358,0.19808559113998467,0.1985332919258689,0.19808559113998467,0.1985332919258689,0.010539493512474185,0.025791127664474667,0.037036071236742775,0.06742954130427385,0.002466832857691292,0.0059437662514015225,0.21109191751015013,0.2302681858417451,0.22068005167594762,0.1278417888772998,0.2029999941587448,0.0,0.1983094415329268,0.0033163021176612403,1.1196255683898926,2.0037753582000732,3.6440000534057617,lidar_disabled,1.0,False,1957.584794792
1785741899.0339217,166.9361433982849,v4,cascade_controller_v4,cascade_controller_v4_fast_smooth_true_cascade_pd_1_0,cascade_pd_tracking,follow_main,inner_wheel_pd,mild,,FOLLOW_MAIN,FOLLOW_MAIN,COMMITTED,HOLD,1,1,4.2,4.2,16.276955211738095,16.276955211738095,0.03,0.04189670119478587,0.04189670119478587,-0.055113701881676094,-0.054249658938522495,0.011719407752451429,-0.01928979565858663,0.028489756812454393,-0.01627489768155675,0.72,0.35,0.68,0.3,nan,nan,nan,nan,nan,1.0,0.1876350876509715,0.11754871385607998,-0.004644471224762442,1.03,0.21647475212140121,0.21647475212140121,0.22068005167594762,0.16950268394281076,0.2029999941587448,0.11629136991025707,0.11629136991025707,0.35,0.11629136991025707,0.1278417888772998,-0.2915296188268716,0.0,-0.03349731021593405,-0.2915296188268716,0.20862508465245885,0.19808559113998467,0.21109191751015013,0.22432441959034358,0.1985332919258689,0.2302681858417451,0.010539493512474185,0.025791127664474667,0.037036071236742775,0.06742954130427385,0.002466832857691292,0.0059437662514015225,10.478959427811875,1.0,0.0,0.4689498237979929,0.6764836003793788,0,0,0,0,0,0,0,0,0,nan,nan,3.6440000534057617,1.0,0,0,0,1.1196255683898926,2.0037753582000732,1.8048290019126265,1.9739155769348145,34.95339298248291,34.37404489517212,1.3593802452087402,0.638453483581543,0.00012063980102539062,0.12090107399990302,0.05538555499992981,0.004200000000000001,0.016276955211738095,0.016276955211738095,nan,nan,nan,nan,0.1983094415329268,0.0033163021176612403,lidar_disabled,1,1,1,1,3,0,2,2,3,cascade_controller_v4,cascade_controller_v4_fast_smooth_true_cascade_pd_1_0,cascade_pd_tracking,follow_main,inner_wheel_pd,True,True,False,"[""cascade_controller_v4""]",False,FOLLOW_MAIN,COMMITTED,HOLD,FOLLOW_MAIN,True,ok,1.0,10.478959427811875,0.12090107399990302,0.05538555499992981,4.2,0.03,0.4689498237979929,0.0,0.016276955211738095,16.276955211738095,0.04189670119478587,0.016276955211738095,16.276955211738095,0.04189670119478587,-0.055113701881676094,-0.054249658938522495,0.72,0.35,0.68,0.3,0.011719407752451429,-0.01928979565858663,0.028489756812454393,-0.01627489768155675,0.11629136991025707,0.11629136991025707,0.11629136991025707,0.21647475212140121,0.21647475212140121,0.1876350876509715,mild,1.03,1.0,0.11754871385607998,-0.004644471224762442,0.35,0.6764836003793788,0.21647475212140121,0.11629136991025707,0.20862508465245885,0.22432441959034358,0.20862508465245885,0.22432441959034358,0.19808559113998467,0.1985332919258689,0.19808559113998467,0.1985332919258689,0.010539493512474185,0.025791127664474667,0.037036071236742775,0.06742954130427385,0.002466832857691292,0.0059437662514015225,0.21109191751015013,0.2302681858417451,0.22068005167594762,0.1278417888772998,0.2029999941587448,0.0,0.1983094415329268,0.0033163021176612403,1.1196255683898926,2.0037753582000732,3.6440000534057617,lidar_disabled,1.0,False,1957.584794792
1785741899.8345146,167.73673605918884,v4,cascade_controller_v4,cascade_controller_v4_fast_smooth_true_cascade_pd_1_0,cascade_pd_tracking,follow_main,inner_wheel_pd,sharp,,TURNING,UNKNOWN,UNKNOWN,HOLD,1,1,-61.7,-61.7,-59.17285291107579,-59.17285291107579,-0.457,-0.4364289406360496,-0.4364289406360496,-0.026452188635559478,-0.20081730533470918,-0.04260445409597457,-0.009258266022445817,-0.2967716796325137,-0.06024519160041275,0.72,0.35,0.68,0.3,nan,nan,nan,nan,nan,1.0,1.654593741957421,-0.39599998988938034,0.4088795913513469,1.18,0.11,0.11,0.10998349759876122,0.16950268394281076,0.11237499862909317,0.015197929725120515,0.015197929725120515,0.8,0.015197929725120515,0.01217980714410612,-0.2915296188268716,0.03152172267436981,0.05712768531371759,-0.32305134150124143,0.10897413974355437,0.11214342206865321,0.10907001206295326,0.11102586025644563,0.11056180934612489,0.11089698313456918,0.0,0.0,0.023968079849721595,-0.03221928046911431,9.587231939888639e-05,-0.00012887712187645726,12.232763977550423,1.0,0.0,-4.240871983989435,0.34375,0,0,0,0,0,0,0,0,0,nan,nan,2.4049999713897705,1.0,0,0,0,0.9684820175170898,2.491320848464966,1.8048290019126265,2.7745068073272705,0.00010371208190917969,35.1746346950531,2.1599695682525635,1.439042329788208,0.8007090091705322,0.04838409200010574,0.00044648100015365344,-0.061700000000000005,-0.059172852911075796,-0.059172852911075796,nan,nan,nan,nan,0.11135261570738905,-0.011715649796506019,lidar_disabled,1,1,1,1,4,0,1,1,3,cascade_controller_v4,cascade_controller_v4_fast_smooth_true_cascade_pd_1_0,cascade_pd_tracking,follow_main,inner_wheel_pd,True,True,False,"[""cascade_controller_v4""]",False,UNKNOWN,UNKNOWN,HOLD,TURNING,True,ok,1.0,12.232763977550423,0.04838409200010574,0.00044648100015365344,-61.7,-0.457,-4.240871983989435,0.0,-0.059172852911075796,-59.17285291107579,-0.4364289406360496,-0.059172852911075796,-59.17285291107579,-0.4364289406360496,-0.026452188635559478,-0.20081730533470918,0.72,0.35,0.68,0.3,-0.04260445409597457,-0.009258266022445817,-0.2967716796325137,-0.06024519160041275,0.015197929725120515,0.015197929725120515,0.015197929725120515,0.11,0.11,1.654593741957421,sharp,1.18,1.0,-0.39599998988938034,0.4088795913513469,0.8,0.34375,0.11,0.015197929725120515,0.10897413974355437,0.11102586025644563,0.10897413974355437,0.11102586025644563,0.11214342206865321,0.11056180934612489,0.11214342206865321,0.11056180934612489,0.0,0.0,0.023968079849721595,-0.03221928046911431,9.587231939888639e-05,-0.00012887712187645726,0.10907001206295326,0.11089698313456918,0.10998349759876122,0.01217980714410612,0.11237499862909317,0.03152172267436981,0.11135261570738905,-0.011715649796506019,0.9684820175170898,2.491320848464966,2.4049999713897705,lidar_disabled,1.0,False,1994.524622974
1785741900.5067441,168.40896558761597,v4,cascade_controller_v4,cascade_controller_v4_fast_smooth_true_cascade_pd_1_0,cascade_pd_tracking,follow_main,inner_wheel_pd,sharp,,TURNING,UNKNOWN,UNKNOWN,HOLD,1,1,-61.7,-61.7,-59.17285291107579,-59.17285291107579,-0.457,-0.4364289406360496,-0.4364289406360496,-0.026452188635559478,-0.20081730533470918,-0.04260445409597457,-0.009258266022445817,-0.2967716796325137,-0.06024519160041275,0.72,0.35,0.68,0.3,nan,nan,nan,nan,nan,1.0,1.654593741957421,-0.39599998988938034,0.4088795913513469,1.18,0.11,0.11,0.10998349759876122,0.16950268394281076,0.11237499862909317,0.015197929725120515,0.015197929725120515,0.8,0.015197929725120515,0.01217980714410612,-0.2915296188268716,0.03152172267436981,0.05712768531371759,-0.32305134150124143,0.10897413974355437,0.11214342206865321,0.10907001206295326,0.11102586025644563,0.11056180934612489,0.11089698313456918,0.0,0.0,0.023968079849721595,-0.03221928046911431,9.587231939888639e-05,-0.00012887712187645726,12.232763977550423,1.0,0.0,-4.240871983989435,0.34375,0,0,0,0,0,0,0,0,0,nan,nan,2.4049999713897705,1.0,0,0,0,0.9684820175170898,2.491320848464966,1.8048290019126265,3.4467363357543945,0.6723330020904541,6.723403930664062e-05,2.83219838142395,2.1112709045410156,1.4729375839233398,0.04838409200010574,0.00044648100015365344,-0.061700000000000005,-0.059172852911075796,-0.059172852911075796,nan,nan,nan,nan,0.11135261570738905,-0.011715649796506019,lidar_disabled,1,1,1,1,4,0,1,1,3,cascade_controller_v4,cascade_controller_v4_fast_smooth_true_cascade_pd_1_0,cascade_pd_tracking,follow_main,inner_wheel_pd,True,True,False,"[""cascade_controller_v4""]",False,UNKNOWN,UNKNOWN,HOLD,TURNING,True,ok,1.0,12.232763977550423,0.04838409200010574,0.00044648100015365344,-61.7,-0.457,-4.240871983989435,0.0,-0.059172852911075796,-59.17285291107579,-0.4364289406360496,-0.059172852911075796,-59.17285291107579,-0.4364289406360496,-0.026452188635559478,-0.20081730533470918,0.72,0.35,0.68,0.3,-0.04260445409597457,-0.009258266022445817,-0.2967716796325137,-0.06024519160041275,0.015197929725120515,0.015197929725120515,0.015197929725120515,0.11,0.11,1.654593741957421,sharp,1.18,1.0,-0.39599998988938034,0.4088795913513469,0.8,0.34375,0.11,0.015197929725120515,0.10897413974355437,0.11102586025644563,0.10897413974355437,0.11102586025644563,0.11214342206865321,0.11056180934612489,0.11214342206865321,0.11056180934612489,0.0,0.0,0.023968079849721595,-0.03221928046911431,9.587231939888639e-05,-0.00012887712187645726,0.10907001206295326,0.11089698313456918,0.10998349759876122,0.01217980714410612,0.11237499862909317,0.03152172267436981,0.11135261570738905,-0.011715649796506019,0.9684820175170898,2.491320848464966,2.4049999713897705,lidar_disabled,1.0,False,1994.524622974
1785741901.1160913,169.0183126926422,v4,cascade_controller_v4,cascade_controller_v4_fast_smooth_true_cascade_pd_1_0,cascade_pd_tracking,follow_main,inner_wheel_pd,sharp,,TURNING,UNKNOWN,UNKNOWN,HOLD,1,1,-61.7,-61.7,-59.17285291107579,-59.17285291107579,-0.457,-0.4364289406360496,-0.4364289406360496,-0.026452188635559478,-0.20081730533470918,-0.04260445409597457,-0.009258266022445817,-0.2967716796325137,-0.06024519160041275,0.72,0.35,0.68,0.3,nan,nan,nan,nan,nan,1.0,1.654593741957421,-0.39599998988938034,0.4088795913513469,1.18,0.11,0.11,0.10998349759876122,0.16950268394281076,0.11237499862909317,0.015197929725120515,0.015197929725120515,0.8,0.015197929725120515,0.01217980714410612,-0.2915296188268716,0.03152172267436981,0.05712768531371759,-0.32305134150124143,0.10897413974355437,0.11214342206865321,0.10907001206295326,0.11102586025644563,0.11056180934612489,0.11089698313456918,0.0,0.0,0.023968079849721595,-0.03221928046911431,9.587231939888639e-05,-0.00012887712187645726,12.232763977550423,1.0,0.0,-4.240871983989435,0.34375,0,0,0,0,0,0,0,0,0,nan,nan,2.4049999713897705,1.0,0,0,0,0.9684820175170898,2.491320848464966,1.8048290019126265,6.0558319091796875e-05,1.281679630279541,0.6094141006469727,3.441545248031616,2.7206180095672607,2.082284688949585,0.04838409200010574,0.00044648100015365344,-0.061700000000000005,-0.059172852911075796,-0.059172852911075796,nan,nan,nan,nan,0.11135261570738905,-0.011715649796506019,lidar_disabled,1,1,1,1,4,0,1,1,3,cascade_controller_v4,cascade_controller_v4_fast_smooth_true_cascade_pd_1_0,cascade_pd_tracking,follow_main,inner_wheel_pd,True,True,False,"[""cascade_controller_v4""]",False,UNKNOWN,UNKNOWN,HOLD,TURNING,True,ok,1.0,12.232763977550423,0.04838409200010574,0.00044648100015365344,-61.7,-0.457,-4.240871983989435,0.0,-0.059172852911075796,-59.17285291107579,-0.4364289406360496,-0.059172852911075796,-59.17285291107579,-0.4364289406360496,-0.026452188635559478,-0.20081730533470918,0.72,0.35,0.68,0.3,-0.04260445409597457,-0.009258266022445817,-0.2967716796325137,-0.06024519160041275,0.015197929725120515,0.015197929725120515,0.015197929725120515,0.11,0.11,1.654593741957421,sharp,1.18,1.0,-0.39599998988938034,0.4088795913513469,0.8,0.34375,0.11,0.015197929725120515,0.10897413974355437,0.11102586025644563,0.10897413974355437,0.11102586025644563,0.11214342206865321,0.11056180934612489,0.11214342206865321,0.11056180934612489,0.0,0.0,0.023968079849721595,-0.03221928046911431,9.587231939888639e-05,-0.00012887712187645726,0.10907001206295326,0.11089698313456918,0.10998349759876122,0.01217980714410612,0.11237499862909317,0.03152172267436981,0.11135261570738905,-0.011715649796506019,0.9684820175170898,2.491320848464966,2.4049999713897705,lidar_disabled,1.0,False,1994.524622974
1785741901.8802,169.78242135047913,v4,cascade_controller_v4,cascade_controller_v4_fast_smooth_true_cascade_pd_1_0,cascade_pd_tracking,follow_main,inner_wheel_pd,sharp,,TURNING,UNKNOWN,UNKNOWN,HOLD,1,1,-61.7,-61.7,-59.17285291107579,-59.17285291107579,-0.457,-0.4364289406360496,-0.4364289406360496,-0.026452188635559478,-0.20081730533470918,-0.04260445409597457,-0.009258266022445817,-0.2967716796325137,-0.06024519160041275,0.72,0.35,0.68,0.3,nan,nan,nan,nan,nan,1.0,1.654593741957421,-0.39599998988938034,0.4088795913513469,1.18,0.11,0.11,0.10998349759876122,0.10999486463764195,0.11237499862909317,0.015197929725120515,0.015197929725120515,0.8,0.015197929725120515,0.01217980714410612,-5.7363217140782297e-05,0.03152172267436981,-0.0023801339914512193,-0.031579085891510594,0.10897413974355437,0.11214342206865321,0.10907001206295326,0.11102586025644563,0.11056180934612489,0.11089698313456918,0.0,0.0,0.023968079849721595,-0.03221928046911431,9.587231939888639e-05,-0.00012887712187645726,12.232763977550423,1.0,0.0,-4.240871983989435,0.34375,0,0,0,0,0,0,0,0,0,nan,nan,2.4049999713897705,1.0,0,0,0,0.9684820175170898,2.491320848464966,1.8048290019126265,0.764169454574585,2.0457890033721924,1.373523235321045,6.341934204101562e-05,3.484726667404175,2.846393585205078,0.04838409200010574,0.00044648100015365344,-0.061700000000000005,-0.059172852911075796,-0.059172852911075796,nan,nan,nan,nan,0.11135261570738905,-0.011715649796506019,lidar_disabled,1,1,1,1,4,0,1,1,3,cascade_controller_v4,cascade_controller_v4_fast_smooth_true_cascade_pd_1_0,cascade_pd_tracking,follow_main,inner_wheel_pd,True,True,False,"[""cascade_controller_v4""]",False,UNKNOWN,UNKNOWN,HOLD,TURNING,True,ok,1.0,12.232763977550423,0.04838409200010574,0.00044648100015365344,-61.7,-0.457,-4.240871983989435,0.0,-0.059172852911075796,-59.17285291107579,-0.4364289406360496,-0.059172852911075796,-59.17285291107579,-0.4364289406360496,-0.026452188635559478,-0.20081730533470918,0.72,0.35,0.68,0.3,-0.04260445409597457,-0.009258266022445817,-0.2967716796325137,-0.06024519160041275,0.015197929725120515,0.015197929725120515,0.015197929725120515,0.11,0.11,1.654593741957421,sharp,1.18,1.0,-0.39599998988938034,0.4088795913513469,0.8,0.34375,0.11,0.015197929725120515,0.10897413974355437,0.11102586025644563,0.10897413974355437,0.11102586025644563,0.11214342206865321,0.11056180934612489,0.11214342206865321,0.11056180934612489,0.0,0.0,0.023968079849721595,-0.03221928046911431,9.587231939888639e-05,-0.00012887712187645726,0.10907001206295326,0.11089698313456918,0.10998349759876122,0.01217980714410612,0.11237499862909317,0.03152172267436981,0.11135261570738905,-0.011715649796506019,0.9684820175170898,2.491320848464966,2.4049999713897705,lidar_disabled,1.0,False,1994.524622974
1785741902.5967383,170.49896001815796,v4,cascade_controller_v4,cascade_controller_v4_fast_smooth_true_cascade_pd_1_0,cascade_pd_tracking,follow_main,inner_wheel_pd,sharp,,TURNING,UNKNOWN,UNKNOWN,HOLD,1,1,-61.7,-61.7,-59.17285291107579,-59.17285291107579,-0.457,-0.4364289406360496,-0.4364289406360496,-0.026452188635559478,-0.20081730533470918,-0.04260445409597457,-0.009258266022445817,-0.2967716796325137,-0.06024519160041275,0.72,0.35,0.68,0.3,nan,nan,nan,nan,nan,1.0,1.654593741957421,-0.39599998988938034,0.4088795913513469,1.18,0.11,0.11,0.10998349759876122,0.10999486463764195,0.11237499862909317,0.015197929725120515,0.015197929725120515,0.8,0.015197929725120515,0.01217980714410612,-5.7363217140782297e-05,0.03152172267436981,-0.0023801339914512193,-0.031579085891510594,0.10897413974355437,0.11214342206865321,0.10907001206295326,0.11102586025644563,0.11056180934612489,0.11089698313456918,0.0,0.0,0.023968079849721595,-0.03221928046911431,9.587231939888639e-05,-0.00012887712187645726,12.232763977550423,1.0,0.0,-4.240871983989435,0.34375,0,0,0,0,0,0,0,0,0,nan,nan,2.4049999713897705,1.0,0,0,0,0.9684820175170898,2.491320848464966,1.262182593552215,1.4807097911834717,2.7623307704925537,2.0900654792785645,0.7166061401367188,0.00016760826110839844,3.5629372596740723,0.04838409200010574,0.00044648100015365344,-0.061700000000000005,-0.059172852911075796,-0.059172852911075796,nan,nan,nan,nan,0.11135261570738905,-0.011715649796506019,lidar_disabled,1,1,1,1,4,0,1,1,3,cascade_controller_v4,cascade_controller_v4_fast_smooth_true_cascade_pd_1_0,cascade_pd_tracking,follow_main,inner_wheel_pd,True,True,False,"[""cascade_controller_v4""]",False,UNKNOWN,UNKNOWN,HOLD,TURNING,True,ok,1.0,12.232763977550423,0.04838409200010574,0.00044648100015365344,-61.7,-0.457,-4.240871983989435,0.0,-0.059172852911075796,-59.17285291107579,-0.4364289406360496,-0.059172852911075796,-59.17285291107579,-0.4364289406360496,-0.026452188635559478,-0.20081730533470918,0.72,0.35,0.68,0.3,-0.04260445409597457,-0.009258266022445817,-0.2967716796325137,-0.06024519160041275,0.015197929725120515,0.015197929725120515,0.015197929725120515,0.11,0.11,1.654593741957421,sharp,1.18,1.0,-0.39599998988938034,0.4088795913513469,0.8,0.34375,0.11,0.015197929725120515,0.10897413974355437,0.11102586025644563,0.10897413974355437,0.11102586025644563,0.11214342206865321,0.11056180934612489,0.11214342206865321,0.11056180934612489,0.0,0.0,0.023968079849721595,-0.03221928046911431,9.587231939888639e-05,-0.00012887712187645726,0.10907001206295326,0.11089698313456918,0.10998349759876122,0.01217980714410612,0.11237499862909317,0.03152172267436981,0.11135261570738905,-0.011715649796506019,0.9684820175170898,2.491320848464966,2.4049999713897705,lidar_disabled,1.0,False,1994.524622974
1785741903.3222132,171.22443461418152,v4,cascade_controller_v4,cascade_controller_v4_fast_smooth_true_cascade_pd_1_0,cascade_pd_tracking,follow_main,inner_wheel_pd,sharp,,TURNING,UNKNOWN,UNKNOWN,HOLD,1,1,-61.7,-61.7,-59.17285291107579,-59.17285291107579,-0.457,-0.4364289406360496,-0.4364289406360496,-0.026452188635559478,-0.20081730533470918,-0.04260445409597457,-0.009258266022445817,-0.2967716796325137,-0.06024519160041275,0.72,0.35,0.68,0.3,nan,nan,nan,nan,nan,1.0,1.654593741957421,-0.39599998988938034,0.4088795913513469,1.18,0.11,0.11,0.10998349759876122,0.10999486463764195,0.11237499862909317,0.015197929725120515,0.015197929725120515,0.8,0.015197929725120515,0.01217980714410612,-5.7363217140782297e-05,0.03152172267436981,-0.0023801339914512193,-0.031579085891510594,0.10897413974355437,0.11214342206865321,0.10907001206295326,0.11102586025644563,0.11056180934612489,0.11089698313456918,0.0,0.0,0.023968079849721595,-0.03221928046911431,9.587231939888639e-05,-0.00012887712187645726,12.232763977550423,1.0,0.0,-4.240871983989435,0.34375,0,0,0,0,0,0,0,0,0,nan,nan,2.4049999713897705,1.0,0,0,0,0.9684820175170898,2.491320848464966,1.262182593552215,2.2061824798583984,3.487802028656006,2.8155364990234375,1.4420766830444336,0.725637674331665,6.270408630371094e-05,0.04838409200010574,0.00044648100015365344,-0.061700000000000005,-0.059172852911075796,-0.059172852911075796,nan,nan,nan,nan,0.11135261570738905,-0.011715649796506019,lidar_disabled,1,1,1,1,4,0,1,1,3,cascade_controller_v4,cascade_controller_v4_fast_smooth_true_cascade_pd_1_0,cascade_pd_tracking,follow_main,inner_wheel_pd,True,True,False,"[""cascade_controller_v4""]",False,UNKNOWN,UNKNOWN,HOLD,TURNING,True,ok,1.0,12.232763977550423,0.04838409200010574,0.00044648100015365344,-61.7,-0.457,-4.240871983989435,0.0,-0.059172852911075796,-59.17285291107579,-0.4364289406360496,-0.059172852911075796,-59.17285291107579,-0.4364289406360496,-0.026452188635559478,-0.20081730533470918,0.72,0.35,0.68,0.3,-0.04260445409597457,-0.009258266022445817,-0.2967716796325137,-0.06024519160041275,0.015197929725120515,0.015197929725120515,0.015197929725120515,0.11,0.11,1.654593741957421,sharp,1.18,1.0,-0.39599998988938034,0.4088795913513469,0.8,0.34375,0.11,0.015197929725120515,0.10897413974355437,0.11102586025644563,0.10897413974355437,0.11102586025644563,0.11214342206865321,0.11056180934612489,0.11214342206865321,0.11056180934612489,0.0,0.0,0.023968079849721595,-0.03221928046911431,9.587231939888639e-05,-0.00012887712187645726,0.10907001206295326,0.11089698313456918,0.10998349759876122,0.01217980714410612,0.11237499862909317,0.03152172267436981,0.11135261570738905,-0.011715649796506019,0.9684820175170898,2.491320848464966,2.4049999713897705,lidar_disabled,1.0,False,1994.524622974
1785741904.0501685,171.95238995552063,v4,cascade_controller_v4,cascade_controller_v4_fast_smooth_true_cascade_pd_1_0,cascade_pd_tracking,follow_main,inner_wheel_pd,sharp,,TURNING,UNKNOWN,UNKNOWN,UNKNOWN,1,1,-1.2000000000000002,-1.2000000000000002,-22.642019672944606,-22.642019672944606,-0.009000000000000001,-0.3239501917371222,-0.3239501917371222,0.11733722378991474,0.526864863195589,-0.016302254164520115,0.041068028326470156,-0.22028613038124312,0.1580594589586767,0.72,0.35,0.68,0.3,nan,nan,nan,nan,nan,1.0,1.5990892122703821,-0.09794801327779824,0.03746089726061638,1.18,0.11,0.11,0.1099278676920905,0.10999486463764195,0.11599999666213989,-0.0713747969002746,-0.0713747969002746,0.8,0.0022321414925810593,0.0004185027769700496,-5.7363217140782297e-05,0.0,-0.006005132024497942,-5.7363217140782297e-05,0.10984933044925078,0.11428758376340833,0.10989647998381774,0.11015066955074922,0.11298746636995963,0.10995925540036325,0.0,0.0,0.011787383641739271,-0.04785353759649347,4.7149534566957085e-05,-0.00019141415038597388,14.008346242682013,1.0,0.0,-0.641168497785391,0.34375,0,0,0,0,0,0,0,0,0,nan,nan,2.009000062942505,1.0,0,0,0,1.1053948402404785,2.9387526512145996,1.262182593552215,2.934138774871826,0.00013518333435058594,3.5434935092926025,2.1700339317321777,1.4535953998565674,0.7280464172363281,0.07291346300007717,0.005964018999975451,-0.0012000000000000001,-0.022642019672944606,-0.022642019672944606,nan,nan,nan,nan,0.11363752506668398,-0.009630499210731145,lidar_disabled,1,1,1,1,4,0,1,1,2,cascade_controller_v4,cascade_controller_v4_fast_smooth_true_cascade_pd_1_0,cascade_pd_tracking,follow_main,inner_wheel_pd,True,True,False,"[""cascade_controller_v4""]",False,UNKNOWN,UNKNOWN,UNKNOWN,TURNING,True,ok,1.0,14.008346242682013,0.07291346300007717,0.005964018999975451,-1.2000000000000002,-0.009000000000000001,-0.641168497785391,0.0,-0.022642019672944606,-22.642019672944606,-0.3239501917371222,-0.022642019672944606,-22.642019672944606,-0.3239501917371222,0.11733722378991474,0.526864863195589,0.72,0.35,0.68,0.3,-0.016302254164520115,0.041068028326470156,-0.22028613038124312,0.1580594589586767,-0.0713747969002746,-0.0713747969002746,-0.0713747969002746,0.11,0.11,1.5990892122703821,sharp,1.18,1.0,-0.09794801327779824,0.03746089726061638,0.8,0.34375,0.11,0.0022321414925810593,0.10984933044925078,0.11015066955074922,0.10984933044925078,0.11015066955074922,0.11428758376340833,0.11298746636995963,0.11428758376340833,0.11298746636995963,0.0,0.0,0.011787383641739271,-0.04785353759649347,4.7149534566957085e-05,-0.00019141415038597388,0.10989647998381774,0.10995925540036325,0.1099278676920905,0.0004185027769700496,0.11599999666213989,0.0,0.11363752506668398,-0.009630499210731145,1.1053948402404785,2.9387526512145996,2.009000062942505,lidar_disabled,1.0,False,1998.744809083
1785741904.761842,172.66406345367432,v4,cascade_controller_v4,cascade_controller_v4_fast_smooth_true_cascade_pd_1_0,cascade_pd_tracking,follow_main,inner_wheel_pd,sharp,,TURNING,UNKNOWN,UNKNOWN,UNKNOWN,1,1,-1.2000000000000002,-1.2000000000000002,-22.642019672944606,-22.642019672944606,-0.009000000000000001,-0.3239501917371222,-0.3239501917371222,0.11733722378991474,0.526864863195589,-0.016302254164520115,0.041068028326470156,-0.22028613038124312,0.1580594589586767,0.72,0.35,0.68,0.3,nan,nan,nan,nan,nan,1.0,1.5990892122703821,-0.09794801327779824,0.03746089726061638,1.18,0.11,0.11,0.1099278676920905,0.10999486463764195,0.11599999666213989,-0.0713747969002746,-0.0713747969002746,0.8,0.0022321414925810593,0.0004185027769700496,-5.7363217140782297e-05,0.0,-0.006005132024497942,-5.7363217140782297e-05,0.10984933044925078,0.11428758376340833,0.10989647998381774,0.11015066955074922,0.11298746636995963,0.10995925540036325,0.0,0.0,0.011787383641739271,-0.04785353759649347,4.7149534566957085e-05,-0.00019141415038597388,14.008346242682013,1.0,0.0,-0.641168497785391,0.34375,0,0,0,0,0,0,0,0,0,nan,nan,2.009000062942505,1.0,0,0,0,1.1053948402404785,2.9387526512145996,1.262182593552215,3.6458117961883545,0.7118077278137207,6.747245788574219e-05,2.8817055225372314,2.165266752243042,1.4396917819976807,0.07291346300007717,0.005964018999975451,-0.0012000000000000001,-0.022642019672944606,-0.022642019672944606,nan,nan,nan,nan,0.11363752506668398,-0.009630499210731145,lidar_disabled,1,1,1,1,4,0,1,1,2,cascade_controller_v4,cascade_controller_v4_fast_smooth_true_cascade_pd_1_0,cascade_pd_tracking,follow_main,inner_wheel_pd,True,True,False,"[""cascade_controller_v4""]",False,UNKNOWN,UNKNOWN,UNKNOWN,TURNING,True,ok,1.0,14.008346242682013,0.07291346300007717,0.005964018999975451,-1.2000000000000002,-0.009000000000000001,-0.641168497785391,0.0,-0.022642019672944606,-22.642019672944606,-0.3239501917371222,-0.022642019672944606,-22.642019672944606,-0.3239501917371222,0.11733722378991474,0.526864863195589,0.72,0.35,0.68,0.3,-0.016302254164520115,0.041068028326470156,-0.22028613038124312,0.1580594589586767,-0.0713747969002746,-0.0713747969002746,-0.0713747969002746,0.11,0.11,1.5990892122703821,sharp,1.18,1.0,-0.09794801327779824,0.03746089726061638,0.8,0.34375,0.11,0.0022321414925810593,0.10984933044925078,0.11015066955074922,0.10984933044925078,0.11015066955074922,0.11428758376340833,0.11298746636995963,0.11428758376340833,0.11298746636995963,0.0,0.0,0.011787383641739271,-0.04785353759649347,4.7149534566957085e-05,-0.00019141415038597388,0.10989647998381774,0.10995925540036325,0.1099278676920905,0.0004185027769700496,0.11599999666213989,0.0,0.11363752506668398,-0.009630499210731145,1.1053948402404785,2.9387526512145996,2.009000062942505,lidar_disabled,1.0,False,1998.744809083
1785741905.461287,173.36350870132446,v4,cascade_controller_v4,cascade_controller_v4_fast_smooth_true_cascade_pd_1_0,cascade_pd_tracking,follow_main,inner_wheel_pd,sharp,,TURNING,UNKNOWN,UNKNOWN,UNKNOWN,1,1,-1.2000000000000002,-1.2000000000000002,-22.642019672944606,-22.642019672944606,-0.009000000000000001,-0.3239501917371222,-0.3239501917371222,0.11733722378991474,0.526864863195589,-0.016302254164520115,0.041068028326470156,-0.22028613038124312,0.1580594589586767,0.72,0.35,0.68,0.3,nan,nan,nan,nan,nan,1.0,1.5990892122703821,-0.09794801327779824,0.03746089726061638,1.18,0.11,0.11,0.1099278676920905,0.10999486463764195,0.11599999666213989,-0.0713747969002746,-0.0713747969002746,0.8,0.0022321414925810593,0.0004185027769700496,-5.7363217140782297e-05,0.0,-0.006005132024497942,-5.7363217140782297e-05,0.10984933044925078,0.11428758376340833,0.10989647998381774,0.11015066955074922,0.11298746636995963,0.10995925540036325,0.0,0.0,0.011787383641739271,-0.04785353759649347,4.7149534566957085e-05,-0.00019141415038597388,14.008346242682013,1.0,0.0,-0.641168497785391,0.34375,0,0,0,0,0,0,0,0,0,nan,nan,2.009000062942505,1.0,0,0,0,1.1053948402404785,2.9387526512145996,1.262182593552215,8.893013000488281e-05,1.4112536907196045,0.6995136737823486,3.5811522006988525,2.8647141456604004,2.1391398906707764,0.07291346300007717,0.005964018999975451,-0.0012000000000000001,-0.022642019672944606,-0.022642019672944606,nan,nan,nan,nan,0.11363752506668398,-0.009630499210731145,lidar_disabled,1,1,1,1,4,0,1,1,2,cascade_controller_v4,cascade_controller_v4_fast_smooth_true_cascade_pd_1_0,cascade_pd_tracking,follow_main,inner_wheel_pd,True,True,False,"[""cascade_controller_v4""]",False,UNKNOWN,UNKNOWN,UNKNOWN,TURNING,True,ok,1.0,14.008346242682013,0.07291346300007717,0.005964018999975451,-1.2000000000000002,-0.009000000000000001,-0.641168497785391,0.0,-0.022642019672944606,-22.642019672944606,-0.3239501917371222,-0.022642019672944606,-22.642019672944606,-0.3239501917371222,0.11733722378991474,0.526864863195589,0.72,0.35,0.68,0.3,-0.016302254164520115,0.041068028326470156,-0.22028613038124312,0.1580594589586767,-0.0713747969002746,-0.0713747969002746,-0.0713747969002746,0.11,0.11,1.5990892122703821,sharp,1.18,1.0,-0.09794801327779824,0.03746089726061638,0.8,0.34375,0.11,0.0022321414925810593,0.10984933044925078,0.11015066955074922,0.10984933044925078,0.11015066955074922,0.11428758376340833,0.11298746636995963,0.11428758376340833,0.11298746636995963,0.0,0.0,0.011787383641739271,-0.04785353759649347,4.7149534566957085e-05,-0.00019141415038597388,0.10989647998381774,0.10995925540036325,0.1099278676920905,0.0004185027769700496,0.11599999666213989,0.0,0.11363752506668398,-0.009630499210731145,1.1053948402404785,2.9387526512145996,2.009000062942505,lidar_disabled,1.0,False,1998.744809083
1785741906.217727,174.119948387146,v4,cascade_controller_v4,cascade_controller_v4_fast_smooth_true_cascade_pd_1_0,cascade_pd_tracking,follow_main,inner_wheel_pd,sharp,,TURNING,UNKNOWN,UNKNOWN,UNKNOWN,1,1,-1.2000000000000002,-1.2000000000000002,-22.642019672944606,-22.642019672944606,-0.009000000000000001,-0.3239501917371222,-0.3239501917371222,0.11733722378991474,0.526864863195589,-0.016302254164520115,0.041068028326470156,-0.22028613038124312,0.1580594589586767,0.72,0.35,0.68,0.3,nan,nan,nan,nan,nan,1.0,1.5990892122703821,-0.09794801327779824,0.03746089726061638,1.18,0.11,0.11,0.1099278676920905,0.17489944387359024,0.11599999666213989,-0.0713747969002746,-0.0713747969002746,0.8,0.0022321414925810593,0.0004185027769700496,0.31022338266933697,0.0,0.05889944721145035,0.31022338266933697,0.10984933044925078,0.11428758376340833,0.10989647998381774,0.11015066955074922,0.11298746636995963,0.10995925540036325,0.0,0.0,0.011787383641739271,-0.04785353759649347,4.7149534566957085e-05,-0.00019141415038597388,14.008346242682013,1.0,0.0,-0.641168497785391,0.34375,0,0,0,0,0,0,0,0,0,nan,nan,2.009000062942505,1.0,0,0,0,1.1053948402404785,2.9387526512145996,1.262182593552215,0.7565288543701172,2.1676933765411377,1.4559533596038818,7.43865966796875e-05,3.621152877807617,2.895578384399414,0.07291346300007717,0.005964018999975451,-0.0012000000000000001,-0.022642019672944606,-0.022642019672944606,nan,nan,nan,nan,0.11363752506668398,-0.009630499210731145,lidar_disabled,1,1,1,1,4,0,1,1,2,cascade_controller_v4,cascade_controller_v4_fast_smooth_true_cascade_pd_1_0,cascade_pd_tracking,follow_main,inner_wheel_pd,True,True,False,"[""cascade_controller_v4""]",False,UNKNOWN,UNKNOWN,UNKNOWN,TURNING,True,ok,1.0,14.008346242682013,0.07291346300007717,0.005964018999975451,-1.2000000000000002,-0.009000000000000001,-0.641168497785391,0.0,-0.022642019672944606,-22.642019672944606,-0.3239501917371222,-0.022642019672944606,-22.642019672944606,-0.3239501917371222,0.11733722378991474,0.526864863195589,0.72,0.35,0.68,0.3,-0.016302254164520115,0.041068028326470156,-0.22028613038124312,0.1580594589586767,-0.0713747969002746,-0.0713747969002746,-0.0713747969002746,0.11,0.11,1.5990892122703821,sharp,1.18,1.0,-0.09794801327779824,0.03746089726061638,0.8,0.34375,0.11,0.0022321414925810593,0.10984933044925078,0.11015066955074922,0.10984933044925078,0.11015066955074922,0.11428758376340833,0.11298746636995963,0.11428758376340833,0.11298746636995963,0.0,0.0,0.011787383641739271,-0.04785353759649347,4.7149534566957085e-05,-0.00019141415038597388,0.10989647998381774,0.10995925540036325,0.1099278676920905,0.0004185027769700496,0.11599999666213989,0.0,0.11363752506668398,-0.009630499210731145,1.1053948402404785,2.9387526512145996,2.009000062942505,lidar_disabled,1.0,False,1998.744809083
1785741906.9168315,174.81905317306519,v4,cascade_controller_v4,cascade_controller_v4_fast_smooth_true_cascade_pd_1_0,cascade_pd_tracking,follow_main,inner_wheel_pd,sharp,,TURNING,UNKNOWN,UNKNOWN,UNKNOWN,1,1,-1.2000000000000002,-1.2000000000000002,-22.642019672944606,-22.642019672944606,-0.009000000000000001,-0.3239501917371222,-0.3239501917371222,0.11733722378991474,0.526864863195589,-0.016302254164520115,0.041068028326470156,-0.22028613038124312,0.1580594589586767,0.72,0.35,0.68,0.3,nan,nan,nan,nan,nan,1.0,1.5990892122703821,-0.09794801327779824,0.03746089726061638,1.18,0.11,0.11,0.1099278676920905,0.17489944387359024,0.11599999666213989,-0.0713747969002746,-0.0713747969002746,0.8,0.0022321414925810593,0.0004185027769700496,0.31022338266933697,0.0,0.05889944721145035,0.31022338266933697,0.10984933044925078,0.11428758376340833,0.10989647998381774,0.11015066955074922,0.11298746636995963,0.10995925540036325,0.0,0.0,0.011787383641739271,-0.04785353759649347,4.7149534566957085e-05,-0.00019141415038597388,14.008346242682013,1.0,0.0,-0.641168497785391,0.34375,0,0,0,0,0,0,0,0,0,nan,nan,2.009000062942505,1.0,0,0,0,1.1053948402404785,2.9387526512145996,0.7986272287732615,1.4556336402893066,2.866798162460327,2.1550583839416504,0.6991794109344482,0.0001239776611328125,3.5946836471557617,0.07291346300007717,0.005964018999975451,-0.0012000000000000001,-0.022642019672944606,-0.022642019672944606,nan,nan,nan,nan,0.11363752506668398,-0.009630499210731145,lidar_disabled,1,1,1,1,4,0,1,1,2,cascade_controller_v4,cascade_controller_v4_fast_smooth_true_cascade_pd_1_0,cascade_pd_tracking,follow_main,inner_wheel_pd,True,True,False,"[""cascade_controller_v4""]",False,UNKNOWN,UNKNOWN,UNKNOWN,TURNING,True,ok,1.0,14.008346242682013,0.07291346300007717,0.005964018999975451,-1.2000000000000002,-0.009000000000000001,-0.641168497785391,0.0,-0.022642019672944606,-22.642019672944606,-0.3239501917371222,-0.022642019672944606,-22.642019672944606,-0.3239501917371222,0.11733722378991474,0.526864863195589,0.72,0.35,0.68,0.3,-0.016302254164520115,0.041068028326470156,-0.22028613038124312,0.1580594589586767,-0.0713747969002746,-0.0713747969002746,-0.0713747969002746,0.11,0.11,1.5990892122703821,sharp,1.18,1.0,-0.09794801327779824,0.03746089726061638,0.8,0.34375,0.11,0.0022321414925810593,0.10984933044925078,0.11015066955074922,0.10984933044925078,0.11015066955074922,0.11428758376340833,0.11298746636995963,0.11428758376340833,0.11298746636995963,0.0,0.0,0.011787383641739271,-0.04785353759649347,4.7149534566957085e-05,-0.00019141415038597388,0.10989647998381774,0.10995925540036325,0.1099278676920905,0.0004185027769700496,0.11599999666213989,0.0,0.11363752506668398,-0.009630499210731145,1.1053948402404785,2.9387526512145996,2.009000062942505,lidar_disabled,1.0,False,1998.744809083
1785741907.7326808,175.63490223884583,v4,cascade_controller_v4,cascade_controller_v4_fast_smooth_true_cascade_pd_1_0,cascade_pd_tracking,follow_main,inner_wheel_pd,sharp,,TURNING,UNKNOWN,UNKNOWN,UNKNOWN,1,1,-1.2000000000000002,-1.2000000000000002,-22.642019672944606,-22.642019672944606,-0.009000000000000001,-0.3239501917371222,-0.3239501917371222,0.11733722378991474,0.526864863195589,-0.016302254164520115,0.041068028326470156,-0.22028613038124312,0.1580594589586767,0.72,0.35,0.68,0.3,nan,nan,nan,nan,nan,1.0,1.5990892122703821,-0.09794801327779824,0.03746089726061638,1.18,0.11,0.11,0.1099278676920905,0.17489944387359024,0.11599999666213989,-0.0713747969002746,-0.0713747969002746,0.8,0.0022321414925810593,0.0004185027769700496,0.31022338266933697,0.0,0.05889944721145035,0.31022338266933697,0.10984933044925078,0.11428758376340833,0.10989647998381774,0.11015066955074922,0.11298746636995963,0.10995925540036325,0.0,0.0,0.011787383641739271,-0.04785353759649347,4.7149534566957085e-05,-0.00019141415038597388,14.008346242682013,1.0,0.0,-0.641168497785391,0.34375,0,0,0,0,0,0,0,0,0,nan,nan,2.009000062942505,1.0,0,0,0,1.1053948402404785,2.9387526512145996,0.7986272287732615,2.271481990814209,3.6826469898223877,2.970906972885132,1.5150277614593506,0.8159723281860352,8.296966552734375e-05,0.07291346300007717,0.005964018999975451,-0.0012000000000000001,-0.022642019672944606,-0.022642019672944606,nan,nan,nan,nan,0.11363752506668398,-0.009630499210731145,lidar_disabled,1,1,1,1,4,0,1,1,2,cascade_controller_v4,cascade_controller_v4_fast_smooth_true_cascade_pd_1_0,cascade_pd_tracking,follow_main,inner_wheel_pd,True,True,False,"[""cascade_controller_v4""]",False,UNKNOWN,UNKNOWN,UNKNOWN,TURNING,True,ok,1.0,14.008346242682013,0.07291346300007717,0.005964018999975451,-1.2000000000000002,-0.009000000000000001,-0.641168497785391,0.0,-0.022642019672944606,-22.642019672944606,-0.3239501917371222,-0.022642019672944606,-22.642019672944606,-0.3239501917371222,0.11733722378991474,0.526864863195589,0.72,0.35,0.68,0.3,-0.016302254164520115,0.041068028326470156,-0.22028613038124312,0.1580594589586767,-0.0713747969002746,-0.0713747969002746,-0.0713747969002746,0.11,0.11,1.5990892122703821,sharp,1.18,1.0,-0.09794801327779824,0.03746089726061638,0.8,0.34375,0.11,0.0022321414925810593,0.10984933044925078,0.11015066955074922,0.10984933044925078,0.11015066955074922,0.11428758376340833,0.11298746636995963,0.11428758376340833,0.11298746636995963,0.0,0.0,0.011787383641739271,-0.04785353759649347,4.7149534566957085e-05,-0.00019141415038597388,0.10989647998381774,0.10995925540036325,0.1099278676920905,0.0004185027769700496,0.11599999666213989,0.0,0.11363752506668398,-0.009630499210731145,1.1053948402404785,2.9387526512145996,2.009000062942505,lidar_disabled,1.0,False,1998.744809083
1785741908.4098299,176.3120515346527,v4,cascade_controller_v4,cascade_controller_v4_fast_smooth_true_cascade_pd_1_0,cascade_pd_tracking,follow_main,inner_wheel_pd,straight,,TURNING,UNKNOWN,UNKNOWN,UNKNOWN,1,1,2.9000000000000004,2.9000000000000004,2.6038115328613274,0.0,0.021,0.0190607935251631,0.0,-0.00014489949954740654,-0.06900906351200449,0.0,-5.071482484159229e-05,0.0,-0.020702719053601347,0.72,0.35,0.68,0.3,nan,nan,nan,nan,nan,1.0,0.08892789914939211,-0.026751481831147814,0.020753433878442938,0.9,0.2607147339004052,0.2607147339004052,0.2663932116855008,0.17489944387359024,0.23925000429153442,0.0,0.0,0.22,0.0,0.03240706999937689,0.31022338266933697,-0.12608695030212402,-0.06435056041794418,0.436310332971461,0.2607147339004052,0.24587044120471344,0.2639626814355475,0.2607147339004052,0.22494812327438876,0.26882374193545405,0.014844292695691791,0.035766610626016465,-0.004449214477477908,0.06008842433129674,0.0032479475351422826,0.00810900803504881,10.067859253572056,1.0,0.0,-3.199289043413224e-17,0.8147335434387664,0,0,0,0,0,0,0,0,0,nan,nan,1.819000005722046,1.0,0,0,0,1.5232254266738892,3.457346200942993,0.7986272287732615,2.9486327171325684,0.0001709461212158203,3.6480586528778076,2.1921801567077637,1.4931254386901855,0.677236795425415,0.0060404440000638715,0.03318998100007775,0.0029000000000000002,0.0026038115328613273,0.0,nan,nan,nan,nan,0.2354092822395511,-0.1549801328172198,lidar_disabled,1,1,1,1,2,0,1,1,2,cascade_controller_v4,cascade_controller_v4_fast_smooth_true_cascade_pd_1_0,cascade_pd_tracking,follow_main,inner_wheel_pd,True,True,False,"[""cascade_controller_v4""]",False,UNKNOWN,UNKNOWN,UNKNOWN,TURNING,True,ok,1.0,10.067859253572056,0.0060404440000638715,0.03318998100007775,2.9000000000000004,0.021,-3.199289043413224e-17,0.0,0.0026038115328613273,2.6038115328613274,0.0190607935251631,0.0,0.0,0.0,-0.00014489949954740654,-0.06900906351200449,0.72,0.35,0.68,0.3,0.0,-5.071482484159229e-05,0.0,-0.020702719053601347,0.0,0.0,0.0,0.2607147339004052,0.2607147339004052,0.08892789914939211,straight,0.9,1.0,-0.026751481831147814,0.020753433878442938,0.22,0.8147335434387664,0.2607147339004052,0.0,0.2607147339004052,0.2607147339004052,0.2607147339004052,0.2607147339004052,0.24587044120471344,0.22494812327438876,0.24587044120471344,0.22494812327438876,0.014844292695691791,0.035766610626016465,-0.004449214477477908,0.06008842433129674,0.0032479475351422826,0.00810900803504881,0.2639626814355475,0.26882374193545405,0.2663932116855008,0.03240706999937689,0.23925000429153442,-0.12608695030212402,0.2354092822395511,-0.1549801328172198,1.5232254266738892,3.457346200942993,1.819000005722046,lidar_disabled,1.0,False,2003.106101006
1785741909.1815486,177.0837700366974,v4,cascade_controller_v4,cascade_controller_v4_fast_smooth_true_cascade_pd_1_0,cascade_pd_tracking,follow_main,inner_wheel_pd,straight,,TURNING,UNKNOWN,UNKNOWN,UNKNOWN,1,1,2.9000000000000004,2.9000000000000004,2.6038115328613274,0.0,0.021,0.0190607935251631,0.0,-0.00014489949954740654,-0.06900906351200449,0.0,-5.071482484159229e-05,0.0,-0.020702719053601347,0.72,0.35,0.68,0.3,nan,nan,nan,nan,nan,1.0,0.08892789914939211,-0.026751481831147814,0.020753433878442938,0.9,0.2607147339004052,0.2607147339004052,0.2663932116855008,0.17489944387359024,0.23925000429153442,0.0,0.0,0.22,0.0,0.03240706999937689,0.31022338266933697,-0.12608695030212402,-0.06435056041794418,0.436310332971461,0.2607147339004052,0.24587044120471344,0.2639626814355475,0.2607147339004052,0.22494812327438876,0.26882374193545405,0.014844292695691791,0.035766610626016465,-0.004449214477477908,0.06008842433129674,0.0032479475351422826,0.00810900803504881,10.067859253572056,1.0,0.0,-3.199289043413224e-17,0.8147335434387664,0,0,0,0,0,0,0,0,0,nan,nan,1.819000005722046,1.0,0,0,0,1.5232254266738892,3.457346200942993,0.7986272287732615,3.7203497886657715,0.7718870639801025,6.29425048828125e-05,2.9638946056365967,2.264838933944702,1.4489495754241943,0.0060404440000638715,0.03318998100007775,0.0029000000000000002,0.0026038115328613273,0.0,nan,nan,nan,nan,0.2354092822395511,-0.1549801328172198,lidar_disabled,1,1,1,1,2,0,1,1,2,cascade_controller_v4,cascade_controller_v4_fast_smooth_true_cascade_pd_1_0,cascade_pd_tracking,follow_main,inner_wheel_pd,True,True,False,"[""cascade_controller_v4""]",False,UNKNOWN,UNKNOWN,UNKNOWN,TURNING,True,ok,1.0,10.067859253572056,0.0060404440000638715,0.03318998100007775,2.9000000000000004,0.021,-3.199289043413224e-17,0.0,0.0026038115328613273,2.6038115328613274,0.0190607935251631,0.0,0.0,0.0,-0.00014489949954740654,-0.06900906351200449,0.72,0.35,0.68,0.3,0.0,-5.071482484159229e-05,0.0,-0.020702719053601347,0.0,0.0,0.0,0.2607147339004052,0.2607147339004052,0.08892789914939211,straight,0.9,1.0,-0.026751481831147814,0.020753433878442938,0.22,0.8147335434387664,0.2607147339004052,0.0,0.2607147339004052,0.2607147339004052,0.2607147339004052,0.2607147339004052,0.24587044120471344,0.22494812327438876,0.24587044120471344,0.22494812327438876,0.014844292695691791,0.035766610626016465,-0.004449214477477908,0.06008842433129674,0.0032479475351422826,0.00810900803504881,0.2639626814355475,0.26882374193545405,0.2663932116855008,0.03240706999937689,0.23925000429153442,-0.12608695030212402,0.2354092822395511,-0.1549801328172198,1.5232254266738892,3.457346200942993,1.819000005722046,lidar_disabled,1.0,False,2003.106101006
1785741910.0833538,177.9855751991272,v4,cascade_controller_v4,cascade_controller_v4_fast_smooth_true_cascade_pd_1_0,cascade_pd_tracking,follow_main,inner_wheel_pd,straight,,TURNING,UNKNOWN,UNKNOWN,UNKNOWN,1,1,2.9000000000000004,2.9000000000000004,2.6038115328613274,0.0,0.021,0.0190607935251631,0.0,-0.00014489949954740654,-0.06900906351200449,0.0,-5.071482484159229e-05,0.0,-0.020702719053601347,0.72,0.35,0.68,0.3,nan,nan,nan,nan,nan,1.0,0.08892789914939211,-0.026751481831147814,0.020753433878442938,0.9,0.2607147339004052,0.2607147339004052,0.2663932116855008,0.17489944387359024,0.23925000429153442,0.0,0.0,0.22,0.0,0.03240706999937689,0.31022338266933697,-0.12608695030212402,-0.06435056041794418,0.436310332971461,0.2607147339004052,0.24587044120471344,0.2639626814355475,0.2607147339004052,0.22494812327438876,0.26882374193545405,0.014844292695691791,0.035766610626016465,-0.004449214477477908,0.06008842433129674,0.0032479475351422826,0.00810900803504881,10.067859253572056,1.0,0.0,-3.199289043413224e-17,0.8147335434387664,0,0,0,0,0,0,0,0,0,nan,nan,1.819000005722046,1.0,0,0,0,1.5232254266738892,3.457346200942993,0.7986272287732615,7.367134094238281e-05,1.673692226409912,0.9018681049346924,3.8657000064849854,3.16664457321167,2.350755453109741,0.0060404440000638715,0.03318998100007775,0.0029000000000000002,0.0026038115328613273,0.0,nan,nan,nan,nan,0.2354092822395511,-0.1549801328172198,lidar_disabled,1,1,1,1,2,0,1,1,2,cascade_controller_v4,cascade_controller_v4_fast_smooth_true_cascade_pd_1_0,cascade_pd_tracking,follow_main,inner_wheel_pd,True,True,False,"[""cascade_controller_v4""]",False,UNKNOWN,UNKNOWN,UNKNOWN,TURNING,True,ok,1.0,10.067859253572056,0.0060404440000638715,0.03318998100007775,2.9000000000000004,0.021,-3.199289043413224e-17,0.0,0.0026038115328613273,2.6038115328613274,0.0190607935251631,0.0,0.0,0.0,-0.00014489949954740654,-0.06900906351200449,0.72,0.35,0.68,0.3,0.0,-5.071482484159229e-05,0.0,-0.020702719053601347,0.0,0.0,0.0,0.2607147339004052,0.2607147339004052,0.08892789914939211,straight,0.9,1.0,-0.026751481831147814,0.020753433878442938,0.22,0.8147335434387664,0.2607147339004052,0.0,0.2607147339004052,0.2607147339004052,0.2607147339004052,0.2607147339004052,0.24587044120471344,0.22494812327438876,0.24587044120471344,0.22494812327438876,0.014844292695691791,0.035766610626016465,-0.004449214477477908,0.06008842433129674,0.0032479475351422826,0.00810900803504881,0.2639626814355475,0.26882374193545405,0.2663932116855008,0.03240706999937689,0.23925000429153442,-0.12608695030212402,0.2354092822395511,-0.1549801328172198,1.5232254266738892,3.457346200942993,1.819000005722046,lidar_disabled,1.0,False,2003.106101006
1785741910.816973,178.7191948890686,v4,cascade_controller_v4,cascade_controller_v4_fast_smooth_true_cascade_pd_1_0,cascade_pd_tracking,follow_main,inner_wheel_pd,straight,,TURNING,UNKNOWN,UNKNOWN,UNKNOWN,1,1,2.9000000000000004,2.9000000000000004,2.6038115328613274,0.0,0.021,0.0190607935251631,0.0,-0.00014489949954740654,-0.06900906351200449,0.0,-5.071482484159229e-05,0.0,-0.020702719053601347,0.72,0.35,0.68,0.3,nan,nan,nan,nan,nan,1.0,0.08892789914939211,-0.026751481831147814,0.020753433878442938,0.9,0.2607147339004052,0.2607147339004052,0.2663932116855008,0.10277144577614662,0.23925000429153442,0.0,0.0,0.22,0.0,0.03240706999937689,-0.737231003886474,-0.12608695030212402,-0.13647855851538782,-0.61114405358435,0.2607147339004052,0.24587044120471344,0.2639626814355475,0.2607147339004052,0.22494812327438876,0.26882374193545405,0.014844292695691791,0.035766610626016465,-0.004449214477477908,0.06008842433129674,0.0032479475351422826,0.00810900803504881,10.067859253572056,1.0,0.0,-3.199289043413224e-17,0.8147335434387664,0,0,0,0,0,0,0,0,0,nan,nan,1.819000005722046,1.0,0,0,0,1.5232254266738892,3.457346200942993,0.7986272287732615,0.7336938381195068,2.407313346862793,1.6354897022247314,9.965896606445312e-05,3.9002671241760254,3.084378719329834,0.0060404440000638715,0.03318998100007775,0.0029000000000000002,0.0026038115328613273,0.0,nan,nan,nan,nan,0.2354092822395511,-0.1549801328172198,lidar_disabled,1,1,1,1,2,0,1,1,2,cascade_controller_v4,cascade_controller_v4_fast_smooth_true_cascade_pd_1_0,cascade_pd_tracking,follow_main,inner_wheel_pd,True,True,False,"[""cascade_controller_v4""]",False,UNKNOWN,UNKNOWN,UNKNOWN,TURNING,True,ok,1.0,10.067859253572056,0.0060404440000638715,0.03318998100007775,2.9000000000000004,0.021,-3.199289043413224e-17,0.0,0.0026038115328613273,2.6038115328613274,0.0190607935251631,0.0,0.0,0.0,-0.00014489949954740654,-0.06900906351200449,0.72,0.35,0.68,0.3,0.0,-5.071482484159229e-05,0.0,-0.020702719053601347,0.0,0.0,0.0,0.2607147339004052,0.2607147339004052,0.08892789914939211,straight,0.9,1.0,-0.026751481831147814,0.020753433878442938,0.22,0.8147335434387664,0.2607147339004052,0.0,0.2607147339004052,0.2607147339004052,0.2607147339004052,0.2607147339004052,0.24587044120471344,0.22494812327438876,0.24587044120471344,0.22494812327438876,0.014844292695691791,0.035766610626016465,-0.004449214477477908,0.06008842433129674,0.0032479475351422826,0.00810900803504881,0.2639626814355475,0.26882374193545405,0.2663932116855008,0.03240706999937689,0.23925000429153442,-0.12608695030212402,0.2354092822395511,-0.1549801328172198,1.5232254266738892,3.457346200942993,1.819000005722046,lidar_disabled,1.0,False,2003.106101006
1785741911.5507772,179.45299863815308,v4,cascade_controller_v4,cascade_controller_v4_fast_smooth_true_cascade_pd_1_0,cascade_pd_tracking,follow_main,inner_wheel_pd,straight,,TURNING,UNKNOWN,UNKNOWN,UNKNOWN,1,1,2.9000000000000004,2.9000000000000004,2.6038115328613274,0.0,0.021,0.0190607935251631,0.0,-0.00014489949954740654,-0.06900906351200449,0.0,-5.071482484159229e-05,0.0,-0.020702719053601347,0.72,0.35,0.68,0.3,nan,nan,nan,nan,nan,1.0,0.08892789914939211,-0.026751481831147814,0.020753433878442938,0.9,0.2607147339004052,0.2607147339004052,0.2663932116855008,0.10277144577614662,0.23925000429153442,0.0,0.0,0.22,0.0,0.03240706999937689,-0.737231003886474,-0.12608695030212402,-0.13647855851538782,-0.61114405358435,0.2607147339004052,0.24587044120471344,0.2639626814355475,0.2607147339004052,0.22494812327438876,0.26882374193545405,0.014844292695691791,0.035766610626016465,-0.004449214477477908,0.06008842433129674,0.0032479475351422826,0.00810900803504881,10.067859253572056,1.0,0.0,-3.199289043413224e-17,0.8147335434387664,0,0,0,0,0,0,0,0,0,nan,nan,1.819000005722046,1.0,0,0,0,1.5232254266738892,3.457346200942993,0.537437709902845,1.4674968719482422,3.141115427017212,2.3692915439605713,0.7339010238647461,6.246566772460938e-05,3.818178653717041,0.0060404440000638715,0.03318998100007775,0.0029000000000000002,0.0026038115328613273,0.0,nan,nan,nan,nan,0.2354092822395511,-0.1549801328172198,lidar_disabled,1,1,1,1,2,0,1,1,2,cascade_controller_v4,cascade_controller_v4_fast_smooth_true_cascade_pd_1_0,cascade_pd_tracking,follow_main,inner_wheel_pd,True,True,False,"[""cascade_controller_v4""]",False,UNKNOWN,UNKNOWN,UNKNOWN,TURNING,True,ok,1.0,10.067859253572056,0.0060404440000638715,0.03318998100007775,2.9000000000000004,0.021,-3.199289043413224e-17,0.0,0.0026038115328613273,2.6038115328613274,0.0190607935251631,0.0,0.0,0.0,-0.00014489949954740654,-0.06900906351200449,0.72,0.35,0.68,0.3,0.0,-5.071482484159229e-05,0.0,-0.020702719053601347,0.0,0.0,0.0,0.2607147339004052,0.2607147339004052,0.08892789914939211,straight,0.9,1.0,-0.026751481831147814,0.020753433878442938,0.22,0.8147335434387664,0.2607147339004052,0.0,0.2607147339004052,0.2607147339004052,0.2607147339004052,0.2607147339004052,0.24587044120471344,0.22494812327438876,0.24587044120471344,0.22494812327438876,0.014844292695691791,0.035766610626016465,-0.004449214477477908,0.06008842433129674,0.0032479475351422826,0.00810900803504881,0.2639626814355475,0.26882374193545405,0.2663932116855008,0.03240706999937689,0.23925000429153442,-0.12608695030212402,0.2354092822395511,-0.1549801328172198,1.5232254266738892,3.457346200942993,1.819000005722046,lidar_disabled,1.0,False,2003.106101006
1785741912.017703,179.91992473602295,v4,cascade_controller_v4,cascade_controller_v4_fast_smooth_true_cascade_pd_1_0,cascade_pd_tracking,follow_main,inner_wheel_pd,straight,,TURNING,UNKNOWN,UNKNOWN,UNKNOWN,1,1,2.9000000000000004,2.9000000000000004,2.6038115328613274,0.0,0.021,0.0190607935251631,0.0,-0.00014489949954740654,-0.06900906351200449,0.0,-5.071482484159229e-05,0.0,-0.020702719053601347,0.72,0.35,0.68,0.3,nan,nan,nan,nan,nan,1.0,0.08892789914939211,-0.026751481831147814,0.020753433878442938,0.9,0.2607147339004052,0.2607147339004052,0.2663932116855008,0.10277144577614662,0.23925000429153442,0.0,0.0,0.22,0.0,0.03240706999937689,-0.737231003886474,-0.12608695030212402,-0.13647855851538782,-0.61114405358435,0.2607147339004052,0.24587044120471344,0.2639626814355475,0.2607147339004052,0.22494812327438876,0.26882374193545405,0.014844292695691791,0.035766610626016465,-0.004449214477477908,0.06008842433129674,0.0032479475351422826,0.00810900803504881,10.067859253572056,1.0,0.0,-3.199289043413224e-17,0.8147335434387664,0,0,0,0,0,0,0,0,0,nan,nan,1.819000005722046,1.0,0,0,0,1.5232254266738892,3.457346200942993,0.537437709902845,1.9344232082366943,3.608041763305664,2.8362178802490234,1.2008273601531982,0.46698904037475586,0.00011444091796875,0.0060404440000638715,0.03318998100007775,0.0029000000000000002,0.0026038115328613273,0.0,nan,nan,nan,nan,0.2354092822395511,-0.1549801328172198,lidar_disabled,1,1,1,1,2,0,1,1,2,cascade_controller_v4,cascade_controller_v4_fast_smooth_true_cascade_pd_1_0,cascade_pd_tracking,follow_main,inner_wheel_pd,True,True,False,"[""cascade_controller_v4""]",False,UNKNOWN,UNKNOWN,UNKNOWN,TURNING,True,ok,1.0,10.067859253572056,0.0060404440000638715,0.03318998100007775,2.9000000000000004,0.021,-3.199289043413224e-17,0.0,0.0026038115328613273,2.6038115328613274,0.0190607935251631,0.0,0.0,0.0,-0.00014489949954740654,-0.06900906351200449,0.72,0.35,0.68,0.3,0.0,-5.071482484159229e-05,0.0,-0.020702719053601347,0.0,0.0,0.0,0.2607147339004052,0.2607147339004052,0.08892789914939211,straight,0.9,1.0,-0.026751481831147814,0.020753433878442938,0.22,0.8147335434387664,0.2607147339004052,0.0,0.2607147339004052,0.2607147339004052,0.2607147339004052,0.2607147339004052,0.24587044120471344,0.22494812327438876,0.24587044120471344,0.22494812327438876,0.014844292695691791,0.035766610626016465,-0.004449214477477908,0.06008842433129674,0.0032479475351422826,0.00810900803504881,0.2639626814355475,0.26882374193545405,0.2663932116855008,0.03240706999937689,0.23925000429153442,-0.12608695030212402,0.2354092822395511,-0.1549801328172198,1.5232254266738892,3.457346200942993,1.819000005722046,lidar_disabled,1.0,False,2003.106101006
1785741912.8239586,180.72618007659912,v4,cascade_controller_v4,cascade_controller_v4_fast_smooth_true_cascade_pd_1_0,cascade_pd_tracking,follow_main,inner_wheel_pd,sharp,,FOLLOW_MAIN,FOLLOW_MAIN,COMMITTED,UNKNOWN,1,1,135.4,135.4,133.8006591863643,133.8006591863643,0.538,0.5536048007762064,0.5536048007762064,0.021261021591956315,-0.1020894476785714,0.0963364746141823,0.00744135755718471,0.3764512645278204,-0.030626834303571417,0.72,0.35,0.68,0.3,nan,nan,nan,nan,nan,1.0,1.810050273719353,-0.13633828886999383,-0.44960226239561596,1.18,0.11,0.11,0.11175160981287222,0.10277144577614662,0.1014999970793724,-0.6914098504934194,-0.6914098504934194,0.8,-0.6914098504934194,-0.6435374081040262,-0.737231003886474,-0.6304347515106201,0.0012714486967742161,-0.10679625237585388,0.15667016490830582,0.14131189483511392,0.16001691542067417,0.06332983509169418,0.06312686578109523,0.06348630420507026,0.015358270073191904,0.0,-0.008017225933463804,0.039117278344019214,0.0033467505123683638,0.00015646911337607687,13.745228258686147,1.0,0.0,-1.0398445397937435,0.34375,0,0,0,0,0,0,0,0,0,nan,nan,1.8580000400543213,1.0,0,0,0,2.1675589084625244,3.7574446201324463,0.537437709902845,2.740678071975708,7.915496826171875e-05,3.642472505569458,2.007081985473633,1.2732439041137695,0.8063695430755615,0.0745562780000455,0.1186505370001214,0.1354,0.1338006591863643,0.1338006591863643,nan,nan,nan,nan,0.10221938030810457,-0.5791483633631012,lidar_disabled,1,1,1,1,4,0,2,2,2,cascade_controller_v4,cascade_controller_v4_fast_smooth_true_cascade_pd_1_0,cascade_pd_tracking,follow_main,inner_wheel_pd,True,True,False,"[""cascade_controller_v4""]",False,FOLLOW_MAIN,COMMITTED,UNKNOWN,FOLLOW_MAIN,True,ok,1.0,13.745228258686147,0.0745562780000455,0.1186505370001214,135.4,0.538,-1.0398445397937435,0.0,0.1338006591863643,133.8006591863643,0.5536048007762064,0.1338006591863643,133.8006591863643,0.5536048007762064,0.021261021591956315,-0.1020894476785714,0.72,0.35,0.68,0.3,0.0963364746141823,0.00744135755718471,0.3764512645278204,-0.030626834303571417,-0.6914098504934194,-0.6914098504934194,-0.6914098504934194,0.11,0.11,1.810050273719353,sharp,1.18,1.0,-0.13633828886999383,-0.44960226239561596,0.8,0.34375,0.11,-0.6914098504934194,0.15667016490830582,0.06332983509169418,0.15667016490830582,0.06332983509169418,0.14131189483511392,0.06312686578109523,0.14131189483511392,0.06312686578109523,0.015358270073191904,0.0,-0.008017225933463804,0.039117278344019214,0.0033467505123683638,0.00015646911337607687,0.16001691542067417,0.06348630420507026,0.11175160981287222,-0.6435374081040262,0.1014999970793724,-0.6304347515106201,0.10221938030810457,-0.5791483633631012,2.1675589084625244,3.7574446201324463,1.8580000400543213,lidar_disabled,1.0,False,2007.524739763
1785741913.6629333,181.5651547908783,v4,cascade_controller_v4,cascade_controller_v4_fast_smooth_true_cascade_pd_1_0,cascade_pd_tracking,follow_main,inner_wheel_pd,sharp,,FOLLOW_MAIN,FOLLOW_MAIN,COMMITTED,UNKNOWN,1,1,135.4,135.4,133.8006591863643,133.8006591863643,0.538,0.5536048007762064,0.5536048007762064,0.021261021591956315,-0.1020894476785714,0.0963364746141823,0.00744135755718471,0.3764512645278204,-0.030626834303571417,0.72,0.35,0.68,0.3,nan,nan,nan,nan,nan,1.0,1.810050273719353,-0.13633828886999383,-0.44960226239561596,1.18,0.11,0.11,0.11175160981287222,0.10277144577614662,0.1014999970793724,-0.6914098504934194,-0.6914098504934194,0.8,-0.6914098504934194,-0.6435374081040262,-0.737231003886474,-0.6304347515106201,0.0012714486967742161,-0.10679625237585388,0.15667016490830582,0.14131189483511392,0.16001691542067417,0.06332983509169418,0.06312686578109523,0.06348630420507026,0.015358270073191904,0.0,-0.008017225933463804,0.039117278344019214,0.0033467505123683638,0.00015646911337607687,13.745228258686147,1.0,0.0,-1.0398445397937435,0.34375,0,0,0,0,0,0,0,0,0,nan,nan,1.8580000400543213,1.0,0,0,0,2.1675589084625244,3.7574446201324463,0.537437709902845,3.579653263092041,0.8390543460845947,7.510185241699219e-05,2.846057176589966,2.1122190952301025,1.6453447341918945,0.0745562780000455,0.1186505370001214,0.1354,0.1338006591863643,0.1338006591863643,nan,nan,nan,nan,0.10221938030810457,-0.5791483633631012,lidar_disabled,1,1,1,1,4,0,2,2,2,cascade_controller_v4,cascade_controller_v4_fast_smooth_true_cascade_pd_1_0,cascade_pd_tracking,follow_main,inner_wheel_pd,True,True,False,"[""cascade_controller_v4""]",False,FOLLOW_MAIN,COMMITTED,UNKNOWN,FOLLOW_MAIN,True,ok,1.0,13.745228258686147,0.0745562780000455,0.1186505370001214,135.4,0.538,-1.0398445397937435,0.0,0.1338006591863643,133.8006591863643,0.5536048007762064,0.1338006591863643,133.8006591863643,0.5536048007762064,0.021261021591956315,-0.1020894476785714,0.72,0.35,0.68,0.3,0.0963364746141823,0.00744135755718471,0.3764512645278204,-0.030626834303571417,-0.6914098504934194,-0.6914098504934194,-0.6914098504934194,0.11,0.11,1.810050273719353,sharp,1.18,1.0,-0.13633828886999383,-0.44960226239561596,0.8,0.34375,0.11,-0.6914098504934194,0.15667016490830582,0.06332983509169418,0.15667016490830582,0.06332983509169418,0.14131189483511392,0.06312686578109523,0.14131189483511392,0.06312686578109523,0.015358270073191904,0.0,-0.008017225933463804,0.039117278344019214,0.0033467505123683638,0.00015646911337607687,0.16001691542067417,0.06348630420507026,0.11175160981287222,-0.6435374081040262,0.1014999970793724,-0.6304347515106201,0.10221938030810457,-0.5791483633631012,2.1675589084625244,3.7574446201324463,1.8580000400543213,lidar_disabled,1.0,False,2007.524739763
1785741914.3339,182.23612141609192,v4,cascade_controller_v4,cascade_controller_v4_fast_smooth_true_cascade_pd_1_0,cascade_pd_tracking,follow_main,inner_wheel_pd,sharp,,FOLLOW_MAIN,FOLLOW_MAIN,COMMITTED,UNKNOWN,1,1,135.4,135.4,133.8006591863643,133.8006591863643,0.538,0.5536048007762064,0.5536048007762064,0.021261021591956315,-0.1020894476785714,0.0963364746141823,0.00744135755718471,0.3764512645278204,-0.030626834303571417,0.72,0.35,0.68,0.3,nan,nan,nan,nan,nan,1.0,1.810050273719353,-0.13633828886999383,-0.44960226239561596,1.18,0.11,0.11,0.11175160981287222,0.10277144577614662,0.1014999970793724,-0.6914098504934194,-0.6914098504934194,0.8,-0.6914098504934194,-0.6435374081040262,-0.737231003886474,-0.6304347515106201,0.0012714486967742161,-0.10679625237585388,0.15667016490830582,0.14131189483511392,0.16001691542067417,0.06332983509169418,0.06312686578109523,0.06348630420507026,0.015358270073191904,0.0,-0.008017225933463804,0.039117278344019214,0.0033467505123683638,0.00015646911337607687,13.745228258686147,1.0,0.0,-1.0398445397937435,0.34375,0,0,0,0,0,0,0,0,0,nan,nan,1.8580000400543213,1.0,0,0,0,2.1675589084625244,3.7574446201324463,0.537437709902845,8.440017700195312e-05,1.5100209712982178,0.67104172706604,3.517024040222168,2.7831859588623047,2.316311836242676,0.0745562780000455,0.1186505370001214,0.1354,0.1338006591863643,0.1338006591863643,nan,nan,nan,nan,0.10221938030810457,-0.5791483633631012,lidar_disabled,1,1,1,1,4,0,2,2,2,cascade_controller_v4,cascade_controller_v4_fast_smooth_true_cascade_pd_1_0,cascade_pd_tracking,follow_main,inner_wheel_pd,True,True,False,"[""cascade_controller_v4""]",False,FOLLOW_MAIN,COMMITTED,UNKNOWN,FOLLOW_MAIN,True,ok,1.0,13.745228258686147,0.0745562780000455,0.1186505370001214,135.4,0.538,-1.0398445397937435,0.0,0.1338006591863643,133.8006591863643,0.5536048007762064,0.1338006591863643,133.8006591863643,0.5536048007762064,0.021261021591956315,-0.1020894476785714,0.72,0.35,0.68,0.3,0.0963364746141823,0.00744135755718471,0.3764512645278204,-0.030626834303571417,-0.6914098504934194,-0.6914098504934194,-0.6914098504934194,0.11,0.11,1.810050273719353,sharp,1.18,1.0,-0.13633828886999383,-0.44960226239561596,0.8,0.34375,0.11,-0.6914098504934194,0.15667016490830582,0.06332983509169418,0.15667016490830582,0.06332983509169418,0.14131189483511392,0.06312686578109523,0.14131189483511392,0.06312686578109523,0.015358270073191904,0.0,-0.008017225933463804,0.039117278344019214,0.0033467505123683638,0.00015646911337607687,0.16001691542067417,0.06348630420507026,0.11175160981287222,-0.6435374081040262,0.1014999970793724,-0.6304347515106201,0.10221938030810457,-0.5791483633631012,2.1675589084625244,3.7574446201324463,1.8580000400543213,lidar_disabled,1.0,False,2007.524739763
1785741914.8896809,182.79190230369568,v4,cascade_controller_v4,cascade_controller_v4_fast_smooth_true_cascade_pd_1_0,cascade_pd_tracking,follow_main,inner_wheel_pd,sharp,,FOLLOW_MAIN,FOLLOW_MAIN,COMMITTED,UNKNOWN,1,1,135.4,135.4,133.8006591863643,133.8006591863643,0.538,0.5536048007762064,0.5536048007762064,0.021261021591956315,-0.1020894476785714,0.0963364746141823,0.00744135755718471,0.3764512645278204,-0.030626834303571417,0.72,0.35,0.68,0.3,nan,nan,nan,nan,nan,1.0,1.810050273719353,-0.13633828886999383,-0.44960226239561596,1.18,0.11,0.11,0.11175160981287222,0.11166302129376657,0.1014999970793724,-0.6914098504934194,-0.6914098504934194,0.8,-0.6914098504934194,-0.6435374081040262,0.06849292210577469,-0.6304347515106201,0.010163024214394162,0.6989276736163949,0.15667016490830582,0.14131189483511392,0.16001691542067417,0.06332983509169418,0.06312686578109523,0.06348630420507026,0.015358270073191904,0.0,-0.008017225933463804,0.039117278344019214,0.0033467505123683638,0.00015646911337607687,13.745228258686147,1.0,0.0,-1.0398445397937435,0.34375,0,0,0,0,0,0,0,0,0,nan,nan,1.8580000400543213,1.0,0,0,0,2.1675589084625244,3.7574446201324463,0.537437709902845,0.5558655261993408,2.0658023357391357,1.226822853088379,6.413459777832031e-05,3.3389670848846436,2.8720927238464355,0.0745562780000455,0.1186505370001214,0.1354,0.1338006591863643,0.1338006591863643,nan,nan,nan,nan,0.10221938030810457,-0.5791483633631012,lidar_disabled,1,1,1,1,4,0,2,2,2,cascade_controller_v4,cascade_controller_v4_fast_smooth_true_cascade_pd_1_0,cascade_pd_tracking,follow_main,inner_wheel_pd,True,True,False,"[""cascade_controller_v4""]",False,FOLLOW_MAIN,COMMITTED,UNKNOWN,FOLLOW_MAIN,True,ok,1.0,13.745228258686147,0.0745562780000455,0.1186505370001214,135.4,0.538,-1.0398445397937435,0.0,0.1338006591863643,133.8006591863643,0.5536048007762064,0.1338006591863643,133.8006591863643,0.5536048007762064,0.021261021591956315,-0.1020894476785714,0.72,0.35,0.68,0.3,0.0963364746141823,0.00744135755718471,0.3764512645278204,-0.030626834303571417,-0.6914098504934194,-0.6914098504934194,-0.6914098504934194,0.11,0.11,1.810050273719353,sharp,1.18,1.0,-0.13633828886999383,-0.44960226239561596,0.8,0.34375,0.11,-0.6914098504934194,0.15667016490830582,0.06332983509169418,0.15667016490830582,0.06332983509169418,0.14131189483511392,0.06312686578109523,0.14131189483511392,0.06312686578109523,0.015358270073191904,0.0,-0.008017225933463804,0.039117278344019214,0.0033467505123683638,0.00015646911337607687,0.16001691542067417,0.06348630420507026,0.11175160981287222,-0.6435374081040262,0.1014999970793724,-0.6304347515106201,0.10221938030810457,-0.5791483633631012,2.1675589084625244,3.7574446201324463,1.8580000400543213,lidar_disabled,1.0,False,2007.524739763
1785741915.5042708,183.40649223327637,v4,cascade_controller_v4,cascade_controller_v4_fast_smooth_true_cascade_pd_1_0,cascade_pd_tracking,follow_main,inner_wheel_pd,sharp,,FOLLOW_MAIN,FOLLOW_MAIN,COMMITTED,UNKNOWN,1,1,135.4,135.4,133.8006591863643,133.8006591863643,0.538,0.5536048007762064,0.5536048007762064,0.021261021591956315,-0.1020894476785714,0.0963364746141823,0.00744135755718471,0.3764512645278204,-0.030626834303571417,0.72,0.35,0.68,0.3,nan,nan,nan,nan,nan,1.0,1.810050273719353,-0.13633828886999383,-0.44960226239561596,1.18,0.11,0.11,0.11175160981287222,0.11166302129376657,0.1014999970793724,-0.6914098504934194,-0.6914098504934194,0.8,-0.6914098504934194,-0.6435374081040262,0.06849292210577469,-0.6304347515106201,0.010163024214394162,0.6989276736163949,0.15667016490830582,0.14131189483511392,0.16001691542067417,0.06332983509169418,0.06312686578109523,0.06348630420507026,0.015358270073191904,0.0,-0.008017225933463804,0.039117278344019214,0.0033467505123683638,0.00015646911337607687,13.745228258686147,1.0,0.0,-1.0398445397937435,0.34375,0,0,0,0,0,0,0,0,0,nan,nan,1.8580000400543213,1.0,0,0,0,2.1675589084625244,3.7574446201324463,-1.9020917577961227,1.1704554557800293,2.680392026901245,1.8414125442504883,0.6146540641784668,6.4849853515625e-05,3.486682176589966,0.0745562780000455,0.1186505370001214,0.1354,0.1338006591863643,0.1338006591863643,nan,nan,nan,nan,0.10221938030810457,-0.5791483633631012,lidar_disabled,1,1,1,1,4,0,2,2,2,cascade_controller_v4,cascade_controller_v4_fast_smooth_true_cascade_pd_1_0,cascade_pd_tracking,follow_main,inner_wheel_pd,True,True,False,"[""cascade_controller_v4""]",False,FOLLOW_MAIN,COMMITTED,UNKNOWN,FOLLOW_MAIN,True,ok,1.0,13.745228258686147,0.0745562780000455,0.1186505370001214,135.4,0.538,-1.0398445397937435,0.0,0.1338006591863643,133.8006591863643,0.5536048007762064,0.1338006591863643,133.8006591863643,0.5536048007762064,0.021261021591956315,-0.1020894476785714,0.72,0.35,0.68,0.3,0.0963364746141823,0.00744135755718471,0.3764512645278204,-0.030626834303571417,-0.6914098504934194,-0.6914098504934194,-0.6914098504934194,0.11,0.11,1.810050273719353,sharp,1.18,1.0,-0.13633828886999383,-0.44960226239561596,0.8,0.34375,0.11,-0.6914098504934194,0.15667016490830582,0.06332983509169418,0.15667016490830582,0.06332983509169418,0.14131189483511392,0.06312686578109523,0.14131189483511392,0.06312686578109523,0.015358270073191904,0.0,-0.008017225933463804,0.039117278344019214,0.0033467505123683638,0.00015646911337607687,0.16001691542067417,0.06348630420507026,0.11175160981287222,-0.6435374081040262,0.1014999970793724,-0.6304347515106201,0.10221938030810457,-0.5791483633631012,2.1675589084625244,3.7574446201324463,1.8580000400543213,lidar_disabled,1.0,False,2007.524739763
1785741916.1510983,184.05331993103027,v4,cascade_controller_v4,cascade_controller_v4_fast_smooth_true_cascade_pd_1_0,cascade_pd_tracking,follow_main,inner_wheel_pd,sharp,,FOLLOW_MAIN,FOLLOW_MAIN,COMMITTED,UNKNOWN,1,1,135.4,135.4,133.8006591863643,133.8006591863643,0.538,0.5536048007762064,0.5536048007762064,0.021261021591956315,-0.1020894476785714,0.0963364746141823,0.00744135755718471,0.3764512645278204,-0.030626834303571417,0.72,0.35,0.68,0.3,nan,nan,nan,nan,nan,1.0,1.810050273719353,-0.13633828886999383,-0.44960226239561596,1.18,0.11,0.11,0.11175160981287222,0.11166302129376657,0.1014999970793724,-0.6914098504934194,-0.6914098504934194,0.8,-0.6914098504934194,-0.6435374081040262,0.06849292210577469,-0.6304347515106201,0.010163024214394162,0.6989276736163949,0.15667016490830582,0.14131189483511392,0.16001691542067417,0.06332983509169418,0.06312686578109523,0.06348630420507026,0.015358270073191904,0.0,-0.008017225933463804,0.039117278344019214,0.0033467505123683638,0.00015646911337607687,13.745228258686147,1.0,0.0,-1.0398445397937435,0.34375,0,0,0,0,0,0,0,0,0,nan,nan,1.8580000400543213,1.0,0,0,0,2.1675589084625244,3.7574446201324463,-1.9020917577961227,1.8172831535339355,3.3272197246551514,2.4882407188415527,1.2614822387695312,0.6468930244445801,6.985664367675781e-05,0.0745562780000455,0.1186505370001214,0.1354,0.1338006591863643,0.1338006591863643,nan,nan,nan,nan,0.10221938030810457,-0.5791483633631012,lidar_disabled,1,1,1,1,4,0,2,2,2,cascade_controller_v4,cascade_controller_v4_fast_smooth_true_cascade_pd_1_0,cascade_pd_tracking,follow_main,inner_wheel_pd,True,True,False,"[""cascade_controller_v4""]",False,FOLLOW_MAIN,COMMITTED,UNKNOWN,FOLLOW_MAIN,True,ok,1.0,13.745228258686147,0.0745562780000455,0.1186505370001214,135.4,0.538,-1.0398445397937435,0.0,0.1338006591863643,133.8006591863643,0.5536048007762064,0.1338006591863643,133.8006591863643,0.5536048007762064,0.021261021591956315,-0.1020894476785714,0.72,0.35,0.68,0.3,0.0963364746141823,0.00744135755718471,0.3764512645278204,-0.030626834303571417,-0.6914098504934194,-0.6914098504934194,-0.6914098504934194,0.11,0.11,1.810050273719353,sharp,1.18,1.0,-0.13633828886999383,-0.44960226239561596,0.8,0.34375,0.11,-0.6914098504934194,0.15667016490830582,0.06332983509169418,0.15667016490830582,0.06332983509169418,0.14131189483511392,0.06312686578109523,0.14131189483511392,0.06312686578109523,0.015358270073191904,0.0,-0.008017225933463804,0.039117278344019214,0.0033467505123683638,0.00015646911337607687,0.16001691542067417,0.06348630420507026,0.11175160981287222,-0.6435374081040262,0.1014999970793724,-0.6304347515106201,0.10221938030810457,-0.5791483633631012,2.1675589084625244,3.7574446201324463,1.8580000400543213,lidar_disabled,1.0,False,2007.524739763
1785741917.163697,185.06591844558716,v4,cascade_controller_v4,cascade_controller_v4_fast_smooth_true_cascade_pd_1_0,cascade_pd_tracking,follow_main,inner_wheel_pd,sharp,,FOLLOW_MAIN,FOLLOW_MAIN,COMMITTED,HOLD,1,1,-162.60000000000002,-162.60000000000002,-161.49111681259623,-161.49111681259623,-0.279,-0.2872735656886194,-0.2872735656886194,-0.057499855686121176,0.2852626999883989,-0.11627360410506928,-0.02012494949014241,-0.1953460246682612,0.08557880999651968,0.72,0.35,0.68,0.3,nan,nan,nan,nan,nan,1.0,1.3446992833518134,-0.011833765266367618,0.24616576826695324,1.18,0.11,0.11,0.113304751381938,0.11166302129376657,0.09787499904632568,0.276511763540691,0.276511763540691,0.8,0.276511763540691,0.21241638906332516,0.06849292210577469,0.4097825586795807,0.013788022247440884,-0.341289636573806,0.09133545596100336,0.062490161032596185,0.09737352220218862,0.12866454403899663,0.133474898407916,0.1292359805616874,0.02884529492840717,0.0,-0.07697466076607844,0.14285913067269176,0.006038066241185264,0.0005714365226907671,13.424739356713408,1.0,0.0,-0.08987948951524097,0.34375,0,0,0,0,0,0,0,0,0,nan,nan,2.318000078201294,1.0,0,0,0,2.2482569217681885,3.320845365524292,-1.9020917577961227,2.829881429672241,8.893013000488281e-05,3.5008387565612793,2.274080276489258,1.6594913005828857,1.0126686096191406,0.001842258999886326,0.01619411100000434,-0.16260000000000002,-0.16149111681259623,-0.16149111681259623,nan,nan,nan,nan,0.09798252972025609,0.5258128694468134,lidar_disabled,1,1,1,1,4,0,2,2,3,cascade_controller_v4,cascade_controller_v4_fast_smooth_true_cascade_pd_1_0,cascade_pd_tracking,follow_main,inner_wheel_pd,True,True,False,"[""cascade_controller_v4""]",False,FOLLOW_MAIN,COMMITTED,HOLD,FOLLOW_MAIN,True,ok,1.0,13.424739356713408,0.001842258999886326,0.01619411100000434,-162.60000000000002,-0.279,-0.08987948951524097,0.0,-0.16149111681259623,-161.49111681259623,-0.2872735656886194,-0.16149111681259623,-161.49111681259623,-0.2872735656886194,-0.057499855686121176,0.2852626999883989,0.72,0.35,0.68,0.3,-0.11627360410506928,-0.02012494949014241,-0.1953460246682612,0.08557880999651968,0.276511763540691,0.276511763540691,0.276511763540691,0.11,0.11,1.3446992833518134,sharp,1.18,1.0,-0.011833765266367618,0.24616576826695324,0.8,0.34375,0.11,0.276511763540691,0.09133545596100336,0.12866454403899663,0.09133545596100336,0.12866454403899663,0.062490161032596185,0.133474898407916,0.062490161032596185,0.133474898407916,0.02884529492840717,0.0,-0.07697466076607844,0.14285913067269176,0.006038066241185264,0.0005714365226907671,0.09737352220218862,0.1292359805616874,0.113304751381938,0.21241638906332516,0.09787499904632568,0.4097825586795807,0.09798252972025609,0.5258128694468134,2.2482569217681885,3.320845365524292,2.318000078201294,lidar_disabled,1.0,False,2011.866059371
1785741917.879465,185.7816870212555,v4,cascade_controller_v4,cascade_controller_v4_fast_smooth_true_cascade_pd_1_0,cascade_pd_tracking,follow_main,inner_wheel_pd,sharp,,FOLLOW_MAIN,FOLLOW_MAIN,COMMITTED,HOLD,1,1,-162.60000000000002,-162.60000000000002,-161.49111681259623,-161.49111681259623,-0.279,-0.2872735656886194,-0.2872735656886194,-0.057499855686121176,0.2852626999883989,-0.11627360410506928,-0.02012494949014241,-0.1953460246682612,0.08557880999651968,0.72,0.35,0.68,0.3,nan,nan,nan,nan,nan,1.0,1.3446992833518134,-0.011833765266367618,0.24616576826695324,1.18,0.11,0.11,0.113304751381938,0.11166302129376657,0.09787499904632568,0.276511763540691,0.276511763540691,0.8,0.276511763540691,0.21241638906332516,0.06849292210577469,0.4097825586795807,0.013788022247440884,-0.341289636573806,0.09133545596100336,0.062490161032596185,0.09737352220218862,0.12866454403899663,0.133474898407916,0.1292359805616874,0.02884529492840717,0.0,-0.07697466076607844,0.14285913067269176,0.006038066241185264,0.0005714365226907671,13.424739356713408,1.0,0.0,-0.08987948951524097,0.34375,0,0,0,0,0,0,0,0,0,nan,nan,2.318000078201294,1.0,0,0,0,2.2482569217681885,3.320845365524292,-1.9020917577961227,3.5456502437591553,0.7158582210540771,9.632110595703125e-05,2.989849328994751,2.375260353088379,1.7284376621246338,0.001842258999886326,0.01619411100000434,-0.16260000000000002,-0.16149111681259623,-0.16149111681259623,nan,nan,nan,nan,0.09798252972025609,0.5258128694468134,lidar_disabled,1,1,1,1,4,0,2,2,3,cascade_controller_v4,cascade_controller_v4_fast_smooth_true_cascade_pd_1_0,cascade_pd_tracking,follow_main,inner_wheel_pd,True,True,False,"[""cascade_controller_v4""]",False,FOLLOW_MAIN,COMMITTED,HOLD,FOLLOW_MAIN,True,ok,1.0,13.424739356713408,0.001842258999886326,0.01619411100000434,-162.60000000000002,-0.279,-0.08987948951524097,0.0,-0.16149111681259623,-161.49111681259623,-0.2872735656886194,-0.16149111681259623,-161.49111681259623,-0.2872735656886194,-0.057499855686121176,0.2852626999883989,0.72,0.35,0.68,0.3,-0.11627360410506928,-0.02012494949014241,-0.1953460246682612,0.08557880999651968,0.276511763540691,0.276511763540691,0.276511763540691,0.11,0.11,1.3446992833518134,sharp,1.18,1.0,-0.011833765266367618,0.24616576826695324,0.8,0.34375,0.11,0.276511763540691,0.09133545596100336,0.12866454403899663,0.09133545596100336,0.12866454403899663,0.062490161032596185,0.133474898407916,0.062490161032596185,0.133474898407916,0.02884529492840717,0.0,-0.07697466076607844,0.14285913067269176,0.006038066241185264,0.0005714365226907671,0.09737352220218862,0.1292359805616874,0.113304751381938,0.21241638906332516,0.09787499904632568,0.4097825586795807,0.09798252972025609,0.5258128694468134,2.2482569217681885,3.320845365524292,2.318000078201294,lidar_disabled,1.0,False,2011.866059371
1785741918.6022716,186.50449299812317,v4,cascade_controller_v4,cascade_controller_v4_fast_smooth_true_cascade_pd_1_0,cascade_pd_tracking,follow_main,inner_wheel_pd,sharp,,FOLLOW_MAIN,FOLLOW_MAIN,COMMITTED,HOLD,1,1,-162.60000000000002,-162.60000000000002,-161.49111681259623,-161.49111681259623,-0.279,-0.2872735656886194,-0.2872735656886194,-0.057499855686121176,0.2852626999883989,-0.11627360410506928,-0.02012494949014241,-0.1953460246682612,0.08557880999651968,0.72,0.35,0.68,0.3,nan,nan,nan,nan,nan,1.0,1.3446992833518134,-0.011833765266367618,0.24616576826695324,1.18,0.11,0.11,0.113304751381938,0.11166302129376657,0.09787499904632568,0.276511763540691,0.276511763540691,0.8,0.276511763540691,0.21241638906332516,0.06849292210577469,0.4097825586795807,0.013788022247440884,-0.341289636573806,0.09133545596100336,0.062490161032596185,0.09737352220218862,0.12866454403899663,0.133474898407916,0.1292359805616874,0.02884529492840717,0.0,-0.07697466076607844,0.14285913067269176,0.006038066241185264,0.0005714365226907671,13.424739356713408,1.0,0.0,-0.08987948951524097,0.34375,0,0,0,0,0,0,0,0,0,nan,nan,2.318000078201294,1.0,0,0,0,2.2482569217681885,3.320845365524292,-1.9020917577961227,5.626678466796875e-05,1.4386630058288574,0.7229013442993164,3.7126543521881104,3.098065137863159,2.451242208480835,0.001842258999886326,0.01619411100000434,-0.16260000000000002,-0.16149111681259623,-0.16149111681259623,nan,nan,nan,nan,0.09798252972025609,0.5258128694468134,lidar_disabled,1,1,1,1,4,0,2,2,3,cascade_controller_v4,cascade_controller_v4_fast_smooth_true_cascade_pd_1_0,cascade_pd_tracking,follow_main,inner_wheel_pd,True,True,False,"[""cascade_controller_v4""]",False,FOLLOW_MAIN,COMMITTED,HOLD,FOLLOW_MAIN,True,ok,1.0,13.424739356713408,0.001842258999886326,0.01619411100000434,-162.60000000000002,-0.279,-0.08987948951524097,0.0,-0.16149111681259623,-161.49111681259623,-0.2872735656886194,-0.16149111681259623,-161.49111681259623,-0.2872735656886194,-0.057499855686121176,0.2852626999883989,0.72,0.35,0.68,0.3,-0.11627360410506928,-0.02012494949014241,-0.1953460246682612,0.08557880999651968,0.276511763540691,0.276511763540691,0.276511763540691,0.11,0.11,1.3446992833518134,sharp,1.18,1.0,-0.011833765266367618,0.24616576826695324,0.8,0.34375,0.11,0.276511763540691,0.09133545596100336,0.12866454403899663,0.09133545596100336,0.12866454403899663,0.062490161032596185,0.133474898407916,0.062490161032596185,0.133474898407916,0.02884529492840717,0.0,-0.07697466076607844,0.14285913067269176,0.006038066241185264,0.0005714365226907671,0.09737352220218862,0.1292359805616874,0.113304751381938,0.21241638906332516,0.09787499904632568,0.4097825586795807,0.09798252972025609,0.5258128694468134,2.2482569217681885,3.320845365524292,2.318000078201294,lidar_disabled,1.0,False,2011.866059371
1785741919.348086,187.25030779838562,v4,cascade_controller_v4,cascade_controller_v4_fast_smooth_true_cascade_pd_1_0,cascade_pd_tracking,follow_main,inner_wheel_pd,sharp,,FOLLOW_MAIN,FOLLOW_MAIN,COMMITTED,HOLD,1,1,-162.60000000000002,-162.60000000000002,-161.49111681259623,-161.49111681259623,-0.279,-0.2872735656886194,-0.2872735656886194,-0.057499855686121176,0.2852626999883989,-0.11627360410506928,-0.02012494949014241,-0.1953460246682612,0.08557880999651968,0.72,0.35,0.68,0.3,nan,nan,nan,nan,nan,1.0,1.3446992833518134,-0.011833765266367618,0.24616576826695324,1.18,0.11,0.11,0.113304751381938,0.0,0.09787499904632568,0.276511763540691,0.276511763540691,0.8,0.276511763540691,0.21241638906332516,0.0,0.4097825586795807,-0.09787499904632568,-0.4097825586795807,0.09133545596100336,0.062490161032596185,0.09737352220218862,0.12866454403899663,0.133474898407916,0.1292359805616874,0.02884529492840717,0.0,-0.07697466076607844,0.14285913067269176,0.006038066241185264,0.0005714365226907671,13.424739356713408,1.0,0.0,-0.08987948951524097,0.34375,0,0,0,0,0,0,0,0,0,nan,nan,2.318000078201294,1.0,0,0,0,2.2482569217681885,3.320845365524292,-1.9020917577961227,0.7458724975585938,2.1844799518585205,1.4687182903289795,9.036064147949219e-05,3.8438827991485596,3.1970603466033936,0.001842258999886326,0.01619411100000434,-0.16260000000000002,-0.16149111681259623,-0.16149111681259623,nan,nan,nan,nan,0.09798252972025609,0.5258128694468134,lidar_disabled,1,1,1,1,4,0,2,2,3,cascade_controller_v4,cascade_controller_v4_fast_smooth_true_cascade_pd_1_0,cascade_pd_tracking,follow_main,inner_wheel_pd,True,True,False,"[""cascade_controller_v4""]",False,FOLLOW_MAIN,COMMITTED,HOLD,FOLLOW_MAIN,True,ok,1.0,13.424739356713408,0.001842258999886326,0.01619411100000434,-162.60000000000002,-0.279,-0.08987948951524097,0.0,-0.16149111681259623,-161.49111681259623,-0.2872735656886194,-0.16149111681259623,-161.49111681259623,-0.2872735656886194,-0.057499855686121176,0.2852626999883989,0.72,0.35,0.68,0.3,-0.11627360410506928,-0.02012494949014241,-0.1953460246682612,0.08557880999651968,0.276511763540691,0.276511763540691,0.276511763540691,0.11,0.11,1.3446992833518134,sharp,1.18,1.0,-0.011833765266367618,0.24616576826695324,0.8,0.34375,0.11,0.276511763540691,0.09133545596100336,0.12866454403899663,0.09133545596100336,0.12866454403899663,0.062490161032596185,0.133474898407916,0.062490161032596185,0.133474898407916,0.02884529492840717,0.0,-0.07697466076607844,0.14285913067269176,0.006038066241185264,0.0005714365226907671,0.09737352220218862,0.1292359805616874,0.113304751381938,0.21241638906332516,0.09787499904632568,0.4097825586795807,0.09798252972025609,0.5258128694468134,2.2482569217681885,3.320845365524292,2.318000078201294,lidar_disabled,1.0,False,2011.866059371
1785741920.1856947,188.08791661262512,v4,cascade_controller_v4,cascade_controller_v4_fast_smooth_true_cascade_pd_1_0,cascade_pd_tracking,follow_main,inner_wheel_pd,sharp,,FOLLOW_MAIN,FOLLOW_MAIN,COMMITTED,HOLD,1,1,-162.60000000000002,-162.60000000000002,-161.49111681259623,-161.49111681259623,-0.279,-0.2872735656886194,-0.2872735656886194,-0.057499855686121176,0.2852626999883989,-0.11627360410506928,-0.02012494949014241,-0.1953460246682612,0.08557880999651968,0.72,0.35,0.68,0.3,nan,nan,nan,nan,nan,1.0,1.3446992833518134,-0.011833765266367618,0.24616576826695324,1.18,0.11,0.11,0.113304751381938,0.0,0.09787499904632568,0.276511763540691,0.276511763540691,0.8,0.276511763540691,0.21241638906332516,0.0,0.4097825586795807,-0.09787499904632568,-0.4097825586795807,0.09133545596100336,0.062490161032596185,0.09737352220218862,0.12866454403899663,0.133474898407916,0.1292359805616874,0.02884529492840717,0.0,-0.07697466076607844,0.14285913067269176,0.006038066241185264,0.0005714365226907671,13.424739356713408,1.0,0.0,-0.08987948951524097,0.34375,0,0,0,0,0,0,0,0,0,nan,nan,2.318000078201294,1.0,0,0,0,2.2482569217681885,3.320845365524292,-0.872528247908845,1.5834834575653076,3.0220916271209717,2.306330919265747,0.8377032279968262,0.0001857280731201172,4.03467321395874,0.001842258999886326,0.01619411100000434,-0.16260000000000002,-0.16149111681259623,-0.16149111681259623,nan,nan,nan,nan,0.09798252972025609,0.5258128694468134,lidar_disabled,1,1,1,1,4,0,2,2,3,cascade_controller_v4,cascade_controller_v4_fast_smooth_true_cascade_pd_1_0,cascade_pd_tracking,follow_main,inner_wheel_pd,True,True,False,"[""cascade_controller_v4""]",False,FOLLOW_MAIN,COMMITTED,HOLD,FOLLOW_MAIN,True,ok,1.0,13.424739356713408,0.001842258999886326,0.01619411100000434,-162.60000000000002,-0.279,-0.08987948951524097,0.0,-0.16149111681259623,-161.49111681259623,-0.2872735656886194,-0.16149111681259623,-161.49111681259623,-0.2872735656886194,-0.057499855686121176,0.2852626999883989,0.72,0.35,0.68,0.3,-0.11627360410506928,-0.02012494949014241,-0.1953460246682612,0.08557880999651968,0.276511763540691,0.276511763540691,0.276511763540691,0.11,0.11,1.3446992833518134,sharp,1.18,1.0,-0.011833765266367618,0.24616576826695324,0.8,0.34375,0.11,0.276511763540691,0.09133545596100336,0.12866454403899663,0.09133545596100336,0.12866454403899663,0.062490161032596185,0.133474898407916,0.062490161032596185,0.133474898407916,0.02884529492840717,0.0,-0.07697466076607844,0.14285913067269176,0.006038066241185264,0.0005714365226907671,0.09737352220218862,0.1292359805616874,0.113304751381938,0.21241638906332516,0.09787499904632568,0.4097825586795807,0.09798252972025609,0.5258128694468134,2.2482569217681885,3.320845365524292,2.318000078201294,lidar_disabled,1.0,False,2011.866059371
1785741920.9186008,188.82082223892212,v4,cascade_controller_v4,cascade_controller_v4_fast_smooth_true_cascade_pd_1_0,cascade_pd_tracking,follow_main,inner_wheel_pd,sharp,,FOLLOW_MAIN,FOLLOW_MAIN,COMMITTED,HOLD,1,1,-162.60000000000002,-162.60000000000002,-161.49111681259623,-161.49111681259623,-0.279,-0.2872735656886194,-0.2872735656886194,-0.057499855686121176,0.2852626999883989,-0.11627360410506928,-0.02012494949014241,-0.1953460246682612,0.08557880999651968,0.72,0.35,0.68,0.3,nan,nan,nan,nan,nan,1.0,1.3446992833518134,-0.011833765266367618,0.24616576826695324,1.18,0.11,0.11,0.113304751381938,0.0,0.09787499904632568,0.276511763540691,0.276511763540691,0.8,0.276511763540691,0.21241638906332516,0.0,0.4097825586795807,-0.09787499904632568,-0.4097825586795807,0.09133545596100336,0.062490161032596185,0.09737352220218862,0.12866454403899663,0.133474898407916,0.1292359805616874,0.02884529492840717,0.0,-0.07697466076607844,0.14285913067269176,0.006038066241185264,0.0005714365226907671,13.424739356713408,1.0,0.0,-0.08987948951524097,0.34375,0,0,0,0,0,0,0,0,0,nan,nan,2.318000078201294,1.0,0,0,0,2.2482569217681885,3.320845365524292,-0.872528247908845,2.3163866996765137,3.7549948692321777,3.039233446121216,1.570605993270874,0.7330887317657471,0.00014925003051757812,0.001842258999886326,0.01619411100000434,-0.16260000000000002,-0.16149111681259623,-0.16149111681259623,nan,nan,nan,nan,0.09798252972025609,0.5258128694468134,lidar_disabled,1,1,1,1,4,0,2,2,3,cascade_controller_v4,cascade_controller_v4_fast_smooth_true_cascade_pd_1_0,cascade_pd_tracking,follow_main,inner_wheel_pd,True,True,False,"[""cascade_controller_v4""]",False,FOLLOW_MAIN,COMMITTED,HOLD,FOLLOW_MAIN,True,ok,1.0,13.424739356713408,0.001842258999886326,0.01619411100000434,-162.60000000000002,-0.279,-0.08987948951524097,0.0,-0.16149111681259623,-161.49111681259623,-0.2872735656886194,-0.16149111681259623,-161.49111681259623,-0.2872735656886194,-0.057499855686121176,0.2852626999883989,0.72,0.35,0.68,0.3,-0.11627360410506928,-0.02012494949014241,-0.1953460246682612,0.08557880999651968,0.276511763540691,0.276511763540691,0.276511763540691,0.11,0.11,1.3446992833518134,sharp,1.18,1.0,-0.011833765266367618,0.24616576826695324,0.8,0.34375,0.11,0.276511763540691,0.09133545596100336,0.12866454403899663,0.09133545596100336,0.12866454403899663,0.062490161032596185,0.133474898407916,0.062490161032596185,0.133474898407916,0.02884529492840717,0.0,-0.07697466076607844,0.14285913067269176,0.006038066241185264,0.0005714365226907671,0.09737352220218862,0.1292359805616874,0.113304751381938,0.21241638906332516,0.09787499904632568,0.4097825586795807,0.09798252972025609,0.5258128694468134,2.2482569217681885,3.320845365524292,2.318000078201294,lidar_disabled,1.0,False,2011.866059371
1785741921.79915,189.70137190818787,v4,cascade_controller_v4,cascade_controller_v4_fast_smooth_true_cascade_pd_1_0,cascade_pd_tracking,follow_main,inner_wheel_pd,sharp,,FOLLOW_MAIN,FOLLOW_MAIN,COMMITTED,HOLD,1,1,-162.60000000000002,-162.60000000000002,-162.1453064842011,-162.1453064842011,-0.279,-0.28239254550333626,-0.28239254550333626,-0.039674652226104945,0.2011904772943796,-0.11674462066862477,-0.01388612827913673,-0.19202693094226866,0.06035714318831388,0.72,0.35,0.68,0.3,nan,nan,nan,nan,nan,1.0,1.2534800136665822,-0.011862138591247809,0.26230053670171627,1.18,0.11,0.11,0.10772388467802596,0.0,0.12325000017881393,0.2955173097703528,0.2955173097703528,0.8,0.2955173097703528,0.2980788347928612,0.0,0.0,-0.12325000017881393,0.0,0.09005258159050118,0.10834890743575201,0.08536797206856138,0.1299474184094988,0.12897879499250636,0.13007979728749056,-0.01829632584525083,0.0,-0.1648544589961557,0.03309471949793686,-0.004684609521939805,0.00013237887799174745,14.022148611037009,1.0,0.0,-0.08987948949356926,0.34375,0,0,0,0,0,0,0,0,0,nan,nan,2.11299991607666,1.0,0,0,0,2.2612011432647705,3.303267478942871,-0.872528247908845,3.1969361305236816,0.00014066696166992188,3.919783353805542,2.451155662536621,1.6136388778686523,0.8806991577148438,0.09640714799979833,0.07320759200001703,-0.16260000000000002,-0.16214530648420108,-0.16214530648420108,nan,nan,nan,nan,0.11866385121412919,0.1528139819018841,lidar_disabled,1,1,1,1,4,0,2,2,3,cascade_controller_v4,cascade_controller_v4_fast_smooth_true_cascade_pd_1_0,cascade_pd_tracking,follow_main,inner_wheel_pd,True,True,False,"[""cascade_controller_v4""]",False,FOLLOW_MAIN,COMMITTED,HOLD,FOLLOW_MAIN,True,ok,1.0,14.022148611037009,0.09640714799979833,0.07320759200001703,-162.60000000000002,-0.279,-0.08987948949356926,0.0,-0.16214530648420108,-162.1453064842011,-0.28239254550333626,-0.16214530648420108,-162.1453064842011,-0.28239254550333626,-0.039674652226104945,0.2011904772943796,0.72,0.35,0.68,0.3,-0.11674462066862477,-0.01388612827913673,-0.19202693094226866,0.06035714318831388,0.2955173097703528,0.2955173097703528,0.2955173097703528,0.11,0.11,1.2534800136665822,sharp,1.18,1.0,-0.011862138591247809,0.26230053670171627,0.8,0.34375,0.11,0.2955173097703528,0.09005258159050118,0.1299474184094988,0.09005258159050118,0.1299474184094988,0.10834890743575201,0.12897879499250636,0.10834890743575201,0.12897879499250636,-0.01829632584525083,0.0,-0.1648544589961557,0.03309471949793686,-0.004684609521939805,0.00013237887799174745,0.08536797206856138,0.13007979728749056,0.10772388467802596,0.2980788347928612,0.12325000017881393,0.0,0.11866385121412919,0.1528139819018841,2.2612011432647705,3.303267478942871,2.11299991607666,lidar_disabled,1.0,False,2012.085432167
1785741922.5071418,190.4093635082245,v4,cascade_controller_v4,cascade_controller_v4_fast_smooth_true_cascade_pd_1_0,cascade_pd_tracking,follow_main,inner_wheel_pd,sharp,,FOLLOW_MAIN,FOLLOW_MAIN,COMMITTED,HOLD,1,1,-162.60000000000002,-162.60000000000002,-162.1453064842011,-162.1453064842011,-0.279,-0.28239254550333626,-0.28239254550333626,-0.039674652226104945,0.2011904772943796,-0.11674462066862477,-0.01388612827913673,-0.19202693094226866,0.06035714318831388,0.72,0.35,0.68,0.3,nan,nan,nan,nan,nan,1.0,1.2534800136665822,-0.011862138591247809,0.26230053670171627,1.18,0.11,0.11,0.10772388467802596,0.0,0.12325000017881393,0.2955173097703528,0.2955173097703528,0.8,0.2955173097703528,0.2980788347928612,0.0,0.0,-0.12325000017881393,0.0,0.09005258159050118,0.10834890743575201,0.08536797206856138,0.1299474184094988,0.12897879499250636,0.13007979728749056,-0.01829632584525083,0.0,-0.1648544589961557,0.03309471949793686,-0.004684609521939805,0.00013237887799174745,14.022148611037009,1.0,0.0,-0.08987948949356926,0.34375,0,0,0,0,0,0,0,0,0,nan,nan,2.11299991607666,1.0,0,0,0,2.2612011432647705,3.303267478942871,-0.872528247908845,0.00011444091796875,0.7081329822540283,4.627774953842163,3.159147024154663,2.3216302394866943,1.5886907577514648,0.09640714799979833,0.07320759200001703,-0.16260000000000002,-0.16214530648420108,-0.16214530648420108,nan,nan,nan,nan,0.11866385121412919,0.1528139819018841,lidar_disabled,1,1,1,1,4,0,2,2,3,cascade_controller_v4,cascade_controller_v4_fast_smooth_true_cascade_pd_1_0,cascade_pd_tracking,follow_main,inner_wheel_pd,True,True,False,"[""cascade_controller_v4""]",False,FOLLOW_MAIN,COMMITTED,HOLD,FOLLOW_MAIN,True,ok,1.0,14.022148611037009,0.09640714799979833,0.07320759200001703,-162.60000000000002,-0.279,-0.08987948949356926,0.0,-0.16214530648420108,-162.1453064842011,-0.28239254550333626,-0.16214530648420108,-162.1453064842011,-0.28239254550333626,-0.039674652226104945,0.2011904772943796,0.72,0.35,0.68,0.3,-0.11674462066862477,-0.01388612827913673,-0.19202693094226866,0.06035714318831388,0.2955173097703528,0.2955173097703528,0.2955173097703528,0.11,0.11,1.2534800136665822,sharp,1.18,1.0,-0.011862138591247809,0.26230053670171627,0.8,0.34375,0.11,0.2955173097703528,0.09005258159050118,0.1299474184094988,0.09005258159050118,0.1299474184094988,0.10834890743575201,0.12897879499250636,0.10834890743575201,0.12897879499250636,-0.01829632584525083,0.0,-0.1648544589961557,0.03309471949793686,-0.004684609521939805,0.00013237887799174745,0.08536797206856138,0.13007979728749056,0.10772388467802596,0.2980788347928612,0.12325000017881393,0.0,0.11866385121412919,0.1528139819018841,2.2612011432647705,3.303267478942871,2.11299991607666,lidar_disabled,1.0,False,2012.085432167
1785741923.1946049,191.09682655334473,v4,cascade_controller_v4,cascade_controller_v4_fast_smooth_true_cascade_pd_1_0,cascade_pd_tracking,follow_main,inner_wheel_pd,sharp,,FOLLOW_MAIN,FOLLOW_MAIN,COMMITTED,HOLD,1,1,-162.60000000000002,-162.60000000000002,-162.1453064842011,-162.1453064842011,-0.279,-0.28239254550333626,-0.28239254550333626,-0.039674652226104945,0.2011904772943796,-0.11674462066862477,-0.01388612827913673,-0.19202693094226866,0.06035714318831388,0.72,0.35,0.68,0.3,nan,nan,nan,nan,nan,1.0,1.2534800136665822,-0.011862138591247809,0.26230053670171627,1.18,0.11,0.11,0.10772388467802596,0.0,0.12325000017881393,0.2955173097703528,0.2955173097703528,0.8,0.2955173097703528,0.2980788347928612,0.0,0.0,-0.12325000017881393,0.0,0.09005258159050118,0.10834890743575201,0.08536797206856138,0.1299474184094988,0.12897879499250636,0.13007979728749056,-0.01829632584525083,0.0,-0.1648544589961557,0.03309471949793686,-0.004684609521939805,0.00013237887799174745,14.022148611037009,1.0,0.0,-0.08987948949356926,0.34375,0,0,0,0,0,0,0,0,0,nan,nan,2.11299991607666,1.0,0,0,0,2.2612011432647705,3.303267478942871,-0.8749238428186137,0.6875765323638916,1.395594835281372,5.315236806869507,3.8466086387634277,9.1552734375e-05,2.276151657104492,0.09640714799979833,0.07320759200001703,-0.16260000000000002,-0.16214530648420108,-0.16214530648420108,nan,nan,nan,nan,0.11866385121412919,0.1528139819018841,lidar_disabled,1,1,1,1,4,0,2,2,3,cascade_controller_v4,cascade_controller_v4_fast_smooth_true_cascade_pd_1_0,cascade_pd_tracking,follow_main,inner_wheel_pd,True,True,False,"[""cascade_controller_v4""]",False,FOLLOW_MAIN,COMMITTED,HOLD,FOLLOW_MAIN,True,ok,1.0,14.022148611037009,0.09640714799979833,0.07320759200001703,-162.60000000000002,-0.279,-0.08987948949356926,0.0,-0.16214530648420108,-162.1453064842011,-0.28239254550333626,-0.16214530648420108,-162.1453064842011,-0.28239254550333626,-0.039674652226104945,0.2011904772943796,0.72,0.35,0.68,0.3,-0.11674462066862477,-0.01388612827913673,-0.19202693094226866,0.06035714318831388,0.2955173097703528,0.2955173097703528,0.2955173097703528,0.11,0.11,1.2534800136665822,sharp,1.18,1.0,-0.011862138591247809,0.26230053670171627,0.8,0.34375,0.11,0.2955173097703528,0.09005258159050118,0.1299474184094988,0.09005258159050118,0.1299474184094988,0.10834890743575201,0.12897879499250636,0.10834890743575201,0.12897879499250636,-0.01829632584525083,0.0,-0.1648544589961557,0.03309471949793686,-0.004684609521939805,0.00013237887799174745,0.08536797206856138,0.13007979728749056,0.10772388467802596,0.2980788347928612,0.12325000017881393,0.0,0.11866385121412919,0.1528139819018841,2.2612011432647705,3.303267478942871,2.11299991607666,lidar_disabled,1.0,False,2012.085432167
1785741923.8993592,191.80158066749573,v4,cascade_controller_v4,cascade_controller_v4_fast_smooth_true_cascade_pd_1_0,cascade_pd_tracking,follow_main,inner_wheel_pd,sharp,,FOLLOW_MAIN,FOLLOW_MAIN,COMMITTED,HOLD,1,1,-162.60000000000002,-162.60000000000002,-162.1453064842011,-162.1453064842011,-0.279,-0.28239254550333626,-0.28239254550333626,-0.039674652226104945,0.2011904772943796,-0.11674462066862477,-0.01388612827913673,-0.19202693094226866,0.06035714318831388,0.72,0.35,0.68,0.3,nan,nan,nan,nan,nan,1.0,1.2534800136665822,-0.011862138591247809,0.26230053670171627,1.18,0.11,0.11,0.10772388467802596,0.0,0.12325000017881393,0.2955173097703528,0.2955173097703528,0.8,0.2955173097703528,0.2980788347928612,0.0,0.0,-0.12325000017881393,0.0,0.09005258159050118,0.10834890743575201,0.08536797206856138,0.1299474184094988,0.12897879499250636,0.13007979728749056,-0.01829632584525083,0.0,-0.1648544589961557,0.03309471949793686,-0.004684609521939805,0.00013237887799174745,14.022148611037009,1.0,0.0,-0.08987948949356926,0.34375,0,0,0,0,0,0,0,0,0,nan,nan,2.11299991607666,1.0,0,0,0,2.2612011432647705,3.303267478942871,-0.8749238428186137,1.3923301696777344,2.100348472595215,6.0199902057647705,4.551362037658691,0.7048447132110596,8.344650268554688e-05,0.09640714799979833,0.07320759200001703,-0.16260000000000002,-0.16214530648420108,-0.16214530648420108,nan,nan,nan,nan,0.11866385121412919,0.1528139819018841,lidar_disabled,1,1,1,1,4,0,2,2,3,cascade_controller_v4,cascade_controller_v4_fast_smooth_true_cascade_pd_1_0,cascade_pd_tracking,follow_main,inner_wheel_pd,True,True,False,"[""cascade_controller_v4""]",False,FOLLOW_MAIN,COMMITTED,HOLD,FOLLOW_MAIN,True,ok,1.0,14.022148611037009,0.09640714799979833,0.07320759200001703,-162.60000000000002,-0.279,-0.08987948949356926,0.0,-0.16214530648420108,-162.1453064842011,-0.28239254550333626,-0.16214530648420108,-162.1453064842011,-0.28239254550333626,-0.039674652226104945,0.2011904772943796,0.72,0.35,0.68,0.3,-0.11674462066862477,-0.01388612827913673,-0.19202693094226866,0.06035714318831388,0.2955173097703528,0.2955173097703528,0.2955173097703528,0.11,0.11,1.2534800136665822,sharp,1.18,1.0,-0.011862138591247809,0.26230053670171627,0.8,0.34375,0.11,0.2955173097703528,0.09005258159050118,0.1299474184094988,0.09005258159050118,0.1299474184094988,0.10834890743575201,0.12897879499250636,0.10834890743575201,0.12897879499250636,-0.01829632584525083,0.0,-0.1648544589961557,0.03309471949793686,-0.004684609521939805,0.00013237887799174745,0.08536797206856138,0.13007979728749056,0.10772388467802596,0.2980788347928612,0.12325000017881393,0.0,0.11866385121412919,0.1528139819018841,2.2612011432647705,3.303267478942871,2.11299991607666,lidar_disabled,1.0,False,2012.085432167
1785741924.6244366,192.52665877342224,v4,cascade_controller_v4,cascade_controller_v4_fast_smooth_true_cascade_pd_1_0,cascade_pd_tracking,follow_main,inner_wheel_pd,sharp,,FOLLOW_MAIN,FOLLOW_MAIN,COMMITTED,HOLD,1,1,-162.60000000000002,-162.60000000000002,-162.1453064842011,-162.1453064842011,-0.279,-0.28239254550333626,-0.28239254550333626,-0.039674652226104945,0.2011904772943796,-0.11674462066862477,-0.01388612827913673,-0.19202693094226866,0.06035714318831388,0.72,0.35,0.68,0.3,nan,nan,nan,nan,nan,1.0,1.2534800136665822,-0.011862138591247809,0.26230053670171627,1.18,0.11,0.11,0.10772388467802596,0.0,0.12325000017881393,0.2955173097703528,0.2955173097703528,0.8,0.2955173097703528,0.2980788347928612,0.0,0.0,-0.12325000017881393,0.0,0.09005258159050118,0.10834890743575201,0.08536797206856138,0.1299474184094988,0.12897879499250636,0.13007979728749056,-0.01829632584525083,0.0,-0.1648544589961557,0.03309471949793686,-0.004684609521939805,0.00013237887799174745,14.022148611037009,1.0,0.0,-0.08987948949356926,0.34375,0,0,0,0,0,0,0,0,0,nan,nan,2.11299991607666,1.0,0,0,0,2.2612011432647705,3.303267478942871,-0.8749238428186137,0.00018548965454101562,2.8254287242889404,6.7450714111328125,5.276443958282471,1.4299273490905762,0.7251670360565186,0.09640714799979833,0.07320759200001703,-0.16260000000000002,-0.16214530648420108,-0.16214530648420108,nan,nan,nan,nan,0.11866385121412919,0.1528139819018841,lidar_disabled,1,1,1,1,4,0,2,2,3,cascade_controller_v4,cascade_controller_v4_fast_smooth_true_cascade_pd_1_0,cascade_pd_tracking,follow_main,inner_wheel_pd,True,True,False,"[""cascade_controller_v4""]",False,FOLLOW_MAIN,COMMITTED,HOLD,FOLLOW_MAIN,True,ok,1.0,14.022148611037009,0.09640714799979833,0.07320759200001703,-162.60000000000002,-0.279,-0.08987948949356926,0.0,-0.16214530648420108,-162.1453064842011,-0.28239254550333626,-0.16214530648420108,-162.1453064842011,-0.28239254550333626,-0.039674652226104945,0.2011904772943796,0.72,0.35,0.68,0.3,-0.11674462066862477,-0.01388612827913673,-0.19202693094226866,0.06035714318831388,0.2955173097703528,0.2955173097703528,0.2955173097703528,0.11,0.11,1.2534800136665822,sharp,1.18,1.0,-0.011862138591247809,0.26230053670171627,0.8,0.34375,0.11,0.2955173097703528,0.09005258159050118,0.1299474184094988,0.09005258159050118,0.1299474184094988,0.10834890743575201,0.12897879499250636,0.10834890743575201,0.12897879499250636,-0.01829632584525083,0.0,-0.1648544589961557,0.03309471949793686,-0.004684609521939805,0.00013237887799174745,0.08536797206856138,0.13007979728749056,0.10772388467802596,0.2980788347928612,0.12325000017881393,0.0,0.11866385121412919,0.1528139819018841,2.2612011432647705,3.303267478942871,2.11299991607666,lidar_disabled,1.0,False,2012.085432167
1785741925.2835486,193.18577075004578,v4,cascade_controller_v4,cascade_controller_v4_fast_smooth_true_cascade_pd_1_0,cascade_pd_tracking,follow_main,inner_wheel_pd,sharp,,FOLLOW_MAIN,FOLLOW_MAIN,COMMITTED,HOLD,1,1,-162.60000000000002,-162.60000000000002,-162.1453064842011,-162.1453064842011,-0.279,-0.28239254550333626,-0.28239254550333626,-0.039674652226104945,0.2011904772943796,-0.11674462066862477,-0.01388612827913673,-0.19202693094226866,0.06035714318831388,0.72,0.35,0.68,0.3,nan,nan,nan,nan,nan,1.0,1.2534800136665822,-0.011862138591247809,0.26230053670171627,1.18,0.11,0.11,0.10772388467802596,0.0,0.12325000017881393,0.2955173097703528,0.2955173097703528,0.8,0.2955173097703528,0.2980788347928612,0.0,0.0,-0.12325000017881393,0.0,0.09005258159050118,0.10834890743575201,0.08536797206856138,0.1299474184094988,0.12897879499250636,0.13007979728749056,-0.01829632584525083,0.0,-0.1648544589961557,0.03309471949793686,-0.004684609521939805,0.00013237887799174745,14.022148611037009,1.0,0.0,-0.08987948949356926,0.34375,0,0,0,0,0,0,0,0,0,nan,nan,2.11299991607666,1.0,0,0,0,2.2612011432647705,3.303267478942871,-0.8720552225619141,0.659296989440918,3.4845402240753174,7.40418267250061,5.9355552196502686,0.0001494884490966797,1.3842782974243164,0.09640714799979833,0.07320759200001703,-0.16260000000000002,-0.16214530648420108,-0.16214530648420108,nan,nan,nan,nan,0.11866385121412919,0.1528139819018841,lidar_disabled,1,1,1,1,4,0,2,2,3,cascade_controller_v4,cascade_controller_v4_fast_smooth_true_cascade_pd_1_0,cascade_pd_tracking,follow_main,inner_wheel_pd,True,True,False,"[""cascade_controller_v4""]",False,FOLLOW_MAIN,COMMITTED,HOLD,FOLLOW_MAIN,True,ok,1.0,14.022148611037009,0.09640714799979833,0.07320759200001703,-162.60000000000002,-0.279,-0.08987948949356926,0.0,-0.16214530648420108,-162.1453064842011,-0.28239254550333626,-0.16214530648420108,-162.1453064842011,-0.28239254550333626,-0.039674652226104945,0.2011904772943796,0.72,0.35,0.68,0.3,-0.11674462066862477,-0.01388612827913673,-0.19202693094226866,0.06035714318831388,0.2955173097703528,0.2955173097703528,0.2955173097703528,0.11,0.11,1.2534800136665822,sharp,1.18,1.0,-0.011862138591247809,0.26230053670171627,0.8,0.34375,0.11,0.2955173097703528,0.09005258159050118,0.1299474184094988,0.09005258159050118,0.1299474184094988,0.10834890743575201,0.12897879499250636,0.10834890743575201,0.12897879499250636,-0.01829632584525083,0.0,-0.1648544589961557,0.03309471949793686,-0.004684609521939805,0.00013237887799174745,0.08536797206856138,0.13007979728749056,0.10772388467802596,0.2980788347928612,0.12325000017881393,0.0,0.11866385121412919,0.1528139819018841,2.2612011432647705,3.303267478942871,2.11299991607666,lidar_disabled,1.0,False,2012.085432167
1785741926.0530212,193.95524287223816,v4,cascade_controller_v4,cascade_controller_v4_fast_smooth_true_cascade_pd_1_0,cascade_pd_tracking,follow_main,inner_wheel_pd,sharp,,FOLLOW_MAIN,FOLLOW_MAIN,COMMITTED,HOLD,1,1,-162.60000000000002,-162.60000000000002,-162.1453064842011,-162.1453064842011,-0.279,-0.28239254550333626,-0.28239254550333626,-0.039674652226104945,0.2011904772943796,-0.11674462066862477,-0.01388612827913673,-0.19202693094226866,0.06035714318831388,0.72,0.35,0.68,0.3,nan,nan,nan,nan,nan,1.0,1.2534800136665822,-0.011862138591247809,0.26230053670171627,1.18,0.11,0.11,0.10772388467802596,0.0,0.12325000017881393,0.2955173097703528,0.2955173097703528,0.8,0.2955173097703528,0.2980788347928612,0.0,0.0,-0.12325000017881393,0.0,0.09005258159050118,0.10834890743575201,0.08536797206856138,0.1299474184094988,0.12897879499250636,0.13007979728749056,-0.01829632584525083,0.0,-0.1648544589961557,0.03309471949793686,-0.004684609521939805,0.00013237887799174745,14.022148611037009,1.0,0.0,-0.08987948949356926,0.34375,0,0,0,0,0,0,0,0,0,nan,nan,2.11299991607666,1.0,0,0,0,2.2612011432647705,3.303267478942871,-0.8720552225619141,1.4287683963775635,4.254011392593384,8.173653602600098,6.7050254344940186,0.7696192264556885,0.00011992454528808594,0.09640714799979833,0.07320759200001703,-0.16260000000000002,-0.16214530648420108,-0.16214530648420108,nan,nan,nan,nan,0.11866385121412919,0.1528139819018841,lidar_disabled,1,1,1,1,4,0,2,2,3,cascade_controller_v4,cascade_controller_v4_fast_smooth_true_cascade_pd_1_0,cascade_pd_tracking,follow_main,inner_wheel_pd,True,True,False,"[""cascade_controller_v4""]",False,FOLLOW_MAIN,COMMITTED,HOLD,FOLLOW_MAIN,True,ok,1.0,14.022148611037009,0.09640714799979833,0.07320759200001703,-162.60000000000002,-0.279,-0.08987948949356926,0.0,-0.16214530648420108,-162.1453064842011,-0.28239254550333626,-0.16214530648420108,-162.1453064842011,-0.28239254550333626,-0.039674652226104945,0.2011904772943796,0.72,0.35,0.68,0.3,-0.11674462066862477,-0.01388612827913673,-0.19202693094226866,0.06035714318831388,0.2955173097703528,0.2955173097703528,0.2955173097703528,0.11,0.11,1.2534800136665822,sharp,1.18,1.0,-0.011862138591247809,0.26230053670171627,0.8,0.34375,0.11,0.2955173097703528,0.09005258159050118,0.1299474184094988,0.09005258159050118,0.1299474184094988,0.10834890743575201,0.12897879499250636,0.10834890743575201,0.12897879499250636,-0.01829632584525083,0.0,-0.1648544589961557,0.03309471949793686,-0.004684609521939805,0.00013237887799174745,0.08536797206856138,0.13007979728749056,0.10772388467802596,0.2980788347928612,0.12325000017881393,0.0,0.11866385121412919,0.1528139819018841,2.2612011432647705,3.303267478942871,2.11299991607666,lidar_disabled,1.0,False,2012.085432167
1785741926.8218625,194.72408390045166,v4,cascade_controller_v4,cascade_controller_v4_fast_smooth_true_cascade_pd_1_0,cascade_pd_tracking,follow_main,inner_wheel_pd,sharp,,FOLLOW_MAIN,FOLLOW_MAIN,COMMITTED,HOLD,1,1,-162.60000000000002,-162.60000000000002,-162.1453064842011,-162.1453064842011,-0.279,-0.28239254550333626,-0.28239254550333626,-0.039674652226104945,0.2011904772943796,-0.11674462066862477,-0.01388612827913673,-0.19202693094226866,0.06035714318831388,0.72,0.35,0.68,0.3,nan,nan,nan,nan,nan,1.0,1.2534800136665822,-0.011862138591247809,0.26230053670171627,1.18,0.11,0.11,0.10772388467802596,0.0,0.12325000017881393,0.2955173097703528,0.2955173097703528,0.8,0.2955173097703528,0.2980788347928612,0.0,0.0,-0.12325000017881393,0.0,0.09005258159050118,0.10834890743575201,0.08536797206856138,0.1299474184094988,0.12897879499250636,0.13007979728749056,-0.01829632584525083,0.0,-0.1648544589961557,0.03309471949793686,-0.004684609521939805,0.00013237887799174745,14.022148611037009,1.0,0.0,-0.08987948949356926,0.34375,0,0,0,0,0,0,0,0,0,nan,nan,2.11299991607666,1.0,0,0,0,2.2612011432647705,3.303267478942871,-0.8720552225619141,6.127357482910156e-05,5.022850751876831,8.942492723464966,7.473864555358887,1.5384588241577148,0.7689597606658936,0.09640714799979833,0.07320759200001703,-0.16260000000000002,-0.16214530648420108,-0.16214530648420108,nan,nan,nan,nan,0.11866385121412919,0.1528139819018841,lidar_disabled,1,1,1,1,4,0,2,2,3,cascade_controller_v4,cascade_controller_v4_fast_smooth_true_cascade_pd_1_0,cascade_pd_tracking,follow_main,inner_wheel_pd,True,True,False,"[""cascade_controller_v4""]",False,FOLLOW_MAIN,COMMITTED,HOLD,FOLLOW_MAIN,True,ok,1.0,14.022148611037009,0.09640714799979833,0.07320759200001703,-162.60000000000002,-0.279,-0.08987948949356926,0.0,-0.16214530648420108,-162.1453064842011,-0.28239254550333626,-0.16214530648420108,-162.1453064842011,-0.28239254550333626,-0.039674652226104945,0.2011904772943796,0.72,0.35,0.68,0.3,-0.11674462066862477,-0.01388612827913673,-0.19202693094226866,0.06035714318831388,0.2955173097703528,0.2955173097703528,0.2955173097703528,0.11,0.11,1.2534800136665822,sharp,1.18,1.0,-0.011862138591247809,0.26230053670171627,0.8,0.34375,0.11,0.2955173097703528,0.09005258159050118,0.1299474184094988,0.09005258159050118,0.1299474184094988,0.10834890743575201,0.12897879499250636,0.10834890743575201,0.12897879499250636,-0.01829632584525083,0.0,-0.1648544589961557,0.03309471949793686,-0.004684609521939805,0.00013237887799174745,0.08536797206856138,0.13007979728749056,0.10772388467802596,0.2980788347928612,0.12325000017881393,0.0,0.11866385121412919,0.1528139819018841,2.2612011432647705,3.303267478942871,2.11299991607666,lidar_disabled,1.0,False,2012.085432167
1785741927.5580735,195.46029567718506,v4,cascade_controller_v4,cascade_controller_v4_fast_smooth_true_cascade_pd_1_0,cascade_pd_tracking,follow_main,inner_wheel_pd,sharp,,FOLLOW_MAIN,FOLLOW_MAIN,COMMITTED,HOLD,1,1,-162.60000000000002,-162.60000000000002,-162.1453064842011,-162.1453064842011,-0.279,-0.28239254550333626,-0.28239254550333626,-0.039674652226104945,0.2011904772943796,-0.11674462066862477,-0.01388612827913673,-0.19202693094226866,0.06035714318831388,0.72,0.35,0.68,0.3,nan,nan,nan,nan,nan,1.0,1.2534800136665822,-0.011862138591247809,0.26230053670171627,1.18,0.11,0.11,0.10772388467802596,0.0,0.12325000017881393,0.2955173097703528,0.2955173097703528,0.8,0.2955173097703528,0.2980788347928612,0.0,0.0,-0.12325000017881393,0.0,0.09005258159050118,0.10834890743575201,0.08536797206856138,0.1299474184094988,0.12897879499250636,0.13007979728749056,-0.01829632584525083,0.0,-0.1648544589961557,0.03309471949793686,-0.004684609521939805,0.00013237887799174745,14.022148611037009,1.0,0.0,-0.08987948949356926,0.34375,0,0,0,0,0,0,0,0,0,nan,nan,2.11299991607666,1.0,0,0,0,2.2612011432647705,3.303267478942871,-0.8720552225619141,0.736276388168335,5.759067535400391,9.678710460662842,8.210083723068237,0.0002193450927734375,1.5051813125610352,0.09640714799979833,0.07320759200001703,-0.16260000000000002,-0.16214530648420108,-0.16214530648420108,nan,nan,nan,nan,0.11866385121412919,0.1528139819018841,lidar_disabled,1,1,1,1,4,0,2,2,3,cascade_controller_v4,cascade_controller_v4_fast_smooth_true_cascade_pd_1_0,cascade_pd_tracking,follow_main,inner_wheel_pd,True,True,False,"[""cascade_controller_v4""]",False,FOLLOW_MAIN,COMMITTED,HOLD,FOLLOW_MAIN,True,ok,1.0,14.022148611037009,0.09640714799979833,0.07320759200001703,-162.60000000000002,-0.279,-0.08987948949356926,0.0,-0.16214530648420108,-162.1453064842011,-0.28239254550333626,-0.16214530648420108,-162.1453064842011,-0.28239254550333626,-0.039674652226104945,0.2011904772943796,0.72,0.35,0.68,0.3,-0.11674462066862477,-0.01388612827913673,-0.19202693094226866,0.06035714318831388,0.2955173097703528,0.2955173097703528,0.2955173097703528,0.11,0.11,1.2534800136665822,sharp,1.18,1.0,-0.011862138591247809,0.26230053670171627,0.8,0.34375,0.11,0.2955173097703528,0.09005258159050118,0.1299474184094988,0.09005258159050118,0.1299474184094988,0.10834890743575201,0.12897879499250636,0.10834890743575201,0.12897879499250636,-0.01829632584525083,0.0,-0.1648544589961557,0.03309471949793686,-0.004684609521939805,0.00013237887799174745,0.08536797206856138,0.13007979728749056,0.10772388467802596,0.2980788347928612,0.12325000017881393,0.0,0.11866385121412919,0.1528139819018841,2.2612011432647705,3.303267478942871,2.11299991607666,lidar_disabled,1.0,False,2012.085432167
1785741928.4551823,196.35740399360657,v4,cascade_controller_v4,cascade_controller_v4_fast_smooth_true_cascade_pd_1_0,cascade_pd_tracking,follow_main,inner_wheel_pd,sharp,,FOLLOW_MAIN,FOLLOW_MAIN,COMMITTED,HOLD,1,1,-162.60000000000002,-162.60000000000002,-162.1453064842011,-162.1453064842011,-0.279,-0.28239254550333626,-0.28239254550333626,-0.039674652226104945,0.2011904772943796,-0.11674462066862477,-0.01388612827913673,-0.19202693094226866,0.06035714318831388,0.72,0.35,0.68,0.3,nan,nan,nan,nan,nan,1.0,1.2534800136665822,-0.011862138591247809,0.26230053670171627,1.18,0.11,0.11,0.10772388467802596,0.0,0.12325000017881393,0.2955173097703528,0.2955173097703528,0.8,0.2955173097703528,0.2980788347928612,0.0,0.0,-0.12325000017881393,0.0,0.09005258159050118,0.10834890743575201,0.08536797206856138,0.1299474184094988,0.12897879499250636,0.13007979728749056,-0.01829632584525083,0.0,-0.1648544589961557,0.03309471949793686,-0.004684609521939805,0.00013237887799174745,14.022148611037009,1.0,0.0,-0.08987948949356926,0.34375,0,0,0,0,0,0,0,0,0,nan,nan,2.11299991607666,1.0,0,0,0,2.2612011432647705,3.303267478942871,-0.8720552225619141,1.633382797241211,6.656172752380371,10.575814723968506,9.107186555862427,0.8973214626312256,0.00011157989501953125,0.09640714799979833,0.07320759200001703,-0.16260000000000002,-0.16214530648420108,-0.16214530648420108,nan,nan,nan,nan,0.11866385121412919,0.1528139819018841,lidar_disabled,1,1,1,1,4,0,2,2,3,cascade_controller_v4,cascade_controller_v4_fast_smooth_true_cascade_pd_1_0,cascade_pd_tracking,follow_main,inner_wheel_pd,True,True,False,"[""cascade_controller_v4""]",False,FOLLOW_MAIN,COMMITTED,HOLD,FOLLOW_MAIN,True,ok,1.0,14.022148611037009,0.09640714799979833,0.07320759200001703,-162.60000000000002,-0.279,-0.08987948949356926,0.0,-0.16214530648420108,-162.1453064842011,-0.28239254550333626,-0.16214530648420108,-162.1453064842011,-0.28239254550333626,-0.039674652226104945,0.2011904772943796,0.72,0.35,0.68,0.3,-0.11674462066862477,-0.01388612827913673,-0.19202693094226866,0.06035714318831388,0.2955173097703528,0.2955173097703528,0.2955173097703528,0.11,0.11,1.2534800136665822,sharp,1.18,1.0,-0.011862138591247809,0.26230053670171627,0.8,0.34375,0.11,0.2955173097703528,0.09005258159050118,0.1299474184094988,0.09005258159050118,0.1299474184094988,0.10834890743575201,0.12897879499250636,0.10834890743575201,0.12897879499250636,-0.01829632584525083,0.0,-0.1648544589961557,0.03309471949793686,-0.004684609521939805,0.00013237887799174745,0.08536797206856138,0.13007979728749056,0.10772388467802596,0.2980788347928612,0.12325000017881393,0.0,0.11866385121412919,0.1528139819018841,2.2612011432647705,3.303267478942871,2.11299991607666,lidar_disabled,1.0,False,2012.085432167
1785741929.1939557,197.09617710113525,v4,cascade_controller_v4,cascade_controller_v4_fast_smooth_true_cascade_pd_1_0,cascade_pd_tracking,follow_main,inner_wheel_pd,sharp,,FOLLOW_MAIN,FOLLOW_MAIN,COMMITTED,HOLD,1,1,-162.60000000000002,-162.60000000000002,-162.1453064842011,-162.1453064842011,-0.279,-0.28239254550333626,-0.28239254550333626,-0.039674652226104945,0.2011904772943796,-0.11674462066862477,-0.01388612827913673,-0.19202693094226866,0.06035714318831388,0.72,0.35,0.68,0.3,nan,nan,nan,nan,nan,1.0,1.2534800136665822,-0.011862138591247809,0.26230053670171627,1.18,0.11,0.11,0.10772388467802596,0.0,0.12325000017881393,0.2955173097703528,0.2955173097703528,0.8,0.2955173097703528,0.2980788347928612,0.0,0.0,-0.12325000017881393,0.0,0.09005258159050118,0.10834890743575201,0.08536797206856138,0.1299474184094988,0.12897879499250636,0.13007979728749056,-0.01829632584525083,0.0,-0.1648544589961557,0.03309471949793686,-0.004684609521939805,0.00013237887799174745,14.022148611037009,1.0,0.0,-0.08987948949356926,0.34375,0,0,0,0,0,0,0,0,0,nan,nan,2.11299991607666,1.0,0,0,0,2.2612011432647705,3.303267478942871,-0.8720552225619141,6.556510925292969e-05,7.394944190979004,11.314586639404297,9.845958471298218,1.6360933780670166,0.7388834953308105,0.09640714799979833,0.07320759200001703,-0.16260000000000002,-0.16214530648420108,-0.16214530648420108,nan,nan,nan,nan,0.11866385121412919,0.1528139819018841,lidar_disabled,1,1,1,1,4,0,2,2,3,cascade_controller_v4,cascade_controller_v4_fast_smooth_true_cascade_pd_1_0,cascade_pd_tracking,follow_main,inner_wheel_pd,True,True,False,"[""cascade_controller_v4""]",False,FOLLOW_MAIN,COMMITTED,HOLD,FOLLOW_MAIN,True,ok,1.0,14.022148611037009,0.09640714799979833,0.07320759200001703,-162.60000000000002,-0.279,-0.08987948949356926,0.0,-0.16214530648420108,-162.1453064842011,-0.28239254550333626,-0.16214530648420108,-162.1453064842011,-0.28239254550333626,-0.039674652226104945,0.2011904772943796,0.72,0.35,0.68,0.3,-0.11674462066862477,-0.01388612827913673,-0.19202693094226866,0.06035714318831388,0.2955173097703528,0.2955173097703528,0.2955173097703528,0.11,0.11,1.2534800136665822,sharp,1.18,1.0,-0.011862138591247809,0.26230053670171627,0.8,0.34375,0.11,0.2955173097703528,0.09005258159050118,0.1299474184094988,0.09005258159050118,0.1299474184094988,0.10834890743575201,0.12897879499250636,0.10834890743575201,0.12897879499250636,-0.01829632584525083,0.0,-0.1648544589961557,0.03309471949793686,-0.004684609521939805,0.00013237887799174745,0.08536797206856138,0.13007979728749056,0.10772388467802596,0.2980788347928612,0.12325000017881393,0.0,0.11866385121412919,0.1528139819018841,2.2612011432647705,3.303267478942871,2.11299991607666,lidar_disabled,1.0,False,2012.085432167
1785741929.8998442,197.80206561088562,v4,cascade_controller_v4,cascade_controller_v4_fast_smooth_true_cascade_pd_1_0,cascade_pd_tracking,follow_main,inner_wheel_pd,sharp,,FOLLOW_MAIN,FOLLOW_MAIN,COMMITTED,HOLD,1,1,-162.60000000000002,-162.60000000000002,-162.1453064842011,-162.1453064842011,-0.279,-0.28239254550333626,-0.28239254550333626,-0.039674652226104945,0.2011904772943796,-0.11674462066862477,-0.01388612827913673,-0.19202693094226866,0.06035714318831388,0.72,0.35,0.68,0.3,nan,nan,nan,nan,nan,1.0,1.2534800136665822,-0.011862138591247809,0.26230053670171627,1.18,0.11,0.11,0.10772388467802596,0.0,0.12325000017881393,0.2955173097703528,0.2955173097703528,0.8,0.2955173097703528,0.2980788347928612,0.0,0.0,-0.12325000017881393,0.0,0.09005258159050118,0.10834890743575201,0.08536797206856138,0.1299474184094988,0.12897879499250636,0.13007979728749056,-0.01829632584525083,0.0,-0.1648544589961557,0.03309471949793686,-0.004684609521939805,0.00013237887799174745,14.022148611037009,1.0,0.0,-0.08987948949356926,0.34375,0,0,0,0,0,0,0,0,0,nan,nan,2.11299991607666,1.0,0,0,0,2.2612011432647705,3.303267478942871,-0.8720552225619141,0.7059535980224609,8.100832462310791,12.020474433898926,10.551846265792847,6.580352783203125e-05,1.4447708129882812,0.09640714799979833,0.07320759200001703,-0.16260000000000002,-0.16214530648420108,-0.16214530648420108,nan,nan,nan,nan,0.11866385121412919,0.1528139819018841,lidar_disabled,1,1,1,1,4,0,2,2,3,cascade_controller_v4,cascade_controller_v4_fast_smooth_true_cascade_pd_1_0,cascade_pd_tracking,follow_main,inner_wheel_pd,True,True,False,"[""cascade_controller_v4""]",False,FOLLOW_MAIN,COMMITTED,HOLD,FOLLOW_MAIN,True,ok,1.0,14.022148611037009,0.09640714799979833,0.07320759200001703,-162.60000000000002,-0.279,-0.08987948949356926,0.0,-0.16214530648420108,-162.1453064842011,-0.28239254550333626,-0.16214530648420108,-162.1453064842011,-0.28239254550333626,-0.039674652226104945,0.2011904772943796,0.72,0.35,0.68,0.3,-0.11674462066862477,-0.01388612827913673,-0.19202693094226866,0.06035714318831388,0.2955173097703528,0.2955173097703528,0.2955173097703528,0.11,0.11,1.2534800136665822,sharp,1.18,1.0,-0.011862138591247809,0.26230053670171627,0.8,0.34375,0.11,0.2955173097703528,0.09005258159050118,0.1299474184094988,0.09005258159050118,0.1299474184094988,0.10834890743575201,0.12897879499250636,0.10834890743575201,0.12897879499250636,-0.01829632584525083,0.0,-0.1648544589961557,0.03309471949793686,-0.004684609521939805,0.00013237887799174745,0.08536797206856138,0.13007979728749056,0.10772388467802596,0.2980788347928612,0.12325000017881393,0.0,0.11866385121412919,0.1528139819018841,2.2612011432647705,3.303267478942871,2.11299991607666,lidar_disabled,1.0,False,2012.085432167
1785741930.9357793,198.83800101280212,v4,cascade_controller_v4,cascade_controller_v4_fast_smooth_true_cascade_pd_1_0,cascade_pd_tracking,follow_main,inner_wheel_pd,sharp,,FOLLOW_MAIN,FOLLOW_MAIN,COMMITTED,HOLD,1,1,-162.60000000000002,-162.60000000000002,-162.1453064842011,-162.1453064842011,-0.279,-0.28239254550333626,-0.28239254550333626,-0.039674652226104945,0.2011904772943796,-0.11674462066862477,-0.01388612827913673,-0.19202693094226866,0.06035714318831388,0.72,0.35,0.68,0.3,nan,nan,nan,nan,nan,1.0,1.2534800136665822,-0.011862138591247809,0.26230053670171627,1.18,0.11,0.11,0.10772388467802596,0.0,0.12325000017881393,0.2955173097703528,0.2955173097703528,0.8,0.2955173097703528,0.2980788347928612,0.0,0.0,-0.12325000017881393,0.0,0.09005258159050118,0.10834890743575201,0.08536797206856138,0.1299474184094988,0.12897879499250636,0.13007979728749056,-0.01829632584525083,0.0,-0.1648544589961557,0.03309471949793686,-0.004684609521939805,0.00013237887799174745,14.022148611037009,1.0,0.0,-0.08987948949356926,0.34375,0,0,0,0,0,0,0,0,0,nan,nan,2.11299991607666,1.0,0,0,0,2.2612011432647705,3.303267478942871,-0.8720552225619141,1.7418906688690186,9.136771440505981,13.056413650512695,11.587785720825195,1.036006212234497,0.0002040863037109375,0.09640714799979833,0.07320759200001703,-0.16260000000000002,-0.16214530648420108,-0.16214530648420108,nan,nan,nan,nan,0.11866385121412919,0.1528139819018841,lidar_disabled,1,1,1,1,4,0,2,2,3,cascade_controller_v4,cascade_controller_v4_fast_smooth_true_cascade_pd_1_0,cascade_pd_tracking,follow_main,inner_wheel_pd,True,True,False,"[""cascade_controller_v4""]",False,FOLLOW_MAIN,COMMITTED,HOLD,FOLLOW_MAIN,True,ok,1.0,14.022148611037009,0.09640714799979833,0.07320759200001703,-162.60000000000002,-0.279,-0.08987948949356926,0.0,-0.16214530648420108,-162.1453064842011,-0.28239254550333626,-0.16214530648420108,-162.1453064842011,-0.28239254550333626,-0.039674652226104945,0.2011904772943796,0.72,0.35,0.68,0.3,-0.11674462066862477,-0.01388612827913673,-0.19202693094226866,0.06035714318831388,0.2955173097703528,0.2955173097703528,0.2955173097703528,0.11,0.11,1.2534800136665822,sharp,1.18,1.0,-0.011862138591247809,0.26230053670171627,0.8,0.34375,0.11,0.2955173097703528,0.09005258159050118,0.1299474184094988,0.09005258159050118,0.1299474184094988,0.10834890743575201,0.12897879499250636,0.10834890743575201,0.12897879499250636,-0.01829632584525083,0.0,-0.1648544589961557,0.03309471949793686,-0.004684609521939805,0.00013237887799174745,0.08536797206856138,0.13007979728749056,0.10772388467802596,0.2980788347928612,0.12325000017881393,0.0,0.11866385121412919,0.1528139819018841,2.2612011432647705,3.303267478942871,2.11299991607666,lidar_disabled,1.0,False,2012.085432167
1785741931.6719055,199.57412695884705,v4,cascade_controller_v4,cascade_controller_v4_fast_smooth_true_cascade_pd_1_0,cascade_pd_tracking,follow_main,inner_wheel_pd,sharp,,FOLLOW_MAIN,FOLLOW_MAIN,COMMITTED,HOLD,1,1,-162.60000000000002,-162.60000000000002,-162.1453064842011,-162.1453064842011,-0.279,-0.28239254550333626,-0.28239254550333626,-0.039674652226104945,0.2011904772943796,-0.11674462066862477,-0.01388612827913673,-0.19202693094226866,0.06035714318831388,0.72,0.35,0.68,0.3,nan,nan,nan,nan,nan,1.0,1.2534800136665822,-0.011862138591247809,0.26230053670171627,1.18,0.11,0.11,0.10772388467802596,0.0,0.12325000017881393,0.2955173097703528,0.2955173097703528,0.8,0.2955173097703528,0.2980788347928612,0.0,0.0,-0.12325000017881393,0.0,0.09005258159050118,0.10834890743575201,0.08536797206856138,0.1299474184094988,0.12897879499250636,0.13007979728749056,-0.01829632584525083,0.0,-0.1648544589961557,0.03309471949793686,-0.004684609521939805,0.00013237887799174745,14.022148611037009,1.0,0.0,-0.08987948949356926,0.34375,0,0,0,0,0,0,0,0,0,nan,nan,2.11299991607666,1.0,0,0,0,2.2612011432647705,3.303267478942871,-0.8720552225619141,7.987022399902344e-05,9.872894763946533,13.792536497116089,12.323908805847168,1.7721283435821533,0.7363262176513672,0.09640714799979833,0.07320759200001703,-0.16260000000000002,-0.16214530648420108,-0.16214530648420108,nan,nan,nan,nan,0.11866385121412919,0.1528139819018841,lidar_disabled,1,1,1,1,4,0,2,2,3,cascade_controller_v4,cascade_controller_v4_fast_smooth_true_cascade_pd_1_0,cascade_pd_tracking,follow_main,inner_wheel_pd,True,True,False,"[""cascade_controller_v4""]",False,FOLLOW_MAIN,COMMITTED,HOLD,FOLLOW_MAIN,True,ok,1.0,14.022148611037009,0.09640714799979833,0.07320759200001703,-162.60000000000002,-0.279,-0.08987948949356926,0.0,-0.16214530648420108,-162.1453064842011,-0.28239254550333626,-0.16214530648420108,-162.1453064842011,-0.28239254550333626,-0.039674652226104945,0.2011904772943796,0.72,0.35,0.68,0.3,-0.11674462066862477,-0.01388612827913673,-0.19202693094226866,0.06035714318831388,0.2955173097703528,0.2955173097703528,0.2955173097703528,0.11,0.11,1.2534800136665822,sharp,1.18,1.0,-0.011862138591247809,0.26230053670171627,0.8,0.34375,0.11,0.2955173097703528,0.09005258159050118,0.1299474184094988,0.09005258159050118,0.1299474184094988,0.10834890743575201,0.12897879499250636,0.10834890743575201,0.12897879499250636,-0.01829632584525083,0.0,-0.1648544589961557,0.03309471949793686,-0.004684609521939805,0.00013237887799174745,0.08536797206856138,0.13007979728749056,0.10772388467802596,0.2980788347928612,0.12325000017881393,0.0,0.11866385121412919,0.1528139819018841,2.2612011432647705,3.303267478942871,2.11299991607666,lidar_disabled,1.0,False,2012.085432167
1785741932.2789745,200.18119597434998,v4,cascade_controller_v4,cascade_controller_v4_fast_smooth_true_cascade_pd_1_0,cascade_pd_tracking,follow_main,inner_wheel_pd,sharp,,FOLLOW_MAIN,FOLLOW_MAIN,COMMITTED,HOLD,1,1,-162.60000000000002,-162.60000000000002,-162.1453064842011,-162.1453064842011,-0.279,-0.28239254550333626,-0.28239254550333626,-0.039674652226104945,0.2011904772943796,-0.11674462066862477,-0.01388612827913673,-0.19202693094226866,0.06035714318831388,0.72,0.35,0.68,0.3,nan,nan,nan,nan,nan,1.0,1.2534800136665822,-0.011862138591247809,0.26230053670171627,1.18,0.11,0.11,0.10772388467802596,0.0,0.12325000017881393,0.2955173097703528,0.2955173097703528,0.8,0.2955173097703528,0.2980788347928612,0.0,0.0,-0.12325000017881393,0.0,0.09005258159050118,0.10834890743575201,0.08536797206856138,0.1299474184094988,0.12897879499250636,0.13007979728749056,-0.01829632584525083,0.0,-0.1648544589961557,0.03309471949793686,-0.004684609521939805,0.00013237887799174745,14.022148611037009,1.0,0.0,-0.08987948949356926,0.34375,0,0,0,0,0,0,0,0,0,nan,nan,2.11299991607666,1.0,0,0,0,2.2612011432647705,3.303267478942871,-0.8720552225619141,0.6071479320526123,10.479962825775146,14.399604558944702,12.930976152420044,6.866455078125e-05,1.343393325805664,0.09640714799979833,0.07320759200001703,-0.16260000000000002,-0.16214530648420108,-0.16214530648420108,nan,nan,nan,nan,0.11866385121412919,0.1528139819018841,lidar_disabled,1,1,1,1,4,0,2,2,3,cascade_controller_v4,cascade_controller_v4_fast_smooth_true_cascade_pd_1_0,cascade_pd_tracking,follow_main,inner_wheel_pd,True,True,False,"[""cascade_controller_v4""]",False,FOLLOW_MAIN,COMMITTED,HOLD,FOLLOW_MAIN,True,ok,1.0,14.022148611037009,0.09640714799979833,0.07320759200001703,-162.60000000000002,-0.279,-0.08987948949356926,0.0,-0.16214530648420108,-162.1453064842011,-0.28239254550333626,-0.16214530648420108,-162.1453064842011,-0.28239254550333626,-0.039674652226104945,0.2011904772943796,0.72,0.35,0.68,0.3,-0.11674462066862477,-0.01388612827913673,-0.19202693094226866,0.06035714318831388,0.2955173097703528,0.2955173097703528,0.2955173097703528,0.11,0.11,1.2534800136665822,sharp,1.18,1.0,-0.011862138591247809,0.26230053670171627,0.8,0.34375,0.11,0.2955173097703528,0.09005258159050118,0.1299474184094988,0.09005258159050118,0.1299474184094988,0.10834890743575201,0.12897879499250636,0.10834890743575201,0.12897879499250636,-0.01829632584525083,0.0,-0.1648544589961557,0.03309471949793686,-0.004684609521939805,0.00013237887799174745,0.08536797206856138,0.13007979728749056,0.10772388467802596,0.2980788347928612,0.12325000017881393,0.0,0.11866385121412919,0.1528139819018841,2.2612011432647705,3.303267478942871,2.11299991607666,lidar_disabled,1.0,False,2012.085432167
