time_wall_s,t_s,epsilon_x_mm,e_lat_raw_m,e_lat_raw_mm,e_lat_filtered_m,e_lat_filtered_mm,e_lat_used_m,e_lat_used_mm,theta_raw_rad,theta_filtered_rad,theta_used_rad,de_lat_mps,de_heading_rps,p_lat,d_lat,p_heading,d_heading,outer_kp_lat,outer_kd_lat,outer_kp_heading,outer_kd_heading,outer_gain_multiplier,v_target,v_ref,v_cmd_internal,cmd_v,odom_v,omega_target,omega_ref,omega_cmd_internal,cmd_omega,odom_omega,v_left_ref,v_left_measured,v_left_cmd,v_right_ref,v_right_measured,v_right_cmd,left_wheel_error,right_wheel_error,d_left_wheel_error,d_right_wheel_error,left_pd_correction,right_pd_correction,fps,confidence,lookahead_m,curvature,speed_factor,front_min_m,lidar_ratio,lidar_stop,raw_valid,cmd_published,emergency_stop,odom_x,odom_y,odom_yaw,lane_state,controller_mode,outer_mode,mix_mode,lidar_mode,intent_hint,trajectory_hint,planner_status_hint,controller_mode_code,outer_mode_code,mix_mode_code,lidar_mode_code,intent_hint_code,trajectory_hint_code,planner_status_hint_code,control_error_age_s,cascade_state_age_s,cascade_ref_age_s,cmd_vel_age_s,odom_age_local_s,scan_age_s,controller_error_age_s,controller_odom_age_s
1784807443.7003613,3.6040093898773193,109.60000000000001,0.1096,109.60000000000001,nan,nan,nan,nan,0.664,nan,nan,nan,nan,nan,nan,nan,nan,nan,nan,nan,nan,nan,nan,nan,nan,nan,nan,nan,nan,nan,nan,nan,nan,nan,nan,nan,nan,nan,nan,nan,nan,nan,nan,nan,nan,nan,nan,nan,nan,nan,nan,0,0,0,0,nan,nan,nan,FOLLOW_MAIN,,,,,,,,0,0,0,0,0,0,0,9.918212890625e-05,nan,nan,nan,nan,nan,nan,nan
1784807446.1917732,6.095421314239502,-10.8,-0.0108,-10.8,0.042210212561275245,42.21021256127525,0.042210212561275245,42.21021256127525,-0.077,0.32663059038931597,0.32663059038931597,-0.09963512105572009,-0.09431094321276517,0.042210212561275245,-0.0017934321790029615,0.3592936494282476,-0.001131731318553182,1.0,0.018,1.1,0.012,nan,0.2102252723336985,0.2102252723336985,0.19810934231161154,nan,0.29725000262260437,-0.39857869849196664,-0.3312268515126318,-0.29749617621662694,nan,0.0,0.23258308481080114,0.3324303647463274,0.22259835681724852,0.18786745985659586,0.330338780362809,0.17362032780597456,-0.09984727993552628,-0.14247132050621314,0.1983488898161115,0.123443823617057,-0.009984727993552628,-0.014247132050621315,nan,1.0,0.0,2.214,0.420450544667397,2.7200000286102295,1.0,0,1,1,0,3.887540817260742,-10.251426696777344,nan,FOLLOW_MAIN,cascade_pd_tracking,follow_main,inner_wheel_pd,lidar_disabled,FOLLOW_MAIN,COMMITTED,HOLD,1,1,1,1,1,1,1,2.491508960723877,0.0001385211944580078,nan,nan,nan,nan,0.044957119999708084,0.008911175000321236
1784807446.6102023,6.513850450515747,-10.8,-0.0108,-10.8,0.042210212561275245,42.21021256127525,0.042210212561275245,42.21021256127525,-0.077,0.32663059038931597,0.32663059038931597,-0.09963512105572009,-0.09431094321276517,0.042210212561275245,-0.0017934321790029615,0.3592936494282476,-0.001131731318553182,1.0,0.018,1.1,0.012,nan,0.2102252723336985,0.2102252723336985,0.19810934231161154,nan,0.29725000262260437,-0.39857869849196664,-0.3312268515126318,-0.29749617621662694,nan,0.0,0.23258308481080114,0.3324303647463274,0.22259835681724852,0.18786745985659586,0.330338780362809,0.17362032780597456,-0.09984727993552628,-0.14247132050621314,0.1983488898161115,0.123443823617057,-0.009984727993552628,-0.014247132050621315,nan,1.0,0.0,2.214,0.420450544667397,2.7200000286102295,1.0,0,1,1,0,3.887540817260742,-10.251426696777344,nan,FOLLOW_MAIN,cascade_pd_tracking,follow_main,inner_wheel_pd,lidar_disabled,FOLLOW_MAIN,COMMITTED,HOLD,1,1,1,1,1,1,1,2.9099624156951904,0.4185922145843506,0.00014591217041015625,nan,nan,nan,0.044957119999708084,0.008911175000321236
1784807446.9838789,6.887526988983154,-10.8,-0.0108,-10.8,0.042210212561275245,42.21021256127525,0.042210212561275245,42.21021256127525,-0.077,0.32663059038931597,0.32663059038931597,-0.09963512105572009,-0.09431094321276517,0.042210212561275245,-0.0017934321790029615,0.3592936494282476,-0.001131731318553182,1.0,0.018,1.1,0.012,nan,0.2102252723336985,0.2102252723336985,0.19810934231161154,0.3813557364868782,0.29725000262260437,-0.39857869849196664,-0.3312268515126318,-0.29749617621662694,-0.07509754932889826,0.0,0.23258308481080114,0.3324303647463274,0.22259835681724852,0.18786745985659586,0.330338780362809,0.17362032780597456,-0.09984727993552628,-0.14247132050621314,0.1983488898161115,0.123443823617057,-0.009984727993552628,-0.014247132050621315,nan,1.0,0.0,2.214,0.420450544667397,2.7200000286102295,1.0,0,1,1,0,3.887540817260742,-10.251426696777344,nan,FOLLOW_MAIN,cascade_pd_tracking,follow_main,inner_wheel_pd,lidar_disabled,FOLLOW_MAIN,COMMITTED,HOLD,1,1,1,1,1,1,1,3.2835922241210938,0.7922215461730957,0.37377405166625977,8.177757263183594e-05,nan,nan,0.044957119999708084,0.008911175000321236
1784807447.3900366,7.293684720993042,-10.8,-0.0108,-10.8,0.042210212561275245,42.21021256127525,0.042210212561275245,42.21021256127525,-0.077,0.32663059038931597,0.32663059038931597,-0.09963512105572009,-0.09431094321276517,0.042210212561275245,-0.0017934321790029615,0.3592936494282476,-0.001131731318553182,1.0,0.018,1.1,0.012,nan,0.2102252723336985,0.2102252723336985,0.19810934231161154,0.3813557364868782,0.29725000262260437,-0.39857869849196664,-0.3312268515126318,-0.29749617621662694,-0.07509754932889826,0.0,0.23258308481080114,0.3324303647463274,0.22259835681724852,0.18786745985659586,0.330338780362809,0.17362032780597456,-0.09984727993552628,-0.14247132050621314,0.1983488898161115,0.123443823617057,-0.009984727993552628,-0.014247132050621315,nan,1.0,0.0,2.214,0.420450544667397,2.7200000286102295,1.0,0,1,1,0,3.887540817260742,-10.251426696777344,2.8673751202635858,FOLLOW_MAIN,cascade_pd_tracking,follow_main,inner_wheel_pd,lidar_disabled,FOLLOW_MAIN,COMMITTED,HOLD,1,1,1,1,1,1,1,3.6897730827331543,1.1984026432037354,0.7799556255340576,0.4062635898590088,0.00014519691467285156,nan,0.044957119999708084,0.008911175000321236
1784807447.7615185,7.665166616439819,-10.8,-0.0108,-10.8,0.042210212561275245,42.21021256127525,0.042210212561275245,42.21021256127525,-0.077,0.32663059038931597,0.32663059038931597,-0.09963512105572009,-0.09431094321276517,0.042210212561275245,-0.0017934321790029615,0.3592936494282476,-0.001131731318553182,1.0,0.018,1.1,0.012,nan,0.2102252723336985,0.2102252723336985,0.19810934231161154,0.3813557364868782,0.29725000262260437,-0.39857869849196664,-0.3312268515126318,-0.29749617621662694,-0.07509754932889826,0.0,0.23258308481080114,0.3324303647463274,0.22259835681724852,0.18786745985659586,0.330338780362809,0.17362032780597456,-0.09984727993552628,-0.14247132050621314,0.1983488898161115,0.123443823617057,-0.009984727993552628,-0.014247132050621315,nan,1.0,0.0,2.214,0.420450544667397,2.7200000286102295,1.0,0,1,1,0,3.887540817260742,-10.251426696777344,2.8673751202635858,FOLLOW_MAIN,cascade_pd_tracking,follow_main,inner_wheel_pd,lidar_disabled,FOLLOW_MAIN,COMMITTED,HOLD,1,1,1,1,1,1,1,4.0612359046936035,1.5698652267456055,1.1514179706573486,0.7777259349822998,0.37160706520080566,0.000118255615234375,0.044957119999708084,0.008911175000321236
1784807448.1482747,8.051922798156738,-10.8,-0.0108,-10.8,0.042210212561275245,42.21021256127525,0.042210212561275245,42.21021256127525,-0.077,0.32663059038931597,0.32663059038931597,-0.09963512105572009,-0.09431094321276517,0.042210212561275245,-0.0017934321790029615,0.3592936494282476,-0.001131731318553182,1.0,0.018,1.1,0.012,nan,0.2102252723336985,0.2102252723336985,0.19810934231161154,0.3813557364868782,0.29725000262260437,-0.39857869849196664,-0.3312268515126318,-0.29749617621662694,-0.07509754932889826,0.0,0.23258308481080114,0.3324303647463274,0.22259835681724852,0.18786745985659586,0.330338780362809,0.17362032780597456,-0.09984727993552628,-0.14247132050621314,0.1983488898161115,0.123443823617057,-0.009984727993552628,-0.014247132050621315,nan,1.0,0.0,2.214,0.420450544667397,2.7200000286102295,1.0,0,1,1,0,3.887540817260742,-10.251426696777344,2.8673751202635858,FOLLOW_MAIN,cascade_pd_tracking,follow_main,inner_wheel_pd,lidar_disabled,FOLLOW_MAIN,COMMITTED,HOLD,1,1,1,1,1,1,1,0.00012922286987304688,1.9566469192504883,1.5382003784179688,1.16450834274292,0.758389949798584,0.3869011402130127,0.044957119999708084,0.008911175000321236
1784807448.5319135,8.435561656951904,70.8,0.0708,70.8,0.06965888493215798,69.65888493215797,0.06965888493215798,69.65888493215797,0.468,0.4618578835903939,0.4618578835903939,0.0296748973207165,0.18011119428289388,0.06965888493215798,0.000534148151772897,0.5080436719494333,0.0021613343313947268,1.0,0.018,1.1,0.012,nan,0.20493905279371744,0.20493905279371744,0.2034771088875162,0.3813557364868782,0.203000009059906,-0.580398039364759,-0.5659541232204509,-0.4818422921975848,-0.07509754932889826,-0.37826085090637207,0.24314095611109787,0.23929363607961593,0.24314095611109787,0.166737149476337,0.19597602760036206,0.1638132616639345,0.0,-0.029238878124025064,0.11077606609700918,0.17128876815062447,0.0,-0.0029238878124025064,nan,1.0,0.0,-3.049,0.40987810558743487,2.6649999618530273,1.0,0,1,1,0,3.2220864295959473,-10.064627647399902,2.8673751202635858,FOLLOW_MAIN,cascade_pd_tracking,follow_main,inner_wheel_pd,lidar_disabled,FOLLOW_MAIN,COMMITTED,UNKNOWN,1,1,1,1,1,1,2,0.38373470306396484,8.749961853027344e-05,1.9218051433563232,1.5481128692626953,1.1419939994812012,0.7705049514770508,0.005336071999408887,0.049877839000146196
1784807448.9132326,8.816880702972412,70.8,0.0708,70.8,0.06965888493215798,69.65888493215797,0.06965888493215798,69.65888493215797,0.468,0.4618578835903939,0.4618578835903939,0.0296748973207165,0.18011119428289388,0.06965888493215798,0.000534148151772897,0.5080436719494333,0.0021613343313947268,1.0,0.018,1.1,0.012,nan,0.20493905279371744,0.20493905279371744,0.2034771088875162,0.3813557364868782,0.203000009059906,-0.580398039364759,-0.5659541232204509,-0.4818422921975848,-0.07509754932889826,-0.37826085090637207,0.24314095611109787,0.23929363607961593,0.24314095611109787,0.166737149476337,0.19597602760036206,0.1638132616639345,0.0,-0.029238878124025064,0.11077606609700918,0.17128876815062447,0.0,-0.0029238878124025064,nan,1.0,0.0,-3.049,0.40987810558743487,2.6649999618530273,1.0,0,1,1,0,3.2220864295959473,-10.064627647399902,2.8673751202635858,FOLLOW_MAIN,cascade_pd_tracking,follow_main,inner_wheel_pd,lidar_disabled,FOLLOW_MAIN,COMMITTED,UNKNOWN,1,1,1,1,1,1,2,0.765061616897583,0.38141417503356934,8.678436279296875e-05,1.9294390678405762,1.5233206748962402,1.1518313884735107,0.005336071999408887,0.049877839000146196
1784807449.2864735,9.1901216506958,70.8,0.0708,70.8,0.06965888493215798,69.65888493215797,0.06965888493215798,69.65888493215797,0.468,0.4618578835903939,0.4618578835903939,0.0296748973207165,0.18011119428289388,0.06965888493215798,0.000534148151772897,0.5080436719494333,0.0021613343313947268,1.0,0.018,1.1,0.012,nan,0.20493905279371744,0.20493905279371744,0.2034771088875162,0.21324611141994154,0.203000009059906,-0.580398039364759,-0.5659541232204509,-0.4818422921975848,-0.3288561949373426,-0.37826085090637207,0.24314095611109787,0.23929363607961593,0.24314095611109787,0.166737149476337,0.19597602760036206,0.1638132616639345,0.0,-0.029238878124025064,0.11077606609700918,0.17128876815062447,0.0,-0.0029238878124025064,nan,1.0,0.0,-3.049,0.40987810558743487,2.6649999618530273,1.0,0,1,1,0,3.2220864295959473,-10.064627647399902,2.8673751202635858,FOLLOW_MAIN,cascade_pd_tracking,follow_main,inner_wheel_pd,lidar_disabled,FOLLOW_MAIN,COMMITTED,UNKNOWN,1,1,1,1,1,1,2,1.1383047103881836,0.754657506942749,0.37333011627197266,0.00010395050048828125,1.896564245223999,1.5250751972198486,0.005336071999408887,0.049877839000146196
1784807449.6527352,9.55638337135315,70.8,0.0708,70.8,0.06965888493215798,69.65888493215797,0.06965888493215798,69.65888493215797,0.468,0.4618578835903939,0.4618578835903939,0.0296748973207165,0.18011119428289388,0.06965888493215798,0.000534148151772897,0.5080436719494333,0.0021613343313947268,1.0,0.018,1.1,0.012,nan,0.20493905279371744,0.20493905279371744,0.2034771088875162,0.21324611141994154,0.203000009059906,-0.580398039364759,-0.5659541232204509,-0.4818422921975848,-0.3288561949373426,-0.37826085090637207,0.24314095611109787,0.23929363607961593,0.24314095611109787,0.166737149476337,0.19597602760036206,0.1638132616639345,0.0,-0.029238878124025064,0.11077606609700918,0.17128876815062447,0.0,-0.0029238878124025064,nan,1.0,0.0,-3.049,0.40987810558743487,2.6649999618530273,1.0,0,1,1,0,3.2220864295959473,-10.064627647399902,2.145369108091292,FOLLOW_MAIN,cascade_pd_tracking,follow_main,inner_wheel_pd,lidar_disabled,FOLLOW_MAIN,COMMITTED,UNKNOWN,1,1,1,1,1,1,2,1.5045630931854248,1.1209156513214111,0.7395882606506348,0.3663618564605713,9.799003601074219e-05,1.8913331031799316,0.005336071999408887,0.049877839000146196
1784807450.0504355,9.954083681106567,70.8,0.0708,70.8,0.06965888493215798,69.65888493215797,0.06965888493215798,69.65888493215797,0.468,0.4618578835903939,0.4618578835903939,0.0296748973207165,0.18011119428289388,0.06965888493215798,0.000534148151772897,0.5080436719494333,0.0021613343313947268,1.0,0.018,1.1,0.012,nan,0.20493905279371744,0.20493905279371744,0.2034771088875162,0.21324611141994154,0.203000009059906,-0.580398039364759,-0.5659541232204509,-0.4818422921975848,-0.3288561949373426,-0.37826085090637207,0.24314095611109787,0.23929363607961593,0.24314095611109787,0.166737149476337,0.19597602760036206,0.1638132616639345,0.0,-0.029238878124025064,0.11077606609700918,0.17128876815062447,0.0,-0.0029238878124025064,nan,1.0,0.0,-3.049,0.40987810558743487,2.6649999618530273,1.0,0,1,1,0,3.2220864295959473,-10.064627647399902,2.145369108091292,FOLLOW_MAIN,cascade_pd_tracking,follow_main,inner_wheel_pd,lidar_disabled,FOLLOW_MAIN,COMMITTED,UNKNOWN,1,1,1,1,1,1,2,1.9022846221923828,1.5186376571655273,1.137310266494751,0.7640841007232666,0.39782023429870605,0.00015354156494140625,0.005336071999408887,0.049877839000146196
1784807450.4140728,10.317720890045166,70.8,0.0708,70.8,0.06965888493215798,69.65888493215797,0.06965888493215798,69.65888493215797,0.468,0.4618578835903939,0.4618578835903939,0.0296748973207165,0.18011119428289388,0.06965888493215798,0.000534148151772897,0.5080436719494333,0.0021613343313947268,1.0,0.018,1.1,0.012,nan,0.20493905279371744,0.20493905279371744,0.2034771088875162,0.21324611141994154,0.203000009059906,-0.580398039364759,-0.5659541232204509,-0.4818422921975848,-0.3288561949373426,-0.37826085090637207,0.24314095611109787,0.23929363607961593,0.24314095611109787,0.166737149476337,0.19597602760036206,0.1638132616639345,0.0,-0.029238878124025064,0.11077606609700918,0.17128876815062447,0.0,-0.0029238878124025064,nan,1.0,0.0,-3.049,0.40987810558743487,2.6649999618530273,1.0,0,1,1,0,3.2220864295959473,-10.064627647399902,2.145369108091292,FOLLOW_MAIN,cascade_pd_tracking,follow_main,inner_wheel_pd,lidar_disabled,FOLLOW_MAIN,COMMITTED,UNKNOWN,1,1,1,1,1,1,2,0.00012946128845214844,1.8822901248931885,1.500962734222412,1.1277368068695068,0.7614729404449463,0.36380577087402344,0.005336071999408887,0.049877839000146196
1784807450.7859488,10.689596891403198,-27.6,-0.027600000000000003,-27.6,-0.0426455888659128,-42.6455888659128,-0.0426455888659128,-42.6455888659128,-0.195,-0.2944195239367329,-0.2944195239367329,0.012599007542811761,0.07547865348409667,-0.0426455888659128,0.00022678213577061168,-0.3238614763304062,0.0009057438418091601,1.0,0.018,1.1,0.012,nan,0.23584488541223766,0.23584488541223766,0.2219127522280075,0.21324611141994154,0.3516250252723694,0.36537453921873925,0.4209943379291123,0.3828224015222516,-0.3288561949373426,0.031521786004304886,0.20742776760202258,0.37770611771719786,0.19039993259050506,0.26426200322245275,0.3726263167918813,0.2534255718655099,-0.17027835011517528,-0.10836431356942855,-0.04806290725587761,-0.050859769414542,-0.017027835011517528,-0.010836431356942856,nan,1.0,0.0,1.2069999999999999,0.47168977082447533,1.8700000047683716,1.0,0,1,1,0,2.874720335006714,-9.574677467346191,2.145369108091292,FOLLOW_MAIN,cascade_pd_tracking,follow_main,inner_wheel_pd,lidar_disabled,FOLLOW_MAIN,COMMITTED,HOLD,1,1,1,1,1,1,1,0.37197089195251465,0.00013136863708496094,1.8728044033050537,1.4995779991149902,1.1333138942718506,0.7356464862823486,0.011199553000551532,0.07127847900028428
1784807451.1658425,11.069490671157837,-27.6,-0.027600000000000003,-27.6,-0.0426455888659128,-42.6455888659128,-0.0426455888659128,-42.6455888659128,-0.195,-0.2944195239367329,-0.2944195239367329,0.012599007542811761,0.07547865348409667,-0.0426455888659128,0.00022678213577061168,-0.3238614763304062,0.0009057438418091601,1.0,0.018,1.1,0.012,nan,0.23584488541223766,0.23584488541223766,0.2219127522280075,0.21324611141994154,0.3516250252723694,0.36537453921873925,0.4209943379291123,0.3828224015222516,-0.3288561949373426,0.031521786004304886,0.20742776760202258,0.37770611771719786,0.19039993259050506,0.26426200322245275,0.3726263167918813,0.2534255718655099,-0.17027835011517528,-0.10836431356942855,-0.04806290725587761,-0.050859769414542,-0.017027835011517528,-0.010836431356942856,nan,1.0,0.0,1.2069999999999999,0.47168977082447533,1.8700000047683716,1.0,0,1,1,0,2.874720335006714,-9.574677467346191,2.145369108091292,FOLLOW_MAIN,cascade_pd_tracking,follow_main,inner_wheel_pd,lidar_disabled,FOLLOW_MAIN,COMMITTED,HOLD,1,1,1,1,1,1,1,0.7518644332885742,0.38002490997314453,9.72747802734375e-05,1.8794715404510498,1.5132076740264893,1.1155405044555664,0.011199553000551532,0.07127847900028428
1784807451.5352633,11.438911437988281,-27.6,-0.027600000000000003,-27.6,-0.0426455888659128,-42.6455888659128,-0.0426455888659128,-42.6455888659128,-0.195,-0.2944195239367329,-0.2944195239367329,0.012599007542811761,0.07547865348409667,-0.0426455888659128,0.00022678213577061168,-0.3238614763304062,0.0009057438418091601,1.0,0.018,1.1,0.012,nan,0.23584488541223766,0.23584488541223766,0.2219127522280075,0.4133276955909616,0.3516250252723694,0.36537453921873925,0.4209943379291123,0.3828224015222516,0.06373528300784308,0.031521786004304886,0.20742776760202258,0.37770611771719786,0.19039993259050506,0.26426200322245275,0.3726263167918813,0.2534255718655099,-0.17027835011517528,-0.10836431356942855,-0.04806290725587761,-0.050859769414542,-0.017027835011517528,-0.010836431356942856,nan,1.0,0.0,1.2069999999999999,0.47168977082447533,1.8700000047683716,1.0,0,1,1,0,2.874720335006714,-9.574677467346191,2.145369108091292,FOLLOW_MAIN,cascade_pd_tracking,follow_main,inner_wheel_pd,lidar_disabled,FOLLOW_MAIN,COMMITTED,HOLD,1,1,1,1,1,1,1,1.12127685546875,0.7494370937347412,0.3695094585418701,0.00010323524475097656,1.882620096206665,1.484952688217163,0.011199553000551532,0.07127847900028428
1784807451.9128091,11.816457271575928,-27.6,-0.027600000000000003,-27.6,-0.0426455888659128,-42.6455888659128,-0.0426455888659128,-42.6455888659128,-0.195,-0.2944195239367329,-0.2944195239367329,0.012599007542811761,0.07547865348409667,-0.0426455888659128,0.00022678213577061168,-0.3238614763304062,0.0009057438418091601,1.0,0.018,1.1,0.012,nan,0.23584488541223766,0.23584488541223766,0.2219127522280075,0.4133276955909616,0.3516250252723694,0.36537453921873925,0.4209943379291123,0.3828224015222516,0.06373528300784308,0.031521786004304886,0.20742776760202258,0.37770611771719786,0.19039993259050506,0.26426200322245275,0.3726263167918813,0.2534255718655099,-0.17027835011517528,-0.10836431356942855,-0.04806290725587761,-0.050859769414542,-0.017027835011517528,-0.010836431356942856,nan,1.0,0.0,1.2069999999999999,0.47168977082447533,1.8700000047683716,1.0,0,1,1,0,2.874720335006714,-9.574677467346191,2.107858187597188,FOLLOW_MAIN,cascade_pd_tracking,follow_main,inner_wheel_pd,lidar_disabled,FOLLOW_MAIN,COMMITTED,HOLD,1,1,1,1,1,1,1,1.4988195896148682,1.1269795894622803,0.7470519542694092,0.37764549255371094,7.605552673339844e-05,1.8624944686889648,0.011199553000551532,0.07127847900028428
1784807452.2917662,12.195414304733276,-27.6,-0.027600000000000003,-27.6,-0.0426455888659128,-42.6455888659128,-0.0426455888659128,-42.6455888659128,-0.195,-0.2944195239367329,-0.2944195239367329,0.012599007542811761,0.07547865348409667,-0.0426455888659128,0.00022678213577061168,-0.3238614763304062,0.0009057438418091601,1.0,0.018,1.1,0.012,nan,0.23584488541223766,0.23584488541223766,0.2219127522280075,0.4133276955909616,0.3516250252723694,0.36537453921873925,0.4209943379291123,0.3828224015222516,0.06373528300784308,0.031521786004304886,0.20742776760202258,0.37770611771719786,0.19039993259050506,0.26426200322245275,0.3726263167918813,0.2534255718655099,-0.17027835011517528,-0.10836431356942855,-0.04806290725587761,-0.050859769414542,-0.017027835011517528,-0.010836431356942856,nan,1.0,0.0,1.2069999999999999,0.47168977082447533,1.8700000047683716,1.0,0,1,1,0,2.874720335006714,-9.574677467346191,2.107858187597188,FOLLOW_MAIN,cascade_pd_tracking,follow_main,inner_wheel_pd,lidar_disabled,FOLLOW_MAIN,COMMITTED,HOLD,1,1,1,1,1,1,1,1.8777787685394287,1.50593900680542,1.1260113716125488,0.7566049098968506,0.37903571128845215,8.7738037109375e-05,0.011199553000551532,0.07127847900028428
1784807452.6715438,12.575191974639893,-27.6,-0.027600000000000003,-27.6,-0.0426455888659128,-42.6455888659128,-0.0426455888659128,-42.6455888659128,-0.195,-0.2944195239367329,-0.2944195239367329,0.012599007542811761,0.07547865348409667,-0.0426455888659128,0.00022678213577061168,-0.3238614763304062,0.0009057438418091601,1.0,0.018,1.1,0.012,nan,0.23584488541223766,0.23584488541223766,0.2219127522280075,0.4133276955909616,0.3516250252723694,0.36537453921873925,0.4209943379291123,0.3828224015222516,0.06373528300784308,0.031521786004304886,0.20742776760202258,0.37770611771719786,0.19039993259050506,0.26426200322245275,0.3726263167918813,0.2534255718655099,-0.17027835011517528,-0.10836431356942855,-0.04806290725587761,-0.050859769414542,-0.017027835011517528,-0.010836431356942856,nan,1.0,0.0,1.2069999999999999,0.47168977082447533,1.8700000047683716,1.0,0,1,1,0,2.874720335006714,-9.574677467346191,2.107858187597188,FOLLOW_MAIN,cascade_pd_tracking,follow_main,inner_wheel_pd,lidar_disabled,FOLLOW_MAIN,COMMITTED,HOLD,1,1,1,1,1,1,1,0.00010848045349121094,1.8857548236846924,1.5058271884918213,1.136420726776123,0.7588515281677246,0.37990355491638184,0.011199553000551532,0.07127847900028428
1784807453.057243,12.960891246795654,53.800000000000004,0.05380000000000001,53.800000000000004,0.0865475389860231,86.5475389860231,0.0865475389860231,86.5475389860231,0.367,0.21405532858769344,0.21405532858769344,-0.0153266208008783,-0.23684440067097934,0.0865475389860231,-0.0002758791744158094,0.2354608614464628,-0.002842132808051752,1.0,0.018,1.1,0.012,nan,0.2304962645827685,0.2304962645827685,0.2222322671122085,0.4133276955909616,0.27549999952316284,-0.3188903884500184,-0.3188903884500184,-0.28785101942425256,0.06373528300784308,0.0,0.25202136580314477,0.3129618184303485,0.2459273205404244,0.20897116336239227,0.31331066014638936,0.19853721368399257,-0.06094045262720371,-0.1043394967839971,0.33050664670340624,0.37802148818652137,-0.006094045262720372,-0.01043394967839971,nan,1.0,0.0,1.07,0.460992529165537,1.1480000019073486,1.0,0,1,1,0,2.467611074447632,-8.880465507507324,2.107858187597188,FOLLOW_MAIN,cascade_pd_tracking,follow_main,inner_wheel_pd,lidar_disabled,FOLLOW_MAIN,COMMITTED,HOLD,1,1,1,1,1,1,1,0.3857758045196533,9.942054748535156e-05,1.8914949893951416,1.5220887660980225,1.144519567489624,0.7655715942382812,0.05171549300030165,0.022974034000071697
1784807453.4418347,13.34548282623291,53.800000000000004,0.05380000000000001,53.800000000000004,0.0865475389860231,86.5475389860231,0.0865475389860231,86.5475389860231,0.367,0.21405532858769344,0.21405532858769344,-0.0153266208008783,-0.23684440067097934,0.0865475389860231,-0.0002758791744158094,0.2354608614464628,-0.002842132808051752,1.0,0.018,1.1,0.012,nan,0.2304962645827685,0.2304962645827685,0.2222322671122085,0.4133276955909616,0.27549999952316284,-0.3188903884500184,-0.3188903884500184,-0.28785101942425256,0.06373528300784308,0.0,0.25202136580314477,0.3129618184303485,0.2459273205404244,0.20897116336239227,0.31331066014638936,0.19853721368399257,-0.06094045262720371,-0.1043394967839971,0.33050664670340624,0.37802148818652137,-0.006094045262720372,-0.01043394967839971,nan,1.0,0.0,1.07,0.460992529165537,1.1480000019073486,1.0,0,1,1,0,2.467611074447632,-8.880465507507324,2.107858187597188,FOLLOW_MAIN,cascade_pd_tracking,follow_main,inner_wheel_pd,lidar_disabled,FOLLOW_MAIN,COMMITTED,HOLD,1,1,1,1,1,1,1,0.7703614234924316,0.38468480110168457,6.961822509765625e-05,1.9066736698150635,1.529104471206665,1.1501564979553223,0.05171549300030165,0.022974034000071697
1784807453.815785,13.719433069229126,53.800000000000004,0.05380000000000001,53.800000000000004,0.0865475389860231,86.5475389860231,0.0865475389860231,86.5475389860231,0.367,0.21405532858769344,0.21405532858769344,-0.0153266208008783,-0.23684440067097934,0.0865475389860231,-0.0002758791744158094,0.2354608614464628,-0.002842132808051752,1.0,0.018,1.1,0.012,nan,0.2304962645827685,0.2304962645827685,0.2222322671122085,0.19962475503689642,0.27549999952316284,-0.3188903884500184,-0.3188903884500184,-0.28785101942425256,-0.5618038742583491,0.0,0.25202136580314477,0.3129618184303485,0.2459273205404244,0.20897116336239227,0.31331066014638936,0.19853721368399257,-0.06094045262720371,-0.1043394967839971,0.33050664670340624,0.37802148818652137,-0.006094045262720372,-0.01043394967839971,nan,1.0,0.0,1.07,0.460992529165537,1.1480000019073486,1.0,0,1,1,0,2.467611074447632,-8.880465507507324,2.107858187597188,FOLLOW_MAIN,cascade_pd_tracking,follow_main,inner_wheel_pd,lidar_disabled,FOLLOW_MAIN,COMMITTED,HOLD,1,1,1,1,1,1,1,1.1443161964416504,0.7586395740509033,0.3740243911743164,8.487701416015625e-05,1.903059720993042,1.5241119861602783,0.05171549300030165,0.022974034000071697
1784807454.2139187,14.11756682395935,53.800000000000004,0.05380000000000001,53.800000000000004,0.0865475389860231,86.5475389860231,0.0865475389860231,86.5475389860231,0.367,0.21405532858769344,0.21405532858769344,-0.0153266208008783,-0.23684440067097934,0.0865475389860231,-0.0002758791744158094,0.2354608614464628,-0.002842132808051752,1.0,0.018,1.1,0.012,nan,0.2304962645827685,0.2304962645827685,0.2222322671122085,0.19962475503689642,0.27549999952316284,-0.3188903884500184,-0.3188903884500184,-0.28785101942425256,-0.5618038742583491,0.0,0.25202136580314477,0.3129618184303485,0.2459273205404244,0.20897116336239227,0.31331066014638936,0.19853721368399257,-0.06094045262720371,-0.1043394967839971,0.33050664670340624,0.37802148818652137,-0.006094045262720372,-0.01043394967839971,nan,1.0,0.0,1.07,0.460992529165537,1.1480000019073486,1.0,0,1,1,0,2.467611074447632,-8.880465507507324,1.8229964303365542,FOLLOW_MAIN,cascade_pd_tracking,follow_main,inner_wheel_pd,lidar_disabled,FOLLOW_MAIN,COMMITTED,HOLD,1,1,1,1,1,1,1,1.5424613952636719,1.156785011291504,0.7721700668334961,0.39823102951049805,0.00011229515075683594,1.9222581386566162,0.05171549300030165,0.022974034000071697
1784807454.5954914,14.499139547348022,53.800000000000004,0.05380000000000001,53.800000000000004,0.0865475389860231,86.5475389860231,0.0865475389860231,86.5475389860231,0.367,0.21405532858769344,0.21405532858769344,-0.0153266208008783,-0.23684440067097934,0.0865475389860231,-0.0002758791744158094,0.2354608614464628,-0.002842132808051752,1.0,0.018,1.1,0.012,nan,0.2304962645827685,0.2304962645827685,0.2222322671122085,0.19962475503689642,0.27549999952316284,-0.3188903884500184,-0.3188903884500184,-0.28785101942425256,-0.5618038742583491,0.0,0.25202136580314477,0.3129618184303485,0.2459273205404244,0.20897116336239227,0.31331066014638936,0.19853721368399257,-0.06094045262720371,-0.1043394967839971,0.33050664670340624,0.37802148818652137,-0.006094045262720372,-0.01043394967839971,nan,1.0,0.0,1.07,0.460992529165537,1.1480000019073486,1.0,0,1,1,0,2.467611074447632,-8.880465507507324,1.8229964303365542,FOLLOW_MAIN,cascade_pd_tracking,follow_main,inner_wheel_pd,lidar_disabled,FOLLOW_MAIN,COMMITTED,HOLD,1,1,1,1,1,1,1,1.9240171909332275,1.5383403301239014,1.1537251472473145,0.7797856330871582,0.3816666603088379,7.62939453125e-05,0.05171549300030165,0.022974034000071697
1784807454.947298,14.850946187973022,53.800000000000004,0.05380000000000001,53.800000000000004,0.0865475389860231,86.5475389860231,0.0865475389860231,86.5475389860231,0.367,0.21405532858769344,0.21405532858769344,-0.0153266208008783,-0.23684440067097934,0.0865475389860231,-0.0002758791744158094,0.2354608614464628,-0.002842132808051752,1.0,0.018,1.1,0.012,nan,0.2304962645827685,0.2304962645827685,0.2222322671122085,0.19962475503689642,0.27549999952316284,-0.3188903884500184,-0.3188903884500184,-0.28785101942425256,-0.5618038742583491,0.0,0.25202136580314477,0.3129618184303485,0.2459273205404244,0.20897116336239227,0.31331066014638936,0.19853721368399257,-0.06094045262720371,-0.1043394967839971,0.33050664670340624,0.37802148818652137,-0.006094045262720372,-0.01043394967839971,nan,1.0,0.0,1.07,0.460992529165537,1.1480000019073486,1.0,0,1,1,0,2.467611074447632,-8.880465507507324,1.8229964303365542,FOLLOW_MAIN,cascade_pd_tracking,follow_main,inner_wheel_pd,lidar_disabled,FOLLOW_MAIN,COMMITTED,HOLD,1,1,1,1,1,1,1,6.556510925292969e-05,1.890143632888794,1.505528450012207,1.1315889358520508,0.7334702014923096,0.3518795967102051,0.05171549300030165,0.022974034000071697
1784807455.3103054,15.213953495025635,215.10000000000002,0.2151,215.10000000000002,0.17289662476056653,172.89662476056654,0.17289662476056653,172.89662476056654,0.373,0.44079918386967576,0.44079918386967576,0.1315581656722414,0.5554113161373293,0.17289662476056653,0.002368046982100345,0.4848791022566434,0.0066649357936479515,1.0,0.018,1.1,0.012,nan,0.20239817266902302,0.20239817266902302,0.19853149434523384,0.19962475503689642,0.2537499964237213,-0.6668087097929581,-0.47935889489443145,-0.4118722139866162,-0.5618038742583491,-0.2521739602088928,0.23475489807439714,0.2579477836087546,0.2324356095209614,0.1700414472636489,0.2241821282050749,0.1646273791695063,-0.023192885534357444,-0.05414068094142602,-0.12483699278415639,-0.19467258391322573,-0.0023192885534357444,-0.005414068094142602,nan,1.0,0.0,-0.6857523009446778,0.40479634533804604,0.8830000162124634,1.0,0,1,1,0,2.339999198913574,-8.435260772705078,1.8229964303365542,FOLLOW_MAIN,cascade_pd_tracking,follow_main,inner_wheel_pd,lidar_disabled,FOLLOW_MAIN,COMMITTED,DROPOUT,1,1,1,1,1,1,3,0.36307191848754883,8.440017700195312e-05,1.8685352802276611,1.4945957660675049,1.0964767932891846,0.7148864269256592,0.0845754649999435,0.013593356999990647
1784807455.671743,15.575391054153442,215.10000000000002,0.2151,215.10000000000002,0.17289662476056653,172.89662476056654,0.17289662476056653,172.89662476056654,0.373,0.44079918386967576,0.44079918386967576,0.1315581656722414,0.5554113161373293,0.17289662476056653,0.002368046982100345,0.4848791022566434,0.0066649357936479515,1.0,0.018,1.1,0.012,nan,0.20239817266902302,0.20239817266902302,0.19853149434523384,0.19962475503689642,0.2537499964237213,-0.6668087097929581,-0.47935889489443145,-0.4118722139866162,-0.5618038742583491,-0.2521739602088928,0.23475489807439714,0.2579477836087546,0.2324356095209614,0.1700414472636489,0.2241821282050749,0.1646273791695063,-0.023192885534357444,-0.05414068094142602,-0.12483699278415639,-0.19467258391322573,-0.0023192885534357444,-0.005414068094142602,nan,1.0,0.0,-0.6857523009446778,0.40479634533804604,0.8830000162124634,1.0,0,1,1,0,2.339999198913574,-8.435260772705078,1.8229964303365542,FOLLOW_MAIN,cascade_pd_tracking,follow_main,inner_wheel_pd,lidar_disabled,FOLLOW_MAIN,COMMITTED,DROPOUT,1,1,1,1,1,1,3,0.7245166301727295,0.3615288734436035,7.653236389160156e-05,1.8560402393341064,1.4579215049743652,1.0763311386108398,0.0845754649999435,0.013593356999990647
1784807456.053643,15.95729112625122,215.10000000000002,0.2151,215.10000000000002,0.17289662476056653,172.89662476056654,0.17289662476056653,172.89662476056654,0.373,0.44079918386967576,0.44079918386967576,0.1315581656722414,0.5554113161373293,0.17289662476056653,0.002368046982100345,0.4848791022566434,0.0066649357936479515,1.0,0.018,1.1,0.012,nan,0.20239817266902302,0.20239817266902302,0.19853149434523384,0.199587341409249,0.2537499964237213,-0.6668087097929581,-0.47935889489443145,-0.4118722139866162,-0.5755345960538089,-0.2521739602088928,0.23475489807439714,0.2579477836087546,0.2324356095209614,0.1700414472636489,0.2241821282050749,0.1646273791695063,-0.023192885534357444,-0.05414068094142602,-0.12483699278415639,-0.19467258391322573,-0.0023192885534357444,-0.005414068094142602,nan,1.0,0.0,-0.6857523009446778,0.40479634533804604,0.8830000162124634,1.0,0,1,1,0,2.339999198913574,-8.435260772705078,1.8229964303365542,FOLLOW_MAIN,cascade_pd_tracking,follow_main,inner_wheel_pd,lidar_disabled,FOLLOW_MAIN,COMMITTED,DROPOUT,1,1,1,1,1,1,3,1.1064438819885254,0.7434563636779785,0.3820042610168457,0.0001347064971923828,1.8398504257202148,1.4582600593566895,0.0845754649999435,0.013593356999990647
1784807456.4241424,16.32779049873352,215.10000000000002,0.2151,215.10000000000002,0.17289662476056653,172.89662476056654,0.17289662476056653,172.89662476056654,0.373,0.44079918386967576,0.44079918386967576,0.1315581656722414,0.5554113161373293,0.17289662476056653,0.002368046982100345,0.4848791022566434,0.0066649357936479515,1.0,0.018,1.1,0.012,nan,0.20239817266902302,0.20239817266902302,0.19853149434523384,0.199587341409249,0.2537499964237213,-0.6668087097929581,-0.47935889489443145,-0.4118722139866162,-0.5755345960538089,-0.2521739602088928,0.23475489807439714,0.2579477836087546,0.2324356095209614,0.1700414472636489,0.2241821282050749,0.1646273791695063,-0.023192885534357444,-0.05414068094142602,-0.12483699278415639,-0.19467258391322573,-0.0023192885534357444,-0.005414068094142602,nan,1.0,0.0,-0.6857523009446778,0.40479634533804604,0.8830000162124634,1.0,0,1,1,0,2.339999198913574,-8.435260772705078,0.9376767860126611,FOLLOW_MAIN,cascade_pd_tracking,follow_main,inner_wheel_pd,lidar_disabled,FOLLOW_MAIN,COMMITTED,DROPOUT,1,1,1,1,1,1,3,1.4769096374511719,1.1139216423034668,0.7524693012237549,0.37059926986694336,7.295608520507812e-05,1.828723430633545,0.0845754649999435,0.013593356999990647
1784807456.8092635,16.71291160583496,215.10000000000002,0.2151,215.10000000000002,0.17289662476056653,172.89662476056654,0.17289662476056653,172.89662476056654,0.373,0.44079918386967576,0.44079918386967576,0.1315581656722414,0.5554113161373293,0.17289662476056653,0.002368046982100345,0.4848791022566434,0.0066649357936479515,1.0,0.018,1.1,0.012,nan,0.20239817266902302,0.20239817266902302,0.19853149434523384,0.199587341409249,0.2537499964237213,-0.6668087097929581,-0.47935889489443145,-0.4118722139866162,-0.5755345960538089,-0.2521739602088928,0.23475489807439714,0.2579477836087546,0.2324356095209614,0.1700414472636489,0.2241821282050749,0.1646273791695063,-0.023192885534357444,-0.05414068094142602,-0.12483699278415639,-0.19467258391322573,-0.0023192885534357444,-0.005414068094142602,nan,1.0,0.0,-0.6857523009446778,0.40479634533804604,0.8830000162124634,1.0,0,1,1,0,2.339999198913574,-8.435260772705078,0.9376767860126611,FOLLOW_MAIN,cascade_pd_tracking,follow_main,inner_wheel_pd,lidar_disabled,FOLLOW_MAIN,COMMITTED,DROPOUT,1,1,1,1,1,1,3,1.8620762825012207,1.4990899562835693,1.137639045715332,0.7557699680328369,0.38524580001831055,0.00018715858459472656,0.0845754649999435,0.013593356999990647
1784807457.1773415,17.080989599227905,215.10000000000002,0.2151,215.10000000000002,0.17289662476056653,172.89662476056654,0.17289662476056653,172.89662476056654,0.373,0.44079918386967576,0.44079918386967576,0.1315581656722414,0.5554113161373293,0.17289662476056653,0.002368046982100345,0.4848791022566434,0.0066649357936479515,1.0,0.018,1.1,0.012,nan,0.20239817266902302,0.20239817266902302,0.19853149434523384,0.199587341409249,0.2537499964237213,-0.6668087097929581,-0.47935889489443145,-0.4118722139866162,-0.5755345960538089,-0.2521739602088928,0.23475489807439714,0.2579477836087546,0.2324356095209614,0.1700414472636489,0.2241821282050749,0.1646273791695063,-0.023192885534357444,-0.05414068094142602,-0.12483699278415639,-0.19467258391322573,-0.0023192885534357444,-0.005414068094142602,nan,1.0,0.0,-0.6857523009446778,0.40479634533804604,0.8830000162124634,1.0,0,1,1,0,2.339999198913574,-8.435260772705078,0.9376767860126611,FOLLOW_MAIN,cascade_pd_tracking,follow_main,inner_wheel_pd,lidar_disabled,FOLLOW_MAIN,COMMITTED,DROPOUT,1,1,1,1,1,1,3,0.0001304149627685547,1.8671674728393555,1.5057158470153809,1.1238462924957275,0.7533221244812012,0.36826348304748535,0.0845754649999435,0.013593356999990647
1784807457.5391169,17.4427649974823,-20.900000000000002,-0.020900000000000002,-20.900000000000002,-0.07938186043685838,-79.38186043685837,-0.07938186043685838,-79.38186043685837,-0.15,-0.41461808528838295,-0.41461808528838295,-0.06615310957224728,-0.1673820562727778,-0.07938186043685838,-0.001190755972300451,-0.4560798938172213,-0.0020085846752733337,1.0,0.018,1.1,0.012,nan,0.2081229005764589,0.2081229005764589,0.19352236667062406,0.199587341409249,0.3697500228881836,0.5386610949016535,0.21072332862602902,0.20167094715034664,-0.5755345960538089,-0.12608689069747925,0.19389907589420194,0.3636757892598394,0.1769214045576382,0.22234672525871588,0.3445806900097758,0.2101233287836099,-0.16977671336563746,-0.12223396475105994,-0.4468991147044323,-0.4033234085400956,-0.016977671336563745,-0.012223396475105994,nan,1.0,0.0,-0.2565852472458808,0.4162458011529178,7.257999897003174,1.0,0,1,1,0,2.6180918216705322,-8.012846946716309,0.9376767860126611,FOLLOW_MAIN,cascade_pd_tracking,follow_main,inner_wheel_pd,lidar_disabled,FOLLOW_MAIN,COMMITTED,UNKNOWN,1,1,1,1,1,1,2,0.36185550689697266,6.723403930664062e-05,1.8674397468566895,1.4855694770812988,1.1150431632995605,0.7299838066101074,0.006063574999643606,0.007038021999505872
1784807457.9566426,17.86029076576233,-20.900000000000002,-0.020900000000000002,-20.900000000000002,-0.07938186043685838,-79.38186043685837,-0.07938186043685838,-79.38186043685837,-0.15,-0.41461808528838295,-0.41461808528838295,-0.06615310957224728,-0.1673820562727778,-0.07938186043685838,-0.001190755972300451,-0.4560798938172213,-0.0020085846752733337,1.0,0.018,1.1,0.012,nan,0.2081229005764589,0.2081229005764589,0.19352236667062406,0.199587341409249,0.3697500228881836,0.5386610949016535,0.21072332862602902,0.20167094715034664,-0.5755345960538089,-0.12608689069747925,0.19389907589420194,0.3636757892598394,0.1769214045576382,0.22234672525871588,0.3445806900097758,0.2101233287836099,-0.16977671336563746,-0.12223396475105994,-0.4468991147044323,-0.4033234085400956,-0.016977671336563745,-0.012223396475105994,nan,1.0,0.0,-0.2565852472458808,0.4162458011529178,7.257999897003174,1.0,0,1,1,0,2.6180918216705322,-8.012846946716309,0.9376767860126611,FOLLOW_MAIN,cascade_pd_tracking,follow_main,inner_wheel_pd,lidar_disabled,FOLLOW_MAIN,COMMITTED,UNKNOWN,1,1,1,1,1,1,2,0.7793891429901123,0.4176006317138672,7.200241088867188e-05,1.9031031131744385,1.5325770378112793,1.147517442703247,0.006063574999643606,0.007038021999505872
1784807458.3930423,18.296690464019775,-20.900000000000002,-0.020900000000000002,-20.900000000000002,-0.07938186043685838,-79.38186043685837,-0.07938186043685838,-79.38186043685837,-0.15,-0.41461808528838295,-0.41461808528838295,-0.06615310957224728,-0.1673820562727778,-0.07938186043685838,-0.001190755972300451,-0.4560798938172213,-0.0020085846752733337,1.0,0.018,1.1,0.012,nan,0.2081229005764589,0.2081229005764589,0.19352236667062406,0.4217453124855848,0.3697500228881836,0.5386610949016535,0.21072332862602902,0.20167094715034664,0.051531830597168184,-0.12608689069747925,0.19389907589420194,0.3636757892598394,0.1769214045576382,0.22234672525871588,0.3445806900097758,0.2101233287836099,-0.16977671336563746,-0.12223396475105994,-0.4468991147044323,-0.4033234085400956,-0.016977671336563745,-0.012223396475105994,nan,1.0,0.0,-0.2565852472458808,0.4162458011529178,7.257999897003174,1.0,0,1,1,0,2.6180918216705322,-8.012846946716309,0.9376767860126611,FOLLOW_MAIN,cascade_pd_tracking,follow_main,inner_wheel_pd,lidar_disabled,FOLLOW_MAIN,COMMITTED,UNKNOWN,1,1,1,1,1,1,2,1.215789556503296,0.8540012836456299,0.43647265434265137,0.00010657310485839844,1.968977928161621,1.583918571472168,0.006063574999643606,0.007038021999505872
1784807458.7762523,18.679900407791138,-20.900000000000002,-0.020900000000000002,-20.900000000000002,-0.07938186043685838,-79.38186043685837,-0.07938186043685838,-79.38186043685837,-0.15,-0.41461808528838295,-0.41461808528838295,-0.06615310957224728,-0.1673820562727778,-0.07938186043685838,-0.001190755972300451,-0.4560798938172213,-0.0020085846752733337,1.0,0.018,1.1,0.012,nan,0.2081229005764589,0.2081229005764589,0.19352236667062406,0.4217453124855848,0.3697500228881836,0.5386610949016535,0.21072332862602902,0.20167094715034664,0.051531830597168184,-0.12608689069747925,0.19389907589420194,0.3636757892598394,0.1769214045576382,0.22234672525871588,0.3445806900097758,0.2101233287836099,-0.16977671336563746,-0.12223396475105994,-0.4468991147044323,-0.4033234085400956,-0.016977671336563745,-0.012223396475105994,nan,1.0,0.0,-0.2565852472458808,0.4162458011529178,7.257999897003174,1.0,0,1,1,0,2.6180918216705322,-8.012846946716309,0.7300746819562363,FOLLOW_MAIN,cascade_pd_tracking,follow_main,inner_wheel_pd,lidar_disabled,FOLLOW_MAIN,COMMITTED,UNKNOWN,1,1,1,1,1,1,2,1.5989940166473389,1.2372052669525146,0.8196766376495361,0.38331055641174316,7.081031799316406e-05,1.9671223163604736,0.006063574999643606,0.007038021999505872
1784807461.1989937,21.102641820907593,-20.900000000000002,-0.020900000000000002,-20.900000000000002,-0.07938186043685838,-79.38186043685837,-0.07938186043685838,-79.38186043685837,-0.15,-0.41461808528838295,-0.41461808528838295,-0.06615310957224728,-0.1673820562727778,-0.07938186043685838,-0.001190755972300451,-0.4560798938172213,-0.0020085846752733337,1.0,0.018,1.1,0.012,nan,0.2081229005764589,0.2081229005764589,0.19352236667062406,0.4217453124855848,0.3697500228881836,0.5386610949016535,0.21072332862602902,0.20167094715034664,0.051531830597168184,-0.12608689069747925,0.19389907589420194,0.3636757892598394,0.1769214045576382,0.22234672525871588,0.3445806900097758,0.2101233287836099,-0.16977671336563746,-0.12223396475105994,-0.4468991147044323,-0.4033234085400956,-0.016977671336563745,-0.012223396475105994,nan,1.0,0.0,-0.2565852472458808,0.4162458011529178,7.257999897003174,1.0,0,1,1,0,2.6180918216705322,-8.012846946716309,0.7300746819562363,FOLLOW_MAIN,cascade_pd_tracking,follow_main,inner_wheel_pd,lidar_disabled,FOLLOW_MAIN,COMMITTED,UNKNOWN,1,1,1,1,1,1,2,4.02173924446106,3.6599509716033936,3.242422103881836,2.806056022644043,2.422816276550293,8.416175842285156e-05,0.006063574999643606,0.007038021999505872
1784807461.5848734,21.488521575927734,-20.900000000000002,-0.020900000000000002,-20.900000000000002,-0.07938186043685838,-79.38186043685837,-0.07938186043685838,-79.38186043685837,-0.15,-0.41461808528838295,-0.41461808528838295,-0.06615310957224728,-0.1673820562727778,-0.07938186043685838,-0.001190755972300451,-0.4560798938172213,-0.0020085846752733337,1.0,0.018,1.1,0.012,nan,0.2081229005764589,0.2081229005764589,0.19352236667062406,0.4217453124855848,0.3697500228881836,0.5386610949016535,0.21072332862602902,0.20167094715034664,0.051531830597168184,-0.12608689069747925,0.19389907589420194,0.3636757892598394,0.1769214045576382,0.22234672525871588,0.3445806900097758,0.2101233287836099,-0.16977671336563746,-0.12223396475105994,-0.4468991147044323,-0.4033234085400956,-0.016977671336563745,-0.012223396475105994,nan,1.0,0.0,-0.2565852472458808,0.4162458011529178,7.257999897003174,1.0,0,1,1,0,2.6180918216705322,-8.012846946716309,0.7300746819562363,FOLLOW_MAIN,cascade_pd_tracking,follow_main,inner_wheel_pd,lidar_disabled,FOLLOW_MAIN,COMMITTED,UNKNOWN,1,1,1,1,1,1,2,6.67572021484375e-05,4.045829772949219,3.6283011436462402,3.1919350624084473,2.8086955547332764,0.38596343994140625,0.006063574999643606,0.007038021999505872
1784807462.0011425,21.90479063987732,-4.1000000000000005,-0.0041,-4.1000000000000005,-0.003936212681704882,-3.936212681704882,0.0,0.0,-0.029,-0.02796202135589916,-0.02796202135589916,0.0052721590273177125,0.02558776327417738,0.0,9.489886249171882e-05,-0.03075822349148908,0.00030705315929012856,1.0,0.018,1.1,0.012,nan,0.3836876770318397,0.3859795591966543,0.39006750175944194,0.4217453124855848,0.3987500071525574,0.030356271469707232,0.030356271469707232,0.02801415892594488,0.051531830597168184,-6.478765612882853e-08,0.38393051087244906,0.3919376408220926,0.3877614581893184,0.3880286075208595,0.3868568155143832,0.3923735453295654,-0.008007129949643532,0.0,-0.11572078333603,-0.1820670834710341,-0.0008007129949643533,0.0,nan,1.0,0.0,-0.6162260122788971,0.7673753540636794,1.9609999656677246,1.0,0,1,1,0,3.759629726409912,-7.370705604553223,0.7300746819562363,FOLLOW_MAIN,cascade_pd_tracking,follow_main,inner_wheel_pd,lidar_disabled,FOLLOW_MAIN,COMMITTED,HOLD,1,1,1,1,1,1,1,0.4163818359375,0.00012826919555664062,4.044616222381592,3.608250379562378,3.225010395050049,0.8022785186767578,0.0013848190001226612,0.054984131999844976
1784807462.3998709,22.303519010543823,-4.1000000000000005,-0.0041,-4.1000000000000005,-0.003936212681704882,-3.936212681704882,0.0,0.0,-0.029,-0.02796202135589916,-0.02796202135589916,0.0052721590273177125,0.02558776327417738,0.0,9.489886249171882e-05,-0.03075822349148908,0.00030705315929012856,1.0,0.018,1.1,0.012,nan,0.3836876770318397,0.3859795591966543,0.39006750175944194,0.4217453124855848,0.3987500071525574,0.030356271469707232,0.030356271469707232,0.02801415892594488,0.051531830597168184,-6.478765612882853e-08,0.38393051087244906,0.3919376408220926,0.3877614581893184,0.3880286075208595,0.3868568155143832,0.3923735453295654,-0.008007129949643532,0.0,-0.11572078333603,-0.1820670834710341,-0.0008007129949643533,0.0,nan,1.0,0.0,-0.6162260122788971,0.7673753540636794,1.9609999656677246,1.0,0,1,1,0,3.759629726409912,-7.370705604553223,0.7300746819562363,FOLLOW_MAIN,cascade_pd_tracking,follow_main,inner_wheel_pd,lidar_disabled,FOLLOW_MAIN,COMMITTED,HOLD,1,1,1,1,1,1,1,0.8150713443756104,0.3988175392150879,8.082389831542969e-05,4.00693941116333,3.6237001419067383,1.2009680271148682,0.0013848190001226612,0.054984131999844976
1784807462.7912722,22.694920301437378,-4.1000000000000005,-0.0041,-4.1000000000000005,-0.003936212681704882,-3.936212681704882,0.0,0.0,-0.029,-0.02796202135589916,-0.02796202135589916,0.0052721590273177125,0.02558776327417738,0.0,9.489886249171882e-05,-0.03075822349148908,0.00030705315929012856,1.0,0.018,1.1,0.012,nan,0.3836876770318397,0.3859795591966543,0.39006750175944194,0.37348269686381663,0.3987500071525574,0.030356271469707232,0.030356271469707232,0.02801415892594488,0.026669024162095385,-6.478765612882853e-08,0.38393051087244906,0.3919376408220926,0.3877614581893184,0.3880286075208595,0.3868568155143832,0.3923735453295654,-0.008007129949643532,0.0,-0.11572078333603,-0.1820670834710341,-0.0008007129949643533,0.0,nan,1.0,0.0,-0.6162260122788971,0.7673753540636794,1.9609999656677246,1.0,0,1,1,0,3.759629726409912,-7.370705604553223,0.7300746819562363,FOLLOW_MAIN,cascade_pd_tracking,follow_main,inner_wheel_pd,lidar_disabled,FOLLOW_MAIN,COMMITTED,HOLD,1,1,1,1,1,1,1,1.2064683437347412,0.7902145385742188,0.3914778232574463,7.2479248046875e-05,4.01509690284729,1.5923645496368408,0.0013848190001226612,0.054984131999844976
1784807463.1793363,23.082984447479248,-4.1000000000000005,-0.0041,-4.1000000000000005,-0.003936212681704882,-3.936212681704882,0.0,0.0,-0.029,-0.02796202135589916,-0.02796202135589916,0.0052721590273177125,0.02558776327417738,0.0,9.489886249171882e-05,-0.03075822349148908,0.00030705315929012856,1.0,0.018,1.1,0.012,nan,0.3836876770318397,0.3859795591966543,0.39006750175944194,0.37348269686381663,0.3987500071525574,0.030356271469707232,0.030356271469707232,0.02801415892594488,0.026669024162095385,-6.478765612882853e-08,0.38393051087244906,0.3919376408220926,0.3877614581893184,0.3880286075208595,0.3868568155143832,0.3923735453295654,-0.008007129949643532,0.0,-0.11572078333603,-0.1820670834710341,-0.0008007129949643533,0.0,nan,1.0,0.0,-0.6162260122788971,0.7673753540636794,1.9609999656677246,1.0,0,1,1,0,3.759629726409912,-7.370705604553223,0.18307789229748006,FOLLOW_MAIN,cascade_pd_tracking,follow_main,inner_wheel_pd,lidar_disabled,FOLLOW_MAIN,COMMITTED,HOLD,1,1,1,1,1,1,1,1.5945348739624023,1.178281307220459,0.7795445919036865,0.3881394863128662,8.511543273925781e-05,1.9804315567016602,0.0013848190001226612,0.054984131999844976
1784807463.5506032,23.454251289367676,-4.1000000000000005,-0.0041,-4.1000000000000005,-0.003936212681704882,-3.936212681704882,0.0,0.0,-0.029,-0.02796202135589916,-0.02796202135589916,0.0052721590273177125,0.02558776327417738,0.0,9.489886249171882e-05,-0.03075822349148908,0.00030705315929012856,1.0,0.018,1.1,0.012,nan,0.3836876770318397,0.3859795591966543,0.39006750175944194,0.37348269686381663,0.3987500071525574,0.030356271469707232,0.030356271469707232,0.02801415892594488,0.026669024162095385,-6.478765612882853e-08,0.38393051087244906,0.3919376408220926,0.3877614581893184,0.3880286075208595,0.3868568155143832,0.3923735453295654,-0.008007129949643532,0.0,-0.11572078333603,-0.1820670834710341,-0.0008007129949643533,0.0,nan,1.0,0.0,-0.6162260122788971,0.7673753540636794,1.9609999656677246,1.0,0,1,1,0,3.759629726409912,-7.370705604553223,0.18307789229748006,FOLLOW_MAIN,cascade_pd_tracking,follow_main,inner_wheel_pd,lidar_disabled,FOLLOW_MAIN,COMMITTED,HOLD,1,1,1,1,1,1,1,1.965796947479248,1.5495429039001465,1.150806188583374,0.7594010829925537,0.37134695053100586,7.176399230957031e-05,0.0013848190001226612,0.054984131999844976
1784807463.9551861,23.858834266662598,-4.1000000000000005,-0.0041,-4.1000000000000005,-0.003936212681704882,-3.936212681704882,0.0,0.0,-0.029,-0.02796202135589916,-0.02796202135589916,0.0052721590273177125,0.02558776327417738,0.0,9.489886249171882e-05,-0.03075822349148908,0.00030705315929012856,1.0,0.018,1.1,0.012,nan,0.3836876770318397,0.3859795591966543,0.39006750175944194,0.37348269686381663,0.3987500071525574,0.030356271469707232,0.030356271469707232,0.02801415892594488,0.026669024162095385,-6.478765612882853e-08,0.38393051087244906,0.3919376408220926,0.3877614581893184,0.3880286075208595,0.3868568155143832,0.3923735453295654,-0.008007129949643532,0.0,-0.11572078333603,-0.1820670834710341,-0.0008007129949643533,0.0,nan,1.0,0.0,-0.6162260122788971,0.7673753540636794,1.9609999656677246,1.0,0,1,1,0,3.759629726409912,-7.370705604553223,0.18307789229748006,FOLLOW_MAIN,cascade_pd_tracking,follow_main,inner_wheel_pd,lidar_disabled,FOLLOW_MAIN,COMMITTED,HOLD,1,1,1,1,1,1,1,6.67572021484375e-05,1.9541258811950684,1.555389165878296,1.1639838218688965,0.7759292125701904,0.40465426445007324,0.0013848190001226612,0.054984131999844976
1784807464.3349566,24.23860478401184,-0.1,-0.0001,-0.1,-0.0005168332418649332,-0.5168332418649332,0.0,0.0,-0.001,-0.0037543701663079127,0.0,1.6267878493188117e-06,0.00185907718232496,0.0,2.9282181287738606e-08,0.0,2.230892618789952e-05,1.0,0.018,1.1,0.012,nan,0.41696236650335466,0.38801988991981595,0.3926156747127053,0.37348269686381663,0.32625001668930054,0.0,0.0,-0.0027106540979123994,0.026669024162095385,-6.478765612882853e-08,0.38801988991981595,0.3398307108737387,0.3928388078244237,0.38801988991981595,0.3442933731081062,0.3923925416009869,0.04818917904607728,0.04372651681170975,0.3424012893026015,0.327772362973617,0.004818917904607728,0.004372651681170975,nan,1.0,0.0,-0.21355484164448668,0.8339247330067093,1.0709999799728394,1.0,0,1,1,0,4.666972637176514,-7.206916332244873,0.18307789229748006,FOLLOW_MAIN,cascade_pd_tracking,follow_main,inner_wheel_pd,lidar_disabled,FOLLOW_MAIN,COMMITTED,HOLD,1,1,1,1,1,1,1,0.3798682689666748,0.00011587142944335938,1.9351909160614014,1.543785572052002,1.155731439590454,0.784456729888916,0.07888400199954049,0.06615807399975893
1784807464.739456,24.643104076385498,-0.1,-0.0001,-0.1,-0.0005168332418649332,-0.5168332418649332,0.0,0.0,-0.001,-0.0037543701663079127,0.0,1.6267878493188117e-06,0.00185907718232496,0.0,2.9282181287738606e-08,0.0,2.230892618789952e-05,1.0,0.018,1.1,0.012,nan,0.41696236650335466,0.38801988991981595,0.3926156747127053,0.37348269686381663,0.32625001668930054,0.0,0.0,-0.0027106540979123994,0.026669024162095385,-6.478765612882853e-08,0.38801988991981595,0.3398307108737387,0.3928388078244237,0.38801988991981595,0.3442933731081062,0.3923925416009869,0.04818917904607728,0.04372651681170975,0.3424012893026015,0.327772362973617,0.004818917904607728,0.004372651681170975,nan,1.0,0.0,-0.21355484164448668,0.8339247330067093,1.0709999799728394,1.0,0,1,1,0,4.666972637176514,-7.206916332244873,0.18307789229748006,FOLLOW_MAIN,cascade_pd_tracking,follow_main,inner_wheel_pd,lidar_disabled,FOLLOW_MAIN,COMMITTED,HOLD,1,1,1,1,1,1,1,0.7843389511108398,0.4045863151550293,7.2479248046875e-05,1.948256254196167,1.56020188331604,1.1889266967773438,0.07888400199954049,0.06615807399975893
1784807465.1151288,25.018776893615723,-0.1,-0.0001,-0.1,-0.0005168332418649332,-0.5168332418649332,0.0,0.0,-0.001,-0.0037543701663079127,0.0,1.6267878493188117e-06,0.00185907718232496,0.0,2.9282181287738606e-08,0.0,2.230892618789952e-05,1.0,0.018,1.1,0.012,nan,0.41696236650335466,0.38801988991981595,0.3926156747127053,0.40156864817381666,0.32625001668930054,0.0,0.0,-0.0027106540979123994,-0.05136087509462767,-6.478765612882853e-08,0.38801988991981595,0.3398307108737387,0.3928388078244237,0.38801988991981595,0.3442933731081062,0.3923925416009869,0.04818917904607728,0.04372651681170975,0.3424012893026015,0.327772362973617,0.004818917904607728,0.004372651681170975,nan,1.0,0.0,-0.21355484164448668,0.8339247330067093,1.0709999799728394,1.0,0,1,1,0,4.666972637176514,-7.206916332244873,0.18307789229748006,FOLLOW_MAIN,cascade_pd_tracking,follow_main,inner_wheel_pd,lidar_disabled,FOLLOW_MAIN,COMMITTED,HOLD,1,1,1,1,1,1,1,1.160010814666748,0.7802581787109375,0.375744104385376,7.271766662597656e-05,1.9358737468719482,1.564598560333252,0.07888400199954049,0.06615807399975893
1784807465.5134254,25.417073488235474,-0.1,-0.0001,-0.1,-0.0005168332418649332,-0.5168332418649332,0.0,0.0,-0.001,-0.0037543701663079127,0.0,1.6267878493188117e-06,0.00185907718232496,0.0,2.9282181287738606e-08,0.0,2.230892618789952e-05,1.0,0.018,1.1,0.012,nan,0.41696236650335466,0.38801988991981595,0.3926156747127053,0.40156864817381666,0.32625001668930054,0.0,0.0,-0.0027106540979123994,-0.05136087509462767,-6.478765612882853e-08,0.38801988991981595,0.3398307108737387,0.3928388078244237,0.38801988991981595,0.3442933731081062,0.3923925416009869,0.04818917904607728,0.04372651681170975,0.3424012893026015,0.327772362973617,0.004818917904607728,0.004372651681170975,nan,1.0,0.0,-0.21355484164448668,0.8339247330067093,1.0709999799728394,1.0,0,1,1,0,4.666972637176514,-7.206916332244873,0.22812245195138436,FOLLOW_MAIN,cascade_pd_tracking,follow_main,inner_wheel_pd,lidar_disabled,FOLLOW_MAIN,COMMITTED,HOLD,1,1,1,1,1,1,1,1.5583081245422363,1.1785557270050049,0.7740418910980225,0.39837026596069336,0.00011587142944335938,1.9628961086273193,0.07888400199954049,0.06615807399975893
1784807465.908149,25.81179714202881,-0.1,-0.0001,-0.1,-0.0005168332418649332,-0.5168332418649332,0.0,0.0,-0.001,-0.0037543701663079127,0.0,1.6267878493188117e-06,0.00185907718232496,0.0,2.9282181287738606e-08,0.0,2.230892618789952e-05,1.0,0.018,1.1,0.012,nan,0.41696236650335466,0.38801988991981595,0.3926156747127053,0.40156864817381666,0.32625001668930054,0.0,0.0,-0.0027106540979123994,-0.05136087509462767,-6.478765612882853e-08,0.38801988991981595,0.3398307108737387,0.3928388078244237,0.38801988991981595,0.3442933731081062,0.3923925416009869,0.04818917904607728,0.04372651681170975,0.3424012893026015,0.327772362973617,0.004818917904607728,0.004372651681170975,nan,1.0,0.0,-0.21355484164448668,0.8339247330067093,1.0709999799728394,1.0,0,1,1,0,4.666972637176514,-7.206916332244873,0.22812245195138436,FOLLOW_MAIN,cascade_pd_tracking,follow_main,inner_wheel_pd,lidar_disabled,FOLLOW_MAIN,COMMITTED,HOLD,1,1,1,1,1,1,1,1.9530327320098877,1.5732800960540771,1.1687662601470947,0.7930948734283447,0.39484071731567383,8.797645568847656e-05,0.07888400199954049,0.06615807399975893
1784807466.2941012,26.197749376296997,-0.1,-0.0001,-0.1,-0.0005168332418649332,-0.5168332418649332,0.0,0.0,-0.001,-0.0037543701663079127,0.0,1.6267878493188117e-06,0.00185907718232496,0.0,2.9282181287738606e-08,0.0,2.230892618789952e-05,1.0,0.018,1.1,0.012,nan,0.41696236650335466,0.38801988991981595,0.3926156747127053,0.40156864817381666,0.32625001668930054,0.0,0.0,-0.0027106540979123994,-0.05136087509462767,-6.478765612882853e-08,0.38801988991981595,0.3398307108737387,0.3928388078244237,0.38801988991981595,0.3442933731081062,0.3923925416009869,0.04818917904607728,0.04372651681170975,0.3424012893026015,0.327772362973617,0.004818917904607728,0.004372651681170975,nan,1.0,0.0,-0.21355484164448668,0.8339247330067093,1.0709999799728394,1.0,0,1,1,0,4.666972637176514,-7.206916332244873,0.22812245195138436,FOLLOW_MAIN,cascade_pd_tracking,follow_main,inner_wheel_pd,lidar_disabled,FOLLOW_MAIN,COMMITTED,HOLD,1,1,1,1,1,1,1,6.29425048828125e-05,1.9592268466949463,1.5547127723693848,1.1790416240692139,0.7807872295379639,0.3860347270965576,0.07888400199954049,0.06615807399975893
1784807466.6757271,26.57937526702881,25.900000000000002,0.025900000000000003,25.900000000000002,0.02387763097410313,23.877630974103127,0.02387763097410313,23.877630974103127,0.183,0.1689069523388886,0.1689069523388886,0.054023675049793864,0.22795559520512718,0.02387763097410313,0.0009724261508962895,0.18579764757277747,0.002735467142461526,1.0,0.018,1.1,0.012,nan,0.432044226627569,0.432044226627569,0.43863597002207905,0.40156864817381666,0.39149999618530273,-0.21338317184023842,-0.16999268038115778,-0.1507499517839788,-0.05136087509462767,-0.0630435049533844,0.4435187325532971,0.3682534097506169,0.4510452648335651,0.42056972070184084,0.36400017561431913,0.426226675210593,0.07526532280268022,0.05656954508752171,-0.008066848817996113,-0.04096982180527163,0.007526532280268023,0.005656954508752171,nan,1.0,0.0,-0.602,0.864088453255138,2.3399999141693115,1.0,0,1,1,0,5.537101745605469,-7.015144348144531,0.22812245195138436,FOLLOW_MAIN,cascade_pd_tracking,follow_main,inner_wheel_pd,lidar_disabled,FOLLOW_MAIN,COMMITTED,UNKNOWN,1,1,1,1,1,1,2,0.38168787956237793,7.772445678710938e-05,1.936338186264038,1.560666561126709,1.162412166595459,0.7676594257354736,0.05368055500002811,0.02337640600035229
1784807467.0279832,26.931631326675415,25.900000000000002,0.025900000000000003,25.900000000000002,0.02387763097410313,23.877630974103127,0.02387763097410313,23.877630974103127,0.183,0.1689069523388886,0.1689069523388886,0.054023675049793864,0.22795559520512718,0.02387763097410313,0.0009724261508962895,0.18579764757277747,0.002735467142461526,1.0,0.018,1.1,0.012,nan,0.432044226627569,0.432044226627569,0.43863597002207905,0.40156864817381666,0.39149999618530273,-0.21338317184023842,-0.16999268038115778,-0.1507499517839788,-0.05136087509462767,-0.0630435049533844,0.4435187325532971,0.3682534097506169,0.4510452648335651,0.42056972070184084,0.36400017561431913,0.426226675210593,0.07526532280268022,0.05656954508752171,-0.008066848817996113,-0.04096982180527163,0.007526532280268023,0.005656954508752171,nan,1.0,0.0,-0.602,0.864088453255138,2.3399999141693115,1.0,0,1,1,0,5.537101745605469,-7.015144348144531,0.22812245195138436,FOLLOW_MAIN,cascade_pd_tracking,follow_main,inner_wheel_pd,lidar_disabled,FOLLOW_MAIN,COMMITTED,UNKNOWN,1,1,1,1,1,1,2,0.7339949607849121,0.3523845672607422,0.00013828277587890625,1.912973403930664,1.5147194862365723,1.119966745376587,0.05368055500002811,0.02337640600035229
1784807467.3845923,27.288240432739258,25.900000000000002,0.025900000000000003,25.900000000000002,0.02387763097410313,23.877630974103127,0.02387763097410313,23.877630974103127,0.183,0.1689069523388886,0.1689069523388886,0.054023675049793864,0.22795559520512718,0.02387763097410313,0.0009724261508962895,0.18579764757277747,0.002735467142461526,1.0,0.018,1.1,0.012,nan,0.432044226627569,0.432044226627569,0.43863597002207905,0.394380569762532,0.39149999618530273,-0.21338317184023842,-0.16999268038115778,-0.1507499517839788,-0.16165839025674816,-0.0630435049533844,0.4435187325532971,0.3682534097506169,0.4510452648335651,0.42056972070184084,0.36400017561431913,0.426226675210593,0.07526532280268022,0.05656954508752171,-0.008066848817996113,-0.04096982180527163,0.007526532280268023,0.005656954508752171,nan,1.0,0.0,-0.602,0.864088453255138,2.3399999141693115,1.0,0,1,1,0,5.537101745605469,-7.015144348144531,0.22812245195138436,FOLLOW_MAIN,cascade_pd_tracking,follow_main,inner_wheel_pd,lidar_disabled,FOLLOW_MAIN,COMMITTED,UNKNOWN,1,1,1,1,1,1,2,1.0905556678771973,0.7089450359344482,0.35669875144958496,6.818771362304688e-05,1.8712794780731201,1.4765264987945557,0.05368055500002811,0.02337640600035229
1784807467.7725313,27.6761794090271,25.900000000000002,0.025900000000000003,25.900000000000002,0.02387763097410313,23.877630974103127,0.02387763097410313,23.877630974103127,0.183,0.1689069523388886,0.1689069523388886,0.054023675049793864,0.22795559520512718,0.02387763097410313,0.0009724261508962895,0.18579764757277747,0.002735467142461526,1.0,0.018,1.1,0.012,nan,0.432044226627569,0.432044226627569,0.43863597002207905,0.394380569762532,0.39149999618530273,-0.21338317184023842,-0.16999268038115778,-0.1507499517839788,-0.16165839025674816,-0.0630435049533844,0.4435187325532971,0.3682534097506169,0.4510452648335651,0.42056972070184084,0.36400017561431913,0.426226675210593,0.07526532280268022,0.05656954508752171,-0.008066848817996113,-0.04096982180527163,0.007526532280268023,0.005656954508752171,nan,1.0,0.0,-0.602,0.864088453255138,2.3399999141693115,1.0,0,1,1,0,5.537101745605469,-7.015144348144531,0.0767234992014759,FOLLOW_MAIN,cascade_pd_tracking,follow_main,inner_wheel_pd,lidar_disabled,FOLLOW_MAIN,COMMITTED,UNKNOWN,1,1,1,1,1,1,2,1.4784953594207764,1.0968849658966064,0.7446389198303223,0.38800859451293945,7.82012939453125e-05,1.864466905593872,0.05368055500002811,0.02337640600035229
1784807468.1180818,28.021729946136475,25.900000000000002,0.025900000000000003,25.900000000000002,0.02387763097410313,23.877630974103127,0.02387763097410313,23.877630974103127,0.183,0.1689069523388886,0.1689069523388886,0.054023675049793864,0.22795559520512718,0.02387763097410313,0.0009724261508962895,0.18579764757277747,0.002735467142461526,1.0,0.018,1.1,0.012,nan,0.432044226627569,0.432044226627569,0.43863597002207905,0.394380569762532,0.39149999618530273,-0.21338317184023842,-0.16999268038115778,-0.1507499517839788,-0.16165839025674816,-0.0630435049533844,0.4435187325532971,0.3682534097506169,0.4510452648335651,0.42056972070184084,0.36400017561431913,0.426226675210593,0.07526532280268022,0.05656954508752171,-0.008066848817996113,-0.04096982180527163,0.007526532280268023,0.005656954508752171,nan,1.0,0.0,-0.602,0.864088453255138,2.3399999141693115,1.0,0,1,1,0,5.537101745605469,-7.015144348144531,0.0767234992014759,FOLLOW_MAIN,cascade_pd_tracking,follow_main,inner_wheel_pd,lidar_disabled,FOLLOW_MAIN,COMMITTED,UNKNOWN,1,1,1,1,1,1,2,1.824042797088623,1.4424324035644531,1.0901861190795898,0.7335560321807861,0.345625638961792,7.104873657226562e-05,0.05368055500002811,0.02337640600035229
1784807468.4691458,28.372793912887573,25.900000000000002,0.025900000000000003,25.900000000000002,0.02387763097410313,23.877630974103127,0.02387763097410313,23.877630974103127,0.183,0.1689069523388886,0.1689069523388886,0.054023675049793864,0.22795559520512718,0.02387763097410313,0.0009724261508962895,0.18579764757277747,0.002735467142461526,1.0,0.018,1.1,0.012,nan,0.432044226627569,0.432044226627569,0.43863597002207905,0.394380569762532,0.39149999618530273,-0.21338317184023842,-0.16999268038115778,-0.1507499517839788,-0.16165839025674816,-0.0630435049533844,0.4435187325532971,0.3682534097506169,0.4510452648335651,0.42056972070184084,0.36400017561431913,0.426226675210593,0.07526532280268022,0.05656954508752171,-0.008066848817996113,-0.04096982180527163,0.007526532280268023,0.005656954508752171,nan,1.0,0.0,-0.602,0.864088453255138,2.3399999141693115,1.0,0,1,1,0,5.537101745605469,-7.015144348144531,0.0767234992014759,FOLLOW_MAIN,cascade_pd_tracking,follow_main,inner_wheel_pd,lidar_disabled,FOLLOW_MAIN,COMMITTED,UNKNOWN,1,1,1,1,1,1,2,8.273124694824219e-05,1.7935075759887695,1.4412615299224854,1.0846319198608398,0.6967020034790039,0.3511476516723633,0.05368055500002811,0.02337640600035229
1784807468.8355145,28.73916268348694,-18.6,-0.018600000000000002,-18.6,-0.010971532307743805,-10.971532307743805,0.0,0.0,-0.132,-0.07846383092445516,-0.07846383092445516,-0.0018327746929481992,-0.13801347976549969,0.0,-3.2989944473067584e-05,-0.08631021401690069,-0.0016561617571859964,1.0,0.018,1.1,0.012,nan,0.33409175131641156,0.33409175131641156,0.328436955779682,0.394380569762532,0.39149999618530273,0.08799936571855975,0.08799936571855975,0.08469612640003822,-0.16165839025674816,-0.0630435049533844,0.3281517941304088,0.39501954997917127,0.32146501854553255,0.3400317085024143,0.3862598633882424,0.33540889301383153,-0.06686775584876248,-0.0462281548858281,-0.23118310277738452,-0.20647688170471493,-0.006686775584876248,-0.00462281548858281,nan,1.0,0.0,0.711,0.6681835026328231,1.534000039100647,1.0,0,1,1,0,6.406325340270996,-6.924756050109863,0.0767234992014759,FOLLOW_MAIN,cascade_pd_tracking,follow_main,inner_wheel_pd,lidar_disabled,FOLLOW_MAIN,COMMITTED,UNKNOWN,1,1,1,1,1,1,2,0.36645007133483887,0.00012922286987304688,1.807628870010376,1.4509985446929932,1.0630683898925781,0.7175145149230957,0.07040258699998958,0.0352089790003447
1784807469.2096024,29.113250494003296,-18.6,-0.018600000000000002,-18.6,-0.010971532307743805,-10.971532307743805,0.0,0.0,-0.132,-0.07846383092445516,-0.07846383092445516,-0.0018327746929481992,-0.13801347976549969,0.0,-3.2989944473067584e-05,-0.08631021401690069,-0.0016561617571859964,1.0,0.018,1.1,0.012,nan,0.33409175131641156,0.33409175131641156,0.328436955779682,0.394380569762532,0.39149999618530273,0.08799936571855975,0.08799936571855975,0.08469612640003822,-0.16165839025674816,-0.0630435049533844,0.3281517941304088,0.39501954997917127,0.32146501854553255,0.3400317085024143,0.3862598633882424,0.33540889301383153,-0.06686775584876248,-0.0462281548858281,-0.23118310277738452,-0.20647688170471493,-0.006686775584876248,-0.00462281548858281,nan,1.0,0.0,0.711,0.6681835026328231,1.534000039100647,1.0,0,1,1,0,6.406325340270996,-6.924756050109863,0.0767234992014759,FOLLOW_MAIN,cascade_pd_tracking,follow_main,inner_wheel_pd,lidar_disabled,FOLLOW_MAIN,COMMITTED,UNKNOWN,1,1,1,1,1,1,2,0.7405314445495605,0.3742101192474365,7.128715515136719e-05,1.8250794410705566,1.4371490478515625,1.0915946960449219,0.07040258699998958,0.0352089790003447
1784807469.582726,29.486374139785767,-18.6,-0.018600000000000002,-18.6,-0.010971532307743805,-10.971532307743805,0.0,0.0,-0.132,-0.07846383092445516,-0.07846383092445516,-0.0018327746929481992,-0.13801347976549969,0.0,-3.2989944473067584e-05,-0.08631021401690069,-0.0016561617571859964,1.0,0.018,1.1,0.012,nan,0.33409175131641156,0.33409175131641156,0.328436955779682,0.21585197328463668,0.39149999618530273,0.08799936571855975,0.08799936571855975,0.08469612640003822,0.44704519185944447,-0.0630435049533844,0.3281517941304088,0.39501954997917127,0.32146501854553255,0.3400317085024143,0.3862598633882424,0.33540889301383153,-0.06686775584876248,-0.0462281548858281,-0.23118310277738452,-0.20647688170471493,-0.006686775584876248,-0.00462281548858281,nan,1.0,0.0,0.711,0.6681835026328231,1.534000039100647,1.0,0,1,1,0,6.406325340270996,-6.924756050109863,0.0767234992014759,FOLLOW_MAIN,cascade_pd_tracking,follow_main,inner_wheel_pd,lidar_disabled,FOLLOW_MAIN,COMMITTED,UNKNOWN,1,1,1,1,1,1,2,1.113654613494873,0.747333288192749,0.37319421768188477,7.009506225585938e-05,1.810272216796875,1.4647181034088135,0.07040258699998958,0.0352089790003447
1784807469.9683492,29.871997356414795,-18.6,-0.018600000000000002,-18.6,-0.010971532307743805,-10.971532307743805,0.0,0.0,-0.132,-0.07846383092445516,-0.07846383092445516,-0.0018327746929481992,-0.13801347976549969,0.0,-3.2989944473067584e-05,-0.08631021401690069,-0.0016561617571859964,1.0,0.018,1.1,0.012,nan,0.33409175131641156,0.33409175131641156,0.328436955779682,0.21585197328463668,0.39149999618530273,0.08799936571855975,0.08799936571855975,0.08469612640003822,0.44704519185944447,-0.0630435049533844,0.3281517941304088,0.39501954997917127,0.32146501854553255,0.3400317085024143,0.3862598633882424,0.33540889301383153,-0.06686775584876248,-0.0462281548858281,-0.23118310277738452,-0.20647688170471493,-0.006686775584876248,-0.00462281548858281,nan,1.0,0.0,0.711,0.6681835026328231,1.534000039100647,1.0,0,1,1,0,6.406325340270996,-6.924756050109863,0.05093873490587397,FOLLOW_MAIN,cascade_pd_tracking,follow_main,inner_wheel_pd,lidar_disabled,FOLLOW_MAIN,COMMITTED,UNKNOWN,1,1,1,1,1,1,2,1.4992761611938477,1.1329548358917236,0.7588157653808594,0.38569164276123047,7.128715515136719e-05,1.8503391742706299,0.07040258699998958,0.0352089790003447
1784807470.3558857,30.259533882141113,-18.6,-0.018600000000000002,-18.6,-0.010971532307743805,-10.971532307743805,0.0,0.0,-0.132,-0.07846383092445516,-0.07846383092445516,-0.0018327746929481992,-0.13801347976549969,0.0,-3.2989944473067584e-05,-0.08631021401690069,-0.0016561617571859964,1.0,0.018,1.1,0.012,nan,0.33409175131641156,0.33409175131641156,0.328436955779682,0.21585197328463668,0.39149999618530273,0.08799936571855975,0.08799936571855975,0.08469612640003822,0.44704519185944447,-0.0630435049533844,0.3281517941304088,0.39501954997917127,0.32146501854553255,0.3400317085024143,0.3862598633882424,0.33540889301383153,-0.06686775584876248,-0.0462281548858281,-0.23118310277738452,-0.20647688170471493,-0.006686775584876248,-0.00462281548858281,nan,1.0,0.0,0.711,0.6681835026328231,1.534000039100647,1.0,0,1,1,0,6.406325340270996,-6.924756050109863,0.05093873490587397,FOLLOW_MAIN,cascade_pd_tracking,follow_main,inner_wheel_pd,lidar_disabled,FOLLOW_MAIN,COMMITTED,UNKNOWN,1,1,1,1,1,1,2,1.8868234157562256,1.5205025672912598,1.1463637351989746,0.7732398509979248,0.3876199722290039,9.083747863769531e-05,0.07040258699998958,0.0352089790003447
1784807470.7370613,30.640709400177002,-18.6,-0.018600000000000002,-18.6,-0.010971532307743805,-10.971532307743805,0.0,0.0,-0.132,-0.07846383092445516,-0.07846383092445516,-0.0018327746929481992,-0.13801347976549969,0.0,-3.2989944473067584e-05,-0.08631021401690069,-0.0016561617571859964,1.0,0.018,1.1,0.012,nan,0.33409175131641156,0.33409175131641156,0.328436955779682,0.21585197328463668,0.39149999618530273,0.08799936571855975,0.08799936571855975,0.08469612640003822,0.44704519185944447,-0.0630435049533844,0.3281517941304088,0.39501954997917127,0.32146501854553255,0.3400317085024143,0.3862598633882424,0.33540889301383153,-0.06686775584876248,-0.0462281548858281,-0.23118310277738452,-0.20647688170471493,-0.006686775584876248,-0.00462281548858281,nan,1.0,0.0,0.711,0.6681835026328231,1.534000039100647,1.0,0,1,1,0,6.406325340270996,-6.924756050109863,0.05093873490587397,FOLLOW_MAIN,cascade_pd_tracking,follow_main,inner_wheel_pd,lidar_disabled,FOLLOW_MAIN,COMMITTED,UNKNOWN,1,1,1,1,1,1,2,6.67572021484375e-05,1.9016695022583008,1.5275304317474365,1.1544063091278076,0.7687864303588867,0.3812572956085205,0.07040258699998958,0.0352089790003447
1784807471.1182377,31.021885871887207,-128.70000000000002,-0.1287,-128.70000000000002,-0.130178730301061,-130.178730301061,-0.130178730301061,-130.178730301061,-0.219,-0.2685764680385273,-0.2685764680385273,-0.0015453467296408976,0.07333704517776918,-0.130178730301061,-2.7816241133536156e-05,-0.2954341148423801,0.0008800445421332302,1.0,0.018,1.1,0.012,nan,0.21006964091141636,0.21006964091141636,0.20883036182972442,0.21585197328463668,0.23199999332427979,0.4247606168424414,0.45297051775088126,0.38649077043701713,0.44704519185944447,0.1891304850578308,0.17949413096323188,0.20427971259707062,0.177015572799848,0.24064515085960084,0.24463625448577347,0.24064515085960084,-0.024785581633838732,0.0,-0.08563536006343088,-0.001794369757126564,-0.0024785581633838733,0.0,nan,1.0,0.0,-1.1831272706051466,0.4201392818228327,1.3070000410079956,1.0,0,1,1,0,7.016202926635742,-6.8573150634765625,0.05093873490587397,FOLLOW_MAIN,cascade_pd_tracking,follow_main,inner_wheel_pd,lidar_disabled,FOLLOW_MAIN,COMMITTED,HOLD,1,1,1,1,1,1,1,0.38123607635498047,6.771087646484375e-05,1.9086997509002686,1.5355758666992188,1.1499555110931396,0.7624263763427734,0.019101578000118025,0.08900016299958224
1784807471.4952054,31.398853540420532,-128.70000000000002,-0.1287,-128.70000000000002,-0.130178730301061,-130.178730301061,-0.130178730301061,-130.178730301061,-0.219,-0.2685764680385273,-0.2685764680385273,-0.0015453467296408976,0.07333704517776918,-0.130178730301061,-2.7816241133536156e-05,-0.2954341148423801,0.0008800445421332302,1.0,0.018,1.1,0.012,nan,0.21006964091141636,0.21006964091141636,0.20883036182972442,0.21585197328463668,0.23199999332427979,0.4247606168424414,0.45297051775088126,0.38649077043701713,0.44704519185944447,0.1891304850578308,0.17949413096323188,0.20427971259707062,0.177015572799848,0.24064515085960084,0.24463625448577347,0.24064515085960084,-0.024785581633838732,0.0,-0.08563536006343088,-0.001794369757126564,-0.0024785581633838733,0.0,nan,1.0,0.0,-1.1831272706051466,0.4201392818228327,1.3070000410079956,1.0,0,1,1,0,7.016202926635742,-6.8573150634765625,0.05093873490587397,FOLLOW_MAIN,cascade_pd_tracking,follow_main,inner_wheel_pd,lidar_disabled,FOLLOW_MAIN,COMMITTED,HOLD,1,1,1,1,1,1,1,0.7582242488861084,0.37705564498901367,9.465217590332031e-05,1.9125642776489258,1.5269443988800049,1.1394152641296387,0.019101578000118025,0.08900016299958224
1784807471.8678086,31.771456718444824,-128.70000000000002,-0.1287,-128.70000000000002,-0.130178730301061,-130.178730301061,-0.130178730301061,-130.178730301061,-0.219,-0.2685764680385273,-0.2685764680385273,-0.0015453467296408976,0.07333704517776918,-0.130178730301061,-2.7816241133536156e-05,-0.2954341148423801,0.0008800445421332302,1.0,0.018,1.1,0.012,nan,0.21006964091141636,0.21006964091141636,0.20883036182972442,0.22361418856233156,0.23199999332427979,0.4247606168424414,0.45297051775088126,0.38649077043701713,0.30280052591402495,0.1891304850578308,0.17949413096323188,0.20427971259707062,0.177015572799848,0.24064515085960084,0.24463625448577347,0.24064515085960084,-0.024785581633838732,0.0,-0.08563536006343088,-0.001794369757126564,-0.0024785581633838733,0.0,nan,1.0,0.0,-1.1831272706051466,0.4201392818228327,1.3070000410079956,1.0,0,1,1,0,7.016202926635742,-6.8573150634765625,0.05093873490587397,FOLLOW_MAIN,cascade_pd_tracking,follow_main,inner_wheel_pd,lidar_disabled,FOLLOW_MAIN,COMMITTED,HOLD,1,1,1,1,1,1,1,1.1308262348175049,0.7496578693389893,0.3726966381072998,8.869171142578125e-05,1.8995468616485596,1.5120177268981934,0.019101578000118025,0.08900016299958224
1784807472.244818,32.14846611022949,-128.70000000000002,-0.1287,-128.70000000000002,-0.130178730301061,-130.178730301061,-0.130178730301061,-130.178730301061,-0.219,-0.2685764680385273,-0.2685764680385273,-0.0015453467296408976,0.07333704517776918,-0.130178730301061,-2.7816241133536156e-05,-0.2954341148423801,0.0008800445421332302,1.0,0.018,1.1,0.012,nan,0.21006964091141636,0.21006964091141636,0.20883036182972442,0.22361418856233156,0.23199999332427979,0.4247606168424414,0.45297051775088126,0.38649077043701713,0.30280052591402495,0.1891304850578308,0.17949413096323188,0.20427971259707062,0.177015572799848,0.24064515085960084,0.24463625448577347,0.24064515085960084,-0.024785581633838732,0.0,-0.08563536006343088,-0.001794369757126564,-0.0024785581633838733,0.0,nan,1.0,0.0,-1.1831272706051466,0.4201392818228327,1.3070000410079956,1.0,0,1,1,0,7.016202926635742,-6.8573150634765625,0.8815050997724889,FOLLOW_MAIN,cascade_pd_tracking,follow_main,inner_wheel_pd,lidar_disabled,FOLLOW_MAIN,COMMITTED,HOLD,1,1,1,1,1,1,1,1.5078246593475342,1.1266560554504395,0.74969482421875,0.3770864009857178,7.843971252441406e-05,1.8890149593353271,0.019101578000118025,0.08900016299958224
1784807472.6231208,32.526768922805786,-128.70000000000002,-0.1287,-128.70000000000002,-0.130178730301061,-130.178730301061,-0.130178730301061,-130.178730301061,-0.219,-0.2685764680385273,-0.2685764680385273,-0.0015453467296408976,0.07333704517776918,-0.130178730301061,-2.7816241133536156e-05,-0.2954341148423801,0.0008800445421332302,1.0,0.018,1.1,0.012,nan,0.21006964091141636,0.21006964091141636,0.20883036182972442,0.22361418856233156,0.23199999332427979,0.4247606168424414,0.45297051775088126,0.38649077043701713,0.30280052591402495,0.1891304850578308,0.17949413096323188,0.20427971259707062,0.177015572799848,0.24064515085960084,0.24463625448577347,0.24064515085960084,-0.024785581633838732,0.0,-0.08563536006343088,-0.001794369757126564,-0.0024785581633838733,0.0,nan,1.0,0.0,-1.1831272706051466,0.4201392818228327,1.3070000410079956,1.0,0,1,1,0,7.016202926635742,-6.8573150634765625,0.8815050997724889,FOLLOW_MAIN,cascade_pd_tracking,follow_main,inner_wheel_pd,lidar_disabled,FOLLOW_MAIN,COMMITTED,HOLD,1,1,1,1,1,1,1,1.886122465133667,1.5049538612365723,1.1279926300048828,0.7553842067718506,0.3783760070800781,6.890296936035156e-05,0.019101578000118025,0.08900016299958224
1784807472.9956522,32.89930033683777,-128.70000000000002,-0.1287,-128.70000000000002,-0.130178730301061,-130.178730301061,-0.130178730301061,-130.178730301061,-0.219,-0.2685764680385273,-0.2685764680385273,-0.0015453467296408976,0.07333704517776918,-0.130178730301061,-2.7816241133536156e-05,-0.2954341148423801,0.0008800445421332302,1.0,0.018,1.1,0.012,nan,0.21006964091141636,0.21006964091141636,0.20883036182972442,0.22361418856233156,0.23199999332427979,0.4247606168424414,0.45297051775088126,0.38649077043701713,0.30280052591402495,0.1891304850578308,0.17949413096323188,0.20427971259707062,0.177015572799848,0.24064515085960084,0.24463625448577347,0.24064515085960084,-0.024785581633838732,0.0,-0.08563536006343088,-0.001794369757126564,-0.0024785581633838733,0.0,nan,1.0,0.0,-1.1831272706051466,0.4201392818228327,1.3070000410079956,1.0,0,1,1,0,7.016202926635742,-6.8573150634765625,0.8815050997724889,FOLLOW_MAIN,cascade_pd_tracking,follow_main,inner_wheel_pd,lidar_disabled,FOLLOW_MAIN,COMMITTED,HOLD,1,1,1,1,1,1,1,8.702278137207031e-05,1.8774981498718262,1.5005369186401367,1.1279287338256836,0.7509207725524902,0.37261366844177246,0.019101578000118025,0.08900016299958224
1784807473.3758912,33.279539346694946,-68.4,-0.0684,-68.4,-0.04271567468874068,-42.71567468874068,-0.04271567468874068,-42.71567468874068,-0.115,0.08672202961288554,0.08672202961288554,0.18498510776537005,0.6609805267226709,-0.04271567468874068,0.003329731939776661,0.0953942325741741,0.007931766320672051,1.0,0.018,1.1,0.012,nan,0.3550906451474468,0.3180621292120822,0.3283746099463567,0.22361418856233156,0.22112500667572021,-0.06394005614588213,0.08473712610710121,0.049457788149873595,0.30280052591402495,0.28369566798210144,0.31234237319985286,0.1927322093947717,0.324303389580361,0.32378188522431156,0.23714243434390353,0.33244583031235236,0.11961016380508116,0.08663945088040803,0.29922218298880154,0.22959656425988112,0.011961016380508116,0.008663945088040803,nan,1.0,0.0,2.370470527489577,0.7101812902948936,2.0169999599456787,1.0,0,1,1,0,7.3320112228393555,-6.496376037597656,0.8815050997724889,FOLLOW_MAIN,cascade_pd_tracking,follow_main,inner_wheel_pd,lidar_disabled,FOLLOW_MAIN,COMMITTED,HOLD,1,1,1,1,1,1,1,0.38031673431396484,0.0001087188720703125,1.8807666301727295,1.5081582069396973,1.131150245666504,0.752842903137207,0.16684332900058507,0.0937691970002561
1784807473.7466753,33.65032339096069,-68.4,-0.0684,-68.4,-0.04271567468874068,-42.71567468874068,-0.04271567468874068,-42.71567468874068,-0.115,0.08672202961288554,0.08672202961288554,0.18498510776537005,0.6609805267226709,-0.04271567468874068,0.003329731939776661,0.0953942325741741,0.007931766320672051,1.0,0.018,1.1,0.012,nan,0.3550906451474468,0.3180621292120822,0.3283746099463567,0.22361418856233156,0.22112500667572021,-0.06394005614588213,0.08473712610710121,0.049457788149873595,0.30280052591402495,0.28369566798210144,0.31234237319985286,0.1927322093947717,0.324303389580361,0.32378188522431156,0.23714243434390353,0.33244583031235236,0.11961016380508116,0.08663945088040803,0.29922218298880154,0.22959656425988112,0.011961016380508116,0.008663945088040803,nan,1.0,0.0,2.370470527489577,0.7101812902948936,2.0169999599456787,1.0,0,1,1,0,7.3320112228393555,-6.496376037597656,0.8815050997724889,FOLLOW_MAIN,cascade_pd_tracking,follow_main,inner_wheel_pd,lidar_disabled,FOLLOW_MAIN,COMMITTED,HOLD,1,1,1,1,1,1,1,0.7511045932769775,0.3708963394165039,0.00010275840759277344,1.87894606590271,1.5019383430480957,1.1236310005187988,0.16684332900058507,0.0937691970002561
1784807474.1578236,34.061471700668335,-68.4,-0.0684,-68.4,-0.04271567468874068,-42.71567468874068,-0.04271567468874068,-42.71567468874068,-0.115,0.08672202961288554,0.08672202961288554,0.18498510776537005,0.6609805267226709,-0.04271567468874068,0.003329731939776661,0.0953942325741741,0.007931766320672051,1.0,0.018,1.1,0.012,nan,0.3550906451474468,0.3180621292120822,0.3283746099463567,0.3151802728628518,0.22112500667572021,-0.06394005614588213,0.08473712610710121,0.049457788149873595,0.1617994610992051,0.28369566798210144,0.31234237319985286,0.1927322093947717,0.324303389580361,0.32378188522431156,0.23714243434390353,0.33244583031235236,0.11961016380508116,0.08663945088040803,0.29922218298880154,0.22959656425988112,0.011961016380508116,0.008663945088040803,nan,1.0,0.0,2.370470527489577,0.7101812902948936,2.0169999599456787,1.0,0,1,1,0,7.3320112228393555,-6.496376037597656,0.8815050997724889,FOLLOW_MAIN,cascade_pd_tracking,follow_main,inner_wheel_pd,lidar_disabled,FOLLOW_MAIN,COMMITTED,HOLD,1,1,1,1,1,1,1,1.1622514724731445,0.7820432186126709,0.41124916076660156,7.414817810058594e-05,1.9130847454071045,1.5347774028778076,0.16684332900058507,0.0937691970002561
1784807476.564735,36.46838307380676,-68.4,-0.0684,-68.4,-0.04271567468874068,-42.71567468874068,-0.04271567468874068,-42.71567468874068,-0.115,0.08672202961288554,0.08672202961288554,0.18498510776537005,0.6609805267226709,-0.04271567468874068,0.003329731939776661,0.0953942325741741,0.007931766320672051,1.0,0.018,1.1,0.012,nan,0.3550906451474468,0.3180621292120822,0.3283746099463567,0.3151802728628518,0.22112500667572021,-0.06394005614588213,0.08473712610710121,0.049457788149873595,0.1617994610992051,0.28369566798210144,0.31234237319985286,0.1927322093947717,0.324303389580361,0.32378188522431156,0.23714243434390353,0.33244583031235236,0.11961016380508116,0.08663945088040803,0.29922218298880154,0.22959656425988112,0.011961016380508116,0.008663945088040803,nan,1.0,0.0,2.370470527489577,0.7101812902948936,2.0169999599456787,1.0,0,1,1,0,7.3320112228393555,-6.496376037597656,1.9203353404208305,FOLLOW_MAIN,cascade_pd_tracking,follow_main,inner_wheel_pd,lidar_disabled,FOLLOW_MAIN,COMMITTED,HOLD,1,1,1,1,1,1,1,3.569180965423584,3.1889731884002686,2.8181793689727783,2.4070045948028564,0.00012731552124023438,3.941708564758301,0.16684332900058507,0.0937691970002561
1784807476.9491308,36.852778911590576,-68.4,-0.0684,-68.4,-0.04271567468874068,-42.71567468874068,-0.04271567468874068,-42.71567468874068,-0.115,0.08672202961288554,0.08672202961288554,0.18498510776537005,0.6609805267226709,-0.04271567468874068,0.003329731939776661,0.0953942325741741,0.007931766320672051,1.0,0.018,1.1,0.012,nan,0.3550906451474468,0.3180621292120822,0.3283746099463567,0.3151802728628518,0.22112500667572021,-0.06394005614588213,0.08473712610710121,0.049457788149873595,0.1617994610992051,0.28369566798210144,0.31234237319985286,0.1927322093947717,0.324303389580361,0.32378188522431156,0.23714243434390353,0.33244583031235236,0.11961016380508116,0.08663945088040803,0.29922218298880154,0.22959656425988112,0.011961016380508116,0.008663945088040803,nan,1.0,0.0,2.370470527489577,0.7101812902948936,2.0169999599456787,1.0,0,1,1,0,7.3320112228393555,-6.496376037597656,1.9203353404208305,FOLLOW_MAIN,cascade_pd_tracking,follow_main,inner_wheel_pd,lidar_disabled,FOLLOW_MAIN,COMMITTED,HOLD,1,1,1,1,1,1,1,3.9535539150238037,3.573345422744751,3.2025513648986816,2.7913763523101807,0.38449811935424805,6.794929504394531e-05,0.16684332900058507,0.0937691970002561
1784807477.335068,37.23871612548828,-68.4,-0.0684,-68.4,-0.04271567468874068,-42.71567468874068,-0.04271567468874068,-42.71567468874068,-0.115,0.08672202961288554,0.08672202961288554,0.18498510776537005,0.6609805267226709,-0.04271567468874068,0.003329731939776661,0.0953942325741741,0.007931766320672051,1.0,0.018,1.1,0.012,nan,0.3550906451474468,0.3180621292120822,0.3283746099463567,0.3151802728628518,0.22112500667572021,-0.06394005614588213,0.08473712610710121,0.049457788149873595,0.1617994610992051,0.28369566798210144,0.31234237319985286,0.1927322093947717,0.324303389580361,0.32378188522431156,0.23714243434390353,0.33244583031235236,0.11961016380508116,0.08663945088040803,0.29922218298880154,0.22959656425988112,0.011961016380508116,0.008663945088040803,nan,1.0,0.0,2.370470527489577,0.7101812902948936,2.0169999599456787,1.0,0,1,1,0,7.3320112228393555,-6.496376037597656,1.9203353404208305,FOLLOW_MAIN,cascade_pd_tracking,follow_main,inner_wheel_pd,lidar_disabled,FOLLOW_MAIN,COMMITTED,HOLD,1,1,1,1,1,1,1,6.794929504394531e-05,3.9592859745025635,3.5884923934936523,3.1773176193237305,0.7704391479492188,0.38600945472717285,0.16684332900058507,0.0937691970002561
1784807477.7329435,37.63659167289734,29.3,0.0293,29.3,0.015299068092518497,15.299068092518498,0.015299068092518497,15.299068092518498,0.20700000000000002,0.07402963718052025,0.07402963718052025,0.11997830846890267,0.7128195293979438,0.015299068092518497,0.002159609552440248,0.08143260089857228,0.008553834352775326,1.0,0.018,1.1,0.012,nan,0.4146859516338926,0.34863096369654334,0.35723125077496365,0.3151802728628518,0.2537499964237213,-0.10744511289630634,0.01260509588567565,-0.000885915663774178,0.1617994610992051,3.2393828064414265e-08,0.3477801197242602,0.2525395493720454,0.3573041767594817,0.34948180766882647,0.27271663645263416,0.3571583247904457,0.09524057035221478,0.07676517121619231,0.4088090056879825,0.38242764480666147,0.00952405703522148,0.007676517121619231,nan,1.0,0.0,-3.097,0.8293719032677852,4.214000225067139,1.0,0,1,1,0,7.277935981750488,-5.165041446685791,1.9203353404208305,FOLLOW_MAIN,cascade_pd_tracking,follow_main,inner_wheel_pd,lidar_disabled,FOLLOW_MAIN,COMMITTED,UNKNOWN,1,1,1,1,1,1,2,0.3979356288909912,6.818771362304688e-05,3.9863595962524414,3.5751845836639404,1.1683061122894287,0.7838761806488037,0.07586734500000603,0.03091057700021338
1784807478.2595315,38.16317963600159,29.3,0.0293,29.3,0.015299068092518497,15.299068092518498,0.015299068092518497,15.299068092518498,0.20700000000000002,0.07402963718052025,0.07402963718052025,0.11997830846890267,0.7128195293979438,0.015299068092518497,0.002159609552440248,0.08143260089857228,0.008553834352775326,1.0,0.018,1.1,0.012,nan,0.4146859516338926,0.34863096369654334,0.35723125077496365,0.3151802728628518,0.2537499964237213,-0.10744511289630634,0.01260509588567565,-0.000885915663774178,0.1617994610992051,3.2393828064414265e-08,0.3477801197242602,0.2525395493720454,0.3573041767594817,0.34948180766882647,0.27271663645263416,0.3571583247904457,0.09524057035221478,0.07676517121619231,0.4088090056879825,0.38242764480666147,0.00952405703522148,0.007676517121619231,nan,1.0,0.0,-3.097,0.8293719032677852,4.214000225067139,1.0,0,1,1,0,7.277935981750488,-5.165041446685791,1.9203353404208305,FOLLOW_MAIN,cascade_pd_tracking,follow_main,inner_wheel_pd,lidar_disabled,FOLLOW_MAIN,COMMITTED,UNKNOWN,1,1,1,1,1,1,2,0.9245433807373047,0.5266761779785156,9.72747802734375e-05,4.101792812347412,1.6949148178100586,1.3104848861694336,0.07586734500000603,0.03091057700021338
1784807478.6508105,38.55445861816406,29.3,0.0293,29.3,0.015299068092518497,15.299068092518498,0.015299068092518497,15.299068092518498,0.20700000000000002,0.07402963718052025,0.07402963718052025,0.11997830846890267,0.7128195293979438,0.015299068092518497,0.002159609552440248,0.08143260089857228,0.008553834352775326,1.0,0.018,1.1,0.012,nan,0.4146859516338926,0.34863096369654334,0.35723125077496365,0.30057433904193265,0.2537499964237213,-0.10744511289630634,0.01260509588567565,-0.000885915663774178,-0.14309480787083756,3.2393828064414265e-08,0.3477801197242602,0.2525395493720454,0.3573041767594817,0.34948180766882647,0.27271663645263416,0.3571583247904457,0.09524057035221478,0.07676517121619231,0.4088090056879825,0.38242764480666147,0.00952405703522148,0.007676517121619231,nan,1.0,0.0,-3.097,0.8293719032677852,4.214000225067139,1.0,0,1,1,0,7.277935981750488,-5.165041446685791,1.9203353404208305,FOLLOW_MAIN,cascade_pd_tracking,follow_main,inner_wheel_pd,lidar_disabled,FOLLOW_MAIN,COMMITTED,UNKNOWN,1,1,1,1,1,1,2,1.3158113956451416,0.9179444313049316,0.39136552810668945,7.271766662597656e-05,2.0861823558807373,1.7017524242401123,0.07586734500000603,0.03091057700021338
1784807479.0649593,38.9686074256897,29.3,0.0293,29.3,0.015299068092518497,15.299068092518498,0.015299068092518497,15.299068092518498,0.20700000000000002,0.07402963718052025,0.07402963718052025,0.11997830846890267,0.7128195293979438,0.015299068092518497,0.002159609552440248,0.08143260089857228,0.008553834352775326,1.0,0.018,1.1,0.012,nan,0.4146859516338926,0.34863096369654334,0.35723125077496365,0.30057433904193265,0.2537499964237213,-0.10744511289630634,0.01260509588567565,-0.000885915663774178,-0.14309480787083756,3.2393828064414265e-08,0.3477801197242602,0.2525395493720454,0.3573041767594817,0.34948180766882647,0.27271663645263416,0.3571583247904457,0.09524057035221478,0.07676517121619231,0.4088090056879825,0.38242764480666147,0.00952405703522148,0.007676517121619231,nan,1.0,0.0,-3.097,0.8293719032677852,4.214000225067139,1.0,0,1,1,0,7.277935981750488,-5.165041446685791,2.1070067523312983,FOLLOW_MAIN,cascade_pd_tracking,follow_main,inner_wheel_pd,lidar_disabled,FOLLOW_MAIN,COMMITTED,UNKNOWN,1,1,1,1,1,1,2,1.7299578189849854,1.3320903778076172,0.805511474609375,0.4142189025878906,7.343292236328125e-05,2.115898609161377,0.07586734500000603,0.03091057700021338
1784807479.4662318,39.369879961013794,29.3,0.0293,29.3,0.015299068092518497,15.299068092518498,0.015299068092518497,15.299068092518498,0.20700000000000002,0.07402963718052025,0.07402963718052025,0.11997830846890267,0.7128195293979438,0.015299068092518497,0.002159609552440248,0.08143260089857228,0.008553834352775326,1.0,0.018,1.1,0.012,nan,0.4146859516338926,0.34863096369654334,0.35723125077496365,0.30057433904193265,0.2537499964237213,-0.10744511289630634,0.01260509588567565,-0.000885915663774178,-0.14309480787083756,3.2393828064414265e-08,0.3477801197242602,0.2525395493720454,0.3573041767594817,0.34948180766882647,0.27271663645263416,0.3571583247904457,0.09524057035221478,0.07676517121619231,0.4088090056879825,0.38242764480666147,0.00952405703522148,0.007676517121619231,nan,1.0,0.0,-3.097,0.8293719032677852,4.214000225067139,1.0,0,1,1,0,7.277935981750488,-5.165041446685791,2.1070067523312983,FOLLOW_MAIN,cascade_pd_tracking,follow_main,inner_wheel_pd,lidar_disabled,FOLLOW_MAIN,COMMITTED,UNKNOWN,1,1,1,1,1,1,2,2.1312415599823,1.7333745956420898,1.2067956924438477,0.8155033588409424,0.40135788917541504,9.655952453613281e-05,0.07586734500000603,0.03091057700021338
1784807479.8718839,39.77553200721741,29.3,0.0293,29.3,0.015299068092518497,15.299068092518498,0.015299068092518497,15.299068092518498,0.20700000000000002,0.07402963718052025,0.07402963718052025,0.11997830846890267,0.7128195293979438,0.015299068092518497,0.002159609552440248,0.08143260089857228,0.008553834352775326,1.0,0.018,1.1,0.012,nan,0.4146859516338926,0.34863096369654334,0.35723125077496365,0.30057433904193265,0.2537499964237213,-0.10744511289630634,0.01260509588567565,-0.000885915663774178,-0.14309480787083756,3.2393828064414265e-08,0.3477801197242602,0.2525395493720454,0.3573041767594817,0.34948180766882647,0.27271663645263416,0.3571583247904457,0.09524057035221478,0.07676517121619231,0.4088090056879825,0.38242764480666147,0.00952405703522148,0.007676517121619231,nan,1.0,0.0,-3.097,0.8293719032677852,4.214000225067139,1.0,0,1,1,0,7.277935981750488,-5.165041446685791,2.1070067523312983,FOLLOW_MAIN,cascade_pd_tracking,follow_main,inner_wheel_pd,lidar_disabled,FOLLOW_MAIN,COMMITTED,UNKNOWN,1,1,1,1,1,1,2,7.82012939453125e-05,2.1390223503112793,1.6124436855316162,1.221151351928711,0.8070056438446045,0.4057447910308838,0.07586734500000603,0.03091057700021338
1784807480.2580407,40.161688804626465,-290.1,-0.2901,-290.1,-0.25605870270539677,-256.05870270539674,-0.25605870270539677,-256.05870270539674,-0.508,-0.5287257290134524,-0.5287257290134524,-0.22835043833610685,0.30936352690659497,-0.25605870270539677,-0.004110307890049923,-0.5815983019147977,0.0037123623228791395,1.0,0.018,1.1,0.012,nan,0.2000039374077623,0.2000039374077623,0.2030513731178082,0.30057433904193265,0.17762500047683716,0.8380549501873651,0.6817119329923716,0.6075625585350204,-0.14309480787083756,0.15760867297649384,0.15398838193077719,0.16348618592770991,0.15303860153108392,0.2460194928847474,0.17557297468689687,0.2530641447045324,-0.00949780399693273,0.07044651819785053,0.12113344981267304,0.14617697612601085,-0.0009497803996932731,0.007044651819785053,nan,1.0,0.0,-0.15029022033603381,0.4000078748155246,3.572999954223633,1.0,0,1,1,0,6.897441864013672,-4.5518412590026855,2.1070067523312983,FOLLOW_MAIN,cascade_pd_tracking,follow_main,inner_wheel_pd,lidar_disabled,FOLLOW_MAIN,COMMITTED,HOLD,1,1,1,1,1,1,1,0.38622426986694336,7.462501525878906e-05,1.998589277267456,1.6072967052459717,1.1931507587432861,0.7918896675109863,0.04761273900021479,0.03235302500070247
1784807480.6287081,40.53235626220703,-290.1,-0.2901,-290.1,-0.25605870270539677,-256.05870270539674,-0.25605870270539677,-256.05870270539674,-0.508,-0.5287257290134524,-0.5287257290134524,-0.22835043833610685,0.30936352690659497,-0.25605870270539677,-0.004110307890049923,-0.5815983019147977,0.0037123623228791395,1.0,0.018,1.1,0.012,nan,0.2000039374077623,0.2000039374077623,0.2030513731178082,0.30057433904193265,0.17762500047683716,0.8380549501873651,0.6817119329923716,0.6075625585350204,-0.14309480787083756,0.15760867297649384,0.15398838193077719,0.16348618592770991,0.15303860153108392,0.2460194928847474,0.17557297468689687,0.2530641447045324,-0.00949780399693273,0.07044651819785053,0.12113344981267304,0.14617697612601085,-0.0009497803996932731,0.007044651819785053,nan,1.0,0.0,-0.15029022033603381,0.4000078748155246,3.572999954223633,1.0,0,1,1,0,6.897441864013672,-4.5518412590026855,2.1070067523312983,FOLLOW_MAIN,cascade_pd_tracking,follow_main,inner_wheel_pd,lidar_disabled,FOLLOW_MAIN,COMMITTED,HOLD,1,1,1,1,1,1,1,0.7568964958190918,0.37074732780456543,6.842613220214844e-05,1.9779691696166992,1.5638234615325928,1.162562370300293,0.04761273900021479,0.03235302500070247
1784807481.0548642,40.95851230621338,-290.1,-0.2901,-290.1,-0.25605870270539677,-256.05870270539674,-0.25605870270539677,-256.05870270539674,-0.508,-0.5287257290134524,-0.5287257290134524,-0.22835043833610685,0.30936352690659497,-0.25605870270539677,-0.004110307890049923,-0.5815983019147977,0.0037123623228791395,1.0,0.018,1.1,0.012,nan,0.2000039374077623,0.2000039374077623,0.2030513731178082,0.20023123894739828,0.17762500047683716,0.8380549501873651,0.6817119329923716,0.6075625585350204,0.7103075293455499,0.15760867297649384,0.15398838193077719,0.16348618592770991,0.15303860153108392,0.2460194928847474,0.17557297468689687,0.2530641447045324,-0.00949780399693273,0.07044651819785053,0.12113344981267304,0.14617697612601085,-0.0009497803996932731,0.007044651819785053,nan,1.0,0.0,-0.15029022033603381,0.4000078748155246,3.572999954223633,1.0,0,1,1,0,6.897441864013672,-4.5518412590026855,2.1070067523312983,FOLLOW_MAIN,cascade_pd_tracking,follow_main,inner_wheel_pd,lidar_disabled,FOLLOW_MAIN,COMMITTED,HOLD,1,1,1,1,1,1,1,1.1830723285675049,0.7969229221343994,0.42624449729919434,0.00015473365783691406,1.9900000095367432,1.5887389183044434,0.04761273900021479,0.03235302500070247
1784807481.4401789,41.34382700920105,-290.1,-0.2901,-290.1,-0.25605870270539677,-256.05870270539674,-0.25605870270539677,-256.05870270539674,-0.508,-0.5287257290134524,-0.5287257290134524,-0.22835043833610685,0.30936352690659497,-0.25605870270539677,-0.004110307890049923,-0.5815983019147977,0.0037123623228791395,1.0,0.018,1.1,0.012,nan,0.2000039374077623,0.2000039374077623,0.2030513731178082,0.20023123894739828,0.17762500047683716,0.8380549501873651,0.6817119329923716,0.6075625585350204,0.7103075293455499,0.15760867297649384,0.15398838193077719,0.16348618592770991,0.15303860153108392,0.2460194928847474,0.17557297468689687,0.2530641447045324,-0.00949780399693273,0.07044651819785053,0.12113344981267304,0.14617697612601085,-0.0009497803996932731,0.007044651819785053,nan,1.0,0.0,-0.15029022033603381,0.4000078748155246,3.572999954223633,1.0,0,1,1,0,6.897441864013672,-4.5518412590026855,2.7863314509840067,FOLLOW_MAIN,cascade_pd_tracking,follow_main,inner_wheel_pd,lidar_disabled,FOLLOW_MAIN,COMMITTED,HOLD,1,1,1,1,1,1,1,1.568371295928955,1.1822216510772705,0.8115429878234863,0.3854529857635498,7.677078247070312e-05,1.9740369319915771,0.04761273900021479,0.03235302500070247
1784807481.8541257,41.757773876190186,-290.1,-0.2901,-290.1,-0.25605870270539677,-256.05870270539674,-0.25605870270539677,-256.05870270539674,-0.508,-0.5287257290134524,-0.5287257290134524,-0.22835043833610685,0.30936352690659497,-0.25605870270539677,-0.004110307890049923,-0.5815983019147977,0.0037123623228791395,1.0,0.018,1.1,0.012,nan,0.2000039374077623,0.2000039374077623,0.2030513731178082,0.20023123894739828,0.17762500047683716,0.8380549501873651,0.6817119329923716,0.6075625585350204,0.7103075293455499,0.15760867297649384,0.15398838193077719,0.16348618592770991,0.15303860153108392,0.2460194928847474,0.17557297468689687,0.2530641447045324,-0.00949780399693273,0.07044651819785053,0.12113344981267304,0.14617697612601085,-0.0009497803996932731,0.007044651819785053,nan,1.0,0.0,-0.15029022033603381,0.4000078748155246,3.572999954223633,1.0,0,1,1,0,6.897441864013672,-4.5518412590026855,2.7863314509840067,FOLLOW_MAIN,cascade_pd_tracking,follow_main,inner_wheel_pd,lidar_disabled,FOLLOW_MAIN,COMMITTED,HOLD,1,1,1,1,1,1,1,1.9823174476623535,1.596168041229248,1.2254893779754639,0.7993993759155273,0.41402316093444824,8.153915405273438e-05,0.04761273900021479,0.03235302500070247
1784807482.2470198,42.150667905807495,-290.1,-0.2901,-290.1,-0.25605870270539677,-256.05870270539674,-0.25605870270539677,-256.05870270539674,-0.508,-0.5287257290134524,-0.5287257290134524,-0.22835043833610685,0.30936352690659497,-0.25605870270539677,-0.004110307890049923,-0.5815983019147977,0.0037123623228791395,1.0,0.018,1.1,0.012,nan,0.2000039374077623,0.2000039374077623,0.2030513731178082,0.20023123894739828,0.17762500047683716,0.8380549501873651,0.6817119329923716,0.6075625585350204,0.7103075293455499,0.15760867297649384,0.15398838193077719,0.16348618592770991,0.15303860153108392,0.2460194928847474,0.17557297468689687,0.2530641447045324,-0.00949780399693273,0.07044651819785053,0.12113344981267304,0.14617697612601085,-0.0009497803996932731,0.007044651819785053,nan,1.0,0.0,-0.15029022033603381,0.4000078748155246,3.572999954223633,1.0,0,1,1,0,6.897441864013672,-4.5518412590026855,2.7863314509840067,FOLLOW_MAIN,cascade_pd_tracking,follow_main,inner_wheel_pd,lidar_disabled,FOLLOW_MAIN,COMMITTED,HOLD,1,1,1,1,1,1,1,6.461143493652344e-05,1.9890565872192383,1.618377923965454,1.1922876834869385,0.8069117069244385,0.39296984672546387,0.04761273900021479,0.03235302500070247
1784807482.6302505,42.53389859199524,71.8,0.0718,71.8,-0.10187326963671886,-101.87326963671886,-0.10187326963671886,-101.87326963671886,0.47400000000000003,0.16125043152507493,0.16125043152507493,0.23528981075280314,0.8279974417344307,-0.10187326963671886,0.004235216593550456,0.17737547467758244,0.009935969300813169,1.0,0.018,1.1,0.012,nan,0.2573450327109056,0.2573450327109056,0.261812764755743,0.20023123894739828,0.20662501454353333,-0.0896733909352272,0.19936650400936,0.13725441507125602,0.7103075293455499,0.40978261828422546,0.24388779369027377,0.17762190031984745,0.25051438302731643,0.27080227173153737,0.24771352420521545,0.27311114648416956,0.06626589337042632,0.023088747526321923,0.1745538859235558,0.14987764102576348,0.006626589337042632,0.0023088747526321925,nan,1.0,0.0,-0.354,0.5146900654218112,3.5759999752044678,1.0,0,1,1,0,6.501258850097656,-4.409275531768799,2.7863314509840067,FOLLOW_MAIN,cascade_pd_tracking,follow_main,inner_wheel_pd,lidar_disabled,FOLLOW_MAIN,COMMITTED,UNKNOWN,1,1,1,1,1,1,2,0.38329029083251953,6.580352783203125e-05,2.001603364944458,1.5755133628845215,1.1901369094848633,0.7761950492858887,0.04085794100046769,0.06316895400050271
1784807483.0130832,42.91673135757446,71.8,0.0718,71.8,-0.10187326963671886,-101.87326963671886,-0.10187326963671886,-101.87326963671886,0.47400000000000003,0.16125043152507493,0.16125043152507493,0.23528981075280314,0.8279974417344307,-0.10187326963671886,0.004235216593550456,0.17737547467758244,0.009935969300813169,1.0,0.018,1.1,0.012,nan,0.2573450327109056,0.2573450327109056,0.261812764755743,0.20023123894739828,0.20662501454353333,-0.0896733909352272,0.19936650400936,0.13725441507125602,0.7103075293455499,0.40978261828422546,0.24388779369027377,0.17762190031984745,0.25051438302731643,0.27080227173153737,0.24771352420521545,0.27311114648416956,0.06626589337042632,0.023088747526321923,0.1745538859235558,0.14987764102576348,0.006626589337042632,0.0023088747526321925,nan,1.0,0.0,-0.354,0.5146900654218112,3.5759999752044678,1.0,0,1,1,0,6.501258850097656,-4.409275531768799,2.7863314509840067,FOLLOW_MAIN,cascade_pd_tracking,follow_main,inner_wheel_pd,lidar_disabled,FOLLOW_MAIN,COMMITTED,UNKNOWN,1,1,1,1,1,1,2,0.7661283016204834,0.3829038143157959,6.699562072753906e-05,1.9583513736724854,1.5729751586914062,1.1590332984924316,0.04085794100046769,0.06316895400050271
1784807483.3935568,43.29720497131348,71.8,0.0718,71.8,-0.10187326963671886,-101.87326963671886,-0.10187326963671886,-101.87326963671886,0.47400000000000003,0.16125043152507493,0.16125043152507493,0.23528981075280314,0.8279974417344307,-0.10187326963671886,0.004235216593550456,0.17737547467758244,0.009935969300813169,1.0,0.018,1.1,0.012,nan,0.2573450327109056,0.2573450327109056,0.261812764755743,0.3736466675226844,0.20662501454353333,-0.0896733909352272,0.19936650400936,0.13725441507125602,0.04292363494829389,0.40978261828422546,0.24388779369027377,0.17762190031984745,0.25051438302731643,0.27080227173153737,0.24771352420521545,0.27311114648416956,0.06626589337042632,0.023088747526321923,0.1745538859235558,0.14987764102576348,0.006626589337042632,0.0023088747526321925,nan,1.0,0.0,-0.354,0.5146900654218112,3.5759999752044678,1.0,0,1,1,0,6.501258850097656,-4.409275531768799,2.7863314509840067,FOLLOW_MAIN,cascade_pd_tracking,follow_main,inner_wheel_pd,lidar_disabled,FOLLOW_MAIN,COMMITTED,UNKNOWN,1,1,1,1,1,1,2,1.146608591079712,0.7633843421936035,0.38054752349853516,7.700920104980469e-05,1.953456163406372,1.5395143032073975,0.04085794100046769,0.06316895400050271
1784807483.7953784,43.699026584625244,71.8,0.0718,71.8,-0.10187326963671886,-101.87326963671886,-0.10187326963671886,-101.87326963671886,0.47400000000000003,0.16125043152507493,0.16125043152507493,0.23528981075280314,0.8279974417344307,-0.10187326963671886,0.004235216593550456,0.17737547467758244,0.009935969300813169,1.0,0.018,1.1,0.012,nan,0.2573450327109056,0.2573450327109056,0.261812764755743,0.3736466675226844,0.20662501454353333,-0.0896733909352272,0.19936650400936,0.13725441507125602,0.04292363494829389,0.40978261828422546,0.24388779369027377,0.17762190031984745,0.25051438302731643,0.27080227173153737,0.24771352420521545,0.27311114648416956,0.06626589337042632,0.023088747526321923,0.1745538859235558,0.14987764102576348,0.006626589337042632,0.0023088747526321925,nan,1.0,0.0,-0.354,0.5146900654218112,3.5759999752044678,1.0,0,1,1,0,6.501258850097656,-4.409275531768799,-2.486234960524649,FOLLOW_MAIN,cascade_pd_tracking,follow_main,inner_wheel_pd,lidar_disabled,FOLLOW_MAIN,COMMITTED,UNKNOWN,1,1,1,1,1,1,2,1.5484375953674316,1.1652131080627441,0.7823762893676758,0.40190601348876953,9.250640869140625e-05,1.941342830657959,0.04085794100046769,0.06316895400050271
1784807484.2302382,44.13388633728027,71.8,0.0718,71.8,-0.10187326963671886,-101.87326963671886,-0.10187326963671886,-101.87326963671886,0.47400000000000003,0.16125043152507493,0.16125043152507493,0.23528981075280314,0.8279974417344307,-0.10187326963671886,0.004235216593550456,0.17737547467758244,0.009935969300813169,1.0,0.018,1.1,0.012,nan,0.2573450327109056,0.2573450327109056,0.261812764755743,0.3736466675226844,0.20662501454353333,-0.0896733909352272,0.19936650400936,0.13725441507125602,0.04292363494829389,0.40978261828422546,0.24388779369027377,0.17762190031984745,0.25051438302731643,0.27080227173153737,0.24771352420521545,0.27311114648416956,0.06626589337042632,0.023088747526321923,0.1745538859235558,0.14987764102576348,0.006626589337042632,0.0023088747526321925,nan,1.0,0.0,-0.354,0.5146900654218112,3.5759999752044678,1.0,0,1,1,0,6.501258850097656,-4.409275531768799,-2.486234960524649,FOLLOW_MAIN,cascade_pd_tracking,follow_main,inner_wheel_pd,lidar_disabled,FOLLOW_MAIN,COMMITTED,UNKNOWN,1,1,1,1,1,1,2,1.9832894802093506,1.6000652313232422,1.2172284126281738,0.8367578983306885,0.43494486808776855,8.559226989746094e-05,0.04085794100046769,0.06316895400050271
1784807484.6392567,44.5429048538208,71.8,0.0718,71.8,-0.10187326963671886,-101.87326963671886,-0.10187326963671886,-101.87326963671886,0.47400000000000003,0.16125043152507493,0.16125043152507493,0.23528981075280314,0.8279974417344307,-0.10187326963671886,0.004235216593550456,0.17737547467758244,0.009935969300813169,1.0,0.018,1.1,0.012,nan,0.2573450327109056,0.2573450327109056,0.261812764755743,0.3736466675226844,0.20662501454353333,-0.0896733909352272,0.19936650400936,0.13725441507125602,0.04292363494829389,0.40978261828422546,0.24388779369027377,0.17762190031984745,0.25051438302731643,0.27080227173153737,0.24771352420521545,0.27311114648416956,0.06626589337042632,0.023088747526321923,0.1745538859235558,0.14987764102576348,0.006626589337042632,0.0023088747526321925,nan,1.0,0.0,-0.354,0.5146900654218112,3.5759999752044678,1.0,0,1,1,0,6.501258850097656,-4.409275531768799,-2.486234960524649,FOLLOW_MAIN,cascade_pd_tracking,follow_main,inner_wheel_pd,lidar_disabled,FOLLOW_MAIN,COMMITTED,UNKNOWN,1,1,1,1,1,1,2,0.00010442733764648438,2.0090999603271484,1.6262640953063965,1.2457938194274902,0.8439805507659912,0.4091215133666992,0.04085794100046769,0.06316895400050271
1784807485.0395453,44.943193435668945,-28.200000000000003,-0.028200000000000003,-28.200000000000003,-0.028200000614692848,-28.200000614692847,-0.028200000614692848,-28.200000614692847,-0.047,-0.04699998249887644,-0.04699998249887644,0.0002048847191472827,-0.0012605402224262674,-0.028200000614692848,3.687924944651088e-06,-0.05169998074876409,-1.5126482669115209e-05,1.0,0.018,1.1,0.012,nan,0.3851972416148736,0.3783850499394563,0.38053418087851887,0.3736466675226844,0.3552500009536743,0.0799114199211814,0.0799114199211814,0.06641388468191901,0.04292363494829389,0.0,0.37299102909477655,0.35222947730649423,0.3750671842736048,0.3837790707841361,0.36155800379116776,0.38600117748343293,0.020761551788282318,0.02222106699296833,-0.1485594024727106,-0.11916646506748002,0.002076155178828232,0.0022221066992968333,nan,1.0,0.0,1.5143847477591437,0.7703944832297472,5.142000198364258,1.0,0,1,1,0,5.899567127227783,-4.851383209228516,-2.486234960524649,FOLLOW_MAIN,cascade_pd_tracking,follow_main,inner_wheel_pd,lidar_disabled,FOLLOW_MAIN,COMMITTED,HOLD,1,1,1,1,1,1,1,0.4003713130950928,8.20159912109375e-05,2.0265297889709473,1.6460590362548828,1.2442455291748047,0.8093864917755127,0.01616960499995912,0.002027395000368415
1784807485.420131,45.32377910614014,-28.200000000000003,-0.028200000000000003,-28.200000000000003,-0.028200000614692848,-28.200000614692847,-0.028200000614692848,-28.200000614692847,-0.047,-0.04699998249887644,-0.04699998249887644,0.0002048847191472827,-0.0012605402224262674,-0.028200000614692848,3.687924944651088e-06,-0.05169998074876409,-1.5126482669115209e-05,1.0,0.018,1.1,0.012,nan,0.3851972416148736,0.3783850499394563,0.38053418087851887,0.3736466675226844,0.3552500009536743,0.0799114199211814,0.0799114199211814,0.06641388468191901,0.04292363494829389,0.0,0.37299102909477655,0.35222947730649423,0.3750671842736048,0.3837790707841361,0.36155800379116776,0.38600117748343293,0.020761551788282318,0.02222106699296833,-0.1485594024727106,-0.11916646506748002,0.002076155178828232,0.0022221066992968333,nan,1.0,0.0,1.5143847477591437,0.7703944832297472,5.142000198364258,1.0,0,1,1,0,5.899567127227783,-4.851383209228516,-2.486234960524649,FOLLOW_MAIN,cascade_pd_tracking,follow_main,inner_wheel_pd,lidar_disabled,FOLLOW_MAIN,COMMITTED,HOLD,1,1,1,1,1,1,1,0.7809617519378662,0.3806724548339844,7.224082946777344e-05,2.0266494750976562,1.6248359680175781,1.1899769306182861,0.01616960499995912,0.002027395000368415
1784807485.8251696,45.72881770133972,-28.200000000000003,-0.028200000000000003,-28.200000000000003,-0.028200000614692848,-28.200000614692847,-0.028200000614692848,-28.200000614692847,-0.047,-0.04699998249887644,-0.04699998249887644,0.0002048847191472827,-0.0012605402224262674,-0.028200000614692848,3.687924944651088e-06,-0.05169998074876409,-1.5126482669115209e-05,1.0,0.018,1.1,0.012,nan,0.3851972416148736,0.3783850499394563,0.38053418087851887,0.3525824527007761,0.3552500009536743,0.0799114199211814,0.0799114199211814,0.06641388468191901,0.06785814246876251,0.0,0.37299102909477655,0.35222947730649423,0.3750671842736048,0.3837790707841361,0.36155800379116776,0.38600117748343293,0.020761551788282318,0.02222106699296833,-0.1485594024727106,-0.11916646506748002,0.002076155178828232,0.0022221066992968333,nan,1.0,0.0,1.5143847477591437,0.7703944832297472,5.142000198364258,1.0,0,1,1,0,5.899567127227783,-4.851383209228516,-2.486234960524649,FOLLOW_MAIN,cascade_pd_tracking,follow_main,inner_wheel_pd,lidar_disabled,FOLLOW_MAIN,COMMITTED,HOLD,1,1,1,1,1,1,1,1.186025857925415,0.7857363224029541,0.4051361083984375,9.989738464355469e-05,2.029900074005127,1.595041036605835,0.01616960499995912,0.002027395000368415
1784807486.2198644,46.123512506484985,-28.200000000000003,-0.028200000000000003,-28.200000000000003,-0.028200000614692848,-28.200000614692847,-0.028200000614692848,-28.200000614692847,-0.047,-0.04699998249887644,-0.04699998249887644,0.0002048847191472827,-0.0012605402224262674,-0.028200000614692848,3.687924944651088e-06,-0.05169998074876409,-1.5126482669115209e-05,1.0,0.018,1.1,0.012,nan,0.3851972416148736,0.3783850499394563,0.38053418087851887,0.3525824527007761,0.3552500009536743,0.0799114199211814,0.0799114199211814,0.06641388468191901,0.06785814246876251,0.0,0.37299102909477655,0.35222947730649423,0.3750671842736048,0.3837790707841361,0.36155800379116776,0.38600117748343293,0.020761551788282318,0.02222106699296833,-0.1485594024727106,-0.11916646506748002,0.002076155178828232,0.0022221066992968333,nan,1.0,0.0,1.5143847477591437,0.7703944832297472,5.142000198364258,1.0,0,1,1,0,5.899567127227783,-4.851383209228516,-2.2279456746377844,FOLLOW_MAIN,cascade_pd_tracking,follow_main,inner_wheel_pd,lidar_disabled,FOLLOW_MAIN,COMMITTED,HOLD,1,1,1,1,1,1,1,1.5807030200958252,1.1804141998291016,0.799813985824585,0.394777774810791,0.00010347366333007812,1.9897193908691406,0.01616960499995912,0.002027395000368415
1784807486.6043236,46.50797176361084,-28.200000000000003,-0.028200000000000003,-28.200000000000003,-0.028200000614692848,-28.200000614692847,-0.028200000614692848,-28.200000614692847,-0.047,-0.04699998249887644,-0.04699998249887644,0.0002048847191472827,-0.0012605402224262674,-0.028200000614692848,3.687924944651088e-06,-0.05169998074876409,-1.5126482669115209e-05,1.0,0.018,1.1,0.012,nan,0.3851972416148736,0.3783850499394563,0.38053418087851887,0.3525824527007761,0.3552500009536743,0.0799114199211814,0.0799114199211814,0.06641388468191901,0.06785814246876251,0.0,0.37299102909477655,0.35222947730649423,0.3750671842736048,0.3837790707841361,0.36155800379116776,0.38600117748343293,0.020761551788282318,0.02222106699296833,-0.1485594024727106,-0.11916646506748002,0.002076155178828232,0.0022221066992968333,nan,1.0,0.0,1.5143847477591437,0.7703944832297472,5.142000198364258,1.0,0,1,1,0,5.899567127227783,-4.851383209228516,-2.2279456746377844,FOLLOW_MAIN,cascade_pd_tracking,follow_main,inner_wheel_pd,lidar_disabled,FOLLOW_MAIN,COMMITTED,HOLD,1,1,1,1,1,1,1,1.9651546478271484,1.5648655891418457,1.18426513671875,0.779228687286377,0.3845546245574951,7.486343383789062e-05,0.01616960499995912,0.002027395000368415
1784807487.0070403,46.910688400268555,-28.200000000000003,-0.028200000000000003,-28.200000000000003,-0.028200000614692848,-28.200000614692847,-0.028200000614692848,-28.200000614692847,-0.047,-0.04699998249887644,-0.04699998249887644,0.0002048847191472827,-0.0012605402224262674,-0.028200000614692848,3.687924944651088e-06,-0.05169998074876409,-1.5126482669115209e-05,1.0,0.018,1.1,0.012,nan,0.3851972416148736,0.3783850499394563,0.38053418087851887,0.3525824527007761,0.3552500009536743,0.0799114199211814,0.0799114199211814,0.06641388468191901,0.06785814246876251,0.0,0.37299102909477655,0.35222947730649423,0.3750671842736048,0.3837790707841361,0.36155800379116776,0.38600117748343293,0.020761551788282318,0.02222106699296833,-0.1485594024727106,-0.11916646506748002,0.002076155178828232,0.0022221066992968333,nan,1.0,0.0,1.5143847477591437,0.7703944832297472,5.142000198364258,1.0,0,1,1,0,5.899567127227783,-4.851383209228516,-2.2279456746377844,FOLLOW_MAIN,cascade_pd_tracking,follow_main,inner_wheel_pd,lidar_disabled,FOLLOW_MAIN,COMMITTED,HOLD,1,1,1,1,1,1,1,6.985664367675781e-05,1.9675798416137695,1.586979627609253,1.181943416595459,0.787269115447998,0.4027893543243408,0.01616960499995912,0.002027395000368415
1784807487.3990195,47.30266761779785,-24.700000000000003,-0.024700000000000003,-24.700000000000003,-0.021450690097062172,-21.45069009706217,-0.021450690097062172,-21.45069009706217,-0.17400000000000002,-0.15025422016549683,-0.15025422016549683,-0.04997644245328793,-0.3615664439683088,-0.021450690097062172,-0.0008995759641591827,-0.16527964218204652,-0.004338797327619706,1.0,0.018,1.1,0.012,nan,0.450168218435014,0.450168218435014,0.45147143387865124,0.3525824527007761,0.43137502670288086,0.19196870557088758,0.09101718877039013,0.09046574906998027,0.06785814246876251,-0.09456522762775421,0.4440245581930126,0.43880409431172196,0.4440245581930126,0.45631187867701534,0.43024756980427026,0.45891830956428986,0.0,0.02606430887274508,0.037971161874979426,0.17004542032626338,0.0,0.002606430887274508,nan,1.0,0.0,1.311,0.900336436870028,3.6029999256134033,1.0,0,1,1,0,5.288505554199219,-5.637154579162598,-2.2279456746377844,FOLLOW_MAIN,cascade_pd_tracking,follow_main,inner_wheel_pd,lidar_disabled,FOLLOW_MAIN,COMMITTED,HOLD,1,1,1,1,1,1,1,0.3920414447784424,6.818771362304688e-05,1.9789507389068604,1.5739142894744873,1.1792397499084473,0.7947597503662109,0.006556759999511996,0.06351899200035405
1784807487.7520175,47.65566563606262,-24.700000000000003,-0.024700000000000003,-24.700000000000003,-0.021450690097062172,-21.45069009706217,-0.021450690097062172,-21.45069009706217,-0.17400000000000002,-0.15025422016549683,-0.15025422016549683,-0.04997644245328793,-0.3615664439683088,-0.021450690097062172,-0.0008995759641591827,-0.16527964218204652,-0.004338797327619706,1.0,0.018,1.1,0.012,nan,0.450168218435014,0.450168218435014,0.45147143387865124,0.3525824527007761,0.43137502670288086,0.19196870557088758,0.09101718877039013,0.09046574906998027,0.06785814246876251,-0.09456522762775421,0.4440245581930126,0.43880409431172196,0.4440245581930126,0.45631187867701534,0.43024756980427026,0.45891830956428986,0.0,0.02606430887274508,0.037971161874979426,0.17004542032626338,0.0,0.002606430887274508,nan,1.0,0.0,1.311,0.900336436870028,3.6029999256134033,1.0,0,1,1,0,5.288505554199219,-5.637154579162598,-2.2279456746377844,FOLLOW_MAIN,cascade_pd_tracking,follow_main,inner_wheel_pd,lidar_disabled,FOLLOW_MAIN,COMMITTED,HOLD,1,1,1,1,1,1,1,0.7450594902038574,0.3530862331390381,9.751319885253906e-05,1.9269330501556396,1.532259225845337,1.1477794647216797,0.006556759999511996,0.06351899200035405
1784807488.1077275,48.01137566566467,-24.700000000000003,-0.024700000000000003,-24.700000000000003,-0.021450690097062172,-21.45069009706217,-0.021450690097062172,-21.45069009706217,-0.17400000000000002,-0.15025422016549683,-0.15025422016549683,-0.04997644245328793,-0.3615664439683088,-0.021450690097062172,-0.0008995759641591827,-0.16527964218204652,-0.004338797327619706,1.0,0.018,1.1,0.012,nan,0.450168218435014,0.450168218435014,0.45147143387865124,0.27742407953138026,0.43137502670288086,0.19196870557088758,0.09101718877039013,0.09046574906998027,0.17288544485381968,-0.09456522762775421,0.4440245581930126,0.43880409431172196,0.4440245581930126,0.45631187867701534,0.43024756980427026,0.45891830956428986,0.0,0.02606430887274508,0.037971161874979426,0.17004542032626338,0.0,0.002606430887274508,nan,1.0,0.0,1.311,0.900336436870028,3.6029999256134033,1.0,0,1,1,0,5.288505554199219,-5.637154579162598,-2.2279456746377844,FOLLOW_MAIN,cascade_pd_tracking,follow_main,inner_wheel_pd,lidar_disabled,FOLLOW_MAIN,COMMITTED,HOLD,1,1,1,1,1,1,1,1.1007697582244873,0.708796501159668,0.3558077812194824,9.608268737792969e-05,1.887969970703125,1.5034902095794678,0.006556759999511996,0.06351899200035405
1784807488.474859,48.378507137298584,-24.700000000000003,-0.024700000000000003,-24.700000000000003,-0.021450690097062172,-21.45069009706217,-0.021450690097062172,-21.45069009706217,-0.17400000000000002,-0.15025422016549683,-0.15025422016549683,-0.04997644245328793,-0.3615664439683088,-0.021450690097062172,-0.0008995759641591827,-0.16527964218204652,-0.004338797327619706,1.0,0.018,1.1,0.012,nan,0.450168218435014,0.450168218435014,0.45147143387865124,0.27742407953138026,0.43137502670288086,0.19196870557088758,0.09101718877039013,0.09046574906998027,0.17288544485381968,-0.09456522762775421,0.4440245581930126,0.43880409431172196,0.4440245581930126,0.45631187867701534,0.43024756980427026,0.45891830956428986,0.0,0.02606430887274508,0.037971161874979426,0.17004542032626338,0.0,0.002606430887274508,nan,1.0,0.0,1.311,0.900336436870028,3.6029999256134033,1.0,0,1,1,0,5.288505554199219,-5.637154579162598,-2.1416405600671826,FOLLOW_MAIN,cascade_pd_tracking,follow_main,inner_wheel_pd,lidar_disabled,FOLLOW_MAIN,COMMITTED,HOLD,1,1,1,1,1,1,1,1.4679043292999268,1.0759315490722656,0.7229428291320801,0.3672306537628174,0.00010728836059570312,1.87062406539917,0.006556759999511996,0.06351899200035405
1784807488.8442128,48.7478609085083,-24.700000000000003,-0.024700000000000003,-24.700000000000003,-0.021450690097062172,-21.45069009706217,-0.021450690097062172,-21.45069009706217,-0.17400000000000002,-0.15025422016549683,-0.15025422016549683,-0.04997644245328793,-0.3615664439683088,-0.021450690097062172,-0.0008995759641591827,-0.16527964218204652,-0.004338797327619706,1.0,0.018,1.1,0.012,nan,0.450168218435014,0.450168218435014,0.45147143387865124,0.27742407953138026,0.43137502670288086,0.19196870557088758,0.09101718877039013,0.09046574906998027,0.17288544485381968,-0.09456522762775421,0.4440245581930126,0.43880409431172196,0.4440245581930126,0.45631187867701534,0.43024756980427026,0.45891830956428986,0.0,0.02606430887274508,0.037971161874979426,0.17004542032626338,0.0,0.002606430887274508,nan,1.0,0.0,1.311,0.900336436870028,3.6029999256134033,1.0,0,1,1,0,5.288505554199219,-5.637154579162598,-2.1416405600671826,FOLLOW_MAIN,cascade_pd_tracking,follow_main,inner_wheel_pd,lidar_disabled,FOLLOW_MAIN,COMMITTED,HOLD,1,1,1,1,1,1,1,1.8372466564178467,1.4452733993530273,1.0922844409942627,0.736572265625,0.3694491386413574,8.916854858398438e-05,0.006556759999511996,0.06351899200035405
1784807489.2079706,49.111618757247925,-24.700000000000003,-0.024700000000000003,-24.700000000000003,-0.021450690097062172,-21.45069009706217,-0.021450690097062172,-21.45069009706217,-0.17400000000000002,-0.15025422016549683,-0.15025422016549683,-0.04997644245328793,-0.3615664439683088,-0.021450690097062172,-0.0008995759641591827,-0.16527964218204652,-0.004338797327619706,1.0,0.018,1.1,0.012,nan,0.450168218435014,0.450168218435014,0.45147143387865124,0.27742407953138026,0.43137502670288086,0.19196870557088758,0.09101718877039013,0.09046574906998027,0.17288544485381968,-0.09456522762775421,0.4440245581930126,0.43880409431172196,0.4440245581930126,0.45631187867701534,0.43024756980427026,0.45891830956428986,0.0,0.02606430887274508,0.037971161874979426,0.17004542032626338,0.0,0.002606430887274508,nan,1.0,0.0,1.311,0.900336436870028,3.6029999256134033,1.0,0,1,1,0,5.288505554199219,-5.637154579162598,-2.1416405600671826,FOLLOW_MAIN,cascade_pd_tracking,follow_main,inner_wheel_pd,lidar_disabled,FOLLOW_MAIN,COMMITTED,HOLD,1,1,1,1,1,1,1,0.00010609626770019531,1.8090379238128662,1.4560489654541016,1.100337028503418,0.7332139015197754,0.36385393142700195,0.006556759999511996,0.06351899200035405
1784807491.4939852,51.39763331413269,-9.0,-0.009,-9.0,0.0018772146692115307,1.8772146692115308,0.0,0.0,-0.065,0.013086852379686733,0.0,-0.06113896835379271,-0.4682479683930998,0.0,-0.0011005014303682688,0.0,-0.005618975620717197,1.0,0.018,1.1,0.012,nan,0.4716836260404114,0.4415060005439011,0.45546670484418783,0.27742407953138026,0.32987499237060547,0.0,0.0,0.01449265692473219,0.17288544485381968,-0.22065211832523346,0.4415060005439011,0.31382888854614815,0.45427371174367637,0.4415060005439011,0.2899690265359188,0.45665969794469935,0.12767711199775295,0.15153697400798233,0.06589887335606757,0.11697675821889839,0.012767711199775295,0.015153697400798234,nan,1.0,0.0,-1.418,0.9433672520808228,2.691999912261963,1.0,0,1,1,0,4.60373067855835,-6.62828254699707,-2.1416405600671826,FOLLOW_MAIN,cascade_pd_tracking,follow_main,inner_wheel_pd,lidar_disabled,FOLLOW_MAIN,COMMITTED,UNKNOWN,1,1,1,1,1,1,2,2.286118745803833,0.00011777877807617188,3.7420616149902344,3.386349678039551,3.0192267894744873,2.649866819381714,0.08500529899993126,0.05138310299935256
1784807491.8708804,51.77452850341797,-9.0,-0.009,-9.0,0.0018772146692115307,1.8772146692115308,0.0,0.0,-0.065,0.013086852379686733,0.0,-0.06113896835379271,-0.4682479683930998,0.0,-0.0011005014303682688,0.0,-0.005618975620717197,1.0,0.018,1.1,0.012,nan,0.4716836260404114,0.4415060005439011,0.45546670484418783,0.27742407953138026,0.32987499237060547,0.0,0.0,0.01449265692473219,0.17288544485381968,-0.22065211832523346,0.4415060005439011,0.31382888854614815,0.45427371174367637,0.4415060005439011,0.2899690265359188,0.45665969794469935,0.12767711199775295,0.15153697400798233,0.06589887335606757,0.11697675821889839,0.012767711199775295,0.015153697400798234,nan,1.0,0.0,-1.418,0.9433672520808228,2.691999912261963,1.0,0,1,1,0,4.60373067855835,-6.62828254699707,-2.1416405600671826,FOLLOW_MAIN,cascade_pd_tracking,follow_main,inner_wheel_pd,lidar_disabled,FOLLOW_MAIN,COMMITTED,UNKNOWN,1,1,1,1,1,1,2,2.663004159927368,0.377002477645874,6.866455078125e-05,3.7632339000701904,3.3961105346679688,3.0267505645751953,0.08500529899993126,0.05138310299935256
1784807492.244832,52.14848017692566,-9.0,-0.009,-9.0,0.0018772146692115307,1.8772146692115308,0.0,0.0,-0.065,0.013086852379686733,0.0,-0.06113896835379271,-0.4682479683930998,0.0,-0.0011005014303682688,0.0,-0.005618975620717197,1.0,0.018,1.1,0.012,nan,0.4716836260404114,0.4415060005439011,0.45546670484418783,0.3120078638666565,0.32987499237060547,0.0,0.0,0.01449265692473219,0.2751236609278169,-0.22065211832523346,0.4415060005439011,0.31382888854614815,0.45427371174367637,0.4415060005439011,0.2899690265359188,0.45665969794469935,0.12767711199775295,0.15153697400798233,0.06589887335606757,0.11697675821889839,0.012767711199775295,0.015153697400798234,nan,1.0,0.0,-1.418,0.9433672520808228,2.691999912261963,1.0,0,1,1,0,4.60373067855835,-6.62828254699707,-2.1416405600671826,FOLLOW_MAIN,cascade_pd_tracking,follow_main,inner_wheel_pd,lidar_disabled,FOLLOW_MAIN,COMMITTED,UNKNOWN,1,1,1,1,1,1,2,3.036959171295166,0.750957727432251,0.3740243911743164,7.534027099609375e-05,3.770066261291504,3.4007065296173096,0.08500529899993126,0.05138310299935256
1784807492.606114,52.50976204872131,-9.0,-0.009,-9.0,0.0018772146692115307,1.8772146692115308,0.0,0.0,-0.065,0.013086852379686733,0.0,-0.06113896835379271,-0.4682479683930998,0.0,-0.0011005014303682688,0.0,-0.005618975620717197,1.0,0.018,1.1,0.012,nan,0.4716836260404114,0.4415060005439011,0.45546670484418783,0.3120078638666565,0.32987499237060547,0.0,0.0,0.01449265692473219,0.2751236609278169,-0.22065211832523346,0.4415060005439011,0.31382888854614815,0.45427371174367637,0.4415060005439011,0.2899690265359188,0.45665969794469935,0.12767711199775295,0.15153697400798233,0.06589887335606757,0.11697675821889839,0.012767711199775295,0.015153697400798234,nan,1.0,0.0,-1.418,0.9433672520808228,2.691999912261963,1.0,0,1,1,0,4.60373067855835,-6.62828254699707,-2.5993366315542854,FOLLOW_MAIN,cascade_pd_tracking,follow_main,inner_wheel_pd,lidar_disabled,FOLLOW_MAIN,COMMITTED,UNKNOWN,1,1,1,1,1,1,2,3.3982391357421875,1.1122376918792725,0.7353041172027588,0.3613550662994385,8.130073547363281e-05,3.761986017227173,0.08500529899993126,0.05138310299935256
1784807492.9749975,52.87864565849304,-9.0,-0.009,-9.0,0.0018772146692115307,1.8772146692115308,0.0,0.0,-0.065,0.013086852379686733,0.0,-0.06113896835379271,-0.4682479683930998,0.0,-0.0011005014303682688,0.0,-0.005618975620717197,1.0,0.018,1.1,0.012,nan,0.4716836260404114,0.4415060005439011,0.45546670484418783,0.3120078638666565,0.32987499237060547,0.0,0.0,0.01449265692473219,0.2751236609278169,-0.22065211832523346,0.4415060005439011,0.31382888854614815,0.45427371174367637,0.4415060005439011,0.2899690265359188,0.45665969794469935,0.12767711199775295,0.15153697400798233,0.06589887335606757,0.11697675821889839,0.012767711199775295,0.015153697400798234,nan,1.0,0.0,-1.418,0.9433672520808228,2.691999912261963,1.0,0,1,1,0,4.60373067855835,-6.62828254699707,-2.5993366315542854,FOLLOW_MAIN,cascade_pd_tracking,follow_main,inner_wheel_pd,lidar_disabled,FOLLOW_MAIN,COMMITTED,UNKNOWN,1,1,1,1,1,1,2,3.767117738723755,1.4811160564422607,1.104182481765747,0.7302336692810059,0.3689594268798828,6.890296936035156e-05,0.08500529899993126,0.05138310299935256
1784807493.3560445,53.259692668914795,-9.0,-0.009,-9.0,0.0018772146692115307,1.8772146692115308,0.0,0.0,-0.065,0.013086852379686733,0.0,-0.06113896835379271,-0.4682479683930998,0.0,-0.0011005014303682688,0.0,-0.005618975620717197,1.0,0.018,1.1,0.012,nan,0.4716836260404114,0.4415060005439011,0.45546670484418783,0.3120078638666565,0.32987499237060547,0.0,0.0,0.01449265692473219,0.2751236609278169,-0.22065211832523346,0.4415060005439011,0.31382888854614815,0.45427371174367637,0.4415060005439011,0.2899690265359188,0.45665969794469935,0.12767711199775295,0.15153697400798233,0.06589887335606757,0.11697675821889839,0.012767711199775295,0.015153697400798234,nan,1.0,0.0,-1.418,0.9433672520808228,2.691999912261963,1.0,0,1,1,0,4.60373067855835,-6.62828254699707,-2.5993366315542854,FOLLOW_MAIN,cascade_pd_tracking,follow_main,inner_wheel_pd,lidar_disabled,FOLLOW_MAIN,COMMITTED,UNKNOWN,1,1,1,1,1,1,2,0.00011157989501953125,1.8622069358825684,1.4852733612060547,1.1113247871398926,0.7500507831573486,0.38116025924682617,0.08500529899993126,0.05138310299935256
1784807493.7453496,53.64899778366089,4.1000000000000005,0.0041,4.1000000000000005,0.004018842416898467,4.018842416898467,0.0,0.0,0.007,0.006323199072049894,0.0,0.008907193586219567,0.09122705006720289,0.0,0.00016032948455195218,0.0,0.0010947246008064346,1.0,0.018,1.1,0.012,nan,0.4546355144308203,0.4546355144308203,0.45778536783683665,0.3120078638666565,0.453125,0.0,0.0,-0.007140661011889601,0.2751236609278169,0.09456516802310944,0.4546355144308203,0.4172589972206257,0.45837316615183976,0.4546355144308203,0.42901496352068774,0.45719756952183355,0.03737651721019458,0.025620550910132545,-0.14818902399825534,-0.14149699521789438,0.0037376517210194584,0.002562055091013255,nan,1.0,0.0,0.008649192471065404,0.9092710288616406,1.8650000095367432,1.0,0,1,1,0,3.850236177444458,-7.117751598358154,-2.5993366315542854,FOLLOW_MAIN,cascade_pd_tracking,follow_main,inner_wheel_pd,lidar_disabled,FOLLOW_MAIN,COMMITTED,HOLD,1,1,1,1,1,1,1,0.38938117027282715,8.7738037109375e-05,1.8745436668395996,1.5005948543548584,1.1393210887908936,0.7704305648803711,0.08403870400070446,0.05782986400026857
1784807494.145929,54.04957723617554,4.1000000000000005,0.0041,4.1000000000000005,0.004018842416898467,4.018842416898467,0.0,0.0,0.007,0.006323199072049894,0.0,0.008907193586219567,0.09122705006720289,0.0,0.00016032948455195218,0.0,0.0010947246008064346,1.0,0.018,1.1,0.012,nan,0.4546355144308203,0.4546355144308203,0.45778536783683665,0.3120078638666565,0.453125,0.0,0.0,-0.007140661011889601,0.2751236609278169,0.09456516802310944,0.4546355144308203,0.4172589972206257,0.45837316615183976,0.4546355144308203,0.42901496352068774,0.45719756952183355,0.03737651721019458,0.025620550910132545,-0.14818902399825534,-0.14149699521789438,0.0037376517210194584,0.002562055091013255,nan,1.0,0.0,0.008649192471065404,0.9092710288616406,1.8650000095367432,1.0,0,1,1,0,3.850236177444458,-7.117751598358154,-2.5993366315542854,FOLLOW_MAIN,cascade_pd_tracking,follow_main,inner_wheel_pd,lidar_disabled,FOLLOW_MAIN,COMMITTED,HOLD,1,1,1,1,1,1,1,0.7899622917175293,0.4006686210632324,8.0108642578125e-05,1.9011752605438232,1.5399019718170166,1.1710114479064941,0.08403870400070446,0.05782986400026857
1784807494.5097287,54.413376808166504,4.1000000000000005,0.0041,4.1000000000000005,0.004018842416898467,4.018842416898467,0.0,0.0,0.007,0.006323199072049894,0.0,0.008907193586219567,0.09122705006720289,0.0,0.00016032948455195218,0.0,0.0010947246008064346,1.0,0.018,1.1,0.012,nan,0.4546355144308203,0.4546355144308203,0.45778536783683665,0.4956527066491347,0.453125,0.0,0.0,-0.007140661011889601,-0.005075712862458969,0.09456516802310944,0.4546355144308203,0.4172589972206257,0.45837316615183976,0.4546355144308203,0.42901496352068774,0.45719756952183355,0.03737651721019458,0.025620550910132545,-0.14818902399825534,-0.14149699521789438,0.0037376517210194584,0.002562055091013255,nan,1.0,0.0,0.008649192471065404,0.9092710288616406,1.8650000095367432,1.0,0,1,1,0,3.850236177444458,-7.117751598358154,-2.5993366315542854,FOLLOW_MAIN,cascade_pd_tracking,follow_main,inner_wheel_pd,lidar_disabled,FOLLOW_MAIN,COMMITTED,HOLD,1,1,1,1,1,1,1,1.1537573337554932,0.7644636631011963,0.363875150680542,7.581710815429688e-05,1.9036965370178223,1.5348060131072998,0.08403870400070446,0.05782986400026857
1784807494.888677,54.792325019836426,4.1000000000000005,0.0041,4.1000000000000005,0.004018842416898467,4.018842416898467,0.0,0.0,0.007,0.006323199072049894,0.0,0.008907193586219567,0.09122705006720289,0.0,0.00016032948455195218,0.0,0.0010947246008064346,1.0,0.018,1.1,0.012,nan,0.4546355144308203,0.4546355144308203,0.45778536783683665,0.4956527066491347,0.453125,0.0,0.0,-0.007140661011889601,-0.005075712862458969,0.09456516802310944,0.4546355144308203,0.4172589972206257,0.45837316615183976,0.4546355144308203,0.42901496352068774,0.45719756952183355,0.03737651721019458,0.025620550910132545,-0.14818902399825534,-0.14149699521789438,0.0037376517210194584,0.002562055091013255,nan,1.0,0.0,0.008649192471065404,0.9092710288616406,1.8650000095367432,1.0,0,1,1,0,3.850236177444458,-7.117751598358154,-2.422657306105697,FOLLOW_MAIN,cascade_pd_tracking,follow_main,inner_wheel_pd,lidar_disabled,FOLLOW_MAIN,COMMITTED,HOLD,1,1,1,1,1,1,1,1.532712697982788,1.1434190273284912,0.7428305149078369,0.3790316581726074,9.679794311523438e-05,1.9137616157531738,0.08403870400070446,0.05782986400026857
1784807495.2377155,55.14136362075806,4.1000000000000005,0.0041,4.1000000000000005,0.004018842416898467,4.018842416898467,0.0,0.0,0.007,0.006323199072049894,0.0,0.008907193586219567,0.09122705006720289,0.0,0.00016032948455195218,0.0,0.0010947246008064346,1.0,0.018,1.1,0.012,nan,0.4546355144308203,0.4546355144308203,0.45778536783683665,0.4956527066491347,0.453125,0.0,0.0,-0.007140661011889601,-0.005075712862458969,0.09456516802310944,0.4546355144308203,0.4172589972206257,0.45837316615183976,0.4546355144308203,0.42901496352068774,0.45719756952183355,0.03737651721019458,0.025620550910132545,-0.14818902399825534,-0.14149699521789438,0.0037376517210194584,0.002562055091013255,nan,1.0,0.0,0.008649192471065404,0.9092710288616406,1.8650000095367432,1.0,0,1,1,0,3.850236177444458,-7.117751598358154,-2.422657306105697,FOLLOW_MAIN,cascade_pd_tracking,follow_main,inner_wheel_pd,lidar_disabled,FOLLOW_MAIN,COMMITTED,HOLD,1,1,1,1,1,1,1,1.8817451000213623,1.4924514293670654,1.091862678527832,0.7280638217926025,0.34912919998168945,8.20159912109375e-05,0.08403870400070446,0.05782986400026857
1784807495.5654979,55.46914601325989,4.1000000000000005,0.0041,4.1000000000000005,0.004018842416898467,4.018842416898467,0.0,0.0,0.007,0.006323199072049894,0.0,0.008907193586219567,0.09122705006720289,0.0,0.00016032948455195218,0.0,0.0010947246008064346,1.0,0.018,1.1,0.012,nan,0.4546355144308203,0.4546355144308203,0.45778536783683665,0.4956527066491347,0.453125,0.0,0.0,-0.007140661011889601,-0.005075712862458969,0.09456516802310944,0.4546355144308203,0.4172589972206257,0.45837316615183976,0.4546355144308203,0.42901496352068774,0.45719756952183355,0.03737651721019458,0.025620550910132545,-0.14818902399825534,-0.14149699521789438,0.0037376517210194584,0.002562055091013255,nan,1.0,0.0,0.008649192471065404,0.9092710288616406,1.8650000095367432,1.0,0,1,1,0,3.850236177444458,-7.117751598358154,-2.422657306105697,FOLLOW_MAIN,cascade_pd_tracking,follow_main,inner_wheel_pd,lidar_disabled,FOLLOW_MAIN,COMMITTED,HOLD,1,1,1,1,1,1,1,8.463859558105469e-05,1.8202457427978516,1.4196569919586182,1.0558581352233887,0.6769232749938965,0.32787656784057617,0.08403870400070446,0.05782986400026857
1784807495.9399717,55.84361982345581,45.7,0.045700000000000005,45.7,0.04461648848775374,44.61648848775374,0.04461648848775374,44.61648848775374,0.077,0.07517117611537263,0.07517117611537263,0.04547275280222553,0.10229229674739244,0.04461648848775374,0.0008185095504400595,0.0826882937269099,0.0012275075609687093,1.0,0.018,1.1,0.012,nan,0.4400067806356449,0.4400067806356449,0.44105161569932116,0.44801684160169125,0.4205000102519989,-0.1293507993260724,-0.1293507993260724,-0.11876046659129769,-0.10887067623862402,0.0,0.4487379595901548,0.42784125831663,0.45082762971750723,0.43127560168113505,0.4257988537964974,0.43127560168113505,0.020896701273524776,0.0,0.12737247003826488,0.08930050241474137,0.0020896701273524776,0.0,nan,1.0,0.0,0.017377376654632556,0.8800135612712898,2.319999933242798,1.0,0,1,1,0,3.2275328636169434,-7.64009428024292,-2.422657306105697,FOLLOW_MAIN,cascade_pd_tracking,follow_main,inner_wheel_pd,lidar_disabled,FOLLOW_MAIN,COMMITTED,HOLD,1,1,1,1,1,1,1,0.37455248832702637,0.3711702823638916,0.3678405284881592,8.440017700195312e-05,1.051391363143921,0.7023446559906006,0.1755895779997445,0.05485187300018879
1784807496.3010836,56.204731702804565,45.7,0.045700000000000005,45.7,0.04461648848775374,44.61648848775374,0.04461648848775374,44.61648848775374,0.077,0.07517117611537263,0.07517117611537263,0.04547275280222553,0.10229229674739244,0.04461648848775374,0.0008185095504400595,0.0826882937269099,0.0012275075609687093,1.0,0.018,1.1,0.012,nan,0.4400067806356449,0.4400067806356449,0.44105161569932116,0.44801684160169125,0.4205000102519989,-0.1293507993260724,-0.1293507993260724,-0.11876046659129769,-0.10887067623862402,0.0,0.4487379595901548,0.42784125831663,0.45082762971750723,0.43127560168113505,0.4257988537964974,0.43127560168113505,0.020896701273524776,0.0,0.12737247003826488,0.08930050241474137,0.0020896701273524776,0.0,nan,1.0,0.0,0.017377376654632556,0.8800135612712898,2.319999933242798,1.0,0,1,1,0,3.2275328636169434,-7.64009428024292,-2.4278269865996864,FOLLOW_MAIN,cascade_pd_tracking,follow_main,inner_wheel_pd,lidar_disabled,FOLLOW_MAIN,COMMITTED,HOLD,1,1,1,1,1,1,1,0.7356586456298828,0.732276439666748,0.7289466857910156,0.3611903190612793,8.058547973632812e-05,1.0634500980377197,0.1755895779997445,0.05485187300018879
1784807496.6638582,56.567506313323975,45.7,0.045700000000000005,45.7,0.04461648848775374,44.61648848775374,0.04461648848775374,44.61648848775374,0.077,0.07517117611537263,0.07517117611537263,0.04547275280222553,0.10229229674739244,0.04461648848775374,0.0008185095504400595,0.0826882937269099,0.0012275075609687093,1.0,0.018,1.1,0.012,nan,0.4400067806356449,0.4400067806356449,0.44105161569932116,0.44801684160169125,0.4205000102519989,-0.1293507993260724,-0.1293507993260724,-0.11876046659129769,-0.10887067623862402,0.0,0.4487379595901548,0.42784125831663,0.45082762971750723,0.43127560168113505,0.4257988537964974,0.43127560168113505,0.020896701273524776,0.0,0.12737247003826488,0.08930050241474137,0.0020896701273524776,0.0,nan,1.0,0.0,0.017377376654632556,0.8800135612712898,2.319999933242798,1.0,0,1,1,0,3.2275328636169434,-7.64009428024292,-2.4278269865996864,FOLLOW_MAIN,cascade_pd_tracking,follow_main,inner_wheel_pd,lidar_disabled,FOLLOW_MAIN,COMMITTED,HOLD,1,1,1,1,1,1,1,1.0984349250793457,1.095052719116211,1.0917229652404785,0.7239665985107422,0.3628573417663574,8.249282836914062e-05,0.1755895779997445,0.05485187300018879
1784807497.0175645,56.921212673187256,45.7,0.045700000000000005,45.7,0.04461648848775374,44.61648848775374,0.04461648848775374,44.61648848775374,0.077,0.07517117611537263,0.07517117611537263,0.04547275280222553,0.10229229674739244,0.04461648848775374,0.0008185095504400595,0.0826882937269099,0.0012275075609687093,1.0,0.018,1.1,0.012,nan,0.4400067806356449,0.4400067806356449,0.44105161569932116,0.44801684160169125,0.4205000102519989,-0.1293507993260724,-0.1293507993260724,-0.11876046659129769,-0.10887067623862402,0.0,0.4487379595901548,0.42784125831663,0.45082762971750723,0.43127560168113505,0.4257988537964974,0.43127560168113505,0.020896701273524776,0.0,0.12737247003826488,0.08930050241474137,0.0020896701273524776,0.0,nan,1.0,0.0,0.017377376654632556,0.8800135612712898,2.319999933242798,1.0,0,1,1,0,3.2275328636169434,-7.64009428024292,-2.4278269865996864,FOLLOW_MAIN,cascade_pd_tracking,follow_main,inner_wheel_pd,lidar_disabled,FOLLOW_MAIN,COMMITTED,HOLD,1,1,1,1,1,1,1,7.200241088867188e-05,1.4487581253051758,1.4454286098480225,1.0776727199554443,0.7165629863739014,0.3537881374359131,0.1755895779997445,0.05485187300018879
1784807497.3897176,57.293365716934204,-9.9,-0.0099,-9.9,-0.00499197193537354,-4.99197193537354,0.0,0.0,-0.07100000000000001,-0.035672045153317906,-0.035672045153317906,-0.011274574453317985,-0.19169843038866627,0.0,-0.0002029423401597237,-0.0392392496686497,-0.0023003811646639953,1.0,0.018,1.1,0.012,nan,0.3061046884445952,0.3061046884445952,0.309495830319643,0.44801684160169125,0.27912500500679016,0.04174257317347342,0.04174257317347342,0.040906210015202005,-0.10887067623862402,-0.031521786004304886,0.30328706475538575,0.27487220394240036,0.3061285508366843,0.30892231213380467,0.26951433544583464,0.3128631098026017,0.028414860812985387,0.039407976687970026,-0.22763769528129238,-0.1919066325247624,0.002841486081298539,0.003940797668797002,nan,1.0,0.0,-4.733,0.6122093768891904,2.569999933242798,1.0,0,1,1,0,2.8366916179656982,-7.975503444671631,-2.4278269865996864,FOLLOW_MAIN,cascade_pd_tracking,follow_main,inner_wheel_pd,lidar_disabled,FOLLOW_MAIN,COMMITTED,UNKNOWN,1,1,1,1,1,1,2,0.3722233772277832,8.821487426757812e-05,1.817580223083496,1.4498238563537598,1.088714599609375,0.7259397506713867,0.06574403600006917,0.09313839799960988
1784807497.7598896,57.6635377407074,-9.9,-0.0099,-9.9,-0.00499197193537354,-4.99197193537354,0.0,0.0,-0.07100000000000001,-0.035672045153317906,-0.035672045153317906,-0.011274574453317985,-0.19169843038866627,0.0,-0.0002029423401597237,-0.0392392496686497,-0.0023003811646639953,1.0,0.018,1.1,0.012,nan,0.3061046884445952,0.3061046884445952,0.309495830319643,0.44801684160169125,0.27912500500679016,0.04174257317347342,0.04174257317347342,0.040906210015202005,-0.10887067623862402,-0.031521786004304886,0.30328706475538575,0.27487220394240036,0.3061285508366843,0.30892231213380467,0.26951433544583464,0.3128631098026017,0.028414860812985387,0.039407976687970026,-0.22763769528129238,-0.1919066325247624,0.002841486081298539,0.003940797668797002,nan,1.0,0.0,-4.733,0.6122093768891904,2.569999933242798,1.0,0,1,1,0,2.8366916179656982,-7.975503444671631,-2.4278269865996864,FOLLOW_MAIN,cascade_pd_tracking,follow_main,inner_wheel_pd,lidar_disabled,FOLLOW_MAIN,COMMITTED,UNKNOWN,1,1,1,1,1,1,2,0.7424051761627197,0.370269775390625,8.96453857421875e-05,1.8200058937072754,1.4588966369628906,1.0961217880249023,0.06574403600006917,0.09313839799960988
1784807498.1597662,58.063414335250854,-9.9,-0.0099,-9.9,-0.00499197193537354,-4.99197193537354,0.0,0.0,-0.07100000000000001,-0.035672045153317906,-0.035672045153317906,-0.011274574453317985,-0.19169843038866627,0.0,-0.0002029423401597237,-0.0392392496686497,-0.0023003811646639953,1.0,0.018,1.1,0.012,nan,0.3061046884445952,0.3061046884445952,0.309495830319643,0.21299376540863035,0.27912500500679016,0.04174257317347342,0.04174257317347342,0.040906210015202005,0.3499428083589452,-0.031521786004304886,0.30328706475538575,0.27487220394240036,0.3061285508366843,0.30892231213380467,0.26951433544583464,0.3128631098026017,0.028414860812985387,0.039407976687970026,-0.22763769528129238,-0.1919066325247624,0.002841486081298539,0.003940797668797002,nan,1.0,0.0,-4.733,0.6122093768891904,2.569999933242798,1.0,0,1,1,0,2.8366916179656982,-7.975503444671631,-2.4278269865996864,FOLLOW_MAIN,cascade_pd_tracking,follow_main,inner_wheel_pd,lidar_disabled,FOLLOW_MAIN,COMMITTED,UNKNOWN,1,1,1,1,1,1,2,1.1422712802886963,0.7701356410980225,0.39995527267456055,7.414817810058594e-05,1.8587617874145508,1.4959869384765625,0.06574403600006917,0.09313839799960988
1784807498.5493672,58.45301532745361,-9.9,-0.0099,-9.9,-0.00499197193537354,-4.99197193537354,0.0,0.0,-0.07100000000000001,-0.035672045153317906,-0.035672045153317906,-0.011274574453317985,-0.19169843038866627,0.0,-0.0002029423401597237,-0.0392392496686497,-0.0023003811646639953,1.0,0.018,1.1,0.012,nan,0.3061046884445952,0.3061046884445952,0.309495830319643,0.21299376540863035,0.27912500500679016,0.04174257317347342,0.04174257317347342,0.040906210015202005,0.3499428083589452,-0.031521786004304886,0.30328706475538575,0.27487220394240036,0.3061285508366843,0.30892231213380467,0.26951433544583464,0.3128631098026017,0.028414860812985387,0.039407976687970026,-0.22763769528129238,-0.1919066325247624,0.002841486081298539,0.003940797668797002,nan,1.0,0.0,-4.733,0.6122093768891904,2.569999933242798,1.0,0,1,1,0,2.8366916179656982,-7.975503444671631,-2.434225453337414,FOLLOW_MAIN,cascade_pd_tracking,follow_main,inner_wheel_pd,lidar_disabled,FOLLOW_MAIN,COMMITTED,UNKNOWN,1,1,1,1,1,1,2,1.5318689346313477,1.159733772277832,0.7895534038543701,0.38967204093933105,7.224082946777344e-05,1.8855845928192139,0.06574403600006917,0.09313839799960988
1784807498.9064753,58.810123443603516,-9.9,-0.0099,-9.9,-0.00499197193537354,-4.99197193537354,0.0,0.0,-0.07100000000000001,-0.035672045153317906,-0.035672045153317906,-0.011274574453317985,-0.19169843038866627,0.0,-0.0002029423401597237,-0.0392392496686497,-0.0023003811646639953,1.0,0.018,1.1,0.012,nan,0.3061046884445952,0.3061046884445952,0.309495830319643,0.21299376540863035,0.27912500500679016,0.04174257317347342,0.04174257317347342,0.040906210015202005,0.3499428083589452,-0.031521786004304886,0.30328706475538575,0.27487220394240036,0.3061285508366843,0.30892231213380467,0.26951433544583464,0.3128631098026017,0.028414860812985387,0.039407976687970026,-0.22763769528129238,-0.1919066325247624,0.002841486081298539,0.003940797668797002,nan,1.0,0.0,-4.733,0.6122093768891904,2.569999933242798,1.0,0,1,1,0,2.8366916179656982,-7.975503444671631,-2.434225453337414,FOLLOW_MAIN,cascade_pd_tracking,follow_main,inner_wheel_pd,lidar_disabled,FOLLOW_MAIN,COMMITTED,UNKNOWN,1,1,1,1,1,1,2,1.888984203338623,1.5168490409851074,1.1466686725616455,0.7467873096466064,0.35718822479248047,8.988380432128906e-05,0.06574403600006917,0.09313839799960988
1784807499.2811418,59.18478989601135,-9.9,-0.0099,-9.9,-0.00499197193537354,-4.99197193537354,0.0,0.0,-0.07100000000000001,-0.035672045153317906,-0.035672045153317906,-0.011274574453317985,-0.19169843038866627,0.0,-0.0002029423401597237,-0.0392392496686497,-0.0023003811646639953,1.0,0.018,1.1,0.012,nan,0.3061046884445952,0.3061046884445952,0.309495830319643,0.21299376540863035,0.27912500500679016,0.04174257317347342,0.04174257317347342,0.040906210015202005,0.3499428083589452,-0.031521786004304886,0.30328706475538575,0.27487220394240036,0.3061285508366843,0.30892231213380467,0.26951433544583464,0.3128631098026017,0.028414860812985387,0.039407976687970026,-0.22763769528129238,-0.1919066325247624,0.002841486081298539,0.003940797668797002,nan,1.0,0.0,-4.733,0.6122093768891904,2.569999933242798,1.0,0,1,1,0,2.8366916179656982,-7.975503444671631,-2.434225453337414,FOLLOW_MAIN,cascade_pd_tracking,follow_main,inner_wheel_pd,lidar_disabled,FOLLOW_MAIN,COMMITTED,UNKNOWN,1,1,1,1,1,1,2,6.604194641113281e-05,1.891507863998413,1.5213274955749512,1.121446132659912,0.731846809387207,0.37474846839904785,0.06574403600006917,0.09313839799960988
1784807499.6474383,59.55108642578125,-77.2,-0.0772,-77.2,-0.07720019373095724,-77.20019373095724,-0.07720019373095724,-77.20019373095724,-0.131,-0.13102568302481638,-0.13102568302481638,-0.0002707510268307056,0.03158811908216906,-0.07720019373095724,-4.8735184829527e-06,-0.14412825132729803,0.00037905742898602875,1.0,0.018,1.1,0.012,nan,0.3217657896342716,0.3217657896342716,0.3217657896342716,0.21299376540863035,0.3334999978542328,0.22095426114775218,0.22095426114775218,0.1811824941411569,0.3499428083589452,0.2521739602088928,0.3068513770067983,0.30049553180909266,0.3068513770067983,0.3366802022617449,0.3299212288306402,0.3366802022617449,0.0,0.0,-0.17560733500978512,-0.17004009910084067,0.0,0.0,nan,1.0,0.0,-1.107094105177945,0.6435315792685432,0.9950000047683716,1.0,0,1,1,0,2.352147102355957,-8.423062324523926,-2.434225453337414,FOLLOW_MAIN,cascade_pd_tracking,follow_main,inner_wheel_pd,lidar_disabled,FOLLOW_MAIN,COMMITTED,HOLD,1,1,1,1,1,1,1,0.3663623332977295,8.726119995117188e-05,1.8876235485076904,1.4877421855926514,1.0981426239013672,0.7410445213317871,0.06274217499958468,0.014715342000272358
1784807500.0325656,59.93621373176575,-77.2,-0.0772,-77.2,-0.07720019373095724,-77.20019373095724,-0.07720019373095724,-77.20019373095724,-0.131,-0.13102568302481638,-0.13102568302481638,-0.0002707510268307056,0.03158811908216906,-0.07720019373095724,-4.8735184829527e-06,-0.14412825132729803,0.00037905742898602875,1.0,0.018,1.1,0.012,nan,0.3217657896342716,0.3217657896342716,0.3217657896342716,0.21299376540863035,0.3334999978542328,0.22095426114775218,0.22095426114775218,0.1811824941411569,0.3499428083589452,0.2521739602088928,0.3068513770067983,0.30049553180909266,0.3068513770067983,0.3366802022617449,0.3299212288306402,0.3366802022617449,0.0,0.0,-0.17560733500978512,-0.17004009910084067,0.0,0.0,nan,1.0,0.0,-1.107094105177945,0.6435315792685432,0.9950000047683716,1.0,0,1,1,0,2.352147102355957,-8.423062324523926,-2.434225453337414,FOLLOW_MAIN,cascade_pd_tracking,follow_main,inner_wheel_pd,lidar_disabled,FOLLOW_MAIN,COMMITTED,HOLD,1,1,1,1,1,1,1,0.7515020370483398,0.3852269649505615,8.821487426757812e-05,1.87288236618042,1.4832828044891357,1.1261847019195557,0.06274217499958468,0.014715342000272358
1784807500.4157357,60.3193838596344,-77.2,-0.0772,-77.2,-0.07720019373095724,-77.20019373095724,-0.07720019373095724,-77.20019373095724,-0.131,-0.13102568302481638,-0.13102568302481638,-0.0002707510268307056,0.03158811908216906,-0.07720019373095724,-4.8735184829527e-06,-0.14412825132729803,0.00037905742898602875,1.0,0.018,1.1,0.012,nan,0.3217657896342716,0.3217657896342716,0.3217657896342716,0.3095098634003264,0.3334999978542328,0.22095426114775218,0.22095426114775218,0.1811824941411569,0.21798900721230757,0.2521739602088928,0.3068513770067983,0.30049553180909266,0.3068513770067983,0.3366802022617449,0.3299212288306402,0.3366802022617449,0.0,0.0,-0.17560733500978512,-0.17004009910084067,0.0,0.0,nan,1.0,0.0,-1.107094105177945,0.6435315792685432,0.9950000047683716,1.0,0,1,1,0,2.352147102355957,-8.423062324523926,-2.434225453337414,FOLLOW_MAIN,cascade_pd_tracking,follow_main,inner_wheel_pd,lidar_disabled,FOLLOW_MAIN,COMMITTED,HOLD,1,1,1,1,1,1,1,1.1346626281738281,0.7683875560760498,0.38324904441833496,7.05718994140625e-05,1.866443395614624,1.5093450546264648,0.06274217499958468,0.014715342000272358
1784807500.7883327,60.691980838775635,-77.2,-0.0772,-77.2,-0.07720019373095724,-77.20019373095724,-0.07720019373095724,-77.20019373095724,-0.131,-0.13102568302481638,-0.13102568302481638,-0.0002707510268307056,0.03158811908216906,-0.07720019373095724,-4.8735184829527e-06,-0.14412825132729803,0.00037905742898602875,1.0,0.018,1.1,0.012,nan,0.3217657896342716,0.3217657896342716,0.3217657896342716,0.3095098634003264,0.3334999978542328,0.22095426114775218,0.22095426114775218,0.1811824941411569,0.21798900721230757,0.2521739602088928,0.3068513770067983,0.30049553180909266,0.3068513770067983,0.3366802022617449,0.3299212288306402,0.3366802022617449,0.0,0.0,-0.17560733500978512,-0.17004009910084067,0.0,0.0,nan,1.0,0.0,-1.107094105177945,0.6435315792685432,0.9950000047683716,1.0,0,1,1,0,2.352147102355957,-8.423062324523926,-1.9765924276381959,FOLLOW_MAIN,cascade_pd_tracking,follow_main,inner_wheel_pd,lidar_disabled,FOLLOW_MAIN,COMMITTED,HOLD,1,1,1,1,1,1,1,1.5072591304779053,1.1409838199615479,0.7558450698852539,0.372666597366333,7.605552673339844e-05,1.8819410800933838,0.06274217499958468,0.014715342000272358
1784807501.1608248,61.064472913742065,-77.2,-0.0772,-77.2,-0.07720019373095724,-77.20019373095724,-0.07720019373095724,-77.20019373095724,-0.131,-0.13102568302481638,-0.13102568302481638,-0.0002707510268307056,0.03158811908216906,-0.07720019373095724,-4.8735184829527e-06,-0.14412825132729803,0.00037905742898602875,1.0,0.018,1.1,0.012,nan,0.3217657896342716,0.3217657896342716,0.3217657896342716,0.3095098634003264,0.3334999978542328,0.22095426114775218,0.22095426114775218,0.1811824941411569,0.21798900721230757,0.2521739602088928,0.3068513770067983,0.30049553180909266,0.3068513770067983,0.3366802022617449,0.3299212288306402,0.3366802022617449,0.0,0.0,-0.17560733500978512,-0.17004009910084067,0.0,0.0,nan,1.0,0.0,-1.107094105177945,0.6435315792685432,0.9950000047683716,1.0,0,1,1,0,2.352147102355957,-8.423062324523926,-1.9765924276381959,FOLLOW_MAIN,cascade_pd_tracking,follow_main,inner_wheel_pd,lidar_disabled,FOLLOW_MAIN,COMMITTED,HOLD,1,1,1,1,1,1,1,1.8797509670257568,1.5134758949279785,1.1283371448516846,0.7451586723327637,0.37256813049316406,8.535385131835938e-05,0.06274217499958468,0.014715342000272358
1784807501.5420468,61.44569492340088,-77.2,-0.0772,-77.2,-0.07720019373095724,-77.20019373095724,-0.07720019373095724,-77.20019373095724,-0.131,-0.13102568302481638,-0.13102568302481638,-0.0002707510268307056,0.03158811908216906,-0.07720019373095724,-4.8735184829527e-06,-0.14412825132729803,0.00037905742898602875,1.0,0.018,1.1,0.012,nan,0.3217657896342716,0.3217657896342716,0.3217657896342716,0.3095098634003264,0.3334999978542328,0.22095426114775218,0.22095426114775218,0.1811824941411569,0.21798900721230757,0.2521739602088928,0.3068513770067983,0.30049553180909266,0.3068513770067983,0.3366802022617449,0.3299212288306402,0.3366802022617449,0.0,0.0,-0.17560733500978512,-0.17004009910084067,0.0,0.0,nan,1.0,0.0,-1.107094105177945,0.6435315792685432,0.9950000047683716,1.0,0,1,1,0,2.352147102355957,-8.423062324523926,-1.9765924276381959,FOLLOW_MAIN,cascade_pd_tracking,follow_main,inner_wheel_pd,lidar_disabled,FOLLOW_MAIN,COMMITTED,HOLD,1,1,1,1,1,1,1,7.200241088867188e-05,1.8946995735168457,1.5095608234405518,1.1263823509216309,0.7537920475006104,0.38130903244018555,0.06274217499958468,0.014715342000272358
1784807501.9336858,61.8373339176178,-102.30000000000001,-0.10230000000000002,-102.30000000000001,-0.1022999534043548,-102.2999534043548,-0.1022999534043548,-102.2999534043548,-0.17300000000000001,-0.17299992936894115,-0.17299992936894115,-0.0005558226395287007,-0.0008862941156293077,-0.1022999534043548,-1.0004807511516612e-05,-0.19029992230583528,-1.0635529387551693e-05,1.0,0.018,1.1,0.012,nan,0.2693683151965157,0.2693683151965157,0.2693683151965157,0.3095098634003264,0.2718749940395355,0.29262051604708916,0.29262051604708916,0.23994882315861316,0.21798900721230757,0.28369560837745667,0.2496164303633372,0.24704995290422907,0.2496164303633372,0.28912020002969424,0.28679433528061576,0.28912020002969424,0.0,0.0,-0.023508432310692766,0.019799954622302524,0.0,0.0,nan,1.0,0.0,-0.6367327526623326,0.5387366303930314,4.7769999504089355,1.0,0,1,1,0,2.1105587482452393,-9.0171537399292,-1.9765924276381959,FOLLOW_MAIN,cascade_pd_tracking,follow_main,inner_wheel_pd,lidar_disabled,FOLLOW_MAIN,COMMITTED,HOLD,1,1,1,1,1,1,1,0.391704797744751,7.104873657226562e-05,1.901193618774414,1.5180151462554932,1.1454250812530518,0.772942066192627,0.03554081299989775,0.13699407000058272
1784807502.333491,62.2371392250061,-102.30000000000001,-0.10230000000000002,-102.30000000000001,-0.1022999534043548,-102.2999534043548,-0.1022999534043548,-102.2999534043548,-0.17300000000000001,-0.17299992936894115,-0.17299992936894115,-0.0005558226395287007,-0.0008862941156293077,-0.1022999534043548,-1.0004807511516612e-05,-0.19029992230583528,-1.0635529387551693e-05,1.0,0.018,1.1,0.012,nan,0.2693683151965157,0.2693683151965157,0.2693683151965157,0.3095098634003264,0.2718749940395355,0.29262051604708916,0.29262051604708916,0.23994882315861316,0.21798900721230757,0.28369560837745667,0.2496164303633372,0.24704995290422907,0.2496164303633372,0.28912020002969424,0.28679433528061576,0.28912020002969424,0.0,0.0,-0.023508432310692766,0.019799954622302524,0.0,0.0,nan,1.0,0.0,-0.6367327526623326,0.5387366303930314,4.7769999504089355,1.0,0,1,1,0,2.1105587482452393,-9.0171537399292,-1.9765924276381959,FOLLOW_MAIN,cascade_pd_tracking,follow_main,inner_wheel_pd,lidar_disabled,FOLLOW_MAIN,COMMITTED,HOLD,1,1,1,1,1,1,1,0.7915160655975342,0.39988231658935547,7.319450378417969e-05,1.9178264141082764,1.545236349105835,1.1727533340454102,0.03554081299989775,0.13699407000058272
1784807502.712433,62.61608123779297,-102.30000000000001,-0.10230000000000002,-102.30000000000001,-0.1022999534043548,-102.2999534043548,-0.1022999534043548,-102.2999534043548,-0.17300000000000001,-0.17299992936894115,-0.17299992936894115,-0.0005558226395287007,-0.0008862941156293077,-0.1022999534043548,-1.0004807511516612e-05,-0.19029992230583528,-1.0635529387551693e-05,1.0,0.018,1.1,0.012,nan,0.2693683151965157,0.2693683151965157,0.2693683151965157,0.26935879503792887,0.2718749940395355,0.29262051604708916,0.29262051604708916,0.23994882315861316,0.23993300511582413,0.28369560837745667,0.2496164303633372,0.24704995290422907,0.2496164303633372,0.28912020002969424,0.28679433528061576,0.28912020002969424,0.0,0.0,-0.023508432310692766,0.019799954622302524,0.0,0.0,nan,1.0,0.0,-0.6367327526623326,0.5387366303930314,4.7769999504089355,1.0,0,1,1,0,2.1105587482452393,-9.0171537399292,-1.9765924276381959,FOLLOW_MAIN,cascade_pd_tracking,follow_main,inner_wheel_pd,lidar_disabled,FOLLOW_MAIN,COMMITTED,HOLD,1,1,1,1,1,1,1,1.1704719066619873,0.7788386344909668,0.3790297508239746,0.00010275840759277344,1.9241931438446045,1.5517103672027588,0.03554081299989775,0.13699407000058272
1784807503.1055589,63.009207010269165,-102.30000000000001,-0.10230000000000002,-102.30000000000001,-0.1022999534043548,-102.2999534043548,-0.1022999534043548,-102.2999534043548,-0.17300000000000001,-0.17299992936894115,-0.17299992936894115,-0.0005558226395287007,-0.0008862941156293077,-0.1022999534043548,-1.0004807511516612e-05,-0.19029992230583528,-1.0635529387551693e-05,1.0,0.018,1.1,0.012,nan,0.2693683151965157,0.2693683151965157,0.2693683151965157,0.26935879503792887,0.2718749940395355,0.29262051604708916,0.29262051604708916,0.23994882315861316,0.23993300511582413,0.28369560837745667,0.2496164303633372,0.24704995290422907,0.2496164303633372,0.28912020002969424,0.28679433528061576,0.28912020002969424,0.0,0.0,-0.023508432310692766,0.019799954622302524,0.0,0.0,nan,1.0,0.0,-0.6367327526623326,0.5387366303930314,4.7769999504089355,1.0,0,1,1,0,2.1105587482452393,-9.0171537399292,-1.2234753352121472,FOLLOW_MAIN,cascade_pd_tracking,follow_main,inner_wheel_pd,lidar_disabled,FOLLOW_MAIN,COMMITTED,HOLD,1,1,1,1,1,1,1,1.5635864734649658,1.1719534397125244,0.7721445560455322,0.3932175636291504,8.726119995117188e-05,1.944824457168579,0.03554081299989775,0.13699407000058272
1784807503.4765184,63.38016653060913,-102.30000000000001,-0.10230000000000002,-102.30000000000001,-0.1022999534043548,-102.2999534043548,-0.1022999534043548,-102.2999534043548,-0.17300000000000001,-0.17299992936894115,-0.17299992936894115,-0.0005558226395287007,-0.0008862941156293077,-0.1022999534043548,-1.0004807511516612e-05,-0.19029992230583528,-1.0635529387551693e-05,1.0,0.018,1.1,0.012,nan,0.2693683151965157,0.2693683151965157,0.2693683151965157,0.26935879503792887,0.2718749940395355,0.29262051604708916,0.29262051604708916,0.23994882315861316,0.23993300511582413,0.28369560837745667,0.2496164303633372,0.24704995290422907,0.2496164303633372,0.28912020002969424,0.28679433528061576,0.28912020002969424,0.0,0.0,-0.023508432310692766,0.019799954622302524,0.0,0.0,nan,1.0,0.0,-0.6367327526623326,0.5387366303930314,4.7769999504089355,1.0,0,1,1,0,2.1105587482452393,-9.0171537399292,-1.2234753352121472,FOLLOW_MAIN,cascade_pd_tracking,follow_main,inner_wheel_pd,lidar_disabled,FOLLOW_MAIN,COMMITTED,HOLD,1,1,1,1,1,1,1,1.9345567226409912,1.5429229736328125,1.1431138515472412,0.7641868591308594,0.37105631828308105,8.869171142578125e-05,0.03554081299989775,0.13699407000058272
1784807503.8508396,63.75448775291443,-102.30000000000001,-0.10230000000000002,-102.30000000000001,-0.1022999534043548,-102.2999534043548,-0.1022999534043548,-102.2999534043548,-0.17300000000000001,-0.17299992936894115,-0.17299992936894115,-0.0005558226395287007,-0.0008862941156293077,-0.1022999534043548,-1.0004807511516612e-05,-0.19029992230583528,-1.0635529387551693e-05,1.0,0.018,1.1,0.012,nan,0.2693683151965157,0.2693683151965157,0.2693683151965157,0.26935879503792887,0.2718749940395355,0.29262051604708916,0.29262051604708916,0.23994882315861316,0.23993300511582413,0.28369560837745667,0.2496164303633372,0.24704995290422907,0.2496164303633372,0.28912020002969424,0.28679433528061576,0.28912020002969424,0.0,0.0,-0.023508432310692766,0.019799954622302524,0.0,0.0,nan,1.0,0.0,-0.6367327526623326,0.5387366303930314,4.7769999504089355,1.0,0,1,1,0,2.1105587482452393,-9.0171537399292,-1.2234753352121472,FOLLOW_MAIN,cascade_pd_tracking,follow_main,inner_wheel_pd,lidar_disabled,FOLLOW_MAIN,COMMITTED,HOLD,1,1,1,1,1,1,1,8.296966552734375e-05,1.9172375202178955,1.5174286365509033,1.1385014057159424,0.7453711032867432,0.3744032382965088,0.03554081299989775,0.13699407000058272
1784807504.22764,64.13128805160522,-102.30000000000001,-0.10230000000000002,-102.30000000000001,-0.10229999999999978,-102.29999999999978,-0.10229999999999978,-102.29999999999978,-0.17300000000000001,-0.17299999999999965,-0.17299999999999965,-1.565296414722788e-07,-2.495897893671813e-07,-0.10229999999999978,-2.817533546501018e-09,-0.19029999999999964,-2.9950774724061754e-09,1.0,0.018,1.1,0.012,nan,0.269358728895436,0.269358728895436,0.2697902436648564,0.26935879503792887,0.2646249830722809,0.2926000058126104,0.2926000058126104,0.24517411011337342,0.23993300511582413,0.22065211832523346,0.24960822850308478,0.2486353185835526,0.24960822850308478,0.2891092292877872,0.2804789338993797,0.28997225882662797,0.0,0.008630295388407483,0.004207982109682575,0.04654641202930584,0.0,0.0008630295388407484,nan,1.0,0.0,-0.6367327526623326,0.538717457790872,3.7019999027252197,1.0,0,1,1,0,2.3117618560791016,-9.625520706176758,-1.2234753352121472,FOLLOW_MAIN,cascade_pd_tracking,follow_main,inner_wheel_pd,lidar_disabled,FOLLOW_MAIN,COMMITTED,HOLD,1,1,1,1,1,1,1,0.37686991691589355,7.486343383789062e-05,1.8942153453826904,1.5152881145477295,1.1221578121185303,0.751190185546875,0.0482740190000186,0.036121982000622666
1784807506.7090523,66.61270046234131,-102.30000000000001,-0.10230000000000002,-102.30000000000001,-0.10229999999999978,-102.29999999999978,-0.10229999999999978,-102.29999999999978,-0.17300000000000001,-0.17299999999999965,-0.17299999999999965,-1.565296414722788e-07,-2.495897893671813e-07,-0.10229999999999978,-2.817533546501018e-09,-0.19029999999999964,-2.9950774724061754e-09,1.0,0.018,1.1,0.012,nan,0.269358728895436,0.269358728895436,0.2697902436648564,0.26935879503792887,0.2646249830722809,0.2926000058126104,0.2926000058126104,0.24517411011337342,0.23993300511582413,0.22065211832523346,0.24960822850308478,0.2486353185835526,0.24960822850308478,0.2891092292877872,0.2804789338993797,0.28997225882662797,0.0,0.008630295388407483,0.004207982109682575,0.04654641202930584,0.0,0.0008630295388407484,nan,1.0,0.0,-0.6367327526623326,0.538717457790872,3.7019999027252197,1.0,0,1,1,0,2.3117618560791016,-9.625520706176758,-1.2234753352121472,FOLLOW_MAIN,cascade_pd_tracking,follow_main,inner_wheel_pd,lidar_disabled,FOLLOW_MAIN,COMMITTED,HOLD,1,1,1,1,1,1,1,2.858293056488037,2.4814977645874023,7.891654968261719e-05,3.996711254119873,3.603580951690674,3.2326133251190186,0.0482740190000186,0.036121982000622666
1784807507.087825,66.99147319793701,-102.30000000000001,-0.10230000000000002,-102.30000000000001,-0.10229999999999978,-102.29999999999978,-0.10229999999999978,-102.29999999999978,-0.17300000000000001,-0.17299999999999965,-0.17299999999999965,-1.565296414722788e-07,-2.495897893671813e-07,-0.10229999999999978,-2.817533546501018e-09,-0.19029999999999964,-2.9950774724061754e-09,1.0,0.018,1.1,0.012,nan,0.269358728895436,0.269358728895436,0.2697902436648564,0.2680403359695491,0.2646249830722809,0.2926000058126104,0.2926000058126104,0.24517411011337342,0.24372866910013166,0.22065211832523346,0.24960822850308478,0.2486353185835526,0.24960822850308478,0.2891092292877872,0.2804789338993797,0.28997225882662797,0.0,0.008630295388407483,0.004207982109682575,0.04654641202930584,0.0,0.0008630295388407484,nan,1.0,0.0,-0.6367327526623326,0.538717457790872,3.7019999027252197,1.0,0,1,1,0,2.3117618560791016,-9.625520706176758,-1.2234753352121472,FOLLOW_MAIN,cascade_pd_tracking,follow_main,inner_wheel_pd,lidar_disabled,FOLLOW_MAIN,COMMITTED,HOLD,1,1,1,1,1,1,1,3.2370622158050537,2.860266923904419,0.3788483142852783,7.104873657226562e-05,3.9823505878448486,3.6113829612731934,0.0482740190000186,0.036121982000622666
1784807507.4453855,67.34903359413147,-102.30000000000001,-0.10230000000000002,-102.30000000000001,-0.10229999999999978,-102.29999999999978,-0.10229999999999978,-102.29999999999978,-0.17300000000000001,-0.17299999999999965,-0.17299999999999965,-1.565296414722788e-07,-2.495897893671813e-07,-0.10229999999999978,-2.817533546501018e-09,-0.19029999999999964,-2.9950774724061754e-09,1.0,0.018,1.1,0.012,nan,0.269358728895436,0.269358728895436,0.2697902436648564,0.2680403359695491,0.2646249830722809,0.2926000058126104,0.2926000058126104,0.24517411011337342,0.24372866910013166,0.22065211832523346,0.24960822850308478,0.2486353185835526,0.24960822850308478,0.2891092292877872,0.2804789338993797,0.28997225882662797,0.0,0.008630295388407483,0.004207982109682575,0.04654641202930584,0.0,0.0008630295388407484,nan,1.0,0.0,-0.6367327526623326,0.538717457790872,3.7019999027252197,1.0,0,1,1,0,2.3117618560791016,-9.625520706176758,-0.14089281133982548,FOLLOW_MAIN,cascade_pd_tracking,follow_main,inner_wheel_pd,lidar_disabled,FOLLOW_MAIN,COMMITTED,HOLD,1,1,1,1,1,1,1,3.5946319103240967,3.217836380004883,0.7364175319671631,0.35764026641845703,8.797645568847656e-05,3.968951940536499,0.0482740190000186,0.036121982000622666
1784807507.838673,67.74232125282288,-102.30000000000001,-0.10230000000000002,-102.30000000000001,-0.10229999999999978,-102.29999999999978,-0.10229999999999978,-102.29999999999978,-0.17300000000000001,-0.17299999999999965,-0.17299999999999965,-1.565296414722788e-07,-2.495897893671813e-07,-0.10229999999999978,-2.817533546501018e-09,-0.19029999999999964,-2.9950774724061754e-09,1.0,0.018,1.1,0.012,nan,0.269358728895436,0.269358728895436,0.2697902436648564,0.2680403359695491,0.2646249830722809,0.2926000058126104,0.2926000058126104,0.24517411011337342,0.24372866910013166,0.22065211832523346,0.24960822850308478,0.2486353185835526,0.24960822850308478,0.2891092292877872,0.2804789338993797,0.28997225882662797,0.0,0.008630295388407483,0.004207982109682575,0.04654641202930584,0.0,0.0008630295388407484,nan,1.0,0.0,-0.6367327526623326,0.538717457790872,3.7019999027252197,1.0,0,1,1,0,2.3117618560791016,-9.625520706176758,-0.14089281133982548,FOLLOW_MAIN,cascade_pd_tracking,follow_main,inner_wheel_pd,lidar_disabled,FOLLOW_MAIN,COMMITTED,HOLD,1,1,1,1,1,1,1,3.9879095554351807,3.611114025115967,1.129695177078247,0.750917911529541,0.39336562156677246,7.581710815429688e-05,0.0482740190000186,0.036121982000622666
1784807508.208575,68.11222314834595,-102.30000000000001,-0.10230000000000002,-102.30000000000001,-0.10229999999999978,-102.29999999999978,-0.10229999999999978,-102.29999999999978,-0.17300000000000001,-0.17299999999999965,-0.17299999999999965,-1.565296414722788e-07,-2.495897893671813e-07,-0.10229999999999978,-2.817533546501018e-09,-0.19029999999999964,-2.9950774724061754e-09,1.0,0.018,1.1,0.012,nan,0.269358728895436,0.269358728895436,0.2697902436648564,0.2680403359695491,0.2646249830722809,0.2926000058126104,0.2926000058126104,0.24517411011337342,0.24372866910013166,0.22065211832523346,0.24960822850308478,0.2486353185835526,0.24960822850308478,0.2891092292877872,0.2804789338993797,0.28997225882662797,0.0,0.008630295388407483,0.004207982109682575,0.04654641202930584,0.0,0.0008630295388407484,nan,1.0,0.0,-0.6367327526623326,0.538717457790872,3.7019999027252197,1.0,0,1,1,0,2.3117618560791016,-9.625520706176758,-0.14089281133982548,FOLLOW_MAIN,cascade_pd_tracking,follow_main,inner_wheel_pd,lidar_disabled,FOLLOW_MAIN,COMMITTED,HOLD,1,1,1,1,1,1,1,6.985664367675781e-05,3.981015920639038,1.4995970726013184,1.1208198070526123,0.7632675170898438,0.3699772357940674,0.0482740190000186,0.036121982000622666
1784807508.594291,68.49793910980225,-102.30000000000001,-0.10230000000000002,-102.30000000000001,-0.10230000000000002,-102.30000000000001,-0.10230000000000002,-102.30000000000001,-0.17300000000000001,-0.17300000000000001,-0.17300000000000001,-3.571594977712824e-14,-5.698071766293535e-14,-0.10230000000000002,-6.428870959883083e-16,-0.19030000000000002,-6.837686119552241e-16,1.0,0.018,1.1,0.012,nan,0.269358728889866,0.269358728889866,0.269358728889866,0.2680403359695491,0.2718749940395355,0.29260000000000136,0.29260000000000136,0.2399320000000012,0.24372866910013166,0.22065217792987823,0.24960822888986592,0.25631662989350523,0.24960822888986592,0.2891092288898661,0.2875198472854106,0.2891092288898661,0.0,0.0,1.241024316452225e-05,-0.0034333935893483387,0.0,0.0,nan,1.0,0.0,-0.6367327526623326,0.538717457779732,4.353000164031982,1.0,0,1,1,0,3.3352668285369873,-10.085285186767578,-0.14089281133982548,FOLLOW_MAIN,cascade_pd_tracking,follow_main,inner_wheel_pd,lidar_disabled,FOLLOW_MAIN,COMMITTED,HOLD,1,1,1,1,1,1,1,0.3857884407043457,7.557868957519531e-05,1.8853154182434082,1.5065381526947021,1.1489858627319336,0.7556958198547363,0.14559489299972483,0.04690144100004545
1784807508.9834232,68.88707137107849,-102.30000000000001,-0.10230000000000002,-102.30000000000001,-0.10230000000000002,-102.30000000000001,-0.10230000000000002,-102.30000000000001,-0.17300000000000001,-0.17300000000000001,-0.17300000000000001,-3.571594977712824e-14,-5.698071766293535e-14,-0.10230000000000002,-6.428870959883083e-16,-0.19030000000000002,-6.837686119552241e-16,1.0,0.018,1.1,0.012,nan,0.269358728889866,0.269358728889866,0.269358728889866,0.2680403359695491,0.2718749940395355,0.29260000000000136,0.29260000000000136,0.2399320000000012,0.24372866910013166,0.22065217792987823,0.24960822888986592,0.25631662989350523,0.24960822888986592,0.2891092288898661,0.2875198472854106,0.2891092288898661,0.0,0.0,1.241024316452225e-05,-0.0034333935893483387,0.0,0.0,nan,1.0,0.0,-0.6367327526623326,0.538717457779732,4.353000164031982,1.0,0,1,1,0,3.3352668285369873,-10.085285186767578,-0.14089281133982548,FOLLOW_MAIN,cascade_pd_tracking,follow_main,inner_wheel_pd,lidar_disabled,FOLLOW_MAIN,COMMITTED,HOLD,1,1,1,1,1,1,1,0.7749438285827637,0.38923120498657227,0.00010585784912109375,1.8956937789916992,1.5381417274475098,1.1448516845703125,0.14559489299972483,0.04690144100004545
1784807509.3612344,69.26488256454468,-102.30000000000001,-0.10230000000000002,-102.30000000000001,-0.10230000000000002,-102.30000000000001,-0.10230000000000002,-102.30000000000001,-0.17300000000000001,-0.17300000000000001,-0.17300000000000001,-3.571594977712824e-14,-5.698071766293535e-14,-0.10230000000000002,-6.428870959883083e-16,-0.19030000000000002,-6.837686119552241e-16,1.0,0.018,1.1,0.012,nan,0.269358728889866,0.269358728889866,0.269358728889866,0.269358728889866,0.2718749940395355,0.29260000000000136,0.29260000000000136,0.2399320000000012,0.239932,0.22065217792987823,0.24960822888986592,0.25631662989350523,0.24960822888986592,0.2891092288898661,0.2875198472854106,0.2891092288898661,0.0,0.0,1.241024316452225e-05,-0.0034333935893483387,0.0,0.0,nan,1.0,0.0,-0.6367327526623326,0.538717457779732,4.353000164031982,1.0,0,1,1,0,3.3352668285369873,-10.085285186767578,-0.14089281133982548,FOLLOW_MAIN,cascade_pd_tracking,follow_main,inner_wheel_pd,lidar_disabled,FOLLOW_MAIN,COMMITTED,HOLD,1,1,1,1,1,1,1,1.1527576446533203,0.767045259475708,0.37792015075683594,0.00013685226440429688,1.9159564971923828,1.5226669311523438,0.14559489299972483,0.04690144100004545
1784807509.7436724,69.64732050895691,-102.30000000000001,-0.10230000000000002,-102.30000000000001,-0.10230000000000002,-102.30000000000001,-0.10230000000000002,-102.30000000000001,-0.17300000000000001,-0.17300000000000001,-0.17300000000000001,-3.571594977712824e-14,-5.698071766293535e-14,-0.10230000000000002,-6.428870959883083e-16,-0.19030000000000002,-6.837686119552241e-16,1.0,0.018,1.1,0.012,nan,0.269358728889866,0.269358728889866,0.269358728889866,0.269358728889866,0.2718749940395355,0.29260000000000136,0.29260000000000136,0.2399320000000012,0.239932,0.22065217792987823,0.24960822888986592,0.25631662989350523,0.24960822888986592,0.2891092288898661,0.2875198472854106,0.2891092288898661,0.0,0.0,1.241024316452225e-05,-0.0034333935893483387,0.0,0.0,nan,1.0,0.0,-0.6367327526623326,0.538717457779732,4.353000164031982,1.0,0,1,1,0,3.3352668285369873,-10.085285186767578,0.40679805942304414,FOLLOW_MAIN,cascade_pd_tracking,follow_main,inner_wheel_pd,lidar_disabled,FOLLOW_MAIN,COMMITTED,HOLD,1,1,1,1,1,1,1,1.5351645946502686,1.1494519710540771,0.7603263854980469,0.38254308700561523,7.2479248046875e-05,1.90507173538208,0.14559489299972483,0.04690144100004545
1784807510.1289616,70.03260970115662,-102.30000000000001,-0.10230000000000002,-102.30000000000001,-0.10230000000000002,-102.30000000000001,-0.10230000000000002,-102.30000000000001,-0.17300000000000001,-0.17300000000000001,-0.17300000000000001,-3.571594977712824e-14,-5.698071766293535e-14,-0.10230000000000002,-6.428870959883083e-16,-0.19030000000000002,-6.837686119552241e-16,1.0,0.018,1.1,0.012,nan,0.269358728889866,0.269358728889866,0.269358728889866,0.269358728889866,0.2718749940395355,0.29260000000000136,0.29260000000000136,0.2399320000000012,0.239932,0.22065217792987823,0.24960822888986592,0.25631662989350523,0.24960822888986592,0.2891092288898661,0.2875198472854106,0.2891092288898661,0.0,0.0,1.241024316452225e-05,-0.0034333935893483387,0.0,0.0,nan,1.0,0.0,-0.6367327526623326,0.538717457779732,4.353000164031982,1.0,0,1,1,0,3.3352668285369873,-10.085285186767578,0.40679805942304414,FOLLOW_MAIN,cascade_pd_tracking,follow_main,inner_wheel_pd,lidar_disabled,FOLLOW_MAIN,COMMITTED,HOLD,1,1,1,1,1,1,1,1.9204540252685547,1.5347414016723633,1.145615816116333,0.7678325176239014,0.3853621482849121,7.343292236328125e-05,0.14559489299972483,0.04690144100004545
1784807510.5132174,70.4168655872345,-102.30000000000001,-0.10230000000000002,-102.30000000000001,-0.10230000000000002,-102.30000000000001,-0.10230000000000002,-102.30000000000001,-0.17300000000000001,-0.17300000000000001,-0.17300000000000001,-3.571594977712824e-14,-5.698071766293535e-14,-0.10230000000000002,-6.428870959883083e-16,-0.19030000000000002,-6.837686119552241e-16,1.0,0.018,1.1,0.012,nan,0.269358728889866,0.269358728889866,0.269358728889866,0.269358728889866,0.2718749940395355,0.29260000000000136,0.29260000000000136,0.2399320000000012,0.239932,0.22065217792987823,0.24960822888986592,0.25631662989350523,0.24960822888986592,0.2891092288898661,0.2875198472854106,0.2891092288898661,0.0,0.0,1.241024316452225e-05,-0.0034333935893483387,0.0,0.0,nan,1.0,0.0,-0.6367327526623326,0.538717457779732,4.353000164031982,1.0,0,1,1,0,3.3352668285369873,-10.085285186767578,0.40679805942304414,FOLLOW_MAIN,cascade_pd_tracking,follow_main,inner_wheel_pd,lidar_disabled,FOLLOW_MAIN,COMMITTED,HOLD,1,1,1,1,1,1,1,6.604194641113281e-05,1.9189989566802979,1.5298733711242676,1.152090072631836,0.7696197032928467,0.38433122634887695,0.14559489299972483,0.04690144100004545
1784807510.9736063,70.87725448608398,-102.30000000000001,-0.10230000000000002,-102.30000000000001,-0.10230000000000002,-102.30000000000001,-0.10230000000000002,-102.30000000000001,-0.17300000000000001,-0.17300000000000001,-0.17300000000000001,-2.1447275344546555e-18,-8.13386990746375e-18,-0.10230000000000002,-3.86050956201838e-20,-0.19030000000000002,-9.7606438889565e-20,1.0,0.018,1.1,0.012,nan,0.269358728889866,0.269358728889866,0.269358728889866,0.269358728889866,0.27912500500679016,0.2926,0.2926,0.239932,0.239932,0.28369569778442383,0.249608228889866,0.25295509977309166,0.249608228889866,0.289109228889866,0.28601621957561724,0.289109228889866,0.0,0.0,0.00016441299503809593,-0.02525797797816332,0.0,0.0,nan,1.0,0.0,-0.6367327526623326,0.538717457779732,4.3520002365112305,1.0,0,1,1,0,3.9108972549438477,-9.852529525756836,0.40679805942304414,FOLLOW_MAIN,cascade_pd_tracking,follow_main,inner_wheel_pd,lidar_disabled,FOLLOW_MAIN,COMMITTED,HOLD,1,1,1,1,1,1,1,0.4604485034942627,6.937980651855469e-05,1.9902558326721191,1.6124725341796875,1.2300019264221191,0.8447134494781494,0.025051651000467245,0.08196758600024623
1784807511.3987455,71.30239367485046,-102.30000000000001,-0.10230000000000002,-102.30000000000001,-0.10230000000000002,-102.30000000000001,-0.10230000000000002,-102.30000000000001,-0.17300000000000001,-0.17300000000000001,-0.17300000000000001,-2.1447275344546555e-18,-8.13386990746375e-18,-0.10230000000000002,-3.86050956201838e-20,-0.19030000000000002,-9.7606438889565e-20,1.0,0.018,1.1,0.012,nan,0.269358728889866,0.269358728889866,0.269358728889866,0.269358728889866,0.27912500500679016,0.2926,0.2926,0.239932,0.239932,0.28369569778442383,0.249608228889866,0.25295509977309166,0.249608228889866,0.289109228889866,0.28601621957561724,0.289109228889866,0.0,0.0,0.00016441299503809593,-0.02525797797816332,0.0,0.0,nan,1.0,0.0,-0.6367327526623326,0.538717457779732,4.3520002365112305,1.0,0,1,1,0,3.9108972549438477,-9.852529525756836,0.40679805942304414,FOLLOW_MAIN,cascade_pd_tracking,follow_main,inner_wheel_pd,lidar_disabled,FOLLOW_MAIN,COMMITTED,HOLD,1,1,1,1,1,1,1,0.8855953216552734,0.4252159595489502,6.771087646484375e-05,2.037619113922119,1.655148983001709,1.2698605060577393,0.025051651000467245,0.08196758600024623
1784807511.8128057,71.71645379066467,-102.30000000000001,-0.10230000000000002,-102.30000000000001,-0.10230000000000002,-102.30000000000001,-0.10230000000000002,-102.30000000000001,-0.17300000000000001,-0.17300000000000001,-0.17300000000000001,-2.1447275344546555e-18,-8.13386990746375e-18,-0.10230000000000002,-3.86050956201838e-20,-0.19030000000000002,-9.7606438889565e-20,1.0,0.018,1.1,0.012,nan,0.269358728889866,0.269358728889866,0.269358728889866,0.26935872888986595,0.27912500500679016,0.2926,0.2926,0.239932,0.239932,0.28369569778442383,0.249608228889866,0.25295509977309166,0.249608228889866,0.289109228889866,0.28601621957561724,0.289109228889866,0.0,0.0,0.00016441299503809593,-0.02525797797816332,0.0,0.0,nan,1.0,0.0,-0.6367327526623326,0.538717457779732,4.3520002365112305,1.0,0,1,1,0,3.9108972549438477,-9.852529525756836,0.40679805942304414,FOLLOW_MAIN,cascade_pd_tracking,follow_main,inner_wheel_pd,lidar_disabled,FOLLOW_MAIN,COMMITTED,HOLD,1,1,1,1,1,1,1,1.2996909618377686,0.8393118381500244,0.41416335105895996,0.00012183189392089844,2.069244623184204,1.6839563846588135,0.025051651000467245,0.08196758600024623
